tile_id,region,placement,anchor_count,repeat,seed,valid_pixels,anchor_row_std,anchor_col_std,anchor_spread_px,anchor_min_pairwise_px,anchor_mean_pairwise_px,anchor_agl_min_m,anchor_agl_max_m,anchor_agl_mean_m,anchor_agl_std_m,anchor_agl_range_m,anchor_agl_p25_m,anchor_agl_median_m,anchor_agl_p75_m,slope_m_per_dav2,intercept_m,eval_pixels_all,eval_pixels_strict,strict_buffer_radius_px,all_mae_m,all_rmse_m,all_bias_m,all_pearson,all_spearman,strict_mae_m,strict_rmse_m,strict_bias_m,strict_pearson,strict_spearman,truth_path,depth_path,anchor_file
JAX_004_006,JAX,grid,30,0,,1040639,291.59903977894027,289.9137802864845,411.1933851608024,170.0,542.1995331515387,0.0,17.81399917602539,4.360157489776611,6.506900787353516,17.81399917602539,0.01942386105656624,0.07593873143196106,7.465491771697998,26.41601238274944,-4.462942257192218,1040609,1016866,16,2.670046897787299,3.6365229397647365,-0.02752110725585009,0.7252757711662104,0.6247986470764523,2.662309714781943,3.6204137945630204,-0.01759556949698434,0.723790926211385,0.6240686469124921,/Users/anweshasaha/projects/DepthWizard2/data/dfc2019/raw/Truth/Track1-Truth/JAX_004_006_AGL.tif,/Users/anweshasaha/projects/DepthWizard2/data/dfc2019/experiments/dav2_baseline/depth/JAX_004_006_depth.npy,/Users/anweshasaha/projects/DepthWizard2/data/dfc2019/experiments/sparse_anchor_robust_ext/anchors/JAX_004_006_grid_30_00.json
JAX_004_014,JAX,grid,30,0,,1040261,291.59903977894027,289.9137802864845,411.1933851608024,170.0,542.1995331515387,0.0,14.52800178527832,4.640291690826416,5.312454700469971,14.52800178527832,0.24373862147331238,2.249023914337158,9.13960075378418,34.352709919125,-5.165355253295856,1040231,1016439,16,2.3316677882804586,3.353958383182512,-0.18501423403756953,0.8142916938726518,0.7292815461669602,2.330819381900341,3.3543345071772412,-0.18511555429225474,0.8144061357945813,0.7268456426304728,/Users/anweshasaha/projects/DepthWizard2/data/dfc2019/raw/Truth/Track1-Truth/JAX_004_014_AGL.tif,/Users/anweshasaha/projects/DepthWizard2/data/dfc2019/experiments/dav2_baseline/depth/JAX_004_014_depth.npy,/Users/anweshasaha/projects/DepthWizard2/data/dfc2019/experiments/sparse_anchor_robust_ext/anchors/JAX_004_014_grid_30_00.json
JAX_004_016,JAX,grid,30,0,,1040841,291.59903977894027,289.9137802864845,411.1933851608024,170.0,542.1995331515387,0.0,22.724231719970703,4.136327266693115,6.42627477645874,22.724231719970703,0.029430482536554337,0.7265383005142212,5.150656700134277,29.90967233277356,-5.194190424707072,1040811,1017079,16,2.9812030088010024,4.090905916762042,0.24991580083242024,0.6948255819899636,0.5409884406604094,2.9789765565466033,4.0875638881864615,0.26189482205043646,0.6944246643907261,0.5394683180328954,/Users/anweshasaha/projects/DepthWizard2/data/dfc2019/raw/Truth/Track1-Truth/JAX_004_016_AGL.tif,/Users/anweshasaha/projects/DepthWizard2/data/dfc2019/experiments/dav2_baseline/depth/JAX_004_016_depth.npy,/Users/anweshasaha/projects/DepthWizard2/data/dfc2019/experiments/sparse_anchor_robust_ext/anchors/JAX_004_016_grid_30_00.json
JAX_018_012,JAX,grid,30,0,,1038949,291.6088114047463,289.9137802864845,411.20031479668023,170.0,542.2084632891435,0.0,20.387630462646484,2.520573616027832,4.306198596954346,20.387630462646484,0.01006033644080162,0.029530365020036697,3.9881129264831543,14.280697239153707,-2.3925821332549613,1038919,1015253,16,2.499333938091306,3.600417229166247,-0.2200522615921155,0.5813516206550791,0.5721506752643988,2.5024701722295055,3.6073772506013992,-0.2238762793680814,0.5798395279133883,0.5745619969116944,/Users/anweshasaha/projects/DepthWizard2/data/dfc2019/raw/Truth/Track1-Truth/JAX_018_012_AGL.tif,/Users/anweshasaha/projects/DepthWizard2/data/dfc2019/experiments/dav2_baseline/depth/JAX_018_012_depth.npy,/Users/anweshasaha/projects/DepthWizard2/data/dfc2019/experiments/sparse_anchor_robust_ext/anchors/JAX_018_012_grid_30_00.json
JAX_022_009,JAX,grid,30,0,,1040062,291.5502796355297,289.9137802864845,411.1588081940548,170.0,542.1573784405455,0.0,17.143136978149414,4.139845371246338,5.710127353668213,17.143136978149414,0.005362540949136019,0.12740975618362427,7.047703742980957,6.344128777773546,1.5864221096261866,1040032,1016476,16,3.889534183474839,4.7678477127114,0.2213793521186685,0.16529040071305862,0.14630970088470124,3.8813002777891294,4.759454313883852,0.21974349386587214,0.16585231701944048,0.14729474897762612,/Users/anweshasaha/projects/DepthWizard2/data/dfc2019/raw/Truth/Track1-Truth/JAX_022_009_AGL.tif,/Users/anweshasaha/projects/DepthWizard2/data/dfc2019/experiments/dav2_baseline/depth/JAX_022_009_depth.npy,/Users/anweshasaha/projects/DepthWizard2/data/dfc2019/experiments/sparse_anchor_robust_ext/anchors/JAX_022_009_grid_30_00.json
JAX_031_006,JAX,grid,30,0,,1041600,291.59903977894027,289.9137802864845,411.1933851608024,170.0,542.1995331515387,0.0,18.98062515258789,5.579975605010986,6.727904319763184,18.98062515258789,0.0027788833249360323,2.00345778465271,12.302684783935547,34.35527987295515,-4.101400529845174,1041570,1017876,16,3.6072309332785437,4.952160903864799,0.2630264669630762,0.6267666370182771,0.5528847119130852,3.6217823492064176,4.96794093829963,0.25470621119486686,0.6236576024394935,0.5501161109253463,/Users/anweshasaha/projects/DepthWizard2/data/dfc2019/raw/Truth/Track1-Truth/JAX_031_006_AGL.tif,/Users/anweshasaha/projects/DepthWizard2/data/dfc2019/experiments/dav2_baseline/depth/JAX_031_006_depth.npy,/Users/anweshasaha/projects/DepthWizard2/data/dfc2019/experiments/sparse_anchor_robust_ext/anchors/JAX_031_006_grid_30_00.json
JAX_072_015,JAX,grid,30,0,,1037517,291.59903977894027,289.9137802864845,411.1933851608024,170.0,542.1995331515387,0.0,14.295639991760254,3.3452141284942627,4.174667835235596,14.295639991760254,0.01648537628352642,0.9437828063964844,6.046432018280029,1.9369753739117528,2.5695042597224793,1037487,1013805,16,3.5702363144185907,4.324283603035427,0.243455836030348,0.3907882139905353,0.31031156248387143,3.571697002543471,4.324921396300477,0.2508300381658259,0.3953560854110478,0.31301691912013285,/Users/anweshasaha/projects/DepthWizard2/data/dfc2019/raw/Truth/Track1-Truth/JAX_072_015_AGL.tif,/Users/anweshasaha/projects/DepthWizard2/data/dfc2019/experiments/dav2_baseline/depth/JAX_072_015_depth.npy,/Users/anweshasaha/projects/DepthWizard2/data/dfc2019/experiments/sparse_anchor_robust_ext/anchors/JAX_072_015_grid_30_00.json
JAX_118_012,JAX,grid,30,0,,1037080,291.5407270958134,289.9137802864845,411.15203459980046,169.0,542.1470697529085,0.0,16.499263763427734,1.843255639076233,3.851398468017578,16.499263763427734,0.005130392964929342,0.03459709510207176,0.9320283532142639,17.21841230949421,-2.8373195477867634,1037050,1013375,16,2.2751528106432564,3.2528754814026826,-0.4878707852949143,0.6553208167122544,0.4509451654357421,2.2806519173708204,3.262717391736115,-0.49724603409051804,0.6545842186958535,0.45223700792212135,/Users/anweshasaha/projects/DepthWizard2/data/dfc2019/raw/Truth/Track1-Truth/JAX_118_012_AGL.tif,/Users/anweshasaha/projects/DepthWizard2/data/dfc2019/experiments/dav2_baseline/depth/JAX_118_012_depth.npy,/Users/anweshasaha/projects/DepthWizard2/data/dfc2019/experiments/sparse_anchor_robust_ext/anchors/JAX_118_012_grid_30_00.json
JAX_118_015,JAX,grid,30,0,,1037816,291.59903977894027,289.9137802864845,411.1933851608024,170.0,542.1995331515387,0.0,19.0349178314209,1.807793378829956,3.8745131492614746,19.0349178314209,0.0,0.010395245626568794,2.126984119415283,22.294756644027146,-5.26765582347149,1037786,1014136,16,2.0358621959313195,2.9159464954592593,-0.5750891086080938,0.7433279436752414,0.5507960657366482,2.038298424247275,2.9185223163706553,-0.5858850252738398,0.7449501753616313,0.5541965587430854,/Users/anweshasaha/projects/DepthWizard2/data/dfc2019/raw/Truth/Track1-Truth/JAX_118_015_AGL.tif,/Users/anweshasaha/projects/DepthWizard2/data/dfc2019/experiments/dav2_baseline/depth/JAX_118_015_depth.npy,/Users/anweshasaha/projects/DepthWizard2/data/dfc2019/experiments/sparse_anchor_robust_ext/anchors/JAX_118_015_grid_30_00.json
JAX_149_006,JAX,grid,30,0,,1039135,291.59903977894027,289.9137802864845,411.1933851608024,170.0,542.1995331515387,0.0,16.541423797607422,4.385920524597168,5.391228675842285,16.541423797607422,0.07737626880407333,1.1230099201202393,9.533914566040039,12.071060184513534,1.1945336000756877,1039105,1015359,16,4.171170226399042,5.454919305015296,-1.052610250983117,0.5532857647530378,0.49641410678593817,4.182343206649199,5.474505390440912,-1.0734204302742463,0.5528279919578526,0.4959073183155932,/Users/anweshasaha/projects/DepthWizard2/data/dfc2019/raw/Truth/Track1-Truth/JAX_149_006_AGL.tif,/Users/anweshasaha/projects/DepthWizard2/data/dfc2019/experiments/dav2_baseline/depth/JAX_149_006_depth.npy,/Users/anweshasaha/projects/DepthWizard2/data/dfc2019/experiments/sparse_anchor_robust_ext/anchors/JAX_149_006_grid_30_00.json
JAX_149_025,JAX,grid,30,0,,1039769,291.59903977894027,289.9137802864845,411.1933851608024,170.0,542.1995331515387,0.0,20.656002044677734,5.4455976486206055,6.019402503967285,20.656002044677734,0.12173411250114441,2.78373384475708,9.92955493927002,12.600981148840093,1.6102401709028906,1039739,1015956,16,4.698672731739713,5.789392708825619,-0.23254845191981577,0.4311371853461071,0.37668745232894313,4.696165208005872,5.790871960727774,-0.2354042611820421,0.43123031326775463,0.3773416677450272,/Users/anweshasaha/projects/DepthWizard2/data/dfc2019/raw/Truth/Track1-Truth/JAX_149_025_AGL.tif,/Users/anweshasaha/projects/DepthWizard2/data/dfc2019/experiments/dav2_baseline/depth/JAX_149_025_depth.npy,/Users/anweshasaha/projects/DepthWizard2/data/dfc2019/experiments/sparse_anchor_robust_ext/anchors/JAX_149_025_grid_30_00.json
JAX_161_001,JAX,grid,30,0,,1035341,291.59903977894027,289.9137802864845,411.1933851608024,170.0,542.1995331515387,0.0,9.029382705688477,0.969085693359375,2.1689233779907227,9.029382705688477,0.0,0.014498487114906311,0.18357087671756744,12.56702465381366,-2.3862259577707565,1035311,1011783,16,1.7261528724924646,2.510115582364564,-0.9395309544414816,0.7733008014222211,0.6060900941076226,1.7325504376226104,2.5200033858379514,-0.9509018962899451,0.7742607330663083,0.6079075360797429,/Users/anweshasaha/projects/DepthWizard2/data/dfc2019/raw/Truth/Track1-Truth/JAX_161_001_AGL.tif,/Users/anweshasaha/projects/DepthWizard2/data/dfc2019/experiments/dav2_baseline/depth/JAX_161_001_depth.npy,/Users/anweshasaha/projects/DepthWizard2/data/dfc2019/experiments/sparse_anchor_robust_ext/anchors/JAX_161_001_grid_30_00.json
JAX_164_008,JAX,grid,30,0,,1037470,291.59903977894027,289.86669158233565,411.1601864102224,170.0,542.1534925627232,0.0,59.16969299316406,6.851075649261475,12.841951370239258,59.16969299316406,0.0005777854821644723,1.1611158847808838,5.852977275848389,56.303529687194015,-6.765166616694614,1037440,1014314,16,5.3363936930466265,9.087155107672844,0.7302731155086162,0.7302992358127536,0.6121335911523595,5.347123334514418,9.121311220178091,0.7328710388307432,0.7282521368574968,0.611682570213121,/Users/anweshasaha/projects/DepthWizard2/data/dfc2019/raw/Truth/Track1-Truth/JAX_164_008_AGL.tif,/Users/anweshasaha/projects/DepthWizard2/data/dfc2019/experiments/dav2_baseline/depth/JAX_164_008_depth.npy,/Users/anweshasaha/projects/DepthWizard2/data/dfc2019/experiments/sparse_anchor_robust_ext/anchors/JAX_164_008_grid_30_00.json
JAX_165_015,JAX,grid,30,0,,1042120,291.59903977894027,289.9137802864845,411.1933851608024,170.0,542.1995331515387,0.0,70.64488220214844,13.195221900939941,14.091397285461426,70.64488220214844,1.6123511791229248,11.300996780395508,19.278160095214844,49.84511107408421,-6.432715333684557,1042090,1018359,16,5.600584778298491,7.249909493506128,0.5464774290563716,0.7751342154616244,0.6798261931937092,5.578507191472157,7.21626735005501,0.5764300495192649,0.77400650286368,0.6797608226791998,/Users/anweshasaha/projects/DepthWizard2/data/dfc2019/raw/Truth/Track1-Truth/JAX_165_015_AGL.tif,/Users/anweshasaha/projects/DepthWizard2/data/dfc2019/experiments/dav2_baseline/depth/JAX_165_015_depth.npy,/Users/anweshasaha/projects/DepthWizard2/data/dfc2019/experiments/sparse_anchor_robust_ext/anchors/JAX_165_015_grid_30_00.json
JAX_166_006,JAX,grid,30,0,,1040574,291.56982963872576,289.9137802864845,411.1726712167961,170.0,542.1705360721763,0.0,52.78399658203125,8.376875877380371,12.235669136047363,52.78399658203125,0.01377101894468069,0.6158296465873718,18.53333282470703,54.65584741934858,-2.7191770105712045,1040544,1016792,16,5.341057647854316,10.47634383560276,-1.4533635825638138,0.7978165669150286,0.7846054131224297,5.37957712008178,10.566799890240576,-1.475851806842402,0.7967297131375679,0.7850153993865089,/Users/anweshasaha/projects/DepthWizard2/data/dfc2019/raw/Truth/Track1-Truth/JAX_166_006_AGL.tif,/Users/anweshasaha/projects/DepthWizard2/data/dfc2019/experiments/dav2_baseline/depth/JAX_166_006_depth.npy,/Users/anweshasaha/projects/DepthWizard2/data/dfc2019/experiments/sparse_anchor_robust_ext/anchors/JAX_166_006_grid_30_00.json
JAX_175_002,JAX,grid,30,0,,1039045,291.59903977894027,289.9137802864845,411.1933851608024,170.0,542.1995331515387,0.0,15.66086196899414,2.4426162242889404,4.676688194274902,15.66086196899414,0.003285831306129694,0.027400024235248566,0.3101387619972229,15.422576750062468,-1.3433075029965704,1039015,1015406,16,2.758549168133117,5.841166973143615,-1.185038559276775,0.7017369658269949,0.661902496285789,2.7790140446118867,5.8855600483023585,-1.2037682654608266,0.7020656159729903,0.6614227552726948,/Users/anweshasaha/projects/DepthWizard2/data/dfc2019/raw/Truth/Track1-Truth/JAX_175_002_AGL.tif,/Users/anweshasaha/projects/DepthWizard2/data/dfc2019/experiments/dav2_baseline/depth/JAX_175_002_depth.npy,/Users/anweshasaha/projects/DepthWizard2/data/dfc2019/experiments/sparse_anchor_robust_ext/anchors/JAX_175_002_grid_30_00.json
JAX_204_005,JAX,grid,30,0,,1037431,291.59903977894027,289.9137802864845,411.1933851608024,170.0,542.1995331515387,0.0,15.989095687866211,2.6886179447174072,3.8782176971435547,15.989095687866211,0.044328946620225906,0.8984240293502808,3.7700424194335938,11.350154717418839,-1.4173970129507056,1037401,1013794,16,2.789242120633556,3.778924362325492,0.2618693843712966,0.5588552842395182,0.3748166451367949,2.793334085277125,3.7790964340349573,0.26619135763332974,0.5584052294405883,0.374629989803049,/Users/anweshasaha/projects/DepthWizard2/data/dfc2019/raw/Truth/Track1-Truth/JAX_204_005_AGL.tif,/Users/anweshasaha/projects/DepthWizard2/data/dfc2019/experiments/dav2_baseline/depth/JAX_204_005_depth.npy,/Users/anweshasaha/projects/DepthWizard2/data/dfc2019/experiments/sparse_anchor_robust_ext/anchors/JAX_204_005_grid_30_00.json
JAX_214_015,JAX,grid,30,0,,989067,291.6387872389786,290.0082680813696,411.28819309308864,167.01197561851666,542.3279802046472,0.0,68.08374786376953,9.768320083618164,15.425167083740234,68.08374786376953,0.014413286000490189,2.2912635803222656,15.204207420349121,62.4125314412772,-10.842878494043768,989037,967330,16,7.919715953524705,10.24028463182807,1.2731999430014578,0.7342625248677501,0.7120292371491879,7.927682292412249,10.260005995526276,1.2683148162960645,0.7338923107992006,0.7103957618480178,/Users/anweshasaha/projects/DepthWizard2/data/dfc2019/raw/Truth/Track1-Truth/JAX_214_015_AGL.tif,/Users/anweshasaha/projects/DepthWizard2/data/dfc2019/experiments/dav2_baseline/depth/JAX_214_015_depth.npy,/Users/anweshasaha/projects/DepthWizard2/data/dfc2019/experiments/sparse_anchor_robust_ext/anchors/JAX_214_015_grid_30_00.json
JAX_214_023,JAX,grid,30,0,,997344,291.6283574841255,289.81970640765996,411.1478579673146,170.0,542.1377691965405,0.0,84.96981048583984,10.291943550109863,16.708633422851562,84.96981048583984,0.012946804985404015,5.237722396850586,14.794242858886719,59.37461978598711,-8.106458453451394,997314,974381,16,7.160269908660364,10.784132460170632,1.0376398888565748,0.7222177260138812,0.7446559371274581,7.155990363206845,10.782650154087756,1.0514008638477976,0.7212566294744174,0.7447014431443311,/Users/anweshasaha/projects/DepthWizard2/data/dfc2019/raw/Truth/Track1-Truth/JAX_214_023_AGL.tif,/Users/anweshasaha/projects/DepthWizard2/data/dfc2019/experiments/dav2_baseline/depth/JAX_214_023_depth.npy,/Users/anweshasaha/projects/DepthWizard2/data/dfc2019/experiments/sparse_anchor_robust_ext/anchors/JAX_214_023_grid_30_00.json
JAX_224_025,JAX,grid,30,0,,1036078,291.59903977894027,289.9137802864845,411.1933851608024,170.0,542.1995331515387,0.0,21.664213180541992,2.5164544582366943,5.618823051452637,21.664213180541992,0.0,0.009842945262789726,1.9257723093032837,16.874601167980618,-2.8154462581417814,1036048,1012460,16,3.030277202337649,4.548896702096707,0.15223755054654423,0.5177619048328781,0.41733907698993983,3.025829256792438,4.545007717677738,0.14992625145362787,0.5186411704054037,0.41635489838404954,/Users/anweshasaha/projects/DepthWizard2/data/dfc2019/raw/Truth/Track1-Truth/JAX_224_025_AGL.tif,/Users/anweshasaha/projects/DepthWizard2/data/dfc2019/experiments/dav2_baseline/depth/JAX_224_025_depth.npy,/Users/anweshasaha/projects/DepthWizard2/data/dfc2019/experiments/sparse_anchor_robust_ext/anchors/JAX_224_025_grid_30_00.json
JAX_264_013,JAX,grid,30,0,,1027109,291.59903977894027,289.9137802864845,411.1933851608024,170.0,542.1995331515387,0.0,24.04287338256836,4.367739200592041,5.985978126525879,24.04287338256836,0.0,0.16663393378257751,8.758460998535156,12.59530180179171,-1.4184493162342733,1027079,1003497,16,3.9271761862960064,4.862591133965841,0.6899953338635092,0.4447544953306273,0.3120574849538282,3.9163229030158546,4.850005944280529,0.7024638445632707,0.44443325556425917,0.31224981376491484,/Users/anweshasaha/projects/DepthWizard2/data/dfc2019/raw/Truth/Track1-Truth/JAX_264_013_AGL.tif,/Users/anweshasaha/projects/DepthWizard2/data/dfc2019/experiments/dav2_baseline/depth/JAX_264_013_depth.npy,/Users/anweshasaha/projects/DepthWizard2/data/dfc2019/experiments/sparse_anchor_robust_ext/anchors/JAX_264_013_grid_30_00.json
JAX_269_009,JAX,grid,30,0,,1026620,291.55027963552965,289.9137802864845,411.1588081940548,170.0,542.1516511927908,0.014197402633726597,17.349517822265625,2.347057580947876,4.40076208114624,17.33531951904297,0.06863464415073395,0.10535883903503418,2.242872953414917,10.634202184441582,-0.8735639751822251,1026590,1003111,16,2.857619646069596,4.6092331032167,-0.8904687955876877,0.6078780297133289,0.4475401961671671,2.866594881229293,4.624426887807791,-0.9055824203295936,0.60883802171284,0.4475753358053865,/Users/anweshasaha/projects/DepthWizard2/data/dfc2019/raw/Truth/Track1-Truth/JAX_269_009_AGL.tif,/Users/anweshasaha/projects/DepthWizard2/data/dfc2019/experiments/dav2_baseline/depth/JAX_269_009_depth.npy,/Users/anweshasaha/projects/DepthWizard2/data/dfc2019/experiments/sparse_anchor_robust_ext/anchors/JAX_269_009_grid_30_00.json
JAX_416_009,JAX,grid,30,0,,1040605,291.6283574841255,289.9374051220175,411.23083271780314,170.0,542.2516214823844,0.0,13.09390640258789,2.9026689529418945,3.758148193359375,13.09390640258789,0.006017847917973995,0.24945098161697388,4.652153015136719,7.377599624517306,-0.2987849005701513,1040575,1016862,16,2.6606946754524436,3.437366213840088,-0.18851817568958482,0.5576962493069612,0.46711242702893,2.659446810361175,3.4351049063307153,-0.19278107390631125,0.5609221973472529,0.4693582755524921,/Users/anweshasaha/projects/DepthWizard2/data/dfc2019/raw/Truth/Track1-Truth/JAX_416_009_AGL.tif,/Users/anweshasaha/projects/DepthWizard2/data/dfc2019/experiments/dav2_baseline/depth/JAX_416_009_depth.npy,/Users/anweshasaha/projects/DepthWizard2/data/dfc2019/experiments/sparse_anchor_robust_ext/anchors/JAX_416_009_grid_30_00.json
JAX_416_022,JAX,grid,30,0,,1040103,291.59903977894027,289.9137802864845,411.1933851608024,170.0,542.1995331515387,0.0,9.676813125610352,2.8664042949676514,3.5992462635040283,9.676813125610352,0.03418000414967537,0.31950807571411133,5.284520149230957,10.990660994940791,-1.4673435584488743,1040073,1016432,16,1.9532704221303883,2.984338296228716,-0.18328381204244495,0.6725514310527081,0.595929200382809,1.958804727489102,2.997135834683893,-0.19087229477502135,0.670624620742517,0.594960331595751,/Users/anweshasaha/projects/DepthWizard2/data/dfc2019/raw/Truth/Track1-Truth/JAX_416_022_AGL.tif,/Users/anweshasaha/projects/DepthWizard2/data/dfc2019/experiments/dav2_baseline/depth/JAX_416_022_depth.npy,/Users/anweshasaha/projects/DepthWizard2/data/dfc2019/experiments/sparse_anchor_robust_ext/anchors/JAX_416_022_grid_30_00.json
JAX_505_016,JAX,grid,30,0,,1042346,291.56982963872576,289.81970640765996,411.1063460684811,170.0,542.0850939035362,0.0,18.915332794189453,5.58285665512085,5.627528190612793,18.915332794189453,0.39798641204833984,3.8454372882843018,9.22658634185791,12.114286342682016,0.5238777479551864,1042316,1018574,16,5.4772178075365865,6.9288973435606875,-0.7264121658240704,0.33892060566244886,0.28827258414928414,5.486884850238569,6.940060209206037,-0.7217236081769569,0.3376723667262174,0.2853112426137977,/Users/anweshasaha/projects/DepthWizard2/data/dfc2019/raw/Truth/Track1-Truth/JAX_505_016_AGL.tif,/Users/anweshasaha/projects/DepthWizard2/data/dfc2019/experiments/dav2_baseline/depth/JAX_505_016_depth.npy,/Users/anweshasaha/projects/DepthWizard2/data/dfc2019/experiments/sparse_anchor_robust_ext/anchors/JAX_505_016_grid_30_00.json
JAX_505_018,JAX,grid,30,0,,1041574,291.59903977894027,289.9137802864845,411.1933851608024,170.0,542.1995331515387,0.002553491620346904,29.511850357055664,6.75925350189209,8.32392692565918,29.509296417236328,0.13711585104465485,3.2668800354003906,12.642909049987793,12.014683664588995,0.9943976394533349,1041544,1017752,16,5.672803655621709,6.8841141692077334,0.9283636325719056,0.26236582122623364,0.20307443200000308,5.6675776663073645,6.870614831284772,0.9517654659586757,0.2604798772610052,0.20200839205460797,/Users/anweshasaha/projects/DepthWizard2/data/dfc2019/raw/Truth/Track1-Truth/JAX_505_018_AGL.tif,/Users/anweshasaha/projects/DepthWizard2/data/dfc2019/experiments/dav2_baseline/depth/JAX_505_018_depth.npy,/Users/anweshasaha/projects/DepthWizard2/data/dfc2019/experiments/sparse_anchor_robust_ext/anchors/JAX_505_018_grid_30_00.json
OMA_042_011,OMA,grid,30,0,,964304,291.5996951682601,289.77282481281776,411.0944808948695,167.0269439342048,542.0643463901432,0.0,14.002232551574707,3.4657042026519775,4.4474663734436035,14.002232551574707,0.0,1.085271954536438,6.825873374938965,11.70482087242014,0.5271648481544449,964274,942795,16,3.2993656830137046,4.317186358113987,-0.3453304106732186,0.2616510693904429,0.3332930558237361,3.298661072549296,4.315663131065152,-0.33992374643839063,0.2564902630302309,0.3316883067229782,/Users/anweshasaha/projects/DepthWizard2/data/dfc2019/raw/Truth/Track1-Truth/OMA_042_011_AGL.tif,/Users/anweshasaha/projects/DepthWizard2/data/dfc2019/experiments/dav2_baseline/depth/OMA_042_011_depth.npy,/Users/anweshasaha/projects/DepthWizard2/data/dfc2019/experiments/sparse_anchor_robust_ext/anchors/OMA_042_011_grid_30_00.json
OMA_084_038,OMA,grid,30,0,,1009453,291.5502796355297,289.84356125330777,411.10929879480415,170.0,542.0904617489036,0.0,14.223228454589844,3.4176056385040283,4.284595966339111,14.223228454589844,0.0,0.7418245673179626,7.599364280700684,7.599080940719799,0.7414505613660953,1009423,986597,16,3.3199097392963917,4.420168636344214,0.08489352698193654,0.4847541173735746,0.553266223629017,3.310938463036847,4.417454258079545,0.08985683839382116,0.4894110639191867,0.5593592397064148,/Users/anweshasaha/projects/DepthWizard2/data/dfc2019/raw/Truth/Track1-Truth/OMA_084_038_AGL.tif,/Users/anweshasaha/projects/DepthWizard2/data/dfc2019/experiments/dav2_baseline/depth/OMA_084_038_depth.npy,/Users/anweshasaha/projects/DepthWizard2/data/dfc2019/experiments/sparse_anchor_robust_ext/anchors/OMA_084_038_grid_30_00.json
OMA_134_027,OMA,grid,30,0,,961153,291.59948940665555,289.8207185293848,411.1280957452447,168.01190434013895,542.1053251496476,0.0,11.943252563476562,2.05057692527771,3.2232062816619873,11.943252563476562,0.0,0.0030084154568612576,2.988499164581299,3.595245102953037,0.054212406189316775,961123,939775,16,2.324425385242866,3.2216351571419035,-0.00040211354050751847,0.26330157527357917,0.34596492615205554,2.3238229709959612,3.2227134223660765,0.005321737070287832,0.2623870131731254,0.3432589379541442,/Users/anweshasaha/projects/DepthWizard2/data/dfc2019/raw/Truth/Track1-Truth/OMA_134_027_AGL.tif,/Users/anweshasaha/projects/DepthWizard2/data/dfc2019/experiments/dav2_baseline/depth/OMA_134_027_depth.npy,/Users/anweshasaha/projects/DepthWizard2/data/dfc2019/experiments/sparse_anchor_robust_ext/anchors/OMA_134_027_grid_30_00.json
OMA_144_030,OMA,grid,30,0,,517212,291.2510867886257,289.71396621879006,410.805766485547,165.07574019219177,541.6571263953007,0.0006402895669452846,0.054548636078834534,0.016104362905025482,0.016326382756233215,0.053908348083496094,0.004029559902846813,0.007857996970415115,0.027152545750141144,0.004808447106452947,0.013703503847702013,517182,505491,16,0.013475030234171011,0.019975404437011922,-0.0055999154156186745,-0.13267276376491144,-0.15453147704510378,0.01350179426193178,0.020049906121767224,-0.005645959638418718,-0.131604379490978,-0.1541527756951936,/Users/anweshasaha/projects/DepthWizard2/data/dfc2019/raw/Truth/Track1-Truth/OMA_144_030_AGL.tif,/Users/anweshasaha/projects/DepthWizard2/data/dfc2019/experiments/dav2_baseline/depth/OMA_144_030_depth.npy,/Users/anweshasaha/projects/DepthWizard2/data/dfc2019/experiments/sparse_anchor_robust_ext/anchors/OMA_144_030_grid_30_00.json
OMA_198_002,OMA,grid,30,0,,845581,291.3660851155391,289.7803689386536,410.9341282709162,166.01204775557707,541.8771975962709,7.651885971426964e-05,10.06165885925293,3.09926176071167,3.431333541870117,10.061582565307617,0.08414039015769958,2.0101826190948486,6.007297039031982,9.025960828156476,0.34903479871690246,845551,825253,16,2.702984643590522,3.587300597931723,-0.7930642449240345,0.5374974686544642,0.5993573098204317,2.710327766508503,3.595903820196314,-0.8028139757787035,0.5383722588555157,0.5991011515098347,/Users/anweshasaha/projects/DepthWizard2/data/dfc2019/raw/Truth/Track1-Truth/OMA_198_002_AGL.tif,/Users/anweshasaha/projects/DepthWizard2/data/dfc2019/experiments/dav2_baseline/depth/OMA_198_002_depth.npy,/Users/anweshasaha/projects/DepthWizard2/data/dfc2019/experiments/sparse_anchor_robust_ext/anchors/OMA_198_002_grid_30_00.json
OMA_211_032,OMA,grid,30,0,,872103,291.61869319750787,289.8902646788187,411.1907437890325,169.0,542.1970364636414,0.0,9.623570442199707,0.6634252071380615,1.9778081178665161,9.623570442199707,0.0,0.00022770202485844493,0.006385195069015026,0.6373377116732506,0.41730177829938925,872073,851467,16,1.5094211573794603,2.9561885146552513,-0.46601915229800167,0.13608094508623783,0.2415523573443738,1.5153739266218622,2.9719253443762472,-0.4719948595391063,0.13643965927471305,0.24426485466854592,/Users/anweshasaha/projects/DepthWizard2/data/dfc2019/raw/Truth/Track1-Truth/OMA_211_032_AGL.tif,/Users/anweshasaha/projects/DepthWizard2/data/dfc2019/experiments/dav2_baseline/depth/OMA_211_032_depth.npy,/Users/anweshasaha/projects/DepthWizard2/data/dfc2019/experiments/sparse_anchor_robust_ext/anchors/OMA_211_032_grid_30_00.json
OMA_211_039,OMA,grid,30,0,,871386,291.56016341209727,289.960972469668,411.199093438257,169.0,542.2092967824441,0.0,9.319557189941406,0.9695613384246826,2.496920585632324,9.319557189941406,0.0,0.0,0.007248573936522007,1.61486440170403,0.3786494494460384,871356,851699,16,1.6758847626458893,2.9511824849891206,-0.13872563846636665,0.1346053891065318,0.052767235515462994,1.678649343769675,2.9635684501201673,-0.14087855225497042,0.13378758932477863,0.054310687604172674,/Users/anweshasaha/projects/DepthWizard2/data/dfc2019/raw/Truth/Track1-Truth/OMA_211_039_AGL.tif,/Users/anweshasaha/projects/DepthWizard2/data/dfc2019/experiments/dav2_baseline/depth/OMA_211_039_depth.npy,/Users/anweshasaha/projects/DepthWizard2/data/dfc2019/experiments/sparse_anchor_robust_ext/anchors/OMA_211_039_grid_30_00.json
OMA_212_033,OMA,grid,30,0,,807901,291.3462926179467,289.84443336996407,410.9652756350319,168.01190434013895,541.9032807497513,0.0,12.765657424926758,0.4723970293998718,2.288860321044922,12.765657424926758,0.0,0.0006943158223293722,0.009075389243662357,5.195899550570838,-1.6449150755989517,807871,790452,16,1.7986303627654887,3.381194167956145,-0.7545510404529642,0.4120311344786752,0.18528059721337,1.8118114079902743,3.401515393279684,-0.768764956068893,0.4124008342593565,0.18592928954743232,/Users/anweshasaha/projects/DepthWizard2/data/dfc2019/raw/Truth/Track1-Truth/OMA_212_033_AGL.tif,/Users/anweshasaha/projects/DepthWizard2/data/dfc2019/experiments/dav2_baseline/depth/OMA_212_033_depth.npy,/Users/anweshasaha/projects/DepthWizard2/data/dfc2019/experiments/sparse_anchor_robust_ext/anchors/OMA_212_033_grid_30_00.json
OMA_221_034,OMA,grid,30,0,,773369,290.416895743573,289.9207861161773,410.36086016523984,148.33745312630927,541.0599477302706,0.0,21.47956657409668,3.419548988342285,5.46612024307251,21.47956657409668,0.006351287942379713,0.09297794103622437,4.959229469299316,20.485545733597036,-6.110553099829225,773339,755598,16,3.393688865767559,4.395380697491762,0.3250214783587575,0.6520285244512892,0.736017597596711,3.400940089832302,4.4055425875829055,0.3336777905540013,0.6506378509421927,0.7351219133421631,/Users/anweshasaha/projects/DepthWizard2/data/dfc2019/raw/Truth/Track1-Truth/OMA_221_034_AGL.tif,/Users/anweshasaha/projects/DepthWizard2/data/dfc2019/experiments/dav2_baseline/depth/OMA_221_034_depth.npy,/Users/anweshasaha/projects/DepthWizard2/data/dfc2019/experiments/sparse_anchor_robust_ext/anchors/OMA_221_034_grid_30_00.json
OMA_225_001,OMA,grid,30,0,,684398,292.8727141040399,290.17056478331267,412.2782838488263,141.0,543.6715727740658,-8.252296197497344e-07,15.749931335449219,1.6729031801223755,3.8633058071136475,15.749932289123535,0.010384034365415573,0.04573206976056099,0.2678695619106293,7.64171320815698,-1.4218939391941314,684368,668560,16,2.244685060425384,3.2101148071693673,-0.5584208471397476,0.47249702133647886,0.39925286159663237,2.235842004072265,3.195902569019206,-0.551679762617587,0.4725217731238974,0.39920604027299483,/Users/anweshasaha/projects/DepthWizard2/data/dfc2019/raw/Truth/Track1-Truth/OMA_225_001_AGL.tif,/Users/anweshasaha/projects/DepthWizard2/data/dfc2019/experiments/dav2_baseline/depth/OMA_225_001_depth.npy,/Users/anweshasaha/projects/DepthWizard2/data/dfc2019/experiments/sparse_anchor_robust_ext/anchors/OMA_225_001_grid_30_00.json
OMA_230_036,OMA,grid,30,0,,693160,291.454065372611,289.7877077371564,411.001688290666,166.86821147240718,541.947193483148,0.0007336357375606894,12.274678230285645,1.456305742263794,3.2680716514587402,12.273944854736328,0.003831339068710804,0.03481866046786308,0.6611751914024353,11.78649165705912,-2.2706897992092197,693130,676998,16,1.9049353523377546,2.6317418223463536,-0.10159093792121472,0.5231174704500854,0.4389279095329787,1.9083305016169139,2.636035771512353,-0.10375276587558986,0.5184187083994989,0.4366426938213802,/Users/anweshasaha/projects/DepthWizard2/data/dfc2019/raw/Truth/Track1-Truth/OMA_230_036_AGL.tif,/Users/anweshasaha/projects/DepthWizard2/data/dfc2019/experiments/dav2_baseline/depth/OMA_230_036_depth.npy,/Users/anweshasaha/projects/DepthWizard2/data/dfc2019/experiments/sparse_anchor_robust_ext/anchors/OMA_230_036_grid_30_00.json
OMA_248_029,OMA,grid,30,0,,918210,291.59903977894027,289.702306975051,411.0443122908608,170.0,541.9968839071379,0.0,25.447425842285156,5.614561557769775,8.671433448791504,25.447425842285156,0.0,3.6278132029110566e-05,10.44986343383789,30.326399614222012,-5.364634043043588,918180,896504,16,3.9948784280427874,5.074277424714593,1.2739934650738303,0.7051895342377824,0.6347901758867259,3.995281519999687,5.069590126423372,1.305691043473422,0.7017477921506103,0.6292748257643409,/Users/anweshasaha/projects/DepthWizard2/data/dfc2019/raw/Truth/Track1-Truth/OMA_248_029_AGL.tif,/Users/anweshasaha/projects/DepthWizard2/data/dfc2019/experiments/dav2_baseline/depth/OMA_248_029_depth.npy,/Users/anweshasaha/projects/DepthWizard2/data/dfc2019/experiments/sparse_anchor_robust_ext/anchors/OMA_248_029_grid_30_00.json
OMA_248_030,OMA,grid,30,0,,915092,291.5318259736929,290.079268859776,411.26243176076485,166.02710622064097,542.2952331683247,0.0,24.940391540527344,6.068231105804443,8.074172973632812,24.940391540527344,0.00027498105191625655,0.3532485067844391,12.198134422302246,31.80047112755451,-5.661477815275435,915062,893730,16,3.816384103870227,4.916683646985848,1.442854845575443,0.7452804673095146,0.619712564718161,3.818111923431784,4.924210526172485,1.4753543659976336,0.7427633610742678,0.6185256609546714,/Users/anweshasaha/projects/DepthWizard2/data/dfc2019/raw/Truth/Track1-Truth/OMA_248_030_AGL.tif,/Users/anweshasaha/projects/DepthWizard2/data/dfc2019/experiments/dav2_baseline/depth/OMA_248_030_depth.npy,/Users/anweshasaha/projects/DepthWizard2/data/dfc2019/experiments/sparse_anchor_robust_ext/anchors/OMA_248_030_grid_30_00.json
OMA_258_020,OMA,grid,30,0,,962900,291.6283574841255,289.9137802864845,411.21417642013375,170.0,542.229555707749,0.0,13.183337211608887,1.159075140953064,2.9471852779388428,13.183337211608887,0.0,0.0,0.006812353618443012,1.8753150840510524,0.3437933583502192,962870,940993,16,1.762677777912618,2.7738341290780997,0.04407204376975999,0.0834188318573118,-0.039796576545324355,1.7568767340060567,2.7547560593137517,0.04960098147989368,0.08159423498268789,-0.04237719462233955,/Users/anweshasaha/projects/DepthWizard2/data/dfc2019/raw/Truth/Track1-Truth/OMA_258_020_AGL.tif,/Users/anweshasaha/projects/DepthWizard2/data/dfc2019/experiments/dav2_baseline/depth/OMA_258_020_depth.npy,/Users/anweshasaha/projects/DepthWizard2/data/dfc2019/experiments/sparse_anchor_robust_ext/anchors/OMA_258_020_grid_30_00.json
OMA_269_035,OMA,grid,30,0,,745162,291.6283574841255,290.00958604846153,411.28172690856195,170.0,542.3259804330967,5.372215309762396e-05,13.381475448608398,1.7412383556365967,2.7125346660614014,13.38142204284668,0.020472735166549683,0.3911082446575165,2.9977598190307617,8.632571475114622,-1.0864092064739497,745132,726703,16,1.5354081639041641,2.244714928957913,-0.10293922083805654,0.6786818865733453,0.6479037415310945,1.540611040826601,2.2496399247184002,-0.10420879761848614,0.6777728662795057,0.6476697239767586,/Users/anweshasaha/projects/DepthWizard2/data/dfc2019/raw/Truth/Track1-Truth/OMA_269_035_AGL.tif,/Users/anweshasaha/projects/DepthWizard2/data/dfc2019/experiments/dav2_baseline/depth/OMA_269_035_depth.npy,/Users/anweshasaha/projects/DepthWizard2/data/dfc2019/experiments/sparse_anchor_robust_ext/anchors/OMA_269_035_grid_30_00.json
OMA_281_002,OMA,grid,30,0,,894105,291.6480013075123,289.70305870360124,411.0795773191474,170.0,542.0440627767267,0.0,10.942028999328613,1.929248332977295,2.9202497005462646,10.942028999328613,0.0,0.004793454427272081,3.08750581741333,14.787579545373736,-1.018473831759277,894075,872996,16,2.660836457294242,5.545754915666667,-0.9705944366107752,0.6772653388373935,0.6150193554972414,2.6747878871068744,5.58668712429379,-0.9834232145260828,0.6790283333492296,0.6160007476924577,/Users/anweshasaha/projects/DepthWizard2/data/dfc2019/raw/Truth/Track1-Truth/OMA_281_002_AGL.tif,/Users/anweshasaha/projects/DepthWizard2/data/dfc2019/experiments/dav2_baseline/depth/OMA_281_002_depth.npy,/Users/anweshasaha/projects/DepthWizard2/data/dfc2019/experiments/sparse_anchor_robust_ext/anchors/OMA_281_002_grid_30_00.json
OMA_281_030,OMA,grid,30,0,,893434,291.4530665476004,289.84356125330777,411.0403629815446,168.0,542.0047116006622,0.0,22.74971580505371,2.1784985065460205,4.643131256103516,22.74971580505371,0.0,0.008872758597135544,2.3594629764556885,29.880374932402578,-3.8755688772845827,893404,872307,16,1.9678376031572054,3.898658980894264,-1.0332947339219043,0.8266655700225415,0.6325138638646469,1.972741853086484,3.9254652616698755,-1.0463965167139777,0.8263845952830638,0.6315259894714849,/Users/anweshasaha/projects/DepthWizard2/data/dfc2019/raw/Truth/Track1-Truth/OMA_281_030_AGL.tif,/Users/anweshasaha/projects/DepthWizard2/data/dfc2019/experiments/dav2_baseline/depth/OMA_281_030_depth.npy,/Users/anweshasaha/projects/DepthWizard2/data/dfc2019/experiments/sparse_anchor_robust_ext/anchors/OMA_281_030_grid_30_00.json
OMA_315_019,OMA,grid,30,0,,725635,291.6635885551861,289.77526924612914,411.14152740334504,163.00306745579974,542.135325960972,7.627945160493255e-05,9.688384056091309,3.2026000022888184,3.9789083003997803,9.688307762145996,0.004848242737352848,0.0814102366566658,8.31872844696045,13.249960001944096,-1.7445071297333414,725605,708736,16,2.5679682400464965,3.2060502870347865,0.33437570008368395,0.6646665725211613,0.6272330619247191,2.5648454965020013,3.2062797774134615,0.3475377566001073,0.6654283916617528,0.6255933049863046,/Users/anweshasaha/projects/DepthWizard2/data/dfc2019/raw/Truth/Track1-Truth/OMA_315_019_AGL.tif,/Users/anweshasaha/projects/DepthWizard2/data/dfc2019/experiments/dav2_baseline/depth/OMA_315_019_depth.npy,/Users/anweshasaha/projects/DepthWizard2/data/dfc2019/experiments/sparse_anchor_robust_ext/anchors/OMA_315_019_grid_30_00.json
OMA_315_020,OMA,grid,30,0,,727794,291.60892571311246,289.6559261530058,411.0186383986876,170.0,541.9565002647092,0.0008719060570001602,9.91723918914795,3.3102574348449707,3.789457321166992,9.916367530822754,0.01602252572774887,0.6139656901359558,7.185949802398682,14.641993214528117,-1.174387375600697,727764,709841,16,2.0805564498412266,2.680384009946775,0.33350540571035436,0.7857265054064654,0.7745961704015452,2.0762583500620786,2.6743780802284642,0.34873491106650034,0.7879245957189704,0.7736369351925894,/Users/anweshasaha/projects/DepthWizard2/data/dfc2019/raw/Truth/Track1-Truth/OMA_315_020_AGL.tif,/Users/anweshasaha/projects/DepthWizard2/data/dfc2019/experiments/dav2_baseline/depth/OMA_315_020_depth.npy,/Users/anweshasaha/projects/DepthWizard2/data/dfc2019/experiments/sparse_anchor_robust_ext/anchors/OMA_315_020_grid_30_00.json
OMA_332_037,OMA,grid,30,0,,917339,291.4236320776566,289.86675099661454,411.03584596317955,169.0,541.987153596542,0.0,20.037120819091797,2.330390214920044,4.306647777557373,20.037120819091797,0.0,0.0011567336041480303,2.7708163261413574,9.296953146734253,-2.3524936671279355,917309,895904,16,2.45201764887427,3.5912562463039506,0.4382391894995443,0.2774222447037237,0.3363719555495684,2.451352274057139,3.589715229503739,0.4496472573856888,0.27536911554510823,0.3364888537743638,/Users/anweshasaha/projects/DepthWizard2/data/dfc2019/raw/Truth/Track1-Truth/OMA_332_037_AGL.tif,/Users/anweshasaha/projects/DepthWizard2/data/dfc2019/experiments/dav2_baseline/depth/OMA_332_037_depth.npy,/Users/anweshasaha/projects/DepthWizard2/data/dfc2019/experiments/sparse_anchor_robust_ext/anchors/OMA_332_037_grid_30_00.json
OMA_364_003,OMA,grid,30,0,,902453,291.4141478301209,290.079268859776,411.1790215681945,168.02678357928536,542.1862454411835,0.0,12.91460132598877,3.1017465591430664,4.199737548828125,12.91460132598877,0.001098151900805533,0.9157910346984863,4.055728435516357,11.868583669150816,-1.2989103879471129,902423,881217,16,2.7206714119762374,3.6151919531388983,0.5824012408787547,0.40510587810256377,0.15317268672741657,2.7087870298679815,3.6016843627638506,0.59829717706419,0.40305920458482225,0.14551961230401472,/Users/anweshasaha/projects/DepthWizard2/data/dfc2019/raw/Truth/Track1-Truth/OMA_364_003_AGL.tif,/Users/anweshasaha/projects/DepthWizard2/data/dfc2019/experiments/dav2_baseline/depth/OMA_364_003_depth.npy,/Users/anweshasaha/projects/DepthWizard2/data/dfc2019/experiments/sparse_anchor_robust_ext/anchors/OMA_364_003_grid_30_00.json
OMA_364_043,OMA,grid,30,0,,899310,291.5707289835521,290.22112068023046,411.3900690207396,168.02678357928536,542.4605399966011,0.0,16.085914611816406,2.346562623977661,3.7125508785247803,16.085914611816406,0.003214267548173666,0.07326065003871918,4.361104488372803,1.7820144745787834,1.7279706196959892,899280,878355,16,2.896073316843814,3.6846166407475827,0.023364774719564718,0.4339845287411735,0.21949272935725272,2.8952672513051745,3.679907440071997,0.02849346148529164,0.43522135240174753,0.2170049151007806,/Users/anweshasaha/projects/DepthWizard2/data/dfc2019/raw/Truth/Track1-Truth/OMA_364_043_AGL.tif,/Users/anweshasaha/projects/DepthWizard2/data/dfc2019/experiments/dav2_baseline/depth/OMA_364_043_depth.npy,/Users/anweshasaha/projects/DepthWizard2/data/dfc2019/experiments/sparse_anchor_robust_ext/anchors/OMA_364_043_grid_30_00.json
OMA_376_023,OMA,grid,30,0,,788342,292.16832287037704,289.5627661761014,411.35012391446344,169.0,542.4221316129964,0.0,16.048194885253906,1.1563208103179932,3.1015307903289795,16.048194885253906,0.0,0.0039947484619915485,0.21602727472782135,17.198406002403654,-4.323194320846781,788312,768412,16,1.4699377449282447,2.012577237796751,-0.055343742923459054,0.7670586758326886,0.686686618602382,1.4701156089443363,2.01226245963734,-0.05327119379288134,0.7677674516090938,0.6857618548380081,/Users/anweshasaha/projects/DepthWizard2/data/dfc2019/raw/Truth/Track1-Truth/OMA_376_023_AGL.tif,/Users/anweshasaha/projects/DepthWizard2/data/dfc2019/experiments/dav2_baseline/depth/OMA_376_023_depth.npy,/Users/anweshasaha/projects/DepthWizard2/data/dfc2019/experiments/sparse_anchor_robust_ext/anchors/OMA_376_023_grid_30_00.json
OMA_376_038,OMA,grid,30,0,,793137,291.2784864466764,289.9845896288667,411.01608105874504,167.0029939851379,541.9479702819847,0.0,6.243424892425537,0.7437281012535095,1.5762299299240112,6.243424892425537,0.0,0.0005725857918150723,0.06785466521978378,5.463133585091162,-0.9204259271210653,793107,772790,16,1.374000712988733,2.76000939455384,-0.34439801327449426,0.6454051448790589,0.6655612563103823,1.3827332840650501,2.784964562788217,-0.35078104309784575,0.6487837598533425,0.664095794276163,/Users/anweshasaha/projects/DepthWizard2/data/dfc2019/raw/Truth/Track1-Truth/OMA_376_038_AGL.tif,/Users/anweshasaha/projects/DepthWizard2/data/dfc2019/experiments/dav2_baseline/depth/OMA_376_038_depth.npy,/Users/anweshasaha/projects/DepthWizard2/data/dfc2019/experiments/sparse_anchor_robust_ext/anchors/OMA_376_038_grid_30_00.json
JAX_004_006,JAX,grid,50,0,,1040639,263.3514002241112,296.21852001520773,396.35763093448827,126.0,515.0280552719327,0.0,15.146280288696289,3.8838553428649902,4.910700798034668,15.146280288696289,0.006903376430273056,2.2782392501831055,5.813765525817871,22.73942306281018,-2.63707919612457,1040589,1001097,16,2.8888936190196164,3.6378041312482865,0.6955073180366993,0.7252837351035326,0.624797801096476,2.884706295185431,3.6296265941120804,0.7147593439371285,0.7282075539556749,0.6263954144141894,/Users/anweshasaha/projects/DepthWizard2/data/dfc2019/raw/Truth/Track1-Truth/JAX_004_006_AGL.tif,/Users/anweshasaha/projects/DepthWizard2/data/dfc2019/experiments/dav2_baseline/depth/JAX_004_006_depth.npy,/Users/anweshasaha/projects/DepthWizard2/data/dfc2019/experiments/sparse_anchor_robust_ext/anchors/JAX_004_006_grid_50_00.json
JAX_004_014,JAX,grid,50,0,,1040261,263.36995196870885,296.21852001520773,396.3699574892123,127.0,515.0436957178389,0.0,16.34629249572754,3.1398839950561523,4.547276973724365,16.34629249572754,0.005000466480851173,0.09746314585208893,4.395135402679443,28.07111225490323,-3.689200748318037,1040211,1000683,16,2.225630948807947,3.2507396264693176,-0.3159591295782828,0.8142908976416037,0.7292848019215261,2.2370180494029657,3.2697462933221524,-0.31928390731271467,0.8127457664161997,0.7294017309493804,/Users/anweshasaha/projects/DepthWizard2/data/dfc2019/raw/Truth/Track1-Truth/JAX_004_014_AGL.tif,/Users/anweshasaha/projects/DepthWizard2/data/dfc2019/experiments/dav2_baseline/depth/JAX_004_014_depth.npy,/Users/anweshasaha/projects/DepthWizard2/data/dfc2019/experiments/sparse_anchor_robust_ext/anchors/JAX_004_014_grid_50_00.json
JAX_004_016,JAX,grid,50,0,,1040841,263.3691371440473,296.21852001520773,396.36941607545856,128.0,515.0428532461101,0.0,25.433677673339844,3.992360830307007,6.044239521026611,25.433677673339844,0.0020833041053265333,0.08256342262029648,5.579118251800537,32.89515010614196,-5.752393363417328,1040791,1001233,16,3.106966747384667,4.2769241230553305,0.610446789374345,0.6948220297676932,0.5409838073190434,3.116525203231897,4.297324252445565,0.6335409984400823,0.6921364432782602,0.5407559679135249,/Users/anweshasaha/projects/DepthWizard2/data/dfc2019/raw/Truth/Track1-Truth/JAX_004_016_AGL.tif,/Users/anweshasaha/projects/DepthWizard2/data/dfc2019/experiments/dav2_baseline/depth/JAX_004_016_depth.npy,/Users/anweshasaha/projects/DepthWizard2/data/dfc2019/experiments/sparse_anchor_robust_ext/anchors/JAX_004_016_grid_50_00.json
JAX_018_012,JAX,grid,50,0,,1038949,263.3691371440473,296.21852001520773,396.36941607545856,128.0,515.0428532461101,0.0,19.667146682739258,3.3001184463500977,5.212926864624023,19.667146682739258,0.0028046374209225178,0.07765588164329529,5.060404300689697,18.954393541538977,-3.3821352526087938,1038899,999661,16,2.7772154581058377,3.6982131132935567,0.4941976948663834,0.5813514562506785,0.5721513602089533,2.7756473070476555,3.692130647422177,0.5114092840745491,0.5786424374707062,0.5725905048134847,/Users/anweshasaha/projects/DepthWizard2/data/dfc2019/raw/Truth/Track1-Truth/JAX_018_012_AGL.tif,/Users/anweshasaha/projects/DepthWizard2/data/dfc2019/experiments/dav2_baseline/depth/JAX_018_012_depth.npy,/Users/anweshasaha/projects/DepthWizard2/data/dfc2019/experiments/sparse_anchor_robust_ext/anchors/JAX_018_012_grid_50_00.json
JAX_022_009,JAX,grid,50,0,,1040062,263.3691371440473,296.22900330656347,396.3772506085585,128.0,515.0523319370761,0.0,17.54949951171875,4.708425998687744,4.946630954742432,17.54949951171875,0.058048129081726074,3.8307437896728516,8.193889617919922,6.024060095105429,2.2064524625336923,1040012,1000545,16,4.024769983844087,4.813000829907983,0.708938335267314,0.1652901607643405,0.14630632658891687,4.022194327446148,4.806485280517792,0.7263073730569799,0.16686003733336627,0.14520791251785756,/Users/anweshasaha/projects/DepthWizard2/data/dfc2019/raw/Truth/Track1-Truth/JAX_022_009_AGL.tif,/Users/anweshasaha/projects/DepthWizard2/data/dfc2019/experiments/dav2_baseline/depth/JAX_022_009_depth.npy,/Users/anweshasaha/projects/DepthWizard2/data/dfc2019/experiments/sparse_anchor_robust_ext/anchors/JAX_022_009_grid_50_00.json
JAX_031_006,JAX,grid,50,0,,1041600,263.3691371440473,296.21852001520773,396.36941607545856,128.0,515.0428532461101,0.0,19.35256576538086,4.628690242767334,5.764784812927246,19.35256576538086,0.0004125039849895984,0.0397074930369854,9.983572006225586,19.208475572299246,-0.19285288318129634,1041550,1002052,16,3.5555345971207797,4.41039280591508,0.17228092847945597,0.6267742834179361,0.5528949510511828,3.5559103825688063,4.408028581388675,0.1648786129679958,0.6269325784026328,0.5548383118339674,/Users/anweshasaha/projects/DepthWizard2/data/dfc2019/raw/Truth/Track1-Truth/JAX_031_006_AGL.tif,/Users/anweshasaha/projects/DepthWizard2/data/dfc2019/experiments/dav2_baseline/depth/JAX_031_006_depth.npy,/Users/anweshasaha/projects/DepthWizard2/data/dfc2019/experiments/sparse_anchor_robust_ext/anchors/JAX_031_006_grid_50_00.json
JAX_072_015,JAX,grid,50,0,,1037517,263.3691371440473,296.21852001520773,396.36941607545856,128.0,515.0428532461101,0.0,15.26630973815918,2.853196144104004,4.438401222229004,15.26630973815918,0.0006113915587775409,0.04108814522624016,4.916049480438232,8.468215570595227,-0.3567816395981991,1037467,998130,16,3.200916323945288,4.103741150784293,-0.03199835330743926,0.39078230237269496,0.3103190849769595,3.202287977036259,4.112245598303038,-0.03713567198949173,0.39226254684735434,0.3149101070865119,/Users/anweshasaha/projects/DepthWizard2/data/dfc2019/raw/Truth/Track1-Truth/JAX_072_015_AGL.tif,/Users/anweshasaha/projects/DepthWizard2/data/dfc2019/experiments/dav2_baseline/depth/JAX_072_015_depth.npy,/Users/anweshasaha/projects/DepthWizard2/data/dfc2019/experiments/sparse_anchor_robust_ext/anchors/JAX_072_015_grid_50_00.json
JAX_118_012,JAX,grid,50,0,,1037080,263.3691371440473,296.21852001520773,396.36941607545856,128.0,515.0428532461101,0.0,16.56424903869629,3.028407335281372,4.389908313751221,16.56424903869629,0.0002535451203584671,0.6829098463058472,4.812044620513916,15.95878379790923,-1.7426005394980795,1037030,997551,16,2.3530098735128844,3.221723455019439,0.2516728366608115,0.6553268660149096,0.45093787201422225,2.3511092627619092,3.2215468004048966,0.25972492794352264,0.6527598842394164,0.44688786568519073,/Users/anweshasaha/projects/DepthWizard2/data/dfc2019/raw/Truth/Track1-Truth/JAX_118_012_AGL.tif,/Users/anweshasaha/projects/DepthWizard2/data/dfc2019/experiments/dav2_baseline/depth/JAX_118_012_depth.npy,/Users/anweshasaha/projects/DepthWizard2/data/dfc2019/experiments/sparse_anchor_robust_ext/anchors/JAX_118_012_grid_50_00.json
JAX_118_015,JAX,grid,50,0,,1037816,263.3586763332471,296.21852001520773,396.36246542779503,127.0,515.0337960480676,0.0,18.41433334350586,3.6666791439056396,4.514002323150635,18.41433334350586,0.007903149351477623,1.1965999603271484,6.159856796264648,22.62363968951761,-4.478553825693836,1037766,998185,16,2.109074462440666,2.8789204091199574,0.32230908754991905,0.7433213540217821,0.5507826556580862,2.1149771284914887,2.8927171394305113,0.3221949802182443,0.7387395503161209,0.5442483330585072,/Users/anweshasaha/projects/DepthWizard2/data/dfc2019/raw/Truth/Track1-Truth/JAX_118_015_AGL.tif,/Users/anweshasaha/projects/DepthWizard2/data/dfc2019/experiments/dav2_baseline/depth/JAX_118_015_depth.npy,/Users/anweshasaha/projects/DepthWizard2/data/dfc2019/experiments/sparse_anchor_robust_ext/anchors/JAX_118_015_grid_50_00.json
JAX_149_006,JAX,grid,50,0,,1039135,263.3691371440473,296.21852001520773,396.36941607545856,128.0,515.0428532461101,0.0,19.625,5.519802093505859,6.280368328094482,19.625,0.07261732220649719,3.8534343242645264,9.575499534606934,19.05478485975397,1.4390704522490552,1039085,999345,16,4.416471186098622,5.4598960803289565,1.0600727438236563,0.5532873637519466,0.49641961711902954,4.41300983265015,5.461345736569313,1.093339273274571,0.556036755054876,0.4999984887176345,/Users/anweshasaha/projects/DepthWizard2/data/dfc2019/raw/Truth/Track1-Truth/JAX_149_006_AGL.tif,/Users/anweshasaha/projects/DepthWizard2/data/dfc2019/experiments/dav2_baseline/depth/JAX_149_006_depth.npy,/Users/anweshasaha/projects/DepthWizard2/data/dfc2019/experiments/sparse_anchor_robust_ext/anchors/JAX_149_006_grid_50_00.json
JAX_149_025,JAX,grid,50,0,,1039769,263.3691371440473,296.21852001520773,396.36941607545856,128.0,515.0428532461101,0.0,19.30279541015625,4.679033279418945,5.773045539855957,19.30279541015625,0.05158659815788269,0.898179292678833,9.658997535705566,14.263688545864566,1.0810641273254369,1039719,1000243,16,4.629447582525698,5.799716348038639,-0.25966307068740296,0.43113645107023457,0.3766916116777062,4.631055976332906,5.804213339099287,-0.2669709731700021,0.43237936415354583,0.38025881115805715,/Users/anweshasaha/projects/DepthWizard2/data/dfc2019/raw/Truth/Track1-Truth/JAX_149_025_AGL.tif,/Users/anweshasaha/projects/DepthWizard2/data/dfc2019/experiments/dav2_baseline/depth/JAX_149_025_depth.npy,/Users/anweshasaha/projects/DepthWizard2/data/dfc2019/experiments/sparse_anchor_robust_ext/anchors/JAX_149_025_grid_50_00.json
JAX_161_001,JAX,grid,50,0,,1035341,263.3691371440473,296.21852001520773,396.36941607545856,128.0,515.0428532461101,0.0,14.014817237854004,2.4764890670776367,3.547063112258911,14.014817237854004,0.0016519195633009076,0.10024034976959229,4.745832443237305,16.003616209582628,-2.1759121276723037,1035291,995965,16,1.6943982486031481,2.2703967378715086,0.25390001984728283,0.7733001599463456,0.6060755982206302,1.694959290266906,2.270603659438807,0.26441422322256497,0.772559681345081,0.6033346937419698,/Users/anweshasaha/projects/DepthWizard2/data/dfc2019/raw/Truth/Track1-Truth/JAX_161_001_AGL.tif,/Users/anweshasaha/projects/DepthWizard2/data/dfc2019/experiments/dav2_baseline/depth/JAX_161_001_depth.npy,/Users/anweshasaha/projects/DepthWizard2/data/dfc2019/experiments/sparse_anchor_robust_ext/anchors/JAX_161_001_grid_50_00.json
JAX_164_008,JAX,grid,50,0,,1037470,263.3691371440473,296.21852001520773,396.36941607545856,128.0,515.0428532461101,0.0,77.1949462890625,7.452969551086426,14.221474647521973,77.1949462890625,0.001294921152293682,0.05589427798986435,9.383014678955078,44.27924285968088,-4.543215604534149,1037420,997955,16,5.2226938212517044,8.935649618878008,-0.14813907808761553,0.7303054459101935,0.6121322536417091,5.207910953590703,8.894053356692474,-0.17050459059921463,0.7323816896712773,0.6120054626684699,/Users/anweshasaha/projects/DepthWizard2/data/dfc2019/raw/Truth/Track1-Truth/JAX_164_008_AGL.tif,/Users/anweshasaha/projects/DepthWizard2/data/dfc2019/experiments/dav2_baseline/depth/JAX_164_008_depth.npy,/Users/anweshasaha/projects/DepthWizard2/data/dfc2019/experiments/sparse_anchor_robust_ext/anchors/JAX_164_008_grid_50_00.json
JAX_165_015,JAX,grid,50,0,,1042120,263.3691371440473,296.21852001520773,396.36941607545856,128.0,515.0428532461101,0.0,73.52357482910156,10.212234497070312,12.65125560760498,73.52357482910156,0.02451184391975403,6.458502769470215,17.729000091552734,49.88968928881092,-6.978915768493787,1042070,1002546,16,5.510701255109125,7.2301012171885715,0.01536525449360999,0.7751322055585961,0.6798202965697794,5.520991961803951,7.2181243610180905,0.013437121510513517,0.7743097494509523,0.6771670239016228,/Users/anweshasaha/projects/DepthWizard2/data/dfc2019/raw/Truth/Track1-Truth/JAX_165_015_AGL.tif,/Users/anweshasaha/projects/DepthWizard2/data/dfc2019/experiments/dav2_baseline/depth/JAX_165_015_depth.npy,/Users/anweshasaha/projects/DepthWizard2/data/dfc2019/experiments/sparse_anchor_robust_ext/anchors/JAX_165_015_grid_50_00.json
JAX_166_006,JAX,grid,50,0,,1040574,263.3691371440473,296.22900330656347,396.3772506085585,128.0,515.0536927053083,0.0,53.917598724365234,8.774811744689941,13.091856956481934,53.917598724365234,0.010236786678433418,0.6320551037788391,13.08603572845459,49.46247309028702,-1.447936277383418,1040524,1000912,16,5.241277497345146,10.696169574097139,-1.2472878687706013,0.7978192937770121,0.7846051085718837,5.264714985273373,10.787670393002001,-1.2960919268398516,0.7987448963519566,0.7846434348474819,/Users/anweshasaha/projects/DepthWizard2/data/dfc2019/raw/Truth/Track1-Truth/JAX_166_006_AGL.tif,/Users/anweshasaha/projects/DepthWizard2/data/dfc2019/experiments/dav2_baseline/depth/JAX_166_006_depth.npy,/Users/anweshasaha/projects/DepthWizard2/data/dfc2019/experiments/sparse_anchor_robust_ext/anchors/JAX_166_006_grid_50_00.json
JAX_175_002,JAX,grid,50,0,,1039045,263.3691371440473,296.21852001520773,396.36941607545856,128.0,515.0428532461101,0.0,46.241432189941406,4.951213836669922,9.274012565612793,46.241432189941406,0.002250871155411005,0.035694628953933716,5.538605690002441,22.180539119281843,-0.8492797874601772,1038995,999529,16,3.3777292404584576,5.6218884115594845,1.0270058759949334,0.7017439206362017,0.6618957518193046,3.3502349090769403,5.555691997489561,1.0633646357626403,0.7061585502249528,0.6582855150132875,/Users/anweshasaha/projects/DepthWizard2/data/dfc2019/raw/Truth/Track1-Truth/JAX_175_002_AGL.tif,/Users/anweshasaha/projects/DepthWizard2/data/dfc2019/experiments/dav2_baseline/depth/JAX_175_002_depth.npy,/Users/anweshasaha/projects/DepthWizard2/data/dfc2019/experiments/sparse_anchor_robust_ext/anchors/JAX_175_002_grid_50_00.json
JAX_204_005,JAX,grid,50,0,,1037431,263.3691371440473,296.21852001520773,396.36941607545856,128.0,515.0428532461101,0.0,19.267881393432617,3.264711618423462,5.153817176818848,19.267881393432617,0.0048151323571801186,0.056731872260570526,4.717966079711914,17.19986518243876,-3.6258416744146946,1037381,997909,16,2.824699016966304,3.7540256427176755,0.23412547367011305,0.5588539642190087,0.37481423694895005,2.8125522943446755,3.7420623640116335,0.2379850893674195,0.5574590154784519,0.3712845343928826,/Users/anweshasaha/projects/DepthWizard2/data/dfc2019/raw/Truth/Track1-Truth/JAX_204_005_AGL.tif,/Users/anweshasaha/projects/DepthWizard2/data/dfc2019/experiments/dav2_baseline/depth/JAX_204_005_depth.npy,/Users/anweshasaha/projects/DepthWizard2/data/dfc2019/experiments/sparse_anchor_robust_ext/anchors/JAX_204_005_grid_50_00.json
JAX_214_015,JAX,grid,50,0,,989067,263.3277379996266,296.102499145144,396.2552051393142,124.01612798341996,514.8964069234685,0.0,70.28116607666016,10.141172409057617,14.90749454498291,70.28116607666016,0.04068916290998459,6.543057918548584,14.71213150024414,60.182906815663436,-9.550058954295924,989017,951464,16,8.014138819549329,10.292011577393984,1.761580576116643,0.7342612326696641,0.7120285046299228,8.043064071337815,10.312929322779704,1.8172945596203656,0.7332368325981036,0.7109242645633856,/Users/anweshasaha/projects/DepthWizard2/data/dfc2019/raw/Truth/Track1-Truth/JAX_214_015_AGL.tif,/Users/anweshasaha/projects/DepthWizard2/data/dfc2019/experiments/dav2_baseline/depth/JAX_214_015_depth.npy,/Users/anweshasaha/projects/DepthWizard2/data/dfc2019/experiments/sparse_anchor_robust_ext/anchors/JAX_214_015_grid_50_00.json
JAX_214_023,JAX,grid,50,0,,997344,263.32884688161306,296.1599945975148,396.2989073918827,126.01587201618692,514.9533324903963,0.0,87.37020874023438,10.864645957946777,15.765997886657715,87.37020874023438,0.028062300756573677,6.97966194152832,16.293590545654297,58.604323444430406,-6.552635739038033,997294,959304,16,7.353816639137846,10.95336335253726,2.327386309013035,0.7222137063238314,0.7446548336891403,7.40353561700441,11.011750370541783,2.3951545928288978,0.7182058905374916,0.743588031650606,/Users/anweshasaha/projects/DepthWizard2/data/dfc2019/raw/Truth/Track1-Truth/JAX_214_023_AGL.tif,/Users/anweshasaha/projects/DepthWizard2/data/dfc2019/experiments/dav2_baseline/depth/JAX_214_023_depth.npy,/Users/anweshasaha/projects/DepthWizard2/data/dfc2019/experiments/sparse_anchor_robust_ext/anchors/JAX_214_023_grid_50_00.json
JAX_224_025,JAX,grid,50,0,,1036078,263.3691371440473,296.21852001520773,396.36941607545856,128.0,515.0428532461101,0.0,17.01100730895996,2.181140184402466,4.622322082519531,17.01100730895996,0.0,0.00947934202849865,0.5221625566482544,14.562601802786247,-2.3489131057897086,1036028,996853,16,2.858463080141475,4.49625646399145,-0.1257279888034845,0.5177596746173461,0.41734638413994546,2.8721983466063676,4.529556988477486,-0.13815502744784425,0.5134943897167027,0.41690751374634244,/Users/anweshasaha/projects/DepthWizard2/data/dfc2019/raw/Truth/Track1-Truth/JAX_224_025_AGL.tif,/Users/anweshasaha/projects/DepthWizard2/data/dfc2019/experiments/dav2_baseline/depth/JAX_224_025_depth.npy,/Users/anweshasaha/projects/DepthWizard2/data/dfc2019/experiments/sparse_anchor_robust_ext/anchors/JAX_224_025_grid_50_00.json
JAX_264_013,JAX,grid,50,0,,1027109,263.36023162201235,296.1977508354849,396.34797741378725,127.01574705523721,515.0122380605491,0.0,13.421001434326172,3.6521434783935547,4.834601402282715,13.421001434326172,0.006233374588191509,0.14977653324604034,5.978630542755127,10.798478253645156,-1.0862773057461332,1027059,988216,16,3.780749765813216,4.80244189100268,0.2250061232314242,0.44475460516273285,0.31205464841291486,3.7820886259851716,4.806585894594041,0.24660018361757338,0.4429892392718315,0.30874498060742045,/Users/anweshasaha/projects/DepthWizard2/data/dfc2019/raw/Truth/Track1-Truth/JAX_264_013_AGL.tif,/Users/anweshasaha/projects/DepthWizard2/data/dfc2019/experiments/dav2_baseline/depth/JAX_264_013_depth.npy,/Users/anweshasaha/projects/DepthWizard2/data/dfc2019/experiments/sparse_anchor_robust_ext/anchors/JAX_264_013_grid_50_00.json
JAX_269_009,JAX,grid,50,0,,1026620,263.3490315152118,296.26918908317145,396.3939262905021,127.0,515.0729221890167,0.0,21.273147583007812,3.5141448974609375,5.659664630889893,21.273147583007812,0.061522454023361206,0.14970546960830688,7.614116668701172,17.05503042209105,-1.3836879444478138,1026570,987831,16,3.1699783831456494,4.5349236786768765,0.6058546232185705,0.6078713294933507,0.44753718203080195,3.188366309700067,4.555950080605362,0.6273038164582964,0.6045603242098292,0.44437967001692014,/Users/anweshasaha/projects/DepthWizard2/data/dfc2019/raw/Truth/Track1-Truth/JAX_269_009_AGL.tif,/Users/anweshasaha/projects/DepthWizard2/data/dfc2019/experiments/dav2_baseline/depth/JAX_269_009_depth.npy,/Users/anweshasaha/projects/DepthWizard2/data/dfc2019/experiments/sparse_anchor_robust_ext/anchors/JAX_269_009_grid_50_00.json
JAX_416_009,JAX,grid,50,0,,1040605,263.3691371440473,296.21852001520773,396.36941607545856,128.0,515.0428532461101,0.0,18.973541259765625,4.057220458984375,4.478457927703857,18.973541259765625,0.004164875019341707,3.076495885848999,7.887458801269531,10.766974125150476,-0.5955651577004639,1040555,1001012,16,2.738533486818803,3.5361245583311147,0.9728630892740758,0.5576934578414612,0.4671025750977916,2.7375497070879007,3.526977335485639,0.996079572214172,0.5586436545327051,0.4649826824567624,/Users/anweshasaha/projects/DepthWizard2/data/dfc2019/raw/Truth/Track1-Truth/JAX_416_009_AGL.tif,/Users/anweshasaha/projects/DepthWizard2/data/dfc2019/experiments/dav2_baseline/depth/JAX_416_009_depth.npy,/Users/anweshasaha/projects/DepthWizard2/data/dfc2019/experiments/sparse_anchor_robust_ext/anchors/JAX_416_009_grid_50_00.json
JAX_416_022,JAX,grid,50,0,,1040103,263.3691371440473,296.21852001520773,396.36941607545856,128.0,515.0428532461101,0.0,14.770694732666016,3.8796441555023193,4.53228235244751,14.770694732666016,0.008754037320613861,0.0388171561062336,8.57056999206543,10.874335574375753,-0.4732293646865049,1040053,1000566,16,2.1878595833876777,3.0740821858460072,0.7663057046557343,0.6725576405183109,0.5959346464540031,2.17482695314857,3.0485549221791572,0.7919375260291892,0.67713762143996,0.595163480390241,/Users/anweshasaha/projects/DepthWizard2/data/dfc2019/raw/Truth/Track1-Truth/JAX_416_022_AGL.tif,/Users/anweshasaha/projects/DepthWizard2/data/dfc2019/experiments/dav2_baseline/depth/JAX_416_022_depth.npy,/Users/anweshasaha/projects/DepthWizard2/data/dfc2019/experiments/sparse_anchor_robust_ext/anchors/JAX_416_022_grid_50_00.json
JAX_505_016,JAX,grid,50,0,,1042346,263.3691371440473,296.21852001520773,396.36941607545856,128.0,515.0428532461101,0.0,28.613983154296875,5.60296630859375,7.435579299926758,28.613983154296875,0.014995708130300045,1.672499656677246,8.962183952331543,10.859672059668249,1.4002882089419204,1042296,1002731,16,5.553696753743396,6.910531847642014,-0.35487380275026265,0.33892572593608233,0.2882816975071515,5.554788598861203,6.91429792154645,-0.37580172846672905,0.34320341711733376,0.29219610401084084,/Users/anweshasaha/projects/DepthWizard2/data/dfc2019/raw/Truth/Track1-Truth/JAX_505_016_AGL.tif,/Users/anweshasaha/projects/DepthWizard2/data/dfc2019/experiments/dav2_baseline/depth/JAX_505_016_depth.npy,/Users/anweshasaha/projects/DepthWizard2/data/dfc2019/experiments/sparse_anchor_robust_ext/anchors/JAX_505_016_grid_50_00.json
JAX_505_018,JAX,grid,50,0,,1041574,263.3878364693404,296.21852001520773,396.3818411582448,127.0,515.0588625255416,0.0,26.777185440063477,6.827841281890869,7.6354289054870605,26.777185440063477,0.031637974083423615,4.222649097442627,11.168161392211914,12.561804821502287,1.0139773150634763,1041524,1001966,16,5.746568470581205,6.935957521068782,1.1991121324665126,0.2623641511199657,0.2030664241870154,5.747789024448257,6.932154826084546,1.217260247111868,0.26188453371024034,0.201652363579297,/Users/anweshasaha/projects/DepthWizard2/data/dfc2019/raw/Truth/Track1-Truth/JAX_505_018_AGL.tif,/Users/anweshasaha/projects/DepthWizard2/data/dfc2019/experiments/dav2_baseline/depth/JAX_505_018_depth.npy,/Users/anweshasaha/projects/DepthWizard2/data/dfc2019/experiments/sparse_anchor_robust_ext/anchors/JAX_505_018_grid_50_00.json
OMA_042_011,OMA,grid,50,0,,964304,263.3796719566641,296.208102522534,396.36863094851486,127.0,515.0434342052146,0.0,14.971858024597168,4.320082664489746,3.8997788429260254,14.971858024597168,0.0757191926240921,4.169495582580566,6.62581729888916,4.588856718243146,3.239318386711111,964254,926180,16,3.662799619489851,4.3703674713410665,0.6470373243243428,0.26166362039540014,0.33329550619568327,3.679753247883981,4.381738382905741,0.6646521241158754,0.26732207796159363,0.3375385290753721,/Users/anweshasaha/projects/DepthWizard2/data/dfc2019/raw/Truth/Track1-Truth/OMA_042_011_AGL.tif,/Users/anweshasaha/projects/DepthWizard2/data/dfc2019/experiments/dav2_baseline/depth/OMA_042_011_depth.npy,/Users/anweshasaha/projects/DepthWizard2/data/dfc2019/experiments/sparse_anchor_robust_ext/anchors/OMA_042_011_grid_50_00.json
OMA_084_038,OMA,grid,50,0,,1009453,263.39028076221797,296.21852001520773,396.3834653463739,126.0,515.0604509502157,0.0,26.37356948852539,3.3408758640289307,5.638692378997803,26.37356948852539,0.0,0.37477511167526245,3.8412694931030273,17.59615637309523,-2.816671996368373,1009403,970801,16,3.200068172604126,4.42292186003757,0.28196520515240164,0.4847442629294596,0.5532551511227105,3.2138649703732933,4.432903463828033,0.3037941780574428,0.48082597975223434,0.5501465309338085,/Users/anweshasaha/projects/DepthWizard2/data/dfc2019/raw/Truth/Track1-Truth/OMA_084_038_AGL.tif,/Users/anweshasaha/projects/DepthWizard2/data/dfc2019/experiments/dav2_baseline/depth/OMA_084_038_depth.npy,/Users/anweshasaha/projects/DepthWizard2/data/dfc2019/experiments/sparse_anchor_robust_ext/anchors/OMA_084_038_grid_50_00.json
OMA_134_027,OMA,grid,50,0,,961153,263.52429944883636,295.5375739225048,395.96403119475383,116.29703349613007,514.4979076173851,0.0,16.610673904418945,1.7714712619781494,3.820222854614258,16.610673904418945,0.0,0.0,0.9560379981994629,4.086454970634394,-0.36852575341651117,961103,925002,16,2.287153211217413,3.2246672522033193,-0.15112769562717202,0.26330316171488355,0.34596737744253553,2.276919604650922,3.1953171778310043,-0.1492420158152913,0.2661864068332153,0.3470003794663646,/Users/anweshasaha/projects/DepthWizard2/data/dfc2019/raw/Truth/Track1-Truth/OMA_134_027_AGL.tif,/Users/anweshasaha/projects/DepthWizard2/data/dfc2019/experiments/dav2_baseline/depth/OMA_134_027_depth.npy,/Users/anweshasaha/projects/DepthWizard2/data/dfc2019/experiments/sparse_anchor_robust_ext/anchors/OMA_134_027_grid_50_00.json
OMA_144_030,OMA,grid,50,0,,517212,263.37099612523775,296.13221641692417,396.3061584179585,122.00409829181969,514.9511090457004,0.0001769736409187317,0.06377208232879639,0.014560891315340996,0.015772653743624687,0.06359510868787766,0.003954303450882435,0.007107573561370373,0.021571360528469086,0.0013156560107745578,0.013951587898123346,517162,497372,16,0.013525736192077975,0.020323340341487403,-0.007055185408645379,-0.1326798812274454,-0.15454050750536977,0.013549714913028506,0.02042590457646481,-0.007072123769986818,-0.13437970155435908,-0.1569073232851835,/Users/anweshasaha/projects/DepthWizard2/data/dfc2019/raw/Truth/Track1-Truth/OMA_144_030_AGL.tif,/Users/anweshasaha/projects/DepthWizard2/data/dfc2019/experiments/dav2_baseline/depth/OMA_144_030_depth.npy,/Users/anweshasaha/projects/DepthWizard2/data/dfc2019/experiments/sparse_anchor_robust_ext/anchors/OMA_144_030_grid_50_00.json
OMA_198_002,OMA,grid,50,0,,845581,263.73844998407037,295.98888425074347,396.44342547203377,119.20570456148481,515.2425631492756,8.054450154304504e-05,14.307950019836426,3.8810956478118896,4.114943027496338,14.307869911193848,0.19659127295017242,2.45061993598938,7.455417633056641,14.85164651273098,-0.8019899567059627,845531,814142,16,2.7192589762082076,3.5589100103600817,0.19001887576015952,0.5374851681319588,0.599347350976805,2.732380944286792,3.573373457369639,0.1953066121001253,0.5340170649251741,0.5970663673935311,/Users/anweshasaha/projects/DepthWizard2/data/dfc2019/raw/Truth/Track1-Truth/OMA_198_002_AGL.tif,/Users/anweshasaha/projects/DepthWizard2/data/dfc2019/experiments/dav2_baseline/depth/OMA_198_002_depth.npy,/Users/anweshasaha/projects/DepthWizard2/data/dfc2019/experiments/sparse_anchor_robust_ext/anchors/OMA_198_002_grid_50_00.json
OMA_211_032,OMA,grid,50,0,,872103,263.4491222228687,296.31955993487844,396.4980726308767,126.0,515.2188122830361,0.0,12.6449613571167,1.2906265258789062,3.1250345706939697,12.6449613571167,0.0,0.001607990707270801,0.0611746720969677,0.3491606348454588,1.147434203593148,872053,839520,16,1.9074069991058602,2.9289290823918415,0.14893008706528285,0.13608614995254392,0.2415326951228915,1.9097555657069252,2.9393178089691947,0.14913602592967246,0.13863617349992502,0.24178968734563425,/Users/anweshasaha/projects/DepthWizard2/data/dfc2019/raw/Truth/Track1-Truth/OMA_211_032_AGL.tif,/Users/anweshasaha/projects/DepthWizard2/data/dfc2019/experiments/dav2_baseline/depth/OMA_211_032_depth.npy,/Users/anweshasaha/projects/DepthWizard2/data/dfc2019/experiments/sparse_anchor_robust_ext/anchors/OMA_211_032_grid_50_00.json
OMA_211_039,OMA,grid,50,0,,871386,263.38920327150845,296.1792025109123,396.3533680946839,125.0,515.0322742219067,0.0,10.287558555603027,0.7699265480041504,1.9054020643234253,10.287558555603027,0.0,0.00038660867721773684,0.0554608590900898,1.0811968810430959,0.3704252505399538,871336,838357,16,1.5544275628911173,2.9728909964544754,-0.3458523490002064,0.13460634210843073,0.05275601851585226,1.55897745025628,2.986218845198562,-0.3491423145670911,0.12933710812405122,0.05131270505156364,/Users/anweshasaha/projects/DepthWizard2/data/dfc2019/raw/Truth/Track1-Truth/OMA_211_039_AGL.tif,/Users/anweshasaha/projects/DepthWizard2/data/dfc2019/experiments/dav2_baseline/depth/OMA_211_039_depth.npy,/Users/anweshasaha/projects/DepthWizard2/data/dfc2019/experiments/sparse_anchor_robust_ext/anchors/OMA_211_039_grid_50_00.json
OMA_212_033,OMA,grid,50,0,,807901,263.3824109541106,296.15970623972464,396.33428567309187,126.00396819148197,514.9981871787808,0.0,14.099467277526855,1.035219669342041,3.032191514968872,14.099467277526855,0.0,0.0013603316619992256,0.016254840418696404,5.381166351734879,-1.2060001595931158,807851,776797,16,1.9785700851770982,3.2990812192444703,-0.23617194759800889,0.41203541622842543,0.18528433410556586,1.9741202447168054,3.294155435540423,-0.2275807531736634,0.4146043229663383,0.1881371654750746,/Users/anweshasaha/projects/DepthWizard2/data/dfc2019/raw/Truth/Track1-Truth/OMA_212_033_AGL.tif,/Users/anweshasaha/projects/DepthWizard2/data/dfc2019/experiments/dav2_baseline/depth/OMA_212_033_depth.npy,/Users/anweshasaha/projects/DepthWizard2/data/dfc2019/experiments/sparse_anchor_robust_ext/anchors/OMA_212_033_grid_50_00.json
OMA_221_034,OMA,grid,50,0,,773369,263.2778950082973,295.73580709815985,395.94812488506625,110.54863183232979,514.4735748537354,0.0,19.90211296081543,4.076442718505859,5.626379489898682,19.90211296081543,0.005150851793587208,0.10215137898921967,7.902893543243408,16.58934739871096,-4.79132135799396,773319,744242,16,3.195423208490227,4.314082561400337,-0.46427235466945654,0.6520343904558754,0.7360245931550873,3.1879773578475996,4.305867188158249,-0.468117861037709,0.6543145464887428,0.7374313410877461,/Users/anweshasaha/projects/DepthWizard2/data/dfc2019/raw/Truth/Track1-Truth/OMA_221_034_AGL.tif,/Users/anweshasaha/projects/DepthWizard2/data/dfc2019/experiments/dav2_baseline/depth/OMA_221_034_depth.npy,/Users/anweshasaha/projects/DepthWizard2/data/dfc2019/experiments/sparse_anchor_robust_ext/anchors/OMA_221_034_grid_50_00.json
OMA_225_001,OMA,grid,50,0,,684398,263.68885907447816,296.85724245839117,397.0592358830103,97.32420048477151,515.9113157717287,0.0014284203061833978,9.84691047668457,1.6131945848464966,2.767483711242676,9.845481872558594,0.008141973987221718,0.08980536460876465,2.4941701889038086,5.240417297196307,-0.44247372329933254,684348,655383,16,2.270805946160302,3.280707508566185,-0.575345740101443,0.4724985452756859,0.39924762249416723,2.2856230211611464,3.2999444811914445,-0.5821461316216059,0.470920991472655,0.39663776743213774,/Users/anweshasaha/projects/DepthWizard2/data/dfc2019/raw/Truth/Track1-Truth/OMA_225_001_AGL.tif,/Users/anweshasaha/projects/DepthWizard2/data/dfc2019/experiments/dav2_baseline/depth/OMA_225_001_depth.npy,/Users/anweshasaha/projects/DepthWizard2/data/dfc2019/experiments/sparse_anchor_robust_ext/anchors/OMA_225_001_grid_50_00.json
OMA_230_036,OMA,grid,50,0,,693160,263.4597267135909,296.2774706250882,396.4736652036299,126.0,515.1883692178503,0.0,12.071136474609375,1.5629708766937256,2.938451051712036,12.071136474609375,0.003731315489858389,0.01565522514283657,1.6576324701309204,8.65813425802999,-0.9816625557429033,693110,666387,16,1.7973438679180367,2.5310470463652854,0.15598216590172623,0.5231327987139122,0.43892743929685996,1.8033313821005978,2.533966283505134,0.16343329110887894,0.5244928273769418,0.4382989174711014,/Users/anweshasaha/projects/DepthWizard2/data/dfc2019/raw/Truth/Track1-Truth/OMA_230_036_AGL.tif,/Users/anweshasaha/projects/DepthWizard2/data/dfc2019/experiments/dav2_baseline/depth/OMA_230_036_depth.npy,/Users/anweshasaha/projects/DepthWizard2/data/dfc2019/experiments/sparse_anchor_robust_ext/anchors/OMA_230_036_grid_50_00.json
OMA_248_029,OMA,grid,50,0,,918210,263.32060762500146,296.13893293520186,396.2776930386064,127.0,514.9234109882754,-8.051109148254909e-07,24.56523323059082,3.607165575027466,6.154627323150635,24.56523323059082,0.0,0.006075759418308735,5.258106231689453,23.148446241144523,-3.9926399283468945,918160,883222,16,3.6031448396098513,4.760703208774977,0.10884620118265367,0.7051942729403677,0.6348022564047088,3.6043739889626174,4.765751113012058,0.11967178327470052,0.7053290340173214,0.6355774669465902,/Users/anweshasaha/projects/DepthWizard2/data/dfc2019/raw/Truth/Track1-Truth/OMA_248_029_AGL.tif,/Users/anweshasaha/projects/DepthWizard2/data/dfc2019/experiments/dav2_baseline/depth/OMA_248_029_depth.npy,/Users/anweshasaha/projects/DepthWizard2/data/dfc2019/experiments/sparse_anchor_robust_ext/anchors/OMA_248_029_grid_50_00.json
OMA_248_030,OMA,grid,50,0,,915092,263.3483654781248,296.09718944968057,396.26494571183053,126.0,514.9047869858159,0.0,24.93514060974121,2.911078691482544,5.7159037590026855,24.93514060974121,0.0,0.00024383726122323424,2.325039863586426,20.841194671224795,-3.7610623399759175,915042,879880,16,3.2721021040183107,4.432819665272435,-0.4575803881098235,0.7452849303893951,0.6197162909843243,3.282511224990148,4.451408775981712,-0.4727854389878484,0.7458495409688262,0.6235453366617053,/Users/anweshasaha/projects/DepthWizard2/data/dfc2019/raw/Truth/Track1-Truth/OMA_248_030_AGL.tif,/Users/anweshasaha/projects/DepthWizard2/data/dfc2019/experiments/dav2_baseline/depth/OMA_248_030_depth.npy,/Users/anweshasaha/projects/DepthWizard2/data/dfc2019/experiments/sparse_anchor_robust_ext/anchors/OMA_248_030_grid_50_00.json
OMA_258_020,OMA,grid,50,0,,962900,263.3582381472051,296.2285799851189,396.3696925850915,126.01587201618692,515.0378163103671,0.0,9.792030334472656,0.7320985198020935,2.138644218444824,9.792030334472656,0.0,0.0,0.0035100639797747135,-3.6501961735282036,2.325121837563911,962850,927111,16,1.574398833839174,2.939724062359479,-0.36652261644008943,-0.08343491665091896,0.0397759784212171,1.5891893527445828,2.9694260558149708,-0.3812933987476508,-0.09194990081931266,0.03333381520736802,/Users/anweshasaha/projects/DepthWizard2/data/dfc2019/raw/Truth/Track1-Truth/OMA_258_020_AGL.tif,/Users/anweshasaha/projects/DepthWizard2/data/dfc2019/experiments/dav2_baseline/depth/OMA_258_020_depth.npy,/Users/anweshasaha/projects/DepthWizard2/data/dfc2019/experiments/sparse_anchor_robust_ext/anchors/OMA_258_020_grid_50_00.json
OMA_269_035,OMA,grid,50,0,,745162,263.2800979945123,296.26664746474586,396.346232983234,125.03599481749245,515.0039571107783,3.0757639706280315e-06,19.373634338378906,2.3126327991485596,3.5231356620788574,19.37363052368164,0.0067822872661054134,0.8063432574272156,3.4478461742401123,12.974879413912996,-2.0274480034771387,745112,715126,16,1.6480672911207057,2.3077300016203695,0.5499793655320724,0.6786876156435786,0.6479104881203702,1.6407589300772325,2.284282749184524,0.566630667363134,0.6832189405529299,0.649239754126719,/Users/anweshasaha/projects/DepthWizard2/data/dfc2019/raw/Truth/Track1-Truth/OMA_269_035_AGL.tif,/Users/anweshasaha/projects/DepthWizard2/data/dfc2019/experiments/dav2_baseline/depth/OMA_269_035_depth.npy,/Users/anweshasaha/projects/DepthWizard2/data/dfc2019/experiments/sparse_anchor_robust_ext/anchors/OMA_269_035_grid_50_00.json
OMA_281_002,OMA,grid,50,0,,894105,263.5275317685042,296.19033137494546,396.45361948152265,123.0,515.1633210172602,0.0,28.63188934326172,1.5811681747436523,4.576442718505859,28.63188934326172,0.0,0.002070619259029627,0.1547042429447174,39.99130171332825,-4.827921829187024,894055,861569,16,3.0107878920747004,4.845059551053099,0.42013982192512206,0.6772586133678413,0.6150281179599519,3.0408844807354725,4.892966394065827,0.43367769152543767,0.6755595704713659,0.6186412266759195,/Users/anweshasaha/projects/DepthWizard2/data/dfc2019/raw/Truth/Track1-Truth/OMA_281_002_AGL.tif,/Users/anweshasaha/projects/DepthWizard2/data/dfc2019/experiments/dav2_baseline/depth/OMA_281_002_depth.npy,/Users/anweshasaha/projects/DepthWizard2/data/dfc2019/experiments/sparse_anchor_robust_ext/anchors/OMA_281_002_grid_50_00.json
OMA_281_030,OMA,grid,50,0,,893434,263.38387498098666,296.0287290112228,396.2373960140562,126.01587201618692,514.8711271590142,0.0,30.689449310302734,2.853194236755371,7.05959415435791,30.689449310302734,0.0,0.0,1.3715306520462036,38.4445465722712,-4.558604353650249,893384,860890,16,1.93841601129746,3.709892063987165,-0.02515342414898777,0.8266567733894485,0.6325172110017707,1.9532375666413364,3.7553445672256554,-0.029788470109401468,0.8194452762621856,0.6324866519100296,/Users/anweshasaha/projects/DepthWizard2/data/dfc2019/raw/Truth/Track1-Truth/OMA_281_030_AGL.tif,/Users/anweshasaha/projects/DepthWizard2/data/dfc2019/experiments/dav2_baseline/depth/OMA_281_030_depth.npy,/Users/anweshasaha/projects/DepthWizard2/data/dfc2019/experiments/sparse_anchor_robust_ext/anchors/OMA_281_030_grid_50_00.json
OMA_315_019,OMA,grid,50,0,,725635,263.3665590009483,296.08904674101,396.2709527583368,124.00403219250575,514.9230331472114,0.0,17.68356704711914,3.314274787902832,4.505646228790283,17.68356704711914,0.007720997091382742,0.5716804265975952,5.750431060791016,16.039486745755454,-3.2878986640550485,725585,694730,16,2.5531228654596356,3.208501603323296,-0.05900292416434311,0.664658784302303,0.6272290633658925,2.5439778059667084,3.2046637690423787,-0.02858488191937033,0.660294767139114,0.621350737942133,/Users/anweshasaha/projects/DepthWizard2/data/dfc2019/raw/Truth/Track1-Truth/OMA_315_019_AGL.tif,/Users/anweshasaha/projects/DepthWizard2/data/dfc2019/experiments/dav2_baseline/depth/OMA_315_019_depth.npy,/Users/anweshasaha/projects/DepthWizard2/data/dfc2019/experiments/sparse_anchor_robust_ext/anchors/OMA_315_019_grid_50_00.json
OMA_315_020,OMA,grid,50,0,,727794,263.3929391612463,296.02310990866914,396.23922319730036,125.00399993600205,514.8772680782172,0.0,16.65854263305664,3.001495599746704,4.026113986968994,16.65854263305664,0.008956082165241241,0.3854639232158661,4.919363021850586,15.137209335021785,-1.9469182668328275,727744,696678,16,1.9191693197975612,2.6704683755883263,-0.2731824996106097,0.7857257064142857,0.7746012819082165,1.9073423035950878,2.6625959127935435,-0.2648650457567641,0.786706224735124,0.7732865979489841,/Users/anweshasaha/projects/DepthWizard2/data/dfc2019/raw/Truth/Track1-Truth/OMA_315_020_AGL.tif,/Users/anweshasaha/projects/DepthWizard2/data/dfc2019/experiments/dav2_baseline/depth/OMA_315_020_depth.npy,/Users/anweshasaha/projects/DepthWizard2/data/dfc2019/experiments/sparse_anchor_robust_ext/anchors/OMA_315_020_grid_50_00.json
OMA_332_037,OMA,grid,50,0,,917339,263.3300446208142,296.29636244814077,396.40162310464876,125.0,515.0799546974101,0.0,29.771900177001953,2.8468565940856934,6.060384750366211,29.771900177001953,0.0,0.009457643143832684,2.4737589359283447,3.788340660464016,1.0155678981229888,917289,882987,16,2.8048726824152017,3.646184577341865,1.0514977980387494,0.2774452066437285,0.33636863410576906,2.7707220432439135,3.5335965721346567,1.0909803403466727,0.2891472496182572,0.3358750116679579,/Users/anweshasaha/projects/DepthWizard2/data/dfc2019/raw/Truth/Track1-Truth/OMA_332_037_AGL.tif,/Users/anweshasaha/projects/DepthWizard2/data/dfc2019/experiments/dav2_baseline/depth/OMA_332_037_depth.npy,/Users/anweshasaha/projects/DepthWizard2/data/dfc2019/experiments/sparse_anchor_robust_ext/anchors/OMA_332_037_grid_50_00.json
OMA_364_003,OMA,grid,50,0,,902453,263.34568080756515,296.1762286207318,396.3222249634759,123.03657992645927,514.9846287225437,0.0,13.712336540222168,1.1697055101394653,2.8459088802337646,13.712336540222168,0.0004257918626535684,0.014884008094668388,0.44431549310684204,6.305394151235026,-0.5650457902866466,902403,870278,16,2.326314744678871,3.5230860614227884,-0.605663867336794,0.4051095020761501,0.1531969341836856,2.350477623914948,3.55604028397124,-0.6273909914854449,0.40409319316961434,0.1556774929021116,/Users/anweshasaha/projects/DepthWizard2/data/dfc2019/raw/Truth/Track1-Truth/OMA_364_003_AGL.tif,/Users/anweshasaha/projects/DepthWizard2/data/dfc2019/experiments/dav2_baseline/depth/OMA_364_003_depth.npy,/Users/anweshasaha/projects/DepthWizard2/data/dfc2019/experiments/sparse_anchor_robust_ext/anchors/OMA_364_003_grid_50_00.json
OMA_364_043,OMA,grid,50,0,,899310,263.370331662471,296.3409934518004,396.46174594782786,126.00396819148197,515.1598562755515,0.0,11.341348648071289,1.2073030471801758,2.7334985733032227,11.341348648071289,6.165973900351673e-05,0.016242053359746933,0.1445176899433136,8.553334939463907,-1.2449730391962566,899260,866523,16,2.3277783000887267,3.499488921928402,-0.6056940387053493,0.433967321744554,0.2194943737865765,2.3577017530644957,3.5345414288963664,-0.6300971101782845,0.43105603874230547,0.22193638238095215,/Users/anweshasaha/projects/DepthWizard2/data/dfc2019/raw/Truth/Track1-Truth/OMA_364_043_AGL.tif,/Users/anweshasaha/projects/DepthWizard2/data/dfc2019/experiments/dav2_baseline/depth/OMA_364_043_depth.npy,/Users/anweshasaha/projects/DepthWizard2/data/dfc2019/experiments/sparse_anchor_robust_ext/anchors/OMA_364_043_grid_50_00.json
OMA_376_023,OMA,grid,50,0,,788342,263.54521130159054,295.69884950740004,396.09833122597223,116.0,514.684506763809,0.0,16.263940811157227,0.6409551501274109,2.6420953273773193,16.263940811157227,0.0,0.001437238184735179,0.026976166293025017,16.069965832941243,-4.228735058164361,788292,758472,16,1.4009113316040995,2.0332213180554133,-0.3102528276966872,0.7670638783032953,0.6866891250518793,1.4061640635182737,2.0379005246055004,-0.3156105131398552,0.7689392328406259,0.6867448471413351,/Users/anweshasaha/projects/DepthWizard2/data/dfc2019/raw/Truth/Track1-Truth/OMA_376_023_AGL.tif,/Users/anweshasaha/projects/DepthWizard2/data/dfc2019/experiments/dav2_baseline/depth/OMA_376_023_depth.npy,/Users/anweshasaha/projects/DepthWizard2/data/dfc2019/experiments/sparse_anchor_robust_ext/anchors/OMA_376_023_grid_50_00.json
OMA_376_038,OMA,grid,50,0,,793137,263.01432964764484,296.1097154772197,396.05239703857364,113.21660655575224,514.6209088994888,0.0,3.0855939388275146,0.14213721454143524,0.5238775610923767,3.0855939388275146,0.0,0.0017212913371622562,0.009315135888755322,2.1339415560585593,-0.5012138189092619,793087,763897,16,1.1543980426999945,3.1405757573119715,-0.9381823848822308,0.6454106382022786,0.6655663211627775,1.1720584428828233,3.1697991777036236,-0.95656598383932,0.6473441393689079,0.664751061986225,/Users/anweshasaha/projects/DepthWizard2/data/dfc2019/raw/Truth/Track1-Truth/OMA_376_038_AGL.tif,/Users/anweshasaha/projects/DepthWizard2/data/dfc2019/experiments/dav2_baseline/depth/OMA_376_038_depth.npy,/Users/anweshasaha/projects/DepthWizard2/data/dfc2019/experiments/sparse_anchor_robust_ext/anchors/OMA_376_038_grid_50_00.json
JAX_004_006,JAX,grid,100,0,,1040639,294.120026349788,294.12174350088435,415.94974444035904,101.0,536.4974115117675,0.0,17.41628646850586,3.3869571685791016,4.720109939575195,17.41628646850586,0.02109605073928833,0.34849977493286133,5.0959954261779785,19.18171379880524,-2.1436048400939898,1040539,961521,16,2.7623368139127704,3.6108050437812995,0.12175163626773382,0.7252852448685696,0.6247976153150898,2.764183374680805,3.6076825838190723,0.11100039337089151,0.7300627119318573,0.6301437035077933,/Users/anweshasaha/projects/DepthWizard2/data/dfc2019/raw/Truth/Track1-Truth/JAX_004_006_AGL.tif,/Users/anweshasaha/projects/DepthWizard2/data/dfc2019/experiments/dav2_baseline/depth/JAX_004_006_depth.npy,/Users/anweshasaha/projects/DepthWizard2/data/dfc2019/experiments/sparse_anchor_robust_ext/anchors/JAX_004_006_grid_100_00.json
JAX_004_014,JAX,grid,100,0,,1040261,294.12174350088435,294.12174350088435,415.95095864777136,102.0,536.4990059879694,0.0,28.665531158447266,4.0274739265441895,5.973011493682861,28.665531158447266,0.011240404099225998,0.11525851488113403,7.582615852355957,31.61982006538769,-4.089903748778466,1040161,961159,16,2.312832108505904,3.268942389595746,0.19127601548312748,0.8142854075506676,0.7292843702658609,2.319529041497678,3.289713408694787,0.1999792740340367,0.8102356107445119,0.7298917555735234,/Users/anweshasaha/projects/DepthWizard2/data/dfc2019/raw/Truth/Track1-Truth/JAX_004_014_AGL.tif,/Users/anweshasaha/projects/DepthWizard2/data/dfc2019/experiments/dav2_baseline/depth/JAX_004_014_depth.npy,/Users/anweshasaha/projects/DepthWizard2/data/dfc2019/experiments/sparse_anchor_robust_ext/anchors/JAX_004_014_grid_100_00.json
JAX_004_016,JAX,grid,100,0,,1040841,294.12174350088435,294.12174350088435,415.95095864777136,102.0,536.4990059879694,0.0,19.055545806884766,3.999274253845215,5.868318557739258,19.055545806884766,0.016338462010025978,0.11365160346031189,7.565040588378906,26.776921027035687,-4.2455868890068835,1040741,961709,16,2.9369855021917504,3.990775529360925,0.23450283067170585,0.6948154085159365,0.5409838843950061,2.9515128835938986,4.010238766345539,0.25645849136764004,0.6880348411156563,0.538123886324891,/Users/anweshasaha/projects/DepthWizard2/data/dfc2019/raw/Truth/Track1-Truth/JAX_004_016_AGL.tif,/Users/anweshasaha/projects/DepthWizard2/data/dfc2019/experiments/dav2_baseline/depth/JAX_004_016_depth.npy,/Users/anweshasaha/projects/DepthWizard2/data/dfc2019/experiments/sparse_anchor_robust_ext/anchors/JAX_004_016_grid_100_00.json
JAX_018_012,JAX,grid,100,0,,1038949,294.12174350088435,294.13046408014253,415.9571250742076,101.0,536.5077564402764,0.0,15.581998825073242,3.2472012042999268,4.38489294052124,15.581998825073242,0.011489298194646835,0.1835552155971527,5.355681419372559,14.589436280708203,-1.9658004023813036,1038849,959837,16,2.708925974569779,3.6069407467041303,0.31931585288953657,0.5813561617556927,0.5721511048745236,2.6998104518306842,3.5990880677269232,0.33664245524769254,0.5834267517218852,0.5717825687639875,/Users/anweshasaha/projects/DepthWizard2/data/dfc2019/raw/Truth/Track1-Truth/JAX_018_012_AGL.tif,/Users/anweshasaha/projects/DepthWizard2/data/dfc2019/experiments/dav2_baseline/depth/JAX_018_012_depth.npy,/Users/anweshasaha/projects/DepthWizard2/data/dfc2019/experiments/sparse_anchor_robust_ext/anchors/JAX_018_012_grid_100_00.json
JAX_022_009,JAX,grid,100,0,,1040062,294.12174350088435,294.12174350088435,415.95095864777136,102.0,536.4990059879694,0.0,18.577436447143555,3.617046594619751,5.106449127197266,18.577436447143555,0.014961429871618748,0.16120223701000214,5.446076393127441,6.440589739825044,1.0370372052294923,1039962,961330,16,3.787599814321894,4.772194343495185,-0.2881076241113122,0.16528510863173,0.14631024996950404,3.775582847240383,4.766506625253466,-0.30424973785210013,0.15904151871795802,0.1487068831791356,/Users/anweshasaha/projects/DepthWizard2/data/dfc2019/raw/Truth/Track1-Truth/JAX_022_009_AGL.tif,/Users/anweshasaha/projects/DepthWizard2/data/dfc2019/experiments/dav2_baseline/depth/JAX_022_009_depth.npy,/Users/anweshasaha/projects/DepthWizard2/data/dfc2019/experiments/sparse_anchor_robust_ext/anchors/JAX_022_009_grid_100_00.json
JAX_031_006,JAX,grid,100,0,,1041600,294.12174350088435,294.12174350088435,415.95095864777136,102.0,536.4990059879694,0.0,19.869935989379883,4.411304473876953,5.587502479553223,19.869935989379883,0.01660791225731373,0.9789673686027527,8.293388366699219,20.964279305123274,-1.1294320211722146,1041500,962371,16,3.3760024164766094,4.407456143962722,-0.30074085540343765,0.6267755794821324,0.5528894809835208,3.3883253841886005,4.426632296570621,-0.3077201497361123,0.6251565725534483,0.5495300588477997,/Users/anweshasaha/projects/DepthWizard2/data/dfc2019/raw/Truth/Track1-Truth/JAX_031_006_AGL.tif,/Users/anweshasaha/projects/DepthWizard2/data/dfc2019/experiments/dav2_baseline/depth/JAX_031_006_depth.npy,/Users/anweshasaha/projects/DepthWizard2/data/dfc2019/experiments/sparse_anchor_robust_ext/anchors/JAX_031_006_grid_100_00.json
JAX_072_015,JAX,grid,100,0,,1037517,294.12871264125164,294.12174350088435,415.9558866033753,102.0,536.505496350986,0.0,13.298572540283203,2.2423486709594727,3.6511759757995605,13.298572540283203,0.000985040795058012,0.045585062354803085,3.692795753479004,6.12911711764523,-0.16878817533443602,1037417,958712,16,3.076800578549663,4.206623621911167,-0.7934518011346743,0.390784443379523,0.31030819589519537,3.111349299943326,4.252284048429378,-0.8365111358877478,0.3874542013569323,0.3082210571114057,/Users/anweshasaha/projects/DepthWizard2/data/dfc2019/raw/Truth/Track1-Truth/JAX_072_015_AGL.tif,/Users/anweshasaha/projects/DepthWizard2/data/dfc2019/experiments/dav2_baseline/depth/JAX_072_015_depth.npy,/Users/anweshasaha/projects/DepthWizard2/data/dfc2019/experiments/sparse_anchor_robust_ext/anchors/JAX_072_015_grid_100_00.json
JAX_118_012,JAX,grid,100,0,,1037080,294.13046408014253,294.12174350088435,415.9571250742076,101.0,536.5077564402765,0.0,16.791378021240234,2.601957082748413,4.148580074310303,16.791378021240234,0.004853629041463137,0.05983664095401764,4.645354270935059,16.06733226352803,-1.9510002890877174,1036980,958127,16,2.304582335054142,3.212540111962746,0.07387757164923703,0.655323453312211,0.45094933794753056,2.315397613101567,3.2282883907532307,0.06838630063681823,0.6507795801493079,0.44814694034760805,/Users/anweshasaha/projects/DepthWizard2/data/dfc2019/raw/Truth/Track1-Truth/JAX_118_012_AGL.tif,/Users/anweshasaha/projects/DepthWizard2/data/dfc2019/experiments/dav2_baseline/depth/JAX_118_012_depth.npy,/Users/anweshasaha/projects/DepthWizard2/data/dfc2019/experiments/sparse_anchor_robust_ext/anchors/JAX_118_012_grid_100_00.json
JAX_118_015,JAX,grid,100,0,,1037816,294.1374336938432,294.11305632358454,415.95591088479557,101.0,536.5051388476454,0.0,17.60285186767578,2.8795671463012695,4.473886489868164,17.60285186767578,0.009232785552740097,0.1820298135280609,5.439152717590332,22.865728572227955,-4.964943303296638,1037716,958951,16,2.037302122228059,2.8641949045583344,-0.08441152188184294,0.743313023355321,0.550790746004324,2.0507935481809842,2.8866489403234827,-0.09530845656122829,0.7391763091902657,0.5479305665823878,/Users/anweshasaha/projects/DepthWizard2/data/dfc2019/raw/Truth/Track1-Truth/JAX_118_015_AGL.tif,/Users/anweshasaha/projects/DepthWizard2/data/dfc2019/experiments/dav2_baseline/depth/JAX_118_015_depth.npy,/Users/anweshasaha/projects/DepthWizard2/data/dfc2019/experiments/sparse_anchor_robust_ext/anchors/JAX_118_015_grid_100_00.json
JAX_149_006,JAX,grid,100,0,,1039135,294.12174350088435,294.12174350088435,415.95095864777136,102.0,536.4990059879694,0.0,20.66796875,5.035513877868652,6.4121880531311035,20.66796875,0.05221325904130936,1.0557334423065186,9.389355659484863,16.358013531762637,0.7225222773535247,1039035,960195,16,4.03550927214127,5.3122536295663965,-0.3779176256087608,0.553282784102117,0.4964100942462847,4.035094076492907,5.315070240133785,-0.38013486791815243,0.5517256546727853,0.49468545164542027,/Users/anweshasaha/projects/DepthWizard2/data/dfc2019/raw/Truth/Track1-Truth/JAX_149_006_AGL.tif,/Users/anweshasaha/projects/DepthWizard2/data/dfc2019/experiments/dav2_baseline/depth/JAX_149_006_depth.npy,/Users/anweshasaha/projects/DepthWizard2/data/dfc2019/experiments/sparse_anchor_robust_ext/anchors/JAX_149_006_grid_100_00.json
JAX_149_025,JAX,grid,100,0,,1039769,294.12174350088435,294.11652435726893,415.9472681723009,102.0,536.4937053135048,0.0,18.628522872924805,5.182188510894775,5.810049057006836,18.628522872924805,0.048837918788194656,2.447638511657715,10.463912963867188,11.969918803399496,1.5719834858903279,1039669,960866,16,4.679150157287675,5.805520813100039,-0.4613968988354777,0.4311366122537038,0.37668487112683513,4.681697930730752,5.812889696886705,-0.4703441617948201,0.431083933497963,0.37329410713216626,/Users/anweshasaha/projects/DepthWizard2/data/dfc2019/raw/Truth/Track1-Truth/JAX_149_025_AGL.tif,/Users/anweshasaha/projects/DepthWizard2/data/dfc2019/experiments/dav2_baseline/depth/JAX_149_025_depth.npy,/Users/anweshasaha/projects/DepthWizard2/data/dfc2019/experiments/sparse_anchor_robust_ext/anchors/JAX_149_025_grid_100_00.json
JAX_161_001,JAX,grid,100,0,,1035341,294.12174350088435,294.1113387817614,415.943601465391,101.0,536.4894129017455,0.0,13.881105422973633,2.364516019821167,3.4564411640167236,13.881105422973633,0.0037910430692136288,0.04295477271080017,4.176702499389648,15.175318808341064,-2.067092163207189,1035241,956527,16,1.6782389626720307,2.2627593937125683,0.12577560307340047,0.7733023035003349,0.6060823705940915,1.6771566278878531,2.269940132471117,0.1292304287943672,0.7718668162602483,0.6058544339359416,/Users/anweshasaha/projects/DepthWizard2/data/dfc2019/raw/Truth/Track1-Truth/JAX_161_001_AGL.tif,/Users/anweshasaha/projects/DepthWizard2/data/dfc2019/experiments/dav2_baseline/depth/JAX_161_001_depth.npy,/Users/anweshasaha/projects/DepthWizard2/data/dfc2019/experiments/sparse_anchor_robust_ext/anchors/JAX_161_001_grid_100_00.json
JAX_164_008,JAX,grid,100,0,,1037470,294.116524357269,294.1269962108205,415.95098244865346,101.0,536.4993350276197,0.0,62.376216888427734,7.732921123504639,13.942115783691406,62.376216888427734,0.0019114711321890354,0.10214820504188538,9.887815475463867,49.76945939095284,-5.756681749266102,1037370,958362,16,5.218848771213533,8.912126072560154,0.054001280078638254,0.7303003590816004,0.6121377202880695,5.1917825300442795,8.881317725723605,0.05722696717054151,0.7293543107411169,0.6109878831034319,/Users/anweshasaha/projects/DepthWizard2/data/dfc2019/raw/Truth/Track1-Truth/JAX_164_008_AGL.tif,/Users/anweshasaha/projects/DepthWizard2/data/dfc2019/experiments/dav2_baseline/depth/JAX_164_008_depth.npy,/Users/anweshasaha/projects/DepthWizard2/data/dfc2019/experiments/sparse_anchor_robust_ext/anchors/JAX_164_008_grid_100_00.json
JAX_165_015,JAX,grid,100,0,,1042120,294.1357162943664,294.133931908578,415.9694574124403,101.00495037373169,536.5242335574856,0.0,73.36100006103516,9.599071502685547,11.16165542602539,73.36100006103516,0.040817879140377045,6.589750289916992,16.23708724975586,46.42558972005209,-5.759323268352329,1042020,963037,16,5.379540914721689,7.201688479215683,0.061313876519964866,0.7751342552674305,0.6798240975302953,5.362841711066924,7.191324144977864,0.07623268083317251,0.7767227325109163,0.681125657148884,/Users/anweshasaha/projects/DepthWizard2/data/dfc2019/raw/Truth/Track1-Truth/JAX_165_015_AGL.tif,/Users/anweshasaha/projects/DepthWizard2/data/dfc2019/experiments/dav2_baseline/depth/JAX_165_015_depth.npy,/Users/anweshasaha/projects/DepthWizard2/data/dfc2019/experiments/sparse_anchor_robust_ext/anchors/JAX_165_015_grid_100_00.json
JAX_166_006,JAX,grid,100,0,,1040574,294.12174350088435,294.133931908578,415.9595772427893,102.0,536.510981057111,0.0,63.96265411376953,9.993426322937012,15.846494674682617,63.96265411376953,0.017453189939260483,1.4773213863372803,13.964767456054688,54.34728777419272,-1.9489992462168235,1040474,961442,16,5.324416051423083,10.413246785296703,-0.746500402910156,0.7978238391376716,0.7846058650950795,5.310390366061647,10.458824882427635,-0.7908224732710772,0.7992961030884855,0.7847099206080761,/Users/anweshasaha/projects/DepthWizard2/data/dfc2019/raw/Truth/Track1-Truth/JAX_166_006_AGL.tif,/Users/anweshasaha/projects/DepthWizard2/data/dfc2019/experiments/dav2_baseline/depth/JAX_166_006_depth.npy,/Users/anweshasaha/projects/DepthWizard2/data/dfc2019/experiments/sparse_anchor_robust_ext/anchors/JAX_166_006_grid_100_00.json
JAX_175_002,JAX,grid,100,0,,1039045,294.133931908578,294.1427517379954,415.9744322671767,100.0,536.530956899928,0.0,38.06599807739258,3.8284053802490234,7.067287445068359,38.06599807739258,9.820791456149891e-05,0.03284842520952225,5.377402305603027,20.40763588027117,-1.4750109534572764,1038945,960271,16,2.868896564946259,5.526576237311305,-0.04946696607290904,0.7017337968969821,0.6618948730023436,2.8865546523449774,5.5579693833635515,-0.05538513667439475,0.7010327176155902,0.6577456965114162,/Users/anweshasaha/projects/DepthWizard2/data/dfc2019/raw/Truth/Track1-Truth/JAX_175_002_AGL.tif,/Users/anweshasaha/projects/DepthWizard2/data/dfc2019/experiments/dav2_baseline/depth/JAX_175_002_depth.npy,/Users/anweshasaha/projects/DepthWizard2/data/dfc2019/experiments/sparse_anchor_robust_ext/anchors/JAX_175_002_grid_100_00.json
JAX_204_005,JAX,grid,100,0,,1037431,294.12174350088435,294.12174350088435,415.95095864777136,102.0,536.4990059879694,0.0,21.409400939941406,2.1801130771636963,4.271117687225342,21.409400939941406,0.0029843978118151426,0.02698126994073391,2.5359601974487305,13.317827044581382,-2.712839847784934,1037331,958427,16,2.66372410786953,3.744777633567999,-0.300086940667377,0.5588575166243839,0.3748201859601326,2.6713844339948976,3.7566714529832406,-0.31927871427410937,0.5609721892424734,0.3770736788674862,/Users/anweshasaha/projects/DepthWizard2/data/dfc2019/raw/Truth/Track1-Truth/JAX_204_005_AGL.tif,/Users/anweshasaha/projects/DepthWizard2/data/dfc2019/experiments/dav2_baseline/depth/JAX_204_005_depth.npy,/Users/anweshasaha/projects/DepthWizard2/data/dfc2019/experiments/sparse_anchor_robust_ext/anchors/JAX_204_005_grid_100_00.json
JAX_214_015,JAX,grid,100,0,,989067,294.14628945475414,294.092381914255,415.9475552278195,99.02019995940222,536.4895895709163,0.0,88.6631088256836,9.695688247680664,15.66526985168457,88.6631088256836,0.010840384289622307,1.4738929271697998,15.135088920593262,58.82949908927292,-10.35209837659135,988967,914039,16,7.615250816570201,10.146760025255137,0.47116547927985797,0.7342638523445237,0.7120319373013898,7.626545717884589,10.179518299386867,0.46460643102983,0.7336079276628951,0.7116384021655969,/Users/anweshasaha/projects/DepthWizard2/data/dfc2019/raw/Truth/Track1-Truth/JAX_214_015_AGL.tif,/Users/anweshasaha/projects/DepthWizard2/data/dfc2019/experiments/dav2_baseline/depth/JAX_214_015_depth.npy,/Users/anweshasaha/projects/DepthWizard2/data/dfc2019/experiments/sparse_anchor_robust_ext/anchors/JAX_214_015_grid_100_00.json
JAX_214_023,JAX,grid,100,0,,997344,294.1391847408298,294.13743369384326,415.9743861104912,102.0,536.5275552077787,0.0,82.83328247070312,10.864279747009277,15.621162414550781,82.83328247070312,0.015916261821985245,5.391017913818359,16.316911697387695,46.904526509513865,-4.2412834684003435,997244,921126,16,6.880507185006784,10.57925838798357,0.6264120293113972,0.7222261858760785,0.7446556410429976,6.882141037699357,10.576327199515266,0.6297540289327472,0.7215736158082839,0.7442886934800443,/Users/anweshasaha/projects/DepthWizard2/data/dfc2019/raw/Truth/Track1-Truth/JAX_214_023_AGL.tif,/Users/anweshasaha/projects/DepthWizard2/data/dfc2019/experiments/dav2_baseline/depth/JAX_214_023_depth.npy,/Users/anweshasaha/projects/DepthWizard2/data/dfc2019/experiments/sparse_anchor_robust_ext/anchors/JAX_214_023_grid_100_00.json
JAX_224_025,JAX,grid,100,0,,1036078,294.12174350088435,294.12174350088435,415.95095864777136,102.0,536.4990059879694,0.0,22.561553955078125,2.4329895973205566,4.75805139541626,22.561553955078125,0.0,0.011419108137488365,3.527971029281616,12.583959432840581,-1.7043501044640723,1035978,957342,16,2.781020618970523,4.490830677160742,-0.11831408195689905,0.5177631306840701,0.41734937406424055,2.78378265737391,4.512848383203934,-0.11876707362816105,0.5142954348452027,0.4175001095929426,/Users/anweshasaha/projects/DepthWizard2/data/dfc2019/raw/Truth/Track1-Truth/JAX_224_025_AGL.tif,/Users/anweshasaha/projects/DepthWizard2/data/dfc2019/experiments/dav2_baseline/depth/JAX_224_025_depth.npy,/Users/anweshasaha/projects/DepthWizard2/data/dfc2019/experiments/sparse_anchor_robust_ext/anchors/JAX_224_025_grid_100_00.json
JAX_264_013,JAX,grid,100,0,,1027109,294.13760232245045,294.13406790101686,415.97088720245796,99.02019995940222,536.5279542295208,0.0,24.149002075195312,3.6591591835021973,5.469195365905762,24.149002075195312,0.0060123540461063385,0.08917157351970673,6.583513259887695,11.654361275904316,-1.5645542979038192,1027009,949139,16,3.748902749213719,4.802479370214002,0.12643882462455172,0.444753496015258,0.31205844106429564,3.75153535906912,4.806512786529513,0.12576667730447208,0.4428947146379706,0.3119223274446129,/Users/anweshasaha/projects/DepthWizard2/data/dfc2019/raw/Truth/Track1-Truth/JAX_264_013_AGL.tif,/Users/anweshasaha/projects/DepthWizard2/data/dfc2019/experiments/dav2_baseline/depth/JAX_264_013_depth.npy,/Users/anweshasaha/projects/DepthWizard2/data/dfc2019/experiments/sparse_anchor_robust_ext/anchors/JAX_264_013_grid_100_00.json
JAX_269_009,JAX,grid,100,0,,1026620,294.09046159302756,294.1513724258311,415.94979204226075,101.0,536.4960052406713,0.0,25.117748260498047,3.378786087036133,6.054372310638428,25.117748260498047,0.04263980686664581,0.08430281281471252,4.256697654724121,14.833126975346117,-1.1678829944204465,1026520,948380,16,3.029098079032637,4.445896583099139,0.12733811775176918,0.6078802714631426,0.44755801128329065,3.0045030334922114,4.4056577571880435,0.1393940818680262,0.6108210248535608,0.45192528216578237,/Users/anweshasaha/projects/DepthWizard2/data/dfc2019/raw/Truth/Track1-Truth/JAX_269_009_AGL.tif,/Users/anweshasaha/projects/DepthWizard2/data/dfc2019/experiments/dav2_baseline/depth/JAX_269_009_depth.npy,/Users/anweshasaha/projects/DepthWizard2/data/dfc2019/experiments/sparse_anchor_robust_ext/anchors/JAX_269_009_grid_100_00.json
JAX_416_009,JAX,grid,100,0,,1040605,294.12174350088435,294.12174350088435,415.95095864777136,102.0,536.4990059879694,0.0,15.482999801635742,3.121495008468628,3.808441162109375,15.482999801635742,0.006980358622968197,0.16224002838134766,6.19198751449585,10.385092639327722,-1.314531744456764,1040505,961407,16,2.5010847525763427,3.395198888859045,0.08957290134535763,0.5576858097971944,0.4671023601759019,2.510103392884652,3.4119307794200218,0.09148868972734425,0.5551278828538786,0.4652024009773895,/Users/anweshasaha/projects/DepthWizard2/data/dfc2019/raw/Truth/Track1-Truth/JAX_416_009_AGL.tif,/Users/anweshasaha/projects/DepthWizard2/data/dfc2019/experiments/dav2_baseline/depth/JAX_416_009_depth.npy,/Users/anweshasaha/projects/DepthWizard2/data/dfc2019/experiments/sparse_anchor_robust_ext/anchors/JAX_416_009_grid_100_00.json
JAX_416_022,JAX,grid,100,0,,1040103,294.12174350088435,294.12174350088435,415.95095864777136,102.0,536.4990059879694,0.0,15.329763412475586,3.0299410820007324,4.035046577453613,15.329763412475586,0.002918437821790576,0.04920100048184395,5.688846588134766,9.43738410938571,-0.566975184449583,1040003,961092,16,2.1082607581744885,2.985275300349602,0.12200738210838877,0.6725614076170957,0.5959326338849308,2.098851281553256,2.967825528654922,0.12879902486027012,0.6772049829964357,0.5965719622330788,/Users/anweshasaha/projects/DepthWizard2/data/dfc2019/raw/Truth/Track1-Truth/JAX_416_022_AGL.tif,/Users/anweshasaha/projects/DepthWizard2/data/dfc2019/experiments/dav2_baseline/depth/JAX_416_022_depth.npy,/Users/anweshasaha/projects/DepthWizard2/data/dfc2019/experiments/sparse_anchor_robust_ext/anchors/JAX_416_022_grid_100_00.json
JAX_505_016,JAX,grid,100,0,,1042346,294.12174350088435,294.12174350088435,415.95095864777136,102.0,536.4990059879694,0.0,31.419092178344727,5.896523475646973,7.545314788818359,31.419092178344727,0.018175186589360237,2.4076669216156006,10.745904922485352,14.508754042918536,0.09305446779421533,1042246,962999,16,5.522017094362046,6.895417383641529,-0.19366268238110262,0.33891786276839053,0.28827183746643276,5.534901858737548,6.906050692289478,-0.22053653700651624,0.33698000199381906,0.2877463260827811,/Users/anweshasaha/projects/DepthWizard2/data/dfc2019/raw/Truth/Track1-Truth/JAX_505_016_AGL.tif,/Users/anweshasaha/projects/DepthWizard2/data/dfc2019/experiments/dav2_baseline/depth/JAX_505_016_depth.npy,/Users/anweshasaha/projects/DepthWizard2/data/dfc2019/experiments/sparse_anchor_robust_ext/anchors/JAX_505_016_grid_100_00.json
JAX_505_018,JAX,grid,100,0,,1041574,294.1095882490062,294.12174350088435,415.9423636755458,101.0,536.4876050854054,0.0,23.05699920654297,5.348134994506836,6.501800060272217,23.05699920654297,0.01333888340741396,2.930806875228882,8.686286926269531,5.5397792247300615,2.8081510130723433,1041474,962347,16,5.473946858430663,6.839485411121032,-0.2300240812840799,0.262375173216187,0.20307985059488745,5.48684469162449,6.856801900237146,-0.23135917061180308,0.26586153917273553,0.20461451422405275,/Users/anweshasaha/projects/DepthWizard2/data/dfc2019/raw/Truth/Track1-Truth/JAX_505_018_AGL.tif,/Users/anweshasaha/projects/DepthWizard2/data/dfc2019/experiments/dav2_baseline/depth/JAX_505_018_depth.npy,/Users/anweshasaha/projects/DepthWizard2/data/dfc2019/experiments/sparse_anchor_robust_ext/anchors/JAX_505_018_grid_100_00.json
OMA_042_011,OMA,grid,100,0,,964304,294.07493925868624,294.1236302985532,415.919198643198,100.00499987500625,536.4580207472934,0.0,17.800031661987305,3.804734468460083,4.528343677520752,17.800031661987305,0.0013270394410938025,2.082274913787842,6.231746673583984,8.609170613207255,1.6942749454536616,964204,890030,16,3.4286538305372765,4.286948791979052,0.07362222123059108,0.2616558030430789,0.3332992178569459,3.439883925471999,4.295873996545919,0.09228004477986608,0.25873807998374454,0.33769304567494857,/Users/anweshasaha/projects/DepthWizard2/data/dfc2019/raw/Truth/Track1-Truth/OMA_042_011_AGL.tif,/Users/anweshasaha/projects/DepthWizard2/data/dfc2019/experiments/dav2_baseline/depth/OMA_042_011_depth.npy,/Users/anweshasaha/projects/DepthWizard2/data/dfc2019/experiments/sparse_anchor_robust_ext/anchors/OMA_042_011_grid_100_00.json
OMA_084_038,OMA,grid,100,0,,1009453,294.12177682041835,294.09224726265734,415.93012574229334,100.0,536.4724754922851,0.0,19.13953399658203,3.336388349533081,4.334197998046875,19.13953399658203,0.0,1.2406517267227173,5.330036163330078,12.944876702955195,-1.3130857575019506,1009353,932686,16,3.0681168887600965,4.315161744848197,0.03838977643745593,0.484745185109264,0.5532629559787268,3.0753860584950745,4.334404689081352,0.02127700938374573,0.48940644263505295,0.5576664187868023,/Users/anweshasaha/projects/DepthWizard2/data/dfc2019/raw/Truth/Track1-Truth/OMA_084_038_AGL.tif,/Users/anweshasaha/projects/DepthWizard2/data/dfc2019/experiments/dav2_baseline/depth/OMA_084_038_depth.npy,/Users/anweshasaha/projects/DepthWizard2/data/dfc2019/experiments/sparse_anchor_robust_ext/anchors/OMA_084_038_grid_100_00.json
OMA_134_027,OMA,grid,100,0,,961153,294.13098034719155,294.25526265472297,416.0519116648787,92.34717104492157,536.6326172192555,0.0,15.81932544708252,1.8377048969268799,3.4436633586883545,15.81932544708252,0.0,0.00339189893566072,2.243488311767578,2.6986255670845978,0.3771511284920084,961053,887345,16,2.3083570541597953,3.236950937645975,-0.17400821166801209,0.26331053840782226,0.3459804614482593,2.295008543241497,3.21414980398092,-0.15816516359881172,0.2684819352750335,0.35335098639802376,/Users/anweshasaha/projects/DepthWizard2/data/dfc2019/raw/Truth/Track1-Truth/OMA_134_027_AGL.tif,/Users/anweshasaha/projects/DepthWizard2/data/dfc2019/experiments/dav2_baseline/depth/OMA_134_027_depth.npy,/Users/anweshasaha/projects/DepthWizard2/data/dfc2019/experiments/sparse_anchor_robust_ext/anchors/OMA_134_027_grid_100_00.json
OMA_144_030,OMA,grid,100,0,,517212,294.33461841924066,294.04712207399683,416.0487682952565,91.0494371207203,536.6161380653266,3.4398658499412704e-06,0.06926727294921875,0.014754769392311573,0.016019020229578018,0.06926383078098297,0.0029678884893655777,0.008921167813241482,0.020687278360128403,-0.00380219670858082,0.016651079916780154,517112,477162,16,0.013372456648659842,0.0201380889866264,-0.006851671947075731,0.1326759683678555,0.15454300243442926,0.01324972534685664,0.01878812042908629,-0.006717450737308393,0.1562054198093786,0.16124696758531407,/Users/anweshasaha/projects/DepthWizard2/data/dfc2019/raw/Truth/Track1-Truth/OMA_144_030_AGL.tif,/Users/anweshasaha/projects/DepthWizard2/data/dfc2019/experiments/dav2_baseline/depth/OMA_144_030_depth.npy,/Users/anweshasaha/projects/DepthWizard2/data/dfc2019/experiments/sparse_anchor_robust_ext/anchors/OMA_144_030_grid_100_00.json
OMA_198_002,OMA,grid,100,0,,845581,294.22864306521893,293.8531148380088,415.836683687238,89.20201791439474,536.3732285417418,0.0007637516828253865,12.688322067260742,3.1679983139038086,3.565934658050537,12.6875581741333,0.04854011535644531,2.1459803581237793,5.150325775146484,9.05230171748748,0.15614523072294473,845481,779698,16,2.705532661825655,3.6316505707918894,-0.9763919364782118,0.5375009746589717,0.5993612816998153,2.725397152729418,3.657001729872278,-1.010470598268612,0.5397280911666664,0.5998936669383528,/Users/anweshasaha/projects/DepthWizard2/data/dfc2019/raw/Truth/Track1-Truth/OMA_198_002_AGL.tif,/Users/anweshasaha/projects/DepthWizard2/data/dfc2019/experiments/dav2_baseline/depth/OMA_198_002_depth.npy,/Users/anweshasaha/projects/DepthWizard2/data/dfc2019/experiments/sparse_anchor_robust_ext/anchors/OMA_198_002_grid_100_00.json
OMA_211_032,OMA,grid,100,0,,872103,294.09055816193757,294.1253467486269,415.9314558914725,100.0,536.4767788312839,0.0,15.100677490234375,1.1808987855911255,2.946197032928467,15.100677490234375,0.0,0.0,0.008090819232165813,3.2934084276740987,-0.14526431532572226,872003,804199,16,1.7733924582322322,2.918703785903113,0.03328153452034742,0.13606877183469385,0.24155239446286964,1.762821700695156,2.8929767231399137,0.049440046999898665,0.12988318146873795,0.23603223493512687,/Users/anweshasaha/projects/DepthWizard2/data/dfc2019/raw/Truth/Track1-Truth/OMA_211_032_AGL.tif,/Users/anweshasaha/projects/DepthWizard2/data/dfc2019/experiments/dav2_baseline/depth/OMA_211_032_depth.npy,/Users/anweshasaha/projects/DepthWizard2/data/dfc2019/experiments/sparse_anchor_robust_ext/anchors/OMA_211_032_grid_100_00.json
OMA_211_039,OMA,grid,100,0,,871386,294.14628945475414,294.14147939384543,415.9822706558538,99.0,536.5422378434702,-5.495293748936092e-07,14.692849159240723,1.5120773315429688,3.4513463973999023,14.692850112915039,0.0,0.0,0.007245997898280621,-1.2556652913431758,1.97107588503277,871286,804177,16,2.098419114857573,3.042024983039286,0.3839593871303785,-0.1346331423929206,-0.05276773956553703,2.0717812706437613,2.988611661687865,0.4192347017468342,-0.1490408715889547,-0.056671239801051695,/Users/anweshasaha/projects/DepthWizard2/data/dfc2019/raw/Truth/Track1-Truth/OMA_211_039_AGL.tif,/Users/anweshasaha/projects/DepthWizard2/data/dfc2019/experiments/dav2_baseline/depth/OMA_211_039_depth.npy,/Users/anweshasaha/projects/DepthWizard2/data/dfc2019/experiments/sparse_anchor_robust_ext/anchors/OMA_211_039_grid_100_00.json
OMA_212_033,OMA,grid,100,0,,807901,294.10992689809024,294.1816010562183,415.9849318184494,99.0,536.5489983847201,0.0,14.720295906066895,1.381148099899292,3.6492762565612793,14.720295906066895,0.0,0.0036242236383259296,0.018609726801514626,7.9088025555433,-2.0330693172129455,807801,746802,16,2.1914683393195373,3.2509190524065796,0.02074067581876005,0.4120352243615467,0.18529764644415275,2.1532034684137047,3.180308472646758,0.06133149666912789,0.4202925998794378,0.19440309392067004,/Users/anweshasaha/projects/DepthWizard2/data/dfc2019/raw/Truth/Track1-Truth/OMA_212_033_AGL.tif,/Users/anweshasaha/projects/DepthWizard2/data/dfc2019/experiments/dav2_baseline/depth/OMA_212_033_depth.npy,/Users/anweshasaha/projects/DepthWizard2/data/dfc2019/experiments/sparse_anchor_robust_ext/anchors/OMA_212_033_grid_100_00.json
OMA_221_034,OMA,grid,100,0,,773369,294.3527027224313,293.85466799082843,415.9255696636118,65.5133574166368,536.4897790299824,0.0,19.425228118896484,3.257021427154541,4.8638529777526855,19.425228118896484,0.0075756702572107315,0.17979761958122253,5.490097999572754,13.98125385592537,-3.7088383913691754,773269,712398,16,3.188309699066249,4.396699994102267,-0.7932687307234016,0.6520362564649028,0.7360235407102346,3.1888328057778472,4.406123397061239,-0.8039993060647633,0.6521988185892389,0.7370265510010117,/Users/anweshasaha/projects/DepthWizard2/data/dfc2019/raw/Truth/Track1-Truth/OMA_221_034_AGL.tif,/Users/anweshasaha/projects/DepthWizard2/data/dfc2019/experiments/dav2_baseline/depth/OMA_221_034_depth.npy,/Users/anweshasaha/projects/DepthWizard2/data/dfc2019/experiments/sparse_anchor_robust_ext/anchors/OMA_221_034_grid_100_00.json
OMA_225_001,OMA,grid,100,0,,684398,294.57693392389024,294.2013453402278,416.3291985916914,72.99315036357864,537.0020831913358,0.0,14.967260360717773,1.608900547027588,3.241098165512085,14.967260360717773,0.004316875711083412,0.052883587777614594,1.1528308391571045,7.793597084668438,-1.423028438745346,684298,630218,16,2.2529624127584116,3.197747583627141,-0.4965849163875871,0.47249397066763,0.3992516088497353,2.2623289923722156,3.2017020536161733,-0.5019948772495457,0.47100966579477743,0.3977968976288989,/Users/anweshasaha/projects/DepthWizard2/data/dfc2019/raw/Truth/Track1-Truth/OMA_225_001_AGL.tif,/Users/anweshasaha/projects/DepthWizard2/data/dfc2019/experiments/dav2_baseline/depth/OMA_225_001_depth.npy,/Users/anweshasaha/projects/DepthWizard2/data/dfc2019/experiments/sparse_anchor_robust_ext/anchors/OMA_225_001_grid_100_00.json
OMA_230_036,OMA,grid,100,0,,693160,294.2853248125023,294.4313502329533,416.2855659280057,81.00617260431454,536.9413104802114,0.0,10.758853912353516,1.2197375297546387,2.4299333095550537,10.758853912353516,0.0034254956990480423,0.01198047585785389,1.177534580230713,5.228467053304516,-0.37600076863052667,693060,642605,16,1.672854827879576,2.604482099775284,-0.3692370479798836,0.5231423037311437,0.43893201464055,1.6590638843457142,2.5923458989283548,-0.35356710714267897,0.5318885177376348,0.4426167687735793,/Users/anweshasaha/projects/DepthWizard2/data/dfc2019/raw/Truth/Track1-Truth/OMA_230_036_AGL.tif,/Users/anweshasaha/projects/DepthWizard2/data/dfc2019/experiments/dav2_baseline/depth/OMA_230_036_depth.npy,/Users/anweshasaha/projects/DepthWizard2/data/dfc2019/experiments/sparse_anchor_robust_ext/anchors/OMA_230_036_grid_100_00.json
OMA_248_029,OMA,grid,100,0,,918210,294.08537450883205,294.20758300900405,415.98594856076573,100.0,536.537078725255,0.0,24.642690658569336,2.6540045738220215,5.080158233642578,24.642690658569336,0.0,0.0049735079519450665,2.6913774013519287,19.230696137362028,-3.5691722295749693,918110,848369,16,3.4842556506616544,4.9247945754242135,-0.852545340204531,0.7051978197617235,0.6348110162626527,3.517061961351963,4.9834122785338755,-0.9045337394700547,0.7082176687887802,0.6402818544790763,/Users/anweshasaha/projects/DepthWizard2/data/dfc2019/raw/Truth/Track1-Truth/OMA_248_029_AGL.tif,/Users/anweshasaha/projects/DepthWizard2/data/dfc2019/experiments/dav2_baseline/depth/OMA_248_029_depth.npy,/Users/anweshasaha/projects/DepthWizard2/data/dfc2019/experiments/sparse_anchor_robust_ext/anchors/OMA_248_029_grid_100_00.json
OMA_248_030,OMA,grid,100,0,,915092,294.1761531803691,294.18844028955317,416.0365939433694,100.0,536.6022634699913,0.0,25.165916442871094,2.789198875427246,5.647861003875732,25.165916442871094,0.0,0.002567421179264784,2.775325298309326,20.40264093757321,-3.976561320949012,914992,845174,16,3.263111607929645,4.497954876146094,-0.8252390379184017,0.7452863376682914,0.6197198431294911,3.2895587843052563,4.534509993897414,-0.8599163944559899,0.7440433991218944,0.6206365042528268,/Users/anweshasaha/projects/DepthWizard2/data/dfc2019/raw/Truth/Track1-Truth/OMA_248_030_AGL.tif,/Users/anweshasaha/projects/DepthWizard2/data/dfc2019/experiments/dav2_baseline/depth/OMA_248_030_depth.npy,/Users/anweshasaha/projects/DepthWizard2/data/dfc2019/experiments/sparse_anchor_robust_ext/anchors/OMA_248_030_grid_100_00.json
OMA_258_020,OMA,grid,100,0,,962900,294.1113047810301,294.16043241741403,415.97093600394726,99.0,536.5254527713527,-6.784085258004779e-07,13.302360534667969,1.0417790412902832,2.6550984382629395,13.302361488342285,0.0,0.0,0.033710017800331116,0.14958324024533778,0.9760876352359849,962800,889548,16,1.6933873797861516,2.7794610143742267,-0.07068325921324235,0.0834270338526692,-0.03978724143192644,1.6952991685635088,2.786777189530749,-0.06988824589839052,0.08411292993286437,-0.04030794488745698,/Users/anweshasaha/projects/DepthWizard2/data/dfc2019/raw/Truth/Track1-Truth/OMA_258_020_AGL.tif,/Users/anweshasaha/projects/DepthWizard2/data/dfc2019/experiments/dav2_baseline/depth/OMA_258_020_depth.npy,/Users/anweshasaha/projects/DepthWizard2/data/dfc2019/experiments/sparse_anchor_robust_ext/anchors/OMA_258_020_grid_100_00.json
OMA_269_035,OMA,grid,100,0,,745162,293.9535990594434,294.1902336924188,415.8805261129691,96.04686356149273,536.4013634082247,2.6922218694380717e-06,12.115103721618652,1.5670706033706665,2.7315492630004883,12.115100860595703,0.009331874549388885,0.04293031990528107,2.4136059284210205,11.42887190282158,-2.220079190735207,745062,687999,16,1.4736150031872512,2.2172638375857496,-0.21020469932020203,0.6786664508786404,0.647907119797851,1.4701991385303381,2.2091843076305246,-0.1979310821959481,0.6792052969872542,0.649679636824832,/Users/anweshasaha/projects/DepthWizard2/data/dfc2019/raw/Truth/Track1-Truth/OMA_269_035_AGL.tif,/Users/anweshasaha/projects/DepthWizard2/data/dfc2019/experiments/dav2_baseline/depth/OMA_269_035_depth.npy,/Users/anweshasaha/projects/DepthWizard2/data/dfc2019/experiments/sparse_anchor_robust_ext/anchors/OMA_269_035_grid_100_00.json
OMA_281_002,OMA,grid,100,0,,894105,293.9828396352413,294.0904452715185,415.83061455357034,88.02272433866155,536.3393221771761,0.0,31.259254455566406,2.382885217666626,5.849333763122559,31.259254455566406,0.0,0.0011354325106367469,0.849502682685852,38.00341911748387,-4.882943246063444,894005,827086,16,2.8760776907641947,4.807922301565062,-0.045057499217294406,0.6772554342602433,0.615023732913739,2.8750637780698076,4.83104891678324,-0.04935260101881523,0.6747091349849124,0.6169951031846742,/Users/anweshasaha/projects/DepthWizard2/data/dfc2019/raw/Truth/Track1-Truth/OMA_281_002_AGL.tif,/Users/anweshasaha/projects/DepthWizard2/data/dfc2019/experiments/dav2_baseline/depth/OMA_281_002_depth.npy,/Users/anweshasaha/projects/DepthWizard2/data/dfc2019/experiments/sparse_anchor_robust_ext/anchors/OMA_281_002_grid_100_00.json
OMA_281_030,OMA,grid,100,0,,893434,294.04355867796187,294.1518145448027,415.9169441126437,92.5418824100742,536.4437417033984,0.0,74.51170349121094,3.216797113418579,9.27725601196289,74.51170349121094,0.0,0.0017608082853257656,1.6234103441238403,47.467245522810636,-6.088547003278577,893334,825647,16,2.3934033535500587,4.14494459987923,0.22661832742292673,0.8266608538813536,0.6325162758432576,2.3847602402395855,4.055614803095439,0.23060900531094128,0.8288535208846118,0.6331284579130108,/Users/anweshasaha/projects/DepthWizard2/data/dfc2019/raw/Truth/Track1-Truth/OMA_281_030_AGL.tif,/Users/anweshasaha/projects/DepthWizard2/data/dfc2019/experiments/dav2_baseline/depth/OMA_281_030_depth.npy,/Users/anweshasaha/projects/DepthWizard2/data/dfc2019/experiments/sparse_anchor_robust_ext/anchors/OMA_281_030_grid_100_00.json
OMA_315_019,OMA,grid,100,0,,725635,294.0773835234529,293.87627260464564,415.74604159270115,86.14522621712709,536.2196221765464,0.0,17.882061004638672,1.4584829807281494,3.401599168777466,17.882061004638672,0.0038591057527810335,0.018564771860837936,0.9623314142227173,11.631948400383935,-2.5727742291895868,725535,671567,16,2.454811035423774,3.4251172107595025,-1.1611185936852542,0.6646669883360016,0.6272473532553312,2.4793558583416546,3.448741671789887,-1.1995415624983534,0.6649668841210183,0.6325985698211105,/Users/anweshasaha/projects/DepthWizard2/data/dfc2019/raw/Truth/Track1-Truth/OMA_315_019_AGL.tif,/Users/anweshasaha/projects/DepthWizard2/data/dfc2019/experiments/dav2_baseline/depth/OMA_315_019_depth.npy,/Users/anweshasaha/projects/DepthWizard2/data/dfc2019/experiments/sparse_anchor_robust_ext/anchors/OMA_315_019_grid_100_00.json
OMA_315_020,OMA,grid,100,0,,727794,294.1089136697492,293.8963237265822,415.7825179105057,95.0,536.268306870286,0.0,16.855491638183594,2.153683662414551,3.6357924938201904,16.855491638183594,0.004010241478681564,0.03282038867473602,3.8205039501190186,13.94714639831832,-1.669768024505562,727694,672187,16,1.9193627625777818,2.7005369048446437,-0.39468617694922237,0.7857250641187811,0.7746039491513473,1.9221166084920838,2.706217759984387,-0.4077745331311516,0.7869025824008797,0.7751418794795071,/Users/anweshasaha/projects/DepthWizard2/data/dfc2019/raw/Truth/Track1-Truth/OMA_315_020_AGL.tif,/Users/anweshasaha/projects/DepthWizard2/data/dfc2019/experiments/dav2_baseline/depth/OMA_315_020_depth.npy,/Users/anweshasaha/projects/DepthWizard2/data/dfc2019/experiments/sparse_anchor_robust_ext/anchors/OMA_315_020_grid_100_00.json
OMA_332_037,OMA,grid,100,0,,917339,294.15679492406764,294.14298971758615,415.990767205235,100.0,536.5512185246678,0.0,12.773778915405273,1.302805781364441,2.684711456298828,12.773778915405273,0.0,0.000684965867549181,1.2700159549713135,5.108975884673208,-1.2122266553194765,917239,848264,16,2.0251176974674387,3.5183628314717588,-0.5159633150316272,0.2774199902083375,0.336367755793631,2.0355603355659797,3.5391365746719985,-0.5297695209583896,0.279379870519915,0.3412366480966732,/Users/anweshasaha/projects/DepthWizard2/data/dfc2019/raw/Truth/Track1-Truth/OMA_332_037_AGL.tif,/Users/anweshasaha/projects/DepthWizard2/data/dfc2019/experiments/dav2_baseline/depth/OMA_332_037_depth.npy,/Users/anweshasaha/projects/DepthWizard2/data/dfc2019/experiments/sparse_anchor_robust_ext/anchors/OMA_332_037_grid_100_00.json
OMA_364_003,OMA,grid,100,0,,902453,294.150742987333,294.20931324483934,416.03338760248556,98.02040603874276,536.607049240917,0.0,17.888042449951172,1.9556649923324585,3.6598360538482666,17.888042449951172,0.001889726147055626,0.027949215844273567,1.782142996788025,6.325743290219813,-0.06761518259031396,902353,834675,16,2.505160054356776,3.4717710255047725,-0.10118103791474378,0.40511789180939806,0.15319461572544352,2.52092291650095,3.491658398175631,-0.11111199905509138,0.4100619667549812,0.1559433679552356,/Users/anweshasaha/projects/DepthWizard2/data/dfc2019/raw/Truth/Track1-Truth/OMA_364_003_AGL.tif,/Users/anweshasaha/projects/DepthWizard2/data/dfc2019/experiments/dav2_baseline/depth/OMA_364_003_depth.npy,/Users/anweshasaha/projects/DepthWizard2/data/dfc2019/experiments/sparse_anchor_robust_ext/anchors/OMA_364_003_grid_100_00.json
OMA_364_043,OMA,grid,100,0,,899310,294.27855426449275,294.09971421271393,416.0462827619062,97.02061636580135,536.6237493006612,0.0,14.726146697998047,2.3887157440185547,4.005350112915039,14.726146697998047,0.0,0.027574915438890457,4.430330753326416,9.057398424326005,-0.6312041255789209,899210,830883,16,2.5557511263819435,3.4544022875231093,0.1826124206909701,0.43397380298479327,0.21949548068072577,2.5324379645299064,3.4309264828290686,0.2024431360419532,0.4391462904276935,0.22257636092336455,/Users/anweshasaha/projects/DepthWizard2/data/dfc2019/raw/Truth/Track1-Truth/OMA_364_043_AGL.tif,/Users/anweshasaha/projects/DepthWizard2/data/dfc2019/experiments/dav2_baseline/depth/OMA_364_043_depth.npy,/Users/anweshasaha/projects/DepthWizard2/data/dfc2019/experiments/sparse_anchor_robust_ext/anchors/OMA_364_043_grid_100_00.json
OMA_376_023,OMA,grid,100,0,,788342,294.20350167868503,294.1403066565342,416.02189894283214,94.04786015641186,536.5856788437816,0.0,16.44452667236328,0.8602277636528015,2.7734901905059814,16.44452667236328,0.0,0.0036818431690335274,0.05112353339791298,15.685022898997241,-4.040980166112564,788242,726920,16,1.38897626598619,2.026172191216564,-0.24168236918734523,0.76706098869558,0.6866964604414875,1.393141661656284,2.0396666017326623,-0.24492934906879538,0.765833379821196,0.6894109651159758,/Users/anweshasaha/projects/DepthWizard2/data/dfc2019/raw/Truth/Track1-Truth/OMA_376_023_AGL.tif,/Users/anweshasaha/projects/DepthWizard2/data/dfc2019/experiments/dav2_baseline/depth/OMA_376_023_depth.npy,/Users/anweshasaha/projects/DepthWizard2/data/dfc2019/experiments/sparse_anchor_robust_ext/anchors/OMA_376_023_grid_100_00.json
OMA_376_038,OMA,grid,100,0,,793137,294.4126999638433,294.20906444227717,416.21846607280656,91.35097153287424,536.8331968298162,0.0,16.232738494873047,1.1128023862838745,3.1794474124908447,16.232738494873047,0.0,0.002314482582733035,0.15251174569129944,14.156191989056516,-3.263617608516707,793037,730699,16,1.9006310746899022,2.4395747625202544,-0.04260494415619415,0.645402706764323,0.6655711508207421,1.8974781918604526,2.43854205129046,-0.03628758936247775,0.6440106476920179,0.6692459036522264,/Users/anweshasaha/projects/DepthWizard2/data/dfc2019/raw/Truth/Track1-Truth/OMA_376_038_AGL.tif,/Users/anweshasaha/projects/DepthWizard2/data/dfc2019/experiments/dav2_baseline/depth/OMA_376_038_depth.npy,/Users/anweshasaha/projects/DepthWizard2/data/dfc2019/experiments/sparse_anchor_robust_ext/anchors/OMA_376_038_grid_100_00.json
