tile_id,region,model,fold,fold_name,evaluation,train_source,train_samples,eval_pixels,anchor_count,placement,mae_m,rmse_m,bias_m,pearson,spearman,delta_mae_m,delta_rmse_m,delta_pearson,delta_spearman,baseline_test_mae_m,baseline_test_rmse_m,baseline_test_pearson,baseline_test_spearman
JAX_004_006,JAX,global_affine,0,Q1,strict_blocked_cv,stage1_sparse_anchors,20,256130,20,grid,2.6826541511744213,3.5020387867807337,-0.5580494537219475,0.6835072286108608,0.5455766220204832,0.0,0.0,0.0,0.0,,,,
JAX_004_006,JAX,constant,0,Q1,strict_blocked_cv,full_AGL_oracle_residual_training,50000,256130,20,grid,2.845877955902222,4.109878203444161,-2.2222156456627022,0.6835072286108608,0.5455766220204832,-0.16322380472780074,-0.6078394166634276,0.0,0.0,2.6826541511744213,3.5020387867807337,0.6835072286108608,0.5455766220204832
JAX_004_006,JAX,linear_xy,0,Q1,strict_blocked_cv,full_AGL_oracle_residual_training,50000,256130,20,grid,2.527863005373701,3.320692896072889,-0.35658685402049095,0.7164868317612645,0.5719704794507757,0.1547911458007203,0.18134589070784468,0.032979603150403713,0.026393857430292544,2.6826541511744213,3.5020387867807337,0.6835072286108608,0.5455766220204832
JAX_004_006,JAX,quadratic_xy,0,Q1,strict_blocked_cv,full_AGL_oracle_residual_training,50000,256130,20,grid,2.7426499971843152,3.5500237337177993,1.5748397003137604,0.7457675051141598,0.5779986606207012,-0.05999584600989394,-0.047984946937065676,0.06226027650329902,0.03242203860021797,2.6826541511744213,3.5020387867807337,0.6835072286108608,0.5455766220204832
JAX_004_006,JAX,global_affine,1,Q2,strict_blocked_cv,stage1_sparse_anchors,20,256054,20,grid,2.7632765457745827,3.329078132732187,1.3807348399213641,0.72040316757958,0.7223898476506471,0.0,0.0,0.0,0.0,,,,
JAX_004_006,JAX,constant,1,Q2,strict_blocked_cv,full_AGL_oracle_residual_training,50000,256054,20,grid,2.2238636810013923,3.0544139067894767,0.39129502721859794,0.72040316757958,0.7223898476506471,0.5394128647731904,0.27466422594271034,0.0,0.0,2.7632765457745827,3.329078132732187,0.72040316757958,0.7223898476506471
JAX_004_006,JAX,linear_xy,1,Q2,strict_blocked_cv,full_AGL_oracle_residual_training,50000,256054,20,grid,2.5357768207334956,3.1986270504321124,1.0965131887653943,0.7247853683606537,0.7285891888576065,0.22749972504108706,0.13045108230007463,0.004382200781073653,0.006199341206959419,2.7632765457745827,3.329078132732187,0.72040316757958,0.7223898476506471
JAX_004_006,JAX,quadratic_xy,1,Q2,strict_blocked_cv,full_AGL_oracle_residual_training,50000,256054,20,grid,3.340089801913707,4.633315004375507,-2.4381962968098576,0.5402403650836385,0.4963826799502254,-0.5768132561391242,-1.3042368716433197,-0.18016280249594152,-0.22600716770042167,2.7632765457745827,3.329078132732187,0.72040316757958,0.7223898476506471
JAX_004_006,JAX,global_affine,2,Q3,strict_blocked_cv,stage1_sparse_anchors,20,256108,20,grid,3.492461222025581,4.456880997056407,1.4303883332081597,0.775076882971758,0.5485630031786437,0.0,0.0,0.0,0.0,,,,
JAX_004_006,JAX,constant,2,Q3,strict_blocked_cv,full_AGL_oracle_residual_training,50000,256108,20,grid,3.196357912662371,4.24144996472851,0.41487391476324975,0.775076882971758,0.5485630031786437,0.29610330936321017,0.2154310323278974,0.0,0.0,3.492461222025581,4.456880997056407,0.775076882971758,0.5485630031786437
JAX_004_006,JAX,linear_xy,2,Q3,strict_blocked_cv,full_AGL_oracle_residual_training,50000,256108,20,grid,3.1258423546252385,4.1607334608483315,0.9190213721098857,0.7835815826540076,0.5554362849778002,0.36661886740034255,0.29614753620807566,0.008504699682249539,0.006873281799156472,3.492461222025581,4.456880997056407,0.775076882971758,0.5485630031786437
JAX_004_006,JAX,quadratic_xy,2,Q3,strict_blocked_cv,full_AGL_oracle_residual_training,50000,256108,20,grid,3.4885216219590673,4.712592746411949,1.7776863214835121,0.757301151625802,0.5126565567240595,0.0039396000665137265,-0.25571174935554186,-0.017775731345956003,-0.035906446454584184,3.492461222025581,4.456880997056407,0.775076882971758,0.5485630031786437
JAX_004_006,JAX,global_affine,3,Q4,strict_blocked_cv,stage1_sparse_anchors,20,256586,20,grid,3.372402517999673,4.016233374016394,2.196023911956616,0.7548461779660417,0.7486049920779948,0.0,0.0,0.0,0.0,,,,
JAX_004_006,JAX,constant,3,Q4,strict_blocked_cv,full_AGL_oracle_residual_training,50000,256586,20,grid,2.9186783492792023,3.665845217278874,1.4597299970777229,0.7548461779660418,0.7486049920779948,0.4537241687204707,0.35038815673751955,1.1102230246251565e-16,0.0,3.372402517999673,4.016233374016394,0.7548461779660417,0.7486049920779948
JAX_004_006,JAX,linear_xy,3,Q4,strict_blocked_cv,full_AGL_oracle_residual_training,50000,256586,20,grid,2.563714611779378,3.671713256658813,-1.597525363643619,0.7636922741564556,0.7517033063738567,0.8086879062202952,0.3445201173575807,0.008846096190413877,0.003098314295861937,3.372402517999673,4.016233374016394,0.7548461779660417,0.7486049920779948
JAX_004_006,JAX,quadratic_xy,3,Q4,strict_blocked_cv,full_AGL_oracle_residual_training,50000,256586,20,grid,2.4223685082401807,3.477400773393924,-0.8405538273689845,0.7520947040381197,0.7608221464511753,0.9500340097594924,0.5388326006224697,-0.0027514739279219658,0.012217154373180494,3.372402517999673,4.016233374016394,0.7548461779660417,0.7486049920779948
JAX_004_014,JAX,global_affine,0,Q1,strict_blocked_cv,stage1_sparse_anchors,20,256156,20,grid,2.3970003280410364,3.1799100881418894,0.011631400673641129,0.757261052722893,0.6456279911291151,0.0,0.0,0.0,0.0,,,,
JAX_004_014,JAX,constant,0,Q1,strict_blocked_cv,full_AGL_oracle_residual_training,50000,256156,20,grid,2.340820316948143,3.195629324431201,-0.31678683681568204,0.757261052722893,0.6456279911291151,0.05618001109289317,-0.01571923628931149,0.0,0.0,2.3970003280410364,3.1799100881418894,0.757261052722893,0.6456279911291151
JAX_004_014,JAX,linear_xy,0,Q1,strict_blocked_cv,full_AGL_oracle_residual_training,50000,256156,20,grid,2.3274795589697317,3.1515548948957335,-0.06236385214206473,0.762110322537235,0.6455123916096575,0.06952076907130467,0.028355193246155874,0.004849269814341972,-0.00011559951945760982,2.3970003280410364,3.1799100881418894,0.757261052722893,0.6456279911291151
JAX_004_014,JAX,quadratic_xy,0,Q1,strict_blocked_cv,full_AGL_oracle_residual_training,50000,256156,20,grid,2.3658868698009154,3.164021938718207,0.43992066069806474,0.7665144608774974,0.6411998375736898,0.031113458240120906,0.01588814942368222,0.009253408154604403,-0.004428153555425252,2.3970003280410364,3.1799100881418894,0.757261052722893,0.6456279911291151
JAX_004_014,JAX,global_affine,1,Q2,strict_blocked_cv,stage1_sparse_anchors,20,256349,20,grid,2.0123728899141016,2.7607418203999643,0.8405469591477298,0.8084066841754733,0.7859008897590292,0.0,0.0,0.0,0.0,,,,
JAX_004_014,JAX,constant,1,Q2,strict_blocked_cv,full_AGL_oracle_residual_training,50000,256349,20,grid,1.9804533183624982,2.7431167862748858,0.780713452407631,0.8084066841754733,0.7859008897590292,0.03191957155160341,0.017625034125078543,0.0,0.0,2.0123728899141016,2.7607418203999643,0.8084066841754733,0.7859008897590292
JAX_004_014,JAX,linear_xy,1,Q2,strict_blocked_cv,full_AGL_oracle_residual_training,50000,256349,20,grid,1.8307658217893497,2.688465183118362,0.45412646471338297,0.8052145461055027,0.7793311843732346,0.1816070681247519,0.07227663728160216,-0.0031921380699706514,-0.0065697053857946,2.0123728899141016,2.7607418203999643,0.8084066841754733,0.7859008897590292
JAX_004_014,JAX,quadratic_xy,1,Q2,strict_blocked_cv,full_AGL_oracle_residual_training,50000,256349,20,grid,2.0060615389282646,2.9794954385561003,-0.8784469239930973,0.7717344415147195,0.723275871950912,0.0063113509858370165,-0.21875361815613603,-0.03667224266075386,-0.06262501780811713,2.0123728899141016,2.7607418203999643,0.8084066841754733,0.7859008897590292
JAX_004_014,JAX,global_affine,2,Q3,strict_blocked_cv,stage1_sparse_anchors,20,255202,20,grid,2.751441376675243,3.761025502624833,-0.172716817536561,0.8536682841932809,0.6365092386597115,0.0,0.0,0.0,0.0,,,,
JAX_004_014,JAX,constant,2,Q3,strict_blocked_cv,full_AGL_oracle_residual_training,50000,255202,20,grid,2.716949528391553,3.8020370178084493,-0.5830984071761385,0.8536682841932808,0.6365092386597115,0.03449184828369001,-0.04101151518361634,-1.1102230246251565e-16,0.0,2.751441376675243,3.761025502624833,0.8536682841932809,0.6365092386597115
JAX_004_014,JAX,linear_xy,2,Q3,strict_blocked_cv,full_AGL_oracle_residual_training,50000,255202,20,grid,2.788914709706226,3.777823778701286,0.12231770090975003,0.8520937347611904,0.6295792381974639,-0.0374733330309831,-0.0167982760764529,-0.0015745494320904552,-0.006930000462247676,2.751441376675243,3.761025502624833,0.8536682841932809,0.6365092386597115
JAX_004_014,JAX,quadratic_xy,2,Q3,strict_blocked_cv,full_AGL_oracle_residual_training,50000,255202,20,grid,2.911705070941209,3.9254299799310943,0.7251043744395361,0.8453473694078935,0.6143280544462973,-0.1602636942659661,-0.1644044773062614,-0.008320914785387434,-0.022181184213414196,2.751441376675243,3.761025502624833,0.8536682841932809,0.6365092386597115
JAX_004_014,JAX,global_affine,3,Q4,strict_blocked_cv,stage1_sparse_anchors,20,256731,20,grid,2.120083352078257,3.0959816370021724,0.32394666312567244,0.8064676967394784,0.7981269249977633,0.0,0.0,0.0,0.0,,,,
JAX_004_014,JAX,constant,3,Q4,strict_blocked_cv,full_AGL_oracle_residual_training,50000,256731,20,grid,2.075283810351075,3.0804705760317748,0.09559348143644364,0.8064676967394784,0.7981269249977633,0.044799541727182035,0.015511060970397672,0.0,0.0,2.120083352078257,3.0959816370021724,0.8064676967394784,0.7981269249977633
JAX_004_014,JAX,linear_xy,3,Q4,strict_blocked_cv,full_AGL_oracle_residual_training,50000,256731,20,grid,2.1042316565732317,3.1059579798867363,-0.47516085221753196,0.8076740165622185,0.7909041641218651,0.015851695505025187,-0.009976342884563838,0.0012063198227401095,-0.0072227608758981265,2.120083352078257,3.0959816370021724,0.8064676967394784,0.7981269249977633
JAX_004_014,JAX,quadratic_xy,3,Q4,strict_blocked_cv,full_AGL_oracle_residual_training,50000,256731,20,grid,2.0513651586249275,3.0847355512682273,0.05424268941619218,0.8057383116276381,0.8020854235579143,0.06871819345332941,0.011246085733945144,-0.0007293851118402861,0.003958498560151069,2.120083352078257,3.0959816370021724,0.8064676967394784,0.7981269249977633
JAX_004_016,JAX,global_affine,0,Q1,strict_blocked_cv,stage1_sparse_anchors,20,256170,20,grid,2.968331188518788,3.593068965225393,1.8262922846015444,0.761381541042356,0.5802809859729546,0.0,0.0,0.0,0.0,,,,
JAX_004_016,JAX,constant,0,Q1,strict_blocked_cv,full_AGL_oracle_residual_training,50000,256170,20,grid,2.0750757061941525,3.0999929370315837,0.18749701217607098,0.7613815410423559,0.5802809859729546,0.8932554823246357,0.49307602819380936,-1.1102230246251565e-16,0.0,2.968331188518788,3.593068965225393,0.761381541042356,0.5802809859729546
JAX_004_016,JAX,linear_xy,0,Q1,strict_blocked_cv,full_AGL_oracle_residual_training,50000,256170,20,grid,2.2695670032245436,3.108722802396711,0.29872900729862517,0.7609758845871335,0.6219266874624557,0.6987641852942446,0.48434616282868204,-0.0004056564552225028,0.041645701489501086,2.968331188518788,3.593068965225393,0.761381541042356,0.5802809859729546
JAX_004_016,JAX,quadratic_xy,0,Q1,strict_blocked_cv,full_AGL_oracle_residual_training,50000,256170,20,grid,2.3878101835197194,3.1616567002988356,0.9090048690275845,0.7734699544614059,0.6222152902622686,0.5805210049990688,0.4314122649265575,0.01208841341904987,0.041934304289313995,2.968331188518788,3.593068965225393,0.761381541042356,0.5802809859729546
JAX_004_016,JAX,global_affine,1,Q2,strict_blocked_cv,stage1_sparse_anchors,20,256243,20,grid,2.3577974206517363,3.3791653478614583,-1.3523344181626145,0.6989282897747076,0.6350595282115736,0.0,0.0,0.0,0.0,,,,
JAX_004_016,JAX,constant,1,Q2,strict_blocked_cv,full_AGL_oracle_residual_training,50000,256243,20,grid,4.14081189904534,5.07051518458064,-4.0149936696615605,0.6989282897747076,0.6350595282115736,-1.7830144783936035,-1.6913498367191817,0.0,0.0,2.3577974206517363,3.3791653478614583,0.6989282897747076,0.6350595282115736
JAX_004_016,JAX,linear_xy,1,Q2,strict_blocked_cv,full_AGL_oracle_residual_training,50000,256243,20,grid,1.949307341534405,2.6511235872229326,0.3391655978933987,0.8116307107727352,0.760282294410658,0.40849007911733115,0.7280417606385257,0.11270242099802763,0.12522276619908435,2.3577974206517363,3.3791653478614583,0.6989282897747076,0.6350595282115736
JAX_004_016,JAX,quadratic_xy,1,Q2,strict_blocked_cv,full_AGL_oracle_residual_training,50000,256243,20,grid,2.5628379888620425,3.730854618883646,-1.9218654564560316,0.6753996866585338,0.627151097408285,-0.20504056821030625,-0.3516892710221877,-0.023528603116173774,-0.007908430803288624,2.3577974206517363,3.3791653478614583,0.6989282897747076,0.6350595282115736
JAX_004_016,JAX,global_affine,2,Q3,strict_blocked_cv,stage1_sparse_anchors,20,256134,20,grid,5.535218291377603,6.6612914322178165,4.7559310646740425,0.7595986956596342,0.6170203689087459,0.0,0.0,0.0,0.0,,,,
JAX_004_016,JAX,constant,2,Q3,strict_blocked_cv,full_AGL_oracle_residual_training,50000,256134,20,grid,5.0534898808535145,6.211512812611603,4.102312539072465,0.7595986956596342,0.6170203689087459,0.4817284105240889,0.4497786196062137,0.0,0.0,5.535218291377603,6.6612914322178165,0.7595986956596342,0.6170203689087459
JAX_004_016,JAX,linear_xy,2,Q3,strict_blocked_cv,full_AGL_oracle_residual_training,50000,256134,20,grid,3.108461333772227,4.243916898074087,0.17644758067822094,0.7979517626702045,0.6634322855029082,2.4267569576053765,2.41737453414373,0.038353067010570285,0.04641191659416233,5.535218291377603,6.6612914322178165,0.7595986956596342,0.6170203689087459
JAX_004_016,JAX,quadratic_xy,2,Q3,strict_blocked_cv,full_AGL_oracle_residual_training,50000,256134,20,grid,3.38079662032179,4.5764615532353385,1.152409223302419,0.7790118724417838,0.6405543380189394,2.1544216710558133,2.084829878982478,0.0194131767821496,0.023533969110193453,5.535218291377603,6.6612914322178165,0.7595986956596342,0.6170203689087459
JAX_004_016,JAX,global_affine,3,Q4,strict_blocked_cv,stage1_sparse_anchors,20,256595,20,grid,2.735615681601026,3.5542650168245857,1.4354601618234544,0.7762750457192475,0.6743906104681843,0.0,0.0,0.0,0.0,,,,
JAX_004_016,JAX,constant,3,Q4,strict_blocked_cv,full_AGL_oracle_residual_training,50000,256595,20,grid,2.4048841677335857,3.264881839228929,-0.29529559848737924,0.7762750457192475,0.6743906104681843,0.33073151386744026,0.2893831775956568,0.0,0.0,2.735615681601026,3.5542650168245857,0.7762750457192475,0.6743906104681843
JAX_004_016,JAX,linear_xy,3,Q4,strict_blocked_cv,full_AGL_oracle_residual_training,50000,256595,20,grid,2.0565154263063534,3.0334233301679907,-0.6067848686398237,0.8244691648075883,0.7860177726306344,0.6791002552946726,0.520841686656595,0.0481941190883407,0.11162716216245017,2.735615681601026,3.5542650168245857,0.7762750457192475,0.6743906104681843
JAX_004_016,JAX,quadratic_xy,3,Q4,strict_blocked_cv,full_AGL_oracle_residual_training,50000,256595,20,grid,2.1890713863638522,3.097599779058098,0.29091092550771247,0.807290861059446,0.8009449269487862,0.5465442952371737,0.45666523776648793,0.031015815340198483,0.1265543164806019,2.735615681601026,3.5542650168245857,0.7762750457192475,0.6743906104681843
JAX_018_012,JAX,global_affine,0,Q1,strict_blocked_cv,stage1_sparse_anchors,20,256250,20,grid,2.469302641512408,3.550844028990953,-0.2910575655327008,0.6047061592495722,0.6278917942359801,0.0,0.0,0.0,0.0,,,,
JAX_018_012,JAX,constant,0,Q1,strict_blocked_cv,full_AGL_oracle_residual_training,50000,256250,20,grid,2.289674936297665,3.6487913405251233,-0.8887628676560709,0.6047061592495722,0.6278917942359801,0.17962770521474303,-0.09794731153417047,0.0,0.0,2.469302641512408,3.550844028990953,0.6047061592495722,0.6278917942359801
JAX_018_012,JAX,linear_xy,0,Q1,strict_blocked_cv,full_AGL_oracle_residual_training,50000,256250,20,grid,3.584168617046,4.111820907723077,1.9263943434600603,0.5676554516909208,0.6090556262231217,-1.1148659755335921,-0.5609768787321241,-0.03705070755865136,-0.018836168012858368,2.469302641512408,3.550844028990953,0.6047061592495722,0.6278917942359801
JAX_018_012,JAX,quadratic_xy,0,Q1,strict_blocked_cv,full_AGL_oracle_residual_training,50000,256250,20,grid,3.4753646385715573,4.888831200922713,-2.7799898475075757,0.4686036769422901,0.4581655292041832,-1.0060619970591493,-1.33798717193176,-0.13610248230728206,-0.16972626503179689,2.469302641512408,3.550844028990953,0.6047061592495722,0.6278917942359801
JAX_018_012,JAX,global_affine,1,Q2,strict_blocked_cv,stage1_sparse_anchors,20,256060,20,grid,3.393309325396299,4.813665915608383,-2.5723711364197244,0.7160195468800256,0.7096858366034776,0.0,0.0,0.0,0.0,,,,
JAX_018_012,JAX,constant,1,Q2,strict_blocked_cv,full_AGL_oracle_residual_training,50000,256060,20,grid,4.297411673763699,5.672637553128907,-3.9527876904235226,0.7160195468800256,0.7096858366034776,-0.9041023483674002,-0.8589716375205239,0.0,0.0,3.393309325396299,4.813665915608383,0.7160195468800256,0.7096858366034776
JAX_018_012,JAX,linear_xy,1,Q2,strict_blocked_cv,full_AGL_oracle_residual_training,50000,256060,20,grid,3.8359498293430994,5.203010703086183,-3.2320215185285357,0.7145126394940968,0.7153042564165587,-0.4426405039468002,-0.38934478747779977,-0.0015069073859287352,0.005618419813081088,3.393309325396299,4.813665915608383,0.7160195468800256,0.7096858366034776
JAX_018_012,JAX,quadratic_xy,1,Q2,strict_blocked_cv,full_AGL_oracle_residual_training,50000,256060,20,grid,3.67354809021932,5.018037655385182,-2.6647113063790604,0.686911378308934,0.6995056515753043,-0.2802387648230207,-0.204371739776799,-0.029108168571091553,-0.010180185028173305,3.393309325396299,4.813665915608383,0.7160195468800256,0.7096858366034776
JAX_018_012,JAX,global_affine,2,Q3,strict_blocked_cv,stage1_sparse_anchors,20,254955,20,grid,2.432130378474557,2.722095582216358,1.9518486796279912,0.693972795176993,0.420971366997896,0.0,0.0,0.0,0.0,,,,
JAX_018_012,JAX,constant,2,Q3,strict_blocked_cv,full_AGL_oracle_residual_training,50000,254955,20,grid,2.5475483881841394,2.822062358371103,2.089005711810954,0.693972795176993,0.420971366997896,-0.11541800970958249,-0.0999667761547447,0.0,0.0,2.432130378474557,2.722095582216358,0.693972795176993,0.420971366997896
JAX_018_012,JAX,linear_xy,2,Q3,strict_blocked_cv,full_AGL_oracle_residual_training,50000,254955,20,grid,1.7123056860424024,2.4545309614466193,-1.0698053641280627,0.6655333395629304,0.3801031825566298,0.7198246924321545,0.26756462076973886,-0.02843945561406258,-0.04086818444126622,2.432130378474557,2.722095582216358,0.693972795176993,0.420971366997896
JAX_018_012,JAX,quadratic_xy,2,Q3,strict_blocked_cv,full_AGL_oracle_residual_training,50000,254955,20,grid,2.897081163813313,3.231860879147751,2.541765876593038,0.6921886018048728,0.44231572496983124,-0.4649507853387562,-0.509765296931393,-0.001784193372120102,0.021344357971935235,2.432130378474557,2.722095582216358,0.693972795176993,0.420971366997896
JAX_018_012,JAX,global_affine,3,Q4,strict_blocked_cv,stage1_sparse_anchors,20,255823,20,grid,2.725370046383499,3.632497685713905,2.4239052897504876,0.8317835175274078,0.734542204460371,0.0,0.0,0.0,0.0,,,,
JAX_018_012,JAX,constant,3,Q4,strict_blocked_cv,full_AGL_oracle_residual_training,50000,255823,20,grid,2.990424387678587,3.845245389606063,2.7324328945557297,0.831783517527408,0.734542204460371,-0.26505434129508787,-0.21274770389215814,2.220446049250313e-16,0.0,2.725370046383499,3.632497685713905,0.8317835175274078,0.734542204460371
JAX_018_012,JAX,linear_xy,3,Q4,strict_blocked_cv,full_AGL_oracle_residual_training,50000,255823,20,grid,3.1012122422086392,4.116754270658015,2.8414065500560097,0.8228298833845431,0.7262677188039244,-0.3758421958251401,-0.4842565849441103,-0.008953634142864653,-0.008274485656446617,2.725370046383499,3.632497685713905,0.8317835175274078,0.734542204460371
JAX_018_012,JAX,quadratic_xy,3,Q4,strict_blocked_cv,full_AGL_oracle_residual_training,50000,255823,20,grid,2.6449588995836892,3.647669790709306,2.1648904826156112,0.8187021379759989,0.7161009695314718,0.08041114679980987,-0.015172104995401003,-0.013081379551408867,-0.018441234928899153,2.725370046383499,3.632497685713905,0.8317835175274078,0.734542204460371
JAX_022_009,JAX,global_affine,0,Q1,strict_blocked_cv,stage1_sparse_anchors,20,257041,20,grid,3.4106402997032195,4.464557815163043,-1.2838953703339622,0.5426313896801258,0.4949180186213963,0.0,0.0,0.0,0.0,,,,
JAX_022_009,JAX,constant,0,Q1,strict_blocked_cv,full_AGL_oracle_residual_training,50000,257041,20,grid,3.476110717079742,4.276474191104831,-0.06589646589387638,0.5426313896801258,0.4949180186213963,-0.0654704173765226,0.188083624058212,0.0,0.0,3.4106402997032195,4.464557815163043,0.5426313896801258,0.4949180186213963
JAX_022_009,JAX,linear_xy,0,Q1,strict_blocked_cv,full_AGL_oracle_residual_training,50000,257041,20,grid,3.5094103447742926,4.318216769720197,-0.0670747687674135,0.4533908563172182,0.4186974439800873,-0.09877004507107312,0.14634104544284554,-0.0892405333629076,-0.07622057464130899,3.4106402997032195,4.464557815163043,0.5426313896801258,0.4949180186213963
JAX_022_009,JAX,quadratic_xy,0,Q1,strict_blocked_cv,full_AGL_oracle_residual_training,50000,257041,20,grid,3.441301005923514,4.539435588001312,-1.2112287841270366,0.4556687201048577,0.483574350517169,-0.030660706220294376,-0.0748777728382688,-0.0869626695752681,-0.011343668104227267,3.4106402997032195,4.464557815163043,0.5426313896801258,0.4949180186213963
JAX_022_009,JAX,global_affine,1,Q2,strict_blocked_cv,stage1_sparse_anchors,20,257065,20,grid,4.835119034199588,6.60266395076462,-4.154279702705877,0.5276811815851244,0.5363669789461504,0.0,0.0,0.0,0.0,,,,
JAX_022_009,JAX,constant,1,Q2,strict_blocked_cv,full_AGL_oracle_residual_training,50000,257065,20,grid,4.740726139900436,6.447549887889265,-3.9030460102858457,0.5276811815851244,0.5363669789461504,0.0943928942991521,0.1551140628753549,0.0,0.0,4.835119034199588,6.60266395076462,0.5276811815851244,0.5363669789461504
JAX_022_009,JAX,linear_xy,1,Q2,strict_blocked_cv,full_AGL_oracle_residual_training,50000,257065,20,grid,4.2558943766337665,5.224394051294592,-0.8182947739387809,0.43085248430529366,0.4450292910048572,0.5792246575658213,1.3782698994700278,-0.09682869727983079,-0.09133768794129316,4.835119034199588,6.60266395076462,0.5276811815851244,0.5363669789461504
JAX_022_009,JAX,quadratic_xy,1,Q2,strict_blocked_cv,full_AGL_oracle_residual_training,50000,257065,20,grid,4.357646875752053,5.218773312378546,-0.24550436367565484,0.3055611302094679,0.2928293707246259,0.47747215844753477,1.3838906383860738,-0.22212005137565655,-0.24353760822152448,4.835119034199588,6.60266395076462,0.5276811815851244,0.5363669789461504
JAX_022_009,JAX,global_affine,2,Q3,strict_blocked_cv,stage1_sparse_anchors,20,255407,20,grid,3.093659789511943,3.505651085037354,1.4162693136230795,0.4542962066594108,0.4165837959296772,0.0,0.0,0.0,0.0,,,,
JAX_022_009,JAX,constant,2,Q3,strict_blocked_cv,full_AGL_oracle_residual_training,50000,255407,20,grid,4.305649516225376,4.763711253114916,3.522665772073828,0.45429620665941084,0.4165837959296772,-1.211989726713433,-1.2580601680775625,5.551115123125783e-17,0.0,3.093659789511943,3.505651085037354,0.4542962066594108,0.4165837959296772
JAX_022_009,JAX,linear_xy,2,Q3,strict_blocked_cv,full_AGL_oracle_residual_training,50000,255407,20,grid,2.6875941323622294,3.2295598939095167,0.13300153689781571,0.5717271812475857,0.4817051299852293,0.40606565714971365,0.2760911911278372,0.11743097458817492,0.0651213340555521,3.093659789511943,3.505651085037354,0.4542962066594108,0.4165837959296772
JAX_022_009,JAX,quadratic_xy,2,Q3,strict_blocked_cv,full_AGL_oracle_residual_training,50000,255407,20,grid,2.625497750301433,3.5299714642720326,-0.5685907832017874,0.19099502984817682,0.17213719892385726,0.4681620392105099,-0.02432037923467867,-0.263301176811234,-0.24444659700581994,3.093659789511943,3.505651085037354,0.4542962066594108,0.4165837959296772
JAX_022_009,JAX,global_affine,3,Q4,strict_blocked_cv,stage1_sparse_anchors,20,254695,20,grid,3.467614590971101,4.598311745021645,-0.8583033275754506,0.4785779880691581,0.4714329257726004,0.0,0.0,0.0,0.0,,,,
JAX_022_009,JAX,constant,3,Q4,strict_blocked_cv,full_AGL_oracle_residual_training,50000,254695,20,grid,3.8100958062376806,4.542293170031941,0.47396301568994276,0.47857798806915824,0.4714329257726004,-0.3424812152665795,0.05601857498970375,1.6653345369377348e-16,0.0,3.467614590971101,4.598311745021645,0.4785779880691581,0.4714329257726004
JAX_022_009,JAX,linear_xy,3,Q4,strict_blocked_cv,full_AGL_oracle_residual_training,50000,254695,20,grid,3.741599043370763,4.333436457945353,0.8052344932267872,0.6176728468210373,0.5961636183510959,-0.27398445239966174,0.2648752870762925,0.1390948587518792,0.1247306925784955,3.467614590971101,4.598311745021645,0.4785779880691581,0.4714329257726004
JAX_022_009,JAX,quadratic_xy,3,Q4,strict_blocked_cv,full_AGL_oracle_residual_training,50000,254695,20,grid,4.325515107199443,4.951604091610459,2.3957054497382213,0.42170422516967854,0.4470245526182358,-0.8579005162283422,-0.35329234658881425,-0.05687376289947954,-0.02440837315436456,3.467614590971101,4.598311745021645,0.4785779880691581,0.4714329257726004
JAX_031_006,JAX,global_affine,0,Q1,strict_blocked_cv,stage1_sparse_anchors,20,256015,20,grid,4.084079520946776,4.500009995333319,2.4223062458298745,0.639200018620607,0.5193810280750689,0.0,0.0,0.0,0.0,,,,
JAX_031_006,JAX,constant,0,Q1,strict_blocked_cv,full_AGL_oracle_residual_training,50000,256015,20,grid,3.629812389854277,4.093550615133506,1.5409848244374627,0.6392000186206069,0.5193810280750689,0.4542671310924993,0.40645938019981287,-1.1102230246251565e-16,0.0,4.084079520946776,4.500009995333319,0.639200018620607,0.5193810280750689
JAX_031_006,JAX,linear_xy,0,Q1,strict_blocked_cv,full_AGL_oracle_residual_training,50000,256015,20,grid,4.093974112310898,4.478681344235204,2.3503699001338596,0.6524112400583111,0.529505367212032,-0.009894591364121297,0.021328651098115436,0.013211221437704035,0.01012433913696309,4.084079520946776,4.500009995333319,0.639200018620607,0.5193810280750689
JAX_031_006,JAX,quadratic_xy,0,Q1,strict_blocked_cv,full_AGL_oracle_residual_training,50000,256015,20,grid,3.2741874243647184,4.0697785794528825,0.1259805937252253,0.508346178557703,0.3178451898050631,0.809892096582058,0.4302314158804368,-0.13085384006290401,-0.20153583827000582,4.084079520946776,4.500009995333319,0.639200018620607,0.5193810280750689
JAX_031_006,JAX,global_affine,1,Q2,strict_blocked_cv,stage1_sparse_anchors,20,256213,20,grid,4.041994045467125,4.879008683858554,-0.9114809289036044,0.7628746367843534,0.6391483580263809,0.0,0.0,0.0,0.0,,,,
JAX_031_006,JAX,constant,1,Q2,strict_blocked_cv,full_AGL_oracle_residual_training,50000,256213,20,grid,4.063860963437951,5.585916714445591,-2.8685427114321347,0.7628746367843533,0.6391483580263809,-0.02186691797082574,-0.7069080305870372,-1.1102230246251565e-16,0.0,4.041994045467125,4.879008683858554,0.7628746367843534,0.6391483580263809
JAX_031_006,JAX,linear_xy,1,Q2,strict_blocked_cv,full_AGL_oracle_residual_training,50000,256213,20,grid,3.992356422579764,5.366235534177059,-2.481184540536115,0.7655291517985036,0.6436891328813237,0.049637622887360955,-0.4872268503185051,0.0026545150141501495,0.004540774854942753,4.041994045467125,4.879008683858554,0.7628746367843534,0.6391483580263809
JAX_031_006,JAX,quadratic_xy,1,Q2,strict_blocked_cv,full_AGL_oracle_residual_training,50000,256213,20,grid,4.3428485721764245,5.869374154991403,-3.124168811407595,0.7138805759809459,0.5673376117235098,-0.30085452670929946,-0.9903654711328498,-0.04899406080340751,-0.0718107463028711,4.041994045467125,4.879008683858554,0.7628746367843534,0.6391483580263809
JAX_031_006,JAX,global_affine,2,Q3,strict_blocked_cv,stage1_sparse_anchors,20,257027,20,grid,4.2005548150212455,4.9921716650045065,1.2673427505288781,0.5392273602562445,0.4937472643470004,0.0,0.0,0.0,0.0,,,,
JAX_031_006,JAX,constant,2,Q3,strict_blocked_cv,full_AGL_oracle_residual_training,50000,257027,20,grid,3.8935458029913046,4.828822792983412,0.04369531416934254,0.5392273602562445,0.4937472643470004,0.3070090120299409,0.1633488720210945,0.0,0.0,4.2005548150212455,4.9921716650045065,0.5392273602562445,0.4937472643470004
JAX_031_006,JAX,linear_xy,2,Q3,strict_blocked_cv,full_AGL_oracle_residual_training,50000,257027,20,grid,4.426630067860765,5.911956017791147,-3.701234216850174,0.5743524427440415,0.5277712801845889,-0.2260752528395198,-0.9197843527866407,0.035125082487797,0.03402401583758846,4.2005548150212455,4.9921716650045065,0.5392273602562445,0.4937472643470004
JAX_031_006,JAX,quadratic_xy,2,Q3,strict_blocked_cv,full_AGL_oracle_residual_training,50000,257027,20,grid,4.103718584425586,5.530747073277241,-2.811060239430403,0.5454720481712594,0.5030886975996589,0.0968362305956596,-0.5385754082727345,0.006244687915014868,0.009341433252658515,4.2005548150212455,4.9921716650045065,0.5392273602562445,0.4937472643470004
JAX_031_006,JAX,global_affine,3,Q4,strict_blocked_cv,stage1_sparse_anchors,20,256456,20,grid,3.522810349891403,3.9051817066840564,2.184661523479715,0.8452355321661417,0.7865907802042215,0.0,0.0,0.0,0.0,,,,
JAX_031_006,JAX,constant,3,Q4,strict_blocked_cv,full_AGL_oracle_residual_training,50000,256456,20,grid,3.0722167357513,3.4707031991817137,1.2522310117398818,0.8452355321661418,0.7865907802042215,0.45059361414010324,0.43447850750234274,1.1102230246251565e-16,0.0,3.522810349891403,3.9051817066840564,0.8452355321661417,0.7865907802042215
JAX_031_006,JAX,linear_xy,3,Q4,strict_blocked_cv,full_AGL_oracle_residual_training,50000,256456,20,grid,4.053764280707123,4.589319924852918,3.367117984136185,0.8138598942466531,0.781781419059911,-0.5309539308157194,-0.684138218168862,-0.03137563791948861,-0.004809361144310409,3.522810349891403,3.9051817066840564,0.8452355321661417,0.7865907802042215
JAX_031_006,JAX,quadratic_xy,3,Q4,strict_blocked_cv,full_AGL_oracle_residual_training,50000,256456,20,grid,4.3763786952310255,4.972177844465396,3.781836724885254,0.7874684360451414,0.7560184093666,-0.8535683453396223,-1.0669961377813393,-0.05776709612100028,-0.030572370837621432,3.522810349891403,3.9051817066840564,0.8452355321661417,0.7865907802042215
JAX_072_015,JAX,global_affine,0,Q1,strict_blocked_cv,stage1_sparse_anchors,20,255790,20,grid,2.8160093533242425,4.243595337742239,-1.658920741780339,0.4766260978617655,0.24328937229026384,0.0,0.0,0.0,0.0,,,,
JAX_072_015,JAX,constant,0,Q1,strict_blocked_cv,full_AGL_oracle_residual_training,50000,255790,20,grid,2.8218778966979126,4.461797222947193,-2.1567454870013396,0.47662609786176546,0.24328937229026384,-0.005868543373670043,-0.21820188520495432,-5.551115123125783e-17,0.0,2.8160093533242425,4.243595337742239,0.4766260978617655,0.24328937229026384
JAX_072_015,JAX,linear_xy,0,Q1,strict_blocked_cv,full_AGL_oracle_residual_training,50000,255790,20,grid,2.8862185991832208,3.3889291059277835,0.7222017735854658,0.8325455701322679,0.7305393944242274,-0.07020924585897825,0.8546662318144551,0.3559194722705024,0.4872500221339636,2.8160093533242425,4.243595337742239,0.4766260978617655,0.24328937229026384
JAX_072_015,JAX,quadratic_xy,0,Q1,strict_blocked_cv,full_AGL_oracle_residual_training,50000,255790,20,grid,2.5516427633225764,3.1651212050146973,0.37747473521527086,0.8051682853409378,0.7133273536407533,0.26436659000166607,1.0784741327275413,0.32854218747917224,0.47003798135048946,2.8160093533242425,4.243595337742239,0.4766260978617655,0.24328937229026384
JAX_072_015,JAX,global_affine,1,Q2,strict_blocked_cv,stage1_sparse_anchors,20,254538,20,grid,3.6580086450356157,4.089174006045285,1.2825109430739303,0.7727165443330921,0.678439329598363,0.0,0.0,0.0,0.0,,,,
JAX_072_015,JAX,constant,1,Q2,strict_blocked_cv,full_AGL_oracle_residual_training,50000,254538,20,grid,3.875946316928766,4.25489296791106,1.7400012746452014,0.7727165443330919,0.678439329598363,-0.21793767189315005,-0.16571896186577462,-2.220446049250313e-16,0.0,3.6580086450356157,4.089174006045285,0.7727165443330921,0.678439329598363
JAX_072_015,JAX,linear_xy,1,Q2,strict_blocked_cv,full_AGL_oracle_residual_training,50000,254538,20,grid,2.6730889621347314,4.136279222532045,-1.7152152819589352,0.8398446571805218,0.7084250725460763,0.9849196829008844,-0.04710521648676025,0.0671281128474297,0.02998574294771339,3.6580086450356157,4.089174006045285,0.7727165443330921,0.678439329598363
JAX_072_015,JAX,quadratic_xy,1,Q2,strict_blocked_cv,full_AGL_oracle_residual_training,50000,254538,20,grid,2.6199671596828358,4.17965181246941,-1.8808804015951883,0.8466954214024796,0.7196831523961841,1.03804148535278,-0.09047780642412473,0.07397887706938744,0.04124382279782113,3.6580086450356157,4.089174006045285,0.7727165443330921,0.678439329598363
JAX_072_015,JAX,global_affine,2,Q3,strict_blocked_cv,stage1_sparse_anchors,20,255207,20,grid,2.781940645482388,4.378904684426836,-1.7562818081232123,0.31831993517976065,0.3122562963613846,0.0,0.0,0.0,0.0,,,,
JAX_072_015,JAX,constant,2,Q3,strict_blocked_cv,full_AGL_oracle_residual_training,50000,255207,20,grid,2.856913973581842,4.6327486515242935,-2.317774713480458,0.3183199351797607,0.3122562963613846,-0.07497332809945378,-0.25384396709745793,5.551115123125783e-17,0.0,2.781940645482388,4.378904684426836,0.31831993517976065,0.3122562963613846
JAX_072_015,JAX,linear_xy,2,Q3,strict_blocked_cv,full_AGL_oracle_residual_training,50000,255207,20,grid,2.73283401898179,3.4897510421668696,0.24041708187945793,0.724717620032271,0.7390646017814366,0.04910662650059816,0.889153642259966,0.4063976848525104,0.42680830542005205,2.781940645482388,4.378904684426836,0.31831993517976065,0.3122562963613846
JAX_072_015,JAX,quadratic_xy,2,Q3,strict_blocked_cv,full_AGL_oracle_residual_training,50000,255207,20,grid,2.9466168493038407,3.5199751812711697,1.3988365016746265,0.6842910847704493,0.6745773137703222,-0.16467620382145265,0.8589295031556659,0.36597114959068866,0.3623210174089376,2.781940645482388,4.378904684426836,0.31831993517976065,0.3122562963613846
JAX_072_015,JAX,global_affine,3,Q4,strict_blocked_cv,stage1_sparse_anchors,20,256296,20,grid,3.4033326171734286,3.8747946558449864,1.978804892919573,0.5808582656693451,0.5480836994548024,0.0,0.0,0.0,0.0,,,,
JAX_072_015,JAX,constant,3,Q4,strict_blocked_cv,full_AGL_oracle_residual_training,50000,256296,20,grid,3.7922031571742374,4.26829858082458,2.668334303333581,0.5808582656693448,0.5480836994548024,-0.3888705400008088,-0.39350392497959374,-2.220446049250313e-16,0.0,3.4033326171734286,3.8747946558449864,0.5808582656693451,0.5480836994548024
JAX_072_015,JAX,linear_xy,3,Q4,strict_blocked_cv,full_AGL_oracle_residual_training,50000,256296,20,grid,2.409163366409937,3.1711053467785053,-0.032624558054650574,0.7050087320416055,0.6791816012214053,0.9941692507634916,0.7036893090664811,0.12415046637226046,0.13109790176660285,3.4033326171734286,3.8747946558449864,0.5808582656693451,0.5480836994548024
JAX_072_015,JAX,quadratic_xy,3,Q4,strict_blocked_cv,full_AGL_oracle_residual_training,50000,256296,20,grid,2.622617751388145,3.316488126062229,0.13827394646281646,0.6064247187798586,0.5801667820567548,0.7807148657852836,0.5583065297827572,0.025566453110513532,0.03208308260195236,3.4033326171734286,3.8747946558449864,0.5808582656693451,0.5480836994548024
JAX_118_012,JAX,global_affine,0,Q1,strict_blocked_cv,stage1_sparse_anchors,20,256029,20,grid,3.091337133585748,3.771347088929931,1.4835753938610927,0.6517230936525453,0.4372018962541349,0.0,0.0,0.0,0.0,,,,
JAX_118_012,JAX,constant,0,Q1,strict_blocked_cv,full_AGL_oracle_residual_training,50000,256029,20,grid,3.3185098566709774,3.9388765691501213,1.8688728450832763,0.6517230936525455,0.4372018962541349,-0.2271727230852294,-0.16752948022019032,2.220446049250313e-16,0.0,3.091337133585748,3.771347088929931,0.6517230936525453,0.4372018962541349
JAX_118_012,JAX,linear_xy,0,Q1,strict_blocked_cv,full_AGL_oracle_residual_training,50000,256029,20,grid,2.650115958689099,3.3406171810552165,0.9858234850780113,0.7101042985438555,0.5132194123481549,0.4412211748966488,0.43072990787471443,0.05838120489131016,0.07601751609402002,3.091337133585748,3.771347088929931,0.6517230936525453,0.4372018962541349
JAX_118_012,JAX,quadratic_xy,0,Q1,strict_blocked_cv,full_AGL_oracle_residual_training,50000,256029,20,grid,3.2227592522639323,3.8562348310127876,1.7605189546196558,0.6582195734519201,0.45803441916038606,-0.13142211867818432,-0.08488774208285665,0.0064964797993747325,0.02083252290625115,3.091337133585748,3.771347088929931,0.6517230936525453,0.4372018962541349
JAX_118_012,JAX,global_affine,1,Q2,strict_blocked_cv,stage1_sparse_anchors,20,254691,20,grid,2.196765068738742,3.2779231111532283,-1.5677008952380442,0.7984330574505267,0.47342329156012763,0.0,0.0,0.0,0.0,,,,
JAX_118_012,JAX,constant,1,Q2,strict_blocked_cv,full_AGL_oracle_residual_training,50000,254691,20,grid,2.611266572287886,3.627350819120416,-2.20693908825578,0.7984330574505267,0.47342329156012763,-0.41450150354914417,-0.3494277079671875,0.0,0.0,2.196765068738742,3.2779231111532283,0.7984330574505267,0.47342329156012763
JAX_118_012,JAX,linear_xy,1,Q2,strict_blocked_cv,full_AGL_oracle_residual_training,50000,254691,20,grid,1.9111471999215635,2.7739099675584376,-0.13771522690040214,0.8182055275947389,0.6081742154743126,0.28561786881717843,0.5040131435947908,0.01977247014421213,0.13475092391418497,2.196765068738742,3.2779231111532283,0.7984330574505267,0.47342329156012763
JAX_118_012,JAX,quadratic_xy,1,Q2,strict_blocked_cv,full_AGL_oracle_residual_training,50000,254691,20,grid,3.102379563133316,3.6400633521044536,2.0650941187564933,0.7820113324964524,0.5228841238239275,-0.9056144943945741,-0.3621402409512253,-0.016421724954074346,0.049460832263799825,2.196765068738742,3.2779231111532283,0.7984330574505267,0.47342329156012763
JAX_118_012,JAX,global_affine,2,Q3,strict_blocked_cv,stage1_sparse_anchors,20,255835,20,grid,2.8189493691167455,3.40703738136258,1.322251759485488,0.5792594175386808,0.5206588544659762,0.0,0.0,0.0,0.0,,,,
JAX_118_012,JAX,constant,2,Q3,strict_blocked_cv,full_AGL_oracle_residual_training,50000,255835,20,grid,3.0209131978995405,3.538303732908956,1.6309626923317215,0.5792594175386808,0.5206588544659762,-0.20196382878279495,-0.13126635154637611,0.0,0.0,2.8189493691167455,3.40703738136258,0.5792594175386808,0.5206588544659762
JAX_118_012,JAX,linear_xy,2,Q3,strict_blocked_cv,full_AGL_oracle_residual_training,50000,255835,20,grid,1.7632851820766844,3.40806765396146,-1.207778192485542,0.5613794673514687,0.5960031661953491,1.0556641870400612,-0.0010302725988799999,-0.017879950187212112,0.07534431172937295,2.8189493691167455,3.40703738136258,0.5792594175386808,0.5206588544659762
JAX_118_012,JAX,quadratic_xy,2,Q3,strict_blocked_cv,full_AGL_oracle_residual_training,50000,255835,20,grid,2.0294720913294872,3.6116777056572285,-1.4041567205473693,0.5066742355046503,0.5496844323300224,0.7894772777872583,-0.2046403242946484,-0.07258518203403053,0.029025577864046248,2.8189493691167455,3.40703738136258,0.5792594175386808,0.5206588544659762
JAX_118_012,JAX,global_affine,3,Q4,strict_blocked_cv,stage1_sparse_anchors,20,254822,20,grid,1.4099568140975907,2.4453861039421274,-0.8919387952254705,0.7940055689657296,0.4214849725051848,0.0,0.0,0.0,0.0,,,,
JAX_118_012,JAX,constant,3,Q4,strict_blocked_cv,full_AGL_oracle_residual_training,50000,254822,20,grid,1.5764464555142181,2.6221456118262556,-1.3004957618903246,0.7940055689657296,0.4214849725051848,-0.16648964141662748,-0.1767595078841282,0.0,0.0,1.4099568140975907,2.4453861039421274,0.7940055689657296,0.4214849725051848
JAX_118_012,JAX,linear_xy,3,Q4,strict_blocked_cv,full_AGL_oracle_residual_training,50000,254822,20,grid,1.507519198744555,2.1365213921253687,0.37164687702109905,0.8333823826173516,0.6072156688811027,-0.09756238464696443,0.3088647118167587,0.039376813651622045,0.18573069637591788,1.4099568140975907,2.4453861039421274,0.7940055689657296,0.4214849725051848
JAX_118_012,JAX,quadratic_xy,3,Q4,strict_blocked_cv,full_AGL_oracle_residual_training,50000,254822,20,grid,1.644301454018521,2.6641167349723625,-1.354636351831768,0.77732419487033,0.4132662230802489,-0.23434463992093035,-0.21873063103023505,-0.016681374095399604,-0.00821874942493589,1.4099568140975907,2.4453861039421274,0.7940055689657296,0.4214849725051848
JAX_118_015,JAX,global_affine,0,Q1,strict_blocked_cv,stage1_sparse_anchors,20,256200,20,grid,2.212423816416,3.011849728240085,-0.2525423679901945,0.7787751361482316,0.6319726563076626,0.0,0.0,0.0,0.0,,,,
JAX_118_015,JAX,constant,0,Q1,strict_blocked_cv,full_AGL_oracle_residual_training,50000,256200,20,grid,2.316450781891566,3.005674401005555,0.16314860400971978,0.7787751361482316,0.6319726563076626,-0.10402696547556589,0.006175327234529959,0.0,0.0,2.212423816416,3.011849728240085,0.7787751361482316,0.6319726563076626
JAX_118_015,JAX,linear_xy,0,Q1,strict_blocked_cv,full_AGL_oracle_residual_training,50000,256200,20,grid,2.591468301011736,3.1948475241118297,0.7039767675827524,0.7570426917144657,0.6035076964703754,-0.3790444845957359,-0.1829977958717448,-0.021732444433765874,-0.02846495983728725,2.212423816416,3.011849728240085,0.7787751361482316,0.6319726563076626
JAX_118_015,JAX,quadratic_xy,0,Q1,strict_blocked_cv,full_AGL_oracle_residual_training,50000,256200,20,grid,2.6616486908425148,3.3339734997673416,0.6570312262314705,0.7108492246500178,0.5416799648763715,-0.4492248744265148,-0.3221237715272567,-0.06792591149821381,-0.09029269143129115,2.212423816416,3.011849728240085,0.7787751361482316,0.6319726563076626
JAX_118_015,JAX,global_affine,1,Q2,strict_blocked_cv,stage1_sparse_anchors,20,255123,20,grid,2.2763716994797005,2.655269054953141,0.7941396109685857,0.8935486266230556,0.6914081469902335,0.0,0.0,0.0,0.0,,,,
JAX_118_015,JAX,constant,1,Q2,strict_blocked_cv,full_AGL_oracle_residual_training,50000,255123,20,grid,2.6373108126757585,2.963176509161293,1.5364306010890618,0.8935486266230558,0.6914081469902335,-0.360939113196058,-0.30790745420815213,2.220446049250313e-16,0.0,2.2763716994797005,2.655269054953141,0.8935486266230556,0.6914081469902335
JAX_118_015,JAX,linear_xy,1,Q2,strict_blocked_cv,full_AGL_oracle_residual_training,50000,255123,20,grid,1.7629703328583493,2.498812565560306,-0.4375557581686962,0.9027204123042267,0.7049458504692012,0.5134013666213513,0.15645648939283463,0.009171785681171163,0.013537703478967766,2.2763716994797005,2.655269054953141,0.8935486266230556,0.6914081469902335
JAX_118_015,JAX,quadratic_xy,1,Q2,strict_blocked_cv,full_AGL_oracle_residual_training,50000,255123,20,grid,2.9111450167732302,3.353082201218194,1.892988724490617,0.8408569333909683,0.6323918860909995,-0.6347733172935297,-0.697813146265053,-0.05269169323208722,-0.05901626089923395,2.2763716994797005,2.655269054953141,0.8935486266230556,0.6914081469902335
JAX_118_015,JAX,global_affine,2,Q3,strict_blocked_cv,stage1_sparse_anchors,20,255807,20,grid,2.3492289750724895,3.5868363040936067,-1.9932375687908777,0.6780365089861355,0.6227616030214534,0.0,0.0,0.0,0.0,,,,
JAX_118_015,JAX,constant,2,Q3,strict_blocked_cv,full_AGL_oracle_residual_training,50000,255807,20,grid,2.4632372232621096,3.682809566581432,-2.1611773728639676,0.6780365089861355,0.6227616030214534,-0.11400824818962008,-0.09597326248782556,0.0,0.0,2.3492289750724895,3.5868363040936067,0.6780365089861355,0.6227616030214534
JAX_118_015,JAX,linear_xy,2,Q3,strict_blocked_cv,full_AGL_oracle_residual_training,50000,255807,20,grid,1.8358166674025875,3.083754625479776,-1.0415899559176678,0.7145769796610794,0.6577295026392797,0.513412307669902,0.5030816786138308,0.036540470674943815,0.034967899617826204,2.3492289750724895,3.5868363040936067,0.6780365089861355,0.6227616030214534
JAX_118_015,JAX,quadratic_xy,2,Q3,strict_blocked_cv,full_AGL_oracle_residual_training,50000,255807,20,grid,2.047948385182528,3.2844678020677183,-1.3213660556656999,0.6675711295215596,0.6159866204172165,0.30128058988996154,0.3023685020258884,-0.01046537946457593,-0.006774982604236923,2.3492289750724895,3.5868363040936067,0.6780365089861355,0.6227616030214534
JAX_118_015,JAX,global_affine,3,Q4,strict_blocked_cv,stage1_sparse_anchors,20,254946,20,grid,1.4216274109975808,2.25780708959689,-0.025208927116399556,0.8081897656627731,0.5873753674551911,0.0,0.0,0.0,0.0,,,,
JAX_118_015,JAX,constant,3,Q4,strict_blocked_cv,full_AGL_oracle_residual_training,50000,254946,20,grid,1.6522736246693996,2.303171841522517,0.4555690592595177,0.808189765662773,0.5873753674551911,-0.2306462136718188,-0.045364751925626834,-1.1102230246251565e-16,0.0,1.4216274109975808,2.25780708959689,0.8081897656627731,0.5873753674551911
JAX_118_015,JAX,linear_xy,3,Q4,strict_blocked_cv,full_AGL_oracle_residual_training,50000,254946,20,grid,1.9637315766766894,2.4502873030676273,0.936634556442517,0.8223784589984813,0.5941852071619191,-0.5421041656791086,-0.1924802134707373,0.014188693335708158,0.006809839706727994,1.4216274109975808,2.25780708959689,0.8081897656627731,0.5873753674551911
JAX_118_015,JAX,quadratic_xy,3,Q4,strict_blocked_cv,full_AGL_oracle_residual_training,50000,254946,20,grid,1.463589557345445,2.3143830623165424,-0.3333366173824437,0.8018570053757244,0.5400365180244825,-0.041962146347864104,-0.05657597271965242,-0.0063327602870487665,-0.04733884943070865,1.4216274109975808,2.25780708959689,0.8081897656627731,0.5873753674551911
JAX_149_006,JAX,global_affine,0,Q1,strict_blocked_cv,stage1_sparse_anchors,20,256078,20,grid,3.956594017561166,4.474705487848496,2.452539971754236,0.20946155682122786,0.1940925675070148,0.0,0.0,0.0,0.0,,,,
JAX_149_006,JAX,constant,0,Q1,strict_blocked_cv,full_AGL_oracle_residual_training,50000,256078,20,grid,4.008071570877665,4.518870779150237,2.5322235740014545,0.2094615568212278,0.1940925675070148,-0.0514775533164995,-0.044165291301741405,-5.551115123125783e-17,0.0,3.956594017561166,4.474705487848496,0.20946155682122786,0.1940925675070148
JAX_149_006,JAX,linear_xy,0,Q1,strict_blocked_cv,full_AGL_oracle_residual_training,50000,256078,20,grid,2.718632059248313,3.501996198367891,0.24699841474901194,0.44685119229911197,0.4807694267466117,1.237961958312853,0.9727092894806049,0.2373896354778841,0.2866768592395969,3.956594017561166,4.474705487848496,0.20946155682122786,0.1940925675070148
JAX_149_006,JAX,quadratic_xy,0,Q1,strict_blocked_cv,full_AGL_oracle_residual_training,50000,256078,20,grid,3.3945870069819155,4.588455629752805,-2.84129683535786,0.3888692849319525,0.4166351016341652,0.5620070105792503,-0.11375014190430921,0.17940772811072464,0.22254253412715036,3.956594017561166,4.474705487848496,0.20946155682122786,0.1940925675070148
JAX_149_006,JAX,global_affine,1,Q2,strict_blocked_cv,stage1_sparse_anchors,20,254377,20,grid,4.694202969575703,5.603218953273747,-0.47413856940695626,0.6866409731783261,0.6105626326411586,0.0,0.0,0.0,0.0,,,,
JAX_149_006,JAX,constant,1,Q2,strict_blocked_cv,full_AGL_oracle_residual_training,50000,254377,20,grid,4.470510804296586,5.742464057393347,-1.3433682276753423,0.6866409731783261,0.6105626326411586,0.22369216527911728,-0.1392451041195999,0.0,0.0,4.694202969575703,5.603218953273747,0.6866409731783261,0.6105626326411586
JAX_149_006,JAX,linear_xy,1,Q2,strict_blocked_cv,full_AGL_oracle_residual_training,50000,254377,20,grid,4.542176664393645,5.502618522718699,-0.519398576248043,0.5973844729261548,0.5840886519353307,0.15202630518205762,0.10060043055504853,-0.08925650025217124,-0.02647398070582796,4.694202969575703,5.603218953273747,0.6866409731783261,0.6105626326411586
JAX_149_006,JAX,quadratic_xy,1,Q2,strict_blocked_cv,full_AGL_oracle_residual_training,50000,254377,20,grid,4.800172103829178,5.47632968458264,0.2914245946839323,0.6560396846873371,0.5994139103595102,-0.10596913425347498,0.12688926869110695,-0.030601288490988976,-0.011148722281648427,4.694202969575703,5.603218953273747,0.6866409731783261,0.6105626326411586
JAX_149_006,JAX,global_affine,2,Q3,strict_blocked_cv,stage1_sparse_anchors,20,257001,20,grid,4.867524715690447,5.772810072887439,0.7998455652678617,0.4392155737891548,0.4607157128547928,0.0,0.0,0.0,0.0,,,,
JAX_149_006,JAX,constant,2,Q3,strict_blocked_cv,full_AGL_oracle_residual_training,50000,257001,20,grid,4.748879701847059,5.726800010955259,0.3326486977655833,0.4392155737891548,0.4607157128547928,0.11864501384338766,0.04601006193218016,0.0,0.0,4.867524715690447,5.772810072887439,0.4392155737891548,0.4607157128547928
JAX_149_006,JAX,linear_xy,2,Q3,strict_blocked_cv,full_AGL_oracle_residual_training,50000,257001,20,grid,4.38314140724562,5.788462863730956,-2.061851201356616,0.5620199150932594,0.5564037283051595,0.48438330844482724,-0.015652790843517117,0.12280434130410461,0.0956880154503667,4.867524715690447,5.772810072887439,0.4392155737891548,0.4607157128547928
JAX_149_006,JAX,quadratic_xy,2,Q3,strict_blocked_cv,full_AGL_oracle_residual_training,50000,257001,20,grid,4.409062182935038,5.590128828396731,-0.024849590314919606,0.4698433076934437,0.4640125982960067,0.4584625327554086,0.18268124449070822,0.030627733904288856,0.003296885441213926,4.867524715690447,5.772810072887439,0.4392155737891548,0.4607157128547928
JAX_149_006,JAX,global_affine,3,Q4,strict_blocked_cv,stage1_sparse_anchors,20,256201,20,grid,4.703921544990675,5.592600202873182,-0.6084391240943186,0.6418621652682768,0.6807088868667145,0.0,0.0,0.0,0.0,,,,
JAX_149_006,JAX,constant,3,Q4,strict_blocked_cv,full_AGL_oracle_residual_training,50000,256201,20,grid,4.7147849854452994,5.765690119168264,-1.5284644872636228,0.6418621652682767,0.6807088868667145,-0.010863440454624396,-0.17308991629508164,-1.1102230246251565e-16,0.0,4.703921544990675,5.592600202873182,0.6418621652682768,0.6807088868667145
JAX_149_006,JAX,linear_xy,3,Q4,strict_blocked_cv,full_AGL_oracle_residual_training,50000,256201,20,grid,4.87725924528911,5.88461202635374,2.1002694488880613,0.6397812517606272,0.6827440955930716,-0.17333770029843532,-0.292011823480558,-0.0020809135076496066,0.002035208726357096,4.703921544990675,5.592600202873182,0.6418621652682768,0.6807088868667145
JAX_149_006,JAX,quadratic_xy,3,Q4,strict_blocked_cv,full_AGL_oracle_residual_training,50000,256201,20,grid,4.930525561240088,6.023986173520066,2.3380388704415846,0.6319010504663245,0.6783707536332805,-0.2266040162494125,-0.43138597064688344,-0.009961114801952275,-0.0023381332334340144,4.703921544990675,5.592600202873182,0.6418621652682768,0.6807088868667145
JAX_149_025,JAX,global_affine,0,Q1,strict_blocked_cv,stage1_sparse_anchors,20,256143,20,grid,4.250668848941263,4.801090117821805,2.7894584222588814,0.15354849929742292,0.14928434898693763,0.0,0.0,0.0,0.0,,,,
JAX_149_025,JAX,constant,0,Q1,strict_blocked_cv,full_AGL_oracle_residual_training,50000,256143,20,grid,4.504639775953538,5.033011464652646,3.172036628633061,0.1535484992974229,0.14928434898693763,-0.25397092701227475,-0.2319213468308412,-2.7755575615628914e-17,0.0,4.250668848941263,4.801090117821805,0.15354849929742292,0.14928434898693763
JAX_149_025,JAX,linear_xy,0,Q1,strict_blocked_cv,full_AGL_oracle_residual_training,50000,256143,20,grid,2.5798953741508766,3.6599612084768673,-0.6156919645896195,0.4295881166578124,0.4774759254722996,1.6707734747903866,1.1411289093449377,0.27603961736038946,0.328191576485362,4.250668848941263,4.801090117821805,0.15354849929742292,0.14928434898693763
JAX_149_025,JAX,quadratic_xy,0,Q1,strict_blocked_cv,full_AGL_oracle_residual_training,50000,256143,20,grid,3.034411983941942,4.35366972149285,-2.3123396717992573,0.35972265215572136,0.3568490635911913,1.216256864999321,0.4474203963289547,0.20617415285829843,0.20756471460425366,4.250668848941263,4.801090117821805,0.15354849929742292,0.14928434898693763
JAX_149_025,JAX,global_affine,1,Q2,strict_blocked_cv,stage1_sparse_anchors,20,254499,20,grid,4.9793928434940025,5.93758434088793,-0.6730445386501882,0.5174671814641352,0.43232802402856557,0.0,0.0,0.0,0.0,,,,
JAX_149_025,JAX,constant,1,Q2,strict_blocked_cv,full_AGL_oracle_residual_training,50000,254499,20,grid,4.8084010662748025,6.081633833769719,-1.477955085211275,0.5174671814641352,0.43232802402856557,0.1709917772192,-0.14404949288178948,0.0,0.0,4.9793928434940025,5.93758434088793,0.5174671814641352,0.43232802402856557
JAX_149_025,JAX,linear_xy,1,Q2,strict_blocked_cv,full_AGL_oracle_residual_training,50000,254499,20,grid,4.947024975984093,5.728703400397843,0.009950393652147813,0.4096131581489717,0.4230508458196441,0.032367867509909054,0.20888094049008643,-0.10785402331516347,-0.009277178208921488,4.9793928434940025,5.93758434088793,0.5174671814641352,0.43232802402856557
JAX_149_025,JAX,quadratic_xy,1,Q2,strict_blocked_cv,full_AGL_oracle_residual_training,50000,254499,20,grid,4.9388943425639065,6.15439729919442,-1.2734256100597432,0.20268711264475076,0.22946730680561464,0.04049850093009599,-0.21681295830649017,-0.3147800688193844,-0.20286071722295093,4.9793928434940025,5.93758434088793,0.5174671814641352,0.43232802402856557
JAX_149_025,JAX,global_affine,2,Q3,strict_blocked_cv,stage1_sparse_anchors,20,257324,20,grid,5.2515072749423615,6.071116502356432,1.4211417618511373,0.31793237506343025,0.3789319788278981,0.0,0.0,0.0,0.0,,,,
JAX_149_025,JAX,constant,2,Q3,strict_blocked_cv,full_AGL_oracle_residual_training,50000,257324,20,grid,5.233500916729998,6.056483723325091,1.357270574717697,0.31793237506343025,0.3789319788278981,0.018006358212363516,0.014632779031340526,0.0,0.0,5.2515072749423615,6.071116502356432,0.31793237506343025,0.3789319788278981
JAX_149_025,JAX,linear_xy,2,Q3,strict_blocked_cv,full_AGL_oracle_residual_training,50000,257324,20,grid,4.545430029220179,5.564422374724716,-0.7589419892154349,0.5055187927492231,0.5076632861518204,0.7060772457221827,0.5066941276317163,0.18758641768579282,0.12873130732392235,5.2515072749423615,6.071116502356432,0.31793237506343025,0.3789319788278981
JAX_149_025,JAX,quadratic_xy,2,Q3,strict_blocked_cv,full_AGL_oracle_residual_training,50000,257324,20,grid,5.169288378381063,6.307159968388202,1.8806790400002802,0.33912392784351264,0.3382739123576102,0.08221889656129822,-0.23604346603177007,0.02119155278008239,-0.04065806647028791,5.2515072749423615,6.071116502356432,0.31793237506343025,0.3789319788278981
JAX_149_025,JAX,global_affine,3,Q4,strict_blocked_cv,stage1_sparse_anchors,20,256157,20,grid,5.50260381079446,6.421896731524338,-1.865330210015113,0.6115174217096049,0.6242452517210098,0.0,0.0,0.0,0.0,,,,
JAX_149_025,JAX,constant,3,Q4,strict_blocked_cv,full_AGL_oracle_residual_training,50000,256157,20,grid,5.681606982549256,6.856888926503257,-3.042305854518088,0.6115174217096049,0.6242452517210098,-0.17900317175479596,-0.4349921949789186,0.0,0.0,5.50260381079446,6.421896731524338,0.6115174217096049,0.6242452517210098
JAX_149_025,JAX,linear_xy,3,Q4,strict_blocked_cv,full_AGL_oracle_residual_training,50000,256157,20,grid,5.158549314570544,6.008202328744671,0.704358170040157,0.5960991878067166,0.6174991014565755,0.34405449622391604,0.41369440277966696,-0.015418233902888323,-0.006746150264434259,5.50260381079446,6.421896731524338,0.6115174217096049,0.6242452517210098
JAX_149_025,JAX,quadratic_xy,3,Q4,strict_blocked_cv,full_AGL_oracle_residual_training,50000,256157,20,grid,5.083431653618774,5.953983685133852,0.6461043728971223,0.5938215952701162,0.6192722697703322,0.41917215717568546,0.46791304639048636,-0.017695826439488638,-0.004972981950677524,5.50260381079446,6.421896731524338,0.6115174217096049,0.6242452517210098
JAX_161_001,JAX,global_affine,0,Q1,strict_blocked_cv,stage1_sparse_anchors,20,255697,20,grid,1.9257065978353165,2.3414333517912764,-1.7332503118448959,0.8790854627810681,0.5557992927368711,0.0,0.0,0.0,0.0,,,,
JAX_161_001,JAX,constant,0,Q1,strict_blocked_cv,full_AGL_oracle_residual_training,50000,255697,20,grid,2.574982093909777,2.941689728673185,-2.4850321853873876,0.8790854627810681,0.5557992927368711,-0.6492754960744607,-0.6002563768819087,0.0,0.0,1.9257065978353165,2.3414333517912764,0.8790854627810681,0.5557992927368711
JAX_161_001,JAX,linear_xy,0,Q1,strict_blocked_cv,full_AGL_oracle_residual_training,50000,255697,20,grid,1.0482334688150752,1.5651656417047568,-0.6164176446969377,0.8918326563038033,0.5941096790666525,0.8774731290202413,0.7762677100865196,0.012747193522735123,0.03831038632978134,1.9257065978353165,2.3414333517912764,0.8790854627810681,0.5557992927368711
JAX_161_001,JAX,quadratic_xy,0,Q1,strict_blocked_cv,full_AGL_oracle_residual_training,50000,255697,20,grid,1.2158000078786257,1.6762154058586605,-0.8207502574953539,0.890261426948322,0.5786825371395435,0.7099065899566908,0.665217945932616,0.01117596416725386,0.02288324440267242,1.9257065978353165,2.3414333517912764,0.8790854627810681,0.5557992927368711
JAX_161_001,JAX,global_affine,1,Q2,strict_blocked_cv,stage1_sparse_anchors,20,252400,20,grid,1.793594035290446,2.4226580139068234,0.8327940552405749,0.5948901754566083,0.4599883488556211,0.0,0.0,0.0,0.0,,,,
JAX_161_001,JAX,constant,1,Q2,strict_blocked_cv,full_AGL_oracle_residual_training,50000,252400,20,grid,1.853665172677155,2.4614441854752775,0.9396709872647654,0.5948901754566083,0.4599883488556211,-0.060071137386708884,-0.0387861715684541,0.0,0.0,1.793594035290446,2.4226580139068234,0.5948901754566083,0.4599883488556211
JAX_161_001,JAX,linear_xy,1,Q2,strict_blocked_cv,full_AGL_oracle_residual_training,50000,252400,20,grid,1.422689750772624,2.28149258071611,0.3675525995302777,0.6040105203421849,0.4169224182168956,0.3709042845178221,0.1411654331907135,0.00912034488557667,-0.04306593063872555,1.793594035290446,2.4226580139068234,0.5948901754566083,0.4599883488556211
JAX_161_001,JAX,quadratic_xy,1,Q2,strict_blocked_cv,full_AGL_oracle_residual_training,50000,252400,20,grid,1.424346431293748,2.3792211871659874,-0.43839682667947677,0.5681741490403345,0.3561146229511665,0.3692476039966981,0.04343682674083604,-0.026716026416273797,-0.1038737259044546,1.793594035290446,2.4226580139068234,0.5948901754566083,0.4599883488556211
JAX_161_001,JAX,global_affine,2,Q3,strict_blocked_cv,stage1_sparse_anchors,20,256372,20,grid,1.2575483492673667,2.077246791889559,-0.3225399743058279,0.8035828503534996,0.7626859066396144,0.0,0.0,0.0,0.0,,,,
JAX_161_001,JAX,constant,2,Q3,strict_blocked_cv,full_AGL_oracle_residual_training,50000,256372,20,grid,1.2911436496670268,2.1363750368451067,-0.5942862093845612,0.8035828503534996,0.7626859066396144,-0.03359530039966008,-0.05912824495554769,0.0,0.0,1.2575483492673667,2.077246791889559,0.8035828503534996,0.7626859066396144
JAX_161_001,JAX,linear_xy,2,Q3,strict_blocked_cv,full_AGL_oracle_residual_training,50000,256372,20,grid,1.1811785153297567,2.0597921435030595,0.45456998384038627,0.8202793392932568,0.7572632885515311,0.07636983393760999,0.01745464838649946,0.01669648893975717,-0.005422618088083309,1.2575483492673667,2.077246791889559,0.8035828503534996,0.7626859066396144
JAX_161_001,JAX,quadratic_xy,2,Q3,strict_blocked_cv,full_AGL_oracle_residual_training,50000,256372,20,grid,1.1443005672264046,2.0451090336528983,0.3911405712176701,0.8203267447836882,0.7592592344292948,0.11324778204096209,0.03213775823666065,0.016743894430188533,-0.00342667221031967,1.2575483492673667,2.077246791889559,0.8035828503534996,0.7626859066396144
JAX_161_001,JAX,global_affine,3,Q4,strict_blocked_cv,stage1_sparse_anchors,20,255310,20,grid,2.5703711669942946,2.94339697268315,1.7455367628076432,0.8536436804926284,0.6275337990752521,0.0,0.0,0.0,0.0,,,,
JAX_161_001,JAX,constant,3,Q4,strict_blocked_cv,full_AGL_oracle_residual_training,50000,255310,20,grid,2.853059313735432,3.2046465192204026,2.1570980887906086,0.8536436804926284,0.6275337990752521,-0.2826881467411373,-0.26124954653725263,0.0,0.0,2.5703711669942946,2.94339697268315,0.8536436804926284,0.6275337990752521
JAX_161_001,JAX,linear_xy,3,Q4,strict_blocked_cv,full_AGL_oracle_residual_training,50000,255310,20,grid,1.4664861441274328,2.2187504836493024,-0.09102462544859095,0.8719033497290588,0.7176293040396281,1.1038850228668617,0.7246464890338475,0.01825966923643041,0.09009550496437602,2.5703711669942946,2.94339697268315,0.8536436804926284,0.6275337990752521
JAX_161_001,JAX,quadratic_xy,3,Q4,strict_blocked_cv,full_AGL_oracle_residual_training,50000,255310,20,grid,1.9146361233199287,2.3849065760576718,0.7582390939987388,0.866559689972092,0.663621930491315,0.6557350436743659,0.5584903966254782,0.012916009479463586,0.03608813141606293,2.5703711669942946,2.94339697268315,0.8536436804926284,0.6275337990752521
JAX_164_008,JAX,global_affine,0,Q1,strict_blocked_cv,stage1_sparse_anchors,20,255801,20,grid,3.1019942549964563,4.881618738508025,0.43644115373314624,0.8788035769545348,0.6814948602991067,0.0,0.0,0.0,0.0,,,,
JAX_164_008,JAX,constant,0,Q1,strict_blocked_cv,full_AGL_oracle_residual_training,50000,255801,20,grid,2.9112471083786056,4.885097098912174,-0.4737647499755288,0.8788035769545348,0.6814948602991067,0.19074714661785075,-0.003478360404148617,0.0,0.0,3.1019942549964563,4.881618738508025,0.8788035769545348,0.6814948602991067
JAX_164_008,JAX,linear_xy,0,Q1,strict_blocked_cv,full_AGL_oracle_residual_training,50000,255801,20,grid,2.8696527944195,4.830013981613628,0.18664224293364132,0.885738942235279,0.6637395464726779,0.23234146057695648,0.05160475689439714,0.006935365280744232,-0.01775531382642881,3.1019942549964563,4.881618738508025,0.8788035769545348,0.6814948602991067
JAX_164_008,JAX,quadratic_xy,0,Q1,strict_blocked_cv,full_AGL_oracle_residual_training,50000,255801,20,grid,6.14127025417892,7.95713799059229,2.5038980218153455,0.6503611408206549,0.3751898904137738,-3.039275999182464,-3.0755192520842654,-0.22844243613387993,-0.30630496988533285,3.1019942549964563,4.881618738508025,0.8788035769545348,0.6814948602991067
JAX_164_008,JAX,global_affine,1,Q2,strict_blocked_cv,stage1_sparse_anchors,20,253742,20,grid,7.335799290343996,11.722566379285594,-2.7920520707274994,0.7884740477913226,0.7786701909221071,0.0,0.0,0.0,0.0,,,,
JAX_164_008,JAX,constant,1,Q2,strict_blocked_cv,full_AGL_oracle_residual_training,50000,253742,20,grid,8.739988632578784,12.377520110516478,-4.855923839511554,0.7884740477913226,0.7786701909221071,-1.4041893422347886,-0.6549537312308846,0.0,0.0,7.335799290343996,11.722566379285594,0.7884740477913226,0.7786701909221071
JAX_164_008,JAX,linear_xy,1,Q2,strict_blocked_cv,full_AGL_oracle_residual_training,50000,253742,20,grid,10.168762924855965,13.385341663510856,-6.579576556518238,0.776789554464282,0.7778607469005036,-2.8329636345119695,-1.6627752842252619,-0.01168449332704058,-0.0008094440216035448,7.335799290343996,11.722566379285594,0.7884740477913226,0.7786701909221071
JAX_164_008,JAX,quadratic_xy,1,Q2,strict_blocked_cv,full_AGL_oracle_residual_training,50000,253742,20,grid,14.289152392558483,17.1361697831243,-11.316286101417624,0.7195093716134684,0.7513443179458954,-6.953353102214487,-5.413603403838705,-0.06896467617785418,-0.027325872976211696,7.335799290343996,11.722566379285594,0.7884740477913226,0.7786701909221071
JAX_164_008,JAX,global_affine,2,Q3,strict_blocked_cv,stage1_sparse_anchors,20,255726,20,grid,2.60083884366412,4.063583300837681,1.0406217426661843,0.8989574912649686,0.5493113402244257,0.0,0.0,0.0,0.0,,,,
JAX_164_008,JAX,constant,2,Q3,strict_blocked_cv,full_AGL_oracle_residual_training,50000,255726,20,grid,2.153053345153351,3.935105598473784,0.235032847922286,0.8989574912649685,0.5493113402244257,0.44778549851076876,0.12847770236389744,-1.1102230246251565e-16,0.0,2.60083884366412,4.063583300837681,0.8989574912649686,0.5493113402244257
JAX_164_008,JAX,linear_xy,2,Q3,strict_blocked_cv,full_AGL_oracle_residual_training,50000,255726,20,grid,5.238525668130415,6.236012891024096,-4.951127916734514,0.905377292719376,0.5560709210195208,-2.637686824466295,-2.1724295901864146,0.006419801454407348,0.006759580795095088,2.60083884366412,4.063583300837681,0.8989574912649686,0.5493113402244257
JAX_164_008,JAX,quadratic_xy,2,Q3,strict_blocked_cv,full_AGL_oracle_residual_training,50000,255726,20,grid,4.775212734197591,7.0211682205473505,1.897784845084393,0.66747781818659,0.4382348865109342,-2.1743738905334715,-2.957584919709669,-0.23147967307837858,-0.11107645371349156,2.60083884366412,4.063583300837681,0.8989574912649686,0.5493113402244257
JAX_164_008,JAX,global_affine,3,Q4,strict_blocked_cv,stage1_sparse_anchors,20,256407,20,grid,8.472447805868953,12.735108992803468,4.7174684773754985,0.5480394280080674,0.3895497705595136,0.0,0.0,0.0,0.0,,,,
JAX_164_008,JAX,constant,3,Q4,strict_blocked_cv,full_AGL_oracle_residual_training,50000,256407,20,grid,8.496515454608009,12.89473602329274,5.132808674288495,0.5480394280080673,0.3895497705595136,-0.02406764873905587,-0.15962703048927196,-1.1102230246251565e-16,0.0,8.472447805868953,12.735108992803468,0.5480394280080674,0.3895497705595136
JAX_164_008,JAX,linear_xy,3,Q4,strict_blocked_cv,full_AGL_oracle_residual_training,50000,256407,20,grid,9.452769243017004,14.122485296710288,7.73395526916049,0.5283749245248461,0.419407690855047,-0.9803214371480511,-1.3873763039068194,-0.01966450348322124,0.029857920295533358,8.472447805868953,12.735108992803468,0.5480394280080674,0.3895497705595136
JAX_164_008,JAX,quadratic_xy,3,Q4,strict_blocked_cv,full_AGL_oracle_residual_training,50000,256407,20,grid,8.995083322702234,13.810361375482177,6.999932438668475,0.5201183368288688,0.4381139320002768,-0.5226355168332812,-1.075252382678709,-0.02792109117919861,0.0485641614407632,8.472447805868953,12.735108992803468,0.5480394280080674,0.3895497705595136
JAX_165_015,JAX,global_affine,0,Q1,strict_blocked_cv,stage1_sparse_anchors,20,256853,20,grid,3.697161970034546,5.125361279720085,-1.6206960756128055,0.8322059978847075,0.8144005621817025,0.0,0.0,0.0,0.0,,,,
JAX_165_015,JAX,constant,0,Q1,strict_blocked_cv,full_AGL_oracle_residual_training,50000,256853,20,grid,3.503603627593905,4.916282126008235,-0.7260561027640277,0.8322059978847076,0.8144005621817025,0.19355834244064107,0.20907915371185037,1.1102230246251565e-16,0.0,3.697161970034546,5.125361279720085,0.8322059978847075,0.8144005621817025
JAX_165_015,JAX,linear_xy,0,Q1,strict_blocked_cv,full_AGL_oracle_residual_training,50000,256853,20,grid,3.6686433829857608,4.666047621199742,1.5419689431678403,0.8561596161038666,0.8296695928165377,0.028518587048785182,0.459313658520343,0.02395361821915909,0.015269030634835201,3.697161970034546,5.125361279720085,0.8322059978847075,0.8144005621817025
JAX_165_015,JAX,quadratic_xy,0,Q1,strict_blocked_cv,full_AGL_oracle_residual_training,50000,256853,20,grid,5.449965570463743,7.063238768369852,-4.056761926580153,0.8039940066986995,0.7869707031085401,-1.7528036004291967,-1.9378774886497672,-0.028211991186008034,-0.02742985907316242,3.697161970034546,5.125361279720085,0.8322059978847075,0.8144005621817025
JAX_165_015,JAX,global_affine,1,Q2,strict_blocked_cv,stage1_sparse_anchors,20,255721,20,grid,6.386008058531858,9.383485546974367,1.5968866069680085,0.9120079728024844,0.8259197116283384,0.0,0.0,0.0,0.0,,,,
JAX_165_015,JAX,constant,1,Q2,strict_blocked_cv,full_AGL_oracle_residual_training,50000,255721,20,grid,7.604032182524827,9.926215041471302,3.609707865571408,0.9120079728024845,0.8259197116283384,-1.2180241239929694,-0.5427294944969354,1.1102230246251565e-16,0.0,6.386008058531858,9.383485546974367,0.9120079728024844,0.8259197116283384
JAX_165_015,JAX,linear_xy,1,Q2,strict_blocked_cv,full_AGL_oracle_residual_training,50000,255721,20,grid,4.779810895820224,9.450343882910026,-4.238291596532812,0.9056795380816156,0.7693389157689767,1.6061971627116343,-0.0668583359356596,-0.0063284347208687475,-0.05658079585936171,6.386008058531858,9.383485546974367,0.9120079728024844,0.8259197116283384
JAX_165_015,JAX,quadratic_xy,1,Q2,strict_blocked_cv,full_AGL_oracle_residual_training,50000,255721,20,grid,4.513324091768274,9.219516694798276,-3.1283467325393226,0.9003295134953815,0.8170300867930813,1.8726839667635842,0.16396885217609025,-0.011678459307102873,-0.008889624835257126,6.386008058531858,9.383485546974367,0.9120079728024844,0.8259197116283384
JAX_165_015,JAX,global_affine,2,Q3,strict_blocked_cv,stage1_sparse_anchors,20,257127,20,grid,6.145733289725009,8.19450341855208,-5.359205248182069,0.7655377690044628,0.7547896574410375,0.0,0.0,0.0,0.0,,,,
JAX_165_015,JAX,constant,2,Q3,strict_blocked_cv,full_AGL_oracle_residual_training,50000,257127,20,grid,6.339831065626456,8.400493447169675,-5.669169672131994,0.7655377690044629,0.7547896574410375,-0.1940977759014464,-0.2059900286175953,1.1102230246251565e-16,0.0,6.145733289725009,8.19450341855208,0.7655377690044628,0.7547896574410375
JAX_165_015,JAX,linear_xy,2,Q3,strict_blocked_cv,full_AGL_oracle_residual_training,50000,257127,20,grid,4.509416327698628,5.680391217981821,0.34693662131473935,0.7887258684323801,0.8145265467917889,1.636316962026381,2.514112200570258,0.02318809942791733,0.05973688935075139,6.145733289725009,8.19450341855208,0.7655377690044628,0.7547896574410375
JAX_165_015,JAX,quadratic_xy,2,Q3,strict_blocked_cv,full_AGL_oracle_residual_training,50000,257127,20,grid,5.765624123354735,6.793534088518781,4.042573991195959,0.8035923008567241,0.812718740988257,0.38010916637027403,1.4009693300332984,0.038054531852261264,0.057929083547219484,6.145733289725009,8.19450341855208,0.7655377690044628,0.7547896574410375
JAX_165_015,JAX,global_affine,3,Q4,strict_blocked_cv,stage1_sparse_anchors,20,256619,20,grid,4.7923127002882895,5.729639525601226,0.9791419031520296,0.8666276046630963,0.8072951741142925,0.0,0.0,0.0,0.0,,,,
JAX_165_015,JAX,constant,3,Q4,strict_blocked_cv,full_AGL_oracle_residual_training,50000,256619,20,grid,5.525333821292736,6.274451981063226,2.738374962609133,0.8666276046630962,0.8072951741142925,-0.7330211210044464,-0.544812455462,-1.1102230246251565e-16,0.0,4.7923127002882895,5.729639525601226,0.8666276046630963,0.8072951741142925
JAX_165_015,JAX,linear_xy,3,Q4,strict_blocked_cv,full_AGL_oracle_residual_training,50000,256619,20,grid,5.075721393366735,5.768379923319388,3.29549866647747,0.9116441473656595,0.8268387476803161,-0.28340869307844585,-0.03874039771816218,0.04501654270256317,0.019543573566023542,4.7923127002882895,5.729639525601226,0.8666276046630963,0.8072951741142925
JAX_165_015,JAX,quadratic_xy,3,Q4,strict_blocked_cv,full_AGL_oracle_residual_training,50000,256619,20,grid,6.592804142940099,7.835444746272276,5.728944529291423,0.8628553579380657,0.7669791582932116,-1.8004914426518095,-2.1058052206710496,-0.0037722467250306257,-0.04031601582108091,4.7923127002882895,5.729639525601226,0.8666276046630963,0.8072951741142925
JAX_166_006,JAX,global_affine,0,Q1,strict_blocked_cv,stage1_sparse_anchors,20,256651,20,grid,6.913117903110086,10.026137076663423,2.3056070532178707,0.8138611101121218,0.7929836951755287,0.0,0.0,0.0,0.0,,,,
JAX_166_006,JAX,constant,0,Q1,strict_blocked_cv,full_AGL_oracle_residual_training,50000,256651,20,grid,6.693173666965627,9.875066088642418,1.5196478075062327,0.8138611101121218,0.7929836951755287,0.21994423614445857,0.15107098802100438,0.0,0.0,6.913117903110086,10.026137076663423,0.8138611101121218,0.7929836951755287
JAX_166_006,JAX,linear_xy,0,Q1,strict_blocked_cv,full_AGL_oracle_residual_training,50000,256651,20,grid,8.987133898687242,11.66370711553993,5.445489451833029,0.7979326463407035,0.7691929850126077,-2.074015995577156,-1.6375700388765075,-0.015928463771418322,-0.023790710162921003,6.913117903110086,10.026137076663423,0.8138611101121218,0.7929836951755287
JAX_166_006,JAX,quadratic_xy,0,Q1,strict_blocked_cv,full_AGL_oracle_residual_training,50000,256651,20,grid,8.445274876028789,11.225511866111923,4.645474937611956,0.7987028975338091,0.7797161979757771,-1.5321569729187026,-1.1993747894485,-0.015158212578312735,-0.013267497199751621,6.913117903110086,10.026137076663423,0.8138611101121218,0.7929836951755287
JAX_166_006,JAX,global_affine,1,Q2,strict_blocked_cv,stage1_sparse_anchors,20,255291,20,grid,6.745800294110764,13.306135243705606,2.3071280564483887,0.7953293113377018,0.8097602206746914,0.0,0.0,0.0,0.0,,,,
JAX_166_006,JAX,constant,1,Q2,strict_blocked_cv,full_AGL_oracle_residual_training,50000,255291,20,grid,6.399155342826242,13.199182062900944,1.5773432963920297,0.7953293113377018,0.8097602206746914,0.3466449512845218,0.10695318080466265,0.0,0.0,6.745800294110764,13.306135243705606,0.7953293113377018,0.8097602206746914
JAX_166_006,JAX,linear_xy,1,Q2,strict_blocked_cv,full_AGL_oracle_residual_training,50000,255291,20,grid,7.2939371886762805,13.792345103104577,-4.371171610550215,0.7998011491603707,0.8018521979909334,-0.5481368945655163,-0.4862098593989703,0.0044718378226689115,-0.00790802268375801,6.745800294110764,13.306135243705606,0.7953293113377018,0.8097602206746914
JAX_166_006,JAX,quadratic_xy,1,Q2,strict_blocked_cv,full_AGL_oracle_residual_training,50000,255291,20,grid,6.263103016785965,12.946969161510712,1.3843623028941576,0.8075465317508539,0.7989810898453304,0.4826972773247995,0.35916608219489454,0.012217220413152097,-0.010779130829360994,6.745800294110764,13.306135243705606,0.7953293113377018,0.8097602206746914
JAX_166_006,JAX,global_affine,2,Q3,strict_blocked_cv,stage1_sparse_anchors,20,256384,20,grid,4.292058834448128,8.94154823050365,-3.4912521025378824,0.9715778323630455,0.6651744502771189,0.0,0.0,0.0,0.0,,,,
JAX_166_006,JAX,constant,2,Q3,strict_blocked_cv,full_AGL_oracle_residual_training,50000,256384,20,grid,6.374086655927695,10.282056210964607,-6.161025597292066,0.9715778323630456,0.6651744502771189,-2.082027821479567,-1.3405079804609557,1.1102230246251565e-16,0.0,4.292058834448128,8.94154823050365,0.9715778323630455,0.6651744502771189
JAX_166_006,JAX,linear_xy,2,Q3,strict_blocked_cv,full_AGL_oracle_residual_training,50000,256384,20,grid,5.231702738028112,9.619241962358965,-4.902137216747869,0.9686308744730732,0.6555559100253122,-0.9396439035799835,-0.6776937318553138,-0.002946957889972346,-0.00961854025180664,4.292058834448128,8.94154823050365,0.9715778323630455,0.6651744502771189
JAX_166_006,JAX,quadratic_xy,2,Q3,strict_blocked_cv,full_AGL_oracle_residual_training,50000,256384,20,grid,8.76395687721817,10.985560863943693,5.36006445519072,0.8641392331889038,0.5379360875753955,-4.471898042770042,-2.044012633440042,-0.10743859917414167,-0.1272383627017234,4.292058834448128,8.94154823050365,0.9715778323630455,0.6651744502771189
JAX_166_006,JAX,global_affine,3,Q4,strict_blocked_cv,stage1_sparse_anchors,20,256432,20,grid,5.697723759485116,8.360730657942703,3.4810112992316142,0.8177418627576195,0.8355826276552752,0.0,0.0,0.0,0.0,,,,
JAX_166_006,JAX,constant,3,Q4,strict_blocked_cv,full_AGL_oracle_residual_training,50000,256432,20,grid,5.591076299173406,8.19641066087705,3.065415184351718,0.8177418627576194,0.8355826276552752,0.10664746031170935,0.16431999706565392,-1.1102230246251565e-16,0.0,5.697723759485116,8.360730657942703,0.8177418627576195,0.8355826276552752
JAX_166_006,JAX,linear_xy,3,Q4,strict_blocked_cv,full_AGL_oracle_residual_training,50000,256432,20,grid,8.413246490880558,10.819225958446314,7.400127397179128,0.8034436329624004,0.828290234920453,-2.715522731395443,-2.4584953005036105,-0.014298229795219108,-0.007292392734822295,5.697723759485116,8.360730657942703,0.8177418627576195,0.8355826276552752
JAX_166_006,JAX,quadratic_xy,3,Q4,strict_blocked_cv,full_AGL_oracle_residual_training,50000,256432,20,grid,5.794159007937486,7.753980066749707,0.8995928214463436,0.7815042137840659,0.7819789141175297,-0.09643524845237028,0.6067505911929958,-0.03623764897355364,-0.05360371353774551,5.697723759485116,8.360730657942703,0.8177418627576195,0.8355826276552752
JAX_175_002,JAX,global_affine,0,Q1,strict_blocked_cv,stage1_sparse_anchors,20,255850,20,grid,4.946620535921995,9.126255780162749,-2.405868913816111,0.6557961003800394,0.7422724844923199,0.0,0.0,0.0,0.0,,,,
JAX_175_002,JAX,constant,0,Q1,strict_blocked_cv,full_AGL_oracle_residual_training,50000,255850,20,grid,5.011781303127832,9.076915447838783,-2.211346809690209,0.6557961003800394,0.7422724844923199,-0.06516076720583719,0.04934033232396651,0.0,0.0,4.946620535921995,9.126255780162749,0.6557961003800394,0.7422724844923199
JAX_175_002,JAX,linear_xy,0,Q1,strict_blocked_cv,full_AGL_oracle_residual_training,50000,255850,20,grid,5.368142410225939,8.800358171422305,-0.888228951960007,0.6517147109238145,0.7227150859318267,-0.42152187430394417,0.32589760874044416,-0.0040813894562249375,-0.01955739856049321,4.946620535921995,9.126255780162749,0.6557961003800394,0.7422724844923199
JAX_175_002,JAX,quadratic_xy,0,Q1,strict_blocked_cv,full_AGL_oracle_residual_training,50000,255850,20,grid,5.2514907606221435,8.8800011736349,-0.9578878039631109,0.6367406622655221,0.6830866668742892,-0.30487022470014846,0.2462546065278488,-0.019055438114517376,-0.059185817618030656,4.946620535921995,9.126255780162749,0.6557961003800394,0.7422724844923199
JAX_175_002,JAX,global_affine,1,Q2,strict_blocked_cv,stage1_sparse_anchors,20,255460,20,grid,1.7389364745421425,2.30563992339793,0.596872501988486,0.7138695334827316,0.6051787324686216,0.0,0.0,0.0,0.0,,,,
JAX_175_002,JAX,constant,1,Q2,strict_blocked_cv,full_AGL_oracle_residual_training,50000,255460,20,grid,2.548366974650054,2.888198493419246,1.8390138293805152,0.7138695334827316,0.6051787324686216,-0.8094305001079116,-0.5825585700213161,0.0,0.0,1.7389364745421425,2.30563992339793,0.7138695334827316,0.6051787324686216
JAX_175_002,JAX,linear_xy,1,Q2,strict_blocked_cv,full_AGL_oracle_residual_training,50000,255460,20,grid,2.2755668073088406,2.6114891138535508,1.2607472030390925,0.7424547471562449,0.5917516753430798,-0.5366303327666981,-0.30584919045562087,0.0285852136735133,-0.01342705712554182,1.7389364745421425,2.30563992339793,0.7138695334827316,0.6051787324686216
JAX_175_002,JAX,quadratic_xy,1,Q2,strict_blocked_cv,full_AGL_oracle_residual_training,50000,255460,20,grid,1.615353056436035,2.3102493235420742,0.06001480231806126,0.7228707259951624,0.5341324229318102,0.12358341810610751,-0.004609400144144349,0.009001192512430811,-0.07104630953681146,1.7389364745421425,2.30563992339793,0.7138695334827316,0.6051787324686216
JAX_175_002,JAX,global_affine,2,Q3,strict_blocked_cv,stage1_sparse_anchors,20,255903,20,grid,2.824606096653747,6.336042785344921,-1.6452460536784592,0.7196964692381114,0.6100366569654283,0.0,0.0,0.0,0.0,,,,
JAX_175_002,JAX,constant,2,Q3,strict_blocked_cv,full_AGL_oracle_residual_training,50000,255903,20,grid,3.007446188681805,6.227641440022607,-1.1597044041090683,0.7196964692381114,0.6100366569654283,-0.18284009202805818,0.1084013453223136,0.0,0.0,2.824606096653747,6.336042785344921,0.7196964692381114,0.6100366569654283
JAX_175_002,JAX,linear_xy,2,Q3,strict_blocked_cv,full_AGL_oracle_residual_training,50000,255903,20,grid,3.4687471636580156,6.007254791548413,-0.008297670394541094,0.718954522575346,0.5490766453522619,-0.6441410670042687,0.32878799379650747,-0.0007419466627653915,-0.06096001161316644,2.824606096653747,6.336042785344921,0.7196964692381114,0.6100366569654283
JAX_175_002,JAX,quadratic_xy,2,Q3,strict_blocked_cv,full_AGL_oracle_residual_training,50000,255903,20,grid,4.742831385136471,7.644389305971032,-4.129191658913508,0.6476573523116778,0.49843645144173887,-1.918225288482724,-1.3083465206261113,-0.07203911692643361,-0.11160020552368943,2.824606096653747,6.336042785344921,0.7196964692381114,0.6100366569654283
JAX_175_002,JAX,global_affine,3,Q4,strict_blocked_cv,stage1_sparse_anchors,20,256008,20,grid,2.1087583090542688,2.557358850471082,0.36854477628656673,0.6638013833705165,0.5366448369394624,0.0,0.0,0.0,0.0,,,,
JAX_175_002,JAX,constant,3,Q4,strict_blocked_cv,full_AGL_oracle_residual_training,50000,256008,20,grid,2.68725419246386,2.9452134787106634,1.5066596819535292,0.6638013833705165,0.5366448369394624,-0.5784958834095915,-0.3878546282395816,0.0,0.0,2.1087583090542688,2.557358850471082,0.6638013833705165,0.5366448369394624
JAX_175_002,JAX,linear_xy,3,Q4,strict_blocked_cv,full_AGL_oracle_residual_training,50000,256008,20,grid,1.8249369223703804,2.9317375002017103,-1.3084528975913112,0.6089941472032174,0.4103172833679764,0.28382138668388834,-0.3743786497306285,-0.0548072361672991,-0.126327553571486,2.1087583090542688,2.557358850471082,0.6638013833705165,0.5366448369394624
JAX_175_002,JAX,quadratic_xy,3,Q4,strict_blocked_cv,full_AGL_oracle_residual_training,50000,256008,20,grid,2.4394834538045385,2.855791245087319,0.8865875078024564,0.5316243690023528,0.4006262206876208,-0.3307251447502697,-0.29843239461623705,-0.13217701436816376,-0.13601861625184158,2.1087583090542688,2.557358850471082,0.6638013833705165,0.5366448369394624
JAX_204_005,JAX,global_affine,0,Q1,strict_blocked_cv,stage1_sparse_anchors,20,256490,20,grid,3.3037422967104395,4.256026452437033,0.3413879039686254,0.6891834586150805,0.5727078033283735,0.0,0.0,0.0,0.0,,,,
JAX_204_005,JAX,constant,0,Q1,strict_blocked_cv,full_AGL_oracle_residual_training,50000,256490,20,grid,2.9770571354838964,4.340146101475123,-0.9163256622413497,0.6891834586150805,0.5727078033283735,0.3266851612265431,-0.08411964903809022,0.0,0.0,3.3037422967104395,4.256026452437033,0.6891834586150805,0.5727078033283735
JAX_204_005,JAX,linear_xy,0,Q1,strict_blocked_cv,full_AGL_oracle_residual_training,50000,256490,20,grid,2.955617010855498,4.784991229970618,-1.9912069228752645,0.5824309151697767,0.46979181794356467,0.3481252858549415,-0.5289647775335853,-0.10675254344530372,-0.10291598538480878,3.3037422967104395,4.256026452437033,0.6891834586150805,0.5727078033283735
JAX_204_005,JAX,quadratic_xy,0,Q1,strict_blocked_cv,full_AGL_oracle_residual_training,50000,256490,20,grid,3.161117043686583,4.13358007170066,0.14751128379353057,0.5653695337352733,0.45836960661413817,0.1426252530238563,0.12244638073637315,-0.12381392487980714,-0.11433819671423529,3.3037422967104395,4.256026452437033,0.6891834586150805,0.5727078033283735
JAX_204_005,JAX,global_affine,1,Q2,strict_blocked_cv,stage1_sparse_anchors,20,255693,20,grid,3.829951210842841,4.425912082999894,1.124403535690886,0.8124200727869698,0.5567580512078285,0.0,0.0,0.0,0.0,,,,
JAX_204_005,JAX,constant,1,Q2,strict_blocked_cv,full_AGL_oracle_residual_training,50000,255693,20,grid,3.475582382088382,4.283623231912289,0.15815668689114765,0.8124200727869699,0.5567580512078285,0.35436882875445885,0.14228885108760547,1.1102230246251565e-16,0.0,3.829951210842841,4.425912082999894,0.8124200727869698,0.5567580512078285
JAX_204_005,JAX,linear_xy,1,Q2,strict_blocked_cv,full_AGL_oracle_residual_training,50000,255693,20,grid,3.2803516993705513,4.3188858421760665,-0.5126694687330606,0.7941077198822538,0.511659140126376,0.5495995114722896,0.10702624082382783,-0.018312352904716,-0.045098911081452475,3.829951210842841,4.425912082999894,0.8124200727869698,0.5567580512078285
JAX_204_005,JAX,quadratic_xy,1,Q2,strict_blocked_cv,full_AGL_oracle_residual_training,50000,255693,20,grid,2.756666425977557,4.787096902811012,-2.221393513615253,0.773735847513187,0.6946062460101758,1.073284784865284,-0.3611848198111174,-0.03868422527378279,0.13784819480234733,3.829951210842841,4.425912082999894,0.8124200727869698,0.5567580512078285
JAX_204_005,JAX,global_affine,2,Q3,strict_blocked_cv,stage1_sparse_anchors,20,255091,20,grid,2.2698724585050734,2.6141220176964977,1.3054521613249104,0.1533465308606157,0.10461770372809484,0.0,0.0,0.0,0.0,,,,
JAX_204_005,JAX,constant,2,Q3,strict_blocked_cv,full_AGL_oracle_residual_training,50000,255091,20,grid,1.6854580428444548,2.2972208380523207,0.38444115399379164,0.1533465308606157,0.10461770372809484,0.5844144156606186,0.31690117964417697,0.0,0.0,2.2698724585050734,2.6141220176964977,0.1533465308606157,0.10461770372809484
JAX_204_005,JAX,linear_xy,2,Q3,strict_blocked_cv,full_AGL_oracle_residual_training,50000,255091,20,grid,2.0632837832074746,2.416915452520508,1.0536140539961691,0.25782097795232445,0.16510846563036594,0.20658867529759872,0.19720656517598956,0.10447444709170875,0.060490761902271095,2.2698724585050734,2.6141220176964977,0.1533465308606157,0.10461770372809484
JAX_204_005,JAX,quadratic_xy,2,Q3,strict_blocked_cv,full_AGL_oracle_residual_training,50000,255091,20,grid,1.1428847903750372,1.9078988735957638,-0.0937225385434945,0.5714308033788171,0.35672379776217034,1.1269876681300361,0.7062231441007338,0.41808427251820146,0.25210609403407547,2.2698724585050734,2.6141220176964977,0.1533465308606157,0.10461770372809484
JAX_204_005,JAX,global_affine,3,Q4,strict_blocked_cv,stage1_sparse_anchors,20,254342,20,grid,3.627106130155775,4.486709202090011,1.3200195887981583,0.3199240929252034,0.30482693927509835,0.0,0.0,0.0,0.0,,,,
JAX_204_005,JAX,constant,3,Q4,strict_blocked_cv,full_AGL_oracle_residual_training,50000,254342,20,grid,3.146798128819548,4.306596309150781,0.39832652520616424,0.3199240929252035,0.30482693927509835,0.4803080013362271,0.1801128929392295,1.1102230246251565e-16,0.0,3.627106130155775,4.486709202090011,0.3199240929252034,0.30482693927509835
JAX_204_005,JAX,linear_xy,3,Q4,strict_blocked_cv,full_AGL_oracle_residual_training,50000,254342,20,grid,2.8191717544701844,4.48672051747944,-0.661036174989111,0.2085196739559893,0.2370520577187697,0.8079343756855906,-1.1315389429000788e-05,-0.1114044189692141,-0.06777488155632866,3.627106130155775,4.486709202090011,0.3199240929252034,0.30482693927509835
JAX_204_005,JAX,quadratic_xy,3,Q4,strict_blocked_cv,full_AGL_oracle_residual_training,50000,254342,20,grid,3.4820708020112368,4.188334674121731,2.0600025415275094,0.6079036918275937,0.4564644234011564,0.14503532814453823,0.2983745279682797,0.28797959890239033,0.15163748412605804,3.627106130155775,4.486709202090011,0.3199240929252034,0.30482693927509835
JAX_214_015,JAX,global_affine,0,Q1,strict_blocked_cv,stage1_sparse_anchors,20,206957,20,grid,9.401450326985128,12.42001441269438,-7.275734247114303,0.8828671825650032,0.7501884965556095,0.0,0.0,0.0,0.0,,,,
JAX_214_015,JAX,constant,0,Q1,strict_blocked_cv,full_AGL_oracle_residual_training,50000,206957,20,grid,11.367895042171934,14.475603186343674,-10.40301102717761,0.8828671825650032,0.7501884965556095,-1.9664447151868067,-2.055588773649294,0.0,0.0,9.401450326985128,12.42001441269438,0.8828671825650032,0.7501884965556095
JAX_214_015,JAX,linear_xy,0,Q1,strict_blocked_cv,full_AGL_oracle_residual_training,50000,206957,20,grid,6.220980316776782,9.927732241593455,-2.7114767114114664,0.9140347712525911,0.7547901673300573,3.180470010208346,2.492282171100925,0.031167588687587955,0.004601670774447841,9.401450326985128,12.42001441269438,0.8828671825650032,0.7501884965556095
JAX_214_015,JAX,quadratic_xy,0,Q1,strict_blocked_cv,full_AGL_oracle_residual_training,50000,206957,20,grid,5.9951501809868795,10.130293869416713,-0.16807240481831406,0.9197641525227311,0.7896965465889024,3.406300145998248,2.2897205432776673,0.036896969957727954,0.03950805003329294,9.401450326985128,12.42001441269438,0.8828671825650032,0.7501884965556095
JAX_214_015,JAX,global_affine,1,Q2,strict_blocked_cv,stage1_sparse_anchors,20,256749,20,grid,5.937963353172207,6.680176887528579,4.9648322363648845,0.9077830215485145,0.820973456123234,0.0,0.0,0.0,0.0,,,,
JAX_214_015,JAX,constant,1,Q2,strict_blocked_cv,full_AGL_oracle_residual_training,50000,256749,20,grid,6.399643421867163,7.096648378747091,5.512459895377981,0.9077830215485145,0.820973456123234,-0.4616800686949558,-0.4164714912185117,0.0,0.0,5.937963353172207,6.680176887528579,0.9077830215485145,0.820973456123234
JAX_214_015,JAX,linear_xy,1,Q2,strict_blocked_cv,full_AGL_oracle_residual_training,50000,256749,20,grid,7.522773017317654,8.454371056055471,7.068402585220088,0.9085660678348269,0.7532898526685826,-1.584809664145447,-1.7741941685268925,0.0007830462863123167,-0.06768360345465141,5.937963353172207,6.680176887528579,0.9077830215485145,0.820973456123234
JAX_214_015,JAX,quadratic_xy,1,Q2,strict_blocked_cv,full_AGL_oracle_residual_training,50000,256749,20,grid,7.337148690157507,7.979745842969403,6.7610053664247465,0.9179794057207304,0.8311772857573297,-1.3991853369853002,-1.299568955440824,0.010196384172215911,0.010203829634095718,5.937963353172207,6.680176887528579,0.9077830215485145,0.820973456123234
JAX_214_015,JAX,global_affine,2,Q3,strict_blocked_cv,stage1_sparse_anchors,20,253695,20,grid,6.810699473390424,8.949015150226593,-1.839034629636453,0.6586081121181269,0.640286130071093,0.0,0.0,0.0,0.0,,,,
JAX_214_015,JAX,constant,2,Q3,strict_blocked_cv,full_AGL_oracle_residual_training,50000,253695,20,grid,7.226120433391515,9.492534150346254,-3.6613359318023337,0.6586081121181269,0.640286130071093,-0.4154209600010912,-0.5435190001196606,0.0,0.0,6.810699473390424,8.949015150226593,0.6586081121181269,0.640286130071093
JAX_214_015,JAX,linear_xy,2,Q3,strict_blocked_cv,full_AGL_oracle_residual_training,50000,253695,20,grid,6.087919576874571,7.718370459308594,0.19864856026115868,0.7298772752147429,0.6768124474808257,0.7227798965158536,1.230644690917999,0.07126916309661602,0.03652631740973267,6.810699473390424,8.949015150226593,0.6586081121181269,0.640286130071093
JAX_214_015,JAX,quadratic_xy,2,Q3,strict_blocked_cv,full_AGL_oracle_residual_training,50000,253695,20,grid,6.024705928252299,7.791704413117083,-3.563205779289324,0.7997908672816265,0.7279401439013852,0.7859935451381252,1.1573107371095102,0.14118275516349965,0.08765401383029214,6.810699473390424,8.949015150226593,0.6586081121181269,0.640286130071093
JAX_214_015,JAX,global_affine,3,Q4,strict_blocked_cv,stage1_sparse_anchors,20,256483,20,grid,9.904305558586097,12.337153935631012,6.200506112447558,0.7159597648573532,0.7810598506948884,0.0,0.0,0.0,0.0,,,,
JAX_214_015,JAX,constant,3,Q4,strict_blocked_cv,full_AGL_oracle_residual_training,50000,256483,20,grid,10.589834472786832,12.861833249467777,7.188022214500913,0.7159597648573532,0.7810598506948884,-0.6855289142007344,-0.5246793138367654,0.0,0.0,9.904305558586097,12.337153935631012,0.7159597648573532,0.7810598506948884
JAX_214_015,JAX,linear_xy,3,Q4,strict_blocked_cv,full_AGL_oracle_residual_training,50000,256483,20,grid,8.582333065683901,11.109781995734675,-3.91517749883381,0.7386822752635636,0.8265820192521133,1.321972492902196,1.2273719398963365,0.022722510406210317,0.04552216855722491,9.904305558586097,12.337153935631012,0.7159597648573532,0.7810598506948884
JAX_214_015,JAX,quadratic_xy,3,Q4,strict_blocked_cv,full_AGL_oracle_residual_training,50000,256483,20,grid,7.325166332023094,10.259006994953621,-2.759495273326662,0.7619486632011769,0.8367806001310482,2.5791392265630035,2.0781469406773905,0.04598889834382369,0.05572074943615979,9.904305558586097,12.337153935631012,0.7159597648573532,0.7810598506948884
JAX_214_023,JAX,global_affine,0,Q1,strict_blocked_cv,stage1_sparse_anchors,20,213855,20,grid,5.506470179348232,11.619439449972484,-4.079118715885977,0.8940630472142743,0.8153750036970006,0.0,0.0,0.0,0.0,,,,
JAX_214_023,JAX,constant,0,Q1,strict_blocked_cv,full_AGL_oracle_residual_training,50000,213855,20,grid,5.523867194209753,11.631772678449668,-4.114118618834728,0.8940630472142741,0.8153750036970006,-0.017397014861521676,-0.012333228477183766,-2.220446049250313e-16,0.0,5.506470179348232,11.619439449972484,0.8940630472142743,0.8153750036970006
JAX_214_023,JAX,linear_xy,0,Q1,strict_blocked_cv,full_AGL_oracle_residual_training,50000,213855,20,grid,9.022797049675711,12.005231979011059,4.543847662358405,0.9338737215372772,0.7427991099056458,-3.5163268703274797,-0.3857925290385751,0.03981067432300289,-0.07257589379135476,5.506470179348232,11.619439449972484,0.8940630472142743,0.8153750036970006
JAX_214_023,JAX,quadratic_xy,0,Q1,strict_blocked_cv,full_AGL_oracle_residual_training,50000,213855,20,grid,16.097929517847195,18.590200933231284,13.154785757444856,0.6643789728621649,0.08469424979635178,-10.591459338498964,-6.9707614832588,-0.22968407435210947,-0.7306807539006488,5.506470179348232,11.619439449972484,0.8940630472142743,0.8153750036970006
JAX_214_023,JAX,global_affine,1,Q2,strict_blocked_cv,stage1_sparse_anchors,20,256920,20,grid,6.31204541444084,12.376319644881631,-3.20215883255491,0.9036725933085278,0.8079329694387272,0.0,0.0,0.0,0.0,,,,
JAX_214_023,JAX,constant,1,Q2,strict_blocked_cv,full_AGL_oracle_residual_training,50000,256920,20,grid,6.31077487456431,12.328384092477506,-3.0115755956440644,0.9036725933085278,0.8079329694387272,0.0012705398765300302,0.04793555240412495,0.0,0.0,6.31204541444084,12.376319644881631,0.9036725933085278,0.8079329694387272
JAX_214_023,JAX,linear_xy,1,Q2,strict_blocked_cv,full_AGL_oracle_residual_training,50000,256920,20,grid,7.2651239774354535,11.476401724939295,1.5855025158522429,0.9402371044844686,0.8128939976243191,-0.9530785629946132,0.8999179199423359,0.03656451117594084,0.004961028185591965,6.31204541444084,12.376319644881631,0.9036725933085278,0.8079329694387272
JAX_214_023,JAX,quadratic_xy,1,Q2,strict_blocked_cv,full_AGL_oracle_residual_training,50000,256920,20,grid,12.671153930129268,15.490296270461178,8.441070597321682,0.84105530419942,0.5663657683371108,-6.359108515688428,-3.1139766255795465,-0.0626172891091078,-0.24156720110161634,6.31204541444084,12.376319644881631,0.9036725933085278,0.8079329694387272
JAX_214_023,JAX,global_affine,2,Q3,strict_blocked_cv,stage1_sparse_anchors,20,254153,20,grid,7.098989043799593,9.216533514634879,0.4111624116805652,0.5992493003657129,0.5871858153397307,0.0,0.0,0.0,0.0,,,,
JAX_214_023,JAX,constant,2,Q3,strict_blocked_cv,full_AGL_oracle_residual_training,50000,254153,20,grid,7.369626965157464,9.378742794041349,1.7847635415296803,0.5992493003657129,0.5871858153397307,-0.27063792135787157,-0.16220927940647023,0.0,0.0,7.098989043799593,9.216533514634879,0.5992493003657129,0.5871858153397307
JAX_214_023,JAX,linear_xy,2,Q3,strict_blocked_cv,full_AGL_oracle_residual_training,50000,254153,20,grid,6.588998226853463,8.635237509335013,-1.6878858271358597,0.7104826305231691,0.669879746394232,0.5099908169461296,0.5812960052998655,0.11123333015745618,0.08269393105450129,7.098989043799593,9.216533514634879,0.5992493003657129,0.5871858153397307
JAX_214_023,JAX,quadratic_xy,2,Q3,strict_blocked_cv,full_AGL_oracle_residual_training,50000,254153,20,grid,9.88526770573005,12.359866090200997,-7.306291426655895,0.49873799962343224,0.45034415638582365,-2.7862786619304565,-3.1433325755661183,-0.10051130074228065,-0.13684165895390704,7.098989043799593,9.216533514634879,0.5992493003657129,0.5871858153397307
JAX_214_023,JAX,global_affine,3,Q4,strict_blocked_cv,stage1_sparse_anchors,20,256765,20,grid,8.231074932371937,11.053786329299331,2.75522743289517,0.7836103705053963,0.8162485562573943,0.0,0.0,0.0,0.0,,,,
JAX_214_023,JAX,constant,3,Q4,strict_blocked_cv,full_AGL_oracle_residual_training,50000,256765,20,grid,9.595638603848064,11.78005859374601,4.91679432814334,0.7836103705053963,0.8162485562573943,-1.3645636714761267,-0.7262722644466777,0.0,0.0,8.231074932371937,11.053786329299331,0.7836103705053963,0.8162485562573943
JAX_214_023,JAX,linear_xy,3,Q4,strict_blocked_cv,full_AGL_oracle_residual_training,50000,256765,20,grid,5.442193348357044,10.474519207818087,-2.501841910543436,0.8230806699475849,0.8595461764560829,2.7888815840148933,0.5792671214812444,0.039470299442188606,0.04329762019868855,8.231074932371937,11.053786329299331,0.7836103705053963,0.8162485562573943
JAX_214_023,JAX,quadratic_xy,3,Q4,strict_blocked_cv,full_AGL_oracle_residual_training,50000,256765,20,grid,12.377279636916366,16.23248345481705,-11.089066960669811,0.6669423506367065,0.7341086607634437,-4.146204704544429,-5.1786971255177185,-0.1166680198686898,-0.08213989549395062,8.231074932371937,11.053786329299331,0.7836103705053963,0.8162485562573943
JAX_224_025,JAX,global_affine,0,Q1,strict_blocked_cv,stage1_sparse_anchors,20,255598,20,grid,2.856333630965494,3.2684967779166425,2.7274280457276325,0.42011429561760866,0.3272241621816509,0.0,0.0,0.0,0.0,,,,
JAX_224_025,JAX,constant,0,Q1,strict_blocked_cv,full_AGL_oracle_residual_training,50000,255598,20,grid,3.979711933898079,4.30626477144243,3.911484224579757,0.4201142956176086,0.3272241621816509,-1.123378302932585,-1.037767993525787,-5.551115123125783e-17,0.0,2.856333630965494,3.2684967779166425,0.42011429561760866,0.3272241621816509
JAX_224_025,JAX,linear_xy,0,Q1,strict_blocked_cv,full_AGL_oracle_residual_training,50000,255598,20,grid,1.1032684219441906,1.5167924690686132,0.6730445054093296,0.5106658321555435,0.22656106990120428,1.7530652090213033,1.7517043088480293,0.09055153653793485,-0.10066309228044662,2.856333630965494,3.2684967779166425,0.42011429561760866,0.3272241621816509
JAX_224_025,JAX,quadratic_xy,0,Q1,strict_blocked_cv,full_AGL_oracle_residual_training,50000,255598,20,grid,1.1184627375640022,1.4197729783215398,0.5951038218090636,0.4773207626276158,0.3703989105838029,1.7378708934014917,1.8487237995951027,0.057206467010007145,0.04317474840215202,2.856333630965494,3.2684967779166425,0.42011429561760866,0.3272241621816509
JAX_224_025,JAX,global_affine,1,Q2,strict_blocked_cv,stage1_sparse_anchors,20,254697,20,grid,1.725323072073415,3.5631396767043793,-1.4894243515174195,0.6424563744605392,0.30358619445664514,0.0,0.0,0.0,0.0,,,,
JAX_224_025,JAX,constant,1,Q2,strict_blocked_cv,full_AGL_oracle_residual_training,50000,254697,20,grid,1.8477765091320681,3.6500078072243443,-1.686706120219751,0.6424563744605392,0.30358619445664514,-0.12245343705865319,-0.086868130519965,0.0,0.0,1.725323072073415,3.5631396767043793,0.6424563744605392,0.30358619445664514
JAX_224_025,JAX,linear_xy,1,Q2,strict_blocked_cv,full_AGL_oracle_residual_training,50000,254697,20,grid,1.5869325528706812,3.464049442576707,-1.3530715272120457,0.6432874825464959,0.3675960794145449,0.1383905192027337,0.09909023412767226,0.0008311080859567666,0.06400988495789978,1.725323072073415,3.5631396767043793,0.6424563744605392,0.30358619445664514
JAX_224_025,JAX,quadratic_xy,1,Q2,strict_blocked_cv,full_AGL_oracle_residual_training,50000,254697,20,grid,3.7645125887865323,5.239859938564774,-3.717098848369591,0.45516812281797603,0.27176851554552023,-2.039189516713117,-1.6767202618603951,-0.18728825164256313,-0.031817678911124914,1.725323072073415,3.5631396767043793,0.6424563744605392,0.30358619445664514
JAX_224_025,JAX,global_affine,2,Q3,strict_blocked_cv,stage1_sparse_anchors,20,255697,20,grid,3.6984992382127273,4.47154233887469,0.5636409900944734,0.6882858058553942,0.6161051283381143,0.0,0.0,0.0,0.0,,,,
JAX_224_025,JAX,constant,2,Q3,strict_blocked_cv,full_AGL_oracle_residual_training,50000,255697,20,grid,3.8749291974233615,4.550279866345887,1.0139265946992848,0.6882858058553943,0.6161051283381143,-0.1764299592106342,-0.07873752747119678,1.1102230246251565e-16,0.0,3.6984992382127273,4.47154233887469,0.6882858058553942,0.6161051283381143
JAX_224_025,JAX,linear_xy,2,Q3,strict_blocked_cv,full_AGL_oracle_residual_training,50000,255697,20,grid,3.4095984720959853,4.167017270130499,-0.06962802814907444,0.7722982794729156,0.6739614144195166,0.288900766116742,0.3045250687441916,0.0840124736175214,0.057856286081402364,3.6984992382127273,4.47154233887469,0.6882858058553942,0.6161051283381143
JAX_224_025,JAX,quadratic_xy,2,Q3,strict_blocked_cv,full_AGL_oracle_residual_training,50000,255697,20,grid,4.5609655147056465,5.251987169169477,2.308499308472373,0.612469158330749,0.5769980943404974,-0.8624662764929192,-0.7804448302947868,-0.07581664752464523,-0.039107033997616836,3.6984992382127273,4.47154233887469,0.6882858058553942,0.6161051283381143
JAX_224_025,JAX,global_affine,3,Q4,strict_blocked_cv,stage1_sparse_anchors,20,254428,20,grid,3.187027696998657,6.1608741368816355,-2.634959669387697,0.6653403427046085,0.5123263744657357,0.0,0.0,0.0,0.0,,,,
JAX_224_025,JAX,constant,3,Q4,strict_blocked_cv,full_AGL_oracle_residual_training,50000,254428,20,grid,3.4887251939787705,6.443644631328796,-3.241480905952568,0.6653403427046085,0.5123263744657357,-0.3016974969801134,-0.28277049444716074,0.0,0.0,3.187027696998657,6.1608741368816355,0.6653403427046085,0.5123263744657357
JAX_224_025,JAX,linear_xy,3,Q4,strict_blocked_cv,full_AGL_oracle_residual_training,50000,254428,20,grid,4.240540569269019,5.625218799778636,0.6269664723958702,0.708808663130919,0.5995028281252186,-1.0535128722703617,0.535655337103,0.043468320426310436,0.0871764536594829,3.187027696998657,6.1608741368816355,0.6653403427046085,0.5123263744657357
JAX_224_025,JAX,quadratic_xy,3,Q4,strict_blocked_cv,full_AGL_oracle_residual_training,50000,254428,20,grid,4.077263881805937,5.4777021711329255,0.5385953874386686,0.7437715218890204,0.5930445397884165,-0.89023618480728,0.6831719657487101,0.07843117918441189,0.08071816532268083,3.187027696998657,6.1608741368816355,0.6653403427046085,0.5123263744657357
JAX_264_013,JAX,global_affine,0,Q1,strict_blocked_cv,stage1_sparse_anchors,20,254823,20,grid,4.0534213867168205,6.035770696896893,-1.5480890114477013,0.9032048911933773,0.6827366364299029,0.0,0.0,0.0,0.0,,,,
JAX_264_013,JAX,constant,0,Q1,strict_blocked_cv,full_AGL_oracle_residual_training,50000,254823,20,grid,4.0395699647934435,6.050476075390108,-1.6044663975022968,0.9032048911933773,0.6827366364299029,0.013851421923376961,-0.014705378493214738,0.0,0.0,4.0534213867168205,6.035770696896893,0.9032048911933773,0.6827366364299029
JAX_264_013,JAX,linear_xy,0,Q1,strict_blocked_cv,full_AGL_oracle_residual_training,50000,254823,20,grid,5.3643865092497,6.273869301060324,1.7367729174743605,0.6380694724000628,0.5909601787907224,-1.3109651225328793,-0.23809860416343032,-0.2651354187933145,-0.09177645763918052,4.0534213867168205,6.035770696896893,0.9032048911933773,0.6827366364299029
JAX_264_013,JAX,quadratic_xy,0,Q1,strict_blocked_cv,full_AGL_oracle_residual_training,50000,254823,20,grid,6.3391805533291645,7.298884796955094,3.159341620979292,0.36044089294492127,0.361823417629042,-2.285759166612344,-1.2631141000582007,-0.542763998248456,-0.3209132188008609,4.0534213867168205,6.035770696896893,0.9032048911933773,0.6827366364299029
JAX_264_013,JAX,global_affine,1,Q2,strict_blocked_cv,stage1_sparse_anchors,20,255355,20,grid,4.944463919987786,6.10619679482983,-4.3098090280586865,0.8246210560077911,0.8384942825937175,0.0,0.0,0.0,0.0,,,,
JAX_264_013,JAX,constant,1,Q2,strict_blocked_cv,full_AGL_oracle_residual_training,50000,255355,20,grid,5.421825699409563,6.83469689341461,-5.291681791831153,0.8246210560077911,0.8384942825937175,-0.47736177942177704,-0.7285000985847798,0.0,0.0,4.944463919987786,6.10619679482983,0.8246210560077911,0.8384942825937175
JAX_264_013,JAX,linear_xy,1,Q2,strict_blocked_cv,full_AGL_oracle_residual_training,50000,255355,20,grid,4.12486968801085,4.634991505324304,-2.180444054818349,0.8743374678274415,0.8585875567755962,0.8195942319769358,1.4712052895055265,0.049716411819650363,0.020093274181878673,4.944463919987786,6.10619679482983,0.8246210560077911,0.8384942825937175
JAX_264_013,JAX,quadratic_xy,1,Q2,strict_blocked_cv,full_AGL_oracle_residual_training,50000,255355,20,grid,3.9934832316962687,4.3410125064523895,-1.225642190379173,0.8532222894215853,0.8188107761554092,0.9509806882915175,1.7651842883774407,0.02860123341379417,-0.019683506438308296,4.944463919987786,6.10619679482983,0.8246210560077911,0.8384942825937175
JAX_264_013,JAX,global_affine,2,Q3,strict_blocked_cv,stage1_sparse_anchors,20,253870,20,grid,3.3575101572597585,3.664647038356277,2.714808756176401,0.40048070528791707,0.31698877132933456,0.0,0.0,0.0,0.0,,,,
JAX_264_013,JAX,constant,2,Q3,strict_blocked_cv,full_AGL_oracle_residual_training,50000,253870,20,grid,4.402750452263348,4.772975425928125,4.089235024230375,0.4004807052879171,0.31698877132933456,-1.0452402950035893,-1.1083283875718486,5.551115123125783e-17,0.0,3.3575101572597585,3.664647038356277,0.40048070528791707,0.31698877132933456
JAX_264_013,JAX,linear_xy,2,Q3,strict_blocked_cv,full_AGL_oracle_residual_training,50000,253870,20,grid,1.7226791590155932,2.5815288576548547,-0.4853632784971018,0.33236294640753805,0.20630623052645045,1.6348309982441653,1.083118180701422,-0.06811775888037902,-0.11068254080288412,3.3575101572597585,3.664647038356277,0.40048070528791707,0.31698877132933456
JAX_264_013,JAX,quadratic_xy,2,Q3,strict_blocked_cv,full_AGL_oracle_residual_training,50000,253870,20,grid,2.345598521380785,2.6880073256843895,0.7259556470183094,0.26736992516931324,0.1408102596496619,1.0119116358789735,0.9766397126718873,-0.13311078011860383,-0.17617851167967266,3.3575101572597585,3.664647038356277,0.40048070528791707,0.31698877132933456
JAX_264_013,JAX,global_affine,3,Q4,strict_blocked_cv,stage1_sparse_anchors,20,247921,20,grid,2.4680087846886956,2.9456569533475396,1.7706910657612749,0.17656076229424988,0.1165045782290155,0.0,0.0,0.0,0.0,,,,
JAX_264_013,JAX,constant,3,Q4,strict_blocked_cv,full_AGL_oracle_residual_training,50000,247921,20,grid,3.2686232897122065,3.6889874127494187,2.8402605681496436,0.17656076229424988,0.1165045782290155,-0.800614505023511,-0.743330459401879,0.0,0.0,2.4680087846886956,2.9456569533475396,0.17656076229424988,0.1165045782290155
JAX_264_013,JAX,linear_xy,3,Q4,strict_blocked_cv,full_AGL_oracle_residual_training,50000,247921,20,grid,2.21941201976759,2.6462095688187586,1.5077720858953292,0.346236454332613,0.17287654506073186,0.2485967649211056,0.29944738452878106,0.16967569203836314,0.05637196683171636,2.4680087846886956,2.9456569533475396,0.17656076229424988,0.1165045782290155
JAX_264_013,JAX,quadratic_xy,3,Q4,strict_blocked_cv,full_AGL_oracle_residual_training,50000,247921,20,grid,3.8157652999282647,5.317573840256327,-3.469558939360912,-0.12652225663037447,-0.005139408957469384,-1.3477565152395692,-2.3719168869087874,-0.30308301892462436,-0.12164398718648488,2.4680087846886956,2.9456569533475396,0.17656076229424988,0.1165045782290155
JAX_269_009,JAX,global_affine,0,Q1,strict_blocked_cv,stage1_sparse_anchors,20,248172,20,grid,1.8166943534389384,3.8351048374269405,-0.4280705710321782,0.6574224819454392,0.22219310268215703,0.0,0.0,0.0,0.0,,,,
JAX_269_009,JAX,constant,0,Q1,strict_blocked_cv,full_AGL_oracle_residual_training,50000,248172,20,grid,3.297298895512778,4.127345703916345,1.5843603944068407,0.6574224819454391,0.22219310268215703,-1.4806045420738398,-0.2922408664894043,-1.1102230246251565e-16,0.0,1.8166943534389384,3.8351048374269405,0.6574224819454392,0.22219310268215703
JAX_269_009,JAX,linear_xy,0,Q1,strict_blocked_cv,full_AGL_oracle_residual_training,50000,248172,20,grid,1.959333832881048,3.950984579971752,-1.2670143937784333,0.5454223813851519,0.36402746092293925,-0.14263947944210953,-0.11587974254481148,-0.11200010056028731,0.14183435824078222,1.8166943534389384,3.8351048374269405,0.6574224819454392,0.22219310268215703
JAX_269_009,JAX,quadratic_xy,0,Q1,strict_blocked_cv,full_AGL_oracle_residual_training,50000,248172,20,grid,2.3443967386679896,3.7743953372877717,0.4357822362268669,0.6040746401259791,0.3017457557560133,-0.5277023852290512,0.06070950013916887,-0.05334784181946006,0.07955265307385628,1.8166943534389384,3.8351048374269405,0.6574224819454392,0.22219310268215703
JAX_269_009,JAX,global_affine,1,Q2,strict_blocked_cv,stage1_sparse_anchors,20,248700,20,grid,0.14731993923596,0.2607877579622322,0.0225417115094446,0.13718294341869128,-0.12639835294195073,0.0,0.0,0.0,0.0,,,,
JAX_269_009,JAX,constant,1,Q2,strict_blocked_cv,full_AGL_oracle_residual_training,50000,248700,20,grid,2.224739815436433,2.2323246714711704,2.217153876688237,0.13718294341869128,-0.12639835294195073,-2.077419876200473,-1.9715369135089382,0.0,0.0,0.14731993923596,0.2607877579622322,0.13718294341869128,-0.12639835294195073
JAX_269_009,JAX,linear_xy,1,Q2,strict_blocked_cv,full_AGL_oracle_residual_training,50000,248700,20,grid,1.8415647211349073,1.935777009844586,1.8345431920297517,0.17075142071109334,0.379201111112748,-1.6942447818989472,-1.6749892518823537,0.03356847729240206,0.5055994640546988,0.14731993923596,0.2607877579622322,0.13718294341869128,-0.12639835294195073
JAX_269_009,JAX,quadratic_xy,1,Q2,strict_blocked_cv,full_AGL_oracle_residual_training,50000,248700,20,grid,1.7157001327432275,2.0874583471393673,-0.6214971845960507,0.18198940264946137,0.41184257669340185,-1.5683801935072674,-1.826670589177135,0.04480645923077009,0.5382409296353525,0.14731993923596,0.2607877579622322,0.13718294341869128,-0.12639835294195073
JAX_269_009,JAX,global_affine,2,Q3,strict_blocked_cv,stage1_sparse_anchors,20,256933,20,grid,4.661666410334408,6.260387113163935,-2.1917718343262163,0.3654813393903918,0.31762597062818504,0.0,0.0,0.0,0.0,,,,
JAX_269_009,JAX,constant,2,Q3,strict_blocked_cv,full_AGL_oracle_residual_training,50000,256933,20,grid,4.799055535089095,5.904843844364522,-0.6918076274559523,0.3654813393903918,0.31762597062818504,-0.13738912475468723,0.3555432687994129,0.0,0.0,4.661666410334408,6.260387113163935,0.3654813393903918,0.31762597062818504
JAX_269_009,JAX,linear_xy,2,Q3,strict_blocked_cv,full_AGL_oracle_residual_training,50000,256933,20,grid,5.545135166767075,6.264594952861371,1.7479394447923124,0.18920276841995265,0.14202074019138183,-0.8834687564326673,-0.0042078396974361,-0.17627857097043914,-0.1756052304368032,4.661666410334408,6.260387113163935,0.3654813393903918,0.31762597062818504
JAX_269_009,JAX,quadratic_xy,2,Q3,strict_blocked_cv,full_AGL_oracle_residual_training,50000,256933,20,grid,5.861462734261239,6.626460441526558,2.343597678022006,0.1400647186054721,0.06146860124564348,-1.1997963239268312,-0.3660733283626234,-0.2254166207849197,-0.2561573693825416,4.661666410334408,6.260387113163935,0.3654813393903918,0.31762597062818504
JAX_269_009,JAX,global_affine,3,Q4,strict_blocked_cv,stage1_sparse_anchors,20,257435,20,grid,4.806735127623709,7.089567925750422,-3.8748712141047528,0.6150493679276265,0.5935080285485319,0.0,0.0,0.0,0.0,,,,
JAX_269_009,JAX,constant,3,Q4,strict_blocked_cv,full_AGL_oracle_residual_training,50000,257435,20,grid,4.734964458013392,6.655083144156556,-3.007122413156012,0.6150493679276265,0.5935080285485319,0.07177066961031642,0.4344847815938655,0.0,0.0,4.806735127623709,7.089567925750422,0.6150493679276265,0.5935080285485319
JAX_269_009,JAX,linear_xy,3,Q4,strict_blocked_cv,full_AGL_oracle_residual_training,50000,257435,20,grid,4.6671664437453755,6.272660082311274,-2.181112512879816,0.5437959078536487,0.4955200760190827,0.1395686838783332,0.8169078434391475,-0.07125346007397781,-0.0979879525294492,4.806735127623709,7.089567925750422,0.6150493679276265,0.5935080285485319
JAX_269_009,JAX,quadratic_xy,3,Q4,strict_blocked_cv,full_AGL_oracle_residual_training,50000,257435,20,grid,4.733429283949427,6.6482747697836,-2.928042210590451,0.5763081823434236,0.5634411650284823,0.07330584367428195,0.4412931559668216,-0.03874118558420292,-0.030066863520049614,4.806735127623709,7.089567925750422,0.6150493679276265,0.5935080285485319
JAX_416_009,JAX,global_affine,0,Q1,strict_blocked_cv,stage1_sparse_anchors,20,256142,20,grid,2.4916735751775207,3.186097938934228,1.3138975021997243,0.48474852991842593,0.516763539423477,0.0,0.0,0.0,0.0,,,,
JAX_416_009,JAX,constant,0,Q1,strict_blocked_cv,full_AGL_oracle_residual_training,50000,256142,20,grid,2.2108964967005,2.9887486390013893,0.7125482418323685,0.484748529918426,0.516763539423477,0.28077707847702094,0.19734929993283856,5.551115123125783e-17,0.0,2.4916735751775207,3.186097938934228,0.48474852991842593,0.516763539423477
JAX_416_009,JAX,linear_xy,0,Q1,strict_blocked_cv,full_AGL_oracle_residual_training,50000,256142,20,grid,2.75491487961904,3.3112562693891068,1.6441666382407845,0.5167523539796145,0.5492716253854129,-0.2632413044415194,-0.1251583304548789,0.03200382406118857,0.032508085961935884,2.4916735751775207,3.186097938934228,0.48474852991842593,0.516763539423477
JAX_416_009,JAX,quadratic_xy,0,Q1,strict_blocked_cv,full_AGL_oracle_residual_training,50000,256142,20,grid,3.2437271535218883,3.800643337959567,2.1550745658076393,0.3514722131156409,0.3867402903013439,-0.7520535783443676,-0.6145453990253391,-0.133276316802785,-0.1300232491221331,2.4916735751775207,3.186097938934228,0.48474852991842593,0.516763539423477
JAX_416_009,JAX,global_affine,1,Q2,strict_blocked_cv,stage1_sparse_anchors,20,256615,20,grid,2.435587345229569,3.9490980557406408,-0.4010913812711759,0.019862269054485134,-0.13554374691215165,0.0,0.0,0.0,0.0,,,,
JAX_416_009,JAX,constant,1,Q2,strict_blocked_cv,full_AGL_oracle_residual_training,50000,256615,20,grid,2.382970750234608,4.224471061367945,-1.5529502859430877,0.019862269054485123,-0.13554374691215165,0.05261659499496085,-0.27537300562730405,-1.0408340855860843e-17,0.0,2.435587345229569,3.9490980557406408,0.019862269054485134,-0.13554374691215165
JAX_416_009,JAX,linear_xy,1,Q2,strict_blocked_cv,full_AGL_oracle_residual_training,50000,256615,20,grid,2.2969511903380737,3.846228073725302,-0.34377985358699736,0.07695282324683858,-0.013214749764123155,0.13863615489149517,0.10286998201533892,0.05709055419235345,0.1223289971480285,2.435587345229569,3.9490980557406408,0.019862269054485134,-0.13554374691215165
JAX_416_009,JAX,quadratic_xy,1,Q2,strict_blocked_cv,full_AGL_oracle_residual_training,50000,256615,20,grid,3.7392286043197913,4.316381240172372,2.2152799347750074,0.23157558989980487,0.229372130096653,-1.3036412590902224,-0.3672831844317308,0.21171332084531974,0.3649158770088047,2.435587345229569,3.9490980557406408,0.019862269054485134,-0.13554374691215165
JAX_416_009,JAX,global_affine,2,Q3,strict_blocked_cv,stage1_sparse_anchors,20,256883,20,grid,2.8769877753073767,3.641037221735018,1.27450990878465,0.7028038278046812,0.7191635175156824,0.0,0.0,0.0,0.0,,,,
JAX_416_009,JAX,constant,2,Q3,strict_blocked_cv,full_AGL_oracle_residual_training,50000,256883,20,grid,2.8916763383382227,3.4734414600392376,0.6572815483869199,0.7028038278046812,0.7191635175156824,-0.01468856303084598,0.1675957616957806,0.0,0.0,2.8769877753073767,3.641037221735018,0.7028038278046812,0.7191635175156824
JAX_416_009,JAX,linear_xy,2,Q3,strict_blocked_cv,full_AGL_oracle_residual_training,50000,256883,20,grid,3.5631147028560273,4.077411855234742,-2.240678793202326,0.8169861204185388,0.7536211445338852,-0.6861269275486506,-0.43637463349972405,0.1141822926138576,0.03445762701820276,2.8769877753073767,3.641037221735018,0.7028038278046812,0.7191635175156824
JAX_416_009,JAX,quadratic_xy,2,Q3,strict_blocked_cv,full_AGL_oracle_residual_training,50000,256883,20,grid,3.2378157911683787,3.589478527712617,-1.1450019331248034,0.712409379573081,0.7189160670225009,-0.360828015861002,0.05155869402240132,0.009605551768399834,-0.00024745049318153356,2.8769877753073767,3.641037221735018,0.7028038278046812,0.7191635175156824
JAX_416_009,JAX,global_affine,3,Q4,strict_blocked_cv,stage1_sparse_anchors,20,255137,20,grid,2.8274805262823284,3.082855506577443,0.909356950423057,0.5502595962505858,0.49408276625932257,0.0,0.0,0.0,0.0,,,,
JAX_416_009,JAX,constant,3,Q4,strict_blocked_cv,full_AGL_oracle_residual_training,50000,255137,20,grid,2.5089091309846903,2.950928081622669,0.1758082243727593,0.5502595962505858,0.49408276625932257,0.3185713952976381,0.13192742495477416,0.0,0.0,2.8274805262823284,3.082855506577443,0.5502595962505858,0.49408276625932257
JAX_416_009,JAX,linear_xy,3,Q4,strict_blocked_cv,full_AGL_oracle_residual_training,50000,255137,20,grid,2.488662843852354,2.8071507930937614,0.37923130345875034,0.7411065843460061,0.6160332901591209,0.33881768242997445,0.27570471348368164,0.19084698809542022,0.12195052389979832,2.8274805262823284,3.082855506577443,0.5502595962505858,0.49408276625932257
JAX_416_009,JAX,quadratic_xy,3,Q4,strict_blocked_cv,full_AGL_oracle_residual_training,50000,255137,20,grid,3.354692585920988,4.643224453519569,-3.05817991568201,0.23999793011781148,0.19416414540910798,-0.5272120596386598,-1.5603689469421256,-0.3102616661327744,-0.2999186208502146,2.8274805262823284,3.082855506577443,0.5502595962505858,0.49408276625932257
JAX_416_022,JAX,global_affine,0,Q1,strict_blocked_cv,stage1_sparse_anchors,20,256044,20,grid,2.4326430852905205,3.183441687078247,1.6511327638738602,0.5988507313068314,0.6412346830485208,0.0,0.0,0.0,0.0,,,,
JAX_416_022,JAX,constant,0,Q1,strict_blocked_cv,full_AGL_oracle_residual_training,50000,256044,20,grid,2.2310824143812686,3.054751545263795,1.386883352052969,0.5988507313068316,0.6412346830485208,0.2015606709092519,0.12869014181445193,2.220446049250313e-16,0.0,2.4326430852905205,3.183441687078247,0.5988507313068314,0.6412346830485208
JAX_416_022,JAX,linear_xy,0,Q1,strict_blocked_cv,full_AGL_oracle_residual_training,50000,256044,20,grid,1.9108680427301925,2.712052256754502,0.9548602213950816,0.6629823521264434,0.6747021589437863,0.521775042560328,0.4713894303237449,0.06413162081961199,0.03346747589526544,2.4326430852905205,3.183441687078247,0.5988507313068314,0.6412346830485208
JAX_416_022,JAX,quadratic_xy,0,Q1,strict_blocked_cv,full_AGL_oracle_residual_training,50000,256044,20,grid,2.9594319820874504,3.61714653557246,2.1755381927502713,0.5293217201634575,0.5590517076631595,-0.5267888967969299,-0.4337048484942132,-0.06952901114337395,-0.08218297538536135,2.4326430852905205,3.183441687078247,0.5988507313068314,0.6412346830485208
JAX_416_022,JAX,global_affine,1,Q2,strict_blocked_cv,stage1_sparse_anchors,20,256463,20,grid,2.1891771230327395,3.772262198037129,-0.3114817020792491,0.18149702877009144,0.13984016733917,0.0,0.0,0.0,0.0,,,,
JAX_416_022,JAX,constant,1,Q2,strict_blocked_cv,full_AGL_oracle_residual_training,50000,256463,20,grid,2.5499765836996264,3.9578099629715946,-1.237464529991665,0.18149702877009144,0.13984016733917,-0.36079946066688695,-0.18554776493446568,0.0,0.0,2.1891771230327395,3.772262198037129,0.18149702877009144,0.13984016733917
JAX_416_022,JAX,linear_xy,1,Q2,strict_blocked_cv,full_AGL_oracle_residual_training,50000,256463,20,grid,2.3165363337705935,3.8581855954438113,0.4707918923611757,0.16943695829779398,0.2470508975677369,-0.12735921073785406,-0.08592339740668242,-0.012060070472297457,0.10721073022856689,2.1891771230327395,3.772262198037129,0.18149702877009144,0.13984016733917
JAX_416_022,JAX,quadratic_xy,1,Q2,strict_blocked_cv,full_AGL_oracle_residual_training,50000,256463,20,grid,3.4756180650414152,4.317920460050006,2.3377156646913586,0.2855505436221776,0.270551769876859,-1.2864409420086758,-0.5456582620128771,0.10405351485208614,0.13071160253768901,2.1891771230327395,3.772262198037129,0.18149702877009144,0.13984016733917
JAX_416_022,JAX,global_affine,2,Q3,strict_blocked_cv,stage1_sparse_anchors,20,256985,20,grid,2.1357933751792713,3.052101106055204,1.4915592721600806,0.7997445086664974,0.7993622114010439,0.0,0.0,0.0,0.0,,,,
JAX_416_022,JAX,constant,2,Q3,strict_blocked_cv,full_AGL_oracle_residual_training,50000,256985,20,grid,2.006188066716634,2.9120820328662314,1.1788340285746886,0.7997445086664974,0.7993622114010439,0.1296053084626374,0.14001907318897278,0.0,0.0,2.1357933751792713,3.052101106055204,0.7997445086664974,0.7993622114010439
JAX_416_022,JAX,linear_xy,2,Q3,strict_blocked_cv,full_AGL_oracle_residual_training,50000,256985,20,grid,2.4028216512781566,2.768004782027034,-0.9975732840482104,0.8480923175789454,0.8186693022766733,-0.26702827609888535,0.28409632402817,0.048347808912448054,0.01930709087562943,2.1357933751792713,3.052101106055204,0.7997445086664974,0.7993622114010439
JAX_416_022,JAX,quadratic_xy,2,Q3,strict_blocked_cv,full_AGL_oracle_residual_training,50000,256985,20,grid,2.076356189258572,2.6044253726273263,-0.15830794255759315,0.8031374654835528,0.7961334256469947,0.05943718592069924,0.4476757334278778,0.003392956817055426,-0.0032287857540491682,2.1357933751792713,3.052101106055204,0.7997445086664974,0.7993622114010439
JAX_416_022,JAX,global_affine,3,Q4,strict_blocked_cv,stage1_sparse_anchors,20,254783,20,grid,1.5648657541545936,2.203689588969786,-0.3941406564582647,0.8181551897978554,0.6239299993186992,0.0,0.0,0.0,0.0,,,,
JAX_416_022,JAX,constant,3,Q4,strict_blocked_cv,full_AGL_oracle_residual_training,50000,254783,20,grid,1.6598442313046944,2.5425354661861888,-1.3280006209916273,0.8181551897978554,0.6239299993186992,-0.09497847715010077,-0.3388458772164027,0.0,0.0,1.5648657541545936,2.203689588969786,0.8181551897978554,0.6239299993186992
JAX_416_022,JAX,linear_xy,3,Q4,strict_blocked_cv,full_AGL_oracle_residual_training,50000,254783,20,grid,1.3604243354127468,2.135438711714083,-0.6123813296770289,0.8377635864624582,0.6454562495668072,0.20444141874184685,0.06825087725570311,0.01960839666460279,0.02152625024810806,1.5648657541545936,2.203689588969786,0.8181551897978554,0.6239299993186992
JAX_416_022,JAX,quadratic_xy,3,Q4,strict_blocked_cv,full_AGL_oracle_residual_training,50000,254783,20,grid,3.78687717070434,4.740856950731626,-3.7483617218227847,0.5332203579749976,0.43537229007292794,-2.2220114165497464,-2.5371673617618398,-0.28493483182285784,-0.18855770924577125,1.5648657541545936,2.203689588969786,0.8181551897978554,0.6239299993186992
JAX_505_016,JAX,global_affine,0,Q1,strict_blocked_cv,stage1_sparse_anchors,20,255965,20,grid,6.3022125206278625,7.306871434211851,4.321445827339977,0.31377736508583376,0.27283324102923184,0.0,0.0,0.0,0.0,,,,
JAX_505_016,JAX,constant,0,Q1,strict_blocked_cv,full_AGL_oracle_residual_training,50000,255965,20,grid,6.525451645096887,7.531838632991979,4.691813836456371,0.31377736508583376,0.27283324102923184,-0.22323912446902483,-0.22496719878012872,0.0,0.0,6.3022125206278625,7.306871434211851,0.31377736508583376,0.27283324102923184
JAX_505_016,JAX,linear_xy,0,Q1,strict_blocked_cv,full_AGL_oracle_residual_training,50000,255965,20,grid,3.9644787091884788,5.148486066910788,0.21349910656932797,0.548575062163114,0.44820449161430503,2.3377338114393837,2.1583853673010625,0.23479769707728027,0.1753712505850732,6.3022125206278625,7.306871434211851,0.31377736508583376,0.27283324102923184
JAX_505_016,JAX,quadratic_xy,0,Q1,strict_blocked_cv,full_AGL_oracle_residual_training,50000,255965,20,grid,3.6451410910772135,5.133895297792759,-0.5020907785860584,0.5691255873848606,0.4590564951570257,2.657071429550649,2.1729761364190914,0.2553482222990269,0.18622325412779384,6.3022125206278625,7.306871434211851,0.31377736508583376,0.27283324102923184
JAX_505_016,JAX,global_affine,1,Q2,strict_blocked_cv,stage1_sparse_anchors,20,257316,20,grid,4.707794580685841,6.491971033783616,-3.4658591296730443,0.50886907387227,0.5018738142543355,0.0,0.0,0.0,0.0,,,,
JAX_505_016,JAX,constant,1,Q2,strict_blocked_cv,full_AGL_oracle_residual_training,50000,257316,20,grid,5.933535962859315,7.900818124266403,-5.6823779033067625,0.5088690738722701,0.5018738142543355,-1.2257413821734744,-1.4088470904827863,1.1102230246251565e-16,0.0,4.707794580685841,6.491971033783616,0.50886907387227,0.5018738142543355
JAX_505_016,JAX,linear_xy,1,Q2,strict_blocked_cv,full_AGL_oracle_residual_training,50000,257316,20,grid,3.5829198436434244,4.71907594300631,-0.6712397708076482,0.7455159981815805,0.7452659741524066,1.1248747370424161,1.7728950907773067,0.23664692430931056,0.24339215989807106,4.707794580685841,6.491971033783616,0.50886907387227,0.5018738142543355
JAX_505_016,JAX,quadratic_xy,1,Q2,strict_blocked_cv,full_AGL_oracle_residual_training,50000,257316,20,grid,3.969517148507824,5.38353898457192,-1.7798395138181884,0.6395174193079962,0.62250695362769,0.7382774321780166,1.1084320492116966,0.13064834543572623,0.12063313937335451,4.707794580685841,6.491971033783616,0.50886907387227,0.5018738142543355
JAX_505_016,JAX,global_affine,2,Q3,strict_blocked_cv,stage1_sparse_anchors,20,256289,20,grid,7.617096982590537,8.668769049716158,3.9344739215550377,0.49865387722501187,0.5350868865186537,0.0,0.0,0.0,0.0,,,,
JAX_505_016,JAX,constant,2,Q3,strict_blocked_cv,full_AGL_oracle_residual_training,50000,256289,20,grid,7.7625466955909515,8.80778946267685,4.231983390908009,0.49865387722501187,0.5350868865186537,-0.14544971300041443,-0.13902041296069179,0.0,0.0,7.617096982590537,8.668769049716158,0.49865387722501187,0.5350868865186537
JAX_505_016,JAX,linear_xy,2,Q3,strict_blocked_cv,full_AGL_oracle_residual_training,50000,256289,20,grid,5.24986460472876,7.307929820999679,-2.1390460671381533,0.7454175368228068,0.7494708730270502,2.367232377861777,1.360839228716479,0.2467636595977949,0.21438398650839652,7.617096982590537,8.668769049716158,0.49865387722501187,0.5350868865186537
JAX_505_016,JAX,quadratic_xy,2,Q3,strict_blocked_cv,full_AGL_oracle_residual_training,50000,256289,20,grid,5.197388718344132,7.640376048031354,-3.18051877957785,0.7702013005269981,0.7491900158039237,2.419708264246405,1.0283930016848037,0.2715474233019862,0.2141031292852701,7.617096982590537,8.668769049716158,0.49865387722501187,0.5350868865186537
JAX_505_016,JAX,global_affine,3,Q4,strict_blocked_cv,stage1_sparse_anchors,20,256915,20,grid,4.353502070928803,6.097889238538312,-1.6114519485999317,0.5993789601866988,0.6068317647404327,0.0,0.0,0.0,0.0,,,,
JAX_505_016,JAX,constant,3,Q4,strict_blocked_cv,full_AGL_oracle_residual_training,50000,256915,20,grid,4.53459014869086,6.701700221642451,-3.21330205208406,0.5993789601866988,0.6068317647404327,-0.18108807776205715,-0.6038109831041387,0.0,0.0,4.353502070928803,6.097889238538312,0.5993789601866988,0.6068317647404327
JAX_505_016,JAX,linear_xy,3,Q4,strict_blocked_cv,full_AGL_oracle_residual_training,50000,256915,20,grid,5.203919465547053,6.051646352116004,2.9104262436378194,0.697795074116285,0.7180281568593151,-0.8504173946182503,0.04624288642230834,0.09841611392958627,0.11119639211888244,4.353502070928803,6.097889238538312,0.5993789601866988,0.6068317647404327
JAX_505_016,JAX,quadratic_xy,3,Q4,strict_blocked_cv,full_AGL_oracle_residual_training,50000,256915,20,grid,6.242180909265309,7.214618981426655,4.899244775064836,0.6715439048732257,0.6951312877589158,-1.8886788383365056,-1.1167297428883431,0.0721649446865269,0.0882995230184831,4.353502070928803,6.097889238538312,0.5993789601866988,0.6068317647404327
JAX_505_018,JAX,global_affine,0,Q1,strict_blocked_cv,stage1_sparse_anchors,20,255722,20,grid,6.9847366918534295,7.456566490855437,4.856471257299531,0.2900964219389388,0.2762469733714704,0.0,0.0,0.0,0.0,,,,
JAX_505_018,JAX,constant,0,Q1,strict_blocked_cv,full_AGL_oracle_residual_training,50000,255722,20,grid,6.300043285033678,6.745032761486114,3.671565904889807,0.2900964219389388,0.2762469733714704,0.6846934068197514,0.7115337293693225,0.0,0.0,6.9847366918534295,7.456566490855437,0.2900964219389388,0.2762469733714704
JAX_505_018,JAX,linear_xy,0,Q1,strict_blocked_cv,full_AGL_oracle_residual_training,50000,255722,20,grid,4.4136240810186225,5.510745356349968,0.21867344586272836,0.5641313719824004,0.4891622977476918,2.571112610834807,1.9458211345054686,0.27403495004346157,0.2129153243762214,6.9847366918534295,7.456566490855437,0.2900964219389388,0.2762469733714704
JAX_505_018,JAX,quadratic_xy,0,Q1,strict_blocked_cv,full_AGL_oracle_residual_training,50000,255722,20,grid,3.915034620769557,5.571141325606926,-0.8119709056945426,0.4541042338316089,0.3923174401280233,3.0697020710838725,1.8854251652485106,0.1640078118926701,0.11607046675655286,6.9847366918534295,7.456566490855437,0.2900964219389388,0.2762469733714704
JAX_505_018,JAX,global_affine,1,Q2,strict_blocked_cv,stage1_sparse_anchors,20,257134,20,grid,4.692970051673351,5.87547340612078,0.08204839034605804,0.46132015152825084,0.4665563069870053,0.0,0.0,0.0,0.0,,,,
JAX_505_018,JAX,constant,1,Q2,strict_blocked_cv,full_AGL_oracle_residual_training,50000,257134,20,grid,4.696921078504394,6.460429310747943,-2.6875064784102394,0.46132015152825084,0.4665563069870053,-0.003951026831042981,-0.5849559046271633,0.0,0.0,4.692970051673351,5.87547340612078,0.46132015152825084,0.4665563069870053
JAX_505_018,JAX,linear_xy,1,Q2,strict_blocked_cv,full_AGL_oracle_residual_training,50000,257134,20,grid,4.319419105917835,5.724925168849496,-1.533688880538422,0.6616812490584185,0.6431468613970853,0.3735509457555155,0.15054823727128408,0.20036109753016768,0.17659055441008004,4.692970051673351,5.87547340612078,0.46132015152825084,0.4665563069870053
JAX_505_018,JAX,quadratic_xy,1,Q2,strict_blocked_cv,full_AGL_oracle_residual_training,50000,257134,20,grid,4.680155080851301,6.3845950792928186,-2.6103747141304594,0.4679333443073301,0.45733336139919756,0.012814970822049965,-0.5091216731720385,0.0066131927790792355,-0.00922294558780773,4.692970051673351,5.87547340612078,0.46132015152825084,0.4665563069870053
JAX_505_018,JAX,global_affine,2,Q3,strict_blocked_cv,stage1_sparse_anchors,20,256030,20,grid,7.558583644275494,8.469582857668295,2.6779297936498034,0.4634573742940538,0.47303995356346973,0.0,0.0,0.0,0.0,,,,
JAX_505_018,JAX,constant,2,Q3,strict_blocked_cv,full_AGL_oracle_residual_training,50000,256030,20,grid,6.81992748791833,8.071070682574568,0.7613515350502462,0.46345737429405376,0.47303995356346973,0.7386561563571643,0.3985121750937264,-5.551115123125783e-17,0.0,7.558583644275494,8.469582857668295,0.4634573742940538,0.47303995356346973
JAX_505_018,JAX,linear_xy,2,Q3,strict_blocked_cv,full_AGL_oracle_residual_training,50000,256030,20,grid,5.703996326083133,8.1516797855118,-2.512930581450631,0.6804581193102512,0.6761493695263521,1.854587318192361,0.31790307215649527,0.21700074501619743,0.20310941596288234,7.558583644275494,8.469582857668295,0.4634573742940538,0.47303995356346973
JAX_505_018,JAX,quadratic_xy,2,Q3,strict_blocked_cv,full_AGL_oracle_residual_training,50000,256030,20,grid,5.765513327064757,8.664819566018892,-3.72983138618076,0.6592006139186188,0.5990011757986985,1.793070317210737,-0.19523670835059725,0.19574323962456502,0.12596122223522876,7.558583644275494,8.469582857668295,0.4634573742940538,0.47303995356346973
JAX_505_018,JAX,global_affine,3,Q4,strict_blocked_cv,stage1_sparse_anchors,20,256811,20,grid,5.172763513176359,6.267743855492083,0.7621280776755062,0.46067314909800827,0.4721158707433262,0.0,0.0,0.0,0.0,,,,
JAX_505_018,JAX,constant,3,Q4,strict_blocked_cv,full_AGL_oracle_residual_training,50000,256811,20,grid,4.676129848053543,6.45951967898986,-1.7382809473672187,0.46067314909800827,0.4721158707433262,0.4966336651228156,-0.19177582349777733,0.0,0.0,5.172763513176359,6.267743855492083,0.46067314909800827,0.4721158707433262
JAX_505_018,JAX,linear_xy,3,Q4,strict_blocked_cv,full_AGL_oracle_residual_training,50000,256811,20,grid,5.916633918648373,6.7202803783271845,3.406809265417441,0.5855784818759886,0.6057121154550552,-0.7438704054720144,-0.4525365228351017,0.12490533277798033,0.13359624471172898,5.172763513176359,6.267743855492083,0.46067314909800827,0.4721158707433262
JAX_505_018,JAX,quadratic_xy,3,Q4,strict_blocked_cv,full_AGL_oracle_residual_training,50000,256811,20,grid,7.282214556065756,8.36384777830612,6.0363924687975,0.48177118762285454,0.46475191527525495,-2.109451042889397,-2.096103922814037,0.021098038524846263,-0.0073639554680712815,5.172763513176359,6.267743855492083,0.46067314909800827,0.4721158707433262
OMA_042_011,OMA,global_affine,0,Q1,strict_blocked_cv,stage1_sparse_anchors,20,233110,20,grid,2.7727551315015138,3.565819353641848,0.4107214081755614,0.26803880662989454,0.41513526912611665,0.0,0.0,0.0,0.0,,,,
OMA_042_011,OMA,constant,0,Q1,strict_blocked_cv,full_AGL_oracle_residual_training,50000,233110,20,grid,2.7386484019694715,3.557288181114177,0.3285172991206977,0.26803880662989454,0.41513526912611665,0.0341067295320423,0.008531172527670883,0.0,0.0,2.7727551315015138,3.565819353641848,0.26803880662989454,0.41513526912611665
OMA_042_011,OMA,linear_xy,0,Q1,strict_blocked_cv,full_AGL_oracle_residual_training,50000,233110,20,grid,3.7064469251785876,4.161565834777611,2.133068094729356,0.23703284938564326,0.40376727427116077,-0.9336917936770739,-0.5957464811357629,-0.031005957244251287,-0.011367994854955876,2.7727551315015138,3.565819353641848,0.26803880662989454,0.41513526912611665
OMA_042_011,OMA,quadratic_xy,0,Q1,strict_blocked_cv,full_AGL_oracle_residual_training,50000,233110,20,grid,3.632704352323524,4.144364856574032,1.9585978105532111,0.15798470563230954,0.2653291435924039,-0.8599492208220103,-0.5785455029321835,-0.110054100997585,-0.14980612553371275,2.7727551315015138,3.565819353641848,0.26803880662989454,0.41513526912611665
OMA_042_011,OMA,global_affine,1,Q2,strict_blocked_cv,stage1_sparse_anchors,20,238944,20,grid,3.8573435441951767,4.970290098124877,-1.118550948940233,0.07470146569504717,0.23357796985728138,0.0,0.0,0.0,0.0,,,,
OMA_042_011,OMA,constant,1,Q2,strict_blocked_cv,full_AGL_oracle_residual_training,50000,238944,20,grid,3.8279248890995468,5.131081079156577,-1.6956903038985387,0.07470146569504718,0.23357796985728138,0.02941865509562991,-0.16079098103169986,1.3877787807814457e-17,0.0,3.8573435441951767,4.970290098124877,0.07470146569504717,0.23357796985728138
OMA_042_011,OMA,linear_xy,1,Q2,strict_blocked_cv,full_AGL_oracle_residual_training,50000,238944,20,grid,3.8303662961828953,5.348572732165232,-2.214198667984793,0.04920396916927498,0.20068679406763446,0.026977248012281407,-0.3782826340403549,-0.025497496525772184,-0.032891175789646926,3.8573435441951767,4.970290098124877,0.07470146569504717,0.23357796985728138
OMA_042_011,OMA,quadratic_xy,1,Q2,strict_blocked_cv,full_AGL_oracle_residual_training,50000,238944,20,grid,5.023967871353831,7.125201906347116,-4.4692022024619416,-0.1555266360203967,-0.0965542621868775,-1.166624327158654,-2.1549118082222387,-0.2302281017154439,-0.33013223204415887,3.8573435441951767,4.970290098124877,0.07470146569504717,0.23357796985728138
OMA_042_011,OMA,global_affine,2,Q3,strict_blocked_cv,stage1_sparse_anchors,20,238198,20,grid,3.5097745581151973,4.306585157875919,0.21759126812191842,0.23628088320211407,0.30917295863465194,0.0,0.0,0.0,0.0,,,,
OMA_042_011,OMA,constant,2,Q3,strict_blocked_cv,full_AGL_oracle_residual_training,50000,238198,20,grid,3.4840270730326055,4.302496350671336,0.11020474339118803,0.23628088320211404,0.30917295863465194,0.025747485082591837,0.004088807204582601,-2.7755575615628914e-17,0.0,3.5097745581151973,4.306585157875919,0.23628088320211407,0.30917295863465194
OMA_042_011,OMA,linear_xy,2,Q3,strict_blocked_cv,full_AGL_oracle_residual_training,50000,238198,20,grid,3.189347361257143,4.535374729772663,-1.5848907134513686,0.28996787627997944,0.372097668944794,0.3204271968580543,-0.2287895718967441,0.05368699307786537,0.06292471031014207,3.5097745581151973,4.306585157875919,0.23628088320211407,0.30917295863465194
OMA_042_011,OMA,quadratic_xy,2,Q3,strict_blocked_cv,full_AGL_oracle_residual_training,50000,238198,20,grid,4.156244733158442,4.942984326230546,1.4583743670191893,0.07040791378482755,0.0924135040995702,-0.6464701750432442,-0.6363991683546271,-0.16587296941728652,-0.21675945453508172,3.5097745581151973,4.306585157875919,0.23628088320211407,0.30917295863465194
OMA_042_011,OMA,global_affine,3,Q4,strict_blocked_cv,stage1_sparse_anchors,20,239060,20,grid,3.5986924130368747,4.246757274593896,1.1340917302410978,0.4096990414302385,0.4616477821581617,0.0,0.0,0.0,0.0,,,,
OMA_042_011,OMA,constant,3,Q4,strict_blocked_cv,full_AGL_oracle_residual_training,50000,239060,20,grid,3.6847909870875615,4.299890045407324,1.3191933542426884,0.40969904143023833,0.4616477821581617,-0.08609857405068677,-0.05313277081342793,-1.6653345369377348e-16,0.0,3.5986924130368747,4.246757274593896,0.4096990414302385,0.4616477821581617
OMA_042_011,OMA,linear_xy,3,Q4,strict_blocked_cv,full_AGL_oracle_residual_training,50000,239060,20,grid,3.7470479774829384,4.374010142808233,1.3064157028383812,0.3796961390297986,0.3920361075184991,-0.14835556444606368,-0.12725286821433723,-0.0300029024004399,-0.06961167463966261,3.5986924130368747,4.246757274593896,0.4096990414302385,0.4616477821581617
OMA_042_011,OMA,quadratic_xy,3,Q4,strict_blocked_cv,full_AGL_oracle_residual_training,50000,239060,20,grid,3.0771849806418516,4.448449129291668,-1.0261561771825776,0.32413212632845845,0.33081877081193467,0.5215074323950231,-0.2016918546977724,-0.08556691510178005,-0.13082901134622704,3.5986924130368747,4.246757274593896,0.4096990414302385,0.4616477821581617
OMA_084_038,OMA,global_affine,0,Q1,strict_blocked_cv,stage1_sparse_anchors,20,246628,20,grid,2.052204887743773,2.741546322578853,0.847203458169569,0.6350459650824662,0.6686466896383589,0.0,0.0,0.0,0.0,,,,
OMA_084_038,OMA,constant,0,Q1,strict_blocked_cv,full_AGL_oracle_residual_training,50000,246628,20,grid,2.3416936336415235,2.918609333954344,1.3114716561688493,0.6350459650824664,0.6686466896383589,-0.28948874589775064,-0.17706301137549119,1.1102230246251565e-16,0.0,2.052204887743773,2.741546322578853,0.6350459650824662,0.6686466896383589
OMA_084_038,OMA,linear_xy,0,Q1,strict_blocked_cv,full_AGL_oracle_residual_training,50000,246628,20,grid,2.9293000808243406,3.351643741392091,2.213075440624789,0.6691912008634733,0.7221217191643645,-0.8770951930805677,-0.610097418813238,0.03414523578100703,0.05347502952600558,2.052204887743773,2.741546322578853,0.6350459650824662,0.6686466896383589
OMA_084_038,OMA,quadratic_xy,0,Q1,strict_blocked_cv,full_AGL_oracle_residual_training,50000,246628,20,grid,2.211462511787814,2.9168842698613924,1.0932864066978276,0.6213114114366651,0.6476550283345334,-0.1592576240440411,-0.17533794728253937,-0.013734553645801117,-0.02099166130382557,2.052204887743773,2.741546322578853,0.6350459650824662,0.6686466896383589
OMA_084_038,OMA,global_affine,1,Q2,strict_blocked_cv,stage1_sparse_anchors,20,248445,20,grid,2.9059852983708856,4.483047978125119,-2.411973625250038,0.6246070492224802,0.6783388704391099,0.0,0.0,0.0,0.0,,,,
OMA_084_038,OMA,constant,1,Q2,strict_blocked_cv,full_AGL_oracle_residual_training,50000,248445,20,grid,3.326171817803811,4.8440083394123965,-3.0305633778271233,0.6246070492224802,0.6783388704391099,-0.4201865194329253,-0.3609603612872778,0.0,0.0,2.9059852983708856,4.483047978125119,0.6246070492224802,0.6783388704391099
OMA_084_038,OMA,linear_xy,1,Q2,strict_blocked_cv,full_AGL_oracle_residual_training,50000,248445,20,grid,2.6888740862842706,3.820062609701071,-0.5683907541683111,0.6577559566284648,0.7292271329237763,0.217111212086615,0.6629853684240476,0.03314890740598453,0.05088826248466638,2.9059852983708856,4.483047978125119,0.6246070492224802,0.6783388704391099
OMA_084_038,OMA,quadratic_xy,1,Q2,strict_blocked_cv,full_AGL_oracle_residual_training,50000,248445,20,grid,2.9579573519328552,3.808178818613694,0.14626261747106148,0.649376331407975,0.708277160495281,-0.051972053561969656,0.6748691595114247,0.02476928218549479,0.029938290056171102,2.9059852983708856,4.483047978125119,0.6246070492224802,0.6783388704391099
OMA_084_038,OMA,global_affine,2,Q3,strict_blocked_cv,stage1_sparse_anchors,20,251291,20,grid,4.258827272496754,5.559918529830319,1.069514394463873,0.441727035454889,0.539665118643564,0.0,0.0,0.0,0.0,,,,
OMA_084_038,OMA,constant,2,Q3,strict_blocked_cv,full_AGL_oracle_residual_training,50000,251291,20,grid,4.499980163430282,5.683665778427794,1.5922385695887737,0.44172703545488895,0.539665118643564,-0.24115289093352743,-0.12374724859747488,-5.551115123125783e-17,0.0,4.258827272496754,5.559918529830319,0.441727035454889,0.539665118643564
OMA_084_038,OMA,linear_xy,2,Q3,strict_blocked_cv,full_AGL_oracle_residual_training,50000,251291,20,grid,3.550643898288262,5.47875781617182,-1.7993591065037895,0.5617459577809027,0.6177120478273268,0.7081833742084922,0.08116071365849908,0.12001892232601374,0.07804692918376277,4.258827272496754,5.559918529830319,0.441727035454889,0.539665118643564
OMA_084_038,OMA,quadratic_xy,2,Q3,strict_blocked_cv,full_AGL_oracle_residual_training,50000,251291,20,grid,3.553363005453735,5.341810133833978,-1.4368534649593474,0.5758129791714057,0.6282400403942016,0.7054642670430193,0.21810839599634058,0.13408594371651672,0.08857492175063753,4.258827272496754,5.559918529830319,0.441727035454889,0.539665118643564
OMA_084_038,OMA,global_affine,3,Q4,strict_blocked_cv,stage1_sparse_anchors,20,247629,20,grid,2.918133669250332,4.030714732213941,-0.03233503549094524,0.4234088783036805,0.43309420717792535,0.0,0.0,0.0,0.0,,,,
OMA_084_038,OMA,constant,3,Q4,strict_blocked_cv,full_AGL_oracle_residual_training,50000,247629,20,grid,2.9734410780727076,4.032306856546382,0.11782566522055454,0.42340887830368046,0.43309420717792535,-0.0553074088223755,-0.0015921243324417134,-5.551115123125783e-17,0.0,2.918133669250332,4.030714732213941,0.4234088783036805,0.43309420717792535
OMA_084_038,OMA,linear_xy,3,Q4,strict_blocked_cv,full_AGL_oracle_residual_training,50000,247629,20,grid,3.4580621407178165,4.1267956528865,1.269901267055196,0.47636458712289803,0.5332266597634967,-0.5399284714674843,-0.09608092067255924,0.05295570881921752,0.10013245258557135,2.918133669250332,4.030714732213941,0.4234088783036805,0.43309420717792535
OMA_084_038,OMA,quadratic_xy,3,Q4,strict_blocked_cv,full_AGL_oracle_residual_training,50000,247629,20,grid,3.303594230378078,4.010093811319723,1.020086639880785,0.5042663234860805,0.5244980317914747,-0.38546056112774574,0.020620920894217853,0.08085744518239996,0.09140382461354934,2.918133669250332,4.030714732213941,0.4234088783036805,0.43309420717792535
OMA_134_027,OMA,global_affine,0,Q1,strict_blocked_cv,stage1_sparse_anchors,20,233546,20,grid,1.4788654738239375,1.9071813579699028,0.4095100867427765,0.32170235811162473,0.1326079962125285,0.0,0.0,0.0,0.0,,,,
OMA_134_027,OMA,constant,0,Q1,strict_blocked_cv,full_AGL_oracle_residual_training,50000,233546,20,grid,1.606149474850018,1.9423366564916544,-0.5504811223896168,0.32170235811162473,0.1326079962125285,-0.1272840010260805,-0.03515529852175159,0.0,0.0,1.4788654738239375,1.9071813579699028,0.32170235811162473,0.1326079962125285
OMA_134_027,OMA,linear_xy,0,Q1,strict_blocked_cv,full_AGL_oracle_residual_training,50000,233546,20,grid,1.5420697074716039,1.9895560728877968,0.4280912034128781,0.2865829394266964,0.11819076517682096,-0.06320423364766636,-0.08237471491789394,-0.03511941868492835,-0.014417231035707537,1.4788654738239375,1.9071813579699028,0.32170235811162473,0.1326079962125285
OMA_134_027,OMA,quadratic_xy,0,Q1,strict_blocked_cv,full_AGL_oracle_residual_training,50000,233546,20,grid,1.618948936814358,2.1520887713516865,1.0553878290271723,0.26343295122125,0.10456198354344708,-0.1400834629904204,-0.24490741338178368,-0.05826940689037474,-0.028046012669081424,1.4788654738239375,1.9071813579699028,0.32170235811162473,0.1326079962125285
OMA_134_027,OMA,global_affine,1,Q2,strict_blocked_cv,stage1_sparse_anchors,20,240220,20,grid,3.113840689959363,3.686825852707661,1.11335565027595,0.19843929442362757,0.337123471163693,0.0,0.0,0.0,0.0,,,,
OMA_134_027,OMA,constant,1,Q2,strict_blocked_cv,full_AGL_oracle_residual_training,50000,240220,20,grid,2.788313966513229,3.5405402975660127,0.42696783777778935,0.19843929442362757,0.337123471163693,0.3255267234461341,0.14628555514164843,0.0,0.0,3.113840689959363,3.686825852707661,0.19843929442362757,0.337123471163693
OMA_134_027,OMA,linear_xy,1,Q2,strict_blocked_cv,full_AGL_oracle_residual_training,50000,240220,20,grid,2.494674858811353,3.520510551773826,-0.3395400807070595,0.23540246171755097,0.4321097848417912,0.6191658311480102,0.16631530093383518,0.036963167293923405,0.09498631367809818,3.113840689959363,3.686825852707661,0.19843929442362757,0.337123471163693
OMA_134_027,OMA,quadratic_xy,1,Q2,strict_blocked_cv,full_AGL_oracle_residual_training,50000,240220,20,grid,2.5970997171402628,3.9004484351889523,-1.607990222613583,0.18802713511509883,0.1580517203110514,0.5167409728191004,-0.21362258248129118,-0.010412159308528735,-0.1790717508526416,3.113840689959363,3.686825852707661,0.19843929442362757,0.337123471163693
OMA_134_027,OMA,global_affine,2,Q3,strict_blocked_cv,stage1_sparse_anchors,20,238739,20,grid,3.1905091809361252,4.048392944756218,0.05342092230602579,0.058043346598345605,0.08250386440848907,0.0,0.0,0.0,0.0,,,,
OMA_134_027,OMA,constant,2,Q3,strict_blocked_cv,full_AGL_oracle_residual_training,50000,238739,20,grid,2.9927775856381924,4.178516294942118,-1.036034162991217,0.05804334659834559,0.08250386440848907,0.19773159529793283,-0.13012335018590004,-1.3877787807814457e-17,0.0,3.1905091809361252,4.048392944756218,0.058043346598345605,0.08250386440848907
OMA_134_027,OMA,linear_xy,2,Q3,strict_blocked_cv,full_AGL_oracle_residual_training,50000,238739,20,grid,3.160172049735765,4.096562105983803,-0.2535673670123039,0.03843682869545509,0.05625352999271023,0.03033713120036019,-0.048169161227584745,-0.019606517902890516,-0.026250334415778842,3.1905091809361252,4.048392944756218,0.058043346598345605,0.08250386440848907
OMA_134_027,OMA,quadratic_xy,2,Q3,strict_blocked_cv,full_AGL_oracle_residual_training,50000,238739,20,grid,3.2581913733008223,4.05716299563783,0.1907837359482903,0.030226421929210268,0.04108511493522408,-0.06768219236469708,-0.00877005088161198,-0.027816924669135337,-0.041418749473264994,3.1905091809361252,4.048392944756218,0.058043346598345605,0.08250386440848907
OMA_134_027,OMA,global_affine,3,Q4,strict_blocked_cv,stage1_sparse_anchors,20,233729,20,grid,3.0897929716046293,3.389103862069892,1.6975191309001858,0.33618933641381,0.4791257927677077,0.0,0.0,0.0,0.0,,,,
OMA_134_027,OMA,constant,3,Q4,strict_blocked_cv,full_AGL_oracle_residual_training,50000,233729,20,grid,2.781343508123411,3.1522384152453946,1.1541894291769703,0.33618933641381005,0.4791257927677077,0.30844946348121827,0.23686544682449728,5.551115123125783e-17,0.0,3.0897929716046293,3.389103862069892,0.33618933641381,0.4791257927677077
OMA_134_027,OMA,linear_xy,3,Q4,strict_blocked_cv,full_AGL_oracle_residual_training,50000,233729,20,grid,2.8223380151189934,3.18442376621825,1.245874359582298,0.322218029938628,0.4606918588840827,0.2674549564856359,0.20468009585164193,-0.013971306475181966,-0.01843393388362502,3.0897929716046293,3.389103862069892,0.33618933641381,0.4791257927677077
OMA_134_027,OMA,quadratic_xy,3,Q4,strict_blocked_cv,full_AGL_oracle_residual_training,50000,233729,20,grid,2.7378053816059924,3.1971189361512784,0.8420464899468004,0.10353830048417574,0.14514766857266953,0.3519875899986369,0.1919849259186135,-0.23265103592963426,-0.3339781241950382,3.0897929716046293,3.389103862069892,0.33618933641381,0.4791257927677077
OMA_144_030,OMA,global_affine,0,Q1,strict_blocked_cv,stage1_sparse_anchors,20,116113,20,grid,0.016807675063732406,0.02412571844283154,-0.012880896945490666,-0.08794269367264881,-0.0647368934325823,0.0,0.0,0.0,0.0,,,,
OMA_144_030,OMA,constant,0,Q1,strict_blocked_cv,full_AGL_oracle_residual_training,50000,116113,20,grid,0.015083372206026485,0.020973970601067395,-0.004875926426024942,-0.08794269367264881,-0.0647368934325823,0.0017243028577059206,0.0031517478417641444,0.0,0.0,0.016807675063732406,0.02412571844283154,-0.08794269367264881,-0.0647368934325823
OMA_144_030,OMA,linear_xy,0,Q1,strict_blocked_cv,full_AGL_oracle_residual_training,50000,116113,20,grid,0.015323764389940459,0.021640158774775778,-0.006801694702263705,-0.05177011478622424,-0.015268872808192798,0.0014839106737919473,0.002485559668055762,0.036172578886424576,0.04946802062438949,0.016807675063732406,0.02412571844283154,-0.08794269367264881,-0.0647368934325823
OMA_144_030,OMA,quadratic_xy,0,Q1,strict_blocked_cv,full_AGL_oracle_residual_training,50000,116113,20,grid,0.01527710847924837,0.021463354004173377,-0.006092437067267945,-0.07495833486096334,-0.04765118375757297,0.0015305665844840364,0.0026623644386581623,0.01298435881168547,0.017085709675009324,0.016807675063732406,0.02412571844283154,-0.08794269367264881,-0.0647368934325823
OMA_144_030,OMA,global_affine,1,Q2,strict_blocked_cv,stage1_sparse_anchors,20,137006,20,grid,0.014161844614109582,0.019716795470346087,-0.009432238216407434,0.0678646660597813,0.08199264174771624,0.0,0.0,0.0,0.0,,,,
OMA_144_030,OMA,constant,1,Q2,strict_blocked_cv,full_AGL_oracle_residual_training,50000,137006,20,grid,0.013597767777159217,0.017322092162193454,-0.0005195873623566753,0.06786466605978131,0.08199264174771624,0.0005640768369503651,0.0023947033081526334,1.3877787807814457e-17,0.0,0.014161844614109582,0.019716795470346087,0.0678646660597813,0.08199264174771624
OMA_144_030,OMA,linear_xy,1,Q2,strict_blocked_cv,full_AGL_oracle_residual_training,50000,137006,20,grid,0.014658657430488383,0.017775053070471267,0.004380939846722044,0.10758838516015791,0.10565437953137277,-0.0004968128163788006,0.0019417423998748205,0.039723719100376614,0.02366173778365653,0.014161844614109582,0.019716795470346087,0.0678646660597813,0.08199264174771624
OMA_144_030,OMA,quadratic_xy,1,Q2,strict_blocked_cv,full_AGL_oracle_residual_training,50000,137006,20,grid,0.013851688237931587,0.017505880397988265,4.986865365802389e-05,-0.13272261925413356,-0.1308511754987305,0.00031015637617799567,0.002210915072357822,-0.20058728531391484,-0.21284381724644674,0.014161844614109582,0.019716795470346087,0.0678646660597813,0.08199264174771624
OMA_144_030,OMA,global_affine,2,Q3,strict_blocked_cv,stage1_sparse_anchors,20,104314,20,grid,0.010067777955891342,0.014306041864507879,-0.0036958072975074446,0.06546762784090322,0.07134355717290866,0.0,0.0,0.0,0.0,,,,
OMA_144_030,OMA,constant,2,Q3,strict_blocked_cv,full_AGL_oracle_residual_training,50000,104314,20,grid,0.012965391841330054,0.01537201528348509,0.00673015687981762,0.06546762784090322,0.07134355717290866,-0.002897613885438712,-0.0010659734189772119,0.0,0.0,0.010067777955891342,0.014306041864507879,0.06546762784090322,0.07134355717290866
OMA_144_030,OMA,linear_xy,2,Q3,strict_blocked_cv,full_AGL_oracle_residual_training,50000,104314,20,grid,0.013266255998876292,0.01564308734645619,0.0072847027770082074,0.007680880364431135,0.0364977287034747,-0.00319847804298495,-0.0013370454819483114,-0.05778674747647209,-0.03484582846943396,0.010067777955891342,0.014306041864507879,0.06546762784090322,0.07134355717290866
OMA_144_030,OMA,quadratic_xy,2,Q3,strict_blocked_cv,full_AGL_oracle_residual_training,50000,104314,20,grid,0.014973529905536458,0.017346534644867143,0.009889690818521936,-0.08562824328979739,-0.05795597448459812,-0.004905751949645116,-0.003040492780359264,-0.1510958711307006,-0.1292995316575068,0.010067777955891342,0.014306041864507879,0.06546762784090322,0.07134355717290866
OMA_144_030,OMA,global_affine,3,Q4,strict_blocked_cv,stage1_sparse_anchors,20,151219,20,grid,0.013790388017229717,0.023360681455849863,-0.009535686419955492,0.05811180219321929,0.12581884619693115,0.0,0.0,0.0,0.0,,,,
OMA_144_030,OMA,constant,3,Q4,strict_blocked_cv,full_AGL_oracle_residual_training,50000,151219,20,grid,0.013111663704711691,0.02133388365475025,-0.0005852086913705896,0.058111802193219306,0.12581884619693115,0.0006787243125180257,0.002026797801099614,1.3877787807814457e-17,0.0,0.013790388017229717,0.023360681455849863,0.05811180219321929,0.12581884619693115
OMA_144_030,OMA,linear_xy,3,Q4,strict_blocked_cv,full_AGL_oracle_residual_training,50000,151219,20,grid,0.012830747059446002,0.02183551989890519,-0.0046944121891083,0.049507240004478766,0.11524217389250847,0.0009596409577837146,0.0015251615569446715,-0.008604562188740526,-0.010576672304422677,0.013790388017229717,0.023360681455849863,0.05811180219321929,0.12581884619693115
OMA_144_030,OMA,quadratic_xy,3,Q4,strict_blocked_cv,full_AGL_oracle_residual_training,50000,151219,20,grid,0.01272053252180859,0.0215023744117881,-0.0030460642118346534,0.07492989358809932,0.1316488326758735,0.0010698554954211258,0.0018583070440617612,0.016818091394880025,0.0058299864789423395,0.013790388017229717,0.023360681455849863,0.05811180219321929,0.12581884619693115
OMA_198_002,OMA,global_affine,0,Q1,strict_blocked_cv,stage1_sparse_anchors,20,224381,20,grid,2.5853851395620424,3.252704444902109,0.25608152001729895,0.6987361749146181,0.7031724419429367,0.0,0.0,0.0,0.0,,,,
OMA_198_002,OMA,constant,0,Q1,strict_blocked_cv,full_AGL_oracle_residual_training,50000,224381,20,grid,2.4841160800444575,3.2441667210801257,-0.10054478192430732,0.6987361749146181,0.7031724419429367,0.10126905951758491,0.008537723821983256,0.0,0.0,2.5853851395620424,3.252704444902109,0.6987361749146181,0.7031724419429367
OMA_198_002,OMA,linear_xy,0,Q1,strict_blocked_cv,full_AGL_oracle_residual_training,50000,224381,20,grid,3.348298739061269,3.824452474459136,1.8732521913946705,0.6678600779090591,0.6757218642392611,-0.7629135994992264,-0.571748029557027,-0.030876097005559044,-0.02745057770367565,2.5853851395620424,3.252704444902109,0.6987361749146181,0.7031724419429367
OMA_198_002,OMA,quadratic_xy,0,Q1,strict_blocked_cv,full_AGL_oracle_residual_training,50000,224381,20,grid,2.4715792818782516,3.228951888237744,-0.016354022285479667,0.6841049144726665,0.6740700952690385,0.11380585768379081,0.02375255666436482,-0.014631260441951621,-0.029102346673898216,2.5853851395620424,3.252704444902109,0.6987361749146181,0.7031724419429367
OMA_198_002,OMA,global_affine,1,Q2,strict_blocked_cv,stage1_sparse_anchors,20,200477,20,grid,2.5905247034779393,3.416175791253207,-0.9297008731724714,0.5204450609970637,0.5301811272566701,0.0,0.0,0.0,0.0,,,,
OMA_198_002,OMA,constant,1,Q2,strict_blocked_cv,full_AGL_oracle_residual_training,50000,200477,20,grid,2.740052811992532,3.693948856785524,-1.6850355584913528,0.5204450609970637,0.5301811272566701,-0.14952810851459253,-0.2777730655323172,0.0,0.0,2.5905247034779393,3.416175791253207,0.5204450609970637,0.5301811272566701
OMA_198_002,OMA,linear_xy,1,Q2,strict_blocked_cv,full_AGL_oracle_residual_training,50000,200477,20,grid,2.67250285120761,3.59581735039302,-1.5361067796045909,0.5412105386207797,0.5482145474506852,-0.0819781477296706,-0.17964155913981328,0.020765477623716055,0.018033420194015104,2.5905247034779393,3.416175791253207,0.5204450609970637,0.5301811272566701
OMA_198_002,OMA,quadratic_xy,1,Q2,strict_blocked_cv,full_AGL_oracle_residual_training,50000,200477,20,grid,2.549140987540339,3.2502889937006736,-0.2413674311480529,0.5469639909918602,0.5532993206387036,0.041383715937600485,0.16588679755253333,0.026518929994796547,0.02311819338203347,2.5905247034779393,3.416175791253207,0.5204450609970637,0.5301811272566701
OMA_198_002,OMA,global_affine,2,Q3,strict_blocked_cv,stage1_sparse_anchors,20,204681,20,grid,2.7176350097709467,3.3596375100284503,0.7528644149891517,0.6707745046535107,0.6720439284609473,0.0,0.0,0.0,0.0,,,,
OMA_198_002,OMA,constant,2,Q3,strict_blocked_cv,full_AGL_oracle_residual_training,50000,204681,20,grid,2.652095160611722,3.3198692427398444,0.5487917796913674,0.6707745046535107,0.6720439284609473,0.06553984915922495,0.03976826728860594,0.0,0.0,2.7176350097709467,3.3596375100284503,0.6707745046535107,0.6720439284609473
OMA_198_002,OMA,linear_xy,2,Q3,strict_blocked_cv,full_AGL_oracle_residual_training,50000,204681,20,grid,2.4544181431058987,3.4855183298780728,-1.1285157845884461,0.6736132279147605,0.6747727120874619,0.26321686666504807,-0.1258808198496224,0.002838723261249787,0.0027287836265146304,2.7176350097709467,3.3596375100284503,0.6707745046535107,0.6720439284609473
OMA_198_002,OMA,quadratic_xy,2,Q3,strict_blocked_cv,full_AGL_oracle_residual_training,50000,204681,20,grid,2.8911016680383304,3.5128654314452716,1.1607823287803871,0.6480123230095569,0.6436557530310998,-0.1734666582673836,-0.1532279214168213,-0.022762181643953827,-0.028388175429847506,2.7176350097709467,3.3596375100284503,0.6707745046535107,0.6720439284609473
OMA_198_002,OMA,global_affine,3,Q4,strict_blocked_cv,stage1_sparse_anchors,20,203217,20,grid,3.1678238755271626,3.921890811425331,1.2790670085033753,0.4302182109265147,0.47627175876550887,0.0,0.0,0.0,0.0,,,,
OMA_198_002,OMA,constant,3,Q4,strict_blocked_cv,full_AGL_oracle_residual_training,50000,203217,20,grid,3.1619840087119213,3.916713535832838,1.2631032409409417,0.4302182109265147,0.47627175876550887,0.00583986681524129,0.005177275592492592,0.0,0.0,3.1678238755271626,3.921890811425331,0.4302182109265147,0.47627175876550887
OMA_198_002,OMA,linear_xy,3,Q4,strict_blocked_cv,full_AGL_oracle_residual_training,50000,203217,20,grid,3.291432328460806,4.041201098995095,1.4906369964514234,0.4105962909514182,0.46220036751468135,-0.12360845293364342,-0.11931028756976403,-0.01962191997509649,-0.014071391250827514,3.1678238755271626,3.921890811425331,0.4302182109265147,0.47627175876550887
OMA_198_002,OMA,quadratic_xy,3,Q4,strict_blocked_cv,full_AGL_oracle_residual_training,50000,203217,20,grid,2.716599942046597,3.5106519292699385,0.15812748072739474,0.47971237655664917,0.5178240011041885,0.45122393348056544,0.4112388821553923,0.04949416563013448,0.0415522423386796,3.1678238755271626,3.921890811425331,0.4302182109265147,0.47627175876550887
OMA_211_032,OMA,global_affine,0,Q1,strict_blocked_cv,stage1_sparse_anchors,20,224943,20,grid,1.9313317964842465,2.9648526938982376,-0.48001279117213136,0.5061335049612135,0.47914620367727173,0.0,0.0,0.0,0.0,,,,
OMA_211_032,OMA,constant,0,Q1,strict_blocked_cv,full_AGL_oracle_residual_training,50000,224943,20,grid,1.8974104083309253,2.978291970823315,-0.557031279771478,0.5061335049612135,0.47914620367727173,0.03392138815332113,-0.013439276925077515,0.0,0.0,1.9313317964842465,2.9648526938982376,0.5061335049612135,0.47914620367727173
OMA_211_032,OMA,linear_xy,0,Q1,strict_blocked_cv,full_AGL_oracle_residual_training,50000,224943,20,grid,1.8409149997378056,3.029130338086579,-0.7191676220512195,0.020716397569024828,0.03667246739707834,0.09041679674644088,-0.06427764418834148,-0.48541710739218863,-0.4424737362801934,1.9313317964842465,2.9648526938982376,0.5061335049612135,0.47914620367727173
OMA_211_032,OMA,quadratic_xy,0,Q1,strict_blocked_cv,full_AGL_oracle_residual_training,50000,224943,20,grid,2.0696163153216864,3.3566430356640784,-0.8848887711948707,-0.2718702948810441,-0.23703274587531933,-0.13828451883743997,-0.3917903417658408,-0.7780037998422575,-0.7161789495525911,1.9313317964842465,2.9648526938982376,0.5061335049612135,0.47914620367727173
OMA_211_032,OMA,global_affine,1,Q2,strict_blocked_cv,stage1_sparse_anchors,20,210903,20,grid,1.633205250849573,2.8995887964441227,0.28179836777636497,-0.03357183689441641,0.05351138788771182,0.0,0.0,0.0,0.0,,,,
OMA_211_032,OMA,constant,1,Q2,strict_blocked_cv,full_AGL_oracle_residual_training,50000,210903,20,grid,1.7623966256065384,2.921547557046931,0.45523099598340144,-0.03357183689441641,0.05351138788771182,-0.12919137475696552,-0.021958760602808436,0.0,0.0,1.633205250849573,2.8995887964441227,-0.03357183689441641,0.05351138788771182
OMA_211_032,OMA,linear_xy,1,Q2,strict_blocked_cv,full_AGL_oracle_residual_training,50000,210903,20,grid,2.417844677243678,3.170230192310025,1.3093631622398976,0.0448291668511777,0.035120787170572695,-0.7846394263941052,-0.2706413958659022,0.07840100374559411,-0.018390600717139126,1.633205250849573,2.8995887964441227,-0.03357183689441641,0.05351138788771182
OMA_211_032,OMA,quadratic_xy,1,Q2,strict_blocked_cv,full_AGL_oracle_residual_training,50000,210903,20,grid,1.3640648286045898,2.902669751191935,-0.29221570297166505,0.12071280596242324,0.05894671566239727,0.26914042224498314,-0.0030809547478121146,0.15428464285683965,0.005435327774685451,1.633205250849573,2.8995887964441227,-0.03357183689441641,0.05351138788771182
OMA_211_032,OMA,global_affine,2,Q3,strict_blocked_cv,stage1_sparse_anchors,20,212443,20,grid,1.1635920077078785,1.5439835866342024,0.6311218272640192,0.4196873516799178,0.4349555453945043,0.0,0.0,0.0,0.0,,,,
OMA_211_032,OMA,constant,2,Q3,strict_blocked_cv,full_AGL_oracle_residual_training,50000,212443,20,grid,1.3965257780041276,1.6782163083133006,0.9115039344632481,0.4196873516799178,0.4349555453945043,-0.23293377029624907,-0.13423272167909817,0.0,0.0,1.1635920077078785,1.5439835866342024,0.4196873516799178,0.4349555453945043
OMA_211_032,OMA,linear_xy,2,Q3,strict_blocked_cv,full_AGL_oracle_residual_training,50000,212443,20,grid,2.132558967810732,2.2875726626293384,1.739520284960059,-0.14406605444746226,-0.3379414135077854,-0.9689669601028534,-0.743589075995136,-0.56375340612738,-0.7728969589022897,1.1635920077078785,1.5439835866342024,0.4196873516799178,0.4349555453945043
OMA_211_032,OMA,quadratic_xy,2,Q3,strict_blocked_cv,full_AGL_oracle_residual_training,50000,212443,20,grid,1.8106571472391801,2.0111943185193484,1.3859672714955236,-0.015256244492813174,0.16112848547856495,-0.6470651395313016,-0.46721073188514595,-0.43494359617273093,-0.27382705991593936,1.1635920077078785,1.5439835866342024,0.4196873516799178,0.4349555453945043
OMA_211_032,OMA,global_affine,3,Q4,strict_blocked_cv,stage1_sparse_anchors,20,210546,20,grid,2.354508540714551,3.8577688316340444,-0.6983808240124207,0.009786797544445586,0.07546234297241225,0.0,0.0,0.0,0.0,,,,
OMA_211_032,OMA,constant,3,Q4,strict_blocked_cv,full_AGL_oracle_residual_training,50000,210546,20,grid,2.269933705586989,3.887731786485591,-0.8484184466827739,0.009786797544445683,0.07546234297241225,0.08457483512756214,-0.02996295485154654,9.71445146547012e-17,0.0,2.354508540714551,3.8577688316340444,0.009786797544445586,0.07546234297241225
OMA_211_032,OMA,linear_xy,3,Q4,strict_blocked_cv,full_AGL_oracle_residual_training,50000,210546,20,grid,2.39133338469312,4.388225518647742,-2.3569493354727533,0.2558123701905614,0.24783289689767501,-0.036824843978569,-0.5304566870136975,0.24602557264611583,0.17237055392526276,2.354508540714551,3.8577688316340444,0.009786797544445586,0.07546234297241225
OMA_211_032,OMA,quadratic_xy,3,Q4,strict_blocked_cv,full_AGL_oracle_residual_training,50000,210546,20,grid,2.466422653679452,4.060476343486801,-0.7578244509969753,-0.2671417246383122,-0.25650792905811853,-0.11191411296490106,-0.20270751185275682,-0.27692852218275776,-0.33197027203053076,2.354508540714551,3.8577688316340444,0.009786797544445586,0.07546234297241225
OMA_211_039,OMA,global_affine,0,Q1,strict_blocked_cv,stage1_sparse_anchors,20,224515,20,grid,1.7454025575491248,3.1278274793439285,-0.7599231697734914,-0.4799260733102279,-0.2991793852608902,0.0,0.0,0.0,0.0,,,,
OMA_211_039,OMA,constant,0,Q1,strict_blocked_cv,full_AGL_oracle_residual_training,50000,224515,20,grid,1.8977727637291915,3.066126262739625,-0.4419374870739717,-0.4799260733102281,-0.2991793852608902,-0.1523702061800667,0.06170121660430361,-1.6653345369377348e-16,0.0,1.7454025575491248,3.1278274793439285,-0.4799260733102279,-0.2991793852608902
OMA_211_039,OMA,linear_xy,0,Q1,strict_blocked_cv,full_AGL_oracle_residual_training,50000,224515,20,grid,1.823761358364006,3.1096809981743117,-0.605168545589407,-0.12670014157173712,-0.05976095991228665,-0.07835880081488122,0.018146481169616813,0.3532259317384908,0.23941842534860358,1.7454025575491248,3.1278274793439285,-0.4799260733102279,-0.2991793852608902
OMA_211_039,OMA,quadratic_xy,0,Q1,strict_blocked_cv,full_AGL_oracle_residual_training,50000,224515,20,grid,1.9843239954604148,3.4531950424424362,-0.8685180861050765,-0.2779717360168018,-0.15497863568236314,-0.23892143791129006,-0.3253675630985078,0.2019543372934261,0.14420074957852708,1.7454025575491248,3.1278274793439285,-0.4799260733102279,-0.2991793852608902
OMA_211_039,OMA,global_affine,1,Q2,strict_blocked_cv,stage1_sparse_anchors,20,211383,20,grid,1.394820463606575,3.0248146017436732,-0.2534983208017399,-0.08889350334412827,-0.030269470044081835,0.0,0.0,0.0,0.0,,,,
OMA_211_039,OMA,constant,1,Q2,strict_blocked_cv,full_AGL_oracle_residual_training,50000,211383,20,grid,1.7399451460617952,3.023766558457073,0.24067036329987934,-0.08889350334412845,-0.030269470044081835,-0.3451246824552201,0.00104804328660002,-1.8041124150158794e-16,0.0,1.394820463606575,3.0248146017436732,-0.08889350334412827,-0.030269470044081835
OMA_211_039,OMA,linear_xy,1,Q2,strict_blocked_cv,full_AGL_oracle_residual_training,50000,211383,20,grid,2.425509707935376,3.235995206116849,1.1905158410341776,0.06723176385462097,0.08116820413765172,-1.030689244328801,-0.21118060437317565,0.15612526719874925,0.11143767418173356,1.394820463606575,3.0248146017436732,-0.08889350334412827,-0.030269470044081835
OMA_211_039,OMA,quadratic_xy,1,Q2,strict_blocked_cv,full_AGL_oracle_residual_training,50000,211383,20,grid,1.4754870955331991,3.1322017879438646,-0.565589756692388,0.04298594080155657,-0.010282922528545816,-0.08066663192662404,-0.10738718620019139,0.13187944414568484,0.019986547515536017,1.394820463606575,3.0248146017436732,-0.08889350334412827,-0.030269470044081835
OMA_211_039,OMA,global_affine,2,Q3,strict_blocked_cv,stage1_sparse_anchors,20,211681,20,grid,0.8698163289986636,1.386536590174064,0.37215678941782415,-0.018239771287184077,0.20119837794017825,0.0,0.0,0.0,0.0,,,,
OMA_211_039,OMA,constant,2,Q3,strict_blocked_cv,full_AGL_oracle_residual_training,50000,211681,20,grid,1.4467804559641984,1.6942750011469312,1.0423937545523267,-0.018239771287184056,0.20119837794017825,-0.5769641269655348,-0.30773841097286714,2.0816681711721685e-17,0.0,0.8698163289986636,1.386536590174064,-0.018239771287184077,0.20119837794017825
OMA_211_039,OMA,linear_xy,2,Q3,strict_blocked_cv,full_AGL_oracle_residual_training,50000,211681,20,grid,2.0174389015117287,2.1711826243660752,1.664935805128162,-0.18946874123569524,-0.3431134753013915,-1.147622572513065,-0.7846460341920112,-0.17122896994851117,-0.5443118532415698,0.8698163289986636,1.386536590174064,-0.018239771287184077,0.20119837794017825
OMA_211_039,OMA,quadratic_xy,2,Q3,strict_blocked_cv,full_AGL_oracle_residual_training,50000,211681,20,grid,1.8373607647196388,2.021193250109594,1.4630722461869015,-0.1528133204653219,-0.043316367137582364,-0.9675444357209753,-0.6346566599355301,-0.13457354917813782,-0.2445147450777606,0.8698163289986636,1.386536590174064,-0.018239771287184077,0.20119837794017825
OMA_211_039,OMA,global_affine,3,Q4,strict_blocked_cv,stage1_sparse_anchors,20,211077,20,grid,2.1033460107120616,3.8995303799171652,-1.0417918820202492,-0.4888843722956506,-0.40687372525666865,0.0,0.0,0.0,0.0,,,,
OMA_211_039,OMA,constant,3,Q4,strict_blocked_cv,full_AGL_oracle_residual_training,50000,211077,20,grid,2.232399279367904,3.844341143280603,-0.8111423842127836,-0.4888843722956506,-0.40687372525666865,-0.12905326865584232,0.05518923663656228,0.0,0.0,2.1033460107120616,3.8995303799171652,-0.4888843722956506,-0.40687372525666865
OMA_211_039,OMA,linear_xy,3,Q4,strict_blocked_cv,full_AGL_oracle_residual_training,50000,211077,20,grid,2.2496984567964358,4.305207779742688,-2.1924683315726043,0.17593285292095112,0.1924447520606847,-0.14635244608437414,-0.4056773998255232,0.6648172252166018,0.5993184773173533,2.1033460107120616,3.8995303799171652,-0.4888843722956506,-0.40687372525666865
OMA_211_039,OMA,quadratic_xy,3,Q4,strict_blocked_cv,full_AGL_oracle_residual_training,50000,211077,20,grid,2.4523068990058796,4.014126290805636,-0.6934444505719994,-0.27284960229944943,-0.2641101204382733,-0.348960888293818,-0.11459591088847043,0.2160347699962012,0.14276360481839534,2.1033460107120616,3.8995303799171652,-0.4888843722956506,-0.40687372525666865
OMA_212_033,OMA,global_affine,0,Q1,strict_blocked_cv,stage1_sparse_anchors,20,198763,20,grid,1.0697218365445418,3.3423834336077234,-0.9239063032257298,0.747087127349932,0.3789854407066587,0.0,0.0,0.0,0.0,,,,
OMA_212_033,OMA,constant,0,Q1,strict_blocked_cv,full_AGL_oracle_residual_training,50000,198763,20,grid,2.1237899396764814,3.2431106858625163,0.44703776198495765,0.7470871273499319,0.3789854407066587,-1.0540681031319397,0.09927274774520711,-1.1102230246251565e-16,0.0,1.0697218365445418,3.3423834336077234,0.747087127349932,0.3789854407066587
OMA_212_033,OMA,linear_xy,0,Q1,strict_blocked_cv,full_AGL_oracle_residual_training,50000,198763,20,grid,1.7749724049250464,3.1975840110608216,0.02465357415034366,0.35919822147189934,0.04434252632086129,-0.7052505683805046,0.1447994225469018,-0.38788890587803265,-0.3346429143857974,1.0697218365445418,3.3423834336077234,0.747087127349932,0.3789854407066587
OMA_212_033,OMA,quadratic_xy,0,Q1,strict_blocked_cv,full_AGL_oracle_residual_training,50000,198763,20,grid,1.8969385053249233,3.6277490962910246,-1.5696568314665387,0.1483224196049282,-0.017172197396113285,-0.8272166687803815,-0.2853656626833012,-0.5987647077450038,-0.396157638102772,1.0697218365445418,3.3423834336077234,0.747087127349932,0.3789854407066587
OMA_212_033,OMA,global_affine,1,Q2,strict_blocked_cv,stage1_sparse_anchors,20,196362,20,grid,1.4791968629068806,3.8706818254723503,-1.4612960986531363,0.45955559502777255,0.10507226475597743,0.0,0.0,0.0,0.0,,,,
OMA_212_033,OMA,constant,1,Q2,strict_blocked_cv,full_AGL_oracle_residual_training,50000,196362,20,grid,2.224708178024532,3.5912260979212745,-0.22386018021920268,0.45955559502777255,0.10507226475597743,-0.7455113151176516,0.27945572755107584,0.0,0.0,1.4791968629068806,3.8706818254723503,0.45955559502777255,0.10507226475597743
OMA_212_033,OMA,linear_xy,1,Q2,strict_blocked_cv,full_AGL_oracle_residual_training,50000,196362,20,grid,2.1301349034997865,3.58714837568642,-0.345633882727709,0.30067573252603563,0.1583373522457484,-0.6509380405929059,0.2835334497859301,-0.1588798625017369,0.053265087489770976,1.4791968629068806,3.8706818254723503,0.45955559502777255,0.10507226475597743
OMA_212_033,OMA,quadratic_xy,1,Q2,strict_blocked_cv,full_AGL_oracle_residual_training,50000,196362,20,grid,2.091012484130855,3.9394684881212436,-1.1446658083406709,-0.07529457488046595,-0.10890307084494803,-0.6118156212239745,-0.06878666264889333,-0.5348501699082385,-0.21397533560092546,1.4791968629068806,3.8706818254723503,0.45955559502777255,0.10507226475597743
OMA_212_033,OMA,global_affine,2,Q3,strict_blocked_cv,stage1_sparse_anchors,20,204255,20,grid,1.743406772850408,4.383170510910083,-1.5653362686631813,0.7310157002794703,0.446624996063878,0.0,0.0,0.0,0.0,,,,
OMA_212_033,OMA,constant,2,Q3,strict_blocked_cv,full_AGL_oracle_residual_training,50000,204255,20,grid,2.5586710808144004,4.109788666870781,-0.35840869495608846,0.7310157002794702,0.446624996063878,-0.8152643079639925,0.2733818440393021,-1.1102230246251565e-16,0.0,1.743406772850408,4.383170510910083,0.7310157002794703,0.446624996063878
OMA_212_033,OMA,linear_xy,2,Q3,strict_blocked_cv,full_AGL_oracle_residual_training,50000,204255,20,grid,2.198040236824792,4.144916898635479,-0.8438174828818438,0.34989926049370346,0.14608321341345087,-0.4546334639743841,0.23825361227460373,-0.3811164397857668,-0.30054178265042714,1.743406772850408,4.383170510910083,0.7310157002794703,0.446624996063878
OMA_212_033,OMA,quadratic_xy,2,Q3,strict_blocked_cv,full_AGL_oracle_residual_training,50000,204255,20,grid,2.743562741807377,4.12979147717236,-0.12028480269021227,-0.01835922812981784,0.017966229421508276,-1.0001559689569692,0.25337903373772264,-0.7493749284092881,-0.42865876664236974,1.743406772850408,4.383170510910083,0.7310157002794703,0.446624996063878
OMA_212_033,OMA,global_affine,3,Q4,strict_blocked_cv,stage1_sparse_anchors,20,196828,20,grid,1.2455888541583635,3.4559543428344446,-1.2033133423891957,0.6778204159696185,0.27390730998727714,0.0,0.0,0.0,0.0,,,,
OMA_212_033,OMA,constant,3,Q4,strict_blocked_cv,full_AGL_oracle_residual_training,50000,196828,20,grid,2.103330353431164,3.241407451289169,0.10518956929537196,0.6778204159696185,0.27390730998727714,-0.8577414992728005,0.21454689154527573,0.0,0.0,1.2455888541583635,3.4559543428344446,0.6778204159696185,0.27390730998727714
OMA_212_033,OMA,linear_xy,3,Q4,strict_blocked_cv,full_AGL_oracle_residual_training,50000,196828,20,grid,2.9592243172564934,3.516201108987877,1.3539700645027086,0.12034363741733195,0.013586395826333203,-1.7136354630981299,-0.060246766153432496,-0.5574767785522865,-0.26032091416094394,1.2455888541583635,3.4559543428344446,0.6778204159696185,0.27390730998727714
OMA_212_033,OMA,quadratic_xy,3,Q4,strict_blocked_cv,full_AGL_oracle_residual_training,50000,196828,20,grid,3.50016041356282,3.8990914655651694,2.1019986612598736,0.08379205543411031,-0.002764203284688741,-2.2545715594044564,-0.4431371227307248,-0.5940283605355082,-0.2766715132719659,1.2455888541583635,3.4559543428344446,0.6778204159696185,0.27390730998727714
OMA_221_034,OMA,global_affine,0,Q1,strict_blocked_cv,stage1_sparse_anchors,20,173152,20,grid,2.486279940021525,3.7129124936629436,-0.17827049231962847,0.6945377824879977,0.8469262818079382,0.0,0.0,0.0,0.0,,,,
OMA_221_034,OMA,constant,0,Q1,strict_blocked_cv,full_AGL_oracle_residual_training,50000,173152,20,grid,2.856905768781471,3.777646408429846,0.718800090398171,0.6945377824879977,0.8469262818079382,-0.370625828759946,-0.06473391476690216,0.0,0.0,2.486279940021525,3.7129124936629436,0.6945377824879977,0.8469262818079382
OMA_221_034,OMA,linear_xy,0,Q1,strict_blocked_cv,full_AGL_oracle_residual_training,50000,173152,20,grid,2.552568423920817,3.9124553231831527,-0.9326483004518197,0.6668226902301879,0.8379676658662899,-0.06628848389929187,-0.19954282952020908,-0.02771509225780977,-0.008958615941648262,2.486279940021525,3.7129124936629436,0.6945377824879977,0.8469262818079382
OMA_221_034,OMA,quadratic_xy,0,Q1,strict_blocked_cv,full_AGL_oracle_residual_training,50000,173152,20,grid,3.3576775239503553,4.148708129493631,1.5497279786181293,0.6655943214105109,0.6364060110012535,-0.8713975839288302,-0.43579563583068737,-0.0289434610774868,-0.21052027080668467,2.486279940021525,3.7129124936629436,0.6945377824879977,0.8469262818079382
OMA_221_034,OMA,global_affine,1,Q2,strict_blocked_cv,stage1_sparse_anchors,20,227762,20,grid,3.9267821630936037,5.264930599776028,-1.402511757518274,0.5122436752292672,0.5182594046954556,0.0,0.0,0.0,0.0,,,,
OMA_221_034,OMA,constant,1,Q2,strict_blocked_cv,full_AGL_oracle_residual_training,50000,227762,20,grid,3.936198846215159,5.154596639938561,-0.9041081406474218,0.5122436752292672,0.5182594046954556,-0.009416683121555192,0.11033395983746619,0.0,0.0,3.9267821630936037,5.264930599776028,0.5122436752292672,0.5182594046954556
OMA_221_034,OMA,linear_xy,1,Q2,strict_blocked_cv,full_AGL_oracle_residual_training,50000,227762,20,grid,4.085775777145039,5.101507865760366,0.310170787895163,0.5150973716274625,0.5265984677722905,-0.1589936140514352,0.16342273401566132,0.0028536963981953267,0.008339063076834852,3.9267821630936037,5.264930599776028,0.5122436752292672,0.5182594046954556
OMA_221_034,OMA,quadratic_xy,1,Q2,strict_blocked_cv,full_AGL_oracle_residual_training,50000,227762,20,grid,3.8620072036662894,5.169499186849887,-1.290426017208716,0.5278080765241784,0.5276675174448578,0.06477495942731437,0.09543141292614088,0.015564401294911212,0.009408112749402231,3.9267821630936037,5.264930599776028,0.5122436752292672,0.5182594046954556
OMA_221_034,OMA,global_affine,2,Q3,strict_blocked_cv,stage1_sparse_anchors,20,158278,20,grid,2.875529303157076,3.8630481381821475,0.3842473108848694,0.5635620096606253,0.6054607077792338,0.0,0.0,0.0,0.0,,,,
OMA_221_034,OMA,constant,2,Q3,strict_blocked_cv,full_AGL_oracle_residual_training,50000,158278,20,grid,3.4483230848923236,4.103276918442828,1.435752954876069,0.5635620096606253,0.6054607077792338,-0.5727937817352475,-0.24022878026068017,0.0,0.0,2.875529303157076,3.8630481381821475,0.5635620096606253,0.6054607077792338
OMA_221_034,OMA,linear_xy,2,Q3,strict_blocked_cv,full_AGL_oracle_residual_training,50000,158278,20,grid,2.9988480060142235,3.818261242313444,0.7872115188032535,0.6096806266087309,0.6455383957454578,-0.12331870285714741,0.044786895868703436,0.046118616948105595,0.04007768796622402,2.875529303157076,3.8630481381821475,0.5635620096606253,0.6054607077792338
OMA_221_034,OMA,quadratic_xy,2,Q3,strict_blocked_cv,full_AGL_oracle_residual_training,50000,158278,20,grid,3.298225156679175,4.039807867164132,0.8949359017180618,0.5667551251607181,0.47185446878031573,-0.4226958535220988,-0.17675972898198467,0.0031931155000928246,-0.13360623899891805,2.875529303157076,3.8630481381821475,0.5635620096606253,0.6054607077792338
OMA_221_034,OMA,global_affine,3,Q4,strict_blocked_cv,stage1_sparse_anchors,20,200962,20,grid,3.124352413964904,4.096577118574798,-1.4587850324803036,0.7188481122784031,0.7843775209379301,0.0,0.0,0.0,0.0,,,,
OMA_221_034,OMA,constant,3,Q4,strict_blocked_cv,full_AGL_oracle_residual_training,50000,200962,20,grid,2.972901032029854,3.9427137783515027,-0.9439817903756146,0.718848112278403,0.7843775209379301,0.15145138193505003,0.15386334022329518,-1.1102230246251565e-16,0.0,3.124352413964904,4.096577118574798,0.7188481122784031,0.7843775209379301
OMA_221_034,OMA,linear_xy,3,Q4,strict_blocked_cv,full_AGL_oracle_residual_training,50000,200962,20,grid,3.114863780708209,4.068549227418682,-1.1047413371555614,0.7185120152276405,0.7817981966855935,0.009488633256695245,0.028027891156115814,-0.0003360970507625405,-0.0025793242523366455,3.124352413964904,4.096577118574798,0.7188481122784031,0.7843775209379301
OMA_221_034,OMA,quadratic_xy,3,Q4,strict_blocked_cv,full_AGL_oracle_residual_training,50000,200962,20,grid,2.497767841685998,3.5268824067898823,0.08365573944004669,0.7511348105331244,0.8194507288380978,0.6265845722789063,0.5696947117849156,0.0322866982547213,0.03507320790016766,3.124352413964904,4.096577118574798,0.7188481122784031,0.7843775209379301
OMA_225_001,OMA,global_affine,0,Q1,strict_blocked_cv,stage1_sparse_anchors,20,175282,20,grid,2.2504894725524576,3.3691696167699723,-0.9085926837664915,0.7129749218200349,0.6239120901872593,0.0,0.0,0.0,0.0,,,,
OMA_225_001,OMA,constant,0,Q1,strict_blocked_cv,full_AGL_oracle_residual_training,50000,175282,20,grid,2.522722993940615,3.2460585994667204,-0.10551393083342117,0.7129749218200347,0.6239120901872593,-0.2722335213881575,0.12311101730325191,-1.1102230246251565e-16,0.0,2.2504894725524576,3.3691696167699723,0.7129749218200349,0.6239120901872593
OMA_225_001,OMA,linear_xy,0,Q1,strict_blocked_cv,full_AGL_oracle_residual_training,50000,175282,20,grid,2.349968762403829,3.0610850641572354,0.034586785211231194,0.7442032942569065,0.7258491847955623,-0.09947928985137144,0.30808455261273693,0.0312283724368716,0.10193709460830291,2.2504894725524576,3.3691696167699723,0.7129749218200349,0.6239120901872593
OMA_225_001,OMA,quadratic_xy,0,Q1,strict_blocked_cv,full_AGL_oracle_residual_training,50000,175282,20,grid,3.4831935807362795,3.8500657229121424,2.014147130768855,0.6475876710767065,0.6056893559766436,-1.232704108183822,-0.48089610614217015,-0.0653872507433284,-0.01822273421061571,2.2504894725524576,3.3691696167699723,0.7129749218200349,0.6239120901872593
OMA_225_001,OMA,global_affine,1,Q2,strict_blocked_cv,stage1_sparse_anchors,20,130842,20,grid,1.5331447491220975,2.434812786004748,-1.486012384043883,0.6826103358088741,0.3492971042238887,0.0,0.0,0.0,0.0,,,,
OMA_225_001,OMA,constant,1,Q2,strict_blocked_cv,full_AGL_oracle_residual_training,50000,130842,20,grid,1.1186850447921968,2.1027038595736385,-0.8374264288314878,0.6826103358088741,0.3492971042238887,0.41445970432990076,0.33210892643110945,0.0,0.0,1.5331447491220975,2.434812786004748,0.6826103358088741,0.3492971042238887
OMA_225_001,OMA,linear_xy,1,Q2,strict_blocked_cv,full_AGL_oracle_residual_training,50000,130842,20,grid,2.821080184205196,2.987388262242023,2.153565783572491,0.6140128859001526,0.30983128171866137,-1.2879354350830983,-0.552575476237275,-0.06859744990872152,-0.039465822505227344,1.5331447491220975,2.434812786004748,0.6826103358088741,0.3492971042238887
OMA_225_001,OMA,quadratic_xy,1,Q2,strict_blocked_cv,full_AGL_oracle_residual_training,50000,130842,20,grid,2.402377583396357,2.583528952079728,1.735017618707692,0.7189440091739249,0.4016863870522766,-0.8692328342742595,-0.14871616607498028,0.03633367336505078,0.052389282828387895,1.5331447491220975,2.434812786004748,0.6826103358088741,0.3492971042238887
OMA_225_001,OMA,global_affine,2,Q3,strict_blocked_cv,stage1_sparse_anchors,20,166500,20,grid,3.124249493096763,3.805555592135454,0.2943021465054461,0.21293489485323014,0.06981355971080166,0.0,0.0,0.0,0.0,,,,
OMA_225_001,OMA,constant,2,Q3,strict_blocked_cv,full_AGL_oracle_residual_training,50000,166500,20,grid,3.663685238745344,4.070379532716152,1.473889388305258,0.21293489485323008,0.06981355971080166,-0.5394357456485812,-0.264823940580698,-5.551115123125783e-17,0.0,3.124249493096763,3.805555592135454,0.21293489485323014,0.06981355971080166
OMA_225_001,OMA,linear_xy,2,Q3,strict_blocked_cv,full_AGL_oracle_residual_training,50000,166500,20,grid,2.8446294443410314,3.5247391728492996,0.07652510755979938,0.4631935127739559,0.3213315296135562,0.27962004875573143,0.2808164192861544,0.25025861792072573,0.25151796990275455,3.124249493096763,3.805555592135454,0.21293489485323014,0.06981355971080166
OMA_225_001,OMA,quadratic_xy,2,Q3,strict_blocked_cv,full_AGL_oracle_residual_training,50000,166500,20,grid,2.2844329756560646,3.392170098578789,-1.2580567745409015,0.6387670809487589,0.6939292575700048,0.8398165174406982,0.4133854935566652,0.42583218609552875,0.6241156978592031,3.124249493096763,3.805555592135454,0.21293489485323014,0.06981355971080166
OMA_225_001,OMA,global_affine,3,Q4,strict_blocked_cv,stage1_sparse_anchors,20,201159,20,grid,2.010359271903041,3.1380998899183594,-1.2477243488590632,0.5296097381325829,0.5090865695981767,0.0,0.0,0.0,0.0,,,,
OMA_225_001,OMA,constant,3,Q4,strict_blocked_cv,full_AGL_oracle_residual_training,50000,201159,20,grid,2.0392420849290693,2.94488414692222,-0.6176469626121116,0.5296097381325829,0.5090865695981767,-0.02888281302602813,0.19321574299613964,0.0,0.0,2.010359271903041,3.1380998899183594,0.5296097381325829,0.5090865695981767
OMA_225_001,OMA,linear_xy,3,Q4,strict_blocked_cv,full_AGL_oracle_residual_training,50000,201159,20,grid,1.9851153716239143,2.909173312099424,-0.8337704820649573,0.6824187938413866,0.7142585802302632,0.02524390027912693,0.22892657781893533,0.15280905570880365,0.20517201063208657,2.010359271903041,3.1380998899183594,0.5296097381325829,0.5090865695981767
OMA_225_001,OMA,quadratic_xy,3,Q4,strict_blocked_cv,full_AGL_oracle_residual_training,50000,201159,20,grid,2.5946479560952085,3.6025017664724728,-1.73491077200009,0.3310966071050656,0.2704325500752335,-0.5842886841921673,-0.46440187655411336,-0.19851313102751733,-0.23865401952294318,2.010359271903041,3.1380998899183594,0.5296097381325829,0.5090865695981767
OMA_230_036,OMA,global_affine,0,Q1,strict_blocked_cv,stage1_sparse_anchors,20,184456,20,grid,1.9933759182289343,3.0895815028547196,-0.8463614735774853,0.6997284687428578,0.5811969517898783,0.0,0.0,0.0,0.0,,,,
OMA_230_036,OMA,constant,0,Q1,strict_blocked_cv,full_AGL_oracle_residual_training,50000,184456,20,grid,2.1390895356397674,2.99017808822108,-0.33463245576557493,0.6997284687428578,0.5811969517898783,-0.1457136174108331,0.09940341463363955,0.0,0.0,1.9933759182289343,3.0895815028547196,0.6997284687428578,0.5811969517898783
OMA_230_036,OMA,linear_xy,0,Q1,strict_blocked_cv,full_AGL_oracle_residual_training,50000,184456,20,grid,2.0000321450739755,2.9154452929864676,-0.46436896896066987,0.7288587855807492,0.6512000461846724,-0.006656226845041191,0.17413620986825196,0.029130316837891468,0.07000309439479413,1.9933759182289343,3.0895815028547196,0.6997284687428578,0.5811969517898783
OMA_230_036,OMA,quadratic_xy,0,Q1,strict_blocked_cv,full_AGL_oracle_residual_training,50000,184456,20,grid,2.4606087816350515,3.0122031249602346,1.0810849542427567,0.4734444284558006,0.564453977047129,-0.46723286340611714,0.07737837789448498,-0.22628404028705718,-0.016742974742749328,1.9933759182289343,3.0895815028547196,0.6997284687428578,0.5811969517898783
OMA_230_036,OMA,global_affine,1,Q2,strict_blocked_cv,stage1_sparse_anchors,20,184364,20,grid,2.258210373689931,3.705936341977057,-1.5749787203091217,0.7351621519245929,0.6984739370041261,0.0,0.0,0.0,0.0,,,,
OMA_230_036,OMA,constant,1,Q2,strict_blocked_cv,full_AGL_oracle_residual_training,50000,184364,20,grid,2.2820782223021308,3.608153666014005,-1.328671018804344,0.735162151924593,0.6984739370041261,-0.023867848612199705,0.09778267596305179,1.1102230246251565e-16,0.0,2.258210373689931,3.705936341977057,0.7351621519245929,0.6984739370041261
OMA_230_036,OMA,linear_xy,1,Q2,strict_blocked_cv,full_AGL_oracle_residual_training,50000,184364,20,grid,2.538346103634241,3.3441990652989326,0.08134279267357138,0.5310220242697503,0.5864261451517839,-0.2801357299443099,0.36173727667812416,-0.20414012765484257,-0.11204779185234215,2.258210373689931,3.705936341977057,0.7351621519245929,0.6984739370041261
OMA_230_036,OMA,quadratic_xy,1,Q2,strict_blocked_cv,full_AGL_oracle_residual_training,50000,184364,20,grid,2.930186310070307,3.7414520984935713,1.0528967362706183,0.23402157624645414,0.3094055434476513,-0.6719759363803761,-0.03551575651651451,-0.5011405756781387,-0.38906839355647477,2.258210373689931,3.705936341977057,0.7351621519245929,0.6984739370041261
OMA_230_036,OMA,global_affine,2,Q3,strict_blocked_cv,stage1_sparse_anchors,20,151689,20,grid,1.350831699975997,1.6153887947428724,0.6682605224492687,0.6092175892320869,0.4325105464394943,0.0,0.0,0.0,0.0,,,,
OMA_230_036,OMA,constant,2,Q3,strict_blocked_cv,full_AGL_oracle_residual_training,50000,151689,20,grid,2.0678523167156233,2.189862666102448,1.6225257052116808,0.6092175892320869,0.4325105464394943,-0.7170206167396262,-0.5744738713595756,0.0,0.0,1.350831699975997,1.6153887947428724,0.6092175892320869,0.4325105464394943
OMA_230_036,OMA,linear_xy,2,Q3,strict_blocked_cv,full_AGL_oracle_residual_training,50000,151689,20,grid,1.1020400990161967,1.6507695226571573,0.13975939113747146,0.011091313643350652,0.011637912050179704,0.24879160095980035,-0.035380727914284815,-0.5981262755887362,-0.4208726343893146,1.350831699975997,1.6153887947428724,0.6092175892320869,0.4325105464394943
OMA_230_036,OMA,quadratic_xy,2,Q3,strict_blocked_cv,full_AGL_oracle_residual_training,50000,151689,20,grid,1.3455651240665838,2.2564637972289594,-1.322895132224439,-0.20024480741026973,-0.18065643878274246,0.0052665759094132625,-0.641075002486087,-0.8094623966423566,-0.6131669852222368,1.350831699975997,1.6153887947428724,0.6092175892320869,0.4325105464394943
OMA_230_036,OMA,global_affine,3,Q4,strict_blocked_cv,stage1_sparse_anchors,20,162772,20,grid,1.5597461051211579,2.4011446942559096,-0.44029078713571507,0.7353238127950517,0.7018019873430504,0.0,0.0,0.0,0.0,,,,
OMA_230_036,OMA,constant,3,Q4,strict_blocked_cv,full_AGL_oracle_residual_training,50000,162772,20,grid,1.8478061524062572,2.371332906099059,0.2271120561121539,0.7353238127950517,0.7018019873430504,-0.2880600472850994,0.029811788156850483,0.0,0.0,1.5597461051211579,2.4011446942559096,0.7353238127950517,0.7018019873430504
OMA_230_036,OMA,linear_xy,3,Q4,strict_blocked_cv,full_AGL_oracle_residual_training,50000,162772,20,grid,1.5527160192195915,2.536021096693513,-0.6962656187674704,0.35599749061703523,0.26454223890934886,0.007030085901566396,-0.13487640243760346,-0.37932632217801643,-0.4372597484337016,1.5597461051211579,2.4011446942559096,0.7353238127950517,0.7018019873430504
OMA_230_036,OMA,quadratic_xy,3,Q4,strict_blocked_cv,full_AGL_oracle_residual_training,50000,162772,20,grid,1.603221387183655,2.211900657856898,0.09106637716714351,0.5989329386687134,0.6165244150790158,-0.04347528206249707,0.18924403639901177,-0.1363908741263382,-0.08527757226403465,1.5597461051211579,2.4011446942559096,0.7353238127950517,0.7018019873430504
OMA_248_029,OMA,global_affine,0,Q1,strict_blocked_cv,stage1_sparse_anchors,20,232629,20,grid,4.0839449521894196,4.6685407552383245,2.8487381270581653,0.804513466422838,0.7032954073116281,0.0,0.0,0.0,0.0,,,,
OMA_248_029,OMA,constant,0,Q1,strict_blocked_cv,full_AGL_oracle_residual_training,50000,232629,20,grid,4.576076775969533,5.1535732450493015,3.588781593427166,0.8045134664228379,0.7032954073116281,-0.4921318237801131,-0.485032489810977,-1.1102230246251565e-16,0.0,4.0839449521894196,4.6685407552383245,0.804513466422838,0.7032954073116281
OMA_248_029,OMA,linear_xy,0,Q1,strict_blocked_cv,full_AGL_oracle_residual_training,50000,232629,20,grid,2.6946878142765134,3.395809352921752,1.1257279737143961,0.8689187440432251,0.7474463673486812,1.3892571379129062,1.2727314023165723,0.06440527762038706,0.0441509600370531,4.0839449521894196,4.6685407552383245,0.804513466422838,0.7032954073116281
OMA_248_029,OMA,quadratic_xy,0,Q1,strict_blocked_cv,full_AGL_oracle_residual_training,50000,232629,20,grid,2.29245740711793,3.1354292481036725,-0.09617474965436411,0.8726108677396989,0.7725151169984025,1.7914875450714898,1.533111507134652,0.06809740131686082,0.06921970968677438,4.0839449521894196,4.6685407552383245,0.804513466422838,0.7032954073116281
OMA_248_029,OMA,global_affine,1,Q2,strict_blocked_cv,stage1_sparse_anchors,20,220587,20,grid,2.4595479993094975,3.032117823556276,-2.212168560559964,0.8861433026929554,0.7145863840031327,0.0,0.0,0.0,0.0,,,,
OMA_248_029,OMA,constant,1,Q2,strict_blocked_cv,full_AGL_oracle_residual_training,50000,220587,20,grid,3.266905673444576,3.782589322504479,-3.163531764836128,0.8861433026929555,0.7145863840031327,-0.8073576741350785,-0.7504714989482029,1.1102230246251565e-16,0.0,2.4595479993094975,3.032117823556276,0.8861433026929554,0.7145863840031327
OMA_248_029,OMA,linear_xy,1,Q2,strict_blocked_cv,full_AGL_oracle_residual_training,50000,220587,20,grid,1.411279234886672,1.9134153750795597,0.23948814212562322,0.946458387006746,0.6524159775033617,1.0482687644228255,1.1187024484767163,0.06031508431379062,-0.062170406499771014,2.4595479993094975,3.032117823556276,0.8861433026929554,0.7145863840031327
OMA_248_029,OMA,quadratic_xy,1,Q2,strict_blocked_cv,full_AGL_oracle_residual_training,50000,220587,20,grid,2.3833272256465245,3.163233687106562,-1.3886692029317917,0.7738638695015978,0.6997725496677054,0.07622077366297297,-0.13111586355028582,-0.11227943319135758,-0.014813834335427267,2.4595479993094975,3.032117823556276,0.8861433026929554,0.7145863840031327
OMA_248_029,OMA,global_affine,2,Q3,strict_blocked_cv,stage1_sparse_anchors,20,223458,20,grid,4.561458151886275,5.181492456473169,2.4923229029557525,0.8158486627610781,0.5403832331623614,0.0,0.0,0.0,0.0,,,,
OMA_248_029,OMA,constant,2,Q3,strict_blocked_cv,full_AGL_oracle_residual_training,50000,223458,20,grid,4.937754294178126,5.49302121862529,3.088218173053371,0.8158486627610779,0.5403832331623614,-0.37629614229185115,-0.311528762152121,-2.220446049250313e-16,0.0,4.561458151886275,5.181492456473169,0.8158486627610781,0.5403832331623614
OMA_248_029,OMA,linear_xy,2,Q3,strict_blocked_cv,full_AGL_oracle_residual_training,50000,223458,20,grid,2.922656080635485,3.866527028780376,0.325414459038073,0.9095169909180388,0.5957922674439817,1.6388020712507902,1.3149654276927931,0.09366832815696069,0.05540903428162036,4.561458151886275,5.181492456473169,0.8158486627610781,0.5403832331623614
OMA_248_029,OMA,quadratic_xy,2,Q3,strict_blocked_cv,full_AGL_oracle_residual_training,50000,223458,20,grid,4.224026550014848,4.829733971458603,2.5491783375985735,0.8542037462593757,0.5712206765999979,0.33743160187142696,0.35175848501456564,0.038355083498297526,0.030837443437636503,4.561458151886275,5.181492456473169,0.8158486627610781,0.5403832331623614
OMA_248_029,OMA,global_affine,3,Q4,strict_blocked_cv,stage1_sparse_anchors,20,227801,20,grid,3.4680996526836676,5.680784810448706,-2.5646612507905386,0.864960948975931,0.8385766924040662,0.0,0.0,0.0,0.0,,,,
OMA_248_029,OMA,constant,3,Q4,strict_blocked_cv,full_AGL_oracle_residual_training,50000,227801,20,grid,3.9935337577620253,6.220073930492211,-3.6049259312044892,0.8649609489759309,0.8385766924040662,-0.5254341050783577,-0.5392891200435042,-1.1102230246251565e-16,0.0,3.4680996526836676,5.680784810448706,0.864960948975931,0.8385766924040662
OMA_248_029,OMA,linear_xy,3,Q4,strict_blocked_cv,full_AGL_oracle_residual_training,50000,227801,20,grid,4.340024154084122,5.560153916649871,0.3766476547535416,0.8054057798285145,0.8108791735214603,-0.8719245014004544,0.12063089379883518,-0.05955516914741654,-0.027697518882605854,3.4680996526836676,5.680784810448706,0.864960948975931,0.8385766924040662
OMA_248_029,OMA,quadratic_xy,3,Q4,strict_blocked_cv,full_AGL_oracle_residual_training,50000,227801,20,grid,4.351465614153171,5.390665497663422,0.6620595137759688,0.8426776670577534,0.8340371619500616,-0.8833659614695035,0.2901193127852846,-0.022283281918177633,-0.00453953045400457,3.4680996526836676,5.680784810448706,0.864960948975931,0.8385766924040662
OMA_248_030,OMA,global_affine,0,Q1,strict_blocked_cv,stage1_sparse_anchors,20,231132,20,grid,2.4066408542445568,3.574212533058756,-1.1484848678635158,0.8674905797421193,0.7002440221699101,0.0,0.0,0.0,0.0,,,,
OMA_248_030,OMA,constant,0,Q1,strict_blocked_cv,full_AGL_oracle_residual_training,50000,231132,20,grid,2.397610717208829,3.5470386335845796,-1.060898359117758,0.8674905797421195,0.7002440221699101,0.009030137035727748,0.027173899474176366,2.220446049250313e-16,0.0,2.4066408542445568,3.574212533058756,0.8674905797421193,0.7002440221699101
OMA_248_030,OMA,linear_xy,0,Q1,strict_blocked_cv,full_AGL_oracle_residual_training,50000,231132,20,grid,3.6256369467003537,4.0403915352883875,1.9111736981701446,0.850355160134713,0.663538726602899,-1.218996092455797,-0.4661790022296315,-0.017135419607406277,-0.036705295567011076,2.4066408542445568,3.574212533058756,0.8674905797421193,0.7002440221699101
OMA_248_030,OMA,quadratic_xy,0,Q1,strict_blocked_cv,full_AGL_oracle_residual_training,50000,231132,20,grid,2.612815873419792,3.469761792105305,0.0024926029348274776,0.869127292383995,0.7607645272877854,-0.20617501917523517,0.10445074095345097,0.0016367126418757039,0.06052050511787532,2.4066408542445568,3.574212533058756,0.8674905797421193,0.7002440221699101
OMA_248_030,OMA,global_affine,1,Q2,strict_blocked_cv,stage1_sparse_anchors,20,219831,20,grid,2.9734030301253824,3.2746573014935896,1.9089472397965144,0.8126332377232145,0.4925724624404082,0.0,0.0,0.0,0.0,,,,
OMA_248_030,OMA,constant,1,Q2,strict_blocked_cv,full_AGL_oracle_residual_training,50000,219831,20,grid,3.7634136956049966,4.009779101287632,2.999837922825915,0.8126332377232147,0.4925724624404082,-0.7900106654796142,-0.735121799794042,2.220446049250313e-16,0.0,2.9734030301253824,3.2746573014935896,0.8126332377232145,0.4925724624404082
OMA_248_030,OMA,linear_xy,1,Q2,strict_blocked_cv,full_AGL_oracle_residual_training,50000,219831,20,grid,1.3515068783408857,2.403184131468916,-0.640573289181753,0.892151430645622,0.6436363691203052,1.6218961517844968,0.8714731700246734,0.07951819292240747,0.151063906679897,2.9734030301253824,3.2746573014935896,0.8126332377232145,0.4925724624404082
OMA_248_030,OMA,quadratic_xy,1,Q2,strict_blocked_cv,full_AGL_oracle_residual_training,50000,219831,20,grid,1.9997871037503072,2.665312459681713,-0.5303277063181392,0.7757794598995038,0.6626690996064614,0.9736159263750752,0.6093448418118768,-0.03685377782371069,0.17009663716605317,2.9734030301253824,3.2746573014935896,0.8126332377232145,0.4925724624404082
OMA_248_030,OMA,global_affine,2,Q3,strict_blocked_cv,stage1_sparse_anchors,20,223169,20,grid,3.767236913982669,5.4128102686502,-3.6304924538818697,0.9202216342984513,0.5775033515120419,0.0,0.0,0.0,0.0,,,,
OMA_248_030,OMA,constant,2,Q3,strict_blocked_cv,full_AGL_oracle_residual_training,50000,223169,20,grid,4.433295603028476,5.900586464432455,-4.324220285500223,0.9202216342984513,0.5775033515120419,-0.6660586890458071,-0.4877761957822546,0.0,0.0,3.767236913982669,5.4128102686502,0.9202216342984513,0.5775033515120419
OMA_248_030,OMA,linear_xy,2,Q3,strict_blocked_cv,full_AGL_oracle_residual_training,50000,223169,20,grid,2.508414607936369,4.545900990334307,-1.6177911412807187,0.9392609233538396,0.6376821369884212,1.2588223060463002,0.8669092783158936,0.01903928905538832,0.06017878547637934,3.767236913982669,5.4128102686502,0.9202216342984513,0.5775033515120419
OMA_248_030,OMA,quadratic_xy,2,Q3,strict_blocked_cv,full_AGL_oracle_residual_training,50000,223169,20,grid,2.526480072078773,4.266534185468775,-1.2377805957274088,0.9297926968641284,0.6101672771452105,1.2407568419038961,1.1462760831814256,0.00957106256567708,0.032663925633168556,3.767236913982669,5.4128102686502,0.9202216342984513,0.5775033515120419
OMA_248_030,OMA,global_affine,3,Q4,strict_blocked_cv,stage1_sparse_anchors,20,227111,20,grid,4.002952720445178,5.053113787952016,1.4136076690709714,0.7808996780956912,0.8103554878323463,0.0,0.0,0.0,0.0,,,,
OMA_248_030,OMA,constant,3,Q4,strict_blocked_cv,full_AGL_oracle_residual_training,50000,227111,20,grid,4.526859662358783,5.393955066854753,2.357769910596356,0.7808996780956913,0.8103554878323463,-0.5239069419136051,-0.34084127890273663,1.1102230246251565e-16,0.0,4.002952720445178,5.053113787952016,0.7808996780956912,0.8103554878323463
OMA_248_030,OMA,linear_xy,3,Q4,strict_blocked_cv,full_AGL_oracle_residual_training,50000,227111,20,grid,4.078870616325302,4.931380390666446,1.8657595090805108,0.8181014415339825,0.8306758205538333,-0.07591789588012432,0.12173339728557053,0.03720176343829129,0.020320332721486922,4.002952720445178,5.053113787952016,0.7808996780956912,0.8103554878323463
OMA_248_030,OMA,quadratic_xy,3,Q4,strict_blocked_cv,full_AGL_oracle_residual_training,50000,227111,20,grid,4.802325704949734,5.630517028710735,3.0255373244607844,0.789958366785168,0.812318987595421,-0.7993729845045561,-0.5774032407587191,0.00905868868947679,0.0019634997630746387,4.002952720445178,5.053113787952016,0.7808996780956912,0.8103554878323463
OMA_258_020,OMA,global_affine,0,Q1,strict_blocked_cv,stage1_sparse_anchors,20,230096,20,grid,1.2044426580860228,1.6577137572386853,0.5416880238050489,-0.0898345344501795,-0.11621665279651368,0.0,0.0,0.0,0.0,,,,
OMA_258_020,OMA,constant,0,Q1,strict_blocked_cv,full_AGL_oracle_residual_training,50000,230096,20,grid,1.3796791950107443,1.7372980072476518,0.7507432185388577,-0.0898345344501795,-0.11621665279651368,-0.17523653692472152,-0.07958425000896652,0.0,0.0,1.2044426580860228,1.6577137572386853,-0.0898345344501795,-0.11621665279651368
OMA_258_020,OMA,linear_xy,0,Q1,strict_blocked_cv,full_AGL_oracle_residual_training,50000,230096,20,grid,1.5146973160621424,1.809850419912375,0.9144904019529655,0.024702598748031768,-0.04884408789071498,-0.3102546579761196,-0.15213666267368975,0.11453713319821127,0.0673725649057987,1.2044426580860228,1.6577137572386853,-0.0898345344501795,-0.11621665279651368
OMA_258_020,OMA,quadratic_xy,0,Q1,strict_blocked_cv,full_AGL_oracle_residual_training,50000,230096,20,grid,2.778724165704043,3.696082223405669,-2.77493055159562,-0.19430883115753916,-0.11012013707229754,-1.57428150761802,-2.038368466166984,-0.10447429670735967,0.006096515724216142,1.2044426580860228,1.6577137572386853,-0.0898345344501795,-0.11621665279651368
OMA_258_020,OMA,global_affine,1,Q2,strict_blocked_cv,stage1_sparse_anchors,20,239570,20,grid,2.085716037113944,3.4882441948507377,-0.4879816556464993,0.2142834878234286,0.32313567016568095,0.0,0.0,0.0,0.0,,,,
OMA_258_020,OMA,constant,1,Q2,strict_blocked_cv,full_AGL_oracle_residual_training,50000,239570,20,grid,2.024384283892607,3.509548030262814,-0.6222587163384882,0.2142834878234286,0.32313567016568095,0.06133175322133688,-0.021303835412076477,0.0,0.0,2.085716037113944,3.4882441948507377,0.2142834878234286,0.32313567016568095
OMA_258_020,OMA,linear_xy,1,Q2,strict_blocked_cv,full_AGL_oracle_residual_training,50000,239570,20,grid,1.8100324235176677,3.866418499164285,-1.5120578734818853,-0.3521452917238507,-0.3133591911561782,0.27568361359627636,-0.37817430431354726,-0.5664287795472793,-0.6364948613218592,2.085716037113944,3.4882441948507377,0.2142834878234286,0.32313567016568095
OMA_258_020,OMA,quadratic_xy,1,Q2,strict_blocked_cv,full_AGL_oracle_residual_training,50000,239570,20,grid,2.086950281665284,3.2870004640334205,-0.15013941957891486,0.3832729232075186,0.366235891609843,-0.0012342445513398026,0.20124373081731717,0.16898943538409,0.043100221444162035,2.085716037113944,3.4882441948507377,0.2142834878234286,0.32313567016568095
OMA_258_020,OMA,global_affine,2,Q3,strict_blocked_cv,stage1_sparse_anchors,20,239934,20,grid,2.023841886592936,3.4697285798325295,-0.5198133219938573,-0.621444724075717,-0.40330901163252203,0.0,0.0,0.0,0.0,,,,
OMA_258_020,OMA,constant,2,Q3,strict_blocked_cv,full_AGL_oracle_residual_training,50000,239934,20,grid,1.9379436923326334,3.498304324279097,-0.6850712497875376,-0.621444724075717,-0.40330901163252203,0.08589819426030254,-0.02857574444656752,0.0,0.0,2.023841886592936,3.4697285798325295,-0.621444724075717,-0.40330901163252203
OMA_258_020,OMA,linear_xy,2,Q3,strict_blocked_cv,full_AGL_oracle_residual_training,50000,239934,20,grid,2.148504595438694,4.096734442105102,-2.11246645365448,-0.21935740763946104,-0.14753064409768207,-0.12466270884575792,-0.6270058622725729,0.402087316436256,0.25577836753483996,2.023841886592936,3.4697285798325295,-0.621444724075717,-0.40330901163252203
OMA_258_020,OMA,quadratic_xy,2,Q3,strict_blocked_cv,full_AGL_oracle_residual_training,50000,239934,20,grid,2.378737443918812,3.539124041850783,0.14253026700822877,0.03369069993244434,0.04027489939402742,-0.3548955573258761,-0.06939546201825353,0.6551354240081614,0.4435839110265494,2.023841886592936,3.4697285798325295,-0.621444724075717,-0.40330901163252203
OMA_258_020,OMA,global_affine,3,Q4,strict_blocked_cv,stage1_sparse_anchors,20,239158,20,grid,1.5886811222519441,2.0749637527997615,0.4081537596822049,-0.26078965342397353,-0.23759740081000733,0.0,0.0,0.0,0.0,,,,
OMA_258_020,OMA,constant,3,Q4,strict_blocked_cv,full_AGL_oracle_residual_training,50000,239158,20,grid,1.7241580227658635,2.123794545351978,0.6096049433663281,-0.2607896534239736,-0.23759740081000733,-0.13547690051391936,-0.04883079255221645,-5.551115123125783e-17,0.0,1.5886811222519441,2.0749637527997615,-0.26078965342397353,-0.23759740081000733
OMA_258_020,OMA,linear_xy,3,Q4,strict_blocked_cv,full_AGL_oracle_residual_training,50000,239158,20,grid,2.6770766406809248,2.849545617158108,1.9180193979921905,-0.0919407140159613,-0.14963456384269447,-1.0883955184289806,-0.7745818643583466,0.16884893940801224,0.08796283696731286,1.5886811222519441,2.0749637527997615,-0.26078965342397353,-0.23759740081000733
OMA_258_020,OMA,quadratic_xy,3,Q4,strict_blocked_cv,full_AGL_oracle_residual_training,50000,239158,20,grid,3.150710869846143,3.5934589628961846,2.4464550330689376,-0.07123061542465584,-0.1169752730254495,-1.5620297475941987,-1.518495210096423,0.1895590379993177,0.12062212778455783,1.5886811222519441,2.0749637527997615,-0.26078965342397353,-0.23759740081000733
OMA_269_035,OMA,global_affine,0,Q1,strict_blocked_cv,stage1_sparse_anchors,20,182246,20,grid,1.2638388755222638,2.097474014490214,-0.09746664540722003,0.7078300168836784,0.6067472765737074,0.0,0.0,0.0,0.0,,,,
OMA_269_035,OMA,constant,0,Q1,strict_blocked_cv,full_AGL_oracle_residual_training,50000,182246,20,grid,1.5955493684502216,2.185439046572367,0.6214871935835675,0.7078300168836784,0.6067472765737074,-0.33171049292795773,-0.087965032082153,0.0,0.0,1.2638388755222638,2.097474014490214,0.7078300168836784,0.6067472765737074
OMA_269_035,OMA,linear_xy,0,Q1,strict_blocked_cv,full_AGL_oracle_residual_training,50000,182246,20,grid,1.3232400476282598,2.093755269784036,0.09391934835524746,0.7123764434427555,0.626917338972954,-0.059401172105995936,0.0037187447061781675,0.00454642655907711,0.02017006239924657,1.2638388755222638,2.097474014490214,0.7078300168836784,0.6067472765737074
OMA_269_035,OMA,quadratic_xy,0,Q1,strict_blocked_cv,full_AGL_oracle_residual_training,50000,182246,20,grid,1.1560693127563593,2.103650738796658,-0.4018248234070235,0.7185743325791585,0.6540286925113934,0.10776956276590455,-0.006176724306444115,0.010744315695480067,0.04728141593768598,1.2638388755222638,2.097474014490214,0.7078300168836784,0.6067472765737074
OMA_269_035,OMA,global_affine,1,Q2,strict_blocked_cv,stage1_sparse_anchors,20,163037,20,grid,1.4172526042091889,2.045167968568761,-1.1329745808945535,0.7593278196703805,0.6804051802375313,0.0,0.0,0.0,0.0,,,,
OMA_269_035,OMA,constant,1,Q2,strict_blocked_cv,full_AGL_oracle_residual_training,50000,163037,20,grid,1.2010143979718428,1.8521451575695023,-0.7289451735224488,0.7593278196703808,0.6804051802375313,0.21623820623734602,0.19302281099925866,2.220446049250313e-16,0.0,1.4172526042091889,2.045167968568761,0.7593278196703805,0.6804051802375313
OMA_269_035,OMA,linear_xy,1,Q2,strict_blocked_cv,full_AGL_oracle_residual_training,50000,163037,20,grid,1.2180834122490798,1.6895016483095675,0.22727374461965122,0.7704410618986509,0.6981644102851254,0.19916919196010907,0.3556663202591934,0.01111324222827037,0.017759230047594166,1.4172526042091889,2.045167968568761,0.7593278196703805,0.6804051802375313
OMA_269_035,OMA,quadratic_xy,1,Q2,strict_blocked_cv,full_AGL_oracle_residual_training,50000,163037,20,grid,1.3019345612443531,1.738560297027623,0.44119922290725916,0.7653759416067423,0.6881528146481682,0.11531804296483572,0.3066076715411379,0.006048121936361728,0.007747634410636972,1.4172526042091889,2.045167968568761,0.7593278196703805,0.6804051802375313
OMA_269_035,OMA,global_affine,2,Q3,strict_blocked_cv,stage1_sparse_anchors,20,196558,20,grid,1.4398366059350838,2.0572039849442643,0.016530684942790756,0.7214152088210981,0.7186907359190355,0.0,0.0,0.0,0.0,,,,
OMA_269_035,OMA,constant,2,Q3,strict_blocked_cv,full_AGL_oracle_residual_training,50000,196558,20,grid,1.7580865219318873,2.211917713538674,0.8128745286575734,0.7214152088210981,0.7186907359190355,-0.3182499159968035,-0.1547137285944098,0.0,0.0,1.4398366059350838,2.0572039849442643,0.7214152088210981,0.7186907359190355
OMA_269_035,OMA,linear_xy,2,Q3,strict_blocked_cv,full_AGL_oracle_residual_training,50000,196558,20,grid,1.4358314300899224,2.004988057470831,0.0999270068230855,0.7429252563491506,0.7436924376022733,0.004005175845161357,0.052215927473433066,0.021510047528052523,0.025001701683237787,1.4398366059350838,2.0572039849442643,0.7214152088210981,0.7186907359190355
OMA_269_035,OMA,quadratic_xy,2,Q3,strict_blocked_cv,full_AGL_oracle_residual_training,50000,196558,20,grid,1.6894142338835305,2.1582655511244067,0.6727213673362407,0.7237673074855349,0.7156189795487086,-0.24957762794844673,-0.10106156618014239,0.0023520986644367525,-0.0030717563703269724,1.4398366059350838,2.0572039849442643,0.7214152088210981,0.7186907359190355
OMA_269_035,OMA,global_affine,3,Q4,strict_blocked_cv,stage1_sparse_anchors,20,192406,20,grid,1.7871100394629387,2.7999349684677743,-1.1388400935149443,0.6370045587920228,0.6930751918059963,0.0,0.0,0.0,0.0,,,,
OMA_269_035,OMA,constant,3,Q4,strict_blocked_cv,full_AGL_oracle_residual_training,50000,192406,20,grid,1.6542473530978796,2.6723148715375062,-0.7736844987389946,0.6370045587920228,0.6930751918059963,0.13286268636505905,0.1276200969302681,0.0,0.0,1.7871100394629387,2.7999349684677743,0.6370045587920228,0.6930751918059963
OMA_269_035,OMA,linear_xy,3,Q4,strict_blocked_cv,full_AGL_oracle_residual_training,50000,192406,20,grid,1.6995623885960744,2.5477295197752143,0.014819541353573886,0.6408217258883823,0.7094648407334514,0.08754765086686422,0.25220544869256,0.003817167096359486,0.01638964892745509,1.7871100394629387,2.7999349684677743,0.6370045587920228,0.6930751918059963
OMA_269_035,OMA,quadratic_xy,3,Q4,strict_blocked_cv,full_AGL_oracle_residual_training,50000,192406,20,grid,1.6594450199898538,2.5156060566750362,-0.11610310499250451,0.6552723494623428,0.7238481559227571,0.12766501947308484,0.2843289117927381,0.018267790670320028,0.03077296411676078,1.7871100394629387,2.7999349684677743,0.6370045587920228,0.6930751918059963
OMA_281_002,OMA,global_affine,0,Q1,strict_blocked_cv,stage1_sparse_anchors,20,197062,20,grid,1.1550460247447674,2.0800251957701072,-0.7040876918683837,0.4581774312884122,0.345311044568065,0.0,0.0,0.0,0.0,,,,
OMA_281_002,OMA,constant,0,Q1,strict_blocked_cv,full_AGL_oracle_residual_training,50000,197062,20,grid,1.2780437171726915,1.9776133757690129,0.2831772003932981,0.4581774312884121,0.345311044568065,-0.12299769242792413,0.10241182000109439,-1.1102230246251565e-16,0.0,1.1550460247447674,2.0800251957701072,0.4581774312884122,0.345311044568065
OMA_281_002,OMA,linear_xy,0,Q1,strict_blocked_cv,full_AGL_oracle_residual_training,50000,197062,20,grid,1.8509769520448023,2.3622324895272575,1.030796302763665,0.3425527876217862,0.23543108938980833,-0.6959309273000349,-0.28220729375715026,-0.115624643666626,-0.10987995517825666,1.1550460247447674,2.0800251957701072,0.4581774312884122,0.345311044568065
OMA_281_002,OMA,quadratic_xy,0,Q1,strict_blocked_cv,full_AGL_oracle_residual_training,50000,197062,20,grid,2.764918099785331,3.680865445849085,-2.280879067834609,0.33124465530988867,0.3173381435952096,-1.6098720750405635,-1.6008402500789778,-0.12693277597852354,-0.027972900972855375,1.1550460247447674,2.0800251957701072,0.4581774312884122,0.345311044568065
OMA_281_002,OMA,global_affine,1,Q2,strict_blocked_cv,stage1_sparse_anchors,20,225506,20,grid,3.8194106361477793,7.641859455025397,-2.92973406244051,0.8732281956624368,0.8071011562656086,0.0,0.0,0.0,0.0,,,,
OMA_281_002,OMA,constant,1,Q2,strict_blocked_cv,full_AGL_oracle_residual_training,50000,225506,20,grid,3.8375171871851115,7.553552861710481,-2.691001036959613,0.8732281956624367,0.8071011562656086,-0.018106551037332164,0.08830659331491653,-1.1102230246251565e-16,0.0,3.8194106361477793,7.641859455025397,0.8732281956624368,0.8071011562656086
OMA_281_002,OMA,linear_xy,1,Q2,strict_blocked_cv,full_AGL_oracle_residual_training,50000,225506,20,grid,3.8826164738470745,7.65473458612306,-2.8037516365048374,0.8635340731714404,0.7800142796921954,-0.06320583769929522,-0.012875131097662695,-0.009694122490996437,-0.027086876573413243,3.8194106361477793,7.641859455025397,0.8732281956624368,0.8071011562656086
OMA_281_002,OMA,quadratic_xy,1,Q2,strict_blocked_cv,full_AGL_oracle_residual_training,50000,225506,20,grid,3.821050154095816,7.5557086402359745,-2.6446960414264127,0.8794299374683467,0.8198191832392324,-0.0016395179480368505,0.08615081478942255,0.006201741805909933,0.012718026973623786,3.8194106361477793,7.641859455025397,0.8732281956624368,0.8071011562656086
OMA_281_002,OMA,global_affine,2,Q3,strict_blocked_cv,stage1_sparse_anchors,20,227329,20,grid,2.518569471778133,6.09460880894174,-0.3154184302044996,0.5612824326423698,0.5466821448808319,0.0,0.0,0.0,0.0,,,,
OMA_281_002,OMA,constant,2,Q3,strict_blocked_cv,full_AGL_oracle_residual_training,50000,227329,20,grid,2.93314469398892,6.138606349310507,0.7985738312001457,0.5612824326423698,0.5466821448808319,-0.41457522221078724,-0.043997540368766686,0.0,0.0,2.518569471778133,6.09460880894174,0.5612824326423698,0.5466821448808319
OMA_281_002,OMA,linear_xy,2,Q3,strict_blocked_cv,full_AGL_oracle_residual_training,50000,227329,20,grid,2.5041227019478653,6.238194227499393,-1.2987537799802542,0.5497849538279154,0.5094685505521762,0.014446769830267492,-0.1435854185576524,-0.011497478814454398,-0.037213594328655675,2.518569471778133,6.09460880894174,0.5612824326423698,0.5466821448808319
OMA_281_002,OMA,quadratic_xy,2,Q3,strict_blocked_cv,full_AGL_oracle_residual_training,50000,227329,20,grid,2.6277779968994226,6.184218582467549,-0.16629113200609769,0.5793681857075953,0.6105415380324273,-0.10920852512128976,-0.08960977352580901,0.01808575306522553,0.06385939315159539,2.518569471778133,6.09460880894174,0.5612824326423698,0.5466821448808319
OMA_281_002,OMA,global_affine,3,Q4,strict_blocked_cv,stage1_sparse_anchors,20,230990,20,grid,2.63688967799326,3.2399216010881573,0.3279962500543063,0.7851999529406427,0.6902493615983325,0.0,0.0,0.0,0.0,,,,
OMA_281_002,OMA,constant,3,Q4,strict_blocked_cv,full_AGL_oracle_residual_training,50000,230990,20,grid,3.229923955261762,3.638386571149182,1.6877044764918825,0.7851999529406428,0.6902493615983325,-0.5930342772685022,-0.39846497006102455,1.1102230246251565e-16,0.0,2.63688967799326,3.2399216010881573,0.7851999529406427,0.6902493615983325
OMA_281_002,OMA,linear_xy,3,Q4,strict_blocked_cv,full_AGL_oracle_residual_training,50000,230990,20,grid,4.044952206012797,4.467120159733745,3.0512467460795634,0.7595181651667091,0.6534932671812103,-1.4080625280195376,-1.2271985586455876,-0.025681787773933595,-0.03675609441712224,2.63688967799326,3.2399216010881573,0.7851999529406427,0.6902493615983325
OMA_281_002,OMA,quadratic_xy,3,Q4,strict_blocked_cv,full_AGL_oracle_residual_training,50000,230990,20,grid,5.870362014118688,6.627449591636717,5.284182591854239,0.4773459403878138,0.4056600867529138,-3.233472336125428,-3.3875279905485596,-0.3078540125528289,-0.2845892748454187,2.63688967799326,3.2399216010881573,0.7851999529406427,0.6902493615983325
OMA_281_030,OMA,global_affine,0,Q1,strict_blocked_cv,stage1_sparse_anchors,20,197648,20,grid,1.2732952202127994,1.9778256976969983,-0.11710493185146646,0.577492256406256,0.4415541867030053,0.0,0.0,0.0,0.0,,,,
OMA_281_030,OMA,constant,0,Q1,strict_blocked_cv,full_AGL_oracle_residual_training,50000,197648,20,grid,1.279917017451725,2.0202029611629135,-0.42794751884398435,0.577492256406256,0.4415541867030053,-0.006621797238925531,-0.042377263465915194,0.0,0.0,1.2732952202127994,1.9778256976969983,0.577492256406256,0.4415541867030053
OMA_281_030,OMA,linear_xy,0,Q1,strict_blocked_cv,full_AGL_oracle_residual_training,50000,197648,20,grid,1.2331169322173592,1.8285282541231387,0.382338492415288,0.6367294724203212,0.43469465150385883,0.04017828799544021,0.14929744357385966,0.059237216014065175,-0.006859535199146449,1.2732952202127994,1.9778256976969983,0.577492256406256,0.4415541867030053
OMA_281_030,OMA,quadratic_xy,0,Q1,strict_blocked_cv,full_AGL_oracle_residual_training,50000,197648,20,grid,1.0037967938316994,1.8059384586657823,-0.2883736823547764,0.6521107428180215,0.4382506217098983,0.2694984263811,0.17188723903121605,0.0746184864117655,-0.0033035649931069666,1.2732952202127994,1.9778256976969983,0.577492256406256,0.4415541867030053
OMA_281_030,OMA,global_affine,1,Q2,strict_blocked_cv,stage1_sparse_anchors,20,224538,20,grid,2.444729586611425,3.5077837363893734,1.535139060928378,0.9362293719732864,0.7738475892135898,0.0,0.0,0.0,0.0,,,,
OMA_281_030,OMA,constant,1,Q2,strict_blocked_cv,full_AGL_oracle_residual_training,50000,224538,20,grid,2.647140446577915,3.651957493001198,1.840896174638284,0.9362293719732864,0.7738475892135898,-0.20241085996649,-0.14417375661182463,0.0,0.0,2.444729586611425,3.5077837363893734,0.9362293719732864,0.7738475892135898
OMA_281_030,OMA,linear_xy,1,Q2,strict_blocked_cv,full_AGL_oracle_residual_training,50000,224538,20,grid,1.8873045140724167,3.1927981347301793,-0.15961498944458685,0.934784729636339,0.7707272474298418,0.5574250725390082,0.3149856016591941,-0.0014446423369474104,-0.003120341783747982,2.444729586611425,3.5077837363893734,0.9362293719732864,0.7738475892135898
OMA_281_030,OMA,quadratic_xy,1,Q2,strict_blocked_cv,full_AGL_oracle_residual_training,50000,224538,20,grid,1.984792630708593,3.2482930871071822,0.7558164967864824,0.9360694302047814,0.7824482363200664,0.4599369559028319,0.2594906492821911,-0.00015994176850497865,0.008600647106476678,2.444729586611425,3.5077837363893734,0.9362293719732864,0.7738475892135898
OMA_281_030,OMA,global_affine,2,Q3,strict_blocked_cv,stage1_sparse_anchors,20,226586,20,grid,2.6707508382641505,5.806055445926649,-1.1904985843819462,0.6079134121459921,0.573640072085336,0.0,0.0,0.0,0.0,,,,
OMA_281_030,OMA,constant,2,Q3,strict_blocked_cv,full_AGL_oracle_residual_training,50000,226586,20,grid,3.04114697799289,5.98632789158097,-1.8823200216119407,0.6079134121459921,0.573640072085336,-0.37039613972873964,-0.180272445654321,0.0,0.0,2.6707508382641505,5.806055445926649,0.6079134121459921,0.573640072085336
OMA_281_030,OMA,linear_xy,2,Q3,strict_blocked_cv,full_AGL_oracle_residual_training,50000,226586,20,grid,2.263410465555906,5.623640472632442,-0.340474223783554,0.6158177134265095,0.6030686422970615,0.4073403727082443,0.18241497329420753,0.007904301280517334,0.029428570211725513,2.6707508382641505,5.806055445926649,0.6079134121459921,0.573640072085336
OMA_281_030,OMA,quadratic_xy,2,Q3,strict_blocked_cv,full_AGL_oracle_residual_training,50000,226586,20,grid,2.1353827581535305,5.5820734981617,0.16320892085926658,0.6192012207182372,0.6333844065936028,0.53536808011062,0.2239819477649494,0.011287808572245095,0.05974433450826688,2.6707508382641505,5.806055445926649,0.6079134121459921,0.573640072085336
OMA_281_030,OMA,global_affine,3,Q4,strict_blocked_cv,stage1_sparse_anchors,20,231688,20,grid,1.456333882962629,2.139406810894636,0.5204918850309241,0.8994630158716106,0.7222055216620173,0.0,0.0,0.0,0.0,,,,
OMA_281_030,OMA,constant,3,Q4,strict_blocked_cv,full_AGL_oracle_residual_training,50000,231688,20,grid,1.426165291238905,2.1186638181131623,0.42730161954119683,0.8994630158716106,0.7222055216620173,0.030168591723723992,0.020742992781473735,0.0,0.0,1.456333882962629,2.139406810894636,0.8994630158716106,0.7222055216620173
OMA_281_030,OMA,linear_xy,3,Q4,strict_blocked_cv,full_AGL_oracle_residual_training,50000,231688,20,grid,1.396562263742282,2.1144370518170343,-0.3481245308137069,0.8999756388240296,0.7407708674417146,0.059771619220346794,0.024969759077601683,0.0005126229524190506,0.018565345779697262,1.456333882962629,2.139406810894636,0.8994630158716106,0.7222055216620173
OMA_281_030,OMA,quadratic_xy,3,Q4,strict_blocked_cv,full_AGL_oracle_residual_training,50000,231688,20,grid,2.142457753628442,2.7116961135209534,-1.7135608254565087,0.8968199593326053,0.7416424242183441,-0.6861238706658133,-0.5722893026263174,-0.0026430565390053173,0.019436902556326796,1.456333882962629,2.139406810894636,0.8994630158716106,0.7222055216620173
OMA_315_019,OMA,global_affine,0,Q1,strict_blocked_cv,stage1_sparse_anchors,20,186240,20,grid,2.783117155758928,3.8977169081495573,-1.7449482320598606,0.4899661023911509,0.5684091520547115,0.0,0.0,0.0,0.0,,,,
OMA_315_019,OMA,constant,0,Q1,strict_blocked_cv,full_AGL_oracle_residual_training,50000,186240,20,grid,2.7788038531987014,3.567833062251198,-0.7629416731222969,0.489966102391151,0.5684091520547115,0.00431330256022644,0.3298838458983595,1.1102230246251565e-16,0.0,2.783117155758928,3.8977169081495573,0.4899661023911509,0.5684091520547115
OMA_315_019,OMA,linear_xy,0,Q1,strict_blocked_cv,full_AGL_oracle_residual_training,50000,186240,20,grid,2.844221708208643,3.9612385417406166,-1.6985567933630454,0.4448738455018847,0.5739347391609317,-0.06110455244971513,-0.06352163359105933,-0.04509225688926621,0.005525587106220198,2.783117155758928,3.8977169081495573,0.4899661023911509,0.5684091520547115
OMA_315_019,OMA,quadratic_xy,0,Q1,strict_blocked_cv,full_AGL_oracle_residual_training,50000,186240,20,grid,4.007913587797204,5.290406003942204,-3.70872270654574,0.33721575571810636,0.34756344680051665,-1.2247964320382763,-1.3926890957926465,-0.15275034667304455,-0.2208457052541949,2.783117155758928,3.8977169081495573,0.4899661023911509,0.5684091520547115
OMA_315_019,OMA,global_affine,1,Q2,strict_blocked_cv,stage1_sparse_anchors,20,186327,20,grid,2.2483165275038086,3.1607933281818994,-2.0903621547009372,0.820089566880162,0.8091369019243009,0.0,0.0,0.0,0.0,,,,
OMA_315_019,OMA,constant,1,Q2,strict_blocked_cv,full_AGL_oracle_residual_training,50000,186327,20,grid,1.7899046616222631,2.653272008603356,-1.191155668233512,0.820089566880162,0.8091369019243009,0.4584118658815455,0.5075213195785433,0.0,0.0,2.2483165275038086,3.1607933281818994,0.820089566880162,0.8091369019243009
OMA_315_019,OMA,linear_xy,1,Q2,strict_blocked_cv,full_AGL_oracle_residual_training,50000,186327,20,grid,2.479407927245935,2.8669339308284076,1.727376768087046,0.8262226266399617,0.8120304410777355,-0.23109139974212622,0.29385939735349176,0.006133059759799719,0.002893539153434599,2.2483165275038086,3.1607933281818994,0.820089566880162,0.8091369019243009
OMA_315_019,OMA,quadratic_xy,1,Q2,strict_blocked_cv,full_AGL_oracle_residual_training,50000,186327,20,grid,2.6873509119851335,3.0153112220076266,1.963817268606304,0.8358935897935766,0.781722848887674,-0.4390343844813249,0.14548210617427282,0.01580402291341465,-0.027414053036626918,2.2483165275038086,3.1607933281818994,0.820089566880162,0.8091369019243009
OMA_315_019,OMA,global_affine,2,Q3,strict_blocked_cv,stage1_sparse_anchors,20,168776,20,grid,2.6398216668238517,3.0581026614742437,0.6923658737459994,0.49069896457835377,0.5667601912470028,0.0,0.0,0.0,0.0,,,,
OMA_315_019,OMA,constant,2,Q3,strict_blocked_cv,full_AGL_oracle_residual_training,50000,168776,20,grid,3.6324911462979896,3.882894044519415,2.4908321452832887,0.49069896457835366,0.5667601912470028,-0.992669479474138,-0.8247913830451714,-1.1102230246251565e-16,0.0,2.6398216668238517,3.0581026614742437,0.49069896457835377,0.5667601912470028
OMA_315_019,OMA,linear_xy,2,Q3,strict_blocked_cv,full_AGL_oracle_residual_training,50000,168776,20,grid,2.8582612796199935,3.130778967181037,1.3276571169921216,0.6123343746646968,0.6297617596562565,-0.21843961279614188,-0.07267630570679318,0.12163541008634299,0.06300156840925364,2.6398216668238517,3.0581026614742437,0.49069896457835377,0.5667601912470028
OMA_315_019,OMA,quadratic_xy,2,Q3,strict_blocked_cv,full_AGL_oracle_residual_training,50000,168776,20,grid,4.438404030682325,4.859038323516965,3.232579996423581,0.11909922348117308,0.18911790304715656,-1.7985823638584737,-1.8009356620427215,-0.3715997410971807,-0.37764228819984624,2.6398216668238517,3.0581026614742437,0.49069896457835377,0.5667601912470028
OMA_315_019,OMA,global_affine,3,Q4,strict_blocked_cv,stage1_sparse_anchors,20,173306,20,grid,2.128897581517363,3.7451517716681444,-1.5070247822934957,0.8988536514792178,0.7074689309979352,0.0,0.0,0.0,0.0,,,,
OMA_315_019,OMA,constant,3,Q4,strict_blocked_cv,full_AGL_oracle_residual_training,50000,173306,20,grid,2.431886625195697,3.447820871344618,-0.36391023961586655,0.8988536514792176,0.7074689309979352,-0.302989043678334,0.2973309003235265,-2.220446049250313e-16,0.0,2.128897581517363,3.7451517716681444,0.8988536514792178,0.7074689309979352
OMA_315_019,OMA,linear_xy,3,Q4,strict_blocked_cv,full_AGL_oracle_residual_training,50000,173306,20,grid,2.31235295931944,3.2425525791552112,-0.40325632815088763,0.8982906960838533,0.7520797654291783,-0.1834553778020771,0.5025991925129332,-0.0005629553953645505,0.04461083443124314,2.128897581517363,3.7451517716681444,0.8988536514792178,0.7074689309979352
OMA_315_019,OMA,quadratic_xy,3,Q4,strict_blocked_cv,full_AGL_oracle_residual_training,50000,173306,20,grid,2.853188739151033,3.3352512158822205,0.5349992379841342,0.8828400137212711,0.7610528752607126,-0.7242911576336701,0.4099005557859239,-0.01601363775794673,0.05358394426277746,2.128897581517363,3.7451517716681444,0.8988536514792178,0.7074689309979352
OMA_315_020,OMA,global_affine,0,Q1,strict_blocked_cv,stage1_sparse_anchors,20,190326,20,grid,2.5270197892041772,3.5220613334012674,-1.604800568362749,0.6259682690151016,0.6666304211953973,0.0,0.0,0.0,0.0,,,,
OMA_315_020,OMA,constant,0,Q1,strict_blocked_cv,full_AGL_oracle_residual_training,50000,190326,20,grid,2.577669313111516,3.144181961075122,-0.23737951117838144,0.6259682690151016,0.6666304211953973,-0.05064952390733879,0.37787937232614555,0.0,0.0,2.5270197892041772,3.5220613334012674,0.6259682690151016,0.6666304211953973
OMA_315_020,OMA,linear_xy,0,Q1,strict_blocked_cv,full_AGL_oracle_residual_training,50000,190326,20,grid,2.4209766347650676,3.2849341143453175,-1.227796377627224,0.662731187155871,0.6937921919870979,0.10604315443910961,0.2371272190559499,0.036762918140769374,0.027161770791700568,2.5270197892041772,3.5220613334012674,0.6259682690151016,0.6666304211953973
OMA_315_020,OMA,quadratic_xy,0,Q1,strict_blocked_cv,full_AGL_oracle_residual_training,50000,190326,20,grid,3.4322138219276517,4.480370590816938,-3.2055407751862153,0.6169698158155743,0.6344760082016605,-0.9051940327234744,-0.9583092574156709,-0.008998453199527301,-0.03215441299373678,2.5270197892041772,3.5220613334012674,0.6259682690151016,0.6666304211953973
OMA_315_020,OMA,global_affine,1,Q2,strict_blocked_cv,stage1_sparse_anchors,20,187164,20,grid,1.5512111968430762,2.49634298817289,-0.7164104478053915,0.8599050637621104,0.8550734089532234,0.0,0.0,0.0,0.0,,,,
OMA_315_020,OMA,constant,1,Q2,strict_blocked_cv,full_AGL_oracle_residual_training,50000,187164,20,grid,2.1460262120462414,2.576688430349348,0.9596035026097784,0.8599050637621104,0.8550734089532234,-0.5948150152031653,-0.080345442176458,0.0,0.0,1.5512111968430762,2.49634298817289,0.8599050637621104,0.8550734089532234
OMA_315_020,OMA,linear_xy,1,Q2,strict_blocked_cv,full_AGL_oracle_residual_training,50000,187164,20,grid,2.216074841266699,2.6119569377603544,1.118481011374464,0.8654853475694966,0.8582820913917847,-0.6648636444236227,-0.1156139495874644,0.005580283807386177,0.0032086824385613166,1.5512111968430762,2.49634298817289,0.8599050637621104,0.8550734089532234
OMA_315_020,OMA,quadratic_xy,1,Q2,strict_blocked_cv,full_AGL_oracle_residual_training,50000,187164,20,grid,2.4052818982068302,2.7931935140475987,1.2538087128422912,0.840920735187588,0.8373561204596789,-0.8540707013637541,-0.2968505258747087,-0.01898432857452237,-0.01771728849354448,1.5512111968430762,2.49634298817289,0.8599050637621104,0.8550734089532234
OMA_315_020,OMA,global_affine,2,Q3,strict_blocked_cv,stage1_sparse_anchors,20,169040,20,grid,1.9961409926937315,3.258345807278953,-1.8314831271238485,0.7389120394418554,0.747241134089655,0.0,0.0,0.0,0.0,,,,
OMA_315_020,OMA,constant,2,Q3,strict_blocked_cv,full_AGL_oracle_residual_training,50000,169040,20,grid,2.0376505334937756,2.743529296744048,-0.5142626247550088,0.7389120394418554,0.747241134089655,-0.0415095408000441,0.5148165105349047,0.0,0.0,1.9961409926937315,3.258345807278953,0.7389120394418554,0.747241134089655
OMA_315_020,OMA,linear_xy,2,Q3,strict_blocked_cv,full_AGL_oracle_residual_training,50000,169040,20,grid,2.35458053242248,2.757835058093855,0.2729249103892275,0.7036243619129985,0.7154343357572317,-0.35843953972874876,0.5005107491850977,-0.035287677528856864,-0.03180679833242328,1.9961409926937315,3.258345807278953,0.7389120394418554,0.747241134089655
OMA_315_020,OMA,quadratic_xy,2,Q3,strict_blocked_cv,full_AGL_oracle_residual_training,50000,169040,20,grid,3.5687369706677496,3.8512189966732078,1.924477100402606,0.392981939859362,0.4834364608774184,-1.5725959779740182,-0.5928731893942549,-0.3459300995824934,-0.2638046732122366,1.9961409926937315,3.258345807278953,0.7389120394418554,0.747241134089655
OMA_315_020,OMA,global_affine,3,Q4,strict_blocked_cv,stage1_sparse_anchors,20,171001,20,grid,2.0591081181756388,3.086865028638553,-1.6394333966896935,0.877807599736623,0.6925346814015311,0.0,0.0,0.0,0.0,,,,
OMA_315_020,OMA,constant,3,Q4,strict_blocked_cv,full_AGL_oracle_residual_training,50000,171001,20,grid,1.7292761075538146,2.628685996069899,-0.2626713213957913,0.877807599736623,0.6925346814015311,0.3298320106218242,0.4581790325686539,0.0,0.0,2.0591081181756388,3.086865028638553,0.877807599736623,0.6925346814015311
OMA_315_020,OMA,linear_xy,3,Q4,strict_blocked_cv,full_AGL_oracle_residual_training,50000,171001,20,grid,2.3064156776769313,2.7785235426242725,0.6865098524776192,0.8748468347711318,0.69089647082884,-0.24730755950129257,0.30834148601428035,-0.002960764965491247,-0.00163821057269109,2.0591081181756388,3.086865028638553,0.877807599736623,0.6925346814015311
OMA_315_020,OMA,quadratic_xy,3,Q4,strict_blocked_cv,full_AGL_oracle_residual_training,50000,171001,20,grid,3.4229501628365178,3.686706917437472,2.1932218150418668,0.8337680150534758,0.6260808620787576,-1.363842044660879,-0.599841888798919,-0.04403958468314728,-0.0664538193227735,2.0591081181756388,3.086865028638553,0.877807599736623,0.6925346814015311
OMA_332_037,OMA,global_affine,0,Q1,strict_blocked_cv,stage1_sparse_anchors,20,224807,20,grid,2.6425238046614705,3.551291938377618,0.338940209637419,-0.15724612192853168,-0.0731987203607676,0.0,0.0,0.0,0.0,,,,
OMA_332_037,OMA,constant,0,Q1,strict_blocked_cv,full_AGL_oracle_residual_training,50000,224807,20,grid,2.440012239113093,3.5361717114431355,-0.0878430813090735,-0.1572461219285317,-0.0731987203607676,0.20251156554837735,0.01512022693448234,-2.7755575615628914e-17,0.0,2.6425238046614705,3.551291938377618,-0.15724612192853168,-0.0731987203607676
OMA_332_037,OMA,linear_xy,0,Q1,strict_blocked_cv,full_AGL_oracle_residual_training,50000,224807,20,grid,2.8355574183345014,3.5458440130902713,0.6803525963812909,-0.2975133819029603,-0.2832353200355052,-0.19303361367303085,0.0054479252873465,-0.1402672599744286,-0.21003659967473762,2.6425238046614705,3.551291938377618,-0.15724612192853168,-0.0731987203607676
OMA_332_037,OMA,quadratic_xy,0,Q1,strict_blocked_cv,full_AGL_oracle_residual_training,50000,224807,20,grid,2.9600075738067506,4.601191043517692,-1.7872208875567124,-0.38075621135927634,-0.3862745132680842,-0.3174837691452801,-1.049899105140074,-0.22351008943074466,-0.3130757929073166,2.6425238046614705,3.551291938377618,-0.15724612192853168,-0.0731987203607676
OMA_332_037,OMA,global_affine,1,Q2,strict_blocked_cv,stage1_sparse_anchors,20,230577,20,grid,4.050049616777364,4.879671179299809,1.701342485889338,-0.4194962624953375,-0.40144522057418003,0.0,0.0,0.0,0.0,,,,
OMA_332_037,OMA,constant,1,Q2,strict_blocked_cv,full_AGL_oracle_residual_training,50000,230577,20,grid,4.062665489981703,4.8868234231430465,1.7217487055846605,-0.41949626249533756,-0.40144522057418003,-0.012615873204339323,-0.007152243843237649,-5.551115123125783e-17,0.0,4.050049616777364,4.879671179299809,-0.4194962624953375,-0.40144522057418003
OMA_332_037,OMA,linear_xy,1,Q2,strict_blocked_cv,full_AGL_oracle_residual_training,50000,230577,20,grid,2.462909292488855,4.628566756024028,-1.1562042530934225,-0.5844930223936371,-0.5080494969094216,1.5871403242885087,0.2511044232757813,-0.1649967598982996,-0.10660427633524155,4.050049616777364,4.879671179299809,-0.4194962624953375,-0.40144522057418003
OMA_332_037,OMA,quadratic_xy,1,Q2,strict_blocked_cv,full_AGL_oracle_residual_training,50000,230577,20,grid,2.3988404030585597,4.7588580690566324,-1.5751544731739773,-0.47820074946076946,-0.37919358722432545,1.6512092137188041,0.12081311024317642,-0.05870448696543196,0.022251633349854583,4.050049616777364,4.879671179299809,-0.4194962624953375,-0.40144522057418003
OMA_332_037,OMA,global_affine,2,Q3,strict_blocked_cv,stage1_sparse_anchors,20,220031,20,grid,3.0578862947956966,4.875370460013643,-1.8447897755681903,-0.39854016634582945,-0.5569878461147146,0.0,0.0,0.0,0.0,,,,
OMA_332_037,OMA,constant,2,Q3,strict_blocked_cv,full_AGL_oracle_residual_training,50000,220031,20,grid,3.273091824795098,5.401927082048076,-2.968977668058776,-0.39854016634582945,-0.5569878461147146,-0.21520552999940135,-0.5265566220344322,0.0,0.0,3.0578862947956966,4.875370460013643,-0.39854016634582945,-0.5569878461147146
OMA_332_037,OMA,linear_xy,2,Q3,strict_blocked_cv,full_AGL_oracle_residual_training,50000,220031,20,grid,2.9956659683596274,4.598465652421782,-1.1024376394107602,-0.504568919661488,-0.5851681224636783,0.06222032643606923,0.276904807591861,-0.10602875331565853,-0.028180276348963695,3.0578862947956966,4.875370460013643,-0.39854016634582945,-0.5569878461147146
OMA_332_037,OMA,quadratic_xy,2,Q3,strict_blocked_cv,full_AGL_oracle_residual_training,50000,220031,20,grid,3.910346987162585,5.8825007011359745,-3.432671993609953,-0.2053119535619613,-0.27952328495023115,-0.8524606923668885,-1.007130241122331,0.19322821278386815,0.2774645611644835,3.0578862947956966,4.875370460013643,-0.39854016634582945,-0.5569878461147146
OMA_332_037,OMA,global_affine,3,Q4,strict_blocked_cv,stage1_sparse_anchors,20,228373,20,grid,2.5542438197539226,3.2995840628868063,1.3606994956244656,-0.24341739750116226,-0.20459194286902355,0.0,0.0,0.0,0.0,,,,
OMA_332_037,OMA,constant,3,Q4,strict_blocked_cv,full_AGL_oracle_residual_training,50000,228373,20,grid,2.4925115674289,3.2616383869719536,1.2659119624622708,-0.24341739750116226,-0.20459194286902355,0.061732252325022774,0.03794567591485265,0.0,0.0,2.5542438197539226,3.2995840628868063,-0.24341739750116226,-0.20459194286902355
OMA_332_037,OMA,linear_xy,3,Q4,strict_blocked_cv,full_AGL_oracle_residual_training,50000,228373,20,grid,2.7618704345111245,3.4201113487302606,1.718969565505838,-0.25325757092925893,-0.19123570826655903,-0.2076266147572019,-0.12052728584345429,-0.009840173428096677,0.013356234602464517,2.5542438197539226,3.2995840628868063,-0.24341739750116226,-0.20459194286902355
OMA_332_037,OMA,quadratic_xy,3,Q4,strict_blocked_cv,full_AGL_oracle_residual_training,50000,228373,20,grid,5.657805465426842,6.353853090759557,5.069104690727788,-0.1481887267908491,-0.09621295816663986,-3.103561645672919,-3.054269027872751,0.09522867071031316,0.10837898470238369,2.5542438197539226,3.2995840628868063,-0.24341739750116226,-0.20459194286902355
OMA_364_003,OMA,global_affine,0,Q1,strict_blocked_cv,stage1_sparse_anchors,20,205361,20,grid,2.3485092623086974,3.505985890690284,-0.9813482483806159,0.7620654559995891,0.4656759623022467,0.0,0.0,0.0,0.0,,,,
OMA_364_003,OMA,constant,0,Q1,strict_blocked_cv,full_AGL_oracle_residual_training,50000,205361,20,grid,2.2424668769473373,3.7483449857547586,-1.6496052409934918,0.7620654559995892,0.4656759623022467,0.10604238536136013,-0.2423590950644745,1.1102230246251565e-16,0.0,2.3485092623086974,3.505985890690284,0.7620654559995891,0.4656759623022467
OMA_364_003,OMA,linear_xy,0,Q1,strict_blocked_cv,full_AGL_oracle_residual_training,50000,205361,20,grid,2.416875191107365,3.345171213626177,-0.35606944924990774,0.737013587822337,0.45116389045272587,-0.06836592879866776,0.16081467706410724,-0.025051868177252135,-0.014512071849520858,2.3485092623086974,3.505985890690284,0.7620654559995891,0.4656759623022467
OMA_364_003,OMA,quadratic_xy,0,Q1,strict_blocked_cv,full_AGL_oracle_residual_training,50000,205361,20,grid,3.8428751391240974,4.441472512139377,2.099433296626024,0.450297041561296,0.2779422372296081,-1.4943658768154,-0.9354866214490931,-0.31176841443829306,-0.18773372507263864,2.3485092623086974,3.505985890690284,0.7620654559995891,0.4656759623022467
OMA_364_003,OMA,global_affine,1,Q2,strict_blocked_cv,stage1_sparse_anchors,20,199175,20,grid,2.06266032009548,3.34555907959663,-1.8359850822512296,0.6686014723431859,0.512713380535922,0.0,0.0,0.0,0.0,,,,
OMA_364_003,OMA,constant,1,Q2,strict_blocked_cv,full_AGL_oracle_residual_training,50000,199175,20,grid,2.773032169601742,3.9177738595895217,-2.7435429069108035,0.6686014723431859,0.512713380535922,-0.7103718495062621,-0.5722147799928918,0.0,0.0,2.06266032009548,3.34555907959663,0.6686014723431859,0.512713380535922
OMA_364_003,OMA,linear_xy,1,Q2,strict_blocked_cv,full_AGL_oracle_residual_training,50000,199175,20,grid,2.5175740805365137,2.900626144400226,0.7509232593769004,0.6806327460267736,0.5702827948094701,-0.4549137604410336,0.444932935196404,0.012031273683587695,0.057569414273548114,2.06266032009548,3.34555907959663,0.6686014723431859,0.512713380535922
OMA_364_003,OMA,quadratic_xy,1,Q2,strict_blocked_cv,full_AGL_oracle_residual_training,50000,199175,20,grid,2.1325076219401966,2.721358292750813,0.0867360188587414,0.73736591401816,0.5652188793581481,-0.06984730184471655,0.624200786845817,0.06876444167497409,0.052505498822226104,2.06266032009548,3.34555907959663,0.6686014723431859,0.512713380535922
OMA_364_003,OMA,global_affine,2,Q3,strict_blocked_cv,stage1_sparse_anchors,20,240975,20,grid,3.7928779396578567,4.3850773457067405,2.8357842038211007,0.39224833797764314,0.42792807694018303,0.0,0.0,0.0,0.0,,,,
OMA_364_003,OMA,constant,2,Q3,strict_blocked_cv,full_AGL_oracle_residual_training,50000,240975,20,grid,4.288691304540824,4.827593946237517,3.4811538363824037,0.3922483379776432,0.42792807694018303,-0.495813364882967,-0.44251660053077657,5.551115123125783e-17,0.0,3.7928779396578567,4.3850773457067405,0.39224833797764314,0.42792807694018303
OMA_364_003,OMA,linear_xy,2,Q3,strict_blocked_cv,full_AGL_oracle_residual_training,50000,240975,20,grid,2.89086501246595,3.513603758008707,1.6622958434680866,0.48877164169690157,0.5568004601810519,0.9020129271919068,0.8714735876980333,0.09652330371925844,0.12887238324086886,3.7928779396578567,4.3850773457067405,0.39224833797764314,0.42792807694018303
OMA_364_003,OMA,quadratic_xy,2,Q3,strict_blocked_cv,full_AGL_oracle_residual_training,50000,240975,20,grid,2.997121989353328,3.6827854358479453,1.692512345215856,0.43489446400621856,0.5200445866093328,0.7957559503045286,0.7022919098587952,0.042646126028575426,0.0921165096691498,3.7928779396578567,4.3850773457067405,0.39224833797764314,0.42792807694018303
OMA_364_003,OMA,global_affine,3,Q4,strict_blocked_cv,stage1_sparse_anchors,20,243229,20,grid,2.1374152604144703,2.8464358951008233,0.5805723485284799,0.6576778761606134,0.5263542848313099,0.0,0.0,0.0,0.0,,,,
OMA_364_003,OMA,constant,3,Q4,strict_blocked_cv,full_AGL_oracle_residual_training,50000,243229,20,grid,2.0449649677372177,2.816516555740573,0.40942942703009155,0.6576778761606134,0.5263542848313099,0.09245029267725258,0.029919339360250152,0.0,0.0,2.1374152604144703,2.8464358951008233,0.6576778761606134,0.5263542848313099
OMA_364_003,OMA,linear_xy,3,Q4,strict_blocked_cv,full_AGL_oracle_residual_training,50000,243229,20,grid,1.6541438206543104,3.1447045430008003,-1.3149927042838558,0.6970224744915507,0.638539195386455,0.48327143976015985,-0.298268647899977,0.0393445983309374,0.11218491055514512,2.1374152604144703,2.8464358951008233,0.6576778761606134,0.5263542848313099
OMA_364_003,OMA,quadratic_xy,3,Q4,strict_blocked_cv,full_AGL_oracle_residual_training,50000,243229,20,grid,4.033962990082564,5.32338017258005,-3.8326898919240717,0.3653552529927643,0.29974164424409516,-1.896547729668094,-2.4769442774792267,-0.29232262316784907,-0.2266126405872147,2.1374152604144703,2.8464358951008233,0.6576778761606134,0.5263542848313099
OMA_364_043,OMA,global_affine,0,Q1,strict_blocked_cv,stage1_sparse_anchors,20,203018,20,grid,2.499403830165447,3.9670322633399353,-1.3986413889221514,0.7802865297127122,0.6274492176721,0.0,0.0,0.0,0.0,,,,
OMA_364_043,OMA,constant,0,Q1,strict_blocked_cv,full_AGL_oracle_residual_training,50000,203018,20,grid,2.510857594316607,3.9526709406782534,-1.3573725802845822,0.7802865297127122,0.6274492176721,-0.011453764151160062,0.014361322661681886,0.0,0.0,2.499403830165447,3.9670322633399353,0.7802865297127122,0.6274492176721
OMA_364_043,OMA,linear_xy,0,Q1,strict_blocked_cv,full_AGL_oracle_residual_training,50000,203018,20,grid,2.8250443815842017,3.7631833002788206,-0.2470791395559036,0.6486362632860166,0.5044637816662233,-0.3256405514187546,0.20384896306111466,-0.13165026642669553,-0.12298543600587675,2.499403830165447,3.9670322633399353,0.7802865297127122,0.6274492176721
OMA_364_043,OMA,quadratic_xy,0,Q1,strict_blocked_cv,full_AGL_oracle_residual_training,50000,203018,20,grid,4.249782746490831,4.850434359868664,2.2535541510882307,0.34339976069567957,0.24626899775623673,-1.7503789163253836,-0.8834020965287284,-0.4368867690170326,-0.3811802199158633,2.499403830165447,3.9670322633399353,0.7802865297127122,0.6274492176721
OMA_364_043,OMA,global_affine,1,Q2,strict_blocked_cv,stage1_sparse_anchors,20,197853,20,grid,2.1553151583345813,3.5201677469619845,-1.9439045916047621,0.6958019696623993,0.5496608570319707,0.0,0.0,0.0,0.0,,,,
OMA_364_043,OMA,constant,1,Q2,strict_blocked_cv,full_AGL_oracle_residual_training,50000,197853,20,grid,2.2313022857902536,3.5961150545551877,-2.078275145429287,0.6958019696623993,0.5496608570319707,-0.07598712745567227,-0.07594730759320312,0.0,0.0,2.1553151583345813,3.5201677469619845,0.6958019696623993,0.5496608570319707
OMA_364_043,OMA,linear_xy,1,Q2,strict_blocked_cv,full_AGL_oracle_residual_training,50000,197853,20,grid,2.6227266661505895,3.0377641269660396,0.5589914811130303,0.6274247637458799,0.49965682780892684,-0.46741150781600815,0.48240361999594494,-0.06837720591651941,-0.05000402922304381,2.1553151583345813,3.5201677469619845,0.6958019696623993,0.5496608570319707
OMA_364_043,OMA,quadratic_xy,1,Q2,strict_blocked_cv,full_AGL_oracle_residual_training,50000,197853,20,grid,2.18611663058022,2.9491305843427775,-0.42098900487677043,0.6943640115696041,0.54578982272087,-0.030801472245638895,0.571037162619207,-0.0014379580927951219,-0.003871034311100696,2.1553151583345813,3.5201677469619845,0.6958019696623993,0.5496608570319707
OMA_364_043,OMA,global_affine,2,Q3,strict_blocked_cv,stage1_sparse_anchors,20,240767,20,grid,2.9517935748355635,3.576223788792863,1.4968914997656242,0.36894669075089753,0.45333252249994005,0.0,0.0,0.0,0.0,,,,
OMA_364_043,OMA,constant,2,Q3,strict_blocked_cv,full_AGL_oracle_residual_training,50000,240767,20,grid,3.6446669879122178,4.119429796360132,2.5339710775149498,0.3689466907508976,0.45333252249994005,-0.6928734130766543,-0.5432060075672687,5.551115123125783e-17,0.0,2.9517935748355635,3.576223788792863,0.36894669075089753,0.45333252249994005
OMA_364_043,OMA,linear_xy,2,Q3,strict_blocked_cv,full_AGL_oracle_residual_training,50000,240767,20,grid,2.784127491580913,3.3404611102513,1.2772108207510289,0.473151454079197,0.5912910123953016,0.16766608325465038,0.2357626785415632,0.10420476332829948,0.13795848989536152,2.9517935748355635,3.576223788792863,0.36894669075089753,0.45333252249994005
OMA_364_043,OMA,quadratic_xy,2,Q3,strict_blocked_cv,full_AGL_oracle_residual_training,50000,240767,20,grid,2.65390689440248,3.3052141981696725,1.025196118022169,0.4331760052056726,0.5600864095586858,0.2978866804330833,0.27100959062319063,0.06422931445477509,0.10675388705874578,2.9517935748355635,3.576223788792863,0.36894669075089753,0.45333252249994005
OMA_364_043,OMA,global_affine,3,Q4,strict_blocked_cv,stage1_sparse_anchors,20,243742,20,grid,1.9015901591793662,2.8030666448776165,-0.007168688009460511,0.637169529189705,0.43549560675837107,0.0,0.0,0.0,0.0,,,,
OMA_364_043,OMA,constant,3,Q4,strict_blocked_cv,full_AGL_oracle_residual_training,50000,243742,20,grid,2.146849703410057,2.843102675292786,0.4755014161065312,0.637169529189705,0.43549560675837107,-0.24525954423069063,-0.04003603041516968,0.0,0.0,1.9015901591793662,2.8030666448776165,0.637169529189705,0.43549560675837107
OMA_364_043,OMA,linear_xy,3,Q4,strict_blocked_cv,full_AGL_oracle_residual_training,50000,243742,20,grid,1.667751760512895,2.9397085338761233,-0.8018101278464914,0.6782765392464408,0.49961841254061234,0.23383839866647116,-0.13664188899850682,0.04110701005673578,0.06412280578224128,1.9015901591793662,2.8030666448776165,0.637169529189705,0.43549560675837107
OMA_364_043,OMA,quadratic_xy,3,Q4,strict_blocked_cv,full_AGL_oracle_residual_training,50000,243742,20,grid,3.1595713056928982,4.455026330191854,-2.712613666757317,0.3804115157589608,0.2891327007876487,-1.257981146513532,-1.651959685314237,-0.2567580134307442,-0.14636290597072238,1.9015901591793662,2.8030666448776165,0.637169529189705,0.43549560675837107
OMA_376_023,OMA,global_affine,0,Q1,strict_blocked_cv,stage1_sparse_anchors,20,155874,20,grid,2.2020001711972186,3.8420751336595917,-0.8810220945590778,0.8298627488697625,0.7832402258827244,0.0,0.0,0.0,0.0,,,,
OMA_376_023,OMA,constant,0,Q1,strict_blocked_cv,full_AGL_oracle_residual_training,50000,155874,20,grid,2.2598062615178884,3.777378620345674,-0.5322103342293198,0.8298627488697626,0.7832402258827244,-0.057806090320669856,0.06469651331391768,1.1102230246251565e-16,0.0,2.2020001711972186,3.8420751336595917,0.8298627488697625,0.7832402258827244
OMA_376_023,OMA,linear_xy,0,Q1,strict_blocked_cv,full_AGL_oracle_residual_training,50000,155874,20,grid,2.1764994902893817,3.959508291574336,-1.1573481588056986,0.8394887485849365,0.7659794360602282,0.02550068090783686,-0.11743315791474407,0.009625999715173972,-0.017260789822496125,2.2020001711972186,3.8420751336595917,0.8298627488697625,0.7832402258827244
OMA_376_023,OMA,quadratic_xy,0,Q1,strict_blocked_cv,full_AGL_oracle_residual_training,50000,155874,20,grid,2.226347257468923,3.8606732601681646,-0.7112239687524731,0.8529290788844448,0.6609133554301352,-0.024347086271704566,-0.018598126508572843,0.02306633001468228,-0.12232687045258916,2.2020001711972186,3.8420751336595917,0.8298627488697625,0.7832402258827244
OMA_376_023,OMA,global_affine,1,Q2,strict_blocked_cv,stage1_sparse_anchors,20,154325,20,grid,0.9604206853555703,1.3121217730760122,0.11192385044226057,0.30092780881126313,0.1818295847447861,0.0,0.0,0.0,0.0,,,,
OMA_376_023,OMA,constant,1,Q2,strict_blocked_cv,full_AGL_oracle_residual_training,50000,154325,20,grid,1.326047498304756,1.4912112845190308,0.7173384807708152,0.30092780881126313,0.1818295847447861,-0.36562681294918575,-0.17908951144301866,0.0,0.0,0.9604206853555703,1.3121217730760122,0.30092780881126313,0.1818295847447861
OMA_376_023,OMA,linear_xy,1,Q2,strict_blocked_cv,full_AGL_oracle_residual_training,50000,154325,20,grid,1.198359832515045,1.425588394604573,0.49950803788477965,0.25818950891990505,0.15673283074975217,-0.23793914715947473,-0.11346662152856091,-0.04273829989135808,-0.025096753995033944,0.9604206853555703,1.3121217730760122,0.30092780881126313,0.1818295847447861
OMA_376_023,OMA,quadratic_xy,1,Q2,strict_blocked_cv,full_AGL_oracle_residual_training,50000,154325,20,grid,1.3500428180986621,1.6301790272388899,0.7016183871400011,0.2112818082198356,0.14677269900217876,-0.38962213274309176,-0.31805725416287767,-0.08964600059142752,-0.03505688574260735,0.9604206853555703,1.3121217730760122,0.30092780881126313,0.1818295847447861
OMA_376_023,OMA,global_affine,2,Q3,strict_blocked_cv,stage1_sparse_anchors,20,237737,20,grid,1.0367808645550405,1.2148707412831965,-0.6593000612380634,0.1085861196594328,0.2606898918096224,0.0,0.0,0.0,0.0,,,,
OMA_376_023,OMA,constant,2,Q3,strict_blocked_cv,full_AGL_oracle_residual_training,50000,237737,20,grid,0.8912448341321374,1.0573786320453058,-0.27715559570128284,0.1085861196594328,0.2606898918096224,0.14553603042290308,0.1574921092378907,0.0,0.0,1.0367808645550405,1.2148707412831965,0.1085861196594328,0.2606898918096224
OMA_376_023,OMA,linear_xy,2,Q3,strict_blocked_cv,full_AGL_oracle_residual_training,50000,237737,20,grid,0.7967604179518007,0.9685614931874168,0.023606807305321977,0.10247814587182116,0.2510747891070721,0.24002044660323973,0.2463092480957797,-0.006107973787611631,-0.009615102702550282,1.0367808645550405,1.2148707412831965,0.1085861196594328,0.2606898918096224
OMA_376_023,OMA,quadratic_xy,2,Q3,strict_blocked_cv,full_AGL_oracle_residual_training,50000,237737,20,grid,1.6295608252844473,1.9053013217445987,-1.4300612130216424,0.13359321383661274,0.29758207899018907,-0.5927799607294069,-0.6904305804614022,0.025007094177179945,0.03689218718056669,1.0367808645550405,1.2148707412831965,0.1085861196594328,0.2606898918096224
OMA_376_023,OMA,global_affine,3,Q4,strict_blocked_cv,stage1_sparse_anchors,20,228367,20,grid,0.946458655089076,1.9394219601066351,-0.35297310549717426,0.9107991179218593,0.5995748981945561,0.0,0.0,0.0,0.0,,,,
OMA_376_023,OMA,constant,3,Q4,strict_blocked_cv,full_AGL_oracle_residual_training,50000,228367,20,grid,1.1376287653587285,1.9134015904179336,0.1560067949620616,0.9107991179218593,0.5995748981945561,-0.19117011026965247,0.026020369688701583,0.0,0.0,0.946458655089076,1.9394219601066351,0.9107991179218593,0.5995748981945561
OMA_376_023,OMA,linear_xy,3,Q4,strict_blocked_cv,full_AGL_oracle_residual_training,50000,228367,20,grid,1.0962469811057556,2.0116746383411983,-0.37638081198800116,0.8857760742292092,0.5894892073127089,-0.14978832601667957,-0.07225267823456316,-0.02502304369265007,-0.010085690881847187,0.946458655089076,1.9394219601066351,0.9107991179218593,0.5995748981945561
OMA_376_023,OMA,quadratic_xy,3,Q4,strict_blocked_cv,full_AGL_oracle_residual_training,50000,228367,20,grid,0.9823119612093452,1.830281402947101,-0.07890941639774303,0.8966803324661567,0.5771137704003078,-0.03585330612026916,0.10914055715953408,-0.014118785455702554,-0.02246112779424836,0.946458655089076,1.9394219601066351,0.9107991179218593,0.5995748981945561
OMA_376_038,OMA,global_affine,0,Q1,strict_blocked_cv,stage1_sparse_anchors,20,155927,20,grid,2.6694548858656724,3.1184597075512737,0.09348209899734874,0.8034918238334976,0.8020560236846694,0.0,0.0,0.0,0.0,,,,
OMA_376_038,OMA,constant,0,Q1,strict_blocked_cv,full_AGL_oracle_residual_training,50000,155927,20,grid,2.674456576210766,3.1313688694412662,-0.29903001808856905,0.8034918238334976,0.8020560236846694,-0.005001690345093568,-0.012909161889992582,0.0,0.0,2.6694548858656724,3.1184597075512737,0.8034918238334976,0.8020560236846694
OMA_376_038,OMA,linear_xy,0,Q1,strict_blocked_cv,full_AGL_oracle_residual_training,50000,155927,20,grid,2.2740365704981773,2.9343543958922247,-0.26836993367514544,0.8476066735379493,0.7917447715488759,0.39541831536749505,0.18410531165904898,0.044114849704451675,-0.010311252135793536,2.6694548858656724,3.1184597075512737,0.8034918238334976,0.8020560236846694
OMA_376_038,OMA,quadratic_xy,0,Q1,strict_blocked_cv,full_AGL_oracle_residual_training,50000,155927,20,grid,2.3252878991729187,2.892633220862286,0.6546358574455395,0.8754778209650413,0.6187573681979398,0.3441669866927537,0.22582648668898786,0.07198599713154374,-0.18329865548672963,2.6694548858656724,3.1184597075512737,0.8034918238334976,0.8020560236846694
OMA_376_038,OMA,global_affine,1,Q2,strict_blocked_cv,stage1_sparse_anchors,20,154870,20,grid,2.1505662785375836,2.278928375024959,1.9424185332506034,0.5046280280935567,0.2820095442751133,0.0,0.0,0.0,0.0,,,,
OMA_376_038,OMA,constant,1,Q2,strict_blocked_cv,full_AGL_oracle_residual_training,50000,154870,20,grid,2.211119244760643,2.3405929192037638,2.0144106913061,0.5046280280935568,0.2820095442751133,-0.06055296622305928,-0.061664544178804626,1.1102230246251565e-16,0.0,2.1505662785375836,2.278928375024959,0.5046280280935567,0.2820095442751133
OMA_376_038,OMA,linear_xy,1,Q2,strict_blocked_cv,full_AGL_oracle_residual_training,50000,154870,20,grid,1.2874005935465933,1.727859268555667,-0.7710795294163192,0.25277344271433777,0.17163596397162986,0.8631656849909903,0.5510691064692921,-0.2518545853792189,-0.11037358030348346,2.1505662785375836,2.278928375024959,0.5046280280935567,0.2820095442751133
OMA_376_038,OMA,quadratic_xy,1,Q2,strict_blocked_cv,full_AGL_oracle_residual_training,50000,154870,20,grid,1.3763352710626189,1.8164488096686735,-1.277394248355699,0.41474906587046756,0.2628887033628339,0.7742310074749648,0.46247956535628565,-0.08987896222308911,-0.019120840912279446,2.1505662785375836,2.278928375024959,0.5046280280935567,0.2820095442751133
OMA_376_038,OMA,global_affine,2,Q3,strict_blocked_cv,stage1_sparse_anchors,20,236965,20,grid,2.30544538654319,2.4834599838791007,-1.374646810039676,0.043600028400050964,0.2456304151714364,0.0,0.0,0.0,0.0,,,,
OMA_376_038,OMA,constant,2,Q3,strict_blocked_cv,full_AGL_oracle_residual_training,50000,236965,20,grid,2.8021677138401184,3.2133441052130793,-2.4591991987903534,0.043600028400050964,0.2456304151714364,-0.49672232729692833,-0.7298841213339786,0.0,0.0,2.30544538654319,2.4834599838791007,0.043600028400050964,0.2456304151714364
OMA_376_038,OMA,linear_xy,2,Q3,strict_blocked_cv,full_AGL_oracle_residual_training,50000,236965,20,grid,1.8037257709855692,1.9708070657661274,-0.936426214129829,0.017835245179443418,0.20014544904425946,0.5017196155576209,0.5126529181129733,-0.025764783220607546,-0.04548496612717695,2.30544538654319,2.4834599838791007,0.043600028400050964,0.2456304151714364
OMA_376_038,OMA,quadratic_xy,2,Q3,strict_blocked_cv,full_AGL_oracle_residual_training,50000,236965,20,grid,1.6062489350652291,2.04798139661965,-1.3469586081710612,-0.028023629435570276,0.13076813270501025,0.699196451477961,0.43547858725945066,-0.07162365783562125,-0.11486228246642616,2.30544538654319,2.4834599838791007,0.043600028400050964,0.2456304151714364
OMA_376_038,OMA,global_affine,3,Q4,strict_blocked_cv,stage1_sparse_anchors,20,233242,20,grid,2.214980716165944,2.5356622969494724,1.1498679682617372,0.8646316365031341,0.593327521581864,0.0,0.0,0.0,0.0,,,,
OMA_376_038,OMA,constant,3,Q4,strict_blocked_cv,full_AGL_oracle_residual_training,50000,233242,20,grid,2.237859755838871,2.55095326196043,1.183205647793256,0.864631636503134,0.593327521581864,-0.022879039672926815,-0.015290965010957613,-1.1102230246251565e-16,0.0,2.214980716165944,2.5356622969494724,0.8646316365031341,0.593327521581864
OMA_376_038,OMA,linear_xy,3,Q4,strict_blocked_cv,full_AGL_oracle_residual_training,50000,233242,20,grid,1.7282018929643355,2.4403039708443592,0.03433132610307504,0.7371732296867901,0.3912057712737903,0.4867788232016086,0.09535832610511319,-0.12745840681634402,-0.20212175030807367,2.214980716165944,2.5356622969494724,0.8646316365031341,0.593327521581864
OMA_376_038,OMA,quadratic_xy,3,Q4,strict_blocked_cv,full_AGL_oracle_residual_training,50000,233242,20,grid,1.4059523683011466,2.1535606527530726,0.14659965660682917,0.8498903533174393,0.5388710801814579,0.8090283478647975,0.3821016441963998,-0.014741283185694787,-0.054456441400406064,2.214980716165944,2.5356622969494724,0.8646316365031341,0.593327521581864
