tile_id,region,model,kernel,smoothing,neighbors,fold,fold_name,evaluation,anchor_count,placement,train_samples,eval_pixels,baseline_test_mae_m,baseline_test_rmse_m,baseline_test_pearson,baseline_test_spearman,mae_m,rmse_m,bias_m,pearson,spearman,delta_mae_m,delta_rmse_m,delta_pearson,delta_spearman
JAX_004_006,JAX,rbf_strong,thin_plate_spline,1.0,128,0,Q1_TL,strict_blocked_cv,20,grid,4992,256130,2.6826541511744213,3.5020387867807337,0.6835072286108608,0.5455766220204832,2.910054759401599,4.451310653874913,-0.7285806761738485,0.5954625642507685,0.43462552416816713,-0.22740060822717778,-0.9492718670941791,-0.08804466436009228,-0.11095109785231605
JAX_004_006,JAX,rbf_strong,thin_plate_spline,1.0,128,1,Q2_TR,strict_blocked_cv,20,grid,4992,256054,2.7632765457745827,3.329078132732187,0.72040316757958,0.7223898476506471,3.7690670144377845,5.918804485589343,-2.9206119994498447,0.33080141677351815,0.37916750225715334,-1.0057904686632018,-2.5897263528571557,-0.38960175080606185,-0.3432223453934937
JAX_004_006,JAX,rbf_strong,thin_plate_spline,1.0,128,2,Q3_BL,strict_blocked_cv,20,grid,4992,256108,3.492461222025581,4.456880997056407,0.775076882971758,0.5485630031786437,4.049972011619777,5.227344724157525,1.9813854745639599,0.7125008032195763,0.46555604494638286,-0.5575107895941955,-0.7704637271011174,-0.06257607975218171,-0.08300695823226084
JAX_004_006,JAX,rbf_strong,thin_plate_spline,1.0,128,3,Q4_BR,strict_blocked_cv,20,grid,4992,256586,3.372402517999673,4.016233374016394,0.7548461779660417,0.7486049920779948,3.7232033543598426,4.937538259218687,-0.7249733358112396,0.5260647821048178,0.4205074198110144,-0.35080083636016957,-0.9213048852022938,-0.22878139586122392,-0.3280975722669804
JAX_004_006,JAX,rbf_medium,thin_plate_spline,0.1,128,0,Q1_TL,strict_blocked_cv,20,grid,4992,256130,2.6826541511744213,3.5020387867807337,0.6835072286108608,0.5455766220204832,2.5720629132872173,3.67318792923382,0.042974127833003986,0.6815757807354246,0.5393217365665229,0.11059123788720404,-0.17114914245308643,-0.0019314478754361986,-0.006254885453960246
JAX_004_006,JAX,rbf_medium,thin_plate_spline,0.1,128,1,Q2_TR,strict_blocked_cv,20,grid,4992,256054,2.7632765457745827,3.329078132732187,0.72040316757958,0.7223898476506471,3.3383316180715696,4.978600777526605,-2.517507820885374,0.45732648224084566,0.4240833484318077,-0.5750550722969869,-1.649522644794418,-0.26307668533873435,-0.29830649921883934
JAX_004_006,JAX,rbf_medium,thin_plate_spline,0.1,128,2,Q3_BL,strict_blocked_cv,20,grid,4992,256108,3.492461222025581,4.456880997056407,0.775076882971758,0.5485630031786437,4.0675840100710925,5.377687748576295,2.8533520980184943,0.7274789186263532,0.4682459798624768,-0.5751227880455114,-0.9208067515198879,-0.047597964345404864,-0.08031702331616691
JAX_004_006,JAX,rbf_medium,thin_plate_spline,0.1,128,3,Q4_BR,strict_blocked_cv,20,grid,4992,256586,3.372402517999673,4.016233374016394,0.7548461779660417,0.7486049920779948,4.602946310688823,6.182202699992661,1.3712924448374728,0.46973158108577967,0.35004101795553716,-1.2305437926891503,-2.165969325976268,-0.28511459688026203,-0.39856397412245764
JAX_004_006,JAX,rbf_weak,thin_plate_spline,0.01,128,0,Q1_TL,strict_blocked_cv,20,grid,4992,256130,2.6826541511744213,3.5020387867807337,0.6835072286108608,0.5455766220204832,3.7301936770205097,5.280155431790535,-1.7238406159892234,0.5175478046046114,0.3437608178795153,-1.0475395258460884,-1.778116645009801,-0.1659594240062494,-0.2018158041409679
JAX_004_006,JAX,rbf_weak,thin_plate_spline,0.01,128,1,Q2_TR,strict_blocked_cv,20,grid,4992,256054,2.7632765457745827,3.329078132732187,0.72040316757958,0.7223898476506471,2.9412416596321838,4.327904282429451,-0.9712860491684413,0.5046564972484183,0.4844612414941204,-0.17796511385760105,-0.9988261496972637,-0.21574667033116168,-0.23792860615652667
JAX_004_006,JAX,rbf_weak,thin_plate_spline,0.01,128,2,Q3_BL,strict_blocked_cv,20,grid,4992,256108,3.492461222025581,4.456880997056407,0.775076882971758,0.5485630031786437,3.297871297889648,4.500692644355885,1.614657708469367,0.7561014620567277,0.4968974601739117,0.19458992413593323,-0.04381164729947784,-0.01897542091503035,-0.05166554300473203
JAX_004_006,JAX,rbf_weak,thin_plate_spline,0.01,128,3,Q4_BR,strict_blocked_cv,20,grid,4992,256586,3.372402517999673,4.016233374016394,0.7548461779660417,0.7486049920779948,4.303435207915616,5.749534292754299,1.4787632196510796,0.5112238708048304,0.3968252421158261,-0.9310326899159427,-1.7333009187379051,-0.24362230716121125,-0.3517797499621687
JAX_004_014,JAX,rbf_strong,thin_plate_spline,1.0,128,0,Q1_TL,strict_blocked_cv,20,grid,4992,256156,2.3970003280410364,3.1799100881418894,0.757261052722893,0.6456279911291151,2.9577322397104213,4.559382543890563,-1.3194039589381352,0.6037119343077626,0.5665118493214745,-0.560731911669385,-1.3794724557486737,-0.15354911841513041,-0.0791161418076406
JAX_004_014,JAX,rbf_strong,thin_plate_spline,1.0,128,1,Q2_TR,strict_blocked_cv,20,grid,4992,256349,2.0123728899141016,2.7607418203999643,0.8084066841754733,0.7859008897590292,4.2585302221221175,6.4114544309489485,-2.974090055458551,0.4139043969239615,0.4279867053079533,-2.246157332208016,-3.650712610548984,-0.3945022872515118,-0.35791418445107587
JAX_004_014,JAX,rbf_strong,thin_plate_spline,1.0,128,2,Q3_BL,strict_blocked_cv,20,grid,4992,255202,2.751441376675243,3.761025502624833,0.8536682841932809,0.6365092386597115,4.271196223614822,6.257000907079976,0.8576158236878789,0.5966493679873537,0.48319184490201933,-1.5197548469395796,-2.495975404455143,-0.2570189162059272,-0.1533173937576922
JAX_004_014,JAX,rbf_strong,thin_plate_spline,1.0,128,3,Q4_BR,strict_blocked_cv,20,grid,4992,256731,2.120083352078257,3.0959816370021724,0.8064676967394784,0.7981269249977633,3.191842222629722,4.200330680232535,-0.1913411454923648,0.6660313291161342,0.6269084511952021,-1.0717588705514651,-1.1043490432303629,-0.14043636762334422,-0.17121847380256117
JAX_004_014,JAX,rbf_medium,thin_plate_spline,0.1,128,0,Q1_TL,strict_blocked_cv,20,grid,4992,256156,2.3970003280410364,3.1799100881418894,0.757261052722893,0.6456279911291151,3.2923532821604984,4.594106013772155,-2.2377734125409416,0.652610992707289,0.5696926646889109,-0.895352954119462,-1.4141959256302656,-0.10465006001560406,-0.07593532644020418
JAX_004_014,JAX,rbf_medium,thin_plate_spline,0.1,128,1,Q2_TR,strict_blocked_cv,20,grid,4992,256349,2.0123728899141016,2.7607418203999643,0.8084066841754733,0.7859008897590292,3.576977935820769,5.200224076905168,-2.761288175675695,0.5423949637299208,0.5003209296473591,-1.5646050459066676,-2.4394822565052037,-0.26601172044555255,-0.2855799601116701
JAX_004_014,JAX,rbf_medium,thin_plate_spline,0.1,128,2,Q3_BL,strict_blocked_cv,20,grid,4992,255202,2.751441376675243,3.761025502624833,0.8536682841932809,0.6365092386597115,5.118453544245349,7.2598131831894825,3.5022832844338767,0.7122231159319448,0.5219576420339976,-2.367012167570106,-3.4987876805646496,-0.14144516826133613,-0.1145515966257139
JAX_004_014,JAX,rbf_medium,thin_plate_spline,0.1,128,3,Q4_BR,strict_blocked_cv,20,grid,4992,256731,2.120083352078257,3.0959816370021724,0.8064676967394784,0.7981269249977633,6.265518248896473,9.774523311303222,3.942929970353985,0.38088524898802284,0.3816548094827305,-4.145434896818216,-6.67854167430105,-0.42558244775145554,-0.41647211551503277
JAX_004_014,JAX,rbf_weak,thin_plate_spline,0.01,128,0,Q1_TL,strict_blocked_cv,20,grid,4992,256156,2.3970003280410364,3.1799100881418894,0.757261052722893,0.6456279911291151,3.6831474641983397,5.150744070481789,-2.970819551060507,0.6211034375018387,0.5446121578279359,-1.2861471361573034,-1.9708339823398995,-0.1361576152210543,-0.10101583330117914
JAX_004_014,JAX,rbf_weak,thin_plate_spline,0.01,128,1,Q2_TR,strict_blocked_cv,20,grid,4992,256349,2.0123728899141016,2.7607418203999643,0.8084066841754733,0.7859008897590292,3.82774511448182,5.265632285337781,-3.3951590814988037,0.5831470388290494,0.5316156199807731,-1.8153722245677186,-2.5048904649378168,-0.22525964534642395,-0.25428526977825605
JAX_004_014,JAX,rbf_weak,thin_plate_spline,0.01,128,2,Q3_BL,strict_blocked_cv,20,grid,4992,255202,2.751441376675243,3.761025502624833,0.8536682841932809,0.6365092386597115,4.810813151567168,6.970289501659395,-2.2867873387635287,0.5322320190500787,0.4709107405870901,-2.0593717748919254,-3.209263999034562,-0.3214362651432022,-0.16559849807262145
JAX_004_014,JAX,rbf_weak,thin_plate_spline,0.01,128,3,Q4_BR,strict_blocked_cv,20,grid,4992,256731,2.120083352078257,3.0959816370021724,0.8064676967394784,0.7981269249977633,9.605825918556286,15.927486793345249,7.203498097776627,0.258416110848841,0.28685671581157585,-7.485742566478029,-12.831505156343077,-0.5480515858906374,-0.5112702091861874
JAX_004_016,JAX,rbf_strong,thin_plate_spline,1.0,128,0,Q1_TL,strict_blocked_cv,20,grid,4992,256170,2.968331188518788,3.593068965225393,0.761381541042356,0.5802809859729546,5.345316066260512,8.162399643979938,-4.578812248566599,0.34016371376242716,0.29573945575501737,-2.376984877741724,-4.569330678754545,-0.42121782727992885,-0.28454153021793727
JAX_004_016,JAX,rbf_strong,thin_plate_spline,1.0,128,1,Q2_TR,strict_blocked_cv,20,grid,4992,256243,2.3577974206517363,3.3791653478614583,0.6989282897747076,0.6350595282115736,2.540592524513533,3.8445835063651495,-1.971044543516282,0.6489754908533403,0.6118238433434499,-0.18279510386179654,-0.46541815850369117,-0.04995279892136728,-0.023235684868123774
JAX_004_016,JAX,rbf_strong,thin_plate_spline,1.0,128,2,Q3_BL,strict_blocked_cv,20,grid,4992,256134,5.535218291377603,6.6612914322178165,0.7595986956596342,0.6170203689087459,5.543226447304511,7.730400351238937,4.1238384019383885,0.6249114621498975,0.506850487374165,-0.008008155926908067,-1.0691089190211205,-0.13468723350973677,-0.11016988153458085
JAX_004_016,JAX,rbf_strong,thin_plate_spline,1.0,128,3,Q4_BR,strict_blocked_cv,20,grid,4992,256595,2.735615681601026,3.5542650168245857,0.7762750457192475,0.6743906104681843,3.2992195662807697,4.437473088834119,0.12800261669041463,0.6270986495303521,0.5509001239099621,-0.5636038846797438,-0.8832080720095337,-0.14917639618889544,-0.12349048655822215
JAX_004_016,JAX,rbf_medium,thin_plate_spline,0.1,128,0,Q1_TL,strict_blocked_cv,20,grid,4992,256170,2.968331188518788,3.593068965225393,0.761381541042356,0.5802809859729546,4.655063542660289,6.46138945813646,-3.816026795421392,0.4590731363004479,0.3414429836559852,-1.6867323541415011,-2.868320492911067,-0.3023084047419081,-0.23883800231696944
JAX_004_016,JAX,rbf_medium,thin_plate_spline,0.1,128,1,Q2_TR,strict_blocked_cv,20,grid,4992,256243,2.3577974206517363,3.3791653478614583,0.6989282897747076,0.6350595282115736,2.0626827847406837,3.0262771471970233,-0.9504922686858778,0.7585823668598429,0.677309774745619,0.2951146359110526,0.35288820066443494,0.05965407708513537,0.04225024653404541
JAX_004_016,JAX,rbf_medium,thin_plate_spline,0.1,128,2,Q3_BL,strict_blocked_cv,20,grid,4992,256134,5.535218291377603,6.6612914322178165,0.7595986956596342,0.6170203689087459,4.214365580521843,5.740448956977818,2.4372547485376095,0.7117488393326261,0.5990433084478498,1.3208527108557604,0.9208424752399988,-0.04784985632700811,-0.017977060460896088
JAX_004_016,JAX,rbf_medium,thin_plate_spline,0.1,128,3,Q4_BR,strict_blocked_cv,20,grid,4992,256595,2.735615681601026,3.5542650168245857,0.7762750457192475,0.6743906104681843,4.4476735258013775,5.974957865229779,0.8729868612397205,0.48874891431607037,0.407457777130789,-1.7120578442003516,-2.4206928484051935,-0.2875261314031772,-0.26693283333739526
JAX_004_016,JAX,rbf_weak,thin_plate_spline,0.01,128,0,Q1_TL,strict_blocked_cv,20,grid,4992,256170,2.968331188518788,3.593068965225393,0.761381541042356,0.5802809859729546,5.33619748813259,7.0553757293718435,-4.7584201162264055,0.4903389211768257,0.42723977631725474,-2.3678662996138016,-3.4623067641464504,-0.2710426198655303,-0.1530412096556999
JAX_004_016,JAX,rbf_weak,thin_plate_spline,0.01,128,1,Q2_TR,strict_blocked_cv,20,grid,4992,256243,2.3577974206517363,3.3791653478614583,0.6989282897747076,0.6350595282115736,2.6252586067446937,3.7193215914539497,-2.0847052676148934,0.7054086585925026,0.6466588608791703,-0.26746118609295744,-0.3401562435924914,0.0064803688177950125,0.011599332667596718
JAX_004_016,JAX,rbf_weak,thin_plate_spline,0.01,128,2,Q3_BL,strict_blocked_cv,20,grid,4992,256134,5.535218291377603,6.6612914322178165,0.7595986956596342,0.6170203689087459,3.699902347418491,5.180917160078344,0.2786135548679335,0.6973186975524652,0.5995112167444848,1.8353159439591122,1.4803742721394721,-0.062279998107169,-0.017509152164261077
JAX_004_016,JAX,rbf_weak,thin_plate_spline,0.01,128,3,Q4_BR,strict_blocked_cv,20,grid,4992,256595,2.735615681601026,3.5542650168245857,0.7762750457192475,0.6743906104681843,4.0285934440952325,5.403911601135099,0.4437427299041204,0.5703945419496154,0.4516026776304516,-1.2929777624942065,-1.8496465843105132,-0.20588050376963218,-0.22278793283773268
JAX_018_012,JAX,rbf_strong,thin_plate_spline,1.0,128,0,Q1_TL,strict_blocked_cv,20,grid,4992,256250,2.469302641512408,3.550844028990953,0.6047061592495722,0.6278917942359801,3.7209322880261464,4.7250826304485285,1.5314187416755805,0.4071434367466138,0.4279635181489613,-1.2516296465137384,-1.1742386014575756,-0.19756272250295837,-0.1999282760870188
JAX_018_012,JAX,rbf_strong,thin_plate_spline,1.0,128,1,Q2_TR,strict_blocked_cv,20,grid,4992,256060,3.393309325396299,4.813665915608383,0.7160195468800256,0.7096858366034776,3.9069109620584253,5.22789869898809,1.098637434489697,0.6585095025244266,0.6511307457438864,-0.5136016366621261,-0.41423278337970704,-0.05751004435559892,-0.05855509085959121
JAX_018_012,JAX,rbf_strong,thin_plate_spline,1.0,128,2,Q3_BL,strict_blocked_cv,20,grid,4992,254955,2.432130378474557,2.722095582216358,0.693972795176993,0.420971366997896,1.5821203625672742,2.427462093645851,-0.258891110144184,0.6040246885938397,0.33590290392834565,0.8500100159072828,0.2946334885705073,-0.08994810658315322,-0.08506846306955035
JAX_018_012,JAX,rbf_strong,thin_plate_spline,1.0,128,3,Q4_BR,strict_blocked_cv,20,grid,4992,255823,2.725370046383499,3.632497685713905,0.8317835175274078,0.734542204460371,2.9623499985917245,4.421557055590129,1.4672338681380621,0.7881584052422397,0.7356705399330411,-0.23697995220822543,-0.7890593698762238,-0.04362511228516808,0.0011283354726701056
JAX_018_012,JAX,rbf_medium,thin_plate_spline,0.1,128,0,Q1_TL,strict_blocked_cv,20,grid,4992,256250,2.469302641512408,3.550844028990953,0.6047061592495722,0.6278917942359801,4.154940322972747,5.324545817656134,2.0249249408149184,0.3221230630966564,0.38177826073319837,-1.685637681460339,-1.7737017886651816,-0.28258309615291577,-0.2461135335027817
JAX_018_012,JAX,rbf_medium,thin_plate_spline,0.1,128,1,Q2_TR,strict_blocked_cv,20,grid,4992,256060,3.393309325396299,4.813665915608383,0.7160195468800256,0.7096858366034776,4.270878393753584,5.790745873673443,1.0948056120218532,0.605993369584311,0.6312694564864127,-0.877569068357285,-0.97707995806506,-0.11002617729571451,-0.07841638011706487
JAX_018_012,JAX,rbf_medium,thin_plate_spline,0.1,128,2,Q3_BL,strict_blocked_cv,20,grid,4992,254955,2.432130378474557,2.722095582216358,0.693972795176993,0.420971366997896,1.7337828697408837,2.391829839145808,0.0493935574302453,0.6267459743768728,0.37270618856266996,0.6983475087336732,0.33026574307055023,-0.0672268208001201,-0.04826517843522604
JAX_018_012,JAX,rbf_medium,thin_plate_spline,0.1,128,3,Q4_BR,strict_blocked_cv,20,grid,4992,255823,2.725370046383499,3.632497685713905,0.8317835175274078,0.734542204460371,1.8109075392191767,2.5320509711582466,-0.407423346229537,0.7876265509681282,0.6898745671889506,0.9144625071643224,1.1004467145556585,-0.04415696655927959,-0.044667637271420424
JAX_018_012,JAX,rbf_weak,thin_plate_spline,0.01,128,0,Q1_TL,strict_blocked_cv,20,grid,4992,256250,2.469302641512408,3.550844028990953,0.6047061592495722,0.6278917942359801,5.493923676424908,7.007954140729173,1.5968601297358,0.189182564948757,0.2245537227956611,-3.0246210349125,-3.45711011173822,-0.4155235943008152,-0.40333807144031897
JAX_018_012,JAX,rbf_weak,thin_plate_spline,0.01,128,1,Q2_TR,strict_blocked_cv,20,grid,4992,256060,3.393309325396299,4.813665915608383,0.7160195468800256,0.7096858366034776,4.0352710816282675,6.011856797334868,-2.1208704590796637,0.49746239074537385,0.561244047479675,-0.6419617562319684,-1.198190881726485,-0.2185571561346517,-0.14844178912380257
JAX_018_012,JAX,rbf_weak,thin_plate_spline,0.01,128,2,Q3_BL,strict_blocked_cv,20,grid,4992,254955,2.432130378474557,2.722095582216358,0.693972795176993,0.420971366997896,1.669729764401441,2.3960470178399373,-0.13109180210366853,0.6099027537983781,0.3654441117910751,0.7624006140731159,0.3260485643764208,-0.08407004137861485,-0.05552725520682089
JAX_018_012,JAX,rbf_weak,thin_plate_spline,0.01,128,3,Q4_BR,strict_blocked_cv,20,grid,4992,255823,2.725370046383499,3.632497685713905,0.8317835175274078,0.734542204460371,2.989651337508564,4.691289123653073,-1.8506702097359813,0.42493213454424905,0.29427117154553145,-0.26428129112506493,-1.0587914379391679,-0.4068513829831587,-0.44027103291483954
JAX_022_009,JAX,rbf_strong,thin_plate_spline,1.0,128,0,Q1_TL,strict_blocked_cv,20,grid,4992,257041,3.4106402997032195,4.464557815163043,0.5426313896801258,0.4949180186213963,6.7135327374953295,8.771498183531195,-2.0862228778979848,0.06180855703197535,0.07384479265284989,-3.30289243779211,-4.306940368368152,-0.48082283264815046,-0.4210732259685464
JAX_022_009,JAX,rbf_strong,thin_plate_spline,1.0,128,1,Q2_TR,strict_blocked_cv,20,grid,4992,257065,4.835119034199588,6.60266395076462,0.5276811815851244,0.5363669789461504,12.902591485956282,18.385482458893257,-5.942176127627938,-0.19470385006099797,-0.10433236627796615,-8.067472451756695,-11.782818508128639,-0.7223850316461224,-0.6406993452241165
JAX_022_009,JAX,rbf_strong,thin_plate_spline,1.0,128,2,Q3_BL,strict_blocked_cv,20,grid,4992,255407,3.093659789511943,3.505651085037354,0.4542962066594108,0.4165837959296772,7.511848527951871,11.06537932992109,-7.170569096313734,0.16994732706844762,0.1509056563857749,-4.4181887384399285,-7.559728244883736,-0.28434887959096317,-0.2656781395439023
JAX_022_009,JAX,rbf_strong,thin_plate_spline,1.0,128,3,Q4_BR,strict_blocked_cv,20,grid,4992,254695,3.467614590971101,4.598311745021645,0.4785779880691581,0.4714329257726004,4.901201572387594,6.9539225634847135,-2.382780732604809,-0.005996691455841081,0.02380139956313045,-1.4335869814164925,-2.3556108184630684,-0.48457467952499916,-0.44763152620946994
JAX_022_009,JAX,rbf_medium,thin_plate_spline,0.1,128,0,Q1_TL,strict_blocked_cv,20,grid,4992,257041,3.4106402997032195,4.464557815163043,0.5426313896801258,0.4949180186213963,9.448272290992113,12.058625184554163,0.6145682948340305,0.032898689568650025,0.01783970656158176,-6.037631991288894,-7.59406736939112,-0.5097327001114758,-0.47707831205981455
JAX_022_009,JAX,rbf_medium,thin_plate_spline,0.1,128,1,Q2_TR,strict_blocked_cv,20,grid,4992,257065,4.835119034199588,6.60266395076462,0.5276811815851244,0.5363669789461504,12.43625576329017,16.871170562906514,-4.5881269078881886,-0.1613726108645306,-0.0901422951101538,-7.601136729090582,-10.268506612141895,-0.689053792449655,-0.6265092740563042
JAX_022_009,JAX,rbf_medium,thin_plate_spline,0.1,128,2,Q3_BL,strict_blocked_cv,20,grid,4992,255407,3.093659789511943,3.505651085037354,0.4542962066594108,0.4165837959296772,8.20646248751202,11.399603485438004,-6.414199474263468,0.17443551903053292,0.14689737757189011,-5.112802698000078,-7.89395240040065,-0.27986068762887784,-0.26968641835778706
JAX_022_009,JAX,rbf_medium,thin_plate_spline,0.1,128,3,Q4_BR,strict_blocked_cv,20,grid,4992,254695,3.467614590971101,4.598311745021645,0.4785779880691581,0.4714329257726004,5.8245622850117735,8.402037106065006,-4.075156032243281,-0.0028889222602244474,-0.0017711418308979372,-2.3569476940406724,-3.8037253610433606,-0.48146691032938255,-0.4732040676034983
JAX_022_009,JAX,rbf_weak,thin_plate_spline,0.01,128,0,Q1_TL,strict_blocked_cv,20,grid,4992,257041,3.4106402997032195,4.464557815163043,0.5426313896801258,0.4949180186213963,8.619592483012985,11.14376984233549,-2.9566701531668715,0.03684232623294046,0.028957764154128117,-5.208952183309766,-6.679212027172446,-0.5057890634471853,-0.4659602544672682
JAX_022_009,JAX,rbf_weak,thin_plate_spline,0.01,128,1,Q2_TR,strict_blocked_cv,20,grid,4992,257065,4.835119034199588,6.60266395076462,0.5276811815851244,0.5363669789461504,11.125636770881115,14.460514534869155,-9.629243494850238,-0.09688292192961327,-0.04789857535645583,-6.290517736681528,-7.857850584104535,-0.6245641035147377,-0.5842655543026062
JAX_022_009,JAX,rbf_weak,thin_plate_spline,0.01,128,2,Q3_BL,strict_blocked_cv,20,grid,4992,255407,3.093659789511943,3.505651085037354,0.4542962066594108,0.4165837959296772,8.025393522028436,11.063243381105746,-4.449366730745964,0.17974795693395904,0.1525197291558178,-4.931733732516493,-7.557592296068393,-0.2745482497254518,-0.2640640667738594
JAX_022_009,JAX,rbf_weak,thin_plate_spline,0.01,128,3,Q4_BR,strict_blocked_cv,20,grid,4992,254695,3.467614590971101,4.598311745021645,0.4785779880691581,0.4714329257726004,8.409701253293665,11.804062740873047,-6.313836093079006,-0.05540660522758738,-0.11532457018708765,-4.9420866623225645,-7.205750995851401,-0.5339845932967454,-0.5867574959596881
JAX_031_006,JAX,rbf_strong,thin_plate_spline,1.0,128,0,Q1_TL,strict_blocked_cv,20,grid,4992,256015,4.084079520946776,4.500009995333319,0.639200018620607,0.5193810280750689,8.05340911312834,11.751289664194527,-7.313556131643033,0.1379988498118383,0.249574313525161,-3.9693295921815643,-7.251279668861208,-0.5012011688087687,-0.2698067145499079
JAX_031_006,JAX,rbf_strong,thin_plate_spline,1.0,128,1,Q2_TR,strict_blocked_cv,20,grid,4992,256213,4.041994045467125,4.879008683858554,0.7628746367843534,0.6391483580263809,7.1068975434756005,9.248935904016367,-6.247023061746211,0.27787466705066327,0.2704753169202742,-3.0649034980084755,-4.369927220157813,-0.48499996973369014,-0.3686730411061067
JAX_031_006,JAX,rbf_strong,thin_plate_spline,1.0,128,2,Q3_BL,strict_blocked_cv,20,grid,4992,257027,4.2005548150212455,4.9921716650045065,0.5392273602562445,0.4937472643470004,5.756969700090878,7.6530713177676395,-4.8656672033826975,0.29243366304926055,0.212769778300935,-1.5564148850696329,-2.660899652763133,-0.24679369720698396,-0.28097748604606543
JAX_031_006,JAX,rbf_strong,thin_plate_spline,1.0,128,3,Q4_BR,strict_blocked_cv,20,grid,4992,256456,3.522810349891403,3.9051817066840564,0.8452355321661417,0.7865907802042215,5.914716634907296,7.949831911811429,-4.363349576857967,0.22972810322612497,0.2442502391220983,-2.3919062850158928,-4.044650205127372,-0.6155074289400166,-0.5423405410821232
JAX_031_006,JAX,rbf_medium,thin_plate_spline,0.1,128,0,Q1_TL,strict_blocked_cv,20,grid,4992,256015,4.084079520946776,4.500009995333319,0.639200018620607,0.5193810280750689,10.347769978727314,14.851747386333118,-9.964504020203657,0.09458031283706317,0.21046689752398476,-6.2636904577805375,-10.351737390999798,-0.5446197057835439,-0.3089141305510842
JAX_031_006,JAX,rbf_medium,thin_plate_spline,0.1,128,1,Q2_TR,strict_blocked_cv,20,grid,4992,256213,4.041994045467125,4.879008683858554,0.7628746367843534,0.6391483580263809,7.054273517982686,9.410573345473757,-6.252619613458815,0.2651151392736494,0.2822543166050439,-3.0122794725155613,-4.531564661615204,-0.49775949751070403,-0.356894041421337
JAX_031_006,JAX,rbf_medium,thin_plate_spline,0.1,128,2,Q3_BL,strict_blocked_cv,20,grid,4992,257027,4.2005548150212455,4.9921716650045065,0.5392273602562445,0.4937472643470004,4.677745176295117,6.342019163233833,-3.445117320835278,0.4036184381660507,0.336117747090613,-0.4771903612738715,-1.3498474982293267,-0.13560892209019382,-0.1576295172563874
JAX_031_006,JAX,rbf_medium,thin_plate_spline,0.1,128,3,Q4_BR,strict_blocked_cv,20,grid,4992,256456,3.522810349891403,3.9051817066840564,0.8452355321661417,0.7865907802042215,4.930073396972997,6.361146018200748,-2.869187530241428,0.47156388932100834,0.45839192813020985,-1.4072630470815937,-2.455964311516692,-0.3736716428451333,-0.3281988520740116
JAX_031_006,JAX,rbf_weak,thin_plate_spline,0.01,128,0,Q1_TL,strict_blocked_cv,20,grid,4992,256015,4.084079520946776,4.500009995333319,0.639200018620607,0.5193810280750689,11.42442870134202,16.346635314806868,-10.842818519345405,0.0944726137752891,0.20553046608181627,-7.340349180395243,-11.84662531947355,-0.5447274048453179,-0.3138505619932527
JAX_031_006,JAX,rbf_weak,thin_plate_spline,0.01,128,1,Q2_TR,strict_blocked_cv,20,grid,4992,256213,4.041994045467125,4.879008683858554,0.7628746367843534,0.6391483580263809,6.1724229639296055,8.27253203277208,-5.295683315977466,0.40251257629036313,0.3958649908681025,-2.1304289184624805,-3.3935233489135266,-0.3603620604939903,-0.24328336715827842
JAX_031_006,JAX,rbf_weak,thin_plate_spline,0.01,128,2,Q3_BL,strict_blocked_cv,20,grid,4992,257027,4.2005548150212455,4.9921716650045065,0.5392273602562445,0.4937472643470004,3.9263521865995923,5.123201582446192,-1.0796491770796075,0.5032896917734299,0.4910035443995078,0.2742026284216532,-0.13102991744168513,-0.035937668482814655,-0.0027437199474926177
JAX_031_006,JAX,rbf_weak,thin_plate_spline,0.01,128,3,Q4_BR,strict_blocked_cv,20,grid,4992,256456,3.522810349891403,3.9051817066840564,0.8452355321661417,0.7865907802042215,4.9360035684418335,6.6464193754728615,-4.030124842817988,0.36761183545675535,0.4013269631558544,-1.4131932185504303,-2.741237668788805,-0.4776236967093863,-0.38526381704836704
JAX_072_015,JAX,rbf_strong,thin_plate_spline,1.0,128,0,Q1_TL,strict_blocked_cv,20,grid,4992,255790,2.8160093533242425,4.243595337742239,0.4766260978617655,0.24328937229026384,3.166636520902046,4.311904704516182,-0.5068602194098353,0.511840655118044,0.4772005577267783,-0.35062716757780343,-0.06830936677394295,0.03521455725627848,0.23391118543651443
JAX_072_015,JAX,rbf_strong,thin_plate_spline,1.0,128,1,Q2_TR,strict_blocked_cv,20,grid,4992,254538,3.6580086450356157,4.089174006045285,0.7727165443330921,0.678439329598363,8.74855168365347,12.130643896106701,7.523384202940518,0.11979524910396588,0.20982221985595736,-5.090543038617855,-8.041469890061416,-0.6529212952291262,-0.46861710974240556
JAX_072_015,JAX,rbf_strong,thin_plate_spline,1.0,128,2,Q3_BL,strict_blocked_cv,20,grid,4992,255207,2.781940645482388,4.378904684426836,0.31831993517976065,0.3122562963613846,3.0114461835626454,3.85565665663419,-0.07509849739927198,0.44361692370481964,0.4125790472640486,-0.2295055380802573,0.5232480277926457,0.125296988525059,0.10032275090266402
JAX_072_015,JAX,rbf_strong,thin_plate_spline,1.0,128,3,Q4_BR,strict_blocked_cv,20,grid,4992,256296,3.4033326171734286,3.8747946558449864,0.5808582656693451,0.5480836994548024,6.845034377481121,8.865841219692623,5.954298373490689,0.2538607764730977,0.2708296215633068,-3.4417017603076925,-4.991046563847636,-0.3269974891962474,-0.2772540778914956
JAX_072_015,JAX,rbf_medium,thin_plate_spline,0.1,128,0,Q1_TL,strict_blocked_cv,20,grid,4992,255790,2.8160093533242425,4.243595337742239,0.4766260978617655,0.24328937229026384,2.925513739217611,4.197891294091205,-0.7756751395539956,0.41074434286122996,0.37391145977659873,-0.10950438589336864,0.04570404365103364,-0.06588175500053556,0.1306220874863349
JAX_072_015,JAX,rbf_medium,thin_plate_spline,0.1,128,1,Q2_TR,strict_blocked_cv,20,grid,4992,254538,3.6580086450356157,4.089174006045285,0.7727165443330921,0.678439329598363,5.618916954963761,7.570807863572188,3.773802183782366,0.2850515632685403,0.34404321190665077,-1.9609083099281452,-3.4816338575269032,-0.4876649810645518,-0.3343961176917122
JAX_072_015,JAX,rbf_medium,thin_plate_spline,0.1,128,2,Q3_BL,strict_blocked_cv,20,grid,4992,255207,2.781940645482388,4.378904684426836,0.31831993517976065,0.3122562963613846,4.917610035191202,6.403151165437575,0.30924201116786393,-0.19826817368075672,-0.1529898823614352,-2.1356693897088137,-2.0242464810107395,-0.5165881088605173,-0.4652461787228198
JAX_072_015,JAX,rbf_medium,thin_plate_spline,0.1,128,3,Q4_BR,strict_blocked_cv,20,grid,4992,256296,3.4033326171734286,3.8747946558449864,0.5808582656693451,0.5480836994548024,4.491292415855839,5.531698729578769,3.330193656205571,0.3591272926424477,0.3888500003957429,-1.0879597986824106,-1.656904073733783,-0.22173097302689737,-0.15923369905905949
JAX_072_015,JAX,rbf_weak,thin_plate_spline,0.01,128,0,Q1_TL,strict_blocked_cv,20,grid,4992,255790,2.8160093533242425,4.243595337742239,0.4766260978617655,0.24328937229026384,4.103844622588454,5.7458622692107975,1.807944668605737,0.3353182733073994,0.32604116747294637,-1.2878352692642117,-1.5022669314685588,-0.14130782455436613,0.08275179518268252
JAX_072_015,JAX,rbf_weak,thin_plate_spline,0.01,128,1,Q2_TR,strict_blocked_cv,20,grid,4992,254538,3.6580086450356157,4.089174006045285,0.7727165443330921,0.678439329598363,7.428778212975261,9.90457672222183,6.450571996559214,0.250780118500374,0.29192692505862766,-3.770769567939645,-5.8154027161765445,-0.5219364258327182,-0.3865124045397353
JAX_072_015,JAX,rbf_weak,thin_plate_spline,0.01,128,2,Q3_BL,strict_blocked_cv,20,grid,4992,255207,2.781940645482388,4.378904684426836,0.31831993517976065,0.3122562963613846,7.079294936039977,9.13721339822674,3.410908981300901,-0.16601583347649523,-0.11078707673108999,-4.297354290557589,-4.758308713799904,-0.4843357686562559,-0.4230433730924746
JAX_072_015,JAX,rbf_weak,thin_plate_spline,0.01,128,3,Q4_BR,strict_blocked_cv,20,grid,4992,256296,3.4033326171734286,3.8747946558449864,0.5808582656693451,0.5480836994548024,4.0172222564838105,5.440373756764244,1.7217400117027255,0.3546208085040912,0.42850328251219555,-0.6138896393103819,-1.565579100919258,-0.22623745716525384,-0.11958041694260685
JAX_118_012,JAX,rbf_strong,thin_plate_spline,1.0,128,0,Q1_TL,strict_blocked_cv,20,grid,4992,256029,3.091337133585748,3.771347088929931,0.6517230936525453,0.4372018962541349,5.338957774816292,7.041995406763063,1.0527728252720343,0.4145810259062591,0.36027710485809056,-2.2476206412305437,-3.2706483178331323,-0.2371420677462862,-0.07692479139604436
JAX_118_012,JAX,rbf_strong,thin_plate_spline,1.0,128,1,Q2_TR,strict_blocked_cv,20,grid,4992,254691,2.196765068738742,3.2779231111532283,0.7984330574505267,0.47342329156012763,5.162179305216887,6.74300810471558,3.503909539112082,0.4811427899374482,0.35253378779015154,-2.9654142364781455,-3.4650849935623516,-0.31729026751307854,-0.12088950376997609
JAX_118_012,JAX,rbf_strong,thin_plate_spline,1.0,128,2,Q3_BL,strict_blocked_cv,20,grid,4992,255835,2.8189493691167455,3.40703738136258,0.5792594175386808,0.5206588544659762,2.3219786167809495,3.413681865574493,-0.8321538029066292,0.5521664216395423,0.5369708010858266,0.496970752335796,-0.006644484211912882,-0.027092995899138494,0.01631194661985047
JAX_118_012,JAX,rbf_strong,thin_plate_spline,1.0,128,3,Q4_BR,strict_blocked_cv,20,grid,4992,254822,1.4099568140975907,2.4453861039421274,0.7940055689657296,0.4214849725051848,2.8206628126111104,3.7799166762601226,0.050335230994207246,0.504246714152408,0.29528454966143997,-1.4107059985135197,-1.3345305723179952,-0.28975885481332164,-0.12620042284374483
JAX_118_012,JAX,rbf_medium,thin_plate_spline,0.1,128,0,Q1_TL,strict_blocked_cv,20,grid,4992,256029,3.091337133585748,3.771347088929931,0.6517230936525453,0.4372018962541349,4.578552711763951,6.267771936343876,1.433286849515596,0.430142685859616,0.3742198664790656,-1.487215578178203,-2.496424847413945,-0.2215804077929293,-0.06298202977506934
JAX_118_012,JAX,rbf_medium,thin_plate_spline,0.1,128,1,Q2_TR,strict_blocked_cv,20,grid,4992,254691,2.196765068738742,3.2779231111532283,0.7984330574505267,0.47342329156012763,6.217281827811949,7.957279291904861,5.319661280894162,0.43903100647488713,0.3388146232829241,-4.020516759073207,-4.679356180751633,-0.3594020509756396,-0.13460866827720352
JAX_118_012,JAX,rbf_medium,thin_plate_spline,0.1,128,2,Q3_BL,strict_blocked_cv,20,grid,4992,255835,2.8189493691167455,3.40703738136258,0.5792594175386808,0.5206588544659762,3.0315820531908924,4.611190742400876,-2.415649867858613,0.4369386916975745,0.49001821396803086,-0.21263268407414682,-1.2041533610382955,-0.14232072584110633,-0.030640640497945293
JAX_118_012,JAX,rbf_medium,thin_plate_spline,0.1,128,3,Q4_BR,strict_blocked_cv,20,grid,4992,254822,1.4099568140975907,2.4453861039421274,0.7940055689657296,0.4214849725051848,3.6196812685051283,5.510949167568833,2.613577216331087,0.4273263827985669,0.34841622103050823,-2.209724454407538,-3.0655630636267053,-0.3666791861671627,-0.07306875147467656
JAX_118_012,JAX,rbf_weak,thin_plate_spline,0.01,128,0,Q1_TL,strict_blocked_cv,20,grid,4992,256029,3.091337133585748,3.771347088929931,0.6517230936525453,0.4372018962541349,3.160217794775107,4.292594329344142,0.8082208669450545,0.5921149843182401,0.4970235679374864,-0.06888066118935887,-0.5212472404142114,-0.05960810933430527,0.05982167168335151
JAX_118_012,JAX,rbf_weak,thin_plate_spline,0.01,128,1,Q2_TR,strict_blocked_cv,20,grid,4992,254691,2.196765068738742,3.2779231111532283,0.7984330574505267,0.47342329156012763,4.9874117668068365,6.377756856441951,4.064931607805875,0.5284908047770147,0.3610934982799874,-2.7906466980680946,-3.0998337452887226,-0.269942252673512,-0.11232979328014026
JAX_118_012,JAX,rbf_weak,thin_plate_spline,0.01,128,2,Q3_BL,strict_blocked_cv,20,grid,4992,255835,2.8189493691167455,3.40703738136258,0.5792594175386808,0.5206588544659762,5.2576154404216675,7.554041964081443,-4.556773257405244,0.20732665275367157,0.32537225867484165,-2.438666071304922,-4.147004582718862,-0.37193276478500925,-0.1952865957911345
JAX_118_012,JAX,rbf_weak,thin_plate_spline,0.01,128,3,Q4_BR,strict_blocked_cv,20,grid,4992,254822,1.4099568140975907,2.4453861039421274,0.7940055689657296,0.4214849725051848,4.716370684673747,6.617471861252061,0.7866557659215649,0.3603265205030713,0.2889473038496049,-3.306413870576157,-4.172085757309933,-0.4336790484626583,-0.13253766865557992
JAX_118_015,JAX,rbf_strong,thin_plate_spline,1.0,128,0,Q1_TL,strict_blocked_cv,20,grid,4992,256200,2.212423816416,3.011849728240085,0.7787751361482316,0.6319726563076626,4.546407760313927,6.008393787462986,2.1309882925508057,0.3871326349200847,0.308028968501961,-2.333983943897927,-2.9965440592229013,-0.39164250122814687,-0.32394368780570165
JAX_118_015,JAX,rbf_strong,thin_plate_spline,1.0,128,1,Q2_TR,strict_blocked_cv,20,grid,4992,255123,2.2763716994797005,2.655269054953141,0.8935486266230556,0.6914081469902335,4.805735752565561,6.529412949906445,3.013486468932473,0.5493262617224732,0.4217198174040419,-2.5293640530858608,-3.874143894953304,-0.34422236490058233,-0.26968832958619154
JAX_118_015,JAX,rbf_strong,thin_plate_spline,1.0,128,2,Q3_BL,strict_blocked_cv,20,grid,4992,255807,2.3492289750724895,3.5868363040936067,0.6780365089861355,0.6227616030214534,2.136783861643436,2.9590650312544176,0.1157989265452136,0.6720946444702043,0.5979769001494473,0.21244511342905348,0.6277712728391891,-0.005941864515931261,-0.02478470287200618
JAX_118_015,JAX,rbf_strong,thin_plate_spline,1.0,128,3,Q4_BR,strict_blocked_cv,20,grid,4992,254946,1.4216274109975808,2.25780708959689,0.8081897656627731,0.5873753674551911,3.479849453268492,4.438883809130924,0.06595815992995849,0.48584425473251314,0.34686788255904916,-2.058222042270911,-2.1810767195340337,-0.32234551093026,-0.240507484896142
JAX_118_015,JAX,rbf_medium,thin_plate_spline,0.1,128,0,Q1_TL,strict_blocked_cv,20,grid,4992,256200,2.212423816416,3.011849728240085,0.7787751361482316,0.6319726563076626,4.700233851180015,6.644507855044132,2.7144392525100955,0.3243496140315451,0.28439370594069746,-2.4878100347640153,-3.6326581268040474,-0.45442552211668646,-0.3475789503669652
JAX_118_015,JAX,rbf_medium,thin_plate_spline,0.1,128,1,Q2_TR,strict_blocked_cv,20,grid,4992,255123,2.2763716994797005,2.655269054953141,0.8935486266230556,0.6914081469902335,4.13406083023248,5.331533620152119,1.1700474347407919,0.5912121549672322,0.45435678890081976,-1.8576891307527794,-2.6762645651989785,-0.30233647165582334,-0.2370513580894137
JAX_118_015,JAX,rbf_medium,thin_plate_spline,0.1,128,2,Q3_BL,strict_blocked_cv,20,grid,4992,255807,2.3492289750724895,3.5868363040936067,0.6780365089861355,0.6227616030214534,2.2180753595446214,3.3805769161645243,-0.9624026763390108,0.5851125659505261,0.5688979285758983,0.13115361552786808,0.20625938792908238,-0.09292394303560947,-0.053863674445555176
JAX_118_015,JAX,rbf_medium,thin_plate_spline,0.1,128,3,Q4_BR,strict_blocked_cv,20,grid,4992,254946,1.4216274109975808,2.25780708959689,0.8081897656627731,0.5873753674551911,3.184918494437519,4.291050415196193,-2.2173138374579504,0.526695580858927,0.3094782209831216,-1.7632910834399382,-2.033243325599303,-0.28149418480384614,-0.27789714647206953
JAX_118_015,JAX,rbf_weak,thin_plate_spline,0.01,128,0,Q1_TL,strict_blocked_cv,20,grid,4992,256200,2.212423816416,3.011849728240085,0.7787751361482316,0.6319726563076626,5.5320051224492826,7.374582964975201,3.4576797270381108,0.34386916213333546,0.28092384826152794,-3.3195813060332826,-4.362733236735116,-0.4349059740148961,-0.3510488080461347
JAX_118_015,JAX,rbf_weak,thin_plate_spline,0.01,128,1,Q2_TR,strict_blocked_cv,20,grid,4992,255123,2.2763716994797005,2.655269054953141,0.8935486266230556,0.6914081469902335,5.611255554738561,8.571026551152064,0.8453051030262846,0.49012036524658587,0.43610236972658867,-3.33488385525886,-5.915757496198923,-0.4034282613764697,-0.2553057772636448
JAX_118_015,JAX,rbf_weak,thin_plate_spline,0.01,128,2,Q3_BL,strict_blocked_cv,20,grid,4992,255807,2.3492289750724895,3.5868363040936067,0.6780365089861355,0.6227616030214534,3.312019289025055,4.6461613966276865,-2.034869488188813,0.4800078182145744,0.44186918119310037,-0.9627903139525653,-1.0593250925340798,-0.19802869077156116,-0.18089242182835308
JAX_118_015,JAX,rbf_weak,thin_plate_spline,0.01,128,3,Q4_BR,strict_blocked_cv,20,grid,4992,254946,1.4216274109975808,2.25780708959689,0.8081897656627731,0.5873753674551911,3.495006867794123,4.664205521432042,-1.2275711293591611,0.4388959745638048,0.26682442447436655,-2.073379456796542,-2.4063984318351523,-0.3692937910989683,-0.3205509429808246
JAX_149_006,JAX,rbf_strong,thin_plate_spline,1.0,128,0,Q1_TL,strict_blocked_cv,20,grid,4992,256078,3.956594017561166,4.474705487848496,0.20946155682122786,0.1940925675070148,4.252467618776774,5.47821930295887,1.0117585827666413,0.1655555015310874,0.1703427414489799,-0.29587360121560824,-1.0035138151103737,-0.04390605529014047,-0.023749826058034912
JAX_149_006,JAX,rbf_strong,thin_plate_spline,1.0,128,1,Q2_TR,strict_blocked_cv,20,grid,4992,254377,4.694202969575703,5.603218953273747,0.6866409731783261,0.6105626326411586,4.2173230788992555,5.674737558982765,-0.7371177720572974,0.4552407530678737,0.4641030540242831,0.47687989067644754,-0.07151860570901825,-0.23140022011045236,-0.14645957861687553
JAX_149_006,JAX,rbf_strong,thin_plate_spline,1.0,128,2,Q3_BL,strict_blocked_cv,20,grid,4992,257001,4.867524715690447,5.772810072887439,0.4392155737891548,0.4607157128547928,7.2721042400000515,9.868426443998665,-3.6690746357323967,-0.035167565432060593,0.008369778073529512,-2.4045795243096046,-4.095616371111226,-0.47438313922121544,-0.4523459347812633
JAX_149_006,JAX,rbf_strong,thin_plate_spline,1.0,128,3,Q4_BR,strict_blocked_cv,20,grid,4992,256201,4.703921544990675,5.592600202873182,0.6418621652682768,0.6807088868667145,7.654811913630544,11.064754122688667,4.141081118329602,0.5341797503789305,0.6071962290602444,-2.950890368639869,-5.472153919815485,-0.10768241488934627,-0.0735126578064701
JAX_149_006,JAX,rbf_medium,thin_plate_spline,0.1,128,0,Q1_TL,strict_blocked_cv,20,grid,4992,256078,3.956594017561166,4.474705487848496,0.20946155682122786,0.1940925675070148,3.668842381230038,4.623654948827637,1.6884419266088209,0.2264371964437939,0.19648443241867572,0.2877516363311279,-0.14894946097914108,0.01697563962256604,0.002391864911660907
JAX_149_006,JAX,rbf_medium,thin_plate_spline,0.1,128,1,Q2_TR,strict_blocked_cv,20,grid,4992,254377,4.694202969575703,5.603218953273747,0.6866409731783261,0.6105626326411586,4.094218614741828,5.488793234791363,0.3237862032345206,0.5144145234066101,0.5054748771014296,0.5999843548338752,0.11442571848238448,-0.17222644977171597,-0.10508775553972904
JAX_149_006,JAX,rbf_medium,thin_plate_spline,0.1,128,2,Q3_BL,strict_blocked_cv,20,grid,4992,257001,4.867524715690447,5.772810072887439,0.4392155737891548,0.4607157128547928,4.994706739964127,6.172140393617432,1.3093579712767258,0.3885748575506693,0.3879305674066047,-0.1271820242736803,-0.39933032072999275,-0.05064071623848554,-0.0727851454481881
JAX_149_006,JAX,rbf_medium,thin_plate_spline,0.1,128,3,Q4_BR,strict_blocked_cv,20,grid,4992,256201,4.703921544990675,5.592600202873182,0.6418621652682768,0.6807088868667145,9.032451257531324,12.928117632811317,2.9755779718429816,0.5013911617286881,0.5918888726570447,-4.328529712540649,-7.335517429938134,-0.14047100353958863,-0.08882001420966978
JAX_149_006,JAX,rbf_weak,thin_plate_spline,0.01,128,0,Q1_TL,strict_blocked_cv,20,grid,4992,256078,3.956594017561166,4.474705487848496,0.20946155682122786,0.1940925675070148,4.684769673661413,5.973868679373454,2.817799769164826,0.20334143277923034,0.1755040328407303,-0.7281756561002473,-1.499163191524958,-0.006120124041997521,-0.018588534666284517
JAX_149_006,JAX,rbf_weak,thin_plate_spline,0.01,128,1,Q2_TR,strict_blocked_cv,20,grid,4992,254377,4.694202969575703,5.603218953273747,0.6866409731783261,0.6105626326411586,5.1541560395967565,7.404917755298416,1.454099046617142,0.3496948481671486,0.34095271906665575,-0.45995307002105346,-1.801698802024669,-0.3369461250111775,-0.26960991357450287
JAX_149_006,JAX,rbf_weak,thin_plate_spline,0.01,128,2,Q3_BL,strict_blocked_cv,20,grid,4992,257001,4.867524715690447,5.772810072887439,0.4392155737891548,0.4607157128547928,6.821438062029796,8.663486152797693,4.068143119174526,0.27647940291917206,0.2857187668948435,-1.9539133463393492,-2.8906760799102544,-0.16273617086998277,-0.1749969459599493
JAX_149_006,JAX,rbf_weak,thin_plate_spline,0.01,128,3,Q4_BR,strict_blocked_cv,20,grid,4992,256201,4.703921544990675,5.592600202873182,0.6418621652682768,0.6807088868667145,5.963608445816021,8.765115308831843,-1.1787970224256326,0.4435110850172776,0.505322571128489,-1.2596869008253462,-3.172515105958661,-0.19835108025099918,-0.1753863157382255
JAX_149_025,JAX,rbf_strong,thin_plate_spline,1.0,128,0,Q1_TL,strict_blocked_cv,20,grid,4992,256143,4.250668848941263,4.801090117821805,0.15354849929742292,0.14928434898693763,3.661379187877642,4.90791320281409,-1.1159537137143394,0.07028286042166765,0.06708948140056524,0.5892896610636211,-0.10682308499228466,-0.08326563887575528,-0.08219486758637239
JAX_149_025,JAX,rbf_strong,thin_plate_spline,1.0,128,1,Q2_TR,strict_blocked_cv,20,grid,4992,254499,4.9793928434940025,5.93758434088793,0.5174671814641352,0.43232802402856557,5.251824583476546,7.137450364664932,-0.39121814174160746,0.2738843606921455,0.2831440323046013,-0.2724317399825438,-1.1998660237770027,-0.24358282077198967,-0.1491839917239643
JAX_149_025,JAX,rbf_strong,thin_plate_spline,1.0,128,2,Q3_BL,strict_blocked_cv,20,grid,4992,257324,5.2515072749423615,6.071116502356432,0.31793237506343025,0.3789319788278981,8.741883418086932,13.801247584313654,5.183139176954643,0.03288604455849606,0.19990817797033766,-3.4903761431445703,-7.7301310819572215,-0.2850463305049342,-0.17902380085756042
JAX_149_025,JAX,rbf_strong,thin_plate_spline,1.0,128,3,Q4_BR,strict_blocked_cv,20,grid,4992,256157,5.50260381079446,6.421896731524338,0.6115174217096049,0.6242452517210098,7.376044055429123,10.432401411023548,5.578427523472252,0.5744514165740293,0.6572350699143664,-1.8734402446346632,-4.01050467949921,-0.037066005135575564,0.03298981819335667
JAX_149_025,JAX,rbf_medium,thin_plate_spline,0.1,128,0,Q1_TL,strict_blocked_cv,20,grid,4992,256143,4.250668848941263,4.801090117821805,0.15354849929742292,0.14928434898693763,4.342544422971475,5.416465160105041,1.743265214277855,0.05480664810253934,0.04762966080545102,-0.09187557403021174,-0.6153750422832358,-0.09874185119488359,-0.1016546881814866
JAX_149_025,JAX,rbf_medium,thin_plate_spline,0.1,128,1,Q2_TR,strict_blocked_cv,20,grid,4992,254499,4.9793928434940025,5.93758434088793,0.5174671814641352,0.43232802402856557,5.73870864559002,7.913004696767017,2.642505297014521,0.37536434177375194,0.3392791902517579,-0.7593158020960171,-1.9754203558790877,-0.14210283969038323,-0.09304883377680767
JAX_149_025,JAX,rbf_medium,thin_plate_spline,0.1,128,2,Q3_BL,strict_blocked_cv,20,grid,4992,257324,5.2515072749423615,6.071116502356432,0.31793237506343025,0.3789319788278981,10.524004776365915,15.981627905640622,8.11334706296825,0.13698930477357216,0.29554578279586696,-5.272497501423554,-9.91051140328419,-0.1809430702898581,-0.08338619603203112
JAX_149_025,JAX,rbf_medium,thin_plate_spline,0.1,128,3,Q4_BR,strict_blocked_cv,20,grid,4992,256157,5.50260381079446,6.421896731524338,0.6115174217096049,0.6242452517210098,6.902571718008176,9.572641851608331,1.9914095335541453,0.49234477326799736,0.5847264266067408,-1.399967907213716,-3.150745120083993,-0.11917264844160752,-0.03951882511426896
JAX_149_025,JAX,rbf_weak,thin_plate_spline,0.01,128,0,Q1_TL,strict_blocked_cv,20,grid,4992,256143,4.250668848941263,4.801090117821805,0.15354849929742292,0.14928434898693763,4.604940075568152,5.803975315333068,2.6934610200588187,0.15977299980905924,0.13950113405485412,-0.3542712266268886,-1.0028851975112634,0.006224500511636311,-0.009783214932083506
JAX_149_025,JAX,rbf_weak,thin_plate_spline,0.01,128,1,Q2_TR,strict_blocked_cv,20,grid,4992,254499,4.9793928434940025,5.93758434088793,0.5174671814641352,0.43232802402856557,8.92971976607262,12.785360468619732,3.969383370290597,0.22302494340426177,0.1457852492180608,-3.9503269225786184,-6.8477761277318026,-0.2944422380598734,-0.2865427748105048
JAX_149_025,JAX,rbf_weak,thin_plate_spline,0.01,128,2,Q3_BL,strict_blocked_cv,20,grid,4992,257324,5.2515072749423615,6.071116502356432,0.31793237506343025,0.3789319788278981,10.518269664432164,15.458271068187646,6.900271188414298,0.21371460130688297,0.2840551424467335,-5.266762389489803,-9.387154565831214,-0.10421777375654728,-0.09487683638116456
JAX_149_025,JAX,rbf_weak,thin_plate_spline,0.01,128,3,Q4_BR,strict_blocked_cv,20,grid,4992,256157,5.50260381079446,6.421896731524338,0.6115174217096049,0.6242452517210098,12.190569286460576,17.02643794414611,3.821519571320722,0.39547364605949303,0.4207787395284612,-6.687965475666116,-10.604541212621772,-0.21604377565011185,-0.20346651219254858
JAX_161_001,JAX,rbf_strong,thin_plate_spline,1.0,128,0,Q1_TL,strict_blocked_cv,20,grid,4992,255697,1.9257065978353165,2.3414333517912764,0.8790854627810681,0.5557992927368711,1.7128296191974803,2.241403078945782,-1.231848512172144,0.8448318472472123,0.4868326046903978,0.21287697863783617,0.10003027284549448,-0.03425361553385586,-0.06896668804647332
JAX_161_001,JAX,rbf_strong,thin_plate_spline,1.0,128,1,Q2_TR,strict_blocked_cv,20,grid,4992,252400,1.793594035290446,2.4226580139068234,0.5948901754566083,0.4599883488556211,1.4333905696801068,2.3238893195155272,-0.17535599851998704,0.5736217484163478,0.41515610440361,0.3602034656103392,0.09876869439129621,-0.02126842704026044,-0.044832244452011116
JAX_161_001,JAX,rbf_strong,thin_plate_spline,1.0,128,2,Q3_BL,strict_blocked_cv,20,grid,4992,256372,1.2575483492673667,2.077246791889559,0.8035828503534996,0.7626859066396144,2.865718474841495,4.243890196864644,0.6568383209174286,0.6525264958092987,0.5942620718771325,-1.608170125574128,-2.166643404975085,-0.15105635454420097,-0.1684238347624819
JAX_161_001,JAX,rbf_strong,thin_plate_spline,1.0,128,3,Q4_BR,strict_blocked_cv,20,grid,4992,255310,2.5703711669942946,2.94339697268315,0.8536436804926284,0.6275337990752521,2.9197405608891454,4.317563717972914,-2.449041691919963,0.7132664730078652,0.49913369109020667,-0.3493693938948508,-1.374166745289764,-0.14037720748476323,-0.12840010798504542
JAX_161_001,JAX,rbf_medium,thin_plate_spline,0.1,128,0,Q1_TL,strict_blocked_cv,20,grid,4992,255697,1.9257065978353165,2.3414333517912764,0.8790854627810681,0.5557992927368711,1.5736851284172697,2.219826486015168,-0.8660663850677437,0.8250058491294425,0.47824139534240845,0.3520214694180468,0.12160686577610846,-0.05407961365162561,-0.07755789739446267
JAX_161_001,JAX,rbf_medium,thin_plate_spline,0.1,128,1,Q2_TR,strict_blocked_cv,20,grid,4992,252400,1.793594035290446,2.4226580139068234,0.5948901754566083,0.4599883488556211,1.4952760864975765,2.4318591454779592,-0.5768945588404578,0.5739493986462096,0.43270422588134627,0.29831794879286955,-0.009201131571135779,-0.02094077681039863,-0.02728412297427485
JAX_161_001,JAX,rbf_medium,thin_plate_spline,0.1,128,2,Q3_BL,strict_blocked_cv,20,grid,4992,256372,1.2575483492673667,2.077246791889559,0.8035828503534996,0.7626859066396144,2.3047656988497836,3.2896348584822195,0.11287184308380754,0.6778384053035174,0.6188618681030398,-1.0472173495824169,-1.2123880665926605,-0.12574444504998228,-0.14382403853657466
JAX_161_001,JAX,rbf_medium,thin_plate_spline,0.1,128,3,Q4_BR,strict_blocked_cv,20,grid,4992,255310,2.5703711669942946,2.94339697268315,0.8536436804926284,0.6275337990752521,2.2115926718495875,3.345566003415436,-1.7097220860493019,0.7929716355175094,0.6027099952385123,0.35877849514470705,-0.40216903073228627,-0.06067204497511902,-0.024823803836739766
JAX_161_001,JAX,rbf_weak,thin_plate_spline,0.01,128,0,Q1_TL,strict_blocked_cv,20,grid,4992,255697,1.9257065978353165,2.3414333517912764,0.8790854627810681,0.5557992927368711,1.7773677186520334,2.6347865398956127,-1.2283525488474774,0.7728395850695055,0.5103166578027993,0.14833887918328315,-0.2933531881043363,-0.10624587771156269,-0.045482634934071786
JAX_161_001,JAX,rbf_weak,thin_plate_spline,0.01,128,1,Q2_TR,strict_blocked_cv,20,grid,4992,252400,1.793594035290446,2.4226580139068234,0.5948901754566083,0.4599883488556211,1.8318001733229956,2.6495493966823944,-0.3577720223029903,0.5713676201342193,0.37527680335612407,-0.038206138032549575,-0.22689138277557097,-0.023522555322389005,-0.08471154549949705
JAX_161_001,JAX,rbf_weak,thin_plate_spline,0.01,128,2,Q3_BL,strict_blocked_cv,20,grid,4992,256372,1.2575483492673667,2.077246791889559,0.8035828503534996,0.7626859066396144,3.417785473481487,4.865760522169297,1.5354400425774384,0.6357784642749627,0.5792557901767239,-2.1602371242141203,-2.788513730279738,-0.16780438607853698,-0.18343011646289054
JAX_161_001,JAX,rbf_weak,thin_plate_spline,0.01,128,3,Q4_BR,strict_blocked_cv,20,grid,4992,255310,2.5703711669942946,2.94339697268315,0.8536436804926284,0.6275337990752521,3.123133952891977,4.6636312550783705,-2.7077644047423854,0.693781442003286,0.5028168828842624,-0.5527627858976825,-1.7202342823952206,-0.15986223848934245,-0.12471691619098968
JAX_164_008,JAX,rbf_strong,thin_plate_spline,1.0,128,0,Q1_TL,strict_blocked_cv,20,grid,4992,255801,3.1019942549964563,4.881618738508025,0.8788035769545348,0.6814948602991067,4.898750969005933,6.24620768347844,-0.19232195708994884,0.7936232331860748,0.5302130387001549,-1.7967567140094767,-1.3645889449704152,-0.08518034376846007,-0.15128182159895176
JAX_164_008,JAX,rbf_strong,thin_plate_spline,1.0,128,1,Q2_TR,strict_blocked_cv,20,grid,4992,253742,7.335799290343996,11.722566379285594,0.7884740477913226,0.7786701909221071,17.245422575622865,27.87904299194521,13.678806561847809,0.7338895238379288,0.6911608097987214,-9.909623285278869,-16.156476612659617,-0.05458452395339375,-0.08750938112338569
JAX_164_008,JAX,rbf_strong,thin_plate_spline,1.0,128,2,Q3_BL,strict_blocked_cv,20,grid,4992,255726,2.60083884366412,4.063583300837681,0.8989574912649686,0.5493113402244257,9.274366657830484,11.87878897273897,8.246609705425861,0.6069637755865469,0.39892108914581753,-6.6735278141663645,-7.815205671901289,-0.2919937156784217,-0.1503902510786082
JAX_164_008,JAX,rbf_strong,thin_plate_spline,1.0,128,3,Q4_BR,strict_blocked_cv,20,grid,4992,256407,8.472447805868953,12.735108992803468,0.5480394280080674,0.3895497705595136,8.737955856210341,11.99004452123585,5.1102576334206855,0.4100000358509457,0.3672800064095396,-0.26550805034138847,0.745064471567618,-0.1380393921571217,-0.022269764149974003
JAX_164_008,JAX,rbf_medium,thin_plate_spline,0.1,128,0,Q1_TL,strict_blocked_cv,20,grid,4992,255801,3.1019942549964563,4.881618738508025,0.8788035769545348,0.6814948602991067,6.1303459231075905,7.533006929269241,2.6246143506366404,0.7610372891884967,0.5467723441261811,-3.028351668111134,-2.6513881907612165,-0.11776628776603815,-0.13472251617292552
JAX_164_008,JAX,rbf_medium,thin_plate_spline,0.1,128,1,Q2_TR,strict_blocked_cv,20,grid,4992,253742,7.335799290343996,11.722566379285594,0.7884740477913226,0.7786701909221071,19.134227133284845,30.839677392723107,17.008223926633157,0.7400375935078269,0.6812480565002337,-11.79842784294085,-19.117111013437516,-0.048436454283495634,-0.09742213442187342
JAX_164_008,JAX,rbf_medium,thin_plate_spline,0.1,128,2,Q3_BL,strict_blocked_cv,20,grid,4992,255726,2.60083884366412,4.063583300837681,0.8989574912649686,0.5493113402244257,8.850652137349615,11.344190036986538,8.16961531885446,0.6510565916389532,0.4181436433917871,-6.249813293685495,-7.280606736148856,-0.24790089962601536,-0.13116769683263863
JAX_164_008,JAX,rbf_medium,thin_plate_spline,0.1,128,3,Q4_BR,strict_blocked_cv,20,grid,4992,256407,8.472447805868953,12.735108992803468,0.5480394280080674,0.3895497705595136,7.838117988886552,11.26894685811294,3.607741170931072,0.4562125490665244,0.3567025568084294,0.634329816982401,1.4661621346905278,-0.09182687894154296,-0.03284721375108424
JAX_164_008,JAX,rbf_weak,thin_plate_spline,0.01,128,0,Q1_TL,strict_blocked_cv,20,grid,4992,255801,3.1019942549964563,4.881618738508025,0.8788035769545348,0.6814948602991067,4.900264297187599,6.270405923551745,0.7682957606985772,0.8099189718065356,0.5734934107134075,-1.7982700421911426,-1.3887871850437197,-0.06888460514799921,-0.10800144958569913
JAX_164_008,JAX,rbf_weak,thin_plate_spline,0.01,128,1,Q2_TR,strict_blocked_cv,20,grid,4992,253742,7.335799290343996,11.722566379285594,0.7884740477913226,0.7786701909221071,13.13832295547866,20.835024202845016,10.334825996562605,0.7761284110751143,0.7136235726527113,-5.8025236651346646,-9.112457823559422,-0.012345636716208253,-0.06504661826939584
JAX_164_008,JAX,rbf_weak,thin_plate_spline,0.01,128,2,Q3_BL,strict_blocked_cv,20,grid,4992,255726,2.60083884366412,4.063583300837681,0.8989574912649686,0.5493113402244257,7.110107172489687,9.117864782470145,6.377447288597779,0.7369240795992786,0.42461554306760646,-4.509268328825566,-5.054281481632463,-0.16203341166568996,-0.12469579715681928
JAX_164_008,JAX,rbf_weak,thin_plate_spline,0.01,128,3,Q4_BR,strict_blocked_cv,20,grid,4992,256407,8.472447805868953,12.735108992803468,0.5480394280080674,0.3895497705595136,9.334712266451659,13.09258916849267,5.44301184272693,0.3669685801879081,0.2735656417654102,-0.8622644605827059,-0.35748017568920254,-0.18107084782015925,-0.11598412879410341
JAX_165_015,JAX,rbf_strong,thin_plate_spline,1.0,128,0,Q1_TL,strict_blocked_cv,20,grid,4992,256853,3.697161970034546,5.125361279720085,0.8322059978847075,0.8144005621817025,5.9236793159680365,7.808374566452196,-0.33604465309941234,0.6610395179729982,0.6588639475805211,-2.2265173459334906,-2.683013286732111,-0.1711664799117093,-0.1555366146011814
JAX_165_015,JAX,rbf_strong,thin_plate_spline,1.0,128,1,Q2_TR,strict_blocked_cv,20,grid,4992,255721,6.386008058531858,9.383485546974367,0.9120079728024844,0.8259197116283384,6.572012830713688,10.885645919933172,-4.026412910993983,0.7946170301394793,0.7267599945779716,-0.1860047721818301,-1.5021603729588051,-0.1173909426630051,-0.09915971705036686
JAX_165_015,JAX,rbf_strong,thin_plate_spline,1.0,128,2,Q3_BL,strict_blocked_cv,20,grid,4992,257127,6.145733289725009,8.19450341855208,0.7655377690044628,0.7547896574410375,6.171449793144497,8.756174440152902,3.3031547795519116,0.6356144021707009,0.6494961157341654,-0.025716503419487502,-0.5616710216008229,-0.12992336683376193,-0.1052935417068721
JAX_165_015,JAX,rbf_strong,thin_plate_spline,1.0,128,3,Q4_BR,strict_blocked_cv,20,grid,4992,256619,4.7923127002882895,5.729639525601226,0.8666276046630963,0.8072951741142925,8.161583129982699,11.152191315164465,-3.951749221940648,0.6112223318198797,0.6261868616481245,-3.369270429694409,-5.422551789563239,-0.25540527284321657,-0.181108312466168
JAX_165_015,JAX,rbf_medium,thin_plate_spline,0.1,128,0,Q1_TL,strict_blocked_cv,20,grid,4992,256853,3.697161970034546,5.125361279720085,0.8322059978847075,0.8144005621817025,6.066026285179334,8.336759886122259,-2.773289034900292,0.6817343809949695,0.6721291342712751,-2.3688643151447883,-3.211398606402174,-0.15047161688973798,-0.14227142791042746
JAX_165_015,JAX,rbf_medium,thin_plate_spline,0.1,128,1,Q2_TR,strict_blocked_cv,20,grid,4992,255721,6.386008058531858,9.383485546974367,0.9120079728024844,0.8259197116283384,6.209963569595622,10.47027199276732,-4.485349269300196,0.8249867632977024,0.7416323134918344,0.1760444889362356,-1.0867864457929528,-0.08702120950478198,-0.08428739813650399
JAX_165_015,JAX,rbf_medium,thin_plate_spline,0.1,128,2,Q3_BL,strict_blocked_cv,20,grid,4992,257127,6.145733289725009,8.19450341855208,0.7655377690044628,0.7547896574410375,9.979710483117033,13.12304848192618,3.7769633446672985,0.5252684879371223,0.5455027206527324,-3.833977193392024,-4.9285450633741,-0.24026928106734047,-0.20928693678830512
JAX_165_015,JAX,rbf_medium,thin_plate_spline,0.1,128,3,Q4_BR,strict_blocked_cv,20,grid,4992,256619,4.7923127002882895,5.729639525601226,0.8666276046630963,0.8072951741142925,11.502246401155894,14.940957158494465,-9.889341576118802,0.6520455242292642,0.6454846543342307,-6.709933700867604,-9.211317632893238,-0.2145820804338321,-0.16181051978006178
JAX_165_015,JAX,rbf_weak,thin_plate_spline,0.01,128,0,Q1_TL,strict_blocked_cv,20,grid,4992,256853,3.697161970034546,5.125361279720085,0.8322059978847075,0.8144005621817025,5.639518891471545,7.385214091930313,-1.132721935100163,0.6386366684726916,0.6529872647105306,-1.9423569214369993,-2.2598528122102275,-0.19356932941201588,-0.16141329747117195
JAX_165_015,JAX,rbf_weak,thin_plate_spline,0.01,128,1,Q2_TR,strict_blocked_cv,20,grid,4992,255721,6.386008058531858,9.383485546974367,0.9120079728024844,0.8259197116283384,6.561075907611273,10.21914424671909,-5.759999397178761,0.861786475770469,0.7827707372892143,-0.17506784907941508,-0.8356586997447231,-0.050221497032015394,-0.043148974339124124
JAX_165_015,JAX,rbf_weak,thin_plate_spline,0.01,128,2,Q3_BL,strict_blocked_cv,20,grid,4992,257127,6.145733289725009,8.19450341855208,0.7655377690044628,0.7547896574410375,9.509143883586841,12.658014416112106,-0.9303813848105777,0.5902699083548322,0.6186448307409822,-3.3634105938618317,-4.463510997560027,-0.17526786064963062,-0.13614482670005534
JAX_165_015,JAX,rbf_weak,thin_plate_spline,0.01,128,3,Q4_BR,strict_blocked_cv,20,grid,4992,256619,4.7923127002882895,5.729639525601226,0.8666276046630963,0.8072951741142925,8.124269702841016,11.210243341158547,-2.38461511247311,0.5511324757903384,0.5634229304145698,-3.331957002552726,-5.480603815557321,-0.3154951288727579,-0.2438722436997227
JAX_166_006,JAX,rbf_strong,thin_plate_spline,1.0,128,0,Q1_TL,strict_blocked_cv,20,grid,4992,256651,6.913117903110086,10.026137076663423,0.8138611101121218,0.7929836951755287,26.571672312387232,46.0867543746728,24.17944966595758,0.4291523041474863,0.5846825188869965,-19.658554409277144,-36.060617298009376,-0.3847088059646355,-0.20830117628853217
JAX_166_006,JAX,rbf_strong,thin_plate_spline,1.0,128,1,Q2_TR,strict_blocked_cv,20,grid,4992,255291,6.745800294110764,13.306135243705606,0.7953293113377018,0.8097602206746914,8.672602468832192,16.27988184977822,-1.8486231788153518,0.6621535286536502,0.6108410237107086,-1.926802174721428,-2.9737466060726145,-0.1331757826840516,-0.19891919696398286
JAX_166_006,JAX,rbf_strong,thin_plate_spline,1.0,128,2,Q3_BL,strict_blocked_cv,20,grid,4992,256384,4.292058834448128,8.94154823050365,0.9715778323630455,0.6651744502771189,19.220239756819527,27.833718376154934,12.827449107109935,0.22729443644633496,0.18761082234280146,-14.9281809223714,-18.892170145651285,-0.7442833959167106,-0.4775636279343174
JAX_166_006,JAX,rbf_strong,thin_plate_spline,1.0,128,3,Q4_BR,strict_blocked_cv,20,grid,4992,256432,5.697723759485116,8.360730657942703,0.8177418627576195,0.8355826276552752,9.86079425972817,13.250496322817673,-5.409376728085255,0.5769920238983878,0.6190133049218105,-4.163070500243054,-4.88976566487497,-0.24074983885923174,-0.21656932273346474
JAX_166_006,JAX,rbf_medium,thin_plate_spline,0.1,128,0,Q1_TL,strict_blocked_cv,20,grid,4992,256651,6.913117903110086,10.026137076663423,0.8138611101121218,0.7929836951755287,21.90694173652684,36.977485827111806,18.969166958798052,0.49323481233791566,0.6011923558703098,-14.993823833416753,-26.951348750448382,-0.32062629777420615,-0.19179133930521886
JAX_166_006,JAX,rbf_medium,thin_plate_spline,0.1,128,1,Q2_TR,strict_blocked_cv,20,grid,4992,255291,6.745800294110764,13.306135243705606,0.7953293113377018,0.8097602206746914,14.164680508890795,23.614108593556242,5.169279112597065,0.44889185521062563,0.546326681574997,-7.418880214780031,-10.307973349850636,-0.34643745612707616,-0.26343353909969447
JAX_166_006,JAX,rbf_medium,thin_plate_spline,0.1,128,2,Q3_BL,strict_blocked_cv,20,grid,4992,256384,4.292058834448128,8.94154823050365,0.9715778323630455,0.6651744502771189,16.75621302920191,24.337403055424822,11.258542043937677,0.31563757993111524,0.2291774021242806,-12.464154194753782,-15.395854824921171,-0.6559402524319302,-0.43599704815283824
JAX_166_006,JAX,rbf_medium,thin_plate_spline,0.1,128,3,Q4_BR,strict_blocked_cv,20,grid,4992,256432,5.697723759485116,8.360730657942703,0.8177418627576195,0.8355826276552752,9.595107637350814,13.392154161571979,-3.6867339986726937,0.6600273521190114,0.6766232802881117,-3.897383877865699,-5.031423503629275,-0.15771451063860809,-0.15895934736716355
JAX_166_006,JAX,rbf_weak,thin_plate_spline,0.01,128,0,Q1_TL,strict_blocked_cv,20,grid,4992,256651,6.913117903110086,10.026137076663423,0.8138611101121218,0.7929836951755287,15.827289174752629,24.534345914761982,9.822944383050938,0.5800038484810386,0.6304317337568486,-8.914171271642543,-14.50820883809856,-0.23385726163108322,-0.1625519614186801
JAX_166_006,JAX,rbf_weak,thin_plate_spline,0.01,128,1,Q2_TR,strict_blocked_cv,20,grid,4992,255291,6.745800294110764,13.306135243705606,0.7953293113377018,0.8097602206746914,17.251241993784667,28.52918913594158,12.51420606171909,0.42636273508597966,0.580726019873153,-10.505441699673902,-15.223053892235972,-0.36896657625172213,-0.22903420080153847
JAX_166_006,JAX,rbf_weak,thin_plate_spline,0.01,128,2,Q3_BL,strict_blocked_cv,20,grid,4992,256384,4.292058834448128,8.94154823050365,0.9715778323630455,0.6651744502771189,13.575831980440146,18.525568897616797,6.37764764309182,0.4488031958672122,0.24148147085783717,-9.283773145992019,-9.584020667113146,-0.5227746364958333,-0.4236929794192817
JAX_166_006,JAX,rbf_weak,thin_plate_spline,0.01,128,3,Q4_BR,strict_blocked_cv,20,grid,4992,256432,5.697723759485116,8.360730657942703,0.8177418627576195,0.8355826276552752,17.519834501253698,23.922619976470564,-4.313247088713304,0.5947293507234801,0.630988627055532,-11.822110741768583,-15.56188931852786,-0.2230125120341394,-0.2045940005997432
JAX_175_002,JAX,rbf_strong,thin_plate_spline,1.0,128,0,Q1_TL,strict_blocked_cv,20,grid,4992,255850,4.946620535921995,9.126255780162749,0.6557961003800394,0.7422724844923199,8.847426696860712,16.058301861528676,-6.828504840585972,-0.023242162817407996,0.039720085070783645,-3.900806160938717,-6.932046081365927,-0.6790382631974474,-0.7025523994215362
JAX_175_002,JAX,rbf_strong,thin_plate_spline,1.0,128,1,Q2_TR,strict_blocked_cv,20,grid,4992,255460,1.7389364745421425,2.30563992339793,0.7138695334827316,0.6051787324686216,2.550915226542784,4.31123856104468,-1.5608452602353022,0.2692111112243298,0.3107070586260881,-0.8119787520006414,-2.0055986376467505,-0.44465842225840185,-0.29447167384253353
JAX_175_002,JAX,rbf_strong,thin_plate_spline,1.0,128,2,Q3_BL,strict_blocked_cv,20,grid,4992,255903,2.824606096653747,6.336042785344921,0.7196964692381114,0.6100366569654283,6.4439612215986894,10.13853554786413,-0.6888430158003911,0.416429929360785,0.41896349697353313,-3.6193551249449425,-3.8024927625192095,-0.3032665398773264,-0.19107315999189517
JAX_175_002,JAX,rbf_strong,thin_plate_spline,1.0,128,3,Q4_BR,strict_blocked_cv,20,grid,4992,256008,2.1087583090542688,2.557358850471082,0.6638013833705165,0.5366448369394624,2.353015374110674,3.13588302993352,-0.45447499238995676,0.4121484684233646,0.2834338711016768,-0.24425706505640532,-0.5785241794624381,-0.2516529149471519,-0.25321096583778563
JAX_175_002,JAX,rbf_medium,thin_plate_spline,0.1,128,0,Q1_TL,strict_blocked_cv,20,grid,4992,255850,4.946620535921995,9.126255780162749,0.6557961003800394,0.7422724844923199,6.80294443559366,10.297403231295862,-2.038950907278086,0.5896842952953303,0.5634317600566788,-1.856323899671665,-1.1711474511331126,-0.06611180508470915,-0.17884072443564103
JAX_175_002,JAX,rbf_medium,thin_plate_spline,0.1,128,1,Q2_TR,strict_blocked_cv,20,grid,4992,255460,1.7389364745421425,2.30563992339793,0.7138695334827316,0.6051787324686216,2.3386203233489744,3.567631012891571,1.2798446458638604,0.506104457302063,0.48825657191988586,-0.5996838488068319,-1.261991089493641,-0.20776507618066864,-0.11692216054873578
JAX_175_002,JAX,rbf_medium,thin_plate_spline,0.1,128,2,Q3_BL,strict_blocked_cv,20,grid,4992,255903,2.824606096653747,6.336042785344921,0.7196964692381114,0.6100366569654283,4.9697162267356125,7.508059694700569,-0.4071278061270763,0.5261745271876466,0.42130950017572577,-2.1451101300818656,-1.1720169093556487,-0.1935219420504648,-0.18872715678970253
JAX_175_002,JAX,rbf_medium,thin_plate_spline,0.1,128,3,Q4_BR,strict_blocked_cv,20,grid,4992,256008,2.1087583090542688,2.557358850471082,0.6638013833705165,0.5366448369394624,3.2672540546571858,4.564993132478335,-2.4868030021701935,0.26673598488110717,0.2210729361963061,-1.158495745602917,-2.0076342820072535,-0.39706539848940936,-0.31557190074315633
JAX_175_002,JAX,rbf_weak,thin_plate_spline,0.01,128,0,Q1_TL,strict_blocked_cv,20,grid,4992,255850,4.946620535921995,9.126255780162749,0.6557961003800394,0.7422724844923199,5.754569191819219,9.699270818578508,-1.4837651583885,0.6006811264076166,0.618901240797817,-0.8079486558972242,-0.5730150384157593,-0.05511497397242282,-0.12337124369450281
JAX_175_002,JAX,rbf_weak,thin_plate_spline,0.01,128,1,Q2_TR,strict_blocked_cv,20,grid,4992,255460,1.7389364745421425,2.30563992339793,0.7138695334827316,0.6051787324686216,2.412159262345285,3.7298110592553133,1.3835310297520458,0.46272152809752876,0.4703305937725218,-0.6732227878031425,-1.4241711358573834,-0.2511480053852029,-0.13484813869609985
JAX_175_002,JAX,rbf_weak,thin_plate_spline,0.01,128,2,Q3_BL,strict_blocked_cv,20,grid,4992,255903,2.824606096653747,6.336042785344921,0.7196964692381114,0.6100366569654283,7.396948494473253,11.524553964387385,-3.518395035792044,0.11442982259587679,0.15656730464267515,-4.572342397819506,-5.1885111790424645,-0.6052666466422346,-0.45346935232275315
JAX_175_002,JAX,rbf_weak,thin_plate_spline,0.01,128,3,Q4_BR,strict_blocked_cv,20,grid,4992,256008,2.1087583090542688,2.557358850471082,0.6638013833705165,0.5366448369394624,3.765305538785693,5.30773213620631,1.9805657085383743,0.2331529152990964,0.2784351423094812,-1.6565472297314243,-2.750373285735228,-0.4306484680714201,-0.2582096946299812
JAX_204_005,JAX,rbf_strong,thin_plate_spline,1.0,128,0,Q1_TL,strict_blocked_cv,20,grid,4992,256490,3.3037422967104395,4.256026452437033,0.6891834586150805,0.5727078033283735,4.8381631613336324,7.138820062283634,-3.6518589363372365,0.05694169541372639,0.1304738431990499,-1.534420864623193,-2.882793609846601,-0.6322417632013541,-0.4422339601293236
JAX_204_005,JAX,rbf_strong,thin_plate_spline,1.0,128,1,Q2_TR,strict_blocked_cv,20,grid,4992,255693,3.829951210842841,4.425912082999894,0.8124200727869698,0.5567580512078285,5.912165413533122,7.23207805074465,0.4349958130909927,0.08463294092004696,0.012071406693926173,-2.0822142026902815,-2.8061659677447555,-0.7277871318669229,-0.5446866445139024
JAX_204_005,JAX,rbf_strong,thin_plate_spline,1.0,128,2,Q3_BL,strict_blocked_cv,20,grid,4992,255091,2.2698724585050734,2.6141220176964977,0.1533465308606157,0.10461770372809484,2.624854306120218,3.4957656127133694,-0.6014870011253962,0.30546174245912605,0.2259749522917003,-0.35498184761514473,-0.8816435950168717,0.15211521159851035,0.12135724856360547
JAX_204_005,JAX,rbf_strong,thin_plate_spline,1.0,128,3,Q4_BR,strict_blocked_cv,20,grid,4992,254342,3.627106130155775,4.486709202090011,0.3199240929252034,0.30482693927509835,6.843453918394051,9.95183279770232,-0.8316608744932015,0.14619711932498347,0.11440273901699836,-3.216347788238276,-5.465123595612309,-0.17372697360021994,-0.19042420025809997
JAX_204_005,JAX,rbf_medium,thin_plate_spline,0.1,128,0,Q1_TL,strict_blocked_cv,20,grid,4992,256490,3.3037422967104395,4.256026452437033,0.6891834586150805,0.5727078033283735,5.288650787953595,8.124331023278062,-4.771804416859946,0.024097495917889622,0.16773241311455953,-1.9849084912431558,-3.868304570841029,-0.6650859626971908,-0.4049753902138139
JAX_204_005,JAX,rbf_medium,thin_plate_spline,0.1,128,1,Q2_TR,strict_blocked_cv,20,grid,4992,255693,3.829951210842841,4.425912082999894,0.8124200727869698,0.5567580512078285,7.362147190716001,10.314718185252458,4.226956369532428,0.03194265830880403,0.13149993348446212,-3.5321959798731606,-5.8888061022525635,-0.7804774144781658,-0.4252581177233664
JAX_204_005,JAX,rbf_medium,thin_plate_spline,0.1,128,2,Q3_BL,strict_blocked_cv,20,grid,4992,255091,2.2698724585050734,2.6141220176964977,0.1533465308606157,0.10461770372809484,3.0550017648537158,3.8868402560766433,0.03888179193889222,0.44527764581565465,0.31080962302277654,-0.7851293063486424,-1.2727182383801456,0.291931114955039,0.2061919192946817
JAX_204_005,JAX,rbf_medium,thin_plate_spline,0.1,128,3,Q4_BR,strict_blocked_cv,20,grid,4992,254342,3.627106130155775,4.486709202090011,0.3199240929252034,0.30482693927509835,5.813305565249696,8.710697334076652,-2.3159412271061512,0.1069344749025039,0.08014388984826369,-2.1861994350939207,-4.2239881319866415,-0.2129896180226995,-0.22468304942683465
JAX_204_005,JAX,rbf_weak,thin_plate_spline,0.01,128,0,Q1_TL,strict_blocked_cv,20,grid,4992,256490,3.3037422967104395,4.256026452437033,0.6891834586150805,0.5727078033283735,4.487263100620103,6.8841226303823975,-3.9468016281499105,0.14711936242159926,0.22599605606642542,-1.1835208039096634,-2.6280961779453644,-0.5420640961934812,-0.34671174726194803
JAX_204_005,JAX,rbf_weak,thin_plate_spline,0.01,128,1,Q2_TR,strict_blocked_cv,20,grid,4992,255693,3.829951210842841,4.425912082999894,0.8124200727869698,0.5567580512078285,5.978876084414313,7.331997304385772,-1.475217678153118,0.17553180982526012,0.08726767374268417,-2.1489248735714725,-2.9060852213858777,-0.6368882629617096,-0.4694903774651443
JAX_204_005,JAX,rbf_weak,thin_plate_spline,0.01,128,2,Q3_BL,strict_blocked_cv,20,grid,4992,255091,2.2698724585050734,2.6141220176964977,0.1533465308606157,0.10461770372809484,4.395826509709902,5.5791491471377554,-1.3155166787588066,0.3563847495383078,0.28386381518808496,-2.125954051204829,-2.965027129441258,0.2030382186776921,0.17924611145999012
JAX_204_005,JAX,rbf_weak,thin_plate_spline,0.01,128,3,Q4_BR,strict_blocked_cv,20,grid,4992,254342,3.627106130155775,4.486709202090011,0.3199240929252034,0.30482693927509835,6.144109771198084,8.740032993702673,2.268390456822387,0.17431458359947838,0.164075104986642,-2.5170036410423093,-4.2533237916126625,-0.14560950932572503,-0.14075183428845636
JAX_214_015,JAX,rbf_strong,thin_plate_spline,1.0,128,0,Q1_TL,strict_blocked_cv,20,grid,4992,206957,9.401450326985128,12.42001441269438,0.8828671825650032,0.7501884965556095,8.39366957873386,11.147356106637611,0.8528395112216702,0.8479668122228413,0.6134581425020367,1.0077807482512675,1.272658306056769,-0.03490037034216187,-0.1367303540535728
JAX_214_015,JAX,rbf_strong,thin_plate_spline,1.0,128,1,Q2_TR,strict_blocked_cv,20,grid,4992,256749,5.937963353172207,6.680176887528579,0.9077830215485145,0.820973456123234,14.935666380182669,24.940453606063244,-9.160929906410624,0.49294940182010727,0.5372185152216948,-8.997703027010463,-18.260276718534666,-0.41483361972840727,-0.2837549409015392
JAX_214_015,JAX,rbf_strong,thin_plate_spline,1.0,128,2,Q3_BL,strict_blocked_cv,20,grid,4992,253695,6.810699473390424,8.949015150226593,0.6586081121181269,0.640286130071093,8.52009001138867,12.018501155899871,4.939824633957878,0.6297796963024965,0.6287442402287835,-1.709390537998245,-3.0694860056732782,-0.028828415815630337,-0.011541889842309527
JAX_214_015,JAX,rbf_strong,thin_plate_spline,1.0,128,3,Q4_BR,strict_blocked_cv,20,grid,4992,256483,9.904305558586097,12.337153935631012,0.7159597648573532,0.7810598506948884,7.948346394405131,11.984326050152804,-4.677373064444873,0.7257670007787824,0.789000969759478,1.9559591641809666,0.35282788547820765,0.00980723592142918,0.007941119064589608
JAX_214_015,JAX,rbf_medium,thin_plate_spline,0.1,128,0,Q1_TL,strict_blocked_cv,20,grid,4992,206957,9.401450326985128,12.42001441269438,0.8828671825650032,0.7501884965556095,9.776818751043995,13.350230518438925,6.784814579867281,0.8371784120426305,0.4651597626140359,-0.37536842405886794,-0.9302161057445453,-0.045688770522372635,-0.2850287339415736
JAX_214_015,JAX,rbf_medium,thin_plate_spline,0.1,128,1,Q2_TR,strict_blocked_cv,20,grid,4992,256749,5.937963353172207,6.680176887528579,0.9077830215485145,0.820973456123234,11.347619573904575,18.550764031991037,-8.349581174231417,0.6489856564572455,0.6073913810373859,-5.409656220732368,-11.870587144462458,-0.25879736509126905,-0.21358207508584814
JAX_214_015,JAX,rbf_medium,thin_plate_spline,0.1,128,2,Q3_BL,strict_blocked_cv,20,grid,4992,253695,6.810699473390424,8.949015150226593,0.6586081121181269,0.640286130071093,5.5065201172458575,7.556629671947793,2.0613808231730717,0.7773164442165392,0.7189965067131093,1.3041793561445667,1.3923854782788005,0.11870833209841236,0.0787103766420163
JAX_214_015,JAX,rbf_medium,thin_plate_spline,0.1,128,3,Q4_BR,strict_blocked_cv,20,grid,4992,256483,9.904305558586097,12.337153935631012,0.7159597648573532,0.7810598506948884,7.3326188100095955,11.002570734366573,-3.982447107781644,0.7567016213233307,0.8061760662914013,2.571686748576502,1.3345832012644383,0.0407418564659775,0.025116215596512892
JAX_214_015,JAX,rbf_weak,thin_plate_spline,0.01,128,0,Q1_TL,strict_blocked_cv,20,grid,4992,206957,9.401450326985128,12.42001441269438,0.8828671825650032,0.7501884965556095,12.142831499770917,15.972499910828848,10.336156997379225,0.8132805624480108,0.43156964963225053,-2.7413811727857897,-3.552485498134468,-0.06958662011699235,-0.31861884692335896
JAX_214_015,JAX,rbf_weak,thin_plate_spline,0.01,128,1,Q2_TR,strict_blocked_cv,20,grid,4992,256749,5.937963353172207,6.680176887528579,0.9077830215485145,0.820973456123234,7.22373569400504,10.924645793609027,-3.881060531749743,0.7743183009896416,0.6281985704470434,-1.2857723408328328,-4.244468906080448,-0.13346472055887293,-0.1927748856761906
JAX_214_015,JAX,rbf_weak,thin_plate_spline,0.01,128,2,Q3_BL,strict_blocked_cv,20,grid,4992,253695,6.810699473390424,8.949015150226593,0.6586081121181269,0.640286130071093,5.036447174236562,6.8739311426116165,0.7777814298140944,0.7968849797928732,0.7372602572328948,1.7742522991538623,2.0750840076149766,0.13827686767474634,0.09697412716180176
JAX_214_015,JAX,rbf_weak,thin_plate_spline,0.01,128,3,Q4_BR,strict_blocked_cv,20,grid,4992,256483,9.904305558586097,12.337153935631012,0.7159597648573532,0.7810598506948884,8.945553970101646,13.284737532316356,-5.303872068946491,0.6931320003249497,0.7509881904399811,0.9587515884844517,-0.9475835966853445,-0.02282776453240354,-0.030071660254907262
JAX_214_023,JAX,rbf_strong,thin_plate_spline,1.0,128,0,Q1_TL,strict_blocked_cv,20,grid,4992,213855,5.506470179348232,11.619439449972484,0.8940630472142743,0.8153750036970006,12.844322516453543,18.01893461381415,8.040114069323945,0.545577463505483,0.19342519918295759,-7.3378523371053115,-6.3994951638416655,-0.34848558370879135,-0.621949804514043
JAX_214_023,JAX,rbf_strong,thin_plate_spline,1.0,128,1,Q2_TR,strict_blocked_cv,20,grid,4992,256920,6.31204541444084,12.376319644881631,0.9036725933085278,0.8079329694387272,38.199798327317176,63.85972418963175,32.54635071248799,0.18947031916659215,0.10079325675442319,-31.887752912876337,-51.483404544750115,-0.7142022741419356,-0.707139712684304
JAX_214_023,JAX,rbf_strong,thin_plate_spline,1.0,128,2,Q3_BL,strict_blocked_cv,20,grid,4992,254153,7.098989043799593,9.216533514634879,0.5992493003657129,0.5871858153397307,14.051190245127332,19.828729957385605,-9.555160330285918,0.3181296582626586,0.38554432071548556,-6.952201201327739,-10.612196442750726,-0.2811196421030543,-0.20164149462424513
JAX_214_023,JAX,rbf_strong,thin_plate_spline,1.0,128,3,Q4_BR,strict_blocked_cv,20,grid,4992,256765,8.231074932371937,11.053786329299331,0.7836103705053963,0.8162485562573943,7.652403370882227,12.51556003678842,-4.335976699950703,0.6655487501251248,0.7837429354299893,0.5786715614897107,-1.4617737074890886,-0.11806162038027146,-0.032505620827405046
JAX_214_023,JAX,rbf_medium,thin_plate_spline,0.1,128,0,Q1_TL,strict_blocked_cv,20,grid,4992,213855,5.506470179348232,11.619439449972484,0.8940630472142743,0.8153750036970006,12.177970154352904,16.791546677756124,7.3184343150435565,0.6249603673974271,0.2973649428030756,-6.671499975004672,-5.1721072277836395,-0.2691026798168472,-0.5180100608939249
JAX_214_023,JAX,rbf_medium,thin_plate_spline,0.1,128,1,Q2_TR,strict_blocked_cv,20,grid,4992,256920,6.31204541444084,12.376319644881631,0.9036725933085278,0.8079329694387272,28.84048918967634,48.838079418200216,25.41911513888476,0.2435184016785704,0.12636971100933903,-22.528443775235502,-36.46175977331858,-0.6601541916299574,-0.6815632584293881
JAX_214_023,JAX,rbf_medium,thin_plate_spline,0.1,128,2,Q3_BL,strict_blocked_cv,20,grid,4992,254153,7.098989043799593,9.216533514634879,0.5992493003657129,0.5871858153397307,12.52694489568452,17.781725818815758,-8.836822779352964,0.38910063611964285,0.3874054197272238,-5.427955851884928,-8.56519230418088,-0.21014866424607004,-0.19978039561250688
JAX_214_023,JAX,rbf_medium,thin_plate_spline,0.1,128,3,Q4_BR,strict_blocked_cv,20,grid,4992,256765,8.231074932371937,11.053786329299331,0.7836103705053963,0.8162485562573943,6.7950566570510365,11.463964789678457,-2.3148989574391234,0.7005206884566376,0.8359436964120885,1.436018275320901,-0.4101784603791252,-0.08308968204875866,0.019695140154694202
JAX_214_023,JAX,rbf_weak,thin_plate_spline,0.01,128,0,Q1_TL,strict_blocked_cv,20,grid,4992,213855,5.506470179348232,11.619439449972484,0.8940630472142743,0.8153750036970006,21.45079874124086,31.773487461072897,20.427803481671017,0.35305771238823347,0.039612386180347396,-15.944328561892629,-20.154048011100414,-0.5410053348260409,-0.7757626175166532
JAX_214_023,JAX,rbf_weak,thin_plate_spline,0.01,128,1,Q2_TR,strict_blocked_cv,20,grid,4992,256920,6.31204541444084,12.376319644881631,0.9036725933085278,0.8079329694387272,37.559353561192935,65.2361477631062,36.182950492667615,0.14611608617842195,0.11466950384253019,-31.247308146752097,-52.85982811822457,-0.7575565071301058,-0.693263465596197
JAX_214_023,JAX,rbf_weak,thin_plate_spline,0.01,128,2,Q3_BL,strict_blocked_cv,20,grid,4992,254153,7.098989043799593,9.216533514634879,0.5992493003657129,0.5871858153397307,11.932325483044385,16.685724825410258,-9.225524104187308,0.4540772316230661,0.414759556374626,-4.833336439244793,-7.469191310775379,-0.14517206874264676,-0.17242625896510466
JAX_214_023,JAX,rbf_weak,thin_plate_spline,0.01,128,3,Q4_BR,strict_blocked_cv,20,grid,4992,256765,8.231074932371937,11.053786329299331,0.7836103705053963,0.8162485562573943,9.045094178174251,13.983824104781137,-5.357182480321168,0.5905318277489249,0.7541479271137483,-0.8140192458023137,-2.9300377754818054,-0.1930785427564714,-0.062100629143646
JAX_224_025,JAX,rbf_strong,thin_plate_spline,1.0,128,0,Q1_TL,strict_blocked_cv,20,grid,4992,255598,2.856333630965494,3.2684967779166425,0.42011429561760866,0.3272241621816509,1.648109503875135,2.3944903186917714,-0.03029288271714809,0.2827053663303476,0.15715252381343744,1.2082241270903589,0.8740064592248711,-0.13740892928726106,-0.17007163836821346
JAX_224_025,JAX,rbf_strong,thin_plate_spline,1.0,128,1,Q2_TR,strict_blocked_cv,20,grid,4992,254697,1.725323072073415,3.5631396767043793,0.6424563744605392,0.30358619445664514,1.4495311326523532,3.532893605339481,-0.8060882726763765,0.5633696332997098,0.33162879938830286,0.2757919394210617,0.03024607136489843,-0.07908674116082937,0.028042604931657722
JAX_224_025,JAX,rbf_strong,thin_plate_spline,1.0,128,2,Q3_BL,strict_blocked_cv,20,grid,4992,255697,3.6984992382127273,4.47154233887469,0.6882858058553942,0.6161051283381143,5.766334248675332,8.332317776837328,-3.220120815369976,0.515454755933673,0.5394681003403623,-2.067835010462605,-3.860775437962638,-0.17283104992172127,-0.07663702799775196
JAX_224_025,JAX,rbf_strong,thin_plate_spline,1.0,128,3,Q4_BR,strict_blocked_cv,20,grid,4992,254428,3.187027696998657,6.1608741368816355,0.6653403427046085,0.5123263744657357,3.8403463678994725,5.450288144224305,-0.4536982044083832,0.6126772460572507,0.5459005477736968,-0.6533186709008154,0.7105859926573306,-0.0526630966473578,0.033574173307961086
JAX_224_025,JAX,rbf_medium,thin_plate_spline,0.1,128,0,Q1_TL,strict_blocked_cv,20,grid,4992,255598,2.856333630965494,3.2684967779166425,0.42011429561760866,0.3272241621816509,2.0327298747098568,2.7573920577306024,-0.6489091609517407,0.25827903781500994,0.12818357990306858,0.8236037562556371,0.5111047201860401,-0.16183525780259872,-0.19904058227858232
JAX_224_025,JAX,rbf_medium,thin_plate_spline,0.1,128,1,Q2_TR,strict_blocked_cv,20,grid,4992,254697,1.725323072073415,3.5631396767043793,0.6424563744605392,0.30358619445664514,1.467473446638563,3.296303695413929,-0.16181323888377358,0.6048536550134592,0.35754598458191267,0.2578496254348519,0.26683598129045016,-0.037602719447079935,0.053959790125267526
JAX_224_025,JAX,rbf_medium,thin_plate_spline,0.1,128,2,Q3_BL,strict_blocked_cv,20,grid,4992,255697,3.6984992382127273,4.47154233887469,0.6882858058553942,0.6161051283381143,4.035937391067143,5.604380564990554,1.1294553204753748,0.5669020349015251,0.5449161080997406,-0.3374381528544155,-1.1328382261158634,-0.1213837709538691,-0.0711890202383737
JAX_224_025,JAX,rbf_medium,thin_plate_spline,0.1,128,3,Q4_BR,strict_blocked_cv,20,grid,4992,254428,3.187027696998657,6.1608741368816355,0.6653403427046085,0.5123263744657357,3.922277973789197,5.935583712834053,-0.6279068646595155,0.5155399352432195,0.550197448234518,-0.73525027679054,0.22529042404758215,-0.149800407461389,0.03787107376878229
JAX_224_025,JAX,rbf_weak,thin_plate_spline,0.01,128,0,Q1_TL,strict_blocked_cv,20,grid,4992,255598,2.856333630965494,3.2684967779166425,0.42011429561760866,0.3272241621816509,3.167247000329414,4.28086738724077,0.29150647170805855,0.2689951588127216,0.10827152517192061,-0.3109133693639201,-1.0123706093241274,-0.15111913680488703,-0.21895263700973028
JAX_224_025,JAX,rbf_weak,thin_plate_spline,0.01,128,1,Q2_TR,strict_blocked_cv,20,grid,4992,254697,1.725323072073415,3.5631396767043793,0.6424563744605392,0.30358619445664514,1.889149140958206,3.633633651329602,-0.057999564325930564,0.48482116015867643,0.31907107557231246,-0.163826068884791,-0.07049397462522267,-0.15763521430186272,0.015484881115667315
JAX_224_025,JAX,rbf_weak,thin_plate_spline,0.01,128,2,Q3_BL,strict_blocked_cv,20,grid,4992,255697,3.6984992382127273,4.47154233887469,0.6882858058553942,0.6161051283381143,4.91787849739601,7.2694082457634535,0.06596309573551433,0.4307849088371445,0.489417074697578,-1.2193792591832824,-2.797865906888763,-0.25750089701824974,-0.12668805364053626
JAX_224_025,JAX,rbf_weak,thin_plate_spline,0.01,128,3,Q4_BR,strict_blocked_cv,20,grid,4992,254428,3.187027696998657,6.1608741368816355,0.6653403427046085,0.5123263744657357,3.9799610443633675,5.59157025455148,-0.7190581037523677,0.5984658046972646,0.46200993473091106,-0.7929333473647104,0.5693038823301553,-0.06687453800734389,-0.050316439734824636
JAX_264_013,JAX,rbf_strong,thin_plate_spline,1.0,128,0,Q1_TL,strict_blocked_cv,20,grid,4992,254823,4.0534213867168205,6.035770696896893,0.9032048911933773,0.6827366364299029,8.469721689411218,11.231392970451578,4.306815940733502,0.2364120471447544,0.30854771728102365,-4.416300302694397,-5.195622273554685,-0.6667928440486229,-0.37418891914887925
JAX_264_013,JAX,rbf_strong,thin_plate_spline,1.0,128,1,Q2_TR,strict_blocked_cv,20,grid,4992,255355,4.944463919987786,6.10619679482983,0.8246210560077911,0.8384942825937175,6.802405582389315,9.299570049519003,2.246906961397798,0.5224677235625459,0.5533992947994788,-1.8579416624015286,-3.193373254689173,-0.3021533324452452,-0.2850949877942387
JAX_264_013,JAX,rbf_strong,thin_plate_spline,1.0,128,2,Q3_BL,strict_blocked_cv,20,grid,4992,253870,3.3575101572597585,3.664647038356277,0.40048070528791707,0.31698877132933456,4.600302195635538,7.211287250881218,3.3342096372217527,0.25999374721982427,0.23191351873938967,-1.2427920383757796,-3.5466402125249408,-0.1404869580680928,-0.08507525258994489
JAX_264_013,JAX,rbf_strong,thin_plate_spline,1.0,128,3,Q4_BR,strict_blocked_cv,20,grid,4992,247921,2.4680087846886956,2.9456569533475396,0.17656076229424988,0.1165045782290155,2.483027342403646,3.7969716654358763,-1.606617066658142,-0.037165542510411445,0.03745219269545241,-0.015018557714950642,-0.8513147120883366,-0.21372630480466132,-0.07905238553356309
JAX_264_013,JAX,rbf_medium,thin_plate_spline,0.1,128,0,Q1_TL,strict_blocked_cv,20,grid,4992,254823,4.0534213867168205,6.035770696896893,0.9032048911933773,0.6827366364299029,6.508038122376682,8.246162939391091,3.754205353580663,0.39910038777137635,0.40107843087100237,-2.4546167356598616,-2.2103922424941977,-0.504104503422001,-0.28165820555890053
JAX_264_013,JAX,rbf_medium,thin_plate_spline,0.1,128,1,Q2_TR,strict_blocked_cv,20,grid,4992,255355,4.944463919987786,6.10619679482983,0.8246210560077911,0.8384942825937175,5.8485472755548225,8.020608520856555,0.3484905545197312,0.5332682349255512,0.5813900120244672,-0.9040833555670362,-1.9144117260267253,-0.2913528210822399,-0.25710427056925034
JAX_264_013,JAX,rbf_medium,thin_plate_spline,0.1,128,2,Q3_BL,strict_blocked_cv,20,grid,4992,253870,3.3575101572597585,3.664647038356277,0.40048070528791707,0.31698877132933456,5.052834458317753,7.509546623278101,4.203979028836627,0.2641459963148971,0.21854084230684712,-1.6953243010579948,-3.8448995849218246,-0.13633470897301997,-0.09844792902248745
JAX_264_013,JAX,rbf_medium,thin_plate_spline,0.1,128,3,Q4_BR,strict_blocked_cv,20,grid,4992,247921,2.4680087846886956,2.9456569533475396,0.17656076229424988,0.1165045782290155,3.5249117509659778,4.749317924679679,-2.11949785876734,-0.03237414565287043,0.017336007579000993,-1.0569029662772822,-1.8036609713321394,-0.20893490794712033,-0.0991685706500145
JAX_264_013,JAX,rbf_weak,thin_plate_spline,0.01,128,0,Q1_TL,strict_blocked_cv,20,grid,4992,254823,4.0534213867168205,6.035770696896893,0.9032048911933773,0.6827366364299029,5.609709622181242,7.043873928369384,3.4879752503294847,0.5210178974166948,0.41086105410619544,-1.5562882354644216,-1.0081032314724903,-0.3821869937766825,-0.27187558232370745
JAX_264_013,JAX,rbf_weak,thin_plate_spline,0.01,128,1,Q2_TR,strict_blocked_cv,20,grid,4992,255355,4.944463919987786,6.10619679482983,0.8246210560077911,0.8384942825937175,5.630663075290479,8.018661834807743,-3.9263447179837,0.4414463214298791,0.4759669424406136,-0.6861991553026927,-1.9124650399779126,-0.383174734577912,-0.3625273401531039
JAX_264_013,JAX,rbf_weak,thin_plate_spline,0.01,128,2,Q3_BL,strict_blocked_cv,20,grid,4992,253870,3.3575101572597585,3.664647038356277,0.40048070528791707,0.31698877132933456,3.211418589777292,4.176907734526438,1.8981632916344964,0.23816319686968876,0.20229172356173808,0.14609156748246654,-0.512260696170161,-0.1623175084182283,-0.11469704776759648
JAX_264_013,JAX,rbf_weak,thin_plate_spline,0.01,128,3,Q4_BR,strict_blocked_cv,20,grid,4992,247921,2.4680087846886956,2.9456569533475396,0.17656076229424988,0.1165045782290155,3.8798383750441863,5.335204622869534,-3.809978048216321,-0.06855809609745155,-0.037791695899550344,-1.4118295903554907,-2.389547669521994,-0.24511885839170144,-0.15429627412856584
JAX_269_009,JAX,rbf_strong,thin_plate_spline,1.0,128,0,Q1_TL,strict_blocked_cv,20,grid,4992,248172,1.8166943534389384,3.8351048374269405,0.6574224819454392,0.22219310268215703,3.5896727780862507,5.96928212703824,-0.659294620223442,0.19786713901427233,0.01432913918140832,-1.7729784246473124,-2.1341772896112996,-0.45955534293116684,-0.2078639635007487
JAX_269_009,JAX,rbf_strong,thin_plate_spline,1.0,128,1,Q2_TR,strict_blocked_cv,20,grid,4992,248700,0.14731993923596,0.2607877579622322,0.13718294341869128,-0.12639835294195073,0.1749106819140086,0.40855553792841864,-0.10101929749461214,-0.06636064766598207,-0.0032287103915131466,-0.02759074267804859,-0.14776777996618645,-0.20354359108467335,0.12316964255043758
JAX_269_009,JAX,rbf_strong,thin_plate_spline,1.0,128,2,Q3_BL,strict_blocked_cv,20,grid,4992,256933,4.661666410334408,6.260387113163935,0.3654813393903918,0.31762597062818504,9.672203790050443,12.275546503483303,-1.337217692538263,0.1481811436696346,0.07942284415167224,-5.010537379716035,-6.0151593903193685,-0.21730019572075718,-0.23820312647651282
JAX_269_009,JAX,rbf_strong,thin_plate_spline,1.0,128,3,Q4_BR,strict_blocked_cv,20,grid,4992,257435,4.806735127623709,7.089567925750422,0.6150493679276265,0.5935080285485319,6.848734664413685,10.120428598195073,1.0164127815182191,0.18781755575075304,0.30785807070655113,-2.0419995367899766,-3.0308606724446507,-0.4272318121768735,-0.2856499578419808
JAX_269_009,JAX,rbf_medium,thin_plate_spline,0.1,128,0,Q1_TL,strict_blocked_cv,20,grid,4992,248172,1.8166943534389384,3.8351048374269405,0.6574224819454392,0.22219310268215703,3.480335614379885,5.783259617368012,-1.767869200061211,0.17224137208314322,-0.007367028554203399,-1.6636412609409466,-1.9481547799410714,-0.48518110986229596,-0.22956013123636043
JAX_269_009,JAX,rbf_medium,thin_plate_spline,0.1,128,1,Q2_TR,strict_blocked_cv,20,grid,4992,248700,0.14731993923596,0.2607877579622322,0.13718294341869128,-0.12639835294195073,0.2171666075202106,0.39509462845337523,-0.009128113027574412,0.009490696228132069,0.1331613737439944,-0.0698466682842506,-0.13430687049114304,-0.12769224719055922,0.2595597266859451
JAX_269_009,JAX,rbf_medium,thin_plate_spline,0.1,128,2,Q3_BL,strict_blocked_cv,20,grid,4992,256933,4.661666410334408,6.260387113163935,0.3654813393903918,0.31762597062818504,10.296691728893395,14.075350333894137,1.784355515249133,0.09574559332466351,0.041982766097206865,-5.635025318558987,-7.814963220730203,-0.26973574606572825,-0.2756432045309782
JAX_269_009,JAX,rbf_medium,thin_plate_spline,0.1,128,3,Q4_BR,strict_blocked_cv,20,grid,4992,257435,4.806735127623709,7.089567925750422,0.6150493679276265,0.5935080285485319,6.7793992192466135,9.940986046522074,1.606911583630271,0.1867567051383832,0.29618906741348267,-1.9726640916229048,-2.851418120771652,-0.4282926627892434,-0.29731896113504924
JAX_269_009,JAX,rbf_weak,thin_plate_spline,0.01,128,0,Q1_TL,strict_blocked_cv,20,grid,4992,248172,1.8166943534389384,3.8351048374269405,0.6574224819454392,0.22219310268215703,7.208808344028432,11.498431388346233,2.6577718772395564,0.1582108055285606,0.08389891153975403,-5.392113990589493,-7.663326550919293,-0.4992116764168786,-0.138294191142403
JAX_269_009,JAX,rbf_weak,thin_plate_spline,0.01,128,1,Q2_TR,strict_blocked_cv,20,grid,4992,248700,0.14731993923596,0.2607877579622322,0.13718294341869128,-0.12639835294195073,0.3194050638197032,0.48570052397211766,-0.27882279093744455,0.038504842049401425,-0.1973638616685613,-0.17208512458374317,-0.22491276600988547,-0.09867810136928985,-0.07096550872661056
JAX_269_009,JAX,rbf_weak,thin_plate_spline,0.01,128,2,Q3_BL,strict_blocked_cv,20,grid,4992,256933,4.661666410334408,6.260387113163935,0.3654813393903918,0.31762597062818504,12.599160684010403,16.622675620941404,9.26030708399432,0.055222630054522465,0.025039387788171965,-7.937494273675996,-10.36228850777747,-0.3102587093358693,-0.2925865828400131
JAX_269_009,JAX,rbf_weak,thin_plate_spline,0.01,128,3,Q4_BR,strict_blocked_cv,20,grid,4992,257435,4.806735127623709,7.089567925750422,0.6150493679276265,0.5935080285485319,5.745211436646637,8.021480985638915,-2.6384581714169952,0.14217062691360133,0.17665183607231005,-0.9384763090229287,-0.931913059888493,-0.4728787410140252,-0.41685619247622185
JAX_416_009,JAX,rbf_strong,thin_plate_spline,1.0,128,0,Q1_TL,strict_blocked_cv,20,grid,4992,256142,2.4916735751775207,3.186097938934228,0.48474852991842593,0.516763539423477,6.742488445161676,9.109961700500046,3.4517999842285194,-0.07395574668238918,-0.026557865349987036,-4.250814869984156,-5.923863761565817,-0.5587042766008151,-0.543321404773464
JAX_416_009,JAX,rbf_strong,thin_plate_spline,1.0,128,1,Q2_TR,strict_blocked_cv,20,grid,4992,256615,2.435587345229569,3.9490980557406408,0.019862269054485134,-0.13554374691215165,8.718456729204656,13.08532944213294,4.89500347009252,0.3795307061520653,0.38149869098377714,-6.282869383975086,-9.1362313863923,0.3596684370975802,0.5170424378959289
JAX_416_009,JAX,rbf_strong,thin_plate_spline,1.0,128,2,Q3_BL,strict_blocked_cv,20,grid,4992,256883,2.8769877753073767,3.641037221735018,0.7028038278046812,0.7191635175156824,5.029424006978559,6.872086997457859,-3.3560146569120173,0.14413400877028337,0.2395033572654088,-2.152436231671182,-3.2310497757228407,-0.5586698190343978,-0.4796601602502736
JAX_416_009,JAX,rbf_strong,thin_plate_spline,1.0,128,3,Q4_BR,strict_blocked_cv,20,grid,4992,255137,2.8274805262823284,3.082855506577443,0.5502595962505858,0.49408276625932257,8.050854945777443,12.299519008530012,5.5846231886747,0.4350978239972339,0.355341241693282,-5.223374419495115,-9.216663501952569,-0.11516177225335195,-0.13874152456604055
JAX_416_009,JAX,rbf_medium,thin_plate_spline,0.1,128,0,Q1_TL,strict_blocked_cv,20,grid,4992,256142,2.4916735751775207,3.186097938934228,0.48474852991842593,0.516763539423477,3.950315722725302,5.276110552975825,0.08882452324138575,0.09643990975820238,0.10819975445467904,-1.4586421475477813,-2.0900126140415973,-0.38830862016022355,-0.4085637849687979
JAX_416_009,JAX,rbf_medium,thin_plate_spline,0.1,128,1,Q2_TR,strict_blocked_cv,20,grid,4992,256615,2.435587345229569,3.9490980557406408,0.019862269054485134,-0.13554374691215165,5.5165867031451175,8.662999035422484,4.188107588118353,0.41351133811494173,0.40536664069431744,-3.0809993579155486,-4.713900979681843,0.3936490690604566,0.5409103876064691
JAX_416_009,JAX,rbf_medium,thin_plate_spline,0.1,128,2,Q3_BL,strict_blocked_cv,20,grid,4992,256883,2.8769877753073767,3.641037221735018,0.7028038278046812,0.7191635175156824,5.182706692535513,6.633161325633729,-4.380263816539805,0.20639089273846506,0.18875679258625483,-2.3057189172281363,-2.992124103898711,-0.49641293506621614,-0.5304067249294275
JAX_416_009,JAX,rbf_medium,thin_plate_spline,0.1,128,3,Q4_BR,strict_blocked_cv,20,grid,4992,255137,2.8274805262823284,3.082855506577443,0.5502595962505858,0.49408276625932257,8.593641318170445,12.920676866400106,6.557772392092117,0.3982296767939387,0.3503804297026972,-5.766160791888116,-9.837821359822662,-0.15202991945664712,-0.14370233655662534
JAX_416_009,JAX,rbf_weak,thin_plate_spline,0.01,128,0,Q1_TL,strict_blocked_cv,20,grid,4992,256142,2.4916735751775207,3.186097938934228,0.48474852991842593,0.516763539423477,5.739732349490835,7.401589755652168,1.1796544978680477,0.008220480564733084,0.001062219518228862,-3.2480587743133147,-4.21549181671794,-0.47652804935369286,-0.5157013199052481
JAX_416_009,JAX,rbf_weak,thin_plate_spline,0.01,128,1,Q2_TR,strict_blocked_cv,20,grid,4992,256615,2.435587345229569,3.9490980557406408,0.019862269054485134,-0.13554374691215165,6.776564812011862,9.852186551561564,5.554167709352947,0.4509211554138167,0.41900108285672455,-4.340977466782293,-5.903088495820923,0.4310588863593316,0.5545448297688762
JAX_416_009,JAX,rbf_weak,thin_plate_spline,0.01,128,2,Q3_BL,strict_blocked_cv,20,grid,4992,256883,2.8769877753073767,3.641037221735018,0.7028038278046812,0.7191635175156824,4.817324449946066,6.15457544085379,-3.0242048150800436,0.12250720528456926,0.14748816640174736,-1.9403366746386896,-2.513538219118772,-0.5802966225201119,-0.5716753511139351
JAX_416_009,JAX,rbf_weak,thin_plate_spline,0.01,128,3,Q4_BR,strict_blocked_cv,20,grid,4992,255137,2.8274805262823284,3.082855506577443,0.5502595962505858,0.49408276625932257,10.14354871567379,13.347004169570415,1.8037825216969265,0.40892543713227003,0.34158323229276133,-7.316068189391461,-10.264148662992971,-0.14133415911831582,-0.15249953396656124
JAX_416_022,JAX,rbf_strong,thin_plate_spline,1.0,128,0,Q1_TL,strict_blocked_cv,20,grid,4992,256044,2.4326430852905205,3.183441687078247,0.5988507313068314,0.6412346830485208,5.638530146090355,7.493241050975145,0.24416500220223078,0.03128012766498438,0.011952399450319014,-3.2058870607998347,-4.309799363896898,-0.5675706036418471,-0.6292822835982018
JAX_416_022,JAX,rbf_strong,thin_plate_spline,1.0,128,1,Q2_TR,strict_blocked_cv,20,grid,4992,256463,2.1891771230327395,3.772262198037129,0.18149702877009144,0.13984016733917,6.755989077908471,10.30076897822355,3.429480985632409,0.5100833193591541,0.36348385694741564,-4.566811954875732,-6.5285067801864205,0.32858629058906264,0.22364368960824563
JAX_416_022,JAX,rbf_strong,thin_plate_spline,1.0,128,2,Q3_BL,strict_blocked_cv,20,grid,4992,256985,2.1357933751792713,3.052101106055204,0.7997445086664974,0.7993622114010439,3.312295993536902,4.728067229647066,1.8715002554763303,0.41144944823042695,0.4980724625362483,-1.1765026183576306,-1.675966123591862,-0.3882950604360704,-0.3012897488647956
JAX_416_022,JAX,rbf_strong,thin_plate_spline,1.0,128,3,Q4_BR,strict_blocked_cv,20,grid,4992,254783,1.5648657541545936,2.203689588969786,0.8181551897978554,0.6239299993186992,6.986035968719469,11.406812842891867,5.241812601446305,0.5934836518629178,0.44401678467993194,-5.421170214564876,-9.203123253922081,-0.22467153793493755,-0.17991321463876725
JAX_416_022,JAX,rbf_medium,thin_plate_spline,0.1,128,0,Q1_TL,strict_blocked_cv,20,grid,4992,256044,2.4326430852905205,3.183441687078247,0.5988507313068314,0.6412346830485208,4.750311267368694,6.486236592913275,1.095524365239073,0.1379332780058693,0.16538576968091748,-2.3176681820781737,-3.302794905835028,-0.4609174533009621,-0.4758489133676034
JAX_416_022,JAX,rbf_medium,thin_plate_spline,0.1,128,1,Q2_TR,strict_blocked_cv,20,grid,4992,256463,2.1891771230327395,3.772262198037129,0.18149702877009144,0.13984016733917,8.100954811071094,13.231562735529103,6.372753845185462,0.5171928949273112,0.3701349548949882,-5.911777688038355,-9.459300537491973,0.3356958661572198,0.2302947875558182
JAX_416_022,JAX,rbf_medium,thin_plate_spline,0.1,128,2,Q3_BL,strict_blocked_cv,20,grid,4992,256985,2.1357933751792713,3.052101106055204,0.7997445086664974,0.7993622114010439,4.009565448635708,5.581108703827686,2.374531031662455,0.318933674448989,0.36290952103056345,-1.8737720734564371,-2.529007597772482,-0.48081083421750836,-0.43645269037048046
JAX_416_022,JAX,rbf_medium,thin_plate_spline,0.1,128,3,Q4_BR,strict_blocked_cv,20,grid,4992,254783,1.5648657541545936,2.203689588969786,0.8181551897978554,0.6239299993186992,7.653425504278396,12.236585389889306,6.428756072071525,0.5575537566388085,0.4403063088509218,-6.088559750123803,-10.03289580091952,-0.26060143315904694,-0.18362369046777738
JAX_416_022,JAX,rbf_weak,thin_plate_spline,0.01,128,0,Q1_TL,strict_blocked_cv,20,grid,4992,256044,2.4326430852905205,3.183441687078247,0.5988507313068314,0.6412346830485208,7.146976784470461,9.509183048515808,1.3148284026906285,-0.01992797129308798,-0.02072004554560963,-4.7143336991799405,-6.3257413614375615,-0.6187787025999194,-0.6619547285941304
JAX_416_022,JAX,rbf_weak,thin_plate_spline,0.01,128,1,Q2_TR,strict_blocked_cv,20,grid,4992,256463,2.1891771230327395,3.772262198037129,0.18149702877009144,0.13984016733917,7.86349472722445,12.394258732918686,6.295636433430274,0.5122562518631957,0.34778704586505643,-5.67431760419171,-8.621996534881557,0.33075922309310424,0.20794687852588642
JAX_416_022,JAX,rbf_weak,thin_plate_spline,0.01,128,2,Q3_BL,strict_blocked_cv,20,grid,4992,256985,2.1357933751792713,3.052101106055204,0.7997445086664974,0.7993622114010439,4.363100268838283,5.830007586073326,-2.447537770540634,0.26673043577209554,0.27323435115209727,-2.227306893659012,-2.777906480018122,-0.5330140728944018,-0.5261278602489466
JAX_416_022,JAX,rbf_weak,thin_plate_spline,0.01,128,3,Q4_BR,strict_blocked_cv,20,grid,4992,254783,1.5648657541545936,2.203689588969786,0.8181551897978554,0.6239299993186992,5.656039524366104,8.580977129859628,4.327614819954981,0.55441800485753,0.44606634865554246,-4.09117377021151,-6.377287540889842,-0.2637371849403254,-0.17786365066315674
JAX_505_016,JAX,rbf_strong,thin_plate_spline,1.0,128,0,Q1_TL,strict_blocked_cv,20,grid,4992,255965,6.3022125206278625,7.306871434211851,0.31377736508583376,0.27283324102923184,11.741599523807876,15.932677409306708,-6.183763024545897,0.08672267340675742,0.04853459878806051,-5.439387003180014,-8.625805975094856,-0.22705469167907633,-0.22429864224117133
JAX_505_016,JAX,rbf_strong,thin_plate_spline,1.0,128,1,Q2_TR,strict_blocked_cv,20,grid,4992,257316,4.707794580685841,6.491971033783616,0.50886907387227,0.5018738142543355,4.648703070409652,5.872037230909357,1.2170952424184782,0.5382824526185495,0.5133030604719078,0.05909151027618886,0.6199338028742591,0.029413378746279473,0.011429246217572242
JAX_505_016,JAX,rbf_strong,thin_plate_spline,1.0,128,2,Q3_BL,strict_blocked_cv,20,grid,4992,256289,7.617096982590537,8.668769049716158,0.49865387722501187,0.5350868865186537,6.762222038457458,8.824363879327464,-3.4618809796951013,0.5211900148697115,0.5547705612250713,0.854874944133079,-0.15559482961130655,0.02253613764469964,0.01968367470641763
JAX_505_016,JAX,rbf_strong,thin_plate_spline,1.0,128,3,Q4_BR,strict_blocked_cv,20,grid,4992,256915,4.353502070928803,6.097889238538312,0.5993789601866988,0.6068317647404327,10.721177463996629,14.83823363470976,-9.213423314007906,-0.059626363774768584,-0.04124259940469902,-6.367675393067826,-8.740344396171448,-0.6590053239614674,-0.6480743641451316
JAX_505_016,JAX,rbf_medium,thin_plate_spline,0.1,128,0,Q1_TL,strict_blocked_cv,20,grid,4992,255965,6.3022125206278625,7.306871434211851,0.31377736508583376,0.27283324102923184,12.34088191149097,17.53543506033239,-8.455271816469464,0.08311125934245911,0.05594050741792986,-6.038669390863107,-10.22856362612054,-0.23066610574337465,-0.21689273361130199
JAX_505_016,JAX,rbf_medium,thin_plate_spline,0.1,128,1,Q2_TR,strict_blocked_cv,20,grid,4992,257316,4.707794580685841,6.491971033783616,0.50886907387227,0.5018738142543355,5.598506674122732,6.8531758474382265,2.9695671521872313,0.43936924050862886,0.4875328698414895,-0.8907120934368917,-0.3612048136546102,-0.06949983336364113,-0.014340944412846002
JAX_505_016,JAX,rbf_medium,thin_plate_spline,0.1,128,2,Q3_BL,strict_blocked_cv,20,grid,4992,256289,7.617096982590537,8.668769049716158,0.49865387722501187,0.5350868865186537,7.46210717102472,9.618430481186383,-0.6067687387407508,0.5087368370015958,0.5555339819275804,0.15498981156581682,-0.9496614314702256,0.01008295977658391,0.020447095408926752
JAX_505_016,JAX,rbf_medium,thin_plate_spline,0.1,128,3,Q4_BR,strict_blocked_cv,20,grid,4992,256915,4.353502070928803,6.097889238538312,0.5993789601866988,0.6068317647404327,14.310906157465318,21.275998159361407,-13.43802686409039,-0.10003680366575293,-0.04837249148844237,-9.957404086536515,-15.178108920823096,-0.6994157638524517,-0.655204256228875
JAX_505_016,JAX,rbf_weak,thin_plate_spline,0.01,128,0,Q1_TL,strict_blocked_cv,20,grid,4992,255965,6.3022125206278625,7.306871434211851,0.31377736508583376,0.27283324102923184,14.306951365559915,19.400148049210944,-8.276458754844006,0.0656838402273399,0.004240166981599321,-8.004738844932053,-12.093276614999095,-0.24809352485849384,-0.2685930740476325
JAX_505_016,JAX,rbf_weak,thin_plate_spline,0.01,128,1,Q2_TR,strict_blocked_cv,20,grid,4992,257316,4.707794580685841,6.491971033783616,0.50886907387227,0.5018738142543355,7.188469104707071,9.008844281852337,4.2795156275677435,0.2071200144800199,0.28984592350969013,-2.4806745240212305,-2.5168732480687206,-0.30174905939225005,-0.2120278907446454
JAX_505_016,JAX,rbf_weak,thin_plate_spline,0.01,128,2,Q3_BL,strict_blocked_cv,20,grid,4992,256289,7.617096982590537,8.668769049716158,0.49865387722501187,0.5350868865186537,11.480797465544345,15.033808251989402,3.21140699961312,0.42499222771011963,0.48300557041464726,-3.863700482953808,-6.365039202273245,-0.07366164951489224,-0.0520813161040064
JAX_505_016,JAX,rbf_weak,thin_plate_spline,0.01,128,3,Q4_BR,strict_blocked_cv,20,grid,4992,256915,4.353502070928803,6.097889238538312,0.5993789601866988,0.6068317647404327,8.374039313630323,12.32773644759027,-6.3392579145829355,0.060200417482288715,0.10548278204145861,-4.02053724270152,-6.229847209051958,-0.53917854270441,-0.5013489826989741
JAX_505_018,JAX,rbf_strong,thin_plate_spline,1.0,128,0,Q1_TL,strict_blocked_cv,20,grid,4992,255722,6.9847366918534295,7.456566490855437,0.2900964219389388,0.2762469733714704,10.67356630530949,13.211836446585954,-3.191547181646996,-0.0006302692587549061,-0.061357073051044424,-3.688829613456061,-5.755269955730517,-0.29072669119769373,-0.33760404642251485
JAX_505_018,JAX,rbf_strong,thin_plate_spline,1.0,128,1,Q2_TR,strict_blocked_cv,20,grid,4992,257134,4.692970051673351,5.87547340612078,0.46132015152825084,0.4665563069870053,9.932678349754168,12.29295818636297,1.7399120549285427,-0.1122368435109869,-0.060784552991739065,-5.239708298080817,-6.41748478024219,-0.5735569950392377,-0.5273408599787444
JAX_505_018,JAX,rbf_strong,thin_plate_spline,1.0,128,2,Q3_BL,strict_blocked_cv,20,grid,4992,256030,7.558583644275494,8.469582857668295,0.4634573742940538,0.47303995356346973,7.885535069670419,10.371807218704003,-2.3946047948923184,0.36497739013282904,0.4785127046592884,-0.32695142539492483,-1.9022243610357084,-0.09847998416122478,0.005472751095818684
JAX_505_018,JAX,rbf_strong,thin_plate_spline,1.0,128,3,Q4_BR,strict_blocked_cv,20,grid,4992,256811,5.172763513176359,6.267743855492083,0.46067314909800827,0.4721158707433262,11.685678913812165,16.982404023244506,-9.604211121130112,-0.13239956853755303,-0.07672246577154143,-6.512915400635806,-10.714660167752424,-0.5930727176355612,-0.5488383365148677
JAX_505_018,JAX,rbf_medium,thin_plate_spline,0.1,128,0,Q1_TL,strict_blocked_cv,20,grid,4992,255722,6.9847366918534295,7.456566490855437,0.2900964219389388,0.2762469733714704,12.02505526185559,14.668833263236241,-1.1934489421344054,-0.023519305110152235,-0.05720196674626541,-5.04031857000216,-7.212266772380804,-0.313615727049091,-0.33344894011773585
JAX_505_018,JAX,rbf_medium,thin_plate_spline,0.1,128,1,Q2_TR,strict_blocked_cv,20,grid,4992,257134,4.692970051673351,5.87547340612078,0.46132015152825084,0.4665563069870053,10.727629305154862,13.57530162133292,7.626849647718745,-0.004300085600364869,0.07510499353214999,-6.034659253481511,-7.699828215212141,-0.4656202371286157,-0.3914513134548553
JAX_505_018,JAX,rbf_medium,thin_plate_spline,0.1,128,2,Q3_BL,strict_blocked_cv,20,grid,4992,256030,7.558583644275494,8.469582857668295,0.4634573742940538,0.47303995356346973,8.482571037862591,10.76521071023321,1.3812851769972712,0.3886020017108117,0.4767828089327723,-0.9239873935870975,-2.295627852564916,-0.0748553725832421,0.003742855369302578
JAX_505_018,JAX,rbf_medium,thin_plate_spline,0.1,128,3,Q4_BR,strict_blocked_cv,20,grid,4992,256811,5.172763513176359,6.267743855492083,0.46067314909800827,0.4721158707433262,12.751091382989289,18.366337029174183,-11.561215481464156,-0.18073504190080814,-0.1270996712228577,-7.57832786981293,-12.0985931736821,-0.6414081909988164,-0.599215541966184
JAX_505_018,JAX,rbf_weak,thin_plate_spline,0.01,128,0,Q1_TL,strict_blocked_cv,20,grid,4992,255722,6.9847366918534295,7.456566490855437,0.2900964219389388,0.2762469733714704,9.719066619337752,12.174495050880994,2.191029455311926,0.029698311061641832,-0.018033516539208625,-2.734329927484323,-4.717928560025557,-0.260398110877297,-0.29428048991067907
JAX_505_018,JAX,rbf_weak,thin_plate_spline,0.01,128,1,Q2_TR,strict_blocked_cv,20,grid,4992,257134,4.692970051673351,5.87547340612078,0.46132015152825084,0.4665563069870053,10.727265282198182,14.18318725931404,8.685609979049465,0.131939978092146,0.22380701408570602,-6.034295230524831,-8.30771385319326,-0.3293801734361048,-0.24274929290129926
JAX_505_018,JAX,rbf_weak,thin_plate_spline,0.01,128,2,Q3_BL,strict_blocked_cv,20,grid,4992,256030,7.558583644275494,8.469582857668295,0.4634573742940538,0.47303995356346973,10.525371234953251,14.107752371928575,4.91536041865796,0.33532079073406745,0.4349839286862292,-2.9667875906777574,-5.63816951426028,-0.12813658355998636,-0.038056024877240524
JAX_505_018,JAX,rbf_weak,thin_plate_spline,0.01,128,3,Q4_BR,strict_blocked_cv,20,grid,4992,256811,5.172763513176359,6.267743855492083,0.46067314909800827,0.4721158707433262,12.343859140797182,17.453373021664582,-10.969319765553262,-0.2168732674943408,-0.12280586012581254,-7.171095627620823,-11.1856291661725,-0.677546416592349,-0.5949217308691388
OMA_042_011,OMA,rbf_strong,thin_plate_spline,1.0,128,0,Q1_TL,strict_blocked_cv,20,grid,4992,233110,2.7727551315015138,3.565819353641848,0.26803880662989454,0.41513526912611665,4.64537819669936,6.168738045122395,-0.2235632159193718,-0.02304145360450131,0.07105040377839056,-1.8726230651978462,-2.602918691480547,-0.29108026023439587,-0.3440848653477261
OMA_042_011,OMA,rbf_strong,thin_plate_spline,1.0,128,1,Q2_TR,strict_blocked_cv,20,grid,4992,238944,3.8573435441951767,4.970290098124877,0.07470146569504717,0.23357796985728138,6.809652755954927,9.611467223758698,2.2004454514554346,0.08516545417154317,0.17864347962671207,-2.9523092117597503,-4.641177125633821,0.010463988476496003,-0.054934490230569316
OMA_042_011,OMA,rbf_strong,thin_plate_spline,1.0,128,2,Q3_BL,strict_blocked_cv,20,grid,4992,238198,3.5097745581151973,4.306585157875919,0.23628088320211407,0.30917295863465194,5.1416180735958354,6.378811320212885,1.7052209062734949,0.19462214293881214,0.17489670793644305,-1.631843515480638,-2.0722261623369667,-0.041658740263301935,-0.1342762506982089
OMA_042_011,OMA,rbf_strong,thin_plate_spline,1.0,128,3,Q4_BR,strict_blocked_cv,20,grid,4992,239060,3.5986924130368747,4.246757274593896,0.4096990414302385,0.4616477821581617,8.769972331914204,14.075408801640485,4.767551213180453,0.04421936534352852,0.1481680055391135,-5.171279918877329,-9.828651527046588,-0.36547967608670995,-0.31347977661904824
OMA_042_011,OMA,rbf_medium,thin_plate_spline,0.1,128,0,Q1_TL,strict_blocked_cv,20,grid,4992,233110,2.7727551315015138,3.565819353641848,0.26803880662989454,0.41513526912611665,5.818470000227968,7.661233448558008,-0.6774428772139109,-0.007389733705030668,0.07716313408838314,-3.0457148687264546,-4.09541409491616,-0.2754285403349252,-0.3379721350377335
OMA_042_011,OMA,rbf_medium,thin_plate_spline,0.1,128,1,Q2_TR,strict_blocked_cv,20,grid,4992,238944,3.8573435441951767,4.970290098124877,0.07470146569504717,0.23357796985728138,6.54649203132032,9.203673360547631,2.050419366442366,0.10875716768584204,0.18394324153881236,-2.6891484871251436,-4.233383262422754,0.03405570199079487,-0.04963472831846902
OMA_042_011,OMA,rbf_medium,thin_plate_spline,0.1,128,2,Q3_BL,strict_blocked_cv,20,grid,4992,238198,3.5097745581151973,4.306585157875919,0.23628088320211407,0.30917295863465194,7.473496643922889,10.042621359625851,4.698616010829409,0.14904195141768412,0.15858497670528066,-3.963722085807692,-5.736036201749933,-0.08723893178442996,-0.15058798192937128
OMA_042_011,OMA,rbf_medium,thin_plate_spline,0.1,128,3,Q4_BR,strict_blocked_cv,20,grid,4992,239060,3.5986924130368747,4.246757274593896,0.4096990414302385,0.4616477821581617,8.865116855125118,13.55580027118992,4.37024565647023,0.041851323132655854,0.11583829460098921,-5.266424442088243,-9.309042996596023,-0.36784771829758267,-0.3458094875571725
OMA_042_011,OMA,rbf_weak,thin_plate_spline,0.01,128,0,Q1_TL,strict_blocked_cv,20,grid,4992,233110,2.7727551315015138,3.565819353641848,0.26803880662989454,0.41513526912611665,8.924989094302973,12.234226437832733,-8.282539278556948,0.17094967973847291,0.2700946965722947,-6.152233962801459,-8.668407084190886,-0.09708912689142163,-0.14504057255382197
OMA_042_011,OMA,rbf_weak,thin_plate_spline,0.01,128,1,Q2_TR,strict_blocked_cv,20,grid,4992,238944,3.8573435441951767,4.970290098124877,0.07470146569504717,0.23357796985728138,7.96368469407669,11.61168781575455,3.8224333668721835,0.10175470851258946,0.1934127764461202,-4.106341149881514,-6.641397717629673,0.02705324281754229,-0.040165193411161176
OMA_042_011,OMA,rbf_weak,thin_plate_spline,0.01,128,2,Q3_BL,strict_blocked_cv,20,grid,4992,238198,3.5097745581151973,4.306585157875919,0.23628088320211407,0.30917295863465194,10.826596990717599,16.002767894149713,9.18749806081663,0.0006205446332223663,0.028646789665606822,-7.316822432602402,-11.696182736273794,-0.2356603385688917,-0.28052616896904514
OMA_042_011,OMA,rbf_weak,thin_plate_spline,0.01,128,3,Q4_BR,strict_blocked_cv,20,grid,4992,239060,3.5986924130368747,4.246757274593896,0.4096990414302385,0.4616477821581617,5.364266648666391,7.243953736026883,-3.7846508788345967,0.21431646354864917,0.2539347044034397,-1.7655742356295159,-2.9971964614329876,-0.19538257788158933,-0.20771307775472203
OMA_084_038,OMA,rbf_strong,thin_plate_spline,1.0,128,0,Q1_TL,strict_blocked_cv,20,grid,4992,246628,2.052204887743773,2.741546322578853,0.6350459650824662,0.6686466896383589,4.255820562478432,5.841575959216513,-2.353646123678356,0.31837777036268977,0.3928470270909881,-2.203615674734659,-3.10002963663766,-0.3166681947197765,-0.2757996625473708
OMA_084_038,OMA,rbf_strong,thin_plate_spline,1.0,128,1,Q2_TR,strict_blocked_cv,20,grid,4992,248445,2.9059852983708856,4.483047978125119,0.6246070492224802,0.6783388704391099,4.170681385073725,5.495275959749743,-0.24502939855715755,0.4083484748928057,0.4972081950399162,-1.2646960867028394,-1.0122279816246245,-0.21625857432967455,-0.1811306753991937
OMA_084_038,OMA,rbf_strong,thin_plate_spline,1.0,128,2,Q3_BL,strict_blocked_cv,20,grid,4992,251291,4.258827272496754,5.559918529830319,0.441727035454889,0.539665118643564,5.527360405530498,7.226620885245973,-2.085563824421327,0.2032543536785271,0.1605289824281936,-1.2685331330337437,-1.6667023554156541,-0.2384726817763619,-0.37913613621537046
OMA_084_038,OMA,rbf_strong,thin_plate_spline,1.0,128,3,Q4_BR,strict_blocked_cv,20,grid,4992,247629,2.918133669250332,4.030714732213941,0.4234088783036805,0.43309420717792535,5.919484732554696,8.123275335119102,-0.8074324448460773,0.10553714388960267,0.11263723848743347,-3.0013510633043636,-4.092560602905161,-0.31787173441407784,-0.3204569686904919
OMA_084_038,OMA,rbf_medium,thin_plate_spline,0.1,128,0,Q1_TL,strict_blocked_cv,20,grid,4992,246628,2.052204887743773,2.741546322578853,0.6350459650824662,0.6686466896383589,3.1523025492365178,3.9800707631050587,1.1446403756972607,0.4551320500843661,0.45373006601006644,-1.100097661492745,-1.2385244405262057,-0.17991391499810017,-0.2149166236282925
OMA_084_038,OMA,rbf_medium,thin_plate_spline,0.1,128,1,Q2_TR,strict_blocked_cv,20,grid,4992,248445,2.9059852983708856,4.483047978125119,0.6246070492224802,0.6783388704391099,5.19562748414677,7.061284401061126,-2.9392585784705774,0.47580918164310504,0.6259441629391345,-2.289642185775884,-2.5782364229360075,-0.1487978675793752,-0.052394707499975435
OMA_084_038,OMA,rbf_medium,thin_plate_spline,0.1,128,2,Q3_BL,strict_blocked_cv,20,grid,4992,251291,4.258827272496754,5.559918529830319,0.441727035454889,0.539665118643564,4.871859526685637,6.637771656053973,-2.2467990257299024,0.33090475828313914,0.34731777884378506,-0.6130322541888829,-1.077853126223654,-0.11082227717174986,-0.19234733979977897
OMA_084_038,OMA,rbf_medium,thin_plate_spline,0.1,128,3,Q4_BR,strict_blocked_cv,20,grid,4992,247629,2.918133669250332,4.030714732213941,0.4234088783036805,0.43309420717792535,6.011720511890003,7.847980217994211,-0.4655236328310488,0.13265216944615638,0.15451800975065796,-3.0935868426396707,-3.81726548578027,-0.29075670885752414,-0.27857619742726736
OMA_084_038,OMA,rbf_weak,thin_plate_spline,0.01,128,0,Q1_TL,strict_blocked_cv,20,grid,4992,246628,2.052204887743773,2.741546322578853,0.6350459650824662,0.6686466896383589,4.917668664631261,6.237854210856521,1.7779112613152686,0.3149454390772583,0.34288312885335703,-2.865463776887488,-3.496307888277668,-0.32010052600520794,-0.3257635607850019
OMA_084_038,OMA,rbf_weak,thin_plate_spline,0.01,128,1,Q2_TR,strict_blocked_cv,20,grid,4992,248445,2.9059852983708856,4.483047978125119,0.6246070492224802,0.6783388704391099,6.218992593379425,8.162729613539266,-1.7266226213257119,0.4664092389313901,0.5557476170424411,-3.313007295008539,-3.6796816354141475,-0.15819781029109015,-0.12259125339666876
OMA_084_038,OMA,rbf_weak,thin_plate_spline,0.01,128,2,Q3_BL,strict_blocked_cv,20,grid,4992,251291,4.258827272496754,5.559918529830319,0.441727035454889,0.539665118643564,5.57745766851418,7.58958326580215,-3.375267273012512,0.2641365365921413,0.3157681787043298,-1.3186303960174257,-2.0296647359718314,-0.1775904988627477,-0.2238969399392342
OMA_084_038,OMA,rbf_weak,thin_plate_spline,0.01,128,3,Q4_BR,strict_blocked_cv,20,grid,4992,247629,2.918133669250332,4.030714732213941,0.4234088783036805,0.43309420717792535,6.797864494261285,9.332339292294565,-4.0097235681045635,0.1901185827201381,0.17423107245924815,-3.879730825010953,-5.301624560080624,-0.23329029558354242,-0.25886313471867717
OMA_134_027,OMA,rbf_strong,thin_plate_spline,1.0,128,0,Q1_TL,strict_blocked_cv,20,grid,4992,233546,1.4788654738239375,1.9071813579699028,0.32170235811162473,0.1326079962125285,4.215978731857242,5.737855162873208,-1.5388534484617726,0.00811249489071475,-0.001868279926970573,-2.737113258033305,-3.830673804903305,-0.31358986322091,-0.13447627613949908
OMA_134_027,OMA,rbf_strong,thin_plate_spline,1.0,128,1,Q2_TR,strict_blocked_cv,20,grid,4992,240220,3.113840689959363,3.686825852707661,0.19843929442362757,0.337123471163693,3.8475036718980893,5.0889547214420805,-0.6028174190412187,0.09519215358836892,0.12568091144563778,-0.7336629819387261,-1.4021288687344193,-0.10324714083525864,-0.21144255971805523
OMA_134_027,OMA,rbf_strong,thin_plate_spline,1.0,128,2,Q3_BL,strict_blocked_cv,20,grid,4992,238739,3.1905091809361252,4.048392944756218,0.058043346598345605,0.08250386440848907,6.191268919044874,8.680093580354761,3.80986999659626,0.03194834807128362,0.04855285326379813,-3.0007597381087487,-4.631700635598543,-0.026094998527061986,-0.03395101114469094
OMA_134_027,OMA,rbf_strong,thin_plate_spline,1.0,128,3,Q4_BR,strict_blocked_cv,20,grid,4992,233729,3.0897929716046293,3.389103862069892,0.33618933641381,0.4791257927677077,7.145504406815501,10.077694862540124,3.4238872695764586,0.14999247835906926,0.22959716552339557,-4.055711435210872,-6.6885910004702325,-0.18619685805474073,-0.24952862724431216
OMA_134_027,OMA,rbf_medium,thin_plate_spline,0.1,128,0,Q1_TL,strict_blocked_cv,20,grid,4992,233546,1.4788654738239375,1.9071813579699028,0.32170235811162473,0.1326079962125285,4.071151956330035,5.430346232817427,-1.9384221864925075,0.0534087452059168,0.046027012953868046,-2.592286482506098,-3.5231648748475237,-0.2682936129057079,-0.08658098325866045
OMA_134_027,OMA,rbf_medium,thin_plate_spline,0.1,128,1,Q2_TR,strict_blocked_cv,20,grid,4992,240220,3.113840689959363,3.686825852707661,0.19843929442362757,0.337123471163693,3.4986583347059876,4.636571943809319,-0.5006866454915206,0.17426167053894487,0.23455369365515555,-0.3848176447466245,-0.9497460911016575,-0.024177623884682697,-0.10256977750853746
OMA_134_027,OMA,rbf_medium,thin_plate_spline,0.1,128,2,Q3_BL,strict_blocked_cv,20,grid,4992,238739,3.1905091809361252,4.048392944756218,0.058043346598345605,0.08250386440848907,8.144659494278182,11.024424020523968,6.5911428519268895,0.060371918408924044,0.0471897341111055,-4.954150313342057,-6.97603107576775,0.002328571810578439,-0.035314130297383575
OMA_134_027,OMA,rbf_medium,thin_plate_spline,0.1,128,3,Q4_BR,strict_blocked_cv,20,grid,4992,233729,3.0897929716046293,3.389103862069892,0.33618933641381,0.4791257927677077,10.439839205966551,15.334305453165289,8.196621914597696,0.1887834191507196,0.3035160795144949,-7.350046234361923,-11.945201591095397,-0.14740591726309038,-0.17560971325321284
OMA_134_027,OMA,rbf_weak,thin_plate_spline,0.01,128,0,Q1_TL,strict_blocked_cv,20,grid,4992,233546,1.4788654738239375,1.9071813579699028,0.32170235811162473,0.1326079962125285,4.32098361237767,5.440259415166653,-2.7498068424604103,0.06599342782603343,-0.036568458837712564,-2.842118138553733,-3.53307805719675,-0.2557089302855913,-0.16917645505024106
OMA_134_027,OMA,rbf_weak,thin_plate_spline,0.01,128,1,Q2_TR,strict_blocked_cv,20,grid,4992,240220,3.113840689959363,3.686825852707661,0.19843929442362757,0.337123471163693,5.90210455597502,7.549301426688556,-0.7342576787017651,0.1186838785533777,0.11594972903677332,-2.788263866015657,-3.862475573980895,-0.07975541587024987,-0.2211737421269197
OMA_134_027,OMA,rbf_weak,thin_plate_spline,0.01,128,2,Q3_BL,strict_blocked_cv,20,grid,4992,238739,3.1905091809361252,4.048392944756218,0.058043346598345605,0.08250386440848907,13.677155613312168,19.241980161295036,12.57717731619127,0.06721005946735065,0.05371601142567523,-10.486646432376043,-15.193587216538818,0.009166712869005042,-0.02878785298281384
OMA_134_027,OMA,rbf_weak,thin_plate_spline,0.01,128,3,Q4_BR,strict_blocked_cv,20,grid,4992,233729,3.0897929716046293,3.389103862069892,0.33618933641381,0.4791257927677077,12.583992610363945,16.10640310132689,3.9362486882424546,0.16559352574121822,0.20803686034663826,-9.494199638759316,-12.717299239256999,-0.17059581067259177,-0.27108893242106946
OMA_144_030,OMA,rbf_strong,thin_plate_spline,1.0,128,0,Q1_TL,strict_blocked_cv,20,grid,4992,116113,0.016807675063732406,0.02412571844283154,-0.08794269367264881,-0.0647368934325823,0.019152409910471367,0.02538962227823267,0.002244349521819535,-0.014471524867527084,0.022886900275021865,-0.0023447348467389613,-0.0012639038354011305,0.07347116880512172,0.08762379370760416
OMA_144_030,OMA,rbf_strong,thin_plate_spline,1.0,128,1,Q2_TR,strict_blocked_cv,20,grid,4992,137006,0.014161844614109582,0.019716795470346087,0.0678646660597813,0.08199264174771624,0.02075630060403899,0.02541347800305863,0.00722285040864464,0.01470737244452237,-0.0025415151487487475,-0.006594455989929408,-0.005696682532712542,-0.05315729361525892,-0.08453415689646498
OMA_144_030,OMA,rbf_strong,thin_plate_spline,1.0,128,2,Q3_BL,strict_blocked_cv,20,grid,4992,104314,0.010067777955891342,0.014306041864507879,0.06546762784090322,0.07134355717290866,0.018139875148924758,0.0244313000826218,-0.0049664903501808405,0.06699185410408202,0.08841719435244674,-0.008072097193033416,-0.010125258218113923,0.0015242262631788017,0.01707363717953808
OMA_144_030,OMA,rbf_strong,thin_plate_spline,1.0,128,3,Q4_BR,strict_blocked_cv,20,grid,4992,151219,0.013790388017229717,0.023360681455849863,0.05811180219321929,0.12581884619693115,0.02774787855897551,0.039688576577115574,0.01876579521805793,0.06157867905165454,0.13867556371617298,-0.013957490541745792,-0.01632789512126571,0.003466876858435247,0.012856717519241834
OMA_144_030,OMA,rbf_medium,thin_plate_spline,0.1,128,0,Q1_TL,strict_blocked_cv,20,grid,4992,116113,0.016807675063732406,0.02412571844283154,-0.08794269367264881,-0.0647368934325823,0.02442957442648593,0.0315739469416506,0.012261859090988658,-0.05731440626477054,-0.06125910072159824,-0.007621899362753523,-0.007448228498819064,0.030628287407878277,0.00347779271098405
OMA_144_030,OMA,rbf_medium,thin_plate_spline,0.1,128,1,Q2_TR,strict_blocked_cv,20,grid,4992,137006,0.014161844614109582,0.019716795470346087,0.0678646660597813,0.08199264174771624,0.019015907307273743,0.023404206974992365,0.009239569652962994,0.09409553891076114,0.06602683923091715,-0.004854062693164161,-0.0036874115046462777,0.026230872850979844,-0.01596580251679909
OMA_144_030,OMA,rbf_medium,thin_plate_spline,0.1,128,2,Q3_BL,strict_blocked_cv,20,grid,4992,104314,0.010067777955891342,0.014306041864507879,0.06546762784090322,0.07134355717290866,0.021163039045527805,0.026821037396515826,-0.0010590026556336158,0.03212430117236584,0.04952813140686701,-0.011095261089636464,-0.012514995532007947,-0.033343326668537385,-0.021815425766041653
OMA_144_030,OMA,rbf_medium,thin_plate_spline,0.1,128,3,Q4_BR,strict_blocked_cv,20,grid,4992,151219,0.013790388017229717,0.023360681455849863,0.05811180219321929,0.12581884619693115,0.023913263183501506,0.03325876976941253,0.0037787389145868292,0.06527774884277857,0.1503171295920924,-0.01012287516627179,-0.009898088313562665,0.007165946649559274,0.024498283395161247
OMA_144_030,OMA,rbf_weak,thin_plate_spline,0.01,128,0,Q1_TL,strict_blocked_cv,20,grid,4992,116113,0.016807675063732406,0.02412571844283154,-0.08794269367264881,-0.0647368934325823,0.019566708805438093,0.026048445191009458,0.0006555881898846199,0.02207743236967942,0.029636006496662485,-0.0027590337417056875,-0.0019227267481779185,0.11002012604232823,0.09437289992924477
OMA_144_030,OMA,rbf_weak,thin_plate_spline,0.01,128,1,Q2_TR,strict_blocked_cv,20,grid,4992,137006,0.014161844614109582,0.019716795470346087,0.0678646660597813,0.08199264174771624,0.026477335509460843,0.033680480148470214,0.01994441158879037,0.060690834021060305,0.04559383248930606,-0.01231549089535126,-0.013963684678124127,-0.00717383203872099,-0.03639880925841018
OMA_144_030,OMA,rbf_weak,thin_plate_spline,0.01,128,2,Q3_BL,strict_blocked_cv,20,grid,4992,104314,0.010067777955891342,0.014306041864507879,0.06546762784090322,0.07134355717290866,0.024982120569496242,0.03333894865004703,-0.021387495222830486,0.09622258891488597,0.07947202312102192,-0.0149143426136049,-0.01903290678553915,0.030754961073982748,0.008128465948113256
OMA_144_030,OMA,rbf_weak,thin_plate_spline,0.01,128,3,Q4_BR,strict_blocked_cv,20,grid,4992,151219,0.013790388017229717,0.023360681455849863,0.05811180219321929,0.12581884619693115,0.0288026048435769,0.03886794371788143,0.014983666449546585,0.04788429074363409,0.1325291662719851,-0.015012216826347182,-0.015507262262031567,-0.010227511449585204,0.006710320075053955
OMA_198_002,OMA,rbf_strong,thin_plate_spline,1.0,128,0,Q1_TL,strict_blocked_cv,20,grid,4992,224381,2.5853851395620424,3.252704444902109,0.6987361749146181,0.7031724419429367,5.444888724681804,6.901096039864135,3.5374975207636963,0.21474842841870218,0.2397403201756564,-2.8595035851197617,-3.648391594962026,-0.48398774649591597,-0.4634321217672803
OMA_198_002,OMA,rbf_strong,thin_plate_spline,1.0,128,1,Q2_TR,strict_blocked_cv,20,grid,4992,200477,2.5905247034779393,3.416175791253207,0.5204450609970637,0.5301811272566701,7.56644348966577,10.099377794954247,5.4857649355653955,0.055718205325399284,0.07482301040593835,-4.9759187861878305,-6.68320200370104,-0.4647268556716644,-0.45535811685073174
OMA_198_002,OMA,rbf_strong,thin_plate_spline,1.0,128,2,Q3_BL,strict_blocked_cv,20,grid,4992,204681,2.7176350097709467,3.3596375100284503,0.6707745046535107,0.6720439284609473,3.695923894581628,4.935661514370491,-0.7415914578681765,0.23900513627196254,0.22183763915256927,-0.9782888848106812,-1.5760240043420404,-0.4317693683815482,-0.450206289308378
OMA_198_002,OMA,rbf_strong,thin_plate_spline,1.0,128,3,Q4_BR,strict_blocked_cv,20,grid,4992,203217,3.1678238755271626,3.921890811425331,0.4302182109265147,0.47627175876550887,7.1297507105938145,9.227354701035292,5.266366482404599,0.10495732251713595,0.1541516572285231,-3.961926835066652,-5.305463889609961,-0.3252608884093787,-0.3221201015369858
OMA_198_002,OMA,rbf_medium,thin_plate_spline,0.1,128,0,Q1_TL,strict_blocked_cv,20,grid,4992,224381,2.5853851395620424,3.252704444902109,0.6987361749146181,0.7031724419429367,5.633739020959637,7.1724393451840625,4.025102306288257,0.16555561277656192,0.18759020479562513,-3.0483538813975946,-3.9197349002819535,-0.5331805621380562,-0.5155822371473116
OMA_198_002,OMA,rbf_medium,thin_plate_spline,0.1,128,1,Q2_TR,strict_blocked_cv,20,grid,4992,200477,2.5905247034779393,3.416175791253207,0.5204450609970637,0.5301811272566701,9.398062122146992,12.578851321521977,8.24618687571844,0.04584888375917658,0.0827991972369107,-6.807537418669053,-9.162675530268771,-0.4745961772378871,-0.4473819300197594
OMA_198_002,OMA,rbf_medium,thin_plate_spline,0.1,128,2,Q3_BL,strict_blocked_cv,20,grid,4992,204681,2.7176350097709467,3.3596375100284503,0.6707745046535107,0.6720439284609473,3.6590735338613896,5.23042483696055,0.2023354381772023,0.3164110072641596,0.40037086221694196,-0.9414385240904428,-1.8707873269320996,-0.35436349738935113,-0.27167306624400533
OMA_198_002,OMA,rbf_medium,thin_plate_spline,0.1,128,3,Q4_BR,strict_blocked_cv,20,grid,4992,203217,3.1678238755271626,3.921890811425331,0.4302182109265147,0.47627175876550887,8.610769217073551,11.150823755721024,6.021858343579813,0.04799868067826664,0.07721952884266048,-5.442945341546389,-7.2289329442956936,-0.38221953024824806,-0.3990522299228484
OMA_198_002,OMA,rbf_weak,thin_plate_spline,0.01,128,0,Q1_TL,strict_blocked_cv,20,grid,4992,224381,2.5853851395620424,3.252704444902109,0.6987361749146181,0.7031724419429367,5.313870262516411,6.990212249967522,3.5552344848958475,0.22132833584729775,0.2568801298016355,-2.7284851229543685,-3.737507805065413,-0.4774078390673204,-0.4462923121413012
OMA_198_002,OMA,rbf_weak,thin_plate_spline,0.01,128,1,Q2_TR,strict_blocked_cv,20,grid,4992,200477,2.5905247034779393,3.416175791253207,0.5204450609970637,0.5301811272566701,12.56740513008699,16.666632176048722,12.032646935636368,0.023337582474037923,0.07263969739753984,-9.97688042660905,-13.250456384795516,-0.4971074785230257,-0.45754142985913027
OMA_198_002,OMA,rbf_weak,thin_plate_spline,0.01,128,2,Q3_BL,strict_blocked_cv,20,grid,4992,204681,2.7176350097709467,3.3596375100284503,0.6707745046535107,0.6720439284609473,4.4941055712838525,6.077141054381728,0.48215021729362356,0.1766183142933903,0.20257369056476152,-1.7764705615129057,-2.7175035443532773,-0.49415619036012043,-0.4694702378961858
OMA_198_002,OMA,rbf_weak,thin_plate_spline,0.01,128,3,Q4_BR,strict_blocked_cv,20,grid,4992,203217,3.1678238755271626,3.921890811425331,0.4302182109265147,0.47627175876550887,10.363399067848745,13.01349143518803,4.454152720527298,-0.021424588679674773,-0.0015672856856688018,-7.1955751923215825,-9.091600623762698,-0.45164279960618947,-0.4778390444511777
OMA_211_032,OMA,rbf_strong,thin_plate_spline,1.0,128,0,Q1_TL,strict_blocked_cv,20,grid,4992,224943,1.9313317964842465,2.9648526938982376,0.5061335049612135,0.47914620367727173,5.519989925862399,8.059614221277535,3.6191636277564743,0.0062770683844077645,0.030060367382979243,-3.5886581293781523,-5.094761527379298,-0.4998564365768057,-0.4490858362942925
OMA_211_032,OMA,rbf_strong,thin_plate_spline,1.0,128,1,Q2_TR,strict_blocked_cv,20,grid,4992,210903,1.633205250849573,2.8995887964441227,-0.03357183689441641,0.05351138788771182,5.418165088822641,7.800144963232028,4.246835178418477,0.09456092948233935,0.007707822807682485,-3.784959837973068,-4.900556166787905,0.12813276637675575,-0.045803565080029335
OMA_211_032,OMA,rbf_strong,thin_plate_spline,1.0,128,2,Q3_BL,strict_blocked_cv,20,grid,4992,212443,1.1635920077078785,1.5439835866342024,0.4196873516799178,0.4349555453945043,2.598917987010452,4.0806573809454125,-0.7465649246873948,0.09565864913203004,0.11852776144611465,-1.4353259793025737,-2.53667379431121,-0.32402870254788774,-0.31642778394838966
OMA_211_032,OMA,rbf_strong,thin_plate_spline,1.0,128,3,Q4_BR,strict_blocked_cv,20,grid,4992,210546,2.354508540714551,3.8577688316340444,0.009786797544445586,0.07546234297241225,3.058804570601792,4.4385730546962545,-0.31843224128924796,0.027260468858791333,0.08562765993898457,-0.7042960298872409,-0.5808042230622101,0.017473671314345747,0.010165316966572316
OMA_211_032,OMA,rbf_medium,thin_plate_spline,0.1,128,0,Q1_TL,strict_blocked_cv,20,grid,4992,224943,1.9313317964842465,2.9648526938982376,0.5061335049612135,0.47914620367727173,6.088935140870291,8.675664368872852,4.673783209949907,-0.002496241190575345,0.05784565057325393,-4.157603344386044,-5.7108116749746145,-0.5086297461517888,-0.4213005531040178
OMA_211_032,OMA,rbf_medium,thin_plate_spline,0.1,128,1,Q2_TR,strict_blocked_cv,20,grid,4992,210903,1.633205250849573,2.8995887964441227,-0.03357183689441641,0.05351138788771182,5.465038492641372,7.805779613344132,3.1558325853088838,0.0889232279292021,-0.00030311271965438043,-3.831833241791799,-4.9061908169000095,0.12249506482361851,-0.0538145006073662
OMA_211_032,OMA,rbf_medium,thin_plate_spline,0.1,128,2,Q3_BL,strict_blocked_cv,20,grid,4992,212443,1.1635920077078785,1.5439835866342024,0.4196873516799178,0.4349555453945043,2.3187718360282976,3.3292742753769797,-1.4521580873584026,0.10074045349616986,0.07852571021599875,-1.155179828320419,-1.7852906887427773,-0.3189468981837479,-0.35642983517850557
OMA_211_032,OMA,rbf_medium,thin_plate_spline,0.1,128,3,Q4_BR,strict_blocked_cv,20,grid,4992,210546,2.354508540714551,3.8577688316340444,0.009786797544445586,0.07546234297241225,3.5382120156862857,4.847743407850689,-0.7638403887997796,0.10156211535401768,0.1058996738588404,-1.1837034749717348,-0.9899745762166443,0.0917753178095721,0.03043733088642815
OMA_211_032,OMA,rbf_weak,thin_plate_spline,0.01,128,0,Q1_TL,strict_blocked_cv,20,grid,4992,224943,1.9313317964842465,2.9648526938982376,0.5061335049612135,0.47914620367727173,6.850136689001828,9.596213969991933,4.547900334870562,-0.01369757151062826,-0.012082623066135206,-4.918804892517581,-6.6313612760936955,-0.5198310764718417,-0.49122882674340695
OMA_211_032,OMA,rbf_weak,thin_plate_spline,0.01,128,1,Q2_TR,strict_blocked_cv,20,grid,4992,210903,1.633205250849573,2.8995887964441227,-0.03357183689441641,0.05351138788771182,6.1458722674287545,8.561934350986556,3.5022051673789845,0.12312081421654586,0.034102974882682414,-4.512667016579181,-5.6623455545424335,0.15669265111096226,-0.019408413005029407
OMA_211_032,OMA,rbf_weak,thin_plate_spline,0.01,128,2,Q3_BL,strict_blocked_cv,20,grid,4992,212443,1.1635920077078785,1.5439835866342024,0.4196873516799178,0.4349555453945043,3.4701208455659507,5.361393916939382,-2.5409053507673036,0.1537276050440498,0.11662105038960967,-2.306528837858072,-3.8174103303051794,-0.26595974663586797,-0.31833449500489464
OMA_211_032,OMA,rbf_weak,thin_plate_spline,0.01,128,3,Q4_BR,strict_blocked_cv,20,grid,4992,210546,2.354508540714551,3.8577688316340444,0.009786797544445586,0.07546234297241225,4.463017649444746,5.574298634189674,2.5767955030636114,0.06850477023604254,0.07050391235654667,-2.108509108730195,-1.7165298025556295,0.058717972691596954,-0.0049584306158655805
OMA_211_039,OMA,rbf_strong,thin_plate_spline,1.0,128,0,Q1_TL,strict_blocked_cv,20,grid,4992,224515,1.7454025575491248,3.1278274793439285,-0.4799260733102279,-0.2991793852608902,5.375060710044802,7.70980036944973,3.543156803117845,-0.1499903627025631,-0.11313149818564727,-3.6296581524956775,-4.581972890105801,0.3299357106076648,0.18604788707524295
OMA_211_039,OMA,rbf_strong,thin_plate_spline,1.0,128,1,Q2_TR,strict_blocked_cv,20,grid,4992,211383,1.394820463606575,3.0248146017436732,-0.08889350334412827,-0.030269470044081835,6.240495558587853,9.4651065482537,5.241152650981372,0.1416571032172763,0.036760280333303925,-4.845675094981278,-6.440291946510028,0.23055060656140455,0.06702975037738576
OMA_211_039,OMA,rbf_strong,thin_plate_spline,1.0,128,2,Q3_BL,strict_blocked_cv,20,grid,4992,211681,0.8698163289986636,1.386536590174064,-0.018239771287184077,0.20119837794017825,3.348634516108373,5.715815397704827,-2.402810502465941,0.12924523389482995,0.09166131566751123,-2.4788181871097095,-4.3292788075307636,0.14748500518201402,-0.10953706227266702
OMA_211_039,OMA,rbf_strong,thin_plate_spline,1.0,128,3,Q4_BR,strict_blocked_cv,20,grid,4992,211077,2.1033460107120616,3.8995303799171652,-0.4888843722956506,-0.40687372525666865,2.179919879978825,4.055278129170973,-1.55352460981668,0.1446707869754172,0.14521156662982498,-0.07657386926676324,-0.15574774925380774,0.6335551592710678,0.5520852918864936
OMA_211_039,OMA,rbf_medium,thin_plate_spline,0.1,128,0,Q1_TL,strict_blocked_cv,20,grid,4992,224515,1.7454025575491248,3.1278274793439285,-0.4799260733102279,-0.2991793852608902,7.006612807157862,9.89861814106659,5.48687534790499,-0.09173207777578418,-0.03860391846451451,-5.261210249608737,-6.770790661722662,0.3881939955344437,0.2605754667963757
OMA_211_039,OMA,rbf_medium,thin_plate_spline,0.1,128,1,Q2_TR,strict_blocked_cv,20,grid,4992,211383,1.394820463606575,3.0248146017436732,-0.08889350334412827,-0.030269470044081835,7.762022518863847,11.568528655953834,6.277279244535195,0.16225099086922715,0.09267659246518262,-6.3672020552572715,-8.543714054210161,0.2511444942133554,0.12294606250926446
OMA_211_039,OMA,rbf_medium,thin_plate_spline,0.1,128,2,Q3_BL,strict_blocked_cv,20,grid,4992,211681,0.8698163289986636,1.386536590174064,-0.018239771287184077,0.20119837794017825,4.463621458498119,6.684276431986653,-3.183974856887496,0.18601920141436246,0.11752264973571391,-3.5938051294994557,-5.297739841812589,0.20425897270154653,-0.08367572820446434
OMA_211_039,OMA,rbf_medium,thin_plate_spline,0.1,128,3,Q4_BR,strict_blocked_cv,20,grid,4992,211077,2.1033460107120616,3.8995303799171652,-0.4888843722956506,-0.40687372525666865,2.352669326773473,4.130643383100096,-1.6698484122964186,0.16633007218784873,0.18849948909989153,-0.24932331606141123,-0.2311130031829305,0.6552144444834993,0.5953732143565602
OMA_211_039,OMA,rbf_weak,thin_plate_spline,0.01,128,0,Q1_TL,strict_blocked_cv,20,grid,4992,224515,1.7454025575491248,3.1278274793439285,-0.4799260733102279,-0.2991793852608902,8.71563546023042,11.403381137211754,5.885879421394832,-0.23123201749483271,-0.15000847221677358,-6.970232902681295,-8.275553657867826,0.2486940558153952,0.14917091304411664
OMA_211_039,OMA,rbf_weak,thin_plate_spline,0.01,128,1,Q2_TR,strict_blocked_cv,20,grid,4992,211383,1.394820463606575,3.0248146017436732,-0.08889350334412827,-0.030269470044081835,6.450180979357721,9.291442731477831,5.490406479980096,0.1585896070378216,0.09146165509126875,-5.055360515751145,-6.266628129734158,0.24748311038194987,0.12173112513535059
OMA_211_039,OMA,rbf_weak,thin_plate_spline,0.01,128,2,Q3_BL,strict_blocked_cv,20,grid,4992,211681,0.8698163289986636,1.386536590174064,-0.018239771287184077,0.20119837794017825,4.923308673374684,7.283545561407108,-4.096969089979519,0.19823518221701666,0.14529630908921756,-4.05349234437602,-5.897008971233044,0.21647495350420073,-0.05590206885096069
OMA_211_039,OMA,rbf_weak,thin_plate_spline,0.01,128,3,Q4_BR,strict_blocked_cv,20,grid,4992,211077,2.1033460107120616,3.8995303799171652,-0.4888843722956506,-0.40687372525666865,2.371094871409959,4.112856558033119,-1.203793711435489,0.05289963777847468,0.06509895913950281,-0.2677488606978975,-0.2133261781159539,0.5417840100741254,0.47197268439617146
OMA_212_033,OMA,rbf_strong,thin_plate_spline,1.0,128,0,Q1_TL,strict_blocked_cv,20,grid,4992,198763,1.0697218365445418,3.3423834336077234,0.747087127349932,0.3789854407066587,1.0794600663639615,3.447275861028287,-1.0756764581588638,-0.11009273393433194,0.21900060804122443,-0.009738229819419741,-0.10489242742056382,-0.8571798612842639,-0.15998483266543426
OMA_212_033,OMA,rbf_strong,thin_plate_spline,1.0,128,1,Q2_TR,strict_blocked_cv,20,grid,4992,196362,1.4791968629068806,3.8706818254723503,0.45955559502777255,0.10507226475597743,4.938871708095616,6.9889711978093425,-1.5946014215616475,-0.09007541552713619,-0.032331146908345355,-3.459674845188735,-3.118289372336992,-0.5496310105549087,-0.1374034116643228
OMA_212_033,OMA,rbf_strong,thin_plate_spline,1.0,128,2,Q3_BL,strict_blocked_cv,20,grid,4992,204255,1.743406772850408,4.383170510910083,0.7310157002794703,0.446624996063878,4.7887106415578575,7.89641441282966,-4.589774842780667,0.04804951972050796,0.06513416341532699,-3.0453038687074496,-3.5132439019195774,-0.6829661805589623,-0.381490832648551
OMA_212_033,OMA,rbf_strong,thin_plate_spline,1.0,128,3,Q4_BR,strict_blocked_cv,20,grid,4992,196828,1.2455888541583635,3.4559543428344446,0.6778204159696185,0.27390730998727714,9.386288839888772,13.03192608597218,-3.14778665664368,-0.0791931919734105,0.12981949103144982,-8.140699985730409,-9.575971743137735,-0.757013607943029,-0.1440878189558273
OMA_212_033,OMA,rbf_medium,thin_plate_spline,0.1,128,0,Q1_TL,strict_blocked_cv,20,grid,4992,198763,1.0697218365445418,3.3423834336077234,0.747087127349932,0.3789854407066587,1.0603200977186917,3.3914858962293377,-1.0465859405909677,0.17657214385946227,0.07868954099892293,0.009401738825850048,-0.04910246262161433,-0.5705149834904697,-0.30029589970773574
OMA_212_033,OMA,rbf_medium,thin_plate_spline,0.1,128,1,Q2_TR,strict_blocked_cv,20,grid,4992,196362,1.4791968629068806,3.8706818254723503,0.45955559502777255,0.10507226475597743,5.379476072851375,7.159550542728518,-2.210309226738145,-0.14687106037341968,-0.1407312543743085,-3.9002792099444945,-3.288868717256168,-0.6064266554011922,-0.24580351913028592
OMA_212_033,OMA,rbf_medium,thin_plate_spline,0.1,128,2,Q3_BL,strict_blocked_cv,20,grid,4992,204255,1.743406772850408,4.383170510910083,0.7310157002794703,0.446624996063878,5.574215325422782,8.711542975492867,-5.515830638648292,0.11641523911155413,0.10172726202363958,-3.830808552572374,-4.328372464582784,-0.6146004611679161,-0.34489773404023844
OMA_212_033,OMA,rbf_medium,thin_plate_spline,0.1,128,3,Q4_BR,strict_blocked_cv,20,grid,4992,196828,1.2455888541583635,3.4559543428344446,0.6778204159696185,0.27390730998727714,6.384861320451816,8.178005990175038,-1.6651689669772485,0.00495317913648649,0.1621849562396669,-5.139272466293453,-4.722051647340593,-0.672867236833132,-0.11172235374761025
OMA_212_033,OMA,rbf_weak,thin_plate_spline,0.01,128,0,Q1_TL,strict_blocked_cv,20,grid,4992,198763,1.0697218365445418,3.3423834336077234,0.747087127349932,0.3789854407066587,1.041488634117437,3.388189552403406,-1.0241270884276876,0.16472419259078755,0.2893368815765697,0.02823320242710481,-0.045806118795682416,-0.5823629347591445,-0.08964855913008896
OMA_212_033,OMA,rbf_weak,thin_plate_spline,0.01,128,1,Q2_TR,strict_blocked_cv,20,grid,4992,196362,1.4791968629068806,3.8706818254723503,0.45955559502777255,0.10507226475597743,5.1158323724403045,6.695205180948428,-2.520331453209084,-0.05383622278067077,-0.08034505460556235,-3.636635509533424,-2.824523355476078,-0.5133918178084433,-0.18541731936153977
OMA_212_033,OMA,rbf_weak,thin_plate_spline,0.01,128,2,Q3_BL,strict_blocked_cv,20,grid,4992,204255,1.743406772850408,4.383170510910083,0.7310157002794703,0.446624996063878,5.103287726508342,8.173896868456454,-5.054080677203366,0.15178693539908983,0.09248718881094337,-3.3598809536579344,-3.7907263575463714,-0.5792287648803804,-0.35413780725293464
OMA_212_033,OMA,rbf_weak,thin_plate_spline,0.01,128,3,Q4_BR,strict_blocked_cv,20,grid,4992,196828,1.2455888541583635,3.4559543428344446,0.6778204159696185,0.27390730998727714,9.92898862503904,13.478905044824332,-8.22970967349924,0.005243723985574178,0.12845437585876107,-8.683399770880676,-10.022950701989888,-0.6725766919840444,-0.14545293412851606
OMA_221_034,OMA,rbf_strong,thin_plate_spline,1.0,128,0,Q1_TL,strict_blocked_cv,20,grid,4992,173152,2.486279940021525,3.7129124936629436,0.6945377824879977,0.8469262818079382,3.2319658295261067,4.5955026529541065,-0.7674094267738407,0.5127624195148801,0.6234499726787832,-0.7456858895045815,-0.8825901592911629,-0.18177536297311758,-0.22347630912915495
OMA_221_034,OMA,rbf_strong,thin_plate_spline,1.0,128,1,Q2_TR,strict_blocked_cv,20,grid,4966,227762,3.9267821630936037,5.264930599776028,0.5122436752292672,0.5182594046954556,6.368505342127084,8.100474371220791,3.349232230618836,0.06828173655211853,0.06983949720279693,-2.44172317903348,-2.8355437714447635,-0.4439619386771486,-0.4484199074926587
OMA_221_034,OMA,rbf_strong,thin_plate_spline,1.0,128,2,Q3_BL,strict_blocked_cv,20,grid,4966,158278,2.875529303157076,3.8630481381821475,0.5635620096606253,0.6054607077792338,3.376533371394577,4.646817283938665,-0.7730878666196209,0.4795291701013076,0.39193897172179215,-0.501004068237501,-0.7837691457565175,-0.08403283955931773,-0.21352173605744162
OMA_221_034,OMA,rbf_strong,thin_plate_spline,1.0,128,3,Q4_BR,strict_blocked_cv,20,grid,4966,200962,3.124352413964904,4.096577118574798,0.7188481122784031,0.7843775209379301,3.803168101393642,4.901807918921599,0.60508353364018,0.5999364181582734,0.657505915787266,-0.6788156874287377,-0.8052308003468012,-0.1189116941201297,-0.1268716051506641
OMA_221_034,OMA,rbf_medium,thin_plate_spline,0.1,128,0,Q1_TL,strict_blocked_cv,20,grid,4992,173152,2.486279940021525,3.7129124936629436,0.6945377824879977,0.8469262818079382,4.8217573431248715,6.297828661514315,0.983222894404009,0.40312052911206964,0.4688510069872118,-2.3354774031033463,-2.5849161678513717,-0.29141725337592805,-0.37807527482072634
OMA_221_034,OMA,rbf_medium,thin_plate_spline,0.1,128,1,Q2_TR,strict_blocked_cv,20,grid,4966,227762,3.9267821630936037,5.264930599776028,0.5122436752292672,0.5182594046954556,7.448387893567298,9.458897852396836,5.648481140869686,0.1335143044187525,0.12075763262653978,-3.521605730473694,-4.1939672526208085,-0.37872937081051467,-0.39750177206891585
OMA_221_034,OMA,rbf_medium,thin_plate_spline,0.1,128,2,Q3_BL,strict_blocked_cv,20,grid,4966,158278,2.875529303157076,3.8630481381821475,0.5635620096606253,0.6054607077792338,3.7681871420057957,4.931454177224986,-1.1277321412734997,0.5727678205674868,0.4345216907244355,-0.8926578388487196,-1.0684060390428387,0.009205810906861456,-0.17093901705479825
OMA_221_034,OMA,rbf_medium,thin_plate_spline,0.1,128,3,Q4_BR,strict_blocked_cv,20,grid,4966,200962,3.124352413964904,4.096577118574798,0.7188481122784031,0.7843775209379301,3.646768825996305,4.796113234719605,-0.10330675752497587,0.6178126763969134,0.700823133319214,-0.5224164120314008,-0.6995361161448068,-0.10103543588148967,-0.08355438761871614
OMA_221_034,OMA,rbf_weak,thin_plate_spline,0.01,128,0,Q1_TL,strict_blocked_cv,20,grid,4992,173152,2.486279940021525,3.7129124936629436,0.6945377824879977,0.8469262818079382,5.712947236259268,7.698183023790412,0.6103137854635883,0.2988714593009278,0.47215659675191185,-3.2266672962377427,-3.985270530127468,-0.3956663231870699,-0.3747696850560263
OMA_221_034,OMA,rbf_weak,thin_plate_spline,0.01,128,1,Q2_TR,strict_blocked_cv,20,grid,4966,227762,3.9267821630936037,5.264930599776028,0.5122436752292672,0.5182594046954556,7.572137676558456,9.947654186815344,3.9573868276244446,-0.11265991810098258,-0.06530358832069275,-3.6453555134648523,-4.682723587039316,-0.6249035933302498,-0.5835629930161483
OMA_221_034,OMA,rbf_weak,thin_plate_spline,0.01,128,2,Q3_BL,strict_blocked_cv,20,grid,4966,158278,2.875529303157076,3.8630481381821475,0.5635620096606253,0.6054607077792338,4.083451004577978,5.57373570469791,-1.7174307414055332,0.5102432041035748,0.37784916600290563,-1.207921701420902,-1.7106875665157624,-0.053318805557050486,-0.22761154177632814
OMA_221_034,OMA,rbf_weak,thin_plate_spline,0.01,128,3,Q4_BR,strict_blocked_cv,20,grid,4966,200962,3.124352413964904,4.096577118574798,0.7188481122784031,0.7843775209379301,4.313923257422426,5.579985510152507,1.0607744065447913,0.5725266185221144,0.7053507554047918,-1.1895708434575223,-1.4834083915777088,-0.14632149375628867,-0.07902676553313837
OMA_225_001,OMA,rbf_strong,thin_plate_spline,1.0,128,0,Q1_TL,strict_blocked_cv,20,grid,4888,175282,2.2504894725524576,3.3691696167699723,0.7129749218200349,0.6239120901872593,3.597696954313526,4.710783304535518,-1.6644022143083463,0.3647977637450626,0.3599354072664819,-1.3472074817610684,-1.3416136877655456,-0.34817715807497224,-0.2639766829207775
OMA_225_001,OMA,rbf_strong,thin_plate_spline,1.0,128,1,Q2_TR,strict_blocked_cv,20,grid,4992,130842,1.5331447491220975,2.434812786004748,0.6826103358088741,0.3492971042238887,5.284617811680379,6.860218010517731,-0.17794113784464663,0.30731063905461864,0.11120659729456306,-3.751473062558281,-4.425405224512984,-0.37529969675425545,-0.23809050692932565
OMA_225_001,OMA,rbf_strong,thin_plate_spline,1.0,128,2,Q3_BL,strict_blocked_cv,20,grid,4888,166500,3.124249493096763,3.805555592135454,0.21293489485323014,0.06981355971080166,4.734369108471952,5.986233860765708,2.967339330621035,0.21241498691930588,0.36260909758002363,-1.6101196153751896,-2.180678268630254,-0.0005199079339242574,0.29279553786922197
OMA_225_001,OMA,rbf_strong,thin_plate_spline,1.0,128,3,Q4_BR,strict_blocked_cv,20,grid,4888,201159,2.010359271903041,3.1380998899183594,0.5296097381325829,0.5090865695981767,3.164046926773999,4.473929822200071,0.07318716441370565,0.12793390131305132,0.2121703560047752,-1.1536876548709576,-1.3358299322817113,-0.4016758368195316,-0.2969162135934015
OMA_225_001,OMA,rbf_medium,thin_plate_spline,0.1,128,0,Q1_TL,strict_blocked_cv,20,grid,4888,175282,2.2504894725524576,3.3691696167699723,0.7129749218200349,0.6239120901872593,3.7230512216076113,4.800755712993667,-1.282054115855805,0.4328793273387683,0.44543397600285917,-1.4725617490551537,-1.431586096223695,-0.28009559448126653,-0.17847811418440018
OMA_225_001,OMA,rbf_medium,thin_plate_spline,0.1,128,1,Q2_TR,strict_blocked_cv,20,grid,4992,130842,1.5331447491220975,2.434812786004748,0.6826103358088741,0.3492971042238887,4.037253809241676,5.365838336207332,-0.7619475112943911,0.44182911731734886,0.24940784804459568,-2.5041090601195783,-2.9310255502025844,-0.24078121849152523,-0.09988925617929303
OMA_225_001,OMA,rbf_medium,thin_plate_spline,0.1,128,2,Q3_BL,strict_blocked_cv,20,grid,4888,166500,3.124249493096763,3.805555592135454,0.21293489485323014,0.06981355971080166,4.952453845103842,6.455597187221295,2.2374029586362125,0.17378128539743537,0.3382416362301071,-1.8282043520070794,-2.6500415950858414,-0.03915360945579477,0.26842807651930545
OMA_225_001,OMA,rbf_medium,thin_plate_spline,0.1,128,3,Q4_BR,strict_blocked_cv,20,grid,4888,201159,2.010359271903041,3.1380998899183594,0.5296097381325829,0.5090865695981767,3.9199900006324633,5.52116116778369,1.0805639786473915,0.09469887021099949,0.14435384890434277,-1.909630728729422,-2.383061277865331,-0.43491086792158345,-0.3647327206938339
OMA_225_001,OMA,rbf_weak,thin_plate_spline,0.01,128,0,Q1_TL,strict_blocked_cv,20,grid,4888,175282,2.2504894725524576,3.3691696167699723,0.7129749218200349,0.6239120901872593,3.8372108540359813,5.003720614583122,0.5649326402883057,0.4664589552886503,0.48564078547123135,-1.5867213814835237,-1.6345509978131494,-0.24651596653138458,-0.138271304716028
OMA_225_001,OMA,rbf_weak,thin_plate_spline,0.01,128,1,Q2_TR,strict_blocked_cv,20,grid,4992,130842,1.5331447491220975,2.434812786004748,0.6826103358088741,0.3492971042238887,3.402008665184037,4.7386909062714455,0.12156959236678148,0.4356701726927521,0.21692562183344377,-1.8688639160619396,-2.3038781202666976,-0.246940163116122,-0.13237148239044494
OMA_225_001,OMA,rbf_weak,thin_plate_spline,0.01,128,2,Q3_BL,strict_blocked_cv,20,grid,4888,166500,3.124249493096763,3.805555592135454,0.21293489485323014,0.06981355971080166,6.071957226506306,7.635761634745658,3.109546309781061,-0.010254943880375997,0.0988432095378631,-2.9477077334095436,-3.8302060426102043,-0.22318983873360615,0.029029649827061438
OMA_225_001,OMA,rbf_weak,thin_plate_spline,0.01,128,3,Q4_BR,strict_blocked_cv,20,grid,4888,201159,2.010359271903041,3.1380998899183594,0.5296097381325829,0.5090865695981767,3.1761436626149844,4.609531213101981,0.29801462330970957,0.16255767381018038,0.2270557624189072,-1.1657843907119432,-1.4714313231836216,-0.36705206432240256,-0.2820308071792694
OMA_230_036,OMA,rbf_strong,thin_plate_spline,1.0,128,0,Q1_TL,strict_blocked_cv,20,grid,4992,184456,1.9933759182289343,3.0895815028547196,0.6997284687428578,0.5811969517898783,3.211871602172282,4.723203482688374,-2.4111325783055353,0.14676167445346924,0.07967821876712763,-1.2184956839433478,-1.6336219798336549,-0.5529667942893886,-0.5015187330227506
OMA_230_036,OMA,rbf_strong,thin_plate_spline,1.0,128,1,Q2_TR,strict_blocked_cv,20,grid,4992,184364,2.258210373689931,3.705936341977057,0.7351621519245929,0.6984739370041261,3.0890467778995734,4.259100056727796,-0.9759504495667318,0.20977136520526912,0.21954439899397218,-0.8308364042096423,-0.5531637147507391,-0.5253907867193237,-0.4789295380101539
OMA_230_036,OMA,rbf_strong,thin_plate_spline,1.0,128,2,Q3_BL,strict_blocked_cv,20,grid,4992,151689,1.350831699975997,1.6153887947428724,0.6092175892320869,0.4325105464394943,1.5283771987483334,2.865114519129391,-0.9481900869887583,-0.3806646399178797,-0.08117877014520469,-0.17754549877233639,-1.2497257243865187,-0.9898822291499666,-0.513689316584699
OMA_230_036,OMA,rbf_strong,thin_plate_spline,1.0,128,3,Q4_BR,strict_blocked_cv,20,grid,4992,162772,1.5597461051211579,2.4011446942559096,0.7353238127950517,0.7018019873430504,3.2129638915697996,5.539983431676871,-2.1464762649694413,-0.1009406154964019,-0.029335905048399318,-1.6532177864486417,-3.138838737420961,-0.8362644282914535,-0.7311378923914498
OMA_230_036,OMA,rbf_medium,thin_plate_spline,0.1,128,0,Q1_TL,strict_blocked_cv,20,grid,4992,184456,1.9933759182289343,3.0895815028547196,0.6997284687428578,0.5811969517898783,4.155315118718574,6.272991851199758,-3.8099486529311393,0.01652782588624028,-0.02532995028732089,-2.1619392004896403,-3.1834103483450384,-0.6832006428566175,-0.6065269020771992
OMA_230_036,OMA,rbf_medium,thin_plate_spline,0.1,128,1,Q2_TR,strict_blocked_cv,20,grid,4992,184364,2.258210373689931,3.705936341977057,0.7351621519245929,0.6984739370041261,3.4099750950562067,4.727886492206422,-1.872300944016143,0.1725744338566106,0.18198365985778917,-1.1517647213662756,-1.0219501502293653,-0.5625877180679824,-0.5164902771463369
OMA_230_036,OMA,rbf_medium,thin_plate_spline,0.1,128,2,Q3_BL,strict_blocked_cv,20,grid,4992,151689,1.350831699975997,1.6153887947428724,0.6092175892320869,0.4325105464394943,2.084270824971021,3.2431747533920734,-0.5786823231829286,-0.32419035159675375,-0.035433280290113674,-0.7334391249950238,-1.627785958649201,-0.9334079408288407,-0.467943826729608
OMA_230_036,OMA,rbf_medium,thin_plate_spline,0.1,128,3,Q4_BR,strict_blocked_cv,20,grid,4992,162772,1.5597461051211579,2.4011446942559096,0.7353238127950517,0.7018019873430504,3.423621790912644,5.958281129052791,-2.894309904118213,-0.12398272111222175,-0.0823779628898168,-1.8638756857914862,-3.5571364347968815,-0.8593065339072734,-0.7841799502328672
OMA_230_036,OMA,rbf_weak,thin_plate_spline,0.01,128,0,Q1_TL,strict_blocked_cv,20,grid,4992,184456,1.9933759182289343,3.0895815028547196,0.6997284687428578,0.5811969517898783,6.294303264210414,9.291632610933746,-5.900178628642734,-0.09464354440935449,-0.1925485478437581,-4.30092734598148,-6.202051108079027,-0.7943720131522123,-0.7737454996336364
OMA_230_036,OMA,rbf_weak,thin_plate_spline,0.01,128,1,Q2_TR,strict_blocked_cv,20,grid,4992,184364,2.258210373689931,3.705936341977057,0.7351621519245929,0.6984739370041261,4.885156109392659,6.808302683964164,2.5724484554439444,0.13568664922979945,0.2368905028552172,-2.6269457357027277,-3.102366341987107,-0.5994755026947934,-0.4615834341489089
OMA_230_036,OMA,rbf_weak,thin_plate_spline,0.01,128,2,Q3_BL,strict_blocked_cv,20,grid,4992,151689,1.350831699975997,1.6153887947428724,0.6092175892320869,0.4325105464394943,2.1455627902431083,3.16278001832279,0.9907716074587808,0.40707103944968215,0.24109217584724238,-0.7947310902671112,-1.5473912235799177,-0.20214654978240476,-0.19141837059225195
OMA_230_036,OMA,rbf_weak,thin_plate_spline,0.01,128,3,Q4_BR,strict_blocked_cv,20,grid,4992,162772,1.5597461051211579,2.4011446942559096,0.7353238127950517,0.7018019873430504,2.4590646175727313,4.220473978872404,-1.9587059887966431,0.003908005092604518,0.059475745810966686,-0.8993185124515735,-1.8193292846164941,-0.7314158077024472,-0.6423262415320837
OMA_248_029,OMA,rbf_strong,thin_plate_spline,1.0,128,0,Q1_TL,strict_blocked_cv,20,grid,4992,232629,4.0839449521894196,4.6685407552383245,0.804513466422838,0.7032954073116281,7.705120892803738,9.562729041165351,7.230731407943213,0.5887281285510759,0.5596274329227104,-3.621175940614318,-4.894188285927027,-0.21578533787176213,-0.14366797438891765
OMA_248_029,OMA,rbf_strong,thin_plate_spline,1.0,128,1,Q2_TR,strict_blocked_cv,20,grid,4992,220587,2.4595479993094975,3.032117823556276,0.8861433026929554,0.7145863840031327,5.6085531209439665,8.345214930498702,5.450142368614582,0.6560416362800418,0.48325370900193776,-3.149005121634469,-5.313097106942426,-0.23010166641291363,-0.23133267500119492
OMA_248_029,OMA,rbf_strong,thin_plate_spline,1.0,128,2,Q3_BL,strict_blocked_cv,20,grid,4992,223458,4.561458151886275,5.181492456473169,0.8158486627610781,0.5403832331623614,20.02779150747195,30.15421407475053,19.631798535166663,0.026486883236928424,0.20173461757570726,-15.466333355585675,-24.97272161827736,-0.7893617795241498,-0.3386486155866541
OMA_248_029,OMA,rbf_strong,thin_plate_spline,1.0,128,3,Q4_BR,strict_blocked_cv,20,grid,4992,227801,3.4680996526836676,5.680784810448706,0.864960948975931,0.8385766924040662,12.473180924269261,19.62888656431872,10.929123309858108,0.025520617875939535,0.13547810380559663,-9.005081271585594,-13.948101753870013,-0.8394403310999915,-0.7030985885984695
OMA_248_029,OMA,rbf_medium,thin_plate_spline,0.1,128,0,Q1_TL,strict_blocked_cv,20,grid,4992,232629,4.0839449521894196,4.6685407552383245,0.804513466422838,0.7032954073116281,8.760923020267137,10.423843096636334,8.523681069551378,0.6210068386366776,0.588512286955812,-4.676978068077718,-5.75530234139801,-0.18350662778616045,-0.11478312035581606
OMA_248_029,OMA,rbf_medium,thin_plate_spline,0.1,128,1,Q2_TR,strict_blocked_cv,20,grid,4992,220587,2.4595479993094975,3.032117823556276,0.8861433026929554,0.7145863840031327,6.355980804493278,9.084478157074118,6.098341043247509,0.6451713040060996,0.4610774100269188,-3.8964328051837804,-6.052360333517842,-0.24097199868685582,-0.25350897397621386
OMA_248_029,OMA,rbf_medium,thin_plate_spline,0.1,128,2,Q3_BL,strict_blocked_cv,20,grid,4992,223458,4.561458151886275,5.181492456473169,0.8158486627610781,0.5403832331623614,22.48712455342387,32.567310454990064,22.244964951424464,0.06310887949983432,0.19343385562616583,-17.925666401537597,-27.385817998516895,-0.7527397832612438,-0.34694937753619554
OMA_248_029,OMA,rbf_medium,thin_plate_spline,0.1,128,3,Q4_BR,strict_blocked_cv,20,grid,4992,227801,3.4680996526836676,5.680784810448706,0.864960948975931,0.8385766924040662,13.206841416391443,20.500615776012612,11.644621117284533,-0.010540690755967391,0.08269924755408212,-9.738741763707775,-14.819830965563906,-0.8755016397318984,-0.7558774448499841
OMA_248_029,OMA,rbf_weak,thin_plate_spline,0.01,128,0,Q1_TL,strict_blocked_cv,20,grid,4992,232629,4.0839449521894196,4.6685407552383245,0.804513466422838,0.7032954073116281,7.5751569779376755,9.281114389842836,6.930489720504557,0.6027066019716536,0.5645007731877012,-3.491212025748256,-4.612573634604511,-0.20180686445118445,-0.1387946341239269
OMA_248_029,OMA,rbf_weak,thin_plate_spline,0.01,128,1,Q2_TR,strict_blocked_cv,20,grid,4992,220587,2.4595479993094975,3.032117823556276,0.8861433026929554,0.7145863840031327,3.7125298740651744,5.570039723998989,3.454741271727701,0.7499183120473494,0.5595597634449879,-1.252981874755677,-2.537921900442713,-0.136224990645606,-0.15502662055814476
OMA_248_029,OMA,rbf_weak,thin_plate_spline,0.01,128,2,Q3_BL,strict_blocked_cv,20,grid,4992,223458,4.561458151886275,5.181492456473169,0.8158486627610781,0.5403832331623614,25.992304824934315,36.66869216110816,25.747059769799385,0.06573118880744588,0.18773036965691395,-21.43084667304804,-31.487199704634993,-0.7501174739536323,-0.35265286350544744
OMA_248_029,OMA,rbf_weak,thin_plate_spline,0.01,128,3,Q4_BR,strict_blocked_cv,20,grid,4992,227801,3.4680996526836676,5.680784810448706,0.864960948975931,0.8385766924040662,14.258355910164124,20.942723290547498,13.36929091880454,0.010536094481282164,0.05952143464449225,-10.790256257480456,-15.261938480098792,-0.8544248544946489,-0.779055257759574
OMA_248_030,OMA,rbf_strong,thin_plate_spline,1.0,128,0,Q1_TL,strict_blocked_cv,20,grid,4992,231132,2.4066408542445568,3.574212533058756,0.8674905797421193,0.7002440221699101,9.419296440045112,11.593950884888182,8.320027909908468,0.3155791730862557,0.30177546727920146,-7.012655585800555,-8.019738351829426,-0.5519114066558636,-0.39846855489070865
OMA_248_030,OMA,rbf_strong,thin_plate_spline,1.0,128,1,Q2_TR,strict_blocked_cv,20,grid,4992,219831,2.9734030301253824,3.2746573014935896,0.8126332377232145,0.4925724624404082,6.643544907786747,10.539034465737744,6.320643517948273,0.49427641052487514,0.42214963212690715,-3.670141877661364,-7.264377164244155,-0.31835682719833935,-0.07042283031350105
OMA_248_030,OMA,rbf_strong,thin_plate_spline,1.0,128,2,Q3_BL,strict_blocked_cv,20,grid,4992,223169,3.767236913982669,5.4128102686502,0.9202216342984513,0.5775033515120419,12.665236730137819,19.032560087498684,11.343977106705333,0.11371210519277813,0.27934564827834957,-8.89799981615515,-13.619749818848483,-0.8065095291056732,-0.29815770323369234
OMA_248_030,OMA,rbf_strong,thin_plate_spline,1.0,128,3,Q4_BR,strict_blocked_cv,20,grid,4992,227111,4.002952720445178,5.053113787952016,0.7808996780956912,0.8103554878323463,11.64057163598742,18.394375635318106,10.967758368002265,0.10225971598973363,0.1426912435170496,-7.637618915542243,-13.34126184736609,-0.6786399621059576,-0.6676642443152967
OMA_248_030,OMA,rbf_medium,thin_plate_spline,0.1,128,0,Q1_TL,strict_blocked_cv,20,grid,4992,231132,2.4066408542445568,3.574212533058756,0.8674905797421193,0.7002440221699101,6.3888775379082485,7.812755905267666,5.19702459057534,0.5207134462010853,0.488368475892461,-3.9822366836636918,-4.238543372208911,-0.346777133541034,-0.2118755462774491
OMA_248_030,OMA,rbf_medium,thin_plate_spline,0.1,128,1,Q2_TR,strict_blocked_cv,20,grid,4992,219831,2.9734030301253824,3.2746573014935896,0.8126332377232145,0.4925724624404082,7.092769145188762,11.170042744331168,6.791910793925201,0.5156047286328478,0.4305319421940243,-4.11936611506338,-7.895385442837578,-0.2970285090903667,-0.0620405202463839
OMA_248_030,OMA,rbf_medium,thin_plate_spline,0.1,128,2,Q3_BL,strict_blocked_cv,20,grid,4992,223169,3.767236913982669,5.4128102686502,0.9202216342984513,0.5775033515120419,16.860167047285383,22.36671918776018,16.088962748420567,0.07909219272816027,0.19515211988874379,-13.092930133302714,-16.953908919109978,-0.841129441570291,-0.3823512316232981
OMA_248_030,OMA,rbf_medium,thin_plate_spline,0.1,128,3,Q4_BR,strict_blocked_cv,20,grid,4992,227111,4.002952720445178,5.053113787952016,0.7808996780956912,0.8103554878323463,10.938915111366795,16.767862337678295,10.27439820719955,0.1419520346732368,0.14261794209782633,-6.935962390921617,-11.714748549726279,-0.6389476434224544,-0.66773754573452
OMA_248_030,OMA,rbf_weak,thin_plate_spline,0.01,128,0,Q1_TL,strict_blocked_cv,20,grid,4992,231132,2.4066408542445568,3.574212533058756,0.8674905797421193,0.7002440221699101,5.847995144181171,7.372261282875856,4.218900759156814,0.5382700768525459,0.5103711154608029,-3.4413542899366143,-3.7980487498171,-0.3292205028895734,-0.18987290670910717
OMA_248_030,OMA,rbf_weak,thin_plate_spline,0.01,128,1,Q2_TR,strict_blocked_cv,20,grid,4992,219831,2.9734030301253824,3.2746573014935896,0.8126332377232145,0.4925724624404082,6.715527216576996,10.062829015490225,6.469597717437744,0.5426474462136306,0.4294175169825133,-3.7421241864516137,-6.788171713996635,-0.2699857915095839,-0.0631549454578949
OMA_248_030,OMA,rbf_weak,thin_plate_spline,0.01,128,2,Q3_BL,strict_blocked_cv,20,grid,4992,223169,3.767236913982669,5.4128102686502,0.9202216342984513,0.5775033515120419,23.701358092679634,31.501278898726422,23.35167512043011,0.009371674325025193,0.14238046728610035,-19.934121178696966,-26.08846863007622,-0.9108499599734261,-0.4351228842259416
OMA_248_030,OMA,rbf_weak,thin_plate_spline,0.01,128,3,Q4_BR,strict_blocked_cv,20,grid,4992,227111,4.002952720445178,5.053113787952016,0.7808996780956912,0.8103554878323463,9.154645508182721,13.752812628600228,8.370513009753815,0.2775474760238038,0.22437100938114926,-5.151692787737543,-8.699698840648212,-0.5033522020718874,-0.585984478451197
OMA_258_020,OMA,rbf_strong,thin_plate_spline,1.0,128,0,Q1_TL,strict_blocked_cv,20,grid,4992,230096,1.2044426580860228,1.6577137572386853,-0.0898345344501795,-0.11621665279651368,1.8008371071813105,3.0253924716851297,1.180710453181968,0.2607868368959016,0.14858354371716562,-0.5963944490952877,-1.3676787144464444,0.35062137134608107,0.2648001965136793
OMA_258_020,OMA,rbf_strong,thin_plate_spline,1.0,128,1,Q2_TR,strict_blocked_cv,20,grid,4992,239570,2.085716037113944,3.4882441948507377,0.2142834878234286,0.32313567016568095,3.017919064582767,4.73753428717377,1.4112210587234457,0.2785232959051158,0.38120498869594904,-0.9322030274688231,-1.2492900923230326,0.06423980808168722,0.05806931853026809
OMA_258_020,OMA,rbf_strong,thin_plate_spline,1.0,128,2,Q3_BL,strict_blocked_cv,20,grid,4992,239934,2.023841886592936,3.4697285798325295,-0.621444724075717,-0.40330901163252203,3.032728183481161,5.798425095316076,-2.870486420756911,-0.33713660955057595,-0.17123192967906595,-1.008886296888225,-2.3286965154835464,0.2843081145251411,0.23207708195345608
OMA_258_020,OMA,rbf_strong,thin_plate_spline,1.0,128,3,Q4_BR,strict_blocked_cv,20,grid,4992,239158,1.5886811222519441,2.0749637527997615,-0.26078965342397353,-0.23759740081000733,2.274496776447616,3.3252255540711513,-1.1236681545929954,-0.2122202550031203,-0.16629073132151467,-0.6858156541956719,-1.2502618012713897,0.04856939842085323,0.07130666948849265
OMA_258_020,OMA,rbf_medium,thin_plate_spline,0.1,128,0,Q1_TL,strict_blocked_cv,20,grid,4992,230096,1.2044426580860228,1.6577137572386853,-0.0898345344501795,-0.11621665279651368,1.2093369926834132,2.2591895742247696,0.36716447572421934,0.2543934553621239,0.1250404795891892,-0.004894334597390415,-0.6014758169860843,0.3442279898123034,0.2412571323857029
OMA_258_020,OMA,rbf_medium,thin_plate_spline,0.1,128,1,Q2_TR,strict_blocked_cv,20,grid,4992,239570,2.085716037113944,3.4882441948507377,0.2142834878234286,0.32313567016568095,3.4202384053580204,5.322859578716564,1.4666315927123117,0.2646544334745323,0.366646194105431,-1.3345223682440763,-1.8346153838658261,0.05037094565110373,0.04351052393975002
OMA_258_020,OMA,rbf_medium,thin_plate_spline,0.1,128,2,Q3_BL,strict_blocked_cv,20,grid,4992,239934,2.023841886592936,3.4697285798325295,-0.621444724075717,-0.40330901163252203,3.170555007319544,6.0465730155599084,-3.1316310818593207,-0.32683044586745036,-0.21126757796877532,-1.146713120726608,-2.576844435727379,0.2946142782082667,0.1920414336637467
OMA_258_020,OMA,rbf_medium,thin_plate_spline,0.1,128,3,Q4_BR,strict_blocked_cv,20,grid,4992,239158,1.5886811222519441,2.0749637527997615,-0.26078965342397353,-0.23759740081000733,2.904604451819284,4.288109894404327,-0.7116251804921152,-0.1689202729421626,-0.11047278566404548,-1.31592332956734,-2.2131461416045655,0.09186938048181092,0.12712461514596185
OMA_258_020,OMA,rbf_weak,thin_plate_spline,0.01,128,0,Q1_TL,strict_blocked_cv,20,grid,4992,230096,1.2044426580860228,1.6577137572386853,-0.0898345344501795,-0.11621665279651368,3.2080389349812743,6.015225613145317,-2.764023493752244,-0.19315696947303496,-0.13490861908151044,-2.0035962768952515,-4.3575118559066315,-0.10332243502285546,-0.018691966284996767
OMA_258_020,OMA,rbf_weak,thin_plate_spline,0.01,128,1,Q2_TR,strict_blocked_cv,20,grid,4992,239570,2.085716037113944,3.4882441948507377,0.2142834878234286,0.32313567016568095,2.4406493972672636,3.6601073081952396,-0.0085808028135017,0.2822237313933658,0.4007346076159134,-0.35493336015331955,-0.17186311334450188,0.06794024356993722,0.07759893745023244
OMA_258_020,OMA,rbf_weak,thin_plate_spline,0.01,128,2,Q3_BL,strict_blocked_cv,20,grid,4992,239934,2.023841886592936,3.4697285798325295,-0.621444724075717,-0.40330901163252203,3.498359260881314,6.172798493386767,-3.4368893918205266,-0.30939807044749235,-0.18911243436408068,-1.4745173742883781,-2.7030699135542378,0.3120466536282247,0.21419657726844135
OMA_258_020,OMA,rbf_weak,thin_plate_spline,0.01,128,3,Q4_BR,strict_blocked_cv,20,grid,4992,239158,1.5886811222519441,2.0749637527997615,-0.26078965342397353,-0.23759740081000733,4.071601499500166,5.8975256574857795,-1.0982743413312797,-0.06388220796970881,-0.016944388820332973,-2.482920377248222,-3.822561904686018,0.19690744545426472,0.22065301198967435
OMA_269_035,OMA,rbf_strong,thin_plate_spline,1.0,128,0,Q1_TL,strict_blocked_cv,20,grid,4992,182246,1.2638388755222638,2.097474014490214,0.7078300168836784,0.6067472765737074,3.725932270011302,4.920115358379032,-0.6318272028683338,0.06523474359497503,-0.027793353101382,-2.462093394489038,-2.8226413438888183,-0.6425952732887034,-0.6345406296750894
OMA_269_035,OMA,rbf_strong,thin_plate_spline,1.0,128,1,Q2_TR,strict_blocked_cv,20,grid,4992,163037,1.4172526042091889,2.045167968568761,0.7593278196703805,0.6804051802375313,2.7574757998032324,3.6479842405035905,1.4440885426894796,0.4602121299911267,0.3645841100436217,-1.3402231955940436,-1.6028162719348296,-0.29911568967925384,-0.3158210701939096
OMA_269_035,OMA,rbf_strong,thin_plate_spline,1.0,128,2,Q3_BL,strict_blocked_cv,20,grid,4992,196558,1.4398366059350838,2.0572039849442643,0.7214152088210981,0.7186907359190355,3.3437540150265512,4.7618694194141185,-1.4909056990122107,0.24879800481784728,0.3148794910588983,-1.9039174090914674,-2.704665434469854,-0.4726172040032508,-0.40381124486013725
OMA_269_035,OMA,rbf_strong,thin_plate_spline,1.0,128,3,Q4_BR,strict_blocked_cv,20,grid,4992,192406,1.7871100394629387,2.7999349684677743,0.6370045587920228,0.6930751918059963,2.5329533704082547,3.6227827500814254,-1.447167301047189,0.47675378354553893,0.5210114510402248,-0.7458433309453161,-0.822847781613651,-0.16025077524648385,-0.17206374076577147
OMA_269_035,OMA,rbf_medium,thin_plate_spline,0.1,128,0,Q1_TL,strict_blocked_cv,20,grid,4992,182246,1.2638388755222638,2.097474014490214,0.7078300168836784,0.6067472765737074,3.333066493871304,4.483260253540871,-0.928380774443632,0.17628099933935,0.04025998361515556,-2.06922761834904,-2.3857862390506575,-0.5315490175443285,-0.5664872929585518
OMA_269_035,OMA,rbf_medium,thin_plate_spline,0.1,128,1,Q2_TR,strict_blocked_cv,20,grid,4992,163037,1.4172526042091889,2.045167968568761,0.7593278196703805,0.6804051802375313,2.5959481031689173,3.4186107869160502,0.14975735921538322,0.42961915249483384,0.33988223845566873,-1.1786954989597285,-1.3734428183472893,-0.3297086671755467,-0.34052294178186254
OMA_269_035,OMA,rbf_medium,thin_plate_spline,0.1,128,2,Q3_BL,strict_blocked_cv,20,grid,4992,196558,1.4398366059350838,2.0572039849442643,0.7214152088210981,0.7186907359190355,3.5276304405076653,4.7559505108132525,-1.1784891535299649,0.2612809770309408,0.27012553780089,-2.0877938345725813,-2.698746525868988,-0.46013423179015733,-0.44856519811814555
OMA_269_035,OMA,rbf_medium,thin_plate_spline,0.1,128,3,Q4_BR,strict_blocked_cv,20,grid,4992,192406,1.7871100394629387,2.7999349684677743,0.6370045587920228,0.6930751918059963,4.7040856915490625,6.281701225322255,3.344928629568738,0.31245129241414343,0.34819272459558837,-2.9169756520861236,-3.4817662568544807,-0.32455326637787935,-0.34488246721040794
OMA_269_035,OMA,rbf_weak,thin_plate_spline,0.01,128,0,Q1_TL,strict_blocked_cv,20,grid,4992,182246,1.2638388755222638,2.097474014490214,0.7078300168836784,0.6067472765737074,3.854400601589941,5.177304461449288,0.1322122249856062,0.05853994936382006,-0.06087141445691703,-2.590561726067677,-3.079830446959074,-0.6492900675198584,-0.6676186910306244
OMA_269_035,OMA,rbf_weak,thin_plate_spline,0.01,128,1,Q2_TR,strict_blocked_cv,20,grid,4992,163037,1.4172526042091889,2.045167968568761,0.7593278196703805,0.6804051802375313,3.555229015120121,4.990303380218814,-2.7057756536077036,0.3410600646824696,0.32601458036854314,-2.137976410910932,-2.9451354116500528,-0.41826775498791097,-0.35439059986898813
OMA_269_035,OMA,rbf_weak,thin_plate_spline,0.01,128,2,Q3_BL,strict_blocked_cv,20,grid,4992,196558,1.4398366059350838,2.0572039849442643,0.7214152088210981,0.7186907359190355,2.8887303118350576,4.015361229433231,-1.4042562029567147,0.3417171211164146,0.3398586718043796,-1.4488937058999738,-1.9581572444889668,-0.3796980877046835,-0.3788320641146559
OMA_269_035,OMA,rbf_weak,thin_plate_spline,0.01,128,3,Q4_BR,strict_blocked_cv,20,grid,4992,192406,1.7871100394629387,2.7999349684677743,0.6370045587920228,0.6930751918059963,5.340664114135935,6.754150053893494,1.94437866731321,0.27243184534848497,0.28317072175865887,-3.553554074672996,-3.95421508542572,-0.3645727134435378,-0.40990447004733743
OMA_281_002,OMA,rbf_strong,thin_plate_spline,1.0,128,0,Q1_TL,strict_blocked_cv,20,grid,4992,197062,1.1550460247447674,2.0800251957701072,0.4581774312884122,0.345311044568065,1.7926129744218824,2.6090842731329373,-1.1518842276160448,0.36700179511853215,0.27826500086378103,-0.637566949677115,-0.5290590773628301,-0.09117563616988006,-0.06704604370428396
OMA_281_002,OMA,rbf_strong,thin_plate_spline,1.0,128,1,Q2_TR,strict_blocked_cv,20,grid,4992,225506,3.8194106361477793,7.641859455025397,0.8732281956624368,0.8071011562656086,7.757406957840154,12.620768884408863,-6.939207094651192,0.1860316234363309,0.2460009383453004,-3.937996321692375,-4.9789094293834655,-0.687196572226106,-0.5611002179203082
OMA_281_002,OMA,rbf_strong,thin_plate_spline,1.0,128,2,Q3_BL,strict_blocked_cv,20,grid,4992,227329,2.518569471778133,6.09460880894174,0.5612824326423698,0.5466821448808319,7.25726061263709,10.89866602923643,0.9303197136973688,0.22204736967521002,0.14640080054787852,-4.738691140858958,-4.80405722029469,-0.3392350629671598,-0.40028134433295337
OMA_281_002,OMA,rbf_strong,thin_plate_spline,1.0,128,3,Q4_BR,strict_blocked_cv,20,grid,4992,230990,2.63688967799326,3.2399216010881573,0.7851999529406427,0.6902493615983325,4.658187032657487,6.5237015846715645,-1.1076311089738073,0.28967913696121267,0.2838584422205383,-2.0212973546642274,-3.283779983583407,-0.49552081597943004,-0.4063909193777942
OMA_281_002,OMA,rbf_medium,thin_plate_spline,0.1,128,0,Q1_TL,strict_blocked_cv,20,grid,4992,197062,1.1550460247447674,2.0800251957701072,0.4581774312884122,0.345311044568065,1.9704241539043938,2.7308898203108263,-1.223755514269382,0.3885548293078593,0.31517711546989535,-0.8153781291596265,-0.650864624540719,-0.06962260198055292,-0.030133929098169643
OMA_281_002,OMA,rbf_medium,thin_plate_spline,0.1,128,1,Q2_TR,strict_blocked_cv,20,grid,4992,225506,3.8194106361477793,7.641859455025397,0.8732281956624368,0.8071011562656086,6.508637050061704,10.523440279035707,-5.721889084532626,0.3046307026989152,0.3398624625763454,-2.689226413913925,-2.8815808240103102,-0.5685974929635216,-0.46723869368926324
OMA_281_002,OMA,rbf_medium,thin_plate_spline,0.1,128,2,Q3_BL,strict_blocked_cv,20,grid,4992,227329,2.518569471778133,6.09460880894174,0.5612824326423698,0.5466821448808319,7.300696204535199,10.653804729483001,0.6885615834694248,0.23488592260171368,0.17154197702440474,-4.782126732757066,-4.559195920541261,-0.32639651004065606,-0.3751401678564271
OMA_281_002,OMA,rbf_medium,thin_plate_spline,0.1,128,3,Q4_BR,strict_blocked_cv,20,grid,4992,230990,2.63688967799326,3.2399216010881573,0.7851999529406427,0.6902493615983325,6.388886966381865,8.512568414143706,1.5488327001448245,0.2662180503329305,0.2603034143684188,-3.751997288388605,-5.272646813055548,-0.5189819026077123,-0.4299459472299137
OMA_281_002,OMA,rbf_weak,thin_plate_spline,0.01,128,0,Q1_TL,strict_blocked_cv,20,grid,4992,197062,1.1550460247447674,2.0800251957701072,0.4581774312884122,0.345311044568065,3.0609472090056835,3.64387364208839,0.5200522141558774,0.1786644032608178,0.09616632813937952,-1.9059011842609161,-1.563848446318283,-0.27951302802759437,-0.24914471642868546
OMA_281_002,OMA,rbf_weak,thin_plate_spline,0.01,128,1,Q2_TR,strict_blocked_cv,20,grid,4992,225506,3.8194106361477793,7.641859455025397,0.8732281956624368,0.8071011562656086,5.512877394129694,9.189847732675004,-4.394613658138457,0.4765397587112238,0.4040029122149809,-1.6934667579819145,-1.5479882776496066,-0.39668843695121303,-0.4030982440506277
OMA_281_002,OMA,rbf_weak,thin_plate_spline,0.01,128,2,Q3_BL,strict_blocked_cv,20,grid,4992,227329,2.518569471778133,6.09460880894174,0.5612824326423698,0.5466821448808319,5.938382515203739,8.958713467221934,1.2969972717362515,0.2832679092862282,0.2210949040226342,-3.419813043425606,-2.8641046582801932,-0.2780145233561416,-0.3255872408581977
OMA_281_002,OMA,rbf_weak,thin_plate_spline,0.01,128,3,Q4_BR,strict_blocked_cv,20,grid,4992,230990,2.63688967799326,3.2399216010881573,0.7851999529406427,0.6902493615983325,4.320023068765994,6.176799710619398,-0.015702351780065057,0.37606110714498076,0.4242343010613317,-1.683133390772734,-2.9368781095312406,-0.40913884579566195,-0.2660150605370008
OMA_281_030,OMA,rbf_strong,thin_plate_spline,1.0,128,0,Q1_TL,strict_blocked_cv,20,grid,4992,197648,1.2732952202127994,1.9778256976969983,0.577492256406256,0.4415541867030053,3.259100640890338,4.55645463696881,0.7649044496432315,0.314218768994832,0.24258906115263967,-1.9858054206775384,-2.5786289392718116,-0.26327348741142403,-0.1989651255503656
OMA_281_030,OMA,rbf_strong,thin_plate_spline,1.0,128,1,Q2_TR,strict_blocked_cv,20,grid,4992,224538,2.444729586611425,3.5077837363893734,0.9362293719732864,0.7738475892135898,2.818204596715851,4.094761223825752,-0.556070016329476,0.9051848629352868,0.7270963191736052,-0.3734750101044262,-0.5869774874363785,-0.0310445090379996,-0.04675127003998458
OMA_281_030,OMA,rbf_strong,thin_plate_spline,1.0,128,2,Q3_BL,strict_blocked_cv,20,grid,4992,226586,2.6707508382641505,5.806055445926649,0.6079134121459921,0.573640072085336,4.629098643218019,7.655350057952509,-3.895440057214471,0.5124768188787399,0.5172136648314641,-1.9583478049538687,-1.8492946120258598,-0.09543659326725229,-0.056426407253871824
OMA_281_030,OMA,rbf_strong,thin_plate_spline,1.0,128,3,Q4_BR,strict_blocked_cv,20,grid,4992,231688,1.456333882962629,2.139406810894636,0.8994630158716106,0.7222055216620173,3.3817236370125596,4.8860047516703276,-2.056973236491809,0.722329998599178,0.6223194821207253,-1.9253897540499307,-2.7465979407756915,-0.17713301727243258,-0.09988603954129205
OMA_281_030,OMA,rbf_medium,thin_plate_spline,0.1,128,0,Q1_TL,strict_blocked_cv,20,grid,4992,197648,1.2732952202127994,1.9778256976969983,0.577492256406256,0.4415541867030053,2.5400139083062596,3.1513702750038397,-0.999678574173185,0.4651358607530294,0.29119699880639466,-1.2667186880934602,-1.1735445773068414,-0.11235639565322664,-0.15035718789661062
OMA_281_030,OMA,rbf_medium,thin_plate_spline,0.1,128,1,Q2_TR,strict_blocked_cv,20,grid,4992,224538,2.444729586611425,3.5077837363893734,0.9362293719732864,0.7738475892135898,2.8315939336204723,4.073369518603508,-1.1113561426678469,0.9109664403092852,0.7536722559193846,-0.38686434700904737,-0.5655857822141348,-0.025262931664001176,-0.020175333294205178
OMA_281_030,OMA,rbf_medium,thin_plate_spline,0.1,128,2,Q3_BL,strict_blocked_cv,20,grid,4992,226586,2.6707508382641505,5.806055445926649,0.6079134121459921,0.573640072085336,4.0720735320570105,7.148341334314013,-3.285588278383088,0.5304995036083628,0.5385522478963068,-1.40132269379286,-1.342285888387364,-0.0774139085376293,-0.035087824189029115
OMA_281_030,OMA,rbf_medium,thin_plate_spline,0.1,128,3,Q4_BR,strict_blocked_cv,20,grid,4992,231688,1.456333882962629,2.139406810894636,0.8994630158716106,0.7222055216620173,4.20111424548174,6.151027427986617,-1.6711968480604835,0.5947488797158565,0.5575746073833996,-2.744780362519111,-4.011620617091981,-0.30471413615575405,-0.16463091427861776
OMA_281_030,OMA,rbf_weak,thin_plate_spline,0.01,128,0,Q1_TL,strict_blocked_cv,20,grid,4992,197648,1.2732952202127994,1.9778256976969983,0.577492256406256,0.4415541867030053,2.3545963925071334,3.069464720984889,-1.2340296845619843,0.5029006635440955,0.28945479288697745,-1.081301172294334,-1.0916390232878908,-0.07459159286216055,-0.15209939381602783
OMA_281_030,OMA,rbf_weak,thin_plate_spline,0.01,128,1,Q2_TR,strict_blocked_cv,20,grid,4992,224538,2.444729586611425,3.5077837363893734,0.9362293719732864,0.7738475892135898,2.7684388880877595,4.018871183716796,-1.271430568486581,0.9180449689596917,0.7192587066398998,-0.3237093014763346,-0.511087447327423,-0.018184403013594697,-0.05458888257368999
OMA_281_030,OMA,rbf_weak,thin_plate_spline,0.01,128,2,Q3_BL,strict_blocked_cv,20,grid,4992,226586,2.6707508382641505,5.806055445926649,0.6079134121459921,0.573640072085336,3.5703312875292808,6.687614653138868,-2.747628203111397,0.5391778852454413,0.4994517000373099,-0.8995804492651303,-0.8815592072122191,-0.06873552690055085,-0.07418837204802609
OMA_281_030,OMA,rbf_weak,thin_plate_spline,0.01,128,3,Q4_BR,strict_blocked_cv,20,grid,4992,231688,1.456333882962629,2.139406810894636,0.8994630158716106,0.7222055216620173,8.252245219425113,13.615295063540696,6.972343739590269,0.23833151548682951,0.3072340295412947,-6.795911336462484,-11.47588825264606,-0.6611315003847811,-0.41497149212072265
OMA_315_019,OMA,rbf_strong,thin_plate_spline,1.0,128,0,Q1_TL,strict_blocked_cv,20,grid,4992,186240,2.783117155758928,3.8977169081495573,0.4899661023911509,0.5684091520547115,5.993093860061671,8.147045195092854,1.4098765750855586,-0.09804805604922912,-0.00731387554392139,-3.209976704302743,-4.249328286943297,-0.58801415844038,-0.5757230275986329
OMA_315_019,OMA,rbf_strong,thin_plate_spline,1.0,128,1,Q2_TR,strict_blocked_cv,20,grid,4992,186327,2.2483165275038086,3.1607933281818994,0.820089566880162,0.8091369019243009,9.904408785694566,13.435298222070069,9.150489161503666,0.16988111180728055,0.11297518216158851,-7.656092258190757,-10.27450489388817,-0.6502084550728815,-0.6961617197627123
OMA_315_019,OMA,rbf_strong,thin_plate_spline,1.0,128,2,Q3_BL,strict_blocked_cv,20,grid,4992,168776,2.6398216668238517,3.0581026614742437,0.49069896457835377,0.5667601912470028,13.267050623988968,18.201841355666033,6.1608913947046275,0.2926713527136023,0.3808792381719132,-10.627228957165116,-15.14373869419179,-0.19802761186475148,-0.18588095307508962
OMA_315_019,OMA,rbf_strong,thin_plate_spline,1.0,128,3,Q4_BR,strict_blocked_cv,20,grid,4992,173306,2.128897581517363,3.7451517716681444,0.8988536514792178,0.7074689309979352,9.336295926627793,13.69788908885132,6.628329272503094,-0.12624578975969963,-0.06944708639316337,-7.20739834511043,-9.952737317183175,-1.0250994412389174,-0.7769160173910985
OMA_315_019,OMA,rbf_medium,thin_plate_spline,0.1,128,0,Q1_TL,strict_blocked_cv,20,grid,4992,186240,2.783117155758928,3.8977169081495573,0.4899661023911509,0.5684091520547115,7.133628398408652,9.66954426251945,3.479240816537171,-0.1750672561726423,-0.0858814232339321,-4.350511242649723,-5.771827354369893,-0.6650333585637932,-0.6542905752886436
OMA_315_019,OMA,rbf_medium,thin_plate_spline,0.1,128,1,Q2_TR,strict_blocked_cv,20,grid,4992,186327,2.2483165275038086,3.1607933281818994,0.820089566880162,0.8091369019243009,7.7944231375665005,10.322208213865972,7.397392820297853,0.2926232109511417,0.24009397979801922,-5.546106610062692,-7.1614148856840725,-0.5274663559290202,-0.5690429221262816
OMA_315_019,OMA,rbf_medium,thin_plate_spline,0.1,128,2,Q3_BL,strict_blocked_cv,20,grid,4992,168776,2.6398216668238517,3.0581026614742437,0.49069896457835377,0.5667601912470028,14.960938506366208,19.720434530141453,8.80317572601816,0.28221207325239434,0.3579990416589049,-12.321116839542356,-16.66233186866721,-0.20848689132595943,-0.20876114958809794
OMA_315_019,OMA,rbf_medium,thin_plate_spline,0.1,128,3,Q4_BR,strict_blocked_cv,20,grid,4992,173306,2.128897581517363,3.7451517716681444,0.8988536514792178,0.7074689309979352,13.107078661922058,16.157520628268003,12.124328333798584,-0.19414862999042268,-0.23379351669347365,-10.978181080404696,-12.412368856599858,-1.0930022814696405,-0.9412624476914089
OMA_315_019,OMA,rbf_weak,thin_plate_spline,0.01,128,0,Q1_TL,strict_blocked_cv,20,grid,4992,186240,2.783117155758928,3.8977169081495573,0.4899661023911509,0.5684091520547115,6.834311544840085,8.962108265710768,3.2803670236879587,-0.17257239553195614,-0.08030662764314374,-4.051194389081157,-5.0643913575612105,-0.662538497923107,-0.6487157796978553
OMA_315_019,OMA,rbf_weak,thin_plate_spline,0.01,128,1,Q2_TR,strict_blocked_cv,20,grid,4992,186327,2.2483165275038086,3.1607933281818994,0.820089566880162,0.8091369019243009,7.504745417614151,9.63016340084109,6.913190887902624,0.31914341959958514,0.2672886379437817,-5.256428890110342,-6.46937007265919,-0.5009461472805768,-0.5418482639805191
OMA_315_019,OMA,rbf_weak,thin_plate_spline,0.01,128,2,Q3_BL,strict_blocked_cv,20,grid,4992,168776,2.6398216668238517,3.0581026614742437,0.49069896457835377,0.5667601912470028,15.200253346549216,21.260717237486887,12.553245725169736,0.2554262725898414,0.3460731598331896,-12.560431679725365,-18.202614576012643,-0.23527269198851236,-0.22068703141381324
OMA_315_019,OMA,rbf_weak,thin_plate_spline,0.01,128,3,Q4_BR,strict_blocked_cv,20,grid,4992,173306,2.128897581517363,3.7451517716681444,0.8988536514792178,0.7074689309979352,15.986990275405219,20.096244844981044,15.70443407232371,-0.02955698463722286,-0.005858372034077931,-13.858092693887857,-16.3510930733129,-0.9284106361164407,-0.7133273030320131
OMA_315_020,OMA,rbf_strong,thin_plate_spline,1.0,128,0,Q1_TL,strict_blocked_cv,20,grid,4992,190326,2.5270197892041772,3.5220613334012674,0.6259682690151016,0.6666304211953973,4.898428883390031,7.159853400040176,2.3814908462992053,0.04633522377795946,0.1761302549549135,-2.371409094185854,-3.6377920666389088,-0.5796330452371421,-0.49050016624048376
OMA_315_020,OMA,rbf_strong,thin_plate_spline,1.0,128,1,Q2_TR,strict_blocked_cv,20,grid,4992,187164,1.5512111968430762,2.49634298817289,0.8599050637621104,0.8550734089532234,9.52851545443913,13.594114704549497,8.673432539125326,0.14557178095240317,0.17542853741903433,-7.977304257596054,-11.097771716376608,-0.7143332828097072,-0.6796448715341891
OMA_315_020,OMA,rbf_strong,thin_plate_spline,1.0,128,2,Q3_BL,strict_blocked_cv,20,grid,4992,169040,1.9961409926937315,3.258345807278953,0.7389120394418554,0.747241134089655,10.539957050631038,14.686218733066882,5.238024217214296,0.2912497937654615,0.3999263703314931,-8.543816057937306,-11.427872925787929,-0.44766224567639384,-0.3473147637581619
OMA_315_020,OMA,rbf_strong,thin_plate_spline,1.0,128,3,Q4_BR,strict_blocked_cv,20,grid,4992,171001,2.0591081181756388,3.086865028638553,0.877807599736623,0.6925346814015311,16.003675799857422,20.181871372899444,15.909810242884827,-0.00821951527665611,0.04805552455731762,-13.944567681681784,-17.09500634426089,-0.8860271150132791,-0.6444791568442134
OMA_315_020,OMA,rbf_medium,thin_plate_spline,0.1,128,0,Q1_TL,strict_blocked_cv,20,grid,4992,190326,2.5270197892041772,3.5220613334012674,0.6259682690151016,0.6666304211953973,6.902535527541675,9.718707612710842,5.317728103820517,-0.11077113622345133,-0.037963813702296956,-4.375515738337498,-6.196646279309575,-0.736739405238553,-0.7045942348976942
OMA_315_020,OMA,rbf_medium,thin_plate_spline,0.1,128,1,Q2_TR,strict_blocked_cv,20,grid,4992,187164,1.5512111968430762,2.49634298817289,0.8599050637621104,0.8550734089532234,8.126524980465726,11.235275594569242,7.648695118872882,0.26977774612312705,0.272737230206796,-6.57531378362265,-8.738932606396352,-0.5901273176389834,-0.5823361787464274
OMA_315_020,OMA,rbf_medium,thin_plate_spline,0.1,128,2,Q3_BL,strict_blocked_cv,20,grid,4992,169040,1.9961409926937315,3.258345807278953,0.7389120394418554,0.747241134089655,13.618491511573243,17.880635300083476,7.4920829612153215,0.2939660729942777,0.3743013162664141,-11.62235051887951,-14.622289492804523,-0.44494596644757767,-0.37293981782324087
OMA_315_020,OMA,rbf_medium,thin_plate_spline,0.1,128,3,Q4_BR,strict_blocked_cv,20,grid,4992,171001,2.0591081181756388,3.086865028638553,0.877807599736623,0.6925346814015311,16.079025923180208,20.559330180807105,16.012174791657113,0.036404067826243,0.08442659905510837,-14.01991780500457,-17.472465152168553,-0.8414035319103801,-0.6081080823464227
OMA_315_020,OMA,rbf_weak,thin_plate_spline,0.01,128,0,Q1_TL,strict_blocked_cv,20,grid,4992,190326,2.5270197892041772,3.5220613334012674,0.6259682690151016,0.6666304211953973,8.394155086757767,11.674938267342744,7.077786279830723,-0.120462356140252,-0.053158268603943314,-5.86713529755359,-8.152876933941478,-0.7464306251553536,-0.7197886897993406
OMA_315_020,OMA,rbf_weak,thin_plate_spline,0.01,128,1,Q2_TR,strict_blocked_cv,20,grid,4992,187164,1.5512111968430762,2.49634298817289,0.8599050637621104,0.8550734089532234,6.6107260693926335,8.711761894079276,6.02633852681456,0.3832117638052389,0.346547188418001,-5.059514872549557,-6.215418905906386,-0.4766932999568715,-0.5085262205352223
OMA_315_020,OMA,rbf_weak,thin_plate_spline,0.01,128,2,Q3_BL,strict_blocked_cv,20,grid,4992,169040,1.9961409926937315,3.258345807278953,0.7389120394418554,0.747241134089655,18.237760902528475,23.88970345479608,11.974781254874332,0.2739210952408935,0.35844284050865644,-16.241619909834743,-20.631357647517127,-0.4649909442009619,-0.38879829358099854
OMA_315_020,OMA,rbf_weak,thin_plate_spline,0.01,128,3,Q4_BR,strict_blocked_cv,20,grid,4992,171001,2.0591081181756388,3.086865028638553,0.877807599736623,0.6925346814015311,11.794109317371012,15.286582918465363,11.700496873842381,0.18201629286626603,0.19231779327544962,-9.735001199195374,-12.199717889826811,-0.695791306870357,-0.5002168881260814
OMA_332_037,OMA,rbf_strong,thin_plate_spline,1.0,128,0,Q1_TL,strict_blocked_cv,20,grid,4992,224807,2.6425238046614705,3.551291938377618,-0.15724612192853168,-0.0731987203607676,3.875968120555446,6.035945199257453,-2.5494727703910773,-0.44081369386042757,-0.35711065114643054,-1.2334443158939754,-2.4846532608798353,-0.28356757193189586,-0.2839119307856629
OMA_332_037,OMA,rbf_strong,thin_plate_spline,1.0,128,1,Q2_TR,strict_blocked_cv,20,grid,4992,230577,4.050049616777364,4.879671179299809,-0.4194962624953375,-0.40144522057418003,3.2711810461490614,5.074025745479414,-0.8871611581742407,-0.21628551599099236,-0.18329034909133152,0.7788685706283025,-0.19435456617960511,0.20321074650434515,0.2181548714828485
OMA_332_037,OMA,rbf_strong,thin_plate_spline,1.0,128,2,Q3_BL,strict_blocked_cv,20,grid,4992,220031,3.0578862947956966,4.875370460013643,-0.39854016634582945,-0.5569878461147146,4.018737560311211,5.460932156670796,-0.3752645475360338,-0.05245558102212687,-0.11315564824758755,-0.9608512655155148,-0.5855616966571526,0.34608458532370256,0.4438321978671271
OMA_332_037,OMA,rbf_strong,thin_plate_spline,1.0,128,3,Q4_BR,strict_blocked_cv,20,grid,4992,228373,2.5542438197539226,3.2995840628868063,-0.24341739750116226,-0.20459194286902355,17.252886908968627,30.935540754100458,-13.698245915741541,0.09047957115710989,0.13453452330464302,-14.698643089214704,-27.63595669121365,0.3338969686582721,0.3391264661736666
OMA_332_037,OMA,rbf_medium,thin_plate_spline,0.1,128,0,Q1_TL,strict_blocked_cv,20,grid,4992,224807,2.6425238046614705,3.551291938377618,-0.15724612192853168,-0.0731987203607676,5.024053379557812,7.5313171600676485,-3.942385941290095,-0.12557129072636247,0.0080194322749963,-2.3815295748963417,-3.9800252216900307,0.03167483120216921,0.0812181526357639
OMA_332_037,OMA,rbf_medium,thin_plate_spline,0.1,128,1,Q2_TR,strict_blocked_cv,20,grid,4992,230577,4.050049616777364,4.879671179299809,-0.4194962624953375,-0.40144522057418003,3.5421247030197254,5.299176664064695,-0.4541532484463424,-0.33052609885311435,-0.3386181422909058,0.5079249137576385,-0.419505484764886,0.08897016364222315,0.06282707828327422
OMA_332_037,OMA,rbf_medium,thin_plate_spline,0.1,128,2,Q3_BL,strict_blocked_cv,20,grid,4992,220031,3.0578862947956966,4.875370460013643,-0.39854016634582945,-0.5569878461147146,4.068904236497855,5.40682818100008,0.7362671885046995,0.0925009857096088,0.02977928570328354,-1.0110179417021583,-0.5314577209864364,0.49104115205543825,0.5867671318179982
OMA_332_037,OMA,rbf_medium,thin_plate_spline,0.1,128,3,Q4_BR,strict_blocked_cv,20,grid,4992,228373,2.5542438197539226,3.2995840628868063,-0.24341739750116226,-0.20459194286902355,12.758633618854917,20.33430971417067,-6.564543461541964,0.1064837588548075,0.14300653842871197,-10.204389799100994,-17.034725651283864,0.34990115635596974,0.3475984812977355
OMA_332_037,OMA,rbf_weak,thin_plate_spline,0.01,128,0,Q1_TL,strict_blocked_cv,20,grid,4992,224807,2.6425238046614705,3.551291938377618,-0.15724612192853168,-0.0731987203607676,5.798289433194735,8.236161246374671,-4.976621995744943,-0.276598931346071,-0.32619291011172413,-3.1557656285332643,-4.684869307997053,-0.11935280941753931,-0.25299418975095656
OMA_332_037,OMA,rbf_weak,thin_plate_spline,0.01,128,1,Q2_TR,strict_blocked_cv,20,grid,4992,230577,4.050049616777364,4.879671179299809,-0.4194962624953375,-0.40144522057418003,3.526625293901418,5.409895272520689,-2.5037305961423493,0.005082877356663278,0.09844917142645686,0.5234243228759459,-0.5302240932208804,0.4245791398520008,0.4998943920006369
OMA_332_037,OMA,rbf_weak,thin_plate_spline,0.01,128,2,Q3_BL,strict_blocked_cv,20,grid,4992,220031,3.0578862947956966,4.875370460013643,-0.39854016634582945,-0.5569878461147146,3.7127793226027532,5.205917960121511,0.1628083789476454,0.10197987413090608,0.1365409073377384,-0.6548930278070566,-0.33054750010786726,0.5005200404767355,0.693528753452453
OMA_332_037,OMA,rbf_weak,thin_plate_spline,0.01,128,3,Q4_BR,strict_blocked_cv,20,grid,4992,228373,2.5542438197539226,3.2995840628868063,-0.24341739750116226,-0.20459194286902355,11.217159262772473,15.513940933015732,1.4103114454049137,0.10502710879864333,0.08645523812752799,-8.66291544301855,-12.214356870128926,0.3484445062998056,0.2910471809965515
OMA_364_003,OMA,rbf_strong,thin_plate_spline,1.0,128,0,Q1_TL,strict_blocked_cv,20,grid,4992,205361,2.3485092623086974,3.505985890690284,0.7620654559995891,0.4656759623022467,3.325403765398055,4.2490719536531065,1.0525689383302854,0.5011331839066702,0.4085087476075665,-0.9768945030893574,-0.7430860629628224,-0.2609322720929189,-0.057167214694680224
OMA_364_003,OMA,rbf_strong,thin_plate_spline,1.0,128,1,Q2_TR,strict_blocked_cv,20,grid,4992,199175,2.06266032009548,3.34555907959663,0.6686014723431859,0.512713380535922,2.3758222159393187,3.1433019661143344,0.554016611723959,0.5107714663865706,0.46333289503922676,-0.3131618958438387,0.20225711348229547,-0.15783000595661534,-0.049380485496695214
OMA_364_003,OMA,rbf_strong,thin_plate_spline,1.0,128,2,Q3_BL,strict_blocked_cv,20,grid,4992,240975,3.7928779396578567,4.3850773457067405,0.39224833797764314,0.42792807694018303,4.4615545229534534,6.015995615686068,-1.4786740477201497,0.2788917439980539,0.32731462348858875,-0.6686765832955968,-1.6309182699793272,-0.11335659397958925,-0.10061345345159428
OMA_364_003,OMA,rbf_strong,thin_plate_spline,1.0,128,3,Q4_BR,strict_blocked_cv,20,grid,4992,243229,2.1374152604144703,2.8464358951008233,0.6576778761606134,0.5263542848313099,3.7230322216570637,4.730321986762762,-0.3872195206663033,0.16943560415715764,0.21697846609996657,-1.5856169612425934,-1.8838860916619389,-0.4882422720034557,-0.3093758187313433
OMA_364_003,OMA,rbf_medium,thin_plate_spline,0.1,128,0,Q1_TL,strict_blocked_cv,20,grid,4992,205361,2.3485092623086974,3.505985890690284,0.7620654559995891,0.4656759623022467,2.791495102627065,3.630236837739918,0.2569502952559949,0.5794573253568619,0.5204416213748667,-0.4429858403183675,-0.1242509470496338,-0.18260813064272718,0.05476565907261999
OMA_364_003,OMA,rbf_medium,thin_plate_spline,0.1,128,1,Q2_TR,strict_blocked_cv,20,grid,4992,199175,2.06266032009548,3.34555907959663,0.6686014723431859,0.512713380535922,3.5486061029786127,4.166158581155442,1.977011798208927,0.2776078615425762,0.31318338194276524,-1.4859457828831326,-0.8205995015588123,-0.3909936108006097,-0.19952999859315673
OMA_364_003,OMA,rbf_medium,thin_plate_spline,0.1,128,2,Q3_BL,strict_blocked_cv,20,grid,4992,240975,3.7928779396578567,4.3850773457067405,0.39224833797764314,0.42792807694018303,4.714377708499728,6.3625686219705075,-2.646192376943702,0.27643564840288554,0.21398363487021416,-0.9214997688418713,-1.977491276263767,-0.1158126895747576,-0.21394444206996888
OMA_364_003,OMA,rbf_medium,thin_plate_spline,0.1,128,3,Q4_BR,strict_blocked_cv,20,grid,4992,243229,2.1374152604144703,2.8464358951008233,0.6576778761606134,0.5263542848313099,4.095814848153606,4.9364698889438205,0.49723718011693946,0.16796319217051506,0.24582289645250827,-1.9583995877391356,-2.0900339938429973,-0.4897146839900983,-0.2805313883788016
OMA_364_003,OMA,rbf_weak,thin_plate_spline,0.01,128,0,Q1_TL,strict_blocked_cv,20,grid,4992,205361,2.3485092623086974,3.505985890690284,0.7620654559995891,0.4656759623022467,3.3142440080000304,4.356313265333947,1.2764216719108095,0.49861061696608866,0.3428606574375228,-0.965734745691333,-0.8503273746436628,-0.2634548390335004,-0.12281530486472392
OMA_364_003,OMA,rbf_weak,thin_plate_spline,0.01,128,1,Q2_TR,strict_blocked_cv,20,grid,4992,199175,2.06266032009548,3.34555907959663,0.6686014723431859,0.512713380535922,2.960237670425051,3.9025106561722493,0.39541502250625316,0.3006022775762591,0.2386096533390915,-0.8975773503295708,-0.5569515765756194,-0.3679991947669268,-0.27410372719683046
OMA_364_003,OMA,rbf_weak,thin_plate_spline,0.01,128,2,Q3_BL,strict_blocked_cv,20,grid,4992,240975,3.7928779396578567,4.3850773457067405,0.39224833797764314,0.42792807694018303,6.262066842752026,8.086475465556315,-5.43705810532225,0.29950094251243287,0.15707078513983308,-2.4691889030941696,-3.701398119849575,-0.09274739546521027,-0.27085729180034995
OMA_364_003,OMA,rbf_weak,thin_plate_spline,0.01,128,3,Q4_BR,strict_blocked_cv,20,grid,4992,243229,2.1374152604144703,2.8464358951008233,0.6576778761606134,0.5263542848313099,3.45720737686962,4.6966694435546446,0.11547974216743034,0.24182065288105387,0.3721885742618883,-1.3197921164551496,-1.8502335484538213,-0.4158572232795595,-0.15416571056942158
OMA_364_043,OMA,rbf_strong,thin_plate_spline,1.0,128,0,Q1_TL,strict_blocked_cv,20,grid,4992,203018,2.499403830165447,3.9670322633399353,0.7802865297127122,0.6274492176721,3.1725944790977127,3.904780212930164,0.40646838308557154,0.5190372683453996,0.5129355409598237,-0.6731906489322657,0.06225205040977144,-0.2612492613673125,-0.1145136767122763
OMA_364_043,OMA,rbf_strong,thin_plate_spline,1.0,128,1,Q2_TR,strict_blocked_cv,20,grid,4992,197853,2.1553151583345813,3.5201677469619845,0.6958019696623993,0.5496608570319707,3.1257131432357093,3.659917390545283,1.2338999521025742,0.3595568884941635,0.34357768683803896,-0.9703979849011279,-0.13974964358329833,-0.33624508116823576,-0.2060831701939317
OMA_364_043,OMA,rbf_strong,thin_plate_spline,1.0,128,2,Q3_BL,strict_blocked_cv,20,grid,4992,240767,2.9517935748355635,3.576223788792863,0.36894669075089753,0.45333252249994005,3.7643586422418602,4.671439614397726,1.523398204053022,0.19356331387007053,0.23463239070778094,-0.8125650674062967,-1.0952158256048627,-0.175383376880827,-0.2187001317921591
OMA_364_043,OMA,rbf_strong,thin_plate_spline,1.0,128,3,Q4_BR,strict_blocked_cv,20,grid,4992,243742,1.9015901591793662,2.8030666448776165,0.637169529189705,0.43549560675837107,5.51225105231238,6.6438242708347,4.25806053926149,0.12669538915734052,0.07614639581294026,-3.610660893133014,-3.8407576259570835,-0.5104741400323645,-0.3593492109454308
OMA_364_043,OMA,rbf_medium,thin_plate_spline,0.1,128,0,Q1_TL,strict_blocked_cv,20,grid,4992,203018,2.499403830165447,3.9670322633399353,0.7802865297127122,0.6274492176721,3.996247240080987,4.898033914400277,2.2109001323873803,0.42872955552472813,0.35333587464716343,-1.4968434099155399,-0.9310016510603418,-0.35155697418798404,-0.2741133430249366
OMA_364_043,OMA,rbf_medium,thin_plate_spline,0.1,128,1,Q2_TR,strict_blocked_cv,20,grid,4992,197853,2.1553151583345813,3.5201677469619845,0.6958019696623993,0.5496608570319707,3.981284789797338,4.85256881914669,2.265025639678322,0.19992105212423922,0.261224909992776,-1.8259696314627565,-1.3324010721847053,-0.49588091753816005,-0.2884359470391947
OMA_364_043,OMA,rbf_medium,thin_plate_spline,0.1,128,2,Q3_BL,strict_blocked_cv,20,grid,4992,240767,2.9517935748355635,3.576223788792863,0.36894669075089753,0.45333252249994005,3.749789718208608,4.516949118752566,2.269201974037594,0.3396554386830697,0.3593601697744075,-0.7979961433730445,-0.9407253299597031,-0.029291252067827844,-0.09397235272553256
OMA_364_043,OMA,rbf_medium,thin_plate_spline,0.1,128,3,Q4_BR,strict_blocked_cv,20,grid,4992,243742,1.9015901591793662,2.8030666448776165,0.637169529189705,0.43549560675837107,6.958287478438122,8.427200497971658,6.280615061067018,0.14960569623097134,0.09411388828895224,-5.056697319258756,-5.624133853094041,-0.48756383295873373,-0.34138171846941884
OMA_364_043,OMA,rbf_weak,thin_plate_spline,0.01,128,0,Q1_TL,strict_blocked_cv,20,grid,4992,203018,2.499403830165447,3.9670322633399353,0.7802865297127122,0.6274492176721,3.5277496520870515,4.483835348500109,0.9422065153482136,0.4366749644617699,0.35677661126692806,-1.0283458219216044,-0.5168030851601735,-0.3436115652509423,-0.270672606405172
OMA_364_043,OMA,rbf_weak,thin_plate_spline,0.01,128,1,Q2_TR,strict_blocked_cv,20,grid,4992,197853,2.1553151583345813,3.5201677469619845,0.6958019696623993,0.5496608570319707,5.510603389690597,6.791768123244856,4.019213197806703,0.11485892418777832,0.14933595819008114,-3.3552882313560155,-3.271600376282872,-0.580943045474621,-0.4003248988418895
OMA_364_043,OMA,rbf_weak,thin_plate_spline,0.01,128,2,Q3_BL,strict_blocked_cv,20,grid,4992,240767,2.9517935748355635,3.576223788792863,0.36894669075089753,0.45333252249994005,3.8823867174900917,5.202059230463894,0.667688727318185,0.18692526632962864,0.12716507191986462,-0.9305931426545282,-1.6258354416710312,-0.1820214244212689,-0.32616745058007546
OMA_364_043,OMA,rbf_weak,thin_plate_spline,0.01,128,3,Q4_BR,strict_blocked_cv,20,grid,4992,243742,1.9015901591793662,2.8030666448776165,0.637169529189705,0.43549560675837107,7.210644810255566,9.396345475163615,6.048878021714846,0.21998453359155967,0.1858643008772318,-5.3090546510762,-6.593278830285999,-0.41718499559814537,-0.24963130588113927
OMA_376_023,OMA,rbf_strong,thin_plate_spline,1.0,128,0,Q1_TL,strict_blocked_cv,20,grid,4992,155874,2.2020001711972186,3.8420751336595917,0.8298627488697625,0.7832402258827244,2.2816986731499433,3.9680422321872353,-0.8055767023913029,0.7440699580152591,0.6563158326319106,-0.07969850195272477,-0.12596709852764354,-0.08579279085450342,-0.12692439325081373
OMA_376_023,OMA,rbf_strong,thin_plate_spline,1.0,128,1,Q2_TR,strict_blocked_cv,20,grid,4992,154325,0.9604206853555703,1.3121217730760122,0.30092780881126313,0.1818295847447861,1.2717937276914963,1.7532538981292105,-0.1763910475216923,0.14429575577657666,0.10831704942935608,-0.311373042335926,-0.4411321250531983,-0.15663205303468647,-0.07351253531543003
OMA_376_023,OMA,rbf_strong,thin_plate_spline,1.0,128,2,Q3_BL,strict_blocked_cv,20,grid,4992,237737,1.0367808645550405,1.2148707412831965,0.1085861196594328,0.2606898918096224,0.41991341567104473,0.6561453168474926,-0.07242309649825766,0.0759075380664549,0.031218976729231632,0.6168674488839958,0.5587254244357039,-0.0326785815929779,-0.22947091508039075
OMA_376_023,OMA,rbf_strong,thin_plate_spline,1.0,128,3,Q4_BR,strict_blocked_cv,20,grid,4992,228367,0.946458655089076,1.9394219601066351,0.9107991179218593,0.5995748981945561,1.439013776292785,2.5114064595769547,-1.1220218904114023,0.7518501453632588,0.6043235907926139,-0.49255512120370903,-0.5719844994703196,-0.15894897255860052,0.004748692598057769
OMA_376_023,OMA,rbf_medium,thin_plate_spline,0.1,128,0,Q1_TL,strict_blocked_cv,20,grid,4992,155874,2.2020001711972186,3.8420751336595917,0.8298627488697625,0.7832402258827244,2.36514983894585,4.425359792452622,-1.805501186668323,0.7233797088176303,0.6892407327503206,-0.16314966774863127,-0.5832846587930303,-0.10648304005213227,-0.09399949313240374
OMA_376_023,OMA,rbf_medium,thin_plate_spline,0.1,128,1,Q2_TR,strict_blocked_cv,20,grid,4992,154325,0.9604206853555703,1.3121217730760122,0.30092780881126313,0.1818295847447861,1.0473052763473019,1.6136880322874674,-0.8060983766713171,0.23448939019833742,0.1623137005196304,-0.08688459099173151,-0.3015662592114552,-0.06643841861292571,-0.01951588422515571
OMA_376_023,OMA,rbf_medium,thin_plate_spline,0.1,128,2,Q3_BL,strict_blocked_cv,20,grid,4992,237737,1.0367808645550405,1.2148707412831965,0.1085861196594328,0.2606898918096224,0.4933672581502512,0.7422695295514888,0.08574022445010883,0.07096606517615447,-0.029985005517883693,0.5434136064047893,0.47260121173170766,-0.03762005448327832,-0.29067489732750607
OMA_376_023,OMA,rbf_medium,thin_plate_spline,0.1,128,3,Q4_BR,strict_blocked_cv,20,grid,4992,228367,0.946458655089076,1.9394219601066351,0.9107991179218593,0.5995748981945561,1.5921894085701558,2.559163606418592,-1.2450988168689412,0.7593451938816647,0.5750678785955609,-0.6457307534810798,-0.6197416463119569,-0.15145392404019464,-0.02450701959899526
OMA_376_023,OMA,rbf_weak,thin_plate_spline,0.01,128,0,Q1_TL,strict_blocked_cv,20,grid,4992,155874,2.2020001711972186,3.8420751336595917,0.8298627488697625,0.7832402258827244,2.402677669095444,4.3436591453956845,-1.9506339412533622,0.7367257436657761,0.7436672985192578,-0.20067749789822553,-0.5015840117360928,-0.09313700520398638,-0.039572927363466515
OMA_376_023,OMA,rbf_weak,thin_plate_spline,0.01,128,1,Q2_TR,strict_blocked_cv,20,grid,4992,154325,0.9604206853555703,1.3121217730760122,0.30092780881126313,0.1818295847447861,0.9315760249966896,1.5392145265506236,-0.699546162171775,0.282714381567601,0.1660719481326919,0.02884466035888078,-0.22709275347461144,-0.01821342724366215,-0.0157576366120942
OMA_376_023,OMA,rbf_weak,thin_plate_spline,0.01,128,2,Q3_BL,strict_blocked_cv,20,grid,4992,237737,1.0367808645550405,1.2148707412831965,0.1085861196594328,0.2606898918096224,1.579611005622014,2.436612194811375,0.5940361368889346,0.006429229135208742,0.08965076423407554,-0.5428301410669736,-1.2217414535281783,-0.10215689052422405,-0.17103912757554685
OMA_376_023,OMA,rbf_weak,thin_plate_spline,0.01,128,3,Q4_BR,strict_blocked_cv,20,grid,4992,228367,0.946458655089076,1.9394219601066351,0.9107991179218593,0.5995748981945561,2.822440434011995,3.876255935241438,-1.8670921252419037,0.7309884887334515,0.5513328546145081,-1.875981778922919,-1.936833975134803,-0.17981062918840784,-0.04824204358004802
OMA_376_038,OMA,rbf_strong,thin_plate_spline,1.0,128,0,Q1_TL,strict_blocked_cv,20,grid,4992,155927,2.6694548858656724,3.1184597075512737,0.8034918238334976,0.8020560236846694,2.0675466950218624,3.324491438857314,-0.9272621576324638,0.8365693321853764,0.7566198107985095,0.60190819084381,-0.20603173130604047,0.03307750835187884,-0.045436212886159955
OMA_376_038,OMA,rbf_strong,thin_plate_spline,1.0,128,1,Q2_TR,strict_blocked_cv,20,grid,4992,154870,2.1505662785375836,2.278928375024959,0.5046280280935567,0.2820095442751133,0.8396063893103742,1.2658331110334133,0.010199164565316787,0.49589948493643077,0.28183748329699954,1.3109598892272094,1.0130952639915458,-0.008728543157125901,-0.00017206097811378607
OMA_376_038,OMA,rbf_strong,thin_plate_spline,1.0,128,2,Q3_BL,strict_blocked_cv,20,grid,4992,236965,2.30544538654319,2.4834599838791007,0.043600028400050964,0.2456304151714364,1.3838649809622081,1.9663038822315628,-1.2101360342539513,0.005894781078555926,0.10750831699201553,0.921580405580982,0.5171561016475379,-0.037705247321495036,-0.1381220981794209
OMA_376_038,OMA,rbf_strong,thin_plate_spline,1.0,128,3,Q4_BR,strict_blocked_cv,20,grid,4992,233242,2.214980716165944,2.5356622969494724,0.8646316365031341,0.593327521581864,3.0303212233030226,4.67172670906078,-2.9620902155956537,0.3990753018074981,0.3187720587242869,-0.8153405071370785,-2.136064412111308,-0.465556334695636,-0.2745554628575771
OMA_376_038,OMA,rbf_medium,thin_plate_spline,0.1,128,0,Q1_TL,strict_blocked_cv,20,grid,4992,155927,2.6694548858656724,3.1184597075512737,0.8034918238334976,0.8020560236846694,2.019028961041721,3.3347094232612227,-1.2535031288291594,0.8598006170012148,0.760424670440532,0.6504259248239515,-0.216249715709949,0.0563087931677172,-0.04163135324413747
OMA_376_038,OMA,rbf_medium,thin_plate_spline,0.1,128,1,Q2_TR,strict_blocked_cv,20,grid,4992,154870,2.1505662785375836,2.278928375024959,0.5046280280935567,0.2820095442751133,1.6293488869792287,2.2602119000467766,1.0914946527654124,0.3148036152994955,0.204929488095469,0.5212173915583549,0.018716474978182518,-0.18982441279406115,-0.07708005617964434
OMA_376_038,OMA,rbf_medium,thin_plate_spline,0.1,128,2,Q3_BL,strict_blocked_cv,20,grid,4992,236965,2.30544538654319,2.4834599838791007,0.043600028400050964,0.2456304151714364,1.1412357027073607,1.5225729940488495,0.2443289634293721,-0.08379934072929233,-0.18464375483810858,1.1642096838358293,0.9608869898302512,-0.1273993691293433,-0.430274170009545
OMA_376_038,OMA,rbf_medium,thin_plate_spline,0.1,128,3,Q4_BR,strict_blocked_cv,20,grid,4992,233242,2.214980716165944,2.5356622969494724,0.8646316365031341,0.593327521581864,3.244848012645625,4.748613862653535,-3.235233693809817,0.417414542223963,0.26187565704462157,-1.0298672964796811,-2.2129515657040626,-0.4472170942791711,-0.3314518645372424
OMA_376_038,OMA,rbf_weak,thin_plate_spline,0.01,128,0,Q1_TL,strict_blocked_cv,20,grid,4992,155927,2.6694548858656724,3.1184597075512737,0.8034918238334976,0.8020560236846694,2.340547076894013,3.7138397986280265,-1.7661064747679636,0.7963044107868154,0.7714682132178787,0.3289078089716595,-0.5953800910767528,-0.007187413046682245,-0.03058781046679071
OMA_376_038,OMA,rbf_weak,thin_plate_spline,0.01,128,1,Q2_TR,strict_blocked_cv,20,grid,4992,154870,2.1505662785375836,2.278928375024959,0.5046280280935567,0.2820095442751133,2.075893034901525,3.1060248192171676,1.4788226442569568,0.22171999838628353,0.18270298703757193,0.07467324363605865,-0.8270964441922084,-0.28290802970727313,-0.09930655723754139
OMA_376_038,OMA,rbf_weak,thin_plate_spline,0.01,128,2,Q3_BL,strict_blocked_cv,20,grid,4992,236965,2.30544538654319,2.4834599838791007,0.043600028400050964,0.2456304151714364,1.75363280853113,2.3486286247257584,1.1905657388989779,-0.10589335731478489,-0.2589367628335433,0.5518125780120602,0.13483135915334232,-0.14949338571483584,-0.5045671780049796
OMA_376_038,OMA,rbf_weak,thin_plate_spline,0.01,128,3,Q4_BR,strict_blocked_cv,20,grid,4992,233242,2.214980716165944,2.5356622969494724,0.8646316365031341,0.593327521581864,2.835192018172061,4.184033996008733,-2.8224922887234682,0.4682458297348482,0.21564968391531456,-0.6202113020061168,-1.6483716990592603,-0.39638580676828594,-0.3776778376665494
