lat,lon,rh98,elev_lowestmode,date,sensitivity,beam,delta_time
30.324619,75.176211,2.759999990463257,170.06011962890625,2019-10-20,0.9504349827766418,5,56800584.182262
30.324252,75.147265,2.8399999141693115,169.69606018066406,2019-10-20,0.9539399743080139,11,56800584.140942
30.31874656677246,75.174111,2.5399999618530273,169.709351,2019-10-20,0.9533550143241882,6,56800584.17813
30.314534,75.157927,3.0199999809265137,169.367386,2019-10-20,0.9548259973526001,11,56800584.355806
30.30967903137207,75.163251,3.4700000286102295,169.932861,2019-10-20,0.952521026134491,11,56800584.463238
30.290637969970703,75.184146,2.869999885559082,167.859406,2019-10-20,0.9517899751663208,11,56800584.884758
30.277194,75.198898,2.9100000858306885,169.917465,2019-10-20,0.9554430246353149,11,56800585.182262
30.276819229125977,75.199308,2.869999885559082,170.0303497314453,2019-10-20,0.9536799788475037,11,56800585.190526
30.281007,75.201919,6.320000171661377,171.491592,2020-01-23,0.9610840082168579,5,65015802.950457
30.2806339263916,75.201511,2.619999885559082,169.567871,2020-01-23,0.9573889970779419,5,65015802.942193
30.280261,75.201101,2.5,169.634445,2020-01-23,0.9623990058898926,5,65015802.933929
30.27914047241211,75.199872,2.5799999237060547,169.525253,2020-01-23,0.9607570171356201,5,65015802.909137
30.278766,75.199462,2.5399999618530273,169.560318,2020-01-23,0.9575480222702026,5,65015802.900873
30.278392791748047,75.199052,2.4700000286102295,169.646545,2020-01-23,0.9550729990005493,5,65015802.892609
30.278018951416016,75.198643,2.5,169.559769,2020-01-23,0.9578030109405518,5,65015802.884345
30.277646,75.198233,2.5399999618530273,169.527878,2020-01-23,0.9659330248832703,5,65015802.876081
30.277273178100586,75.197824,2.5799999237060547,169.472748,2020-01-23,0.9677069783210754,5,65015802.867817
30.276899,75.197414,2.4700000286102295,169.74851989746094,2020-01-23,0.9580219984054565,5,65015802.859553
30.276526,75.197005,2.430000066757202,169.72434997558594,2020-01-23,0.9580739736557007,5,65015802.851289
30.275405883789062,75.195777,2.950000047683716,172.17127990722656,2020-01-23,0.9634360074996948,5,65015802.826497
30.275033,75.195369,2.9200000762939453,171.431564,2020-01-23,0.9551889896392822,5,65015802.818233
30.274660110473633,75.194961,2.690000057220459,169.372391,2020-01-23,0.9653409719467163,5,65015802.809969
30.274287,75.194552,2.6500000953674316,169.279373,2020-01-23,0.9662119746208191,5,65015802.801705
30.273914337158203,75.194144,2.5399999618530273,169.341949,2020-01-23,0.9630550146102905,5,65015802.793441
30.273541,75.193736,2.4700000286102295,169.62088012695312,2020-01-23,0.9513369798660278,5,65015802.785177
30.273168563842773,75.193328,2.5,169.520782,2020-01-23,0.9530529975891113,5,65015802.776913
30.272607803344727,75.201776,2.619999885559082,170.716309,2020-01-23,0.9502930045127869,6,65015802.805837
30.272422790527344,75.192512,2.4700000286102295,169.662781,2020-01-23,0.9524710178375244,5,65015802.760385
30.272050857543945,75.192104,2.390000104904175,169.143417,2020-01-23,0.9506450295448303,5,65015802.752121
30.271677017211914,75.191697,2.5,169.072113,2020-01-23,0.9658169746398926,5,65015802.743857
30.271304,75.191289,2.5799999237060547,169.192429,2020-01-23,0.9606480002403259,5,65015802.735593
30.270932,75.190882,2.5,169.052109,2020-01-23,0.9530979990959167,5,65015802.727329
30.270559,75.190474,2.4700000286102295,169.079208,2020-01-23,0.9588710069656372,5,65015802.719065
30.27037239074707,75.199328,2.5799999237060547,169.239853,2020-01-23,0.9581019878387451,6,65015802.756253
30.270186,75.190067,2.5,169.125122,2020-01-23,0.9589560031890869,5,65015802.710801
30.26999855041504,75.19892120361328,2.5399999618530273,169.23558044433594,2020-01-23,0.9531199932098389,6,65015802.747989
30.269813,75.189659,2.5399999618530273,168.957428,2020-01-23,0.957099974155426,5,65015802.702537
30.269626,75.198513,2.5399999618530273,169.022354,2020-01-23,0.954060971736908,6,65015802.739725
30.269439697265625,75.189252,2.5,168.959946,2020-01-23,0.9602969884872437,5,65015802.694273
30.269067,75.188845,2.5799999237060547,169.043045,2020-01-23,0.9564160108566284,5,65015802.686009
30.268878936767578,75.197695,7.75,171.316299,2020-01-23,0.956400990486145,6,65015802.723197
30.268693923950195,75.188437,2.5399999618530273,169.2679901123047,2020-01-23,0.9711880087852478,5,65015802.677745
30.26850700378418,75.1972885131836,2.5399999618530273,169.671188,2020-01-23,0.9509890079498291,6,65015802.714933
30.26831817626953,75.188027,11.270000457763672,169.3647003173828,2020-01-23,0.9650589823722839,5,65015802.669481
30.26813507080078,75.196883,2.5,169.480179,2020-01-23,0.9530159831047058,6,65015802.706669
30.267948150634766,75.187622,2.690000057220459,169.130096,2020-01-23,0.9612780213356018,5,65015802.661217
30.267573,75.187213,3.369999885559082,175.139557,2020-01-23,0.9536550045013428,5,65015802.652953
30.267762,75.196475,2.619999885559082,169.851868,2020-01-23,0.9663069844245911,6,65015802.698405
30.267389,75.196068,2.7300000190734863,169.839081,2020-01-23,0.9603719711303711,6,65015802.690141
30.26719856262207,75.186805,10.109999656677246,170.448914,2020-01-23,0.9597259759902954,5,65015802.644689
30.267016,75.19566345214844,2.5799999237060547,169.983566,2020-01-23,0.9610610008239746,6,65015802.681877
30.266828,75.1864013671875,2.5399999618530273,169.975632,2020-01-23,0.9641759991645813,5,65015802.636425
30.266454,75.185992,2.5,170.158325,2020-01-23,0.9625419974327087,5,65015802.628161
30.266643,75.195253,2.5799999237060547,169.961288,2020-01-23,0.9621279835700989,6,65015802.673613
30.266080856323242,75.185584,3.0999999046325684,169.889832,2020-01-23,0.9606130123138428,5,65015802.619897
30.265897,75.194438,2.619999885559082,169.986511,2020-01-23,0.9649800062179565,6,65015802.657085
30.265708,75.185177,2.5799999237060547,169.1488800048828,2020-01-23,0.9595749974250793,5,65015802.611633
30.265334,75.184769,2.4700000286102295,169.596878,2020-01-23,0.9607539772987366,5,65015802.603369
30.265523,75.194031,2.9200000762939453,169.160202,2020-01-23,0.953698992729187,6,65015802.648821
30.26515007019043,75.193624,2.5399999618530273,168.84848022460938,2020-01-23,0.9513400197029114,6,65015802.640557
30.26495933532715,75.184361,2.6500000953674316,169.702774,2020-01-23,0.9538729786872864,5,65015802.595105
30.264777,75.193216,2.5399999618530273,168.734283,2020-01-23,0.9525349736213684,6,65015802.632293
30.264586,75.183953,2.5,169.401062,2020-01-23,0.9555019736289978,5,65015802.586841
30.264211654663086,75.183545,2.5,168.820648,2020-01-23,0.951869010925293,5,65015802.578577
30.26403045654297,75.192401,2.5,168.897049,2020-01-23,0.9615769982337952,6,65015802.615765
30.263837814331055,75.18313598632812,2.5799999237060547,169.020203,2020-01-23,0.9620389938354492,5,65015802.570313
30.263656,75.191993,2.5799999237060547,168.494904,2020-01-23,0.9558579921722412,6,65015802.607501
30.26363754272461,75.201661,2.7300000190734863,170.846268,2020-01-23,0.9576969742774963,8,65015803.053757
30.263463973999023,75.182728,2.5,168.979141,2020-01-23,0.9588890075683594,5,65015802.562049
30.263282,75.191584,2.799999952316284,170.984528,2020-01-23,0.9602050185203552,6,65015802.599237
30.263089,75.182319,2.5,169.073135,2020-01-23,0.9628750085830688,5,65015802.553785
30.263263702392578,75.201251,2.7300000190734863,169.764816,2020-01-23,0.9616320133209229,8,65015803.045493
30.26290512084961,75.191172,12.460000038146973,171.436035,2020-01-23,0.9544900059700012,6,65015802.590973
30.262889,75.200841,3.4800000190734863,170.349884,2020-01-23,0.9642999768257141,8,65015803.037229
30.262715,75.181911,2.5,169.017517,2020-01-23,0.9577310085296631,5,65015802.545521
30.262534,75.190767,2.430000066757202,172.355728,2020-01-23,0.9520760178565979,6,65015802.582709
30.262513,75.200429,13.779999732971191,169.127441,2020-01-23,0.9546059966087341,8,65015803.028965
30.262341,75.181502,2.619999885559082,168.942596,2020-01-23,0.9622589945793152,5,65015802.537257
30.26215934753418,75.190359,2.4700000286102295,172.448761,2020-01-23,0.959792971611023,6,65015802.574445
30.262141,75.200021,4.53000020980835,171.400009,2020-01-23,0.9562479853630066,8,65015803.020701
30.261966,75.181094,2.5799999237060547,168.321625,2020-01-23,0.9577429890632629,5,65015802.528993
30.26178550720215,75.189951,2.4700000286102295,172.392105,2020-01-23,0.9545999765396118,6,65015802.566181
30.261767,75.199612,2.5799999237060547,170.942673,2020-01-23,0.9569370150566101,8,65015803.012437
30.261411666870117,75.189542,3.180000066757202,169.673218,2020-01-23,0.9661579728126526,6,65015802.557917
30.26139259338379,75.199202,2.4700000286102295,170.441956,2020-01-23,0.9675809741020203,8,65015803.004173
30.261216,75.180274,7.559999942779541,168.055237,2020-01-23,0.9622340202331543,5,65015802.512465
30.261037826538086,75.189134,2.7300000190734863,169.856888,2020-01-23,0.9588009715080261,6,65015802.549653
30.261018753051758,75.198793,2.5399999618530273,170.4371795654297,2020-01-23,0.9615229964256287,8,65015802.995909
30.260839462280273,75.179864,12.350000381469727,169.143555,2020-01-23,0.9568600058555603,5,65015802.504201
30.260663986206055,75.188726,2.5,168.209457,2020-01-23,0.9585729837417603,6,65015802.541389
30.260465,75.179455,5.28000020980835,176.968002,2020-01-23,0.9549440145492554,5,65015802.495937
30.260289,75.188317,2.5399999618530273,168.140076,2020-01-23,0.9538000226020813,6,65015802.533125
30.260269165039062,75.197971,9.770000457763672,170.563919,2020-01-23,0.9578679800033569,8,65015802.979381
30.260089874267578,75.179045,2.8399999141693115,183.943451,2020-01-23,0.9548789858818054,5,65015802.487673
30.259915,75.187909,2.4700000286102295,167.971893,2020-01-23,0.9632109999656677,6,65015802.524861
30.259897232055664,75.197563,2.4700000286102295,170.675598,2020-01-23,0.9578260183334351,8,65015802.971117
30.259716033935547,75.178636,3.5899999141693115,182.345047,2020-01-23,0.9512320160865784,5,65015802.479409
30.259540557861328,75.1875,2.5,167.899765,2020-01-23,0.964739978313446,6,65015802.516597
30.259524,75.197153,2.950000047683716,169.033737,2020-01-23,0.954177975654602,8,65015802.962853
30.259341,75.178227,3.369999885559082,183.713821,2020-01-23,0.9587209820747375,5,65015802.471145
30.259166,75.187091,2.5399999618530273,167.864151,2020-01-23,0.9591619968414307,6,65015802.508333
30.2591495513916,75.196744,2.5,168.611801,2020-01-23,0.9600719809532166,8,65015802.954589
30.25896644592285,75.177818,3.369999885559082,183.264282,2020-01-23,0.9528970122337341,5,65015802.462881
30.258790969848633,75.186682,2.5399999618530273,167.56072998046875,2020-01-23,0.9570410251617432,6,65015802.500069
30.25877571105957,75.196334,2.6500000953674316,168.839783,2020-01-23,0.962926983833313,8,65015802.946325
30.258413314819336,75.186268,18.719999,167.388855,2020-01-23,0.9519240260124207,6,65015802.491805
30.25840187072754,75.195924,2.7699999809265137,168.805313,2020-01-23,0.9524850249290466,8,65015802.938061
30.258218,75.177002,5.050000190734863,178.579773,2020-01-23,0.9517490267753601,5,65015802.446353
30.258039,75.185861,15.720000267028809,166.968155,2020-01-23,0.9548180103302002,6,65015802.483541
30.258028030395508,75.195513,6.659999847412109,168.712448,2020-01-23,0.9612640142440796,8,65015802.929797
30.257667541503906,75.185456,2.5799999237060547,166.834732,2020-01-23,0.960657000541687,6,65015802.475277
30.257653,75.195102,8.90999984741211,172.572128,2020-01-23,0.9589089751243591,8,65015802.921533
30.257469177246094,75.176184,7.670000076293945,174.006088,2020-01-23,0.9654110074043274,5,65015802.429825
30.257293,75.185046,2.950000047683716,167.802139,2020-01-23,0.9567959904670715,6,65015802.467013
30.257279,75.194692,10.40999984741211,172.634079,2020-01-23,0.9584710001945496,8,65015802.913269
30.257096,75.175776,12.539999961853027,168.703323,2020-01-23,0.9640349745750427,5,65015802.421559
30.25691795349121,75.184636,8.079999923706055,168.161591,2020-01-23,0.9509530067443848,6,65015802.458749
30.256906,75.194283,4.900000095367432,173.058823,2020-01-23,0.9525989890098572,8,65015802.905005
30.256545,75.184229,2.619999885559082,168.1317901611328,2020-01-23,0.9554309844970703,6,65015802.450485
30.256532669067383,75.193874,2.5799999237060547,173.39064025878906,2020-01-23,0.9519510269165039,8,65015802.896741
30.25617027282715,75.18382263183594,2.880000114440918,168.696869,2020-01-23,0.9514179825782776,6,65015802.442221
30.256160736083984,75.193466,3.0299999713897705,169.997055,2020-01-23,0.9635400176048279,8,65015802.888477
30.255796432495117,75.183411,2.6500000953674316,168.438049,2020-01-23,0.9588220119476318,6,65015802.433957
30.255786895751953,75.193056,2.5799999237060547,169.901703,2020-01-23,0.9550859928131104,8,65015802.880213
30.255601,75.174143,3.069999933242798,174.246796,2020-01-23,0.9632869958877563,5,65015802.388495
30.255414,75.192647,2.390000104904175,169.881851,2020-01-23,0.9502879977226257,8,65015802.871949
30.255407333374023,75.201607,2.5799999237060547,169.237625,2020-01-23,0.9658089876174927,11,65015802.909137
30.255048,75.1825942993164,2.7699999809265137,168.753357,2020-01-23,0.9669809937477112,6,65015802.417426
30.25503921508789,75.192238,2.6500000953674316,168.446106,2020-01-23,0.9634749889373779,8,65015802.863685
30.255034,75.201198,2.5799999237060547,169.119125,2020-01-23,0.9642590284347534,11,65015802.900873
30.25467300415039,75.182185,2.990000009536743,168.370712,2020-01-23,0.9612399935722351,6,65015802.40916
30.254667282104492,75.191829,2.8399999141693115,168.745972,2020-01-23,0.9620469808578491,8,65015802.855421
30.254659,75.200786,8.829999923706055,169.183868,2020-01-23,0.9669960141181946,11,65015802.892609
30.25429916381836,75.181777,2.5799999237060547,167.317413,2020-01-23,0.9580990076065063,6,65015802.400894
30.254294,75.19142150878906,2.5399999618530273,168.581818,2020-01-23,0.9604870080947876,8,65015802.847157
30.254287,75.200378,2.7300000190734863,169.036789,2020-01-23,0.9700120091438293,11,65015802.884345
30.254108428955078,75.1725082397461,4.260000228881836,172.642563,2020-01-23,0.9575099945068359,5,65015802.355431
30.253924,75.181365,12.880000114440918,167.498398,2020-01-23,0.9605569839477539,6,65015802.392628
30.253921,75.191011,2.4700000286102295,168.593567,2020-01-23,0.9563009738922119,8,65015802.838893
30.2539119720459,75.199967,7.110000133514404,169.797607,2020-01-23,0.9576879739761353,11,65015802.876081
30.25355339050293,75.18096160888672,2.5399999618530273,167.178085,2020-01-23,0.9598450064659119,6,65015802.384362
30.2535400390625,75.1995620727539,2.619999885559082,169.054901,2020-01-23,0.9579759836196899,11,65015802.867817
30.253361,75.171694,10.520000457763672,168.126419,2020-01-23,0.9502279758453369,5,65015802.338899
30.253179,75.180552,2.5,167.227921,2020-01-23,0.9518100023269653,6,65015802.376096
30.253167,75.199151,2.6500000953674316,169.080048,2020-01-23,0.9662079811096191,11,65015802.859553
30.252988,75.171286,10.069999694824219,168.361465,2020-01-23,0.9608849883079529,5,65015802.330633
30.252805,75.180143,2.5799999237060547,167.235229,2020-01-23,0.9599379897117615,6,65015802.36783
30.252801,75.189785,2.619999885559082,168.576569,2020-01-23,0.966060996055603,8,65015802.814101
30.252793,75.198742,2.6500000953674316,169.027496,2020-01-23,0.9602910280227661,11,65015802.851289
30.25261688232422,75.17088317871094,3.4800000190734863,168.444992,2020-01-23,0.9501950144767761,5,65015802.322367
30.252431869506836,75.179735,2.5,167.339508,2020-01-23,0.9590049982070923,6,65015802.359564
30.25242805480957,75.189377,2.5,168.678391,2020-01-23,0.9633280038833618,8,65015802.805837
30.25242042541504,75.198333,2.6500000953674316,169.10169982910156,2020-01-23,0.9632779955863953,11,65015802.843025
30.252243041992188,75.170471,7.900000095367432,168.557587,2020-01-23,0.9538149833679199,5,65015802.314101
30.252059,75.179327,2.5399999618530273,167.320541,2020-01-23,0.9595879912376404,6,65015802.351298
30.252055,75.188968,2.5399999618530273,168.583511,2020-01-23,0.9661830067634583,8,65015802.797573
30.252046585083008,75.197924,2.690000057220459,169.088058,2020-01-23,0.96424800157547,11,65015802.834761
30.251686096191406,75.178919,2.619999885559082,167.337189,2020-01-23,0.9618740081787109,6,65015802.343032
30.25168228149414,75.18856048583984,2.5,168.60848999023438,2020-01-23,0.9671800136566162,8,65015802.789309
30.251674,75.197515,2.7300000190734863,168.991577,2020-01-23,0.9605590105056763,11,65015802.826497
30.251499,75.169657,2.5,168.8623504638672,2020-01-23,0.9511759877204895,5,65015802.297569
30.251313,75.178511,2.619999885559082,167.451157,2020-01-23,0.9546679854393005,6,65015802.334766
30.251306533813477,75.188149,12.90999984741211,168.325516,2020-01-23,0.9624580144882202,8,65015802.781045
30.251301,75.197106,2.619999885559082,169.3717803955078,2020-01-23,0.9598320126533508,11,65015802.818233
30.251126,75.169249,2.7300000190734863,170.317734,2020-01-23,0.9597859978675842,5,65015802.289303
30.250940322875977,75.178103,2.5799999237060547,167.316177,2020-01-23,0.9539859890937805,6,65015802.3265
30.250934600830078,75.187743,8.380000114440918,168.34815979003906,2020-01-23,0.9658750295639038,8,65015802.772781
30.250928,75.196698,2.619999885559082,168.848755,2020-01-23,0.9699239730834961,11,65015802.809969
30.250566482543945,75.177695,4.940000057220459,168.17572021484375,2020-01-23,0.9620169997215271,6,65015802.318234
30.250564,75.187337,2.430000066757202,168.193787,2020-01-23,0.9601619839668274,8,65015802.764517
30.25055503845215,75.196289,2.6500000953674316,168.849762,2020-01-23,0.9670869708061218,11,65015802.801705
30.250381469726562,75.1684341430664,2.4700000286102295,170.561401,2020-01-23,0.9547659754753113,5,65015802.272771
30.25000762939453,75.168026,5.610000133514404,168.307587,2020-01-23,0.9520660042762756,5,65015802.264505
30.250194,75.177288,2.5,167.470505,2020-01-23,0.9567899703979492,6,65015802.309968
30.250191,75.186929,2.4700000286102295,167.655869,2020-01-23,0.950298011302948,8,65015802.756253
30.250182,75.195881,2.5399999618530273,168.7361297607422,2020-01-23,0.9667789936065674,11,65015802.793441
30.249822,75.1768798828125,2.430000066757202,167.448105,2020-01-23,0.9563800096511841,6,65015802.301702
30.249818,75.186522,2.5399999618530273,167.5969696044922,2020-01-23,0.9584460258483887,8,65015802.747989
30.249809,75.195473,2.619999885559082,168.811111,2020-01-23,0.9672420024871826,11,65015802.785177
30.249637,75.16761779785156,2.390000104904175,168.166306,2020-01-23,0.9501129984855652,5,65015802.256239
30.249448776245117,75.176473,2.4700000286102295,167.529724,2020-01-23,0.9586799740791321,6,65015802.293436
30.24944496154785,75.186114,2.5399999618530273,167.542038,2020-01-23,0.9679409861564636,8,65015802.739725
30.249436,75.195065,2.5799999237060547,168.798782,2020-01-23,0.9730439782142639,11,65015802.776913
30.249265,75.167213,2.430000066757202,167.494263,2020-01-23,0.9603760242462158,5,65015802.247973
30.24906349182129,75.194657,2.5399999618530273,168.841553,2020-01-23,0.971763014793396,11,65015802.768649
30.248893,75.166806,2.5799999237060547,167.446289,2020-01-23,0.9592859745025635,5,65015802.239707
30.248704,75.175658,2.4700000286102295,167.703522,2020-01-23,0.9550139904022217,6,65015802.276904
30.248689651489258,75.19425201416016,2.5,168.742783,2020-01-23,0.9591410160064697,11,65015802.760385
30.248519,75.166397,8.010000228881836,167.138809,2020-01-23,0.9639390110969543,5,65015802.231441
30.248332,75.17524719238281,2.950000047683716,168.400879,2020-01-23,0.950643002986908,6,65015802.268638
30.248326,75.184891,4.150000095367432,169.096497,2020-01-23,0.9618449807167053,8,65015802.714933
30.248317,75.193842,2.5799999237060547,168.702911,2020-01-23,0.9665120244026184,11,65015802.752121
30.24795150756836,75.184483,8.869999885559082,168.608582,2020-01-23,0.9659519791603088,8,65015802.706669
30.247943878173828,75.193435,2.619999885559082,168.787979,2020-01-23,0.9563000202178955,11,65015802.743857
30.247777,75.165584,2.619999885559082,166.911819,2020-01-23,0.9656800031661987,5,65015802.214909
30.24795913696289,75.174843,2.5,167.858154,2020-01-23,0.9653310179710388,6,65015802.260372
30.247587203979492,75.174435,2.619999885559082,167.516083,2020-01-23,0.9695129990577698,6,65015802.252106
30.247579,75.184075,10.220000267028809,168.13446044921875,2020-01-23,0.9657469987869263,8,65015802.698405
30.24757194519043,75.193027,2.5,168.760605,2020-01-23,0.957601010799408,11,65015802.735593
30.247215270996094,75.174028,2.5,167.41773986816406,2020-01-23,0.9637849926948547,6,65015802.24384
30.247207641601562,75.183671,2.390000104904175,167.61936950683594,2020-01-23,0.9642829895019531,8,65015802.690141
30.247199,75.19261932373047,2.7300000190734863,168.720917,2020-01-23,0.9582200050354004,11,65015802.727329
30.247034072875977,75.1647720336914,2.5799999237060547,166.265579,2020-01-23,0.9646599888801575,5,65015802.198378
30.246843338012695,75.173621,2.5,167.308914,2020-01-23,0.965304970741272,6,65015802.235574
30.246835,75.183263,2.990000009536743,167.587479,2020-01-23,0.9582989811897278,8,65015802.681877
30.246826171875,75.192213,2.4700000286102295,168.641098,2020-01-23,0.9642519950866699,11,65015802.719065
30.246660232543945,75.16436004638672,12.949999809265137,166.353073,2020-01-23,0.963575005531311,5,65015802.190114
30.246461,75.182856,3.0299999713897705,168.504791,2020-01-23,0.955282986164093,8,65015802.673613
30.246453,75.191805,2.5799999237060547,168.615891,2020-01-23,0.9652929902076721,11,65015802.710801
30.246291,75.16395568847656,2.619999885559082,166.105698,2020-01-23,0.9550930261611938,5,65015802.18185
30.2460994720459,75.172807,2.5799999237060547,167.032776,2020-01-23,0.963454008102417,6,65015802.219042
30.2460880279541,75.182449,3.2200000286102295,168.101868,2020-01-23,0.9587330222129822,8,65015802.665349
30.24608039855957,75.191398,2.5,168.6005096435547,2020-01-23,0.9675909876823425,11,65015802.702537
30.2457275390625,75.172399,2.5399999618530273,166.943466,2020-01-23,0.9522209763526917,6,65015802.210776
30.245715,75.182041,2.5,168.893921,2020-01-23,0.9574999809265137,8,65015802.657085
30.24570655822754,75.190991,2.619999885559082,168.267532,2020-01-23,0.9632850289344788,11,65015802.694273
30.2453556060791,75.171992,2.5399999618530273,166.887817,2020-01-23,0.9518920183181763,6,65015802.20251
30.245342254638672,75.181634,2.5399999618530273,168.921982,2020-01-23,0.9659199714660645,8,65015802.648821
30.24533462524414,75.190584,2.5,168.309067,2020-01-23,0.967710018157959,11,65015802.686009
30.245176315307617,75.16273498535156,3.0299999713897705,166.411652,2020-01-23,0.9613940119743347,5,65015802.157058
30.244985,75.17158508300781,2.880000114440918,166.920425,2020-01-23,0.9596379995346069,6,65015802.194246
30.24496841430664,75.181226,4.449999809265137,168.9684600830078,2020-01-23,0.9520689845085144,8,65015802.640557
30.244962,75.190176,2.6500000953674316,168.037445,2020-01-23,0.9629949927330017,11,65015802.677745
30.244611740112305,75.171177,4.039999961853027,168.088364,2020-01-23,0.9520670175552368,6,65015802.185982
30.244594,75.180818,4.110000133514404,172.012894,2020-01-23,0.960644006729126,8,65015802.632293
30.244588,75.189769,2.6500000953674316,168.090576,2020-01-23,0.9617769718170166,11,65015802.669481
30.244431,75.161919,11.640000343322754,166.763199,2020-01-23,0.9536100029945374,5,65015802.14053
30.244241,75.170771,2.9200000762939453,167.684525,2020-01-23,0.9526469707489014,6,65015802.177718
30.244221,75.180411,3.5899999141693115,169.956619,2020-01-23,0.9538000226020813,8,65015802.624029
30.24421501159668,75.189362,2.7300000190734863,168.017975,2020-01-23,0.9631549715995789,11,65015802.661217
30.244062423706055,75.161515,2.5,166.463699,2020-01-23,0.9577280282974243,5,65015802.132266
30.243869,75.170363,5.840000152587891,167.007782,2020-01-23,0.9594219923019409,6,65015802.169454
30.243842,75.188955,2.5399999618530273,167.902649,2020-01-23,0.9574400186538696,11,65015802.652953
30.243688583374023,75.161106,9.239999771118164,167.406082,2020-01-23,0.9560620188713074,5,65015802.124002
30.243474,75.17959594726562,2.7699999809265137,168.266968,2020-01-23,0.9642530083656311,8,65015802.607501
30.243469,75.188547,2.619999885559082,167.893387,2020-01-23,0.959555983543396,11,65015802.644689
30.243318557739258,75.16069793701172,4.150000095367432,167.187836,2020-01-23,0.9623849987983704,5,65015802.115738
30.243101119995117,75.179188,2.5799999237060547,167.618347,2020-01-23,0.961601972579956,8,65015802.599237
30.243096,75.18814086914062,2.6500000953674316,167.871338,2020-01-23,0.9607020020484924,11,65015802.636425
30.242946,75.160292,4.380000114440918,172.228745,2020-01-23,0.9522920250892639,5,65015802.107474
30.242576,75.159887,3.369999885559082,166.750366,2020-01-23,0.9655569791793823,5,65015802.09921
30.242755,75.169142,5.5,168.250549,2020-01-23,0.9526680111885071,6,65015802.144662
30.242727279663086,75.17877960205078,2.6500000953674316,167.618652,2020-01-23,0.9566680192947388,8,65015802.590973
30.242721557617188,75.187732,2.6500000953674316,167.937958,2020-01-23,0.968396008014679,11,65015802.628161
30.242383,75.168734,9.170000076293945,168.400711,2020-01-23,0.9546980261802673,6,65015802.136398
30.242353439331055,75.178372,2.5,168.533249,2020-01-23,0.9670450091362,8,65015802.582709
30.242349,75.187324,2.5399999618530273,168.031387,2020-01-23,0.9636759757995605,11,65015802.619897
30.242204666137695,75.15947723388672,2.5,166.784378,2020-01-23,0.9617980122566223,5,65015802.090946
30.24201202392578,75.168328,5.869999885559082,167.638687,2020-01-23,0.9657459855079651,6,65015802.128134
30.241979,75.177964,2.690000057220459,167.138504,2020-01-23,0.9574159979820251,8,65015802.574445
30.241975,75.186917,2.619999885559082,167.906601,2020-01-23,0.9650160074234009,11,65015802.611633
30.241832733154297,75.159073,2.5,166.730621,2020-01-23,0.9710190296173096,5,65015802.082682
30.241462,75.158666,2.5,166.719254,2020-01-23,0.9641159772872925,5,65015802.074418
30.241641,75.167922,4.340000152587891,167.849823,2020-01-23,0.9578850269317627,6,65015802.11987
30.241605,75.177556,3.069999933242798,167.153763,2020-01-23,0.9557120203971863,8,65015802.566181
30.241601,75.186509,2.5799999237060547,167.910858,2020-01-23,0.9627649784088135,11,65015802.603369
30.241268157958984,75.167513,5.420000076293945,173.038818,2020-01-23,0.9522330164909363,6,65015802.111606
30.241230010986328,75.177148,2.4700000286102295,167.578568,2020-01-23,0.9525370001792908,8,65015802.557917
30.241228103637695,75.186101,2.619999885559082,167.858841,2020-01-23,0.9691510200500488,11,65015802.595105
30.241090774536133,75.158259,2.4700000286102295,166.740768,2020-01-23,0.9577739834785461,5,65015802.066154
30.240854263305664,75.185693,2.5399999618530273,167.996368,2020-01-23,0.9665229916572571,11,65015802.586841
30.240718,75.157852,2.5399999618530273,166.709061,2020-01-23,0.9587090015411377,5,65015802.05789
30.240346,75.157445,2.5399999618530273,166.684982,2020-01-23,0.958594024181366,5,65015802.049626
30.240482330322266,75.17633056640625,2.5,167.580826,2020-01-23,0.9582229852676392,8,65015802.541389
30.240478,75.185283,9.84000015258789,167.613495,2020-01-23,0.9646329879760742,11,65015802.578577
30.240154266357422,75.166293,7.070000171661377,169.145233,2020-01-23,0.9580159783363342,6,65015802.086814
30.24010467529297,75.184877,2.5799999237060547,167.560959,2020-01-23,0.9620689749717712,11,65015802.570313
30.239974,75.157038,2.619999885559082,166.743713,2020-01-23,0.9544320106506348,5,65015802.041362
30.239783,75.165887,2.5799999237060547,171.486298,2020-01-23,0.9624829888343811,6,65015802.07855
30.23973274230957,75.175513,2.5,167.636047,2020-01-23,0.9629179835319519,8,65015802.524861
30.239731,75.184468,2.7699999809265137,167.404068,2020-01-23,0.9719889760017395,11,65015802.562049
30.239602,75.156631,2.5399999618530273,166.755234,2020-01-23,0.9508960247039795,5,65015802.033098
30.239411,75.165478,9.130000114440918,168.775269,2020-01-23,0.9559280276298523,6,65015802.070286
30.239229202270508,75.156224,2.5399999618530273,166.851807,2020-01-23,0.9556360244750977,5,65015802.024834
30.239356994628906,75.1840591430664,2.5,167.633606,2020-01-23,0.9746639728546143,11,65015802.553785
30.23904037475586,75.165073,5.199999809265137,166.878235,2020-01-23,0.95660400390625,6,65015802.062022
30.238984,75.174696,2.4700000286102295,167.337418,2020-01-23,0.9549739956855774,8,65015802.508333
30.238983154296875,75.183651,2.6500000953674316,167.537552,2020-01-23,0.9728090167045593,11,65015802.545521
30.23885726928711,75.155816,2.5,166.932709,2020-01-23,0.9587519764900208,5,65015802.01657
30.238664,75.16465759277344,22.690001,167.949112,2020-01-23,0.9576060175895691,6,65015802.053758
30.238609,75.174287,2.5799999237060547,167.222549,2020-01-23,0.96151202917099,8,65015802.500069
30.238608,75.183243,2.5799999237060547,167.477524,2020-01-23,0.9700919985771179,11,65015802.537257
30.23848533630371,75.155409,2.5799999237060547,166.864136,2020-01-23,0.9602000117301941,5,65015802.008306
30.238112,75.155001,2.690000057220459,168.061142,2020-01-23,0.9660789966583252,5,65015802.000042
30.238235473632812,75.173878,2.5399999618530273,167.219101,2020-01-23,0.9539470076560974,8,65015802.491805
30.23823356628418,75.182834,2.5,167.321198,2020-01-23,0.9740989804267883,11,65015802.528993
30.237924575805664,75.163852,2.619999885559082,167.77890014648438,2020-01-23,0.9519879817962646,6,65015802.03723
30.23785972595215,75.173469,2.5799999237060547,167.132477,2020-01-23,0.9678099751472473,8,65015802.483541
30.237859,75.182425,2.5799999237060547,167.259537,2020-01-23,0.9634630084037781,11,65015802.520729
30.237739,75.15459442138672,2.5,167.996109,2020-01-23,0.9524719715118408,5,65015801.991778
30.237552,75.16344451904297,2.619999885559082,168.248581,2020-01-23,0.9554769992828369,6,65015802.028966
30.237485885620117,75.173061,2.5399999618530273,167.161865,2020-01-23,0.9555090069770813,8,65015802.475277
30.237485,75.182017,2.5799999237060547,167.200577,2020-01-23,0.9658010005950928,11,65015802.512465
30.23736572265625,75.154186,2.5,167.979919,2020-01-23,0.9594389796257019,5,65015801.983514
30.237178802490234,75.163036,6.619999885559082,168.867294,2020-01-23,0.954023003578186,6,65015802.020702
30.236993,75.153779,2.4700000286102295,167.768494,2020-01-23,0.9569200277328491,5,65015801.97525
30.237111,75.172652,2.5,167.011002,2020-01-23,0.9591630101203918,8,65015802.467013
30.237110137939453,75.181608,2.690000057220459,167.17539978027344,2020-01-23,0.9672620296478271,11,65015802.504201
30.236737,75.172243,2.5399999618530273,166.905533,2020-01-23,0.955452024936676,8,65015802.458749
30.236736297607422,75.181199,2.619999885559082,167.187149,2020-01-23,0.9660099744796753,11,65015802.495937
30.23661994934082,75.153372,2.5,166.619644,2020-01-23,0.9548490047454834,5,65015801.966986
30.236434936523438,75.162223,3.0999999046325684,168.197372,2020-01-23,0.9606069922447205,6,65015802.004174
30.23636245727539,75.171835,2.5399999618530273,166.952881,2020-01-23,0.9683420062065125,8,65015802.450485
30.236361,75.18079376220703,3.890000104904175,167.046997,2020-01-23,0.9611070156097412,11,65015802.487673
30.236247,75.152964,2.5799999237060547,166.469513,2020-01-23,0.9532579779624939,5,65015801.958722
30.236062,75.161815,3.6600000858306885,169.097992,2020-01-23,0.9522209763526917,6,65015801.99591
30.235988,75.171426,2.6500000953674316,167.356232,2020-01-23,0.9542779922485352,8,65015802.442221
30.235986,75.18038177490234,2.880000114440918,169.666168,2020-01-23,0.9664700031280518,11,65015802.479409
30.235612,75.171014,12.130000114440918,168.264297,2020-01-23,0.9705809950828552,8,65015802.433957
30.235612,75.179972,2.619999885559082,170.363571,2020-01-23,0.9671859741210938,11,65015802.471145
30.23550033569336,75.152149,2.390000104904175,166.221008,2020-01-23,0.9546219706535339,5,65015801.942194
30.235315322875977,75.160998,6.170000076293945,171.224091,2020-01-23,0.9603419899940491,6,65015801.979382
30.235240936279297,75.170608,2.6500000953674316,166.943375,2020-01-23,0.9585970044136047,8,65015802.425692
30.23523712158203,75.179563,2.430000066757202,170.388809,2020-01-23,0.970088005065918,11,65015802.462881
30.235126495361328,75.151742,2.5,165.957138,2020-01-23,0.9584320187568665,5,65015801.93393
30.234941482543945,75.16059112548828,5.420000076293945,174.547897,2020-01-23,0.9565820097923279,6,65015801.971118
30.325032,75.10389709472656,2.6500000953674316,167.851807,2020-04-11,0.9544680118560791,6,71845291.682215
30.32428550720215,75.104718,2.690000057220459,168.026718,2020-04-11,0.9607970118522644,6,71845291.698743
30.324275970458984,75.113374,2.619999885559082,168.81777954101562,2020-04-11,0.9584720134735107,5,71845291.835099
30.323913,75.105127,2.5399999618530273,168.148209,2020-04-11,0.953013002872467,6,71845291.707007
30.323909,75.113783,14.779999732971191,168.844238,2020-04-11,0.9564970135688782,5,71845291.843363
30.32353973388672,75.105536,2.5799999237060547,168.084152,2020-04-11,0.9598339796066284,6,71845291.715271
30.323529,75.114193,2.619999885559082,168.914368,2020-04-11,0.9600440263748169,5,71845291.851627
30.323167,75.105945,2.690000057220459,168.119263,2020-04-11,0.9589710235595703,6,71845291.723535
30.323156356811523,75.114602,2.619999885559082,168.973694,2020-04-11,0.9527779817581177,5,71845291.859891
30.32279396057129,75.106354,2.619999885559082,168.1807098388672,2020-04-11,0.9693310260772705,6,71845291.731799
30.32278823852539,75.1150131225586,14.4399995803833,168.748932,2020-04-11,0.9557070136070251,5,71845291.868155
30.322421,75.106763,2.5799999237060547,168.306763,2020-04-11,0.9581810235977173,6,71845291.740063
30.32240867614746,75.11541748046875,2.7300000190734863,168.751297,2020-04-11,0.9551720023155212,5,71845291.876419
30.32204818725586,75.107172,2.690000057220459,168.238724,2020-04-11,0.9517149925231934,6,71845291.748327
30.32203483581543,75.115829,2.7300000190734863,168.847214,2020-04-11,0.9580140113830566,5,71845291.884683
30.321675,75.107581,2.5799999237060547,168.369934,2020-04-11,0.9501270055770874,6,71845291.756591
30.32130241394043,75.10798645019531,2.619999885559082,168.393005,2020-04-11,0.9558370113372803,6,71845291.764855
30.321288,75.116648,2.7300000190734863,168.678329,2020-04-11,0.9542040228843689,5,71845291.901211
30.3209285736084,75.108399,2.619999885559082,168.551224,2020-04-11,0.9590349793434143,6,71845291.773119
30.320914,75.117057,2.7300000190734863,168.54718017578125,2020-04-11,0.9525359869003296,5,71845291.909475
30.320554733276367,75.108808,2.5399999618530273,168.745529,2020-04-11,0.9515740275382996,6,71845291.781383
30.320182,75.109217,2.7300000190734863,168.828079,2020-04-11,0.9515259861946106,6,71845291.789647
30.319808959960938,75.109626,2.6500000953674316,168.4884796142578,2020-04-11,0.9575669765472412,6,71845291.797911
30.319436,75.110035,2.6500000953674316,168.492172,2020-04-11,0.9551190137863159,6,71845291.806175
30.319062,75.110444,2.690000057220459,168.597549,2020-04-11,0.9511479735374451,6,71845291.814439
30.318655014038086,75.098272,3.509999990463257,167.783051,2020-04-11,0.9519429802894592,8,71845292.045831
30.318279266357422,75.098681,2.7300000190734863,167.666321,2020-04-11,0.9503570199012756,8,71845292.054095
30.317941665649414,75.111672,2.5799999237060547,168.248154,2020-04-11,0.9633139967918396,6,71845291.839231
30.317533493041992,75.099499,2.619999885559082,167.869919,2020-04-11,0.9552639722824097,8,71845292.070623
30.317567825317383,75.112081,2.6500000953674316,168.129425,2020-04-11,0.9620649814605713,6,71845291.847495
30.31715965270996,75.099907,2.799999952316284,167.870636,2020-04-11,0.9549620151519775,8,71845292.078887
30.317195,75.11248779296875,2.619999885559082,168.191132,2020-04-11,0.9573990106582642,6,71845291.855759
30.31678581237793,75.100316,2.9100000858306885,168.183044,2020-04-11,0.961018979549408,8,71845292.087151
30.316413,75.100725,2.9100000858306885,168.22698974609375,2020-04-11,0.95762699842453,8,71845292.095415
30.316429,75.121965,2.619999885559082,168.652649,2020-04-11,0.9595620036125183,5,71845292.008643
30.316039,75.101134,2.619999885559082,168.330856,2020-04-11,0.9574339985847473,8,71845292.103679
30.31607437133789,75.113717,2.759999990463257,168.187027,2020-04-11,0.9601190090179443,6,71845291.880551
30.316055297851562,75.122374,2.6500000953674316,168.740936,2020-04-11,0.9548659920692444,5,71845292.016907
30.315665,75.101542,2.690000057220459,168.317261,2020-04-11,0.9551979899406433,8,71845292.111943
30.315682,75.122782,2.5799999237060547,168.886536,2020-04-11,0.9533609747886658,5,71845292.025171
30.315326690673828,75.114536,2.7300000190734863,168.725555,2020-04-11,0.9522089958190918,6,71845291.897079
30.3153076171875,75.123191,2.619999885559082,168.839478,2020-04-11,0.9515330195426941,5,71845292.033435
30.314918,75.10236358642578,2.619999885559082,168.334839,2020-04-11,0.9565039873123169,8,71845292.128471
30.314952850341797,75.114945,2.690000057220459,168.787033,2020-04-11,0.9502249956130981,6,71845291.905343
30.31493377685547,75.12359619140625,2.5399999618530273,168.810364,2020-04-11,0.9686329960823059,5,71845292.041699
30.314544,75.102769,2.619999885559082,168.274551,2020-04-11,0.9589710235595703,8,71845292.136735
30.3145809173584,75.115354,2.690000057220459,168.760818,2020-04-11,0.9520679712295532,6,71845291.913607
30.314565,75.124008,12.239999771118164,168.811081,2020-04-11,0.9622870087623596,5,71845292.049963
30.314206,75.115763,3.0299999713897705,168.554001,2020-04-11,0.9603750109672546,6,71845291.921871
30.314187,75.124417,2.7300000190734863,168.906723,2020-04-11,0.9571329951286316,5,71845292.058227
30.313796997070312,75.103586,2.6500000953674316,168.093033,2020-04-11,0.9508979916572571,8,71845292.153263
30.313832,75.116172,2.619999885559082,167.791367,2020-04-11,0.9569829702377319,6,71845291.930135
30.313458,75.116581,2.5399999618530273,167.915604,2020-04-11,0.9639459848403931,6,71845291.938399
30.31342315673828,75.103995,2.7300000190734863,167.87290954589844,2020-04-11,0.9574499726295471,8,71845292.161527
30.313443,75.125234,10.779999732971191,168.70870971679688,2020-04-11,0.9608690142631531,5,71845292.074755
30.313049,75.104404,2.5399999618530273,167.615341,2020-04-11,0.9566910266876221,8,71845292.169791
30.31308364868164,75.11698913574219,2.690000057220459,167.901993,2020-04-11,0.9625920057296753,6,71845291.946663
30.313066482543945,75.125643,2.619999885559082,168.804581,2020-04-11,0.9592519998550415,5,71845292.083019
30.312676,75.104813,2.8399999141693115,167.132538,2020-04-11,0.9588639736175537,8,71845292.178055
30.312711,75.117399,2.6500000953674316,167.977249,2020-04-11,0.9617490172386169,6,71845291.954927
30.312337,75.117808,2.6500000953674316,167.644485,2020-04-11,0.9575669765472412,6,71845291.963191
30.312318,75.126461,2.619999885559082,168.843384,2020-04-11,0.9574429988861084,5,71845292.099547
30.312301635742188,75.105221,2.5799999237060547,167.11170959472656,2020-04-11,0.9592220187187195,8,71845292.186319
30.311963,75.118217,2.6500000953674316,167.656845,2020-04-11,0.957298994064331,6,71845291.971455
30.311944,75.126869,2.690000057220459,168.770828,2020-04-11,0.959526002407074,5,71845292.107811
30.311589,75.118626,2.759999990463257,167.949234,2020-04-11,0.9530569911003113,6,71845291.979719
30.31157112121582,75.127278,2.690000057220459,168.852554,2020-04-11,0.9554020166397095,5,71845292.116075
30.311216354370117,75.119035,2.759999990463257,168.01918029785156,2020-04-11,0.9543089866638184,6,71845291.987983
30.311208724975586,75.127684,29.790001,168.859436,2020-04-11,0.959650993347168,5,71845292.124339
30.311181,75.106448,2.7300000190734863,166.732803,2020-04-11,0.9502500295639038,8,71845292.211111
30.310807,75.106857,2.7699999809265137,166.687195,2020-04-11,0.9516869783401489,8,71845292.219375
30.310842,75.119444,2.759999990463257,167.803772,2020-04-11,0.9537140130996704,6,71845291.996247
30.310834884643555,75.128093,26.270000457763672,170.558868,2020-04-11,0.9586769938468933,5,71845292.132603
30.310747146606445,75.098411,5.53000020980835,168.689041,2020-04-11,0.9661409854888916,11,71845292.083019
30.310376,75.09882354736328,10.930000305175781,168.307648,2020-04-11,0.95967698097229,11,71845292.091283
30.310468,75.119853,2.6500000953674316,167.826904,2020-04-11,0.9526849985122681,6,71845292.004511
30.310449,75.128504,2.5799999237060547,168.783493,2020-04-11,0.9594470262527466,5,71845292.140867
30.310094,75.120261,2.619999885559082,168.136887,2020-04-11,0.9645980000495911,6,71845292.012775
30.310075759887695,75.128913,2.690000057220459,168.862503,2020-04-11,0.9541839957237244,5,71845292.149131
30.30999755859375,75.099229,2.619999885559082,167.836349,2020-04-11,0.9546489715576172,11,71845292.099547
30.31005859375,75.107675,2.7300000190734863,166.734802,2020-04-11,0.954596996307373,8,71845292.235903
30.309720993041992,75.12066650390625,2.5399999618530273,168.354126,2020-04-11,0.9561309814453125,6,71845292.021039
30.309701919555664,75.129321,2.690000057220459,168.769974,2020-04-11,0.9537929892539978,5,71845292.157395
30.30962371826172,75.099638,2.880000114440918,167.790588,2020-04-11,0.9607239961624146,11,71845292.107811
30.309328079223633,75.12973022460938,2.6500000953674316,168.786346,2020-04-11,0.952970027923584,5,71845292.165659
30.30897331237793,75.121488,2.619999885559082,168.271378,2020-04-11,0.9524149894714355,6,71845292.037567
30.308955,75.130139,2.619999885559082,168.756638,2020-04-11,0.9586420059204102,5,71845292.173923
30.308877,75.100455,2.8399999141693115,167.781799,2020-04-11,0.9590460062026978,11,71845292.124339
30.308938,75.108902,2.6500000953674316,166.866898,2020-04-11,0.9570140242576599,8,71845292.260695
30.308581,75.130547,2.6500000953674316,168.759598,2020-04-11,0.9536229968070984,5,71845292.182187
30.308503,75.100864,2.759999990463257,167.785751,2020-04-11,0.956728994846344,11,71845292.132603
30.308130264282227,75.101273,2.9100000858306885,167.814224,2020-04-11,0.961359977722168,11,71845292.140867
30.30820655822754,75.130956,2.7300000190734863,168.60494995117188,2020-04-11,0.9568889737129211,5,71845292.190451
30.307857513427734,75.122713,13.239999771118164,168.376358,2020-04-11,0.9502050280570984,6,71845292.062359
30.307832717895508,75.131365,2.690000057220459,168.346146,2020-04-11,0.9510290026664734,5,71845292.198715
30.307756423950195,75.101681,3.140000104904175,167.728806,2020-04-11,0.9650409817695618,11,71845292.149131
30.307817459106445,75.110129,2.690000057220459,167.053757,2020-04-11,0.9584479928016663,8,71845292.285487
30.307385,75.10208892822266,7.260000228881836,167.405441,2020-04-11,0.9652950167655945,11,71845292.157395
30.30744743347168,75.110538,9.130000114440918,167.361435,2020-04-11,0.9558029770851135,8,71845292.293751
30.307458877563477,75.131774,2.5799999237060547,168.344391,2020-04-11,0.950760006904602,5,71845292.206979
30.307008743286133,75.102499,2.690000057220459,167.226654,2020-04-11,0.9630360007286072,11,71845292.165659
30.307069778442383,75.110947,2.7300000190734863,167.232651,2020-04-11,0.956961989402771,8,71845292.302015
30.307109832763672,75.12352752685547,13.6899995803833,167.810959,2020-04-11,0.9539059996604919,6,71845292.078887
30.30669593811035,75.111356,2.619999885559082,167.2709197998047,2020-04-11,0.9513970017433167,8,71845292.31028
30.3066349029541,75.102908,2.690000057220459,167.03656005859375,2020-04-11,0.9531850218772888,11,71845292.173923
30.30626106262207,75.103317,2.799999952316284,166.963928,2020-04-11,0.9524350166320801,11,71845292.182187
30.30632209777832,75.111765,2.5399999618530273,167.423386,2020-04-11,0.955947995185852,8,71845292.318546
30.306338,75.13300323486328,2.619999885559082,168.288467,2020-04-11,0.9502710103988647,5,71845292.231771
30.30588722229004,75.103725,2.8399999141693115,166.657516,2020-04-11,0.9614189863204956,11,71845292.190451
30.30594825744629,75.11217498779297,2.619999885559082,167.505646,2020-04-11,0.9579319953918457,8,71845292.326812
30.305575,75.112584,2.7300000190734863,167.485809,2020-04-11,0.9558990001678467,8,71845292.335078
30.305518,75.104134,11.640000343322754,166.433899,2020-04-11,0.967490017414093,11,71845292.198715
30.305139541625977,75.104543,2.6500000953674316,166.478882,2020-04-11,0.9659780263900757,11,71845292.206979
30.305201,75.112993,2.5799999237060547,167.529831,2020-04-11,0.9500499963760376,8,71845292.343344
30.304765701293945,75.104952,2.950000047683716,166.331375,2020-04-11,0.9563949704170227,11,71845292.215243
30.304826736450195,75.113402,2.6500000953674316,167.674484,2020-04-11,0.9514369964599609,8,71845292.35161
30.30486297607422,75.125983,2.6500000953674316,168.743286,2020-04-11,0.9514549970626831,6,71845292.128471
30.304462432861328,75.113811,21.06999969482422,168.435364,2020-04-11,0.9625279903411865,8,71845292.359876
30.304489,75.126391,2.5799999237060547,168.851913,2020-04-11,0.9599350094795227,6,71845292.136735
30.304393,75.105361,3.0299999713897705,166.441589,2020-04-11,0.9668790102005005,11,71845292.223507
30.304023,75.10576629638672,10.699999809265137,168.391922,2020-04-11,0.970300018787384,11,71845292.231771
30.304095,75.135453,2.619999885559082,168.919525,2020-04-11,0.952800989151001,5,71845292.281355
30.30364990234375,75.106179,8.979999542236328,170.193024,2020-04-11,0.9649249911308289,11,71845292.240035
30.303711,75.11463165283203,11.380000114440918,168.403046,2020-04-11,0.9596319794654846,8,71845292.376408
30.303746,75.127208,10.739999771118164,169.08078002929688,2020-04-11,0.9609320163726807,6,71845292.153263
30.30372428894043,75.135862,7.519999980926514,169.5769500732422,2020-04-11,0.9527599811553955,5,71845292.289619
30.3033504486084,75.136271,6.659999847412109,169.091125,2020-04-11,0.9523640275001526,5,71845292.297883
30.303273,75.106588,3.4800000190734863,169.246033,2020-04-11,0.9573869705200195,11,71845292.248299
30.30296516418457,75.115448,14.329999923706055,168.417465,2020-04-11,0.9644290208816528,8,71845292.39294
30.302974,75.13668060302734,2.799999952316284,168.936111,2020-04-11,0.9604129791259766,5,71845292.306147
30.30261993408203,75.128435,2.6500000953674316,168.627228,2020-04-11,0.9621430039405823,6,71845292.178055
30.302528381347656,75.107406,7.860000133514404,169.336243,2020-04-11,0.9684739708900452,11,71845292.264827
30.30258560180664,75.115857,2.619999885559082,168.292679,2020-04-11,0.9586549997329712,8,71845292.401206
30.302600860595703,75.137089,2.759999990463257,168.94989013671875,2020-04-11,0.9512190222740173,5,71845292.314413
30.30221176147461,75.116266,2.799999952316284,168.299988,2020-04-11,0.9593570232391357,8,71845292.409472
30.302247,75.128843,2.7300000190734863,168.63381958007812,2020-04-11,0.9628900289535522,6,71845292.186319
30.302226,75.137498,2.759999990463257,168.991943,2020-04-11,0.9502009749412537,5,71845292.322679
30.302154,75.107815,4.21999979019165,173.161148,2020-04-11,0.95728999376297,11,71845292.273091
30.301780700683594,75.108224,6.170000076293945,170.139282,2020-04-11,0.9606429934501648,11,71845292.281355
30.301839,75.116675,2.5799999237060547,168.516876,2020-04-11,0.9578610062599182,8,71845292.417738
30.301873,75.129252,2.7300000190734863,168.578674,2020-04-11,0.9579470157623291,6,71845292.194583
30.301499,75.129661,2.6500000953674316,168.508102,2020-04-11,0.9586589932441711,6,71845292.202847
30.301479,75.138317,2.6500000953674316,169.035538,2020-04-11,0.9521099925041199,5,71845292.339211
30.301406,75.108633,5.800000190734863,170.043823,2020-04-11,0.9634400010108948,11,71845292.289619
30.30109214782715,75.117493,2.690000057220459,168.387512,2020-04-11,0.9530979990959167,8,71845292.43427
30.301124572753906,75.13007354736328,2.5799999237060547,168.648041,2020-04-11,0.9518579840660095,6,71845292.211111
30.301105499267578,75.138726,2.5799999237060547,169.184479,2020-04-11,0.951682984828949,5,71845292.347477
30.301032,75.109042,5.650000095367432,169.669144,2020-04-11,0.9616400003433228,11,71845292.297883
30.300659,75.109451,8.34000015258789,168.821991,2020-04-11,0.9605649709701538,11,71845292.306147
30.300723,75.117902,13.0600004196167,168.298538,2020-04-11,0.9595819711685181,8,71845292.442536
30.300751,75.130478,2.619999885559082,168.607483,2020-04-11,0.9602839946746826,6,71845292.219375
30.300731,75.139135,2.759999990463257,169.061066,2020-04-11,0.9564319849014282,5,71845292.355743
30.300378,75.130887,2.619999885559082,168.798981,2020-04-11,0.9545620083808899,6,71845292.227639
30.300357,75.139544,2.6500000953674316,168.975845,2020-04-11,0.9609779715538025,5,71845292.364009
30.300284,75.10986328125,5.610000133514404,168.36231994628906,2020-04-11,0.9559680223464966,11,71845292.314413
30.300345,75.118312,2.7699999809265137,168.348694,2020-04-11,0.9515969753265381,8,71845292.450802
30.299972,75.118721,2.690000057220459,168.398911,2020-04-11,0.953253984451294,8,71845292.459068
30.300004,75.131296,2.690000057220459,168.771545,2020-04-11,0.9575989842414856,6,71845292.235903
30.299983978271484,75.139953,2.690000057220459,169.421021,2020-04-11,0.9616910219192505,5,71845292.372275
30.299909591674805,75.110269,6.400000095367432,168.984787,2020-04-11,0.9642050266265869,11,71845292.322679
30.299537658691406,75.110678,7.630000114440918,168.854034,2020-04-11,0.9557480216026306,11,71845292.330945
30.299598693847656,75.11913299560547,2.6500000953674316,168.440018,2020-04-11,0.9590569734573364,8,71845292.467334
30.29962921142578,75.131705,2.619999885559082,169.156937,2020-04-11,0.9524160027503967,6,71845292.244167
30.299610137939453,75.140362,2.6500000953674316,169.44725036621094,2020-04-11,0.9608399868011475,5,71845292.380541
30.299256,75.132114,2.619999885559082,169.057755,2020-04-11,0.9658849835395813,6,71845292.252431
30.299237,75.140771,2.759999990463257,169.370026,2020-04-11,0.9521440267562866,5,71845292.388807
30.299161911010742,75.111088,5.800000190734863,168.671356,2020-04-11,0.9627299904823303,11,71845292.339211
30.299224853515625,75.119539,2.5399999618530273,168.564514,2020-04-11,0.9502350091934204,8,71845292.4756
30.298852,75.119948,2.619999885559082,168.487732,2020-04-11,0.958791971206665,8,71845292.483866
30.29888343811035,75.132523,2.5799999237060547,169.220871,2020-04-11,0.9623559713363647,6,71845292.260695
30.298863,75.14118194580078,2.5799999237060547,169.381607,2020-04-11,0.9516519904136658,5,71845292.397073
30.298789,75.111497,5.949999809265137,168.902084,2020-04-11,0.96800297498703,11,71845292.347477
30.298416137695312,75.111906,6.210000038146973,169.842422,2020-04-11,0.9648450016975403,11,71845292.355743
30.298509,75.132931,2.5799999237060547,169.212067,2020-04-11,0.9640589952468872,6,71845292.268959
30.29848861694336,75.141589,2.5799999237060547,169.330582,2020-04-11,0.9551870226860046,5,71845292.405339
30.298135,75.13333892822266,2.690000057220459,169.302673,2020-04-11,0.960893988609314,6,71845292.277223
30.298043,75.112315,10.100000381469727,169.064209,2020-04-11,0.9564419984817505,11,71845292.364009
30.298106,75.12076568603516,2.619999885559082,168.649063,2020-04-11,0.9530220031738281,8,71845292.500398
30.297669,75.11272430419922,6.46999979019165,169.615021,2020-04-11,0.9662899971008301,11,71845292.372275
30.297732,75.121175,3.059999942779541,167.981567,2020-04-11,0.9630129933357239,8,71845292.508664
30.297761,75.133749,2.5799999237060547,169.317978,2020-04-11,0.9576799869537354,6,71845292.285487
30.297742,75.142407,2.6500000953674316,169.326523,2020-04-11,0.956142008304596,5,71845292.421871
30.29729461669922,75.113133,4.710000038146973,172.336669921875,2020-04-11,0.9617379903793335,11,71845292.380541
30.297359,75.121584,2.7699999809265137,167.721954,2020-04-11,0.9636150002479553,8,71845292.51693
30.297387,75.134158,2.690000057220459,169.134033,2020-04-11,0.9566190242767334,6,71845292.293751
30.297014236450195,75.134567,2.690000057220459,169.099625,2020-04-11,0.9605969786643982,6,71845292.302015
30.296995162963867,75.143225,2.690000057220459,169.006332,2020-04-11,0.9598209857940674,5,71845292.438403
30.29692268371582,75.113542,7.929999828338623,170.073181,2020-04-11,0.9618740081787109,11,71845292.388807
30.296548,75.113952,7.21999979019165,168.372513,2020-04-11,0.9623519778251648,11,71845292.397073
30.296611785888672,75.122402,2.8399999141693115,167.777695,2020-04-11,0.9691020250320435,8,71845292.533462
30.296640396118164,75.134976,2.619999885559082,169.017578,2020-04-11,0.9605569839477539,6,71845292.31028
30.296622,75.143634,2.7300000190734863,168.947235,2020-04-11,0.9669700264930725,5,71845292.446669
30.296172,75.114361,2.8399999141693115,168.473221,2020-04-11,0.9625030159950256,11,71845292.405339
30.296239,75.122811,2.7300000190734863,167.761414,2020-04-11,0.9678440093994141,8,71845292.541727
30.296249,75.144043,2.8399999141693115,168.890732,2020-04-11,0.9581689834594727,5,71845292.454935
30.295866012573242,75.12322235107422,2.5799999237060547,167.651917,2020-04-11,0.9644680023193359,8,71845292.549991
30.295875,75.144452,2.619999885559082,168.773041,2020-04-11,0.9613190293312073,5,71845292.463201
30.295798,75.1147689819336,2.950000047683716,168.331009,2020-04-11,0.9672470092773438,11,71845292.413605
30.295425415039062,75.115179,2.690000057220459,168.529709,2020-04-11,0.958594024181366,11,71845292.421871
30.295493,75.123629,2.619999885559082,167.730072,2020-04-11,0.9611449837684631,8,71845292.558255
30.295518,75.136203,2.690000057220459,168.929413,2020-04-11,0.9576629996299744,6,71845292.335078
30.295503,75.14485931396484,3.809999942779541,168.949966,2020-04-11,0.9519330263137817,5,71845292.471467
30.29505157470703,75.115588,2.799999952316284,168.476639,2020-04-11,0.9651479721069336,11,71845292.430137
30.295120239257812,75.124038,2.6500000953674316,167.5076904296875,2020-04-11,0.9608020186424255,8,71845292.566519
30.29514503479004,75.136612,2.619999885559082,168.908295,2020-04-11,0.9536870121955872,6,71845292.343344
30.295131,75.145269,7.96999979019165,168.885513,2020-04-11,0.9578750133514404,5,71845292.479733
30.294747,75.124447,2.690000057220459,168.399796,2020-04-11,0.9569410085678101,8,71845292.574783
30.294771194458008,75.137022,2.6500000953674316,168.844681,2020-04-11,0.955062985420227,6,71845292.35161
30.294755,75.145678,2.5799999237060547,168.729294,2020-04-11,0.9539340138435364,5,71845292.487999
30.294677734375,75.115997,2.799999952316284,168.380157,2020-04-11,0.9667159914970398,11,71845292.438403
30.294305,75.116406,2.690000057220459,168.414429,2020-04-11,0.9541720151901245,11,71845292.446669
30.294374465942383,75.124856,2.690000057220459,168.757919,2020-04-11,0.9586589932441711,8,71845292.583047
30.294397354125977,75.137431,2.619999885559082,168.933914,2020-04-11,0.9556289911270142,6,71845292.359876
30.294382095336914,75.146087,2.5799999237060547,168.857452,2020-04-11,0.9531329870223999,5,71845292.496265
30.293931,75.116815,2.619999885559082,168.459152,2020-04-11,0.961076021194458,11,71845292.454935
30.294001,75.125265,3.140000104904175,168.685837,2020-04-11,0.9598979949951172,8,71845292.591311
30.294023,75.1378402709961,2.619999885559082,169.002304,2020-04-11,0.9614239931106567,6,71845292.368142
30.294009,75.146496,2.799999952316284,168.859131,2020-04-11,0.9580910205841064,5,71845292.504531
30.293628,75.125674,2.690000057220459,168.945862,2020-04-11,0.9519100189208984,8,71845292.599575
30.293649673461914,75.138249,2.690000057220459,168.740768,2020-04-11,0.9617720246315002,6,71845292.376408
30.293635,75.146905,2.690000057220459,168.684418,2020-04-11,0.9507619738578796,5,71845292.512797
30.29355812072754,75.117224,2.759999990463257,168.522568,2020-04-11,0.9531700015068054,11,71845292.463201
30.293185,75.117633,2.619999885559082,168.48171997070312,2020-04-11,0.9559540152549744,11,71845292.471467
30.293275833129883,75.138658,2.619999885559082,168.851395,2020-04-11,0.9577280282974243,6,71845292.384674
30.293262481689453,75.147314,2.759999990463257,168.498749,2020-04-11,0.9575110077857971,5,71845292.521063
30.292903,75.139067,3.059999942779541,169.015854,2020-04-11,0.9577530026435852,6,71845292.39294
30.292811,75.118042,2.7300000190734863,168.552917,2020-04-11,0.9646639823913574,11,71845292.479733
30.29288101196289,75.126492,2.7699999809265137,168.929092,2020-04-11,0.9560700058937073,8,71845292.616103
30.292892456054688,75.147722,10.65999984741211,168.396713,2020-04-11,0.9524829983711243,5,71845292.529329
30.292508,75.126901,2.7300000190734863,168.808914,2020-04-11,0.9645410180091858,8,71845292.624367
30.29251480102539,75.148132,2.619999885559082,168.432449,2020-04-11,0.9523950219154358,5,71845292.537595
30.292438,75.118451,2.799999952316284,167.793076,2020-04-11,0.9552969932556152,11,71845292.487999
30.292064666748047,75.11885833740234,2.690000057220459,167.769272,2020-04-11,0.9597499966621399,11,71845292.496265
30.292137145996094,75.12731170654297,7.929999828338623,168.8540802001953,2020-04-11,0.9690930247306824,8,71845292.632631
30.292155,75.13988494873047,2.7300000190734863,168.581589,2020-04-11,0.9570410251617432,6,71845292.409472
30.292142,75.148541,2.7300000190734863,168.357864,2020-04-11,0.9576860070228577,5,71845292.545859
30.29178237915039,75.140294,2.759999990463257,168.464142,2020-04-11,0.959426999092102,6,71845292.417738
30.29176902770996,75.1489486694336,2.5399999618530273,168.487854,2020-04-11,0.9563869833946228,5,71845292.554123
30.291691,75.119269,2.6500000953674316,167.841553,2020-04-11,0.9605000019073486,11,71845292.504531
30.291762,75.127719,2.7699999809265137,169.117371,2020-04-11,0.9664049744606018,8,71845292.640895
30.2913875579834,75.128128,2.9100000858306885,168.944443,2020-04-11,0.9684159755706787,8,71845292.649159
30.291408,75.140703,2.5799999237060547,168.433838,2020-04-11,0.9550099968910217,6,71845292.426004
30.291396,75.149359,2.6500000953674316,168.359512,2020-04-11,0.9512609839439392,5,71845292.562387
30.291318,75.119678,2.8399999141693115,167.897736,2020-04-11,0.9616320133209229,11,71845292.512797
30.290945053100586,75.120087,2.619999885559082,168.559174,2020-04-11,0.9617779850959778,11,71845292.521063
30.291015,75.128537,2.5799999237060547,169.055405,2020-04-11,0.9652559757232666,8,71845292.657423
30.291038,75.141111,9.050000190734863,168.25502014160156,2020-04-11,0.959011971950531,6,71845292.43427
30.290661,75.141521,2.619999885559082,168.329727,2020-04-11,0.9500759840011597,6,71845292.442536
30.2906494140625,75.150176,2.9100000858306885,168.492935,2020-04-11,0.9545909762382507,5,71845292.578915
30.290572,75.120496,2.759999990463257,168.586838,2020-04-11,0.9577440023422241,11,71845292.529329
30.29064178466797,75.128946,2.690000057220459,169.03421020507812,2020-04-11,0.9526479840278625,8,71845292.665687
30.290269,75.129355,2.7300000190734863,169.129623,2020-04-11,0.9523850083351135,8,71845292.673951
30.290199,75.120905,2.690000057220459,168.575867,2020-04-11,0.954695999622345,11,71845292.537595
30.289895,75.129764,2.6500000953674316,169.045685,2020-04-11,0.9587259888648987,8,71845292.682215
30.289907455444336,75.150993,9.09000015258789,171.538223,2020-04-11,0.968254029750824,5,71845292.595443
30.289541244506836,75.142747,2.9100000858306885,168.27272033691406,2020-04-11,0.9627320170402527,6,71845292.467334
30.28952980041504,75.151403,2.6500000953674316,168.714584,2020-04-11,0.9569100141525269,5,71845292.603707
30.289451599121094,75.121723,2.8399999141693115,168.669769,2020-04-11,0.95033198595047,11,71845292.554123
30.289522171020508,75.130173,2.690000057220459,169.163406,2020-04-11,0.9614740014076233,8,71845292.690479
30.289168,75.143156,2.619999885559082,168.193039,2020-04-11,0.9597970247268677,6,71845292.4756
30.289155960083008,75.151812,2.6500000953674316,168.539673,2020-04-11,0.9633139967918396,5,71845292.611971
30.289079666137695,75.122132,3.0299999713897705,168.565567,2020-04-11,0.9636819958686829,11,71845292.562387
30.288705825805664,75.122541,2.799999952316284,168.728271,2020-04-11,0.9704660177230835,11,71845292.570651
30.28877830505371,75.130991,5.199999809265137,169.196198,2020-04-11,0.9608349800109863,8,71845292.707007
30.288793563842773,75.143565,2.6500000953674316,168.22496032714844,2020-04-11,0.9521340131759644,6,71845292.483866
30.288783,75.152221,2.5799999237060547,168.562943,2020-04-11,0.9662010073661804,5,71845292.620235
30.288402557373047,75.13140106201172,3.3299999237060547,169.278732,2020-04-11,0.9584460258483887,8,71845292.715271
30.288421630859375,75.14397430419922,3.0299999713897705,168.367157,2020-04-11,0.9682459831237793,6,71845292.492132
30.288409,75.152629,2.6500000953674316,168.635208,2020-04-11,0.9518560171127319,5,71845292.628499
30.288333,75.1229476928711,2.6500000953674316,168.73760986328125,2020-04-11,0.9618769884109497,11,71845292.578915
30.287960052490234,75.123359,2.619999885559082,168.774246,2020-04-11,0.9623090028762817,11,71845292.587179
30.288049697875977,75.144383,5.949999809265137,169.413818,2020-04-11,0.9571729898452759,6,71845292.500398
30.288036346435547,75.153038,2.619999885559082,168.715744,2020-04-11,0.9530090093612671,5,71845292.636763
30.287587,75.123768,2.690000057220459,168.780212,2020-04-11,0.9653120040893555,11,71845292.595443
30.287656,75.132219,2.690000057220459,168.173019,2020-04-11,0.958965003490448,8,71845292.731799
30.287677764892578,75.144791,8.869999885559082,169.569946,2020-04-11,0.9607359766960144,6,71845292.508664
30.287282943725586,75.132628,2.7300000190734863,168.388199,2020-04-11,0.9618430137634277,8,71845292.740063
30.287288665771484,75.153856,2.759999990463257,168.599594,2020-04-11,0.9582769870758057,5,71845292.653291
30.287214279174805,75.124177,2.6500000953674316,169.083649,2020-04-11,0.9616609811782837,11,71845292.603707
30.286845,75.124586,11.640000343322754,169.368469,2020-04-11,0.9580299854278564,11,71845292.611971
30.286909103393555,75.133037,2.690000057220459,168.317627,2020-04-11,0.9630399942398071,8,71845292.748327
30.286929,75.1456069946289,4.639999866485596,168.121674,2020-04-11,0.9603959918022156,6,71845292.525196
30.286916,75.154265,2.619999885559082,168.803864,2020-04-11,0.9636290073394775,5,71845292.661555
30.28647232055664,75.124995,12.680000305175781,168.795166,2020-04-11,0.9663820266723633,11,71845292.620235
30.286537170410156,75.1334457397461,2.690000057220459,168.3752899169922,2020-04-11,0.9619470238685608,8,71845292.756591
30.286555,75.146019,2.690000057220459,167.975998,2020-04-11,0.964335024356842,6,71845292.533462
30.286542892456055,75.154674,2.759999990463257,168.864655,2020-04-11,0.9583560228347778,5,71845292.669819
30.286164,75.133855,2.5799999237060547,168.460709,2020-04-11,0.956637978553772,8,71845292.764855
30.286182403564453,75.146428,2.759999990463257,168.083527,2020-04-11,0.9630209803581238,6,71845292.541727
30.286169052124023,75.155083,4.449999809265137,169.209045,2020-04-11,0.9593629837036133,5,71845292.678083
30.286094,75.12540435791016,2.759999990463257,168.756027,2020-04-11,0.963267982006073,11,71845292.628499
30.285721,75.125813,2.759999990463257,168.728134,2020-04-11,0.9658380150794983,11,71845292.636763
30.285792,75.134264,2.7300000190734863,168.225296,2020-04-11,0.9553189873695374,8,71845292.773119
30.285813,75.146836,12.119999885559082,168.001953,2020-04-11,0.9563500285148621,6,71845292.549991
30.285799026489258,75.155491,8.600000381469727,169.67481994628906,2020-04-11,0.9658780097961426,5,71845292.686347
30.285348,75.126222,3.0299999713897705,169.041656,2020-04-11,0.9667999744415283,11,71845292.645027
30.285419,75.13467407226562,2.7300000190734863,168.41864013671875,2020-04-11,0.957243025302887,8,71845292.781383
30.285438537597656,75.147245,12.079999923706055,168.170792,2020-04-11,0.9607909917831421,6,71845292.558255
30.285045623779297,75.135083,2.7300000190734863,168.405914,2020-04-11,0.9577720165252686,8,71845292.789647
30.285062,75.147654,2.759999990463257,168.246536,2020-04-11,0.9548709988594055,6,71845292.566519
30.285049,75.15631103515625,2.7300000190734863,168.959412,2020-04-11,0.958204984664917,5,71845292.702875
30.284974,75.126631,2.7300000190734863,168.264313,2020-04-11,0.9581239819526672,11,71845292.653291
30.28460121154785,75.12703704833984,2.799999952316284,168.084625,2020-04-11,0.9623399972915649,11,71845292.661555
30.284673,75.135492,2.7300000190734863,168.267212,2020-04-11,0.9570440053939819,8,71845292.797911
30.28468894958496,75.148063,2.5399999618530273,168.3340301513672,2020-04-11,0.958391010761261,6,71845292.574783
30.28467559814453,75.156719,2.6500000953674316,168.947509765625,2020-04-11,0.9584689736366272,5,71845292.711139
30.284228,75.127449,2.7300000190734863,168.002319,2020-04-11,0.9609050154685974,11,71845292.669819
30.28431510925293,75.148472,2.759999990463257,168.332657,2020-04-11,0.9570090174674988,6,71845292.583047
30.283942,75.148881,2.6500000953674316,168.186096,2020-04-11,0.9527310132980347,6,71845292.591311
30.28385353088379,75.127858,2.619999885559082,168.138168,2020-04-11,0.9610459804534912,11,71845292.678083
30.283481,75.128267,2.759999990463257,168.105408,2020-04-11,0.9664899706840515,11,71845292.686347
30.283555,75.136719,2.690000057220459,168.215027,2020-04-11,0.9610450267791748,8,71845292.822703
30.283571243286133,75.149289,6.429999828338623,168.930389,2020-04-11,0.9568259716033936,6,71845292.599575
30.28355598449707,75.157946,2.619999885559082,168.949402,2020-04-11,0.9522309899330139,5,71845292.735931
30.283196,75.149698,2.6500000953674316,168.481461,2020-04-11,0.9547759890556335,6,71845292.607839
30.283183,75.158355,2.619999885559082,168.938614,2020-04-11,0.9538869857788086,5,71845292.744195
30.28310775756836,75.128676,2.759999990463257,168.222626,2020-04-11,0.962207019329071,11,71845292.694611
30.283183,75.137128,2.7300000190734863,168.178543,2020-04-11,0.9586650133132935,8,71845292.830967
30.282821655273438,75.150107,2.6500000953674316,168.600494,2020-04-11,0.9603859782218933,6,71845292.616103
30.28281021118164,75.158764,2.5799999237060547,168.90538024902344,2020-04-11,0.9585099816322327,5,71845292.752459
30.282735,75.129085,2.759999990463257,168.086761,2020-04-11,0.9683359861373901,11,71845292.702875
30.28236198425293,75.129494,3.0299999713897705,167.912018,2020-04-11,0.9538180232048035,11,71845292.711139
30.282442092895508,75.137947,11.600000381469727,168.092392,2020-04-11,0.9628639817237854,8,71845292.847495
30.282449,75.150516,2.6500000953674316,168.629059,2020-04-11,0.9540519714355469,6,71845292.624367
30.282437,75.159173,2.619999885559082,168.850006,2020-04-11,0.9682779908180237,5,71845292.760723
30.282065,75.138356,2.799999952316284,167.959076,2020-04-11,0.9563069939613342,8,71845292.855759
30.281702041625977,75.151334,2.7300000190734863,168.435547,2020-04-11,0.9591169953346252,6,71845292.640895
30.281691,75.159991,2.7300000190734863,168.843475,2020-04-11,0.9505760073661804,5,71845292.777251
30.281243,75.130721,2.8399999141693115,167.952301,2020-04-11,0.9590209722518921,11,71845292.735931
30.281323,75.139174,8.1899995803833,167.658585,2020-04-11,0.9560689926147461,8,71845292.872287
30.281329,75.151743,2.690000057220459,168.701248,2020-04-11,0.9552500247955322,6,71845292.649159
30.281318,75.160400390625,2.5799999237060547,168.786636,2020-04-11,0.9592289924621582,5,71845292.785515
30.280956268310547,75.152152,2.5799999237060547,168.702866,2020-04-11,0.9565969705581665,6,71845292.657423
30.28094482421875,75.160809,2.690000057220459,168.913864,2020-04-11,0.9555559754371643,5,71845292.793779
30.28087043762207,75.131131,2.799999952316284,167.985855,2020-04-11,0.9590970277786255,11,71845292.744195
30.280582427978516,75.15255737304688,2.7300000190734863,168.472519,2020-04-11,0.9553760290145874,6,71845292.665687
30.280574798583984,75.161217,8.1899995803833,168.914902,2020-04-11,0.9613890051841736,5,71845292.802043
30.28049659729004,75.13153839111328,2.7300000190734863,167.988022,2020-04-11,0.9598150253295898,11,71845292.752459
30.280124,75.131949,2.759999990463257,167.943802,2020-04-11,0.9624419808387756,11,71845292.760723
30.280208587646484,75.152969,2.5799999237060547,168.531525,2020-04-11,0.9588549733161926,6,71845292.673951
30.280199,75.161627,2.6500000953674316,169.23995971679688,2020-04-11,0.9546840190887451,5,71845292.810307
30.279834747314453,75.153378,2.7300000190734863,168.564011,2020-04-11,0.9562090039253235,6,71845292.682215
30.279826,75.162036,2.7300000190734863,168.899994,2020-04-11,0.9528849720954895,5,71845292.818571
30.279751,75.132358,2.759999990463257,167.96224975585938,2020-04-11,0.956728994846344,11,71845292.768987
30.279378,75.132767,2.7300000190734863,167.984772,2020-04-11,0.9561219811439514,11,71845292.777251
30.279458,75.141219,2.5399999618530273,167.304535,2020-04-11,0.9625740051269531,8,71845292.913607
30.279454,75.16244506835938,2.690000057220459,168.93399047851562,2020-04-11,0.9504669904708862,5,71845292.826835
30.27900505065918,75.133176,2.7300000190734863,167.614685,2020-04-11,0.9607369899749756,11,71845292.785515
30.279086,75.141628,2.6500000953674316,167.712738,2020-04-11,0.9605680108070374,8,71845292.921871
30.279088973999023,75.154196,2.6500000953674316,169.140472,2020-04-11,0.9538710117340088,6,71845292.698743
30.279081344604492,75.162854,2.690000057220459,168.870468,2020-04-11,0.9612429738044739,5,71845292.835099
30.278714,75.142037,2.619999885559082,167.665909,2020-04-11,0.9582949876785278,8,71845292.930135
30.278716,75.154605,2.619999885559082,169.123047,2020-04-11,0.9599140286445618,6,71845292.707007
30.278714,75.163262,14.670000076293945,169.193787,2020-04-11,0.9541800022125244,5,71845292.843363
30.278632,75.133585,2.690000057220459,167.598007,2020-04-11,0.9646720290184021,11,71845292.793779
30.278259,75.133994,2.690000057220459,167.479553,2020-04-11,0.9576299786567688,11,71845292.802043
30.278342,75.142446,2.619999885559082,167.883408,2020-04-11,0.9569680094718933,8,71845292.938399
30.278344,75.15501403808594,3.930000066757202,170.2532196044922,2020-04-11,0.9587600231170654,6,71845292.715271
30.27788734436035,75.134403,2.759999990463257,167.461502,2020-04-11,0.9534549713134766,11,71845292.810307
30.277969,75.142855,2.799999952316284,167.928818,2020-04-11,0.9572340250015259,8,71845292.946663
30.277969360351562,75.155423,2.5,170.194229,2020-04-11,0.9576129913330078,6,71845292.723535
30.277597427368164,75.143264,2.619999885559082,167.804001,2020-04-11,0.9605230093002319,8,71845292.954927
30.277593,75.16448974609375,2.990000009536743,172.316223,2020-04-11,0.9507150053977966,5,71845292.868155
30.27751350402832,75.134812,2.880000114440918,167.303467,2020-04-11,0.9656109809875488,11,71845292.818571
30.277141571044922,75.135222,2.619999885559082,167.47640991210938,2020-04-11,0.9597809910774231,11,71845292.826835
30.277223587036133,75.143673,2.8399999141693115,167.670792,2020-04-11,0.9601529836654663,8,71845292.963191
30.277219,75.164899,2.5799999237060547,170.930161,2020-04-11,0.9614740014076233,5,71845292.876419
30.276769,75.135631,2.759999990463257,167.472244,2020-04-11,0.960997998714447,11,71845292.835099
30.276851654052734,75.144082,2.6500000953674316,167.783447,2020-04-11,0.9616960287094116,8,71845292.971455
30.276845932006836,75.165308,2.7300000190734863,168.987488,2020-04-11,0.9611189961433411,5,71845292.884683
30.276479721069336,75.144491,3.440000057220459,167.917053,2020-04-11,0.95107501745224,8,71845292.979719
30.27647590637207,75.157059,2.7300000190734863,168.568054,2020-04-11,0.9624170064926147,6,71845292.756591
30.276473999023438,75.165717,2.7300000190734863,168.664398,2020-04-11,0.9563900232315063,5,71845292.892947
30.276397,75.13603973388672,2.6500000953674316,167.541458,2020-04-11,0.958279013633728,11,71845292.843363
30.276023864746094,75.136449,2.7300000190734863,167.403107,2020-04-11,0.952489972114563,11,71845292.851627
30.276103,75.157468,2.5399999618530273,168.535767,2020-04-11,0.9558789730072021,6,71845292.764855
30.276101,75.166126,2.5399999618530273,168.663437,2020-04-11,0.9605370163917542,5,71845292.901211
30.275651931762695,75.136858,2.759999990463257,167.3776397705078,2020-04-11,0.9700689911842346,11,71845292.859891
30.27573013305664,75.157877,2.759999990463257,168.267471,2020-04-11,0.9594799876213074,6,71845292.773119
30.275357,75.158286,2.7300000190734863,168.244293,2020-04-11,0.9553490281105042,6,71845292.781383
30.27535629272461,75.166944,2.7300000190734863,168.120789,2020-04-11,0.9555140137672424,5,71845292.917739
30.275279,75.137267,2.6500000953674316,167.429092,2020-04-11,0.9609630107879639,11,71845292.868155
30.274907,75.137676,2.799999952316284,167.499619,2020-04-11,0.9561370015144348,11,71845292.876419
30.27498435974121,75.158694,2.690000057220459,168.437546,2020-04-11,0.9577490091323853,6,71845292.789647
30.27498435974121,75.167352,2.7300000190734863,168.159195,2020-04-11,0.9619060158729553,5,71845292.926003
30.274611,75.159103,2.619999885559082,168.47463989257812,2020-04-11,0.9607729911804199,6,71845292.797911
30.274611,75.167761,2.5799999237060547,168.32518005371094,2020-04-11,0.9521070122718811,5,71845292.934267
30.274535,75.138085,2.7300000190734863,167.479385,2020-04-11,0.9605399966239929,11,71845292.884683
30.274616241455078,75.146534,2.619999885559082,167.847366,2020-04-11,0.9535459876060486,8,71845293.021039
30.27424430847168,75.146943,2.5399999618530273,168.041107,2020-04-11,0.9563040137290955,8,71845293.029303
30.274241,75.16816711425781,5.949999809265137,168.778458,2020-04-11,0.9553350210189819,5,71845292.942531
30.27416229248047,75.138494,2.7300000190734863,167.620804,2020-04-11,0.9596819877624512,11,71845292.892947
30.27379035949707,75.138903,2.950000047683716,167.334213,2020-04-11,0.9617499709129333,11,71845292.901211
30.273868560791016,75.168578,8.010000228881836,168.825928,2020-04-11,0.9586570262908936,5,71845292.950795
30.27349281311035,75.16033172607422,2.7300000190734863,167.762497,2020-04-11,0.9639620184898376,6,71845292.822703
30.273418426513672,75.139312,2.7300000190734863,167.3814697265625,2020-04-11,0.9557989835739136,11,71845292.909475
30.27312469482422,75.148169,2.6500000953674316,168.239685,2020-04-11,0.9513239860534668,8,71845293.054095
30.273120880126953,75.160739,2.5799999237060547,167.506973,2020-04-11,0.9582489728927612,6,71845292.830967
30.273049,75.139721,8.1899995803833,168.849899,2020-04-11,0.962906002998352,11,71845292.917739
30.272674,75.14012908935547,4.75,167.403656,2020-04-11,0.97011399269104,11,71845292.926003
30.272752,75.148577,2.619999885559082,168.137924,2020-04-11,0.957617998123169,8,71845293.062359
30.272751,75.161148,9.050000190734863,168.916214,2020-04-11,0.9642149806022644,6,71845292.839231
30.272380828857422,75.148986,2.7699999809265137,168.0277099609375,2020-04-11,0.9516000151634216,8,71845293.070623
30.272378,75.170214,5.980000019073486,168.689697,2020-04-11,0.9637439846992493,5,71845292.983851
30.272301,75.140539,2.759999990463257,167.472778,2020-04-11,0.9614480137825012,11,71845292.934267
30.271928,75.140948,2.759999990463257,167.489792,2020-04-11,0.9584590196609497,11,71845292.942531
30.27200698852539,75.149394,2.6500000953674316,168.103516,2020-04-11,0.9581649899482727,8,71845293.078887
30.272004,75.170623,2.619999885559082,168.4213104248047,2020-04-11,0.9578350186347961,5,71845292.992115
30.271634,75.149803,2.619999885559082,168.061707,2020-04-11,0.9563900232315063,8,71845293.087151
30.27126121520996,75.150211,2.6500000953674316,168.141083,2020-04-11,0.9567019939422607,8,71845293.095415
30.271259,75.162784,2.619999885559082,171.59609985351562,2020-04-11,0.9615380167961121,6,71845292.872287
30.271262,75.171439,11.260000228881836,168.677353,2020-04-11,0.9633070230484009,5,71845293.008643
30.271184,75.141766,2.619999885559082,167.514954,2020-04-11,0.9686509966850281,11,71845292.959059
30.270811080932617,75.142175,2.880000114440918,167.345444,2020-04-11,0.965973973274231,11,71845292.967323
30.270889282226562,75.163192,12.949999809265137,168.310028,2020-04-11,0.9578620195388794,6,71845292.880551
30.270889282226562,75.171847,13.619999885559082,168.5486602783203,2020-04-11,0.9604989886283875,5,71845293.016907
30.270439,75.142584,2.7300000190734863,167.381668,2020-04-11,0.9661200046539307,11,71845292.975587
30.270517349243164,75.172256,12.15999984741211,168.521729,2020-04-11,0.9549379944801331,5,71845293.025171
30.270143,75.15143585205078,5.539999961853027,167.666199,2020-04-11,0.9626309871673584,8,71845293.120207
30.270156,75.164008,34.689999,168.265869,2020-04-11,0.9675559997558594,6,71845292.897079
30.270143,75.172665,7.96999979019165,171.230515,2020-04-11,0.957705020904541,5,71845293.033435
30.270066,75.142992,2.7300000190734863,167.473999,2020-04-11,0.9601960182189941,11,71845292.983851
30.269694,75.143401,2.6500000953674316,167.584259,2020-04-11,0.9517170190811157,11,71845292.992115
30.269769,75.151845,3.6600000858306885,167.845322,2020-04-11,0.9615700244903564,8,71845293.128471
30.26932144165039,75.14380645751953,2.8399999141693115,167.192551,2020-04-11,0.9626560211181641,11,71845293.000379
30.269397,75.152253,4.639999866485596,169.089478,2020-04-11,0.9690300226211548,8,71845293.136735
30.269425,75.164824,69.839996,167.579712,2020-04-11,0.9558230042457581,6,71845292.913607
30.269025,75.152662,4.449999809265137,170.31488037109375,2020-04-11,0.9677039980888367,8,71845293.144999
30.269023895263672,75.17388916015625,3.5899999141693115,174.221954,2020-04-11,0.9524980187416077,5,71845293.058227
30.26894760131836,75.144219,2.690000057220459,167.146301,2020-04-11,0.9627019762992859,11,71845293.008643
30.26857566833496,75.144627,2.6500000953674316,167.042389,2020-04-11,0.9580960273742676,11,71845293.016907
30.26865005493164,75.15306854248047,3.140000104904175,168.515366,2020-04-11,0.9647120237350464,8,71845293.153263
30.268651962280273,75.174298,10.850000381469727,168.73587036132812,2020-04-11,0.9619749784469604,5,71845293.066491
30.268203,75.145036,2.690000057220459,167.039551,2020-04-11,0.9544399976730347,11,71845293.025171
30.268277,75.153479,2.619999885559082,169.878082,2020-04-11,0.9644799828529358,8,71845293.161527
30.267909,75.153887,12.390000343322754,170.305801,2020-04-11,0.9584940075874329,8,71845293.169791
30.267908096313477,75.166464,7.480000019073486,168.230667,2020-04-11,0.9563080072402954,6,71845292.946663
30.26782989501953,75.145444,2.880000114440918,166.5970001220703,2020-04-11,0.9609540104866028,11,71845293.033435
30.267457,75.145853,2.759999990463257,166.784821,2020-04-11,0.9543039798736572,11,71845293.041699
30.267531,75.154296,3.180000066757202,169.290024,2020-04-11,0.9569609761238098,8,71845293.178055
30.267528533935547,75.175524,2.619999885559082,169.213745,2020-04-11,0.9566929936408997,5,71845293.091283
30.267167,75.167281,14.970000267028809,168.409775,2020-04-11,0.9678270220756531,6,71845292.963191
30.267161,75.175932,8.640000343322754,173.423569,2020-04-11,0.9599249958992004,5,71845293.099547
30.26715660095215,75.154704,2.7300000190734863,168.986893,2020-04-11,0.9521459937095642,8,71845293.186319
30.266784,75.155113,2.619999885559082,168.970215,2020-04-11,0.96527498960495,8,71845293.194583
30.26679229736328,75.16768646240234,10.890000343322754,168.396240234375,2020-04-11,0.95899498462677,6,71845292.971455
30.266789,75.17633819580078,3.509999990463257,181.566925,2020-04-11,0.950639009475708,5,71845293.107811
30.266339,75.147079,2.8399999141693115,167.063431,2020-04-11,0.9583699703216553,11,71845293.066491
30.266411,75.155521,2.799999952316284,168.288422,2020-04-11,0.9600139856338501,8,71845293.202847
30.266419,75.168099,10.550000190734863,168.235519,2020-04-11,0.9582489728927612,6,71845292.979719
30.266038,75.15592956542969,2.619999885559082,168.160263,2020-04-11,0.956616997718811,8,71845293.211111
30.266048431396484,75.168507,12.649999618530273,168.141785,2020-04-11,0.9612640142440796,6,71845292.987983
30.26596450805664,75.147487,2.990000009536743,166.078033,2020-04-11,0.9547650218009949,11,71845293.074755
30.265666961669922,75.156339,8.119999885559082,168.12557983398438,2020-04-11,0.9532129764556885,8,71845293.219375
30.265672,75.168916,5.570000171661377,168.745377,2020-04-11,0.9521560072898865,6,71845292.996247
30.265592575073242,75.147895,4.21999979019165,166.135727,2020-04-11,0.9585189819335938,11,71845293.083019
30.265220642089844,75.148304,2.799999952316284,166.249222,2020-04-11,0.9506400227546692,11,71845293.091283
30.265294,75.156747,6.880000114440918,168.592789,2020-04-11,0.9531570076942444,8,71845293.227639
30.265302,75.169324,11.40999984741211,168.638763,2020-04-11,0.9517880082130432,6,71845293.004511
30.264919,75.157156,2.690000057220459,168.140976,2020-04-11,0.9568859934806824,8,71845293.235903
30.264928817749023,75.169733,11.300000190734863,168.544189,2020-04-11,0.9636210203170776,6,71845293.012775
30.264846801757812,75.148712,2.690000057220459,166.344513,2020-04-11,0.9627990126609802,11,71845293.099547
30.264474,75.149121,2.8399999141693115,166.169769,2020-04-11,0.9559810161590576,11,71845293.107811
30.264546,75.157564,2.9100000858306885,168.194275,2020-04-11,0.9554889798164368,8,71845293.244167
30.264551162719727,75.17878723144531,3.2100000381469727,184.476425,2020-04-11,0.9555019736289978,5,71845293.157395
30.26409912109375,75.149529,2.6500000953674316,166.411301,2020-04-11,0.9576470255851746,11,71845293.116075
30.264173,75.157973,2.690000057220459,168.033478,2020-04-11,0.9590539932250977,8,71845293.252431
30.264183044433594,75.17054748535156,10.550000190734863,168.376022,2020-04-11,0.9623010158538818,6,71845293.029303
30.264176,75.179198,9.579999923706055,175.353226,2020-04-11,0.9546859860420227,5,71845293.165659
30.2637996673584,75.158382,2.8399999141693115,167.416885,2020-04-11,0.9571139812469482,8,71845293.260695
30.263801,75.179607,9.279999732971191,169.130966,2020-04-11,0.9513310194015503,5,71845293.173923
30.26372718811035,75.149938,2.799999952316284,166.152222,2020-04-11,0.9574959874153137,11,71845293.124339
30.263354,75.150346,2.8399999141693115,166.254272,2020-04-11,0.9526820182800293,11,71845293.132603
30.263425827026367,75.1587905883789,2.880000114440918,166.803162,2020-04-11,0.9624630212783813,8,71845293.268959
30.263425827026367,75.18001556396484,5.829999923706055,169.142288,2020-04-11,0.9569180011749268,5,71845293.182187
30.262983322143555,75.150755,5.800000190734863,166.126572,2020-04-11,0.9603610038757324,11,71845293.140867
30.263053,75.159199,2.690000057220459,166.436462,2020-04-11,0.9598879814147949,8,71845293.277223
30.263063430786133,75.171775,8.119999885559082,168.27597045898438,2020-04-11,0.9504380226135254,6,71845293.054095
30.26305389404297,75.180424,6.769999980926514,170.407974,2020-04-11,0.9534770250320435,5,71845293.190451
30.262680053710938,75.159608,2.690000057220459,166.480423,2020-04-11,0.9574379920959473,8,71845293.285487
30.26260757446289,75.151163,2.7300000190734863,166.13619995117188,2020-04-11,0.957319974899292,11,71845293.149131
30.262237548828125,75.151571,5.650000095367432,166.656555,2020-04-11,0.9563469886779785,11,71845293.157395
30.262319,75.172592,11.0,169.280609,2020-04-11,0.9539909958839417,6,71845293.070623
30.262305,75.181241,2.5,168.470337,2020-04-11,0.9512730240821838,5,71845293.206979
30.26186180114746,75.1519775390625,2.880000114440918,166.632858,2020-04-11,0.9657120108604431,11,71845293.165659
30.261939,75.160425,11.300000190734863,168.478287,2020-04-11,0.9596689939498901,8,71845293.302015
30.26194190979004,75.173001,2.5399999618530273,168.523682,2020-04-11,0.956570029258728,6,71845293.078887
30.261932373046875,75.18164825439453,2.6500000953674316,168.605835,2020-04-11,0.9551389813423157,5,71845293.215243
30.261558532714844,75.182058,2.799999952316284,168.678696,2020-04-11,0.9529309868812561,5,71845293.223507
30.26111602783203,75.152797,2.799999952316284,166.846024,2020-04-11,0.9520679712295532,11,71845293.182187
30.261186,75.182467,2.950000047683716,169.318176,2020-04-11,0.9609330296516418,5,71845293.231771
30.260816,75.182875,12.119999885559082,168.146652,2020-04-11,0.9690390229225159,5,71845293.240035
30.260743,75.153205,2.690000057220459,166.888779,2020-04-11,0.9645050168037415,11,71845293.190451
30.260455,75.174633,14.40999984741211,169.250748,2020-04-11,0.9691780209541321,6,71845293.111943
30.260438919067383,75.183284,2.619999885559082,167.856094,2020-04-11,0.9560480117797852,5,71845293.248299
30.2603702545166,75.153614,2.690000057220459,167.03330993652344,2020-04-11,0.9542809724807739,11,71845293.198715
30.259997,75.154022,2.759999990463257,167.107376,2020-04-11,0.9537879824638367,11,71845293.206979
30.260066,75.183693,2.7300000190734863,167.124878,2020-04-11,0.9525279998779297,5,71845293.256563
30.259692,75.184101,2.619999885559082,167.107361,2020-04-11,0.9563390016555786,5,71845293.264827
30.259624481201172,75.154431,2.8399999141693115,166.861572,2020-04-11,0.9511359930038452,11,71845293.215243
30.259332,75.175859,4.369999885559082,170.901764,2020-04-11,0.9565719962120056,6,71845293.136735
30.259251,75.15483856201172,2.8399999141693115,166.769806,2020-04-11,0.9560499787330627,11,71845293.223507
30.258878,75.155248,2.759999990463257,166.865677,2020-04-11,0.9601719975471497,11,71845293.231771
30.258962,75.176267,4.110000133514404,179.266983,2020-04-11,0.9555010199546814,6,71845293.144999
30.258947372436523,75.184918,2.7300000190734863,167.240723,2020-04-11,0.9576280117034912,5,71845293.281355
30.258591,75.176675,3.059999942779541,183.86495971679688,2020-04-11,0.9628099799156189,6,71845293.153263
30.258573,75.185327,2.7300000190734863,167.054657,2020-04-11,0.9528070092201233,5,71845293.289619
30.25850486755371,75.155657,2.880000114440918,166.882904,2020-04-11,0.9599829912185669,11,71845293.240035
30.258216,75.177083,7.03000020980835,176.737946,2020-04-11,0.9636610150337219,6,71845293.161527
30.258207321166992,75.185734,17.440001,166.999954,2020-04-11,0.9597799777984619,5,71845293.297883
30.258132,75.156065,2.690000057220459,166.951767,2020-04-11,0.9613649845123291,11,71845293.248299
30.257759,75.156474,2.799999952316284,166.804001,2020-04-11,0.9654160141944885,11,71845293.256563
30.257841110229492,75.177492,3.5899999141693115,175.378372,2020-04-11,0.9639689922332764,6,71845293.169791
30.257834,75.186142,17.440001,167.057144,2020-04-11,0.9625130295753479,5,71845293.306147
30.257455,75.186552,2.6500000953674316,167.758331,2020-04-11,0.9631199836730957,5,71845293.314413
30.257386,75.156883,2.5799999237060547,167.028214,2020-04-11,0.9596030116081238,11,71845293.264827
30.25701332092285,75.157291,2.7300000190734863,167.108856,2020-04-11,0.9605990052223206,11,71845293.273091
30.257087,75.165737,2.5399999618530273,167.941681,2020-04-11,0.9503800272941589,8,71845293.409472
30.257096,75.178309,6.46999979019165,175.101974,2020-04-11,0.9625329971313477,6,71845293.186319
30.25663948059082,75.15769958496094,2.690000057220459,167.011002,2020-04-11,0.9544389843940735,11,71845293.281355
30.2567138671875,75.16614532470703,2.5399999618530273,167.959457,2020-04-11,0.9635099768638611,8,71845293.417738
30.256709,75.187369,2.619999885559082,168.847382,2020-04-11,0.9570140242576599,5,71845293.330945
30.256343841552734,75.166554,7.369999885559082,169.742508,2020-04-11,0.9612630009651184,8,71845293.426004
30.256336212158203,75.187778,2.990000009536743,168.535583,2020-04-11,0.9574019908905029,5,71845293.339211
30.256267,75.158108,2.799999952316284,167.160324,2020-04-11,0.9595789909362793,11,71845293.289619
30.25589370727539,75.158517,2.7300000190734863,167.22402954101562,2020-04-11,0.9526820182800293,11,71845293.297883
30.255971908569336,75.166962,9.020000457763672,169.553696,2020-04-11,0.9595040082931519,8,71845293.43427
30.255977,75.179534,13.920000076293945,170.078873,2020-04-11,0.9631339907646179,6,71845293.211111
30.255963,75.188187,2.7300000190734863,168.466873,2020-04-11,0.9538729786872864,5,71845293.347477
30.255521774291992,75.158926,2.880000114440918,166.989166,2020-04-11,0.9626110196113586,11,71845293.306147
30.255596160888672,75.16737365722656,2.6500000953674316,171.17453002929688,2020-04-11,0.9635469913482666,8,71845293.442536
30.255605,75.179942,15.789999961853027,168.606781,2020-04-11,0.9708009958267212,6,71845293.219375
30.255590438842773,75.188595,2.990000009536743,168.950485,2020-04-11,0.9558339715003967,5,71845293.355743
30.255223,75.167779,2.619999885559082,171.396194,2020-04-11,0.9600200057029724,8,71845293.450802
30.255149,75.159334,2.950000047683716,166.742889,2020-04-11,0.9655309915542603,11,71845293.314413
30.254779,75.159743,10.029999732971191,166.980011,2020-04-11,0.9670150279998779,11,71845293.322679
30.254851,75.168187,3.0999999046325684,171.627075,2020-04-11,0.953108012676239,8,71845293.459068
30.254409,75.160152,17.100000381469727,166.884766,2020-04-11,0.9668629765510559,11,71845293.330945
30.254479,75.168595,5.760000228881836,171.681168,2020-04-11,0.9556130170822144,8,71845293.467334
30.254471,75.1898193359375,2.619999885559082,168.902542,2020-04-11,0.9520419836044312,5,71845293.380541
30.254106521606445,75.169003,10.65999984741211,168.365662,2020-04-11,0.962228000164032,8,71845293.4756
30.25411033630371,75.181576,8.829999923706055,168.887848,2020-04-11,0.9679629802703857,6,71845293.252431
30.254031,75.16056060791016,2.690000057220459,170.040359,2020-04-11,0.9592419862747192,11,71845293.339211
30.253661,75.160969,11.1899995803833,167.096863,2020-04-11,0.9658359885215759,11,71845293.347477
30.253739,75.181985,13.579999923706055,169.6182403564453,2020-04-11,0.9544140100479126,6,71845293.260695
30.253726,75.190637,4.449999809265137,168.825027,2020-04-11,0.9560359716415405,5,71845293.397073
30.253286361694336,75.161378,6.400000095367432,167.615662,2020-04-11,0.9666730165481567,11,71845293.355743
30.253362,75.1698226928711,12.050000190734863,168.154037,2020-04-11,0.9616219997406006,8,71845293.492132
30.253366470336914,75.182393,13.84000015258789,169.248764,2020-04-11,0.9638159871101379,6,71845293.268959
30.253352,75.191046,2.690000057220459,168.846848,2020-04-11,0.9533519744873047,5,71845293.405339
30.252986907958984,75.170228,9.239999771118164,168.366135,2020-04-11,0.9525259733200073,8,71845293.500398
30.252988815307617,75.182802,5.199999809265137,170.490463,2020-04-11,0.9636390209197998,6,71845293.277223
30.252979,75.191454,2.5799999237060547,168.915909,2020-04-11,0.9520829916000366,5,71845293.413605
30.25291633605957,75.161786,14.4399995803833,167.010452,2020-04-11,0.9671210050582886,11,71845293.364009
30.25254249572754,75.162195,12.3100004196167,167.086182,2020-04-11,0.958221971988678,11,71845293.372275
30.252616,75.183211,6.170000076293945,169.442581,2020-04-11,0.9691399931907654,6,71845293.285487
30.252606,75.191862,2.7300000190734863,168.790833,2020-04-11,0.955003023147583,5,71845293.421871
30.252244,75.183619,7.630000114440918,168.909973,2020-04-11,0.96213299036026,6,71845293.293751
30.252233,75.19226837158203,2.690000057220459,168.893616,2020-04-11,0.9508699774742126,5,71845293.430137
30.252168655395508,75.162603,11.109999656677246,166.957504,2020-04-11,0.9603260159492493,11,71845293.380541
30.252239,75.171045,3.549999952316284,168.243469,2020-04-11,0.9620090126991272,8,71845293.51693
30.25186538696289,75.171453,2.6500000953674316,167.812775,2020-04-11,0.9609209895133972,8,71845293.525196
30.25187110900879,75.184028,8.300000190734863,168.194122,2020-04-11,0.9615150094032288,6,71845293.302015
30.251859664916992,75.192679,2.6500000953674316,168.844238,2020-04-11,0.950534999370575,5,71845293.438403
30.251796,75.163012,9.050000190734863,171.033829,2020-04-11,0.9638530015945435,11,71845293.388807
30.25142478942871,75.16342163085938,15.789999961853027,167.283966,2020-04-11,0.9732940196990967,11,71845293.397073
30.25149154663086,75.171861,2.799999952316284,167.766983,2020-04-11,0.9594619870185852,8,71845293.533462
30.251495361328125,75.184437,2.619999885559082,167.649063,2020-04-11,0.9626179933547974,6,71845293.31028
30.251487,75.193087,2.690000057220459,168.616074,2020-04-11,0.9514539837837219,5,71845293.446669
30.251121520996094,75.18484497070312,2.690000057220459,167.60198974609375,2020-04-11,0.9680309891700745,6,71845293.318546
30.251051,75.163829,13.550000190734863,167.117157,2020-04-11,0.9641889929771423,11,71845293.405339
30.251119,75.17227172851562,2.799999952316284,167.757416,2020-04-11,0.9571719765663147,8,71845293.541726
30.25074577331543,75.172678,2.9100000858306885,167.58197021484375,2020-04-11,0.9578480124473572,8,71845293.54999
30.250749,75.185254,2.6500000953674316,167.635025,2020-04-11,0.9639819860458374,6,71845293.326812
30.250741,75.193903,2.6500000953674316,168.920685,2020-04-11,0.9635710120201111,5,71845293.463201
30.250676,75.164237,8.270000457763672,166.832809,2020-04-11,0.9606729745864868,11,71845293.413605
30.250303268432617,75.164646,8.34000015258789,166.49942016601562,2020-04-11,0.9708690047264099,11,71845293.421871
30.25037384033203,75.173086,5.389999866485596,167.579819,2020-04-11,0.9642019867897034,8,71845293.558254
30.250377655029297,75.185662,6.429999828338623,167.7119903564453,2020-04-11,0.9617940187454224,6,71845293.335078
30.250368118286133,75.194311,2.5799999237060547,169.095718,2020-04-11,0.957843005657196,5,71845293.471467
30.249999,75.173494,2.6500000953674316,167.487686,2020-04-11,0.9564999938011169,8,71845293.566518
30.250001907348633,75.186071,2.619999885559082,167.678253,2020-04-11,0.9565790295600891,6,71845293.343344
30.249995,75.19471740722656,2.5799999237060547,168.8917999267578,2020-04-11,0.9611819982528687,5,71845293.479733
30.249929428100586,75.16505432128906,6.769999980926514,168.334122,2020-04-11,0.965569019317627,11,71845293.430137
30.24962615966797,75.173902,2.6500000953674316,167.411407,2020-04-11,0.9650110006332397,8,71845293.574782
30.249622344970703,75.195128,2.6500000953674316,169.005264,2020-04-11,0.964684009552002,5,71845293.487999
30.249558,75.165462,7.630000114440918,168.630096,2020-04-11,0.9625179767608643,11,71845293.438403
30.249183,75.165871,4.039999961853027,167.793472,2020-04-11,0.9636989831924438,11,71845293.446669
30.249253,75.174311,2.690000057220459,167.470215,2020-04-11,0.9678320288658142,8,71845293.583046
30.249256134033203,75.186888,2.5799999237060547,167.7674102783203,2020-04-11,0.9616360068321228,6,71845293.359876
30.249248504638672,75.195536,2.5399999618530273,169.15740966796875,2020-04-11,0.9552670121192932,5,71845293.496265
30.24888038635254,75.174719,2.6500000953674316,168.43309020996094,2020-04-11,0.9555220007896423,8,71845293.59131
30.248883,75.187296,2.6500000953674316,167.87705993652344,2020-04-11,0.9602479934692383,6,71845293.368142
30.248876,75.195944,2.690000057220459,169.141724,2020-04-11,0.950082004070282,5,71845293.504531
30.248813,75.166279,10.850000381469727,167.710938,2020-04-11,0.9661239981651306,11,71845293.454935
30.248435974121094,75.166687,3.0299999713897705,166.490768,2020-04-11,0.9626839756965637,11,71845293.463201
30.248506546020508,75.175127,2.9100000858306885,168.548965,2020-04-11,0.9590269923210144,8,71845293.599574
30.248511,75.187705,2.5799999237060547,168.129272,2020-04-11,0.9606189727783203,6,71845293.376408
30.248502731323242,75.196352,2.6500000953674316,169.281998,2020-04-11,0.952895998954773,5,71845293.512797
30.248064041137695,75.167095,5.090000152587891,166.512207,2020-04-11,0.9586039781570435,11,71845293.471467
30.248132705688477,75.175536,2.690000057220459,168.496429,2020-04-11,0.9607970118522644,8,71845293.607838
30.247760772705078,75.175944,2.690000057220459,168.457916,2020-04-11,0.9566310048103333,8,71845293.616102
30.247767,75.188521,8.569999694824219,168.071045,2020-04-11,0.9553819894790649,6,71845293.39294
30.247756,75.197168,2.690000057220459,169.044876,2020-04-11,0.9582989811897278,5,71845293.529329
30.247690200805664,75.167504,2.759999990463257,166.62615966796875,2020-04-11,0.964169979095459,11,71845293.479733
30.247317,75.167912,2.690000057220459,166.762146,2020-04-11,0.9598389863967896,11,71845293.487999
30.247386,75.176353,2.690000057220459,167.806656,2020-04-11,0.9634609818458557,8,71845293.624366
30.247392,75.18892669677734,2.619999885559082,167.954239,2020-04-11,0.9723079800605774,6,71845293.401206
30.246944427490234,75.16831970214844,2.5799999237060547,166.6173095703125,2020-04-11,0.9562990069389343,11,71845293.496265
30.247012,75.197984,6.579999923706055,168.901871,2020-04-11,0.9550520181655884,5,71845293.545858
30.246639251708984,75.177169,5.909999847412109,167.93218994140625,2020-04-11,0.961292028427124,8,71845293.640894
30.246646,75.189747,2.690000057220459,168.288330078125,2020-04-11,0.961434006690979,6,71845293.417738
30.24663734436035,75.198393,2.690000057220459,168.674484,2020-04-11,0.9660699963569641,5,71845293.554122
30.246571,75.168728,2.7300000190734863,166.764969,2020-04-11,0.9643440246582031,11,71845293.504531
30.246198,75.169137,2.759999990463257,166.719589,2020-04-11,0.9609019756317139,11,71845293.512797
30.246269,75.177578,11.0,168.383041,2020-04-11,0.9580370187759399,8,71845293.649158
30.246273040771484,75.19015502929688,2.5799999237060547,168.3428497314453,2020-04-11,0.9534010291099548,6,71845293.426004
30.245824813842773,75.169545,2.799999952316284,166.857361,2020-04-11,0.9634420275688171,11,71845293.521063
30.245898,75.17798614501953,17.739999771118164,169.307358,2020-04-11,0.9589580297470093,8,71845293.657422
30.245899200439453,75.190563,2.690000057220459,168.566513,2020-04-11,0.9514260292053223,6,71845293.43427
30.24551773071289,75.178395,2.690000057220459,169.574554,2020-04-11,0.956716001033783,8,71845293.665686
30.245517,75.199617,2.6500000953674316,168.111038,2020-04-11,0.958528995513916,5,71845293.578914
30.245454,75.169953,5.909999847412109,167.794388,2020-04-11,0.9699710011482239,11,71845293.529329
30.24508285522461,75.170361,10.930000305175781,168.177841,2020-04-11,0.9642699956893921,11,71845293.537594
30.245145,75.178804,2.8399999141693115,169.519272,2020-04-11,0.9534369707107544,8,71845293.67395
30.245154,75.191379,2.5799999237060547,168.741989,2020-04-11,0.9562150239944458,6,71845293.450802
30.244781494140625,75.191788,2.619999885559082,168.694473,2020-04-11,0.9586799740791321,6,71845293.459068
30.244770050048828,75.200434,2.690000057220459,167.998871,2020-04-11,0.960644006729126,5,71845293.595442
30.244708,75.17076873779297,6.130000114440918,168.504623,2020-04-11,0.9655089974403381,11,71845293.545858
30.244771,75.179212,2.690000057220459,169.495667,2020-04-11,0.9593750238418579,8,71845293.682214
30.244397,75.179621,2.7300000190734863,168.990662,2020-04-11,0.9530689716339111,8,71845293.690478
30.244407653808594,75.192196,2.5799999237060547,168.707809,2020-04-11,0.9522950053215027,6,71845293.467334
30.244396209716797,75.200842,2.8399999141693115,167.739578,2020-04-11,0.9560080170631409,5,71845293.603706
30.244334,75.171178,3.8499999046325684,167.254715,2020-04-11,0.9639729857444763,11,71845293.554122
30.243959,75.171586,2.8399999141693115,167.201233,2020-04-11,0.9600520133972168,11,71845293.562386
30.2440242767334,75.1800308227539,5.349999904632568,169.17247009277344,2020-04-11,0.9636059999465942,8,71845293.698742
30.244035,75.1926040649414,2.6500000953674316,168.809723,2020-04-11,0.95455002784729,6,71845293.4756
30.244023,75.20124816894531,2.619999885559082,168.202316,2020-04-11,0.9590820074081421,5,71845293.61197
30.24358558654785,75.171994,2.6500000953674316,167.319077,2020-04-11,0.9579169750213623,11,71845293.57065
30.243648529052734,75.180438,3.359999895095825,168.624603,2020-04-11,0.9618459939956665,8,71845293.707006
30.243274688720703,75.180847,2.799999952316284,168.587753,2020-04-11,0.9616870284080505,8,71845293.71527
30.243289,75.19342041015625,2.6500000953674316,168.68540954589844,2020-04-11,0.9554910063743591,6,71845293.492132
30.243213,75.172402,2.7300000190734863,167.305359,2020-04-11,0.9624500274658203,11,71845293.578914
30.242839813232422,75.172811,2.7300000190734863,167.401123,2020-04-11,0.9577839970588684,11,71845293.587178
30.242901,75.181256,3.2100000381469727,168.172668,2020-04-11,0.9622499942779541,8,71845293.723534
30.24215316772461,75.182073,2.6500000953674316,167.821838,2020-04-11,0.9561960101127625,8,71845293.740062
30.242093,75.173627,2.799999952316284,167.108078,2020-04-11,0.9685580134391785,11,71845293.603706
30.241719,75.174036,2.6500000953674316,167.170868,2020-04-11,0.9563260078430176,11,71845293.61197
30.241422653198242,75.195461,2.7300000190734863,168.241714,2020-04-11,0.957131028175354,6,71845293.533462
30.241348266601562,75.174444,4.409999847412109,168.417267,2020-04-11,0.9573659896850586,11,71845293.620234
30.240972,75.174853,2.619999885559082,167.564514,2020-04-11,0.9539499878883362,11,71845293.628498
30.241031,75.183299,2.690000057220459,167.865936,2020-04-11,0.9563270211219788,8,71845293.764854
30.240657806396484,75.183708,5.090000152587891,167.952744,2020-04-11,0.95728600025177,8,71845293.773118
30.240676879882812,75.196277,2.619999885559082,168.297592,2020-04-11,0.9524340033531189,6,71845293.54999
30.240283,75.184117,2.690000057220459,167.826401,2020-04-11,0.953495979309082,8,71845293.781382
30.240228,75.17566680908203,7.480000019073486,167.583496,2020-04-11,0.9584069848060608,11,71845293.645026
30.239852,75.176078,2.759999990463257,167.842697,2020-04-11,0.9618980288505554,11,71845293.65329
30.23992919921875,75.197093,2.7300000190734863,168.171417,2020-04-11,0.9524530172348022,6,71845293.566518
30.239104,75.17689514160156,2.799999952316284,167.563492,2020-04-11,0.9571899771690369,11,71845293.669818
30.238732,75.177304,5.119999885559082,168.866852,2020-04-11,0.9664909839630127,11,71845293.678082
30.238786,75.185752,2.619999885559082,167.493057,2020-04-11,0.9562010169029236,8,71845293.814438
30.23880958557129,75.198318,2.5799999237060547,168.328293,2020-04-11,0.9519540071487427,6,71845293.59131
30.238357,75.177712,2.5399999618530273,169.943069,2020-04-11,0.9661380052566528,11,71845293.686346
30.238439,75.198726,4.860000133514404,168.654083,2020-04-11,0.9580209851264954,6,71845293.599574
30.238039016723633,75.186569,2.7300000190734863,167.584412,2020-04-11,0.9507319927215576,8,71845293.830966
30.238065,75.199134,6.019999980926514,168.369812,2020-04-11,0.9543989896774292,6,71845293.607838
30.23798370361328,75.178121,2.7300000190734863,170.447861,2020-04-11,0.962893009185791,11,71845293.69461
30.23760986328125,75.17852783203125,3.509999990463257,168.845062,2020-04-11,0.9658309817314148,11,71845293.702874
30.2376651763916,75.186978,2.5799999237060547,167.736832,2020-04-11,0.9531559944152832,8,71845293.83923
30.237689971923828,75.199542,3.4800000190734863,167.319916,2020-04-11,0.9575830101966858,6,71845293.616102
30.23723602294922,75.178938,2.5,169.681183,2020-04-11,0.9606789946556091,11,71845293.711138
30.23729133605957,75.18738555908203,2.7699999809265137,167.713745,2020-04-11,0.9516720175743103,8,71845293.847494
30.237317,75.199951,2.9100000858306885,169.192551,2020-04-11,0.9556480050086975,6,71845293.624366
30.23691749572754,75.187795,2.6500000953674316,167.446014,2020-04-11,0.9631940126419067,8,71845293.855758
30.2369441986084,75.200359,3.4800000190734863,168.196899,2020-04-11,0.955115020275116,6,71845293.63263
30.236862182617188,75.179347,3.0299999713897705,170.108673,2020-04-11,0.9692469835281372,11,71845293.719402
30.236488342285156,75.17975616455078,2.759999990463257,170.59848022460938,2020-04-11,0.9676110148429871,11,71845293.727666
30.236114501953125,75.180164,3.25,169.878265,2020-04-11,0.9637539982795715,11,71845293.73593
30.236199,75.201175,9.949999809265137,167.975647,2020-04-11,0.9662489891052246,6,71845293.649158
30.235795,75.189021,2.690000057220459,167.428513,2020-04-11,0.9527869820594788,8,71845293.88055
30.235822677612305,75.20158386230469,3.5899999141693115,168.675323,2020-04-11,0.9557629823684692,6,71845293.657422
30.235740661621094,75.180573,2.9100000858306885,169.979019,2020-04-11,0.9623270034790039,11,71845293.744194
30.23536491394043,75.180982,3.0299999713897705,167.572906,2020-04-11,0.9673609733581543,11,71845293.752458
30.234992,75.181391,3.740000009536743,168.206406,2020-04-11,0.9642149806022644,11,71845293.760722
30.235047,75.189838,2.7699999809265137,167.560898,2020-04-11,0.9617390036582947,8,71845293.897078
30.325122,75.101506,2.5799999237060547,167.944229,2020-08-29,0.9680489897727966,6,83970610.505215
30.324994,75.111087,2.5,168.875778,2020-08-29,0.9558879733085632,8,83970610.947395
30.324992,75.120021,2.5399999618530273,168.870483,2020-08-29,0.9678019881248474,11,83970610.984583
30.324748992919922,75.101096,2.5799999237060547,167.890991,2020-08-29,0.9668759703636169,6,83970610.496951
30.324619,75.119612,2.5399999618530273,168.876862,2020-08-29,0.9673100113868713,11,83970610.976319
30.324376,75.100686,2.5,167.886826,2020-08-29,0.9657400250434875,6,83970610.488687
30.324249,75.110269,2.5,168.963852,2020-08-29,0.9562050104141235,8,83970610.930867
30.324246,75.119204,2.5799999237060547,168.813126,2020-08-29,0.9691600203514099,11,83970610.968055
30.324004,75.100276,2.5799999237060547,167.771881,2020-08-29,0.9650589823722839,6,83970610.480423
30.323876,75.109861,2.5,169.009308,2020-08-29,0.9609910249710083,8,83970610.922603
30.32387351989746,75.118795,2.5,168.756805,2020-08-29,0.9640899896621704,11,83970610.959791
30.323631286621094,75.099865,2.5399999618530273,167.729721,2020-08-29,0.9621729850769043,6,83970610.472159
30.323504,75.109452,2.5799999237060547,169.0003204345703,2020-08-29,0.9633219838142395,8,83970610.914339
30.323501,75.118386,2.619999885559082,168.748077,2020-08-29,0.9719510078430176,11,83970610.951527
30.323258,75.099455,2.5399999618530273,167.589325,2020-08-29,0.9656400084495544,6,83970610.463895
30.323129653930664,75.109042,8.079999923706055,169.145203,2020-08-29,0.9660199880599976,8,83970610.906075
30.323129,75.117977,2.5799999237060547,168.92247009277344,2020-08-29,0.964743971824646,11,83970610.943263
30.322885,75.09904479980469,2.4700000286102295,167.756973,2020-08-29,0.9620689749717712,6,83970610.455631
30.322757720947266,75.108634,2.5399999618530273,168.736542,2020-08-29,0.966392993927002,8,83970610.897811
30.322755813598633,75.117569,2.619999885559082,168.938461,2020-08-29,0.9688159823417664,11,83970610.934999
30.322511672973633,75.098636,2.5399999618530273,167.680496,2020-08-29,0.9584429860115051,6,83970610.447367
30.322385787963867,75.108226,2.5799999237060547,168.907349,2020-08-29,0.9624329805374146,8,83970610.889547
30.322383,75.11715698242188,2.5799999237060547,168.988159,2020-08-29,0.9718080163002014,11,83970610.926735
30.322139,75.098226,2.5399999618530273,167.728302,2020-08-29,0.9634600281715393,6,83970610.439103
30.322013,75.107817,2.5,168.781219,2020-08-29,0.9649180173873901,8,83970610.881283
30.322011,75.116751,2.5399999618530273,168.959702,2020-08-29,0.9686809778213501,11,83970610.918471
30.321638107299805,75.116342,2.619999885559082,169.043259,2020-08-29,0.9745979905128479,11,83970610.910207
30.321266174316406,75.115934,2.619999885559082,168.911041,2020-08-29,0.9716740250587463,11,83970610.901943
30.320895,75.1065902709961,2.4700000286102295,168.939438,2020-08-29,0.9689750075340271,8,83970610.856491
30.320893,75.115525,2.5399999618530273,168.993179,2020-08-29,0.9692429900169373,11,83970610.893679
30.320521,75.1061782836914,8.5,168.751053,2020-08-29,0.9602140188217163,8,83970610.848227
30.320520401000977,75.115116,2.6500000953674316,168.798569,2020-08-29,0.9705250263214111,11,83970610.885415
30.32015037536621,75.105772,2.5399999618530273,168.684906,2020-08-29,0.9642760157585144,8,83970610.839963
30.320148468017578,75.114707,2.619999885559082,168.659988,2020-08-29,0.9652559757232666,11,83970610.877151
30.319774627685547,75.114298,2.5399999618530273,168.755875,2020-08-29,0.9677550196647644,11,83970610.868887
30.319776,75.105362,6.960000038146973,168.740417,2020-08-29,0.9639989733695984,8,83970610.831697
30.31940269470215,75.104953,8.90999984741211,168.569885,2020-08-29,0.9676550030708313,8,83970610.823431
30.319402,75.1138916015625,2.6500000953674316,168.709885,2020-08-29,0.9673299789428711,11,83970610.860623
30.31903076171875,75.104544,9.619999885559082,168.935532,2020-08-29,0.9629629850387573,8,83970610.815165
30.31903076171875,75.113481,2.5,168.725159,2020-08-29,0.9714040160179138,11,83970610.852359
30.318658,75.104136,4.900000095367432,169.467728,2020-08-29,0.9575849771499634,8,83970610.806899
30.31865692138672,75.113072,2.4700000286102295,168.729202,2020-08-29,0.9720180034637451,11,83970610.844095
30.31828498840332,75.103727,2.5,168.672699,2020-08-29,0.9665250182151794,8,83970610.798633
30.318284,75.112663,2.430000066757202,168.614761,2020-08-29,0.9693520069122314,11,83970610.83583
30.317912,75.103318,2.5,168.626923,2020-08-29,0.9529330134391785,8,83970610.790367
30.317912,75.112254,2.5,168.4139404296875,2020-08-29,0.9514129757881165,11,83970610.827564
30.317538,75.102908,9.550000190734863,168.960663,2020-08-29,0.961555004119873,8,83970610.782101
30.317539,75.111845,2.430000066757202,168.433258,2020-08-29,0.9517899751663208,11,83970610.819298
30.317167282104492,75.10250091552734,2.5,168.548309,2020-08-29,0.9672880172729492,8,83970610.773835
30.317166,75.111436,2.5,168.202789,2020-08-29,0.9640190005302429,11,83970610.811032
30.316794,75.102091,2.5,168.624329,2020-08-29,0.9695150256156921,8,83970610.765569
30.31679344177246,75.111027,2.4700000286102295,168.285721,2020-08-29,0.9637150168418884,11,83970610.802766
30.316421,75.101682,2.4700000286102295,168.67098999023438,2020-08-29,0.9746360182762146,8,83970610.757303
30.31641960144043,75.110618,2.5799999237060547,168.112381,2020-08-29,0.9647600054740906,11,83970610.7945
30.31604766845703,75.101273,2.5399999618530273,168.474701,2020-08-29,0.9623330235481262,8,83970610.749037
30.316047,75.110209,2.5,168.06423950195312,2020-08-29,0.9638739824295044,11,83970610.786234
30.315675,75.100864,2.430000066757202,168.451355,2020-08-29,0.9571329951286316,8,83970610.740771
30.315675,75.10980224609375,2.5399999618530273,168.023804,2020-08-29,0.9673010110855103,11,83970610.777968
30.315301,75.100454,3.440000057220459,168.454056,2020-08-29,0.9651489853858948,8,83970610.732505
30.3153018951416,75.109391,2.5,168.080704,2020-08-29,0.9592570066452026,11,83970610.769702
30.31492805480957,75.10004425048828,6.320000171661377,168.496384,2020-08-29,0.9704740047454834,8,83970610.724239
30.314929,75.108981,2.5,167.888123,2020-08-29,0.9673969745635986,11,83970610.761436
30.314556121826172,75.099636,2.6500000953674316,168.479538,2020-08-29,0.9706310033798218,8,83970610.715973
30.314556121826172,75.108572,2.5,167.751099,2020-08-29,0.9683849811553955,11,83970610.75317
30.31418228149414,75.099226,4.75,168.677811,2020-08-29,0.9663209915161133,8,83970610.707707
30.314183,75.108163,2.430000066757202,167.771866,2020-08-29,0.958965003490448,11,83970610.744904
30.313809,75.098817,5.840000152587891,169.631363,2020-08-29,0.9666950106620789,8,83970610.699441
30.313810348510742,75.107754,2.6500000953674316,167.777222,2020-08-29,0.9638630151748657,11,83970610.736638
30.313436,75.098408,4.789999961853027,168.592804,2020-08-29,0.9627839922904968,8,83970610.691175
30.31343650817871,75.107345,2.619999885559082,167.787308,2020-08-29,0.9713029861450195,11,83970610.728372
30.313064,75.106936,2.5399999618530273,167.6748504638672,2020-08-29,0.9650279879570007,11,83970610.720106
30.312691,75.106526,2.5399999618530273,167.653336,2020-08-29,0.9683550000190735,11,83970610.71184
30.312318,75.106117,2.5,167.652863,2020-08-29,0.9678509831428528,11,83970610.703574
30.31194496154785,75.105708,2.6500000953674316,167.696945,2020-08-29,0.9721739888191223,11,83970610.695308
30.311572,75.105298,2.5799999237060547,167.632858,2020-08-29,0.9727820158004761,11,83970610.687042
30.311198,75.104887,6.849999904632568,167.557983,2020-08-29,0.9701160192489624,11,83970610.678776
30.31082534790039,75.104478,8.420000076293945,168.054657,2020-08-29,0.9566299915313721,11,83970610.67051
30.310453414916992,75.10407257080078,2.5799999237060547,167.694839,2020-08-29,0.9704099893569946,11,83970610.662244
30.31007957458496,75.1036605834961,2.6500000953674316,167.545776,2020-08-29,0.964123010635376,11,83970610.653978
30.309707,75.1032485961914,2.5,167.609879,2020-08-29,0.9636510014533997,11,83970610.645712
30.30933380126953,75.102841,2.5799999237060547,167.657242,2020-08-29,0.9566140174865723,11,83970610.637446
30.308961,75.102431,2.5,167.780014,2020-08-29,0.9569360017776489,11,83970610.62918
30.308587,75.102019,9.65999984741211,167.956329,2020-08-29,0.9700459837913513,11,83970610.620914
30.308215,75.101611,2.619999885559082,167.969223,2020-08-29,0.9640480279922485,11,83970610.612648
30.307842254638672,75.1011962890625,6.360000133514404,168.047791,2020-08-29,0.9603319764137268,11,83970610.604383
30.307466506958008,75.100787,18.799999,168.368942,2020-08-29,0.9647840261459351,11,83970610.596119
30.307097,75.100381,2.4700000286102295,168.353073,2020-08-29,0.9716640114784241,11,83970610.587855
30.306724,75.09996795654297,2.5399999618530273,168.383698,2020-08-29,0.9712679982185364,11,83970610.579591
30.306351,75.09956359863281,2.5399999618530273,168.445129,2020-08-29,0.9670940041542053,11,83970610.571327
30.305978,75.09915161132812,2.5399999618530273,168.235596,2020-08-29,0.9730899930000305,11,83970610.563063
30.305606,75.09873962402344,2.5399999618530273,168.115524,2020-08-29,0.9732249975204468,11,83970610.554799
30.305233001708984,75.09832763671875,2.4700000286102295,167.617157,2020-08-29,0.9606329798698425,11,83970610.546535
30.319556,75.15873718261719,2.5,169.15740966796875,2020-09-02,0.9578959941864014,6,84310586.424062
30.319183349609375,75.15833282470703,2.5799999237060547,169.272125,2020-09-02,0.9575809836387634,6,84310586.415798
30.318809509277344,75.157921,2.5399999618530273,169.439255,2020-09-02,0.9562180042266846,6,84310586.407534
30.318517684936523,75.16731262207031,2.4700000286102295,169.522507,2020-09-02,0.9554889798164368,8,84310586.845526
30.315454483032227,75.154239,2.619999885559082,169.606888,2020-09-02,0.9570900201797485,6,84310586.333158
30.315257,75.144992,2.5399999618530273,168.213608,2020-09-02,0.9598109722137451,5,84310586.287706
30.308913,75.138031,2.6500000953674316,168.927841,2020-09-02,0.9555130004882812,5,84310586.147218
30.308677673339844,75.200922,2.6500000953674316,170.225143,2020-09-14,0.9533820152282715,5,85330564.675117
30.308164596557617,75.137212,2.5399999618530273,168.801346,2020-09-02,0.9532979726791382,5,84310586.13069
30.306669235229492,75.13557434082031,2.5799999237060547,168.838394,2020-09-02,0.9547619819641113,5,84310586.097629
30.306296,75.135164,2.7300000190734863,168.650406,2020-09-02,0.9563980102539062,5,84310586.089363
30.306069,75.198062,2.6500000953674316,170.710815,2020-09-14,0.9518790245056152,5,85330564.617269
30.305696487426758,75.197653,2.690000057220459,170.716034,2020-09-14,0.9550880193710327,5,85330564.609005
30.304332733154297,75.160674,2.5399999618530273,169.594055,2020-09-02,0.9627490043640137,11,84310586.568682
30.303958892822266,75.160265,2.390000104904175,169.752243,2020-09-02,0.9631620049476624,11,84310586.560418
30.302836,75.150102,2.430000066757202,170.101654,2020-09-02,0.9573690295219421,8,84310586.498438
30.302463,75.149693,2.390000104904175,169.896103,2020-09-02,0.9556800127029419,8,84310586.490174
30.302215576171875,75.103559,2.990000009536743,166.693512,2020-09-02,0.9526619911193848,1,84310585.700906
30.301715850830078,75.148875,2.4700000286102295,169.913773,2020-09-02,0.9501109719276428,8,84310586.473646
30.300849,75.192335,2.619999885559082,171.418274,2020-09-14,0.9574090242385864,5,85330564.501573
30.300668,75.20120239257812,2.619999885559082,170.476639,2020-09-14,0.9550099968910217,6,85330564.538761
30.300477,75.191926,2.880000114440918,170.978592,2020-09-14,0.9535239934921265,5,85330564.493309
30.30022430419922,75.147239,2.5,169.824097,2020-09-02,0.9567679762840271,8,84310586.44059
30.299476623535156,75.146421,2.430000066757202,169.795349,2020-09-02,0.9516649842262268,8,84310586.424062
30.29901695251465,75.136233,2.5799999237060547,169.956146,2020-09-02,0.9621109962463379,6,84310585.969506
30.298982620239258,75.190287,10.59000015258789,169.511673,2020-09-14,0.952256977558136,5,85330564.460253
30.298643112182617,75.135825,2.619999885559082,169.807785,2020-09-02,0.9566590189933777,6,84310585.96124
30.298612,75.18988037109375,2.7300000190734863,170.014114,2020-09-14,0.9556289911270142,5,85330564.451989
30.297866,75.189061,3.140000104904175,170.336334,2020-09-14,0.9588950276374817,5,85330564.435461
30.297145,75.134193,2.5799999237060547,169.947052,2020-09-02,0.9528689980506897,6,84310585.928176
30.297119,75.188242,9.130000114440918,168.587112,2020-09-14,0.9530090093612671,5,85330564.418933
30.2967472076416,75.187834,2.5399999618530273,168.518112,2020-09-14,0.9546700119972229,5,85330564.410669
30.296121,75.142741,2.5399999618530273,169.609299,2020-09-02,0.9562680125236511,8,84310586.349686
30.295747756958008,75.142332,2.390000104904175,169.758453,2020-09-02,0.9535139799118042,8,84310586.341422
30.295255,75.186198,2.5,168.435394,2020-09-14,0.951200008392334,5,85330564.377613
30.29507064819336,75.122919,2.619999885559082,168.189713,2020-09-02,0.9617990255355835,5,84310585.841394
30.29488182067871,75.185789,2.619999885559082,168.263947,2020-09-14,0.9508100152015686,5,85330564.369349
30.294696,75.122512,2.5,168.17864990234375,2020-09-02,0.9548929929733276,5,84310585.83313
30.293948,75.121696,2.619999885559082,169.143967,2020-09-02,0.9618210196495056,5,84310585.816602
30.293760299682617,75.184561,11.079999923706055,169.021423,2020-09-14,0.957440972328186,5,85330564.344557
30.293574,75.121289,2.5399999618530273,168.579926,2020-09-02,0.953586995601654,5,84310585.808338
30.29351234436035,75.148812,2.4700000286102295,169.049149,2020-09-02,0.9586619734764099,11,84310586.329026
30.29189682006836,75.1825180053711,2.6500000953674316,168.132126,2020-09-14,0.9517250061035156,5,85330564.303237
30.291331,75.118842,2.5799999237060547,168.384903,2020-09-02,0.9527739882469177,5,84310585.758754
30.29114532470703,75.200525,2.6500000953674316,170.775711,2020-09-14,0.9522119760513306,8,85330564.774285
30.290778,75.181294,2.6500000953674316,168.059875,2020-09-14,0.9562870264053345,5,85330564.278445
30.288358,75.187703,2.690000057220459,170.579544,2020-09-14,0.9504050016403198,6,85330564.266047
30.28834342956543,75.115577,2.619999885559082,168.584518,2020-09-02,0.9514930248260498,5,84310585.692642
30.288163,75.197258,2.5,170.884613,2020-09-14,0.9519860148429871,8,85330564.708173
30.2879695892334,75.115169,2.619999885559082,168.199265,2020-09-02,0.9604799747467041,5,84310585.684378
30.287790298461914,75.196849,2.5399999618530273,170.944626,2020-09-14,0.9504860043525696,8,85330564.699909
30.287597,75.114761,2.5799999237060547,168.272217,2020-09-02,0.9637140035629272,5,84310585.676114
30.287223,75.114352,2.619999885559082,167.841827,2020-09-02,0.9553970098495483,5,84310585.66785
30.287044525146484,75.196033,2.5399999618530273,171.012955,2020-09-14,0.950003981590271,8,85330564.683381
30.286849975585938,75.113944,2.619999885559082,167.845337,2020-09-02,0.9519490003585815,5,84310585.659586
30.285731,75.112718,2.690000057220459,167.603561,2020-09-02,0.9595800042152405,5,84310585.634794
30.28443145751953,75.174348,2.7300000190734863,170.258942,2020-09-14,0.9519820213317871,5,85330564.137924
30.284436,75.193174,2.5399999618530273,170.515717,2020-09-14,0.9510070085525513,8,85330564.625533
30.284238,75.111083,2.5,167.620804,2020-09-02,0.9631140232086182,5,84310585.601738
30.284059,75.201724,2.5799999237060547,170.803085,2020-09-14,0.9533920288085938,11,85330564.654457
30.283878326416016,75.182799,5.239999771118164,170.846802,2020-09-14,0.9562169909477234,6,85330564.166855
30.283683,75.173529,7.110000133514404,170.689453,2020-09-14,0.9576280117034912,5,85330564.121392
30.28369140625,75.192356,2.5399999618530273,170.895203,2020-09-14,0.9559929966926575,8,85330564.609005
30.283492,75.110265,2.6500000953674316,167.446213,2020-09-02,0.9556019902229309,5,84310585.58521
30.283313,75.200907,2.5399999618530273,170.601242,2020-09-14,0.9509090185165405,11,85330564.637929
30.282941,75.200498,2.5799999237060547,170.599442,2020-09-14,0.9597510099411011,11,85330564.629665
30.282564163208008,75.172305,2.5799999237060547,170.109695,2020-09-14,0.951196014881134,5,85330564.096594
30.282567977905273,75.200089,2.7699999809265137,170.508026,2020-09-14,0.9522629976272583,11,85330564.621401
30.281822204589844,75.199272,2.7699999809265137,170.154526,2020-09-14,0.9645980000495911,11,85330564.604873
30.281444,75.171079,2.5799999237060547,171.274734,2020-09-14,0.950298011302948,5,85330564.071796
30.281453,75.189902,2.319999933242798,175.931808,2020-09-14,0.9508029818534851,8,85330564.559421
30.281450271606445,75.198863,2.5399999618530273,170.1771697998047,2020-09-14,0.958607017993927,11,85330564.596609
30.281071,75.170671,2.5799999237060547,170.404129,2020-09-14,0.9554780125617981,5,85330564.06353
30.280892,75.179531,2.7699999809265137,170.390747,2020-09-14,0.9520440101623535,6,85330564.100727
30.28108024597168,75.189493,2.3499999046325684,175.772644,2020-09-14,0.9506099820137024,8,85330564.551157
30.281077,75.198455,2.5799999237060547,170.144653,2020-09-14,0.9571260213851929,11,85330564.588345
30.280704498291016,75.198046,2.950000047683716,170.060333,2020-09-14,0.9515380263328552,11,85330564.580081
30.280332,75.197637,2.5,169.952499,2020-09-14,0.9541159868240356,11,85330564.571817
30.2801456451416,75.178714,2.5799999237060547,170.466248,2020-09-14,0.9548929929733276,6,85330564.084195
30.279962,75.188267,2.6500000953674316,170.272034,2020-09-14,0.9527440071105957,8,85330564.526365
30.279958724975586,75.197228,2.7699999809265137,170.190125,2020-09-14,0.9545860290527344,11,85330564.563553
30.279578,75.169036,2.7300000190734863,170.256424,2020-09-14,0.9523199796676636,5,85330564.03047
30.27958869934082,75.187858,2.5399999618530273,170.432678,2020-09-14,0.9522050023078918,8,85330564.518101
30.279586,75.196819,2.5399999618530273,170.325363,2020-09-14,0.9605129957199097,11,85330564.555289
30.279205322265625,75.168628,2.619999885559082,170.513672,2020-09-14,0.958899974822998,5,85330564.022206
30.279212,75.196408,8.649999618530273,170.18807983398438,2020-09-14,0.9637129902839661,11,85330564.547025
30.279016494750977,75.105356,2.690000057220459,166.668488,2020-09-02,0.9525290131568909,5,84310585.486042
30.27902603149414,75.177488,2.5,170.329468,2020-09-14,0.9525409936904907,6,85330564.059397
30.278832,75.168219,2.7699999809265137,170.589859,2020-09-14,0.9511730074882507,5,85330564.013942
30.278839111328125,75.19599914550781,2.690000057220459,170.114426,2020-09-14,0.9533720016479492,11,85330564.538761
30.278459,75.167811,2.5399999618530273,169.555862,2020-09-14,0.9510999917984009,5,85330564.005678
30.278467178344727,75.195591,2.6500000953674316,170.300354,2020-09-14,0.9632769823074341,11,85330564.530497
30.278094,75.195182,2.5,170.365921,2020-09-14,0.9531499743461609,11,85330564.522233
30.277896881103516,75.104129,2.619999885559082,166.635361,2020-09-02,0.9581300020217896,5,84310585.46125
30.277722,75.194773,2.5399999618530273,170.0415802001953,2020-09-14,0.957518994808197,11,85330564.513969
30.27772331237793,75.18580627441406,11.380000114440918,170.849289,2020-09-14,0.9538630247116089,8,85330564.476781
30.277524,75.103719,2.619999885559082,166.533051,2020-09-02,0.9539350271224976,5,84310585.452986
30.2773494720459,75.1854019165039,11.010000228881836,172.303909,2020-09-14,0.9527720212936401,8,85330564.468517
30.277349,75.194364,2.5799999237060547,170.020798,2020-09-14,0.960220992565155,11,85330564.505705
30.2769775390625,75.184992,6.739999771118164,171.572327,2020-09-14,0.9550279974937439,8,85330564.460253
30.276975631713867,75.193955,2.619999885559082,169.975494,2020-09-14,0.9573900103569031,11,85330564.497441
30.276778,75.102901,2.5799999237060547,166.63916015625,2020-09-02,0.9622300267219543,5,84310585.436458
30.276603,75.193545,2.4700000286102295,170.200226,2020-09-14,0.9532740116119385,11,85330564.489177
30.27660369873047,75.111737,2.5399999618530273,167.541259765625,2020-09-02,0.9521700143814087,6,84310585.473646
30.276405334472656,75.102492,2.5399999618530273,166.144379,2020-09-02,0.9527699947357178,5,84310585.428194
30.276229858398438,75.193136,2.7699999809265137,170.25411987304688,2020-09-14,0.9518619775772095,11,85330564.480913
30.276032,75.102082,2.5399999618530273,166.244232,2020-09-02,0.9547330141067505,5,84310585.41993
30.275857,75.192727,2.7300000190734863,171.342484,2020-09-14,0.9615010023117065,11,85330564.472649
30.275482177734375,75.192315,10.369999885559082,171.708389,2020-09-14,0.9610379934310913,11,85330564.464385
30.275111,75.191909,2.690000057220459,169.736465,2020-09-14,0.9529510140419006,11,85330564.456121
30.274739,75.109691,2.690000057220459,167.648544,2020-09-02,0.9534599781036377,6,84310585.432326
30.274365,75.19109344482422,2.4700000286102295,169.849472,2020-09-14,0.9518889784812927,11,85330564.439593
30.274356,75.163316,6.320000171661377,169.809006,2020-09-14,0.9551309943199158,5,85330563.914774
30.27399444580078,75.18171691894531,5.389999866485596,169.865784,2020-09-14,0.9549090266227722,8,85330564.394141
30.273992,75.190681,2.6500000953674316,169.780258,2020-09-14,0.9526410102844238,11,85330564.431329
30.273616790771484,75.19026947021484,11.270000457763672,169.813766,2020-09-14,0.95243901014328,11,85330564.423065
30.273419,75.099218,2.5399999618530273,166.328094,2020-09-02,0.9565669894218445,5,84310585.362082
30.273246,75.189863,2.5799999237060547,169.680435,2020-09-14,0.9552760124206543,11,85330564.414801
30.27305793762207,75.170952,2.5399999618530273,169.208969,2020-09-14,0.9502800107002258,6,85330563.92717
30.273046493530273,75.098808,2.5,166.166733,2020-09-02,0.9569219946861267,5,84310585.353818
30.272874,75.107645,2.5,167.388336,2020-09-02,0.9557660222053528,6,84310585.391006
30.272672,75.098399,2.6500000953674316,166.197113,2020-09-02,0.950747013092041,5,84310585.345554
30.272499084472656,75.189045,2.619999885559082,170.062134,2020-09-14,0.9597219824790955,11,85330564.398273
30.27229881286621,75.09799194335938,2.5799999237060547,166.386795,2020-09-02,0.956171989440918,5,84310585.33729
30.27231216430664,75.170133,6.019999980926514,169.285278,2020-09-14,0.9528239965438843,6,85330563.910642
30.272127151489258,75.188636,2.5799999237060547,170.144577,2020-09-14,0.9616109728813171,11,85330564.390009
30.272126,75.106825,7.96999979019165,167.636414,2020-09-02,0.954371988773346,6,84310585.374478
30.271754,75.188227,2.799999952316284,170.13475036621094,2020-09-14,0.959434986114502,11,85330564.381745
30.271379470825195,75.187818,2.6500000953674316,170.799622,2020-09-14,0.9517859816551208,11,85330564.373481
30.27119255065918,75.168908,5.309999942779541,169.39859008789062,2020-09-14,0.9614319801330566,6,85330563.88585
30.271007,75.187409,2.5,170.912079,2020-09-14,0.9558429718017578,11,85330564.365217
30.270633697509766,75.17803955078125,14.789999961853027,169.718826,2020-09-14,0.9582539796829224,8,85330564.319765
30.270633697509766,75.187001,2.5799999237060547,170.073318,2020-09-14,0.9539669752120972,11,85330564.356953
30.270261,75.177631,8.229999542236328,176.594284,2020-09-14,0.9517670273780823,8,85330564.311501
30.270261,75.186592,2.690000057220459,170.03890991210938,2020-09-14,0.9636819958686829,11,85330564.348689
30.269887,75.177221,6.889999866485596,184.227951,2020-09-14,0.9561790227890015,8,85330564.303237
30.269887924194336,75.186183,2.6500000953674316,169.944595,2020-09-14,0.9650149941444397,11,85330564.340425
30.269509,75.158006,2.6500000953674316,168.337128,2020-09-14,0.9522190093994141,5,85330563.807342
30.269514083862305,75.176812,2.8399999141693115,190.346024,2020-09-14,0.9555450081825256,8,85330564.294973
30.269515,75.185775,2.5399999618530273,170.01824951171875,2020-09-14,0.9541299939155579,11,85330564.332161
30.269142150878906,75.185366,2.5799999237060547,169.708984,2020-09-14,0.958611011505127,11,85330564.323897
30.268769,75.175997,9.579999923706055,176.639267,2020-09-14,0.9550600051879883,8,85330564.278445
30.268769,75.184957,2.619999885559082,169.67626953125,2020-09-14,0.9517179727554321,11,85330564.315633
30.268768310546875,75.103142,2.6500000953674316,167.236496,2020-09-02,0.9522560238838196,6,84310585.300102
30.268468856811523,75.121439,2.619999885559082,167.592514,2020-09-02,0.9604309797286987,11,84310585.775282
30.268388748168945,75.156779,2.5799999237060547,173.133514,2020-09-14,0.962677001953125,5,85330563.78255
30.268396377563477,75.184549,2.7699999809265137,169.532089,2020-09-14,0.9604550004005432,11,85330564.307369
30.268021,75.102324,2.5399999618530273,167.087738,2020-09-02,0.9509649872779846,6,84310585.283574
30.268096,75.121031,2.5399999618530273,167.529526,2020-09-02,0.9582489728927612,11,84310585.767018
30.268014907836914,75.1563720703125,3.890000104904175,173.000397,2020-09-14,0.9526730179786682,5,85330563.774286
30.268022537231445,75.18414306640625,2.5399999618530273,169.814041,2020-09-14,0.9607300162315369,11,85330564.299105
30.267722,75.120623,2.619999885559082,167.391296,2020-09-02,0.9593350291252136,11,84310585.758754
30.267650604248047,75.183732,2.5,169.56842041015625,2020-09-14,0.9586179852485657,11,85330564.290841
30.26764488220215,75.101913,11.829999923706055,166.945267,2020-09-02,0.9557650089263916,6,84310585.27531
30.267274,75.101505,2.5799999237060547,167.174789,2020-09-02,0.9542660117149353,6,84310585.267046
30.26734161376953,75.111287,3.140000104904175,167.457642,2020-09-02,0.9510449767112732,8,84310585.713302
30.267348,75.120215,4.039999961853027,167.467361,2020-09-02,0.9648699760437012,11,84310585.75049
30.267276763916016,75.183323,2.5,169.616898,2020-09-14,0.955590009689331,11,85330564.282577
30.266902923583984,75.18291473388672,2.799999952316284,169.323196,2020-09-14,0.9540619850158691,11,85330564.274313
30.26690101623535,75.101096,2.5799999237060547,167.024277,2020-09-02,0.9553689956665039,6,84310585.258782
30.266967,75.110877,14.75,167.250015,2020-09-02,0.9511619806289673,8,84310585.705038
30.26697540283203,75.119807,2.5399999618530273,168.083191,2020-09-02,0.9702029824256897,11,84310585.742226
30.266715,75.164002,17.329999923706055,168.492722,2020-09-14,0.9615079760551453,6,85330563.786682
30.266595,75.110471,4.449999809265137,167.216843,2020-09-02,0.9500150084495544,8,84310585.696774
30.266601,75.11940002441406,2.5399999618530273,167.248764,2020-09-02,0.9561079740524292,11,84310585.733962
30.266529083251953,75.182506,3.9600000381469727,169.408539,2020-09-14,0.9630849957466125,11,85330564.266047
30.266528,75.100687,2.5799999237060547,167.098526,2020-09-02,0.9648140072822571,6,84310585.250518
30.266342163085938,75.163594,13.930000305175781,169.158295,2020-09-14,0.9529250264167786,6,85330563.778418
30.266154,75.100278,2.5399999618530273,166.848862,2020-09-02,0.9579049944877625,6,84310585.242254
30.26622772216797,75.118992,2.5399999618530273,167.188263,2020-09-02,0.9567220211029053,11,84310585.725698
30.265853881835938,75.118584,2.5399999618530273,167.172318,2020-09-02,0.9671210050582886,11,84310585.717434
30.265969,75.163186,12.199999809265137,169.205002,2020-09-14,0.9584429860115051,6,85330563.770154
30.265784,75.181689,2.8399999141693115,169.238892,2020-09-14,0.9539780020713806,11,85330564.249515
30.26578140258789,75.099868,2.5399999618530273,166.898056,2020-09-02,0.9506589770317078,6,84310585.23399
30.265849,75.109655,2.5399999618530273,167.126053,2020-09-02,0.9573410153388977,8,84310585.680246
30.265784,75.172731,8.15999984741211,169.630859,2020-09-14,0.9543300271034241,8,85330564.212318
30.265481,75.118176,2.5799999237060547,167.349365,2020-09-02,0.9698789715766907,11,84310585.70917
30.265401,75.15351104736328,13.399999618530273,167.26441955566406,2020-09-14,0.9529539942741394,5,85330563.716438
30.265409469604492,75.172322,11.1899995803833,168.823242,2020-09-14,0.9533889889717102,8,85330564.204052
30.265409469604492,75.18128204345703,5.690000057220459,169.433472,2020-09-14,0.9560710191726685,11,85330564.241249
30.26540756225586,75.099459,2.7300000190734863,166.843613,2020-09-02,0.958952009677887,6,84310585.225726
30.265108108520508,75.117767,2.619999885559082,167.235611,2020-09-02,0.9678390026092529,11,84310585.700906
30.265029907226562,75.153104,2.690000057220459,167.100693,2020-09-14,0.9500449895858765,5,85330563.708174
30.265037,75.180872,2.5,169.662506,2020-09-14,0.9655500054359436,11,85330564.232983
30.264734268188477,75.117359,2.4700000286102295,167.192459,2020-09-02,0.9650329947471619,11,84310585.692642
30.264852,75.161963,2.950000047683716,168.703125,2020-09-14,0.9501439929008484,6,85330563.745362
30.264663696289062,75.180464,2.619999885559082,169.528397,2020-09-14,0.962323009967804,11,85330564.224717
30.264478,75.161554,2.5399999618530273,169.164734,2020-09-14,0.9500190019607544,6,85330563.737098
30.2642879486084,75.098231,2.5,166.87203979492188,2020-09-02,0.9536430239677429,6,84310585.200934
30.264356,75.108021,2.799999952316284,167.068848,2020-09-02,0.9580860137939453,8,84310585.64719
30.264361,75.116951,2.5,166.960175,2020-09-02,0.962082028388977,11,84310585.684378
30.264283,75.152286,2.5799999237060547,167.252655,2020-09-14,0.950872004032135,5,85330563.691646
30.264289,75.180054,8.569999694824219,169.525238,2020-09-14,0.9592450261116028,11,85330564.216451
30.264104,75.161144,7.630000114440918,169.657684,2020-09-14,0.9558789730072021,6,85330563.728834
30.263982,75.107613,2.7699999809265137,167.848709,2020-09-02,0.9677289724349976,8,84310585.638926
30.263916015625,75.179645,11.720000267028809,169.365524,2020-09-14,0.9557380080223083,11,85330564.208185
30.263607025146484,75.107202,14.979999542236328,167.476395,2020-09-02,0.9623849987983704,8,84310585.630662
30.263614,75.116134,2.6500000953674316,167.031891,2020-09-02,0.955892026424408,11,84310585.66785
30.26354217529297,75.179236,11.829999923706055,170.105942,2020-09-14,0.961870014667511,11,85330564.199919
30.263357162475586,75.160327,6.25,169.580933,2020-09-14,0.9514250159263611,6,85330563.712306
30.263236,75.106796,2.5,166.957001,2020-09-02,0.9599969983100891,8,84310585.622398
30.263240814208984,75.115725,6.170000076293945,167.227005,2020-09-02,0.9571980237960815,11,84310585.659586
30.26317024230957,75.169872,12.199999809265137,168.72113037109375,2020-09-14,0.9525719881057739,8,85330564.154456
30.263168334960938,75.178827,7.340000152587891,178.851761,2020-09-14,0.9577199816703796,11,85330564.191653
30.262983322143555,75.159917,12.729999542236328,168.840408,2020-09-14,0.9521499872207642,6,85330563.704042
30.262863159179688,75.106387,2.619999885559082,166.849915,2020-09-02,0.9593330025672913,8,84310585.614134
30.262868,75.115318,2.5,167.215485,2020-09-02,0.9675670266151428,11,84310585.651322
30.262795,75.178418,3.2899999618530273,184.189987,2020-09-14,0.9533339738845825,11,85330564.183387
30.262488,75.105977,10.109999656677246,167.106949,2020-09-02,0.9608150124549866,8,84310585.60587
30.262495040893555,75.114909,2.5,167.200348,2020-09-02,0.9566680192947388,11,84310585.643058
30.262421,75.17800903320312,6.25,182.613388,2020-09-14,0.9572749733924866,11,85330564.175121
30.262117385864258,75.1055679321289,2.5,166.860489,2020-09-02,0.9511880278587341,8,84310585.597606
30.262121200561523,75.114501,2.5,167.040939,2020-09-02,0.9568660259246826,11,84310585.634794
30.262046813964844,75.177601,8.079999923706055,181.736954,2020-09-14,0.9613080024719238,11,85330564.166855
30.261743,75.105161,3.5199999809265137,166.999954,2020-09-02,0.9518150091171265,8,84310585.589342
30.261748,75.114092,2.619999885559082,166.978821,2020-09-02,0.9591619968414307,11,84310585.62653
30.261676788330078,75.168239,8.010000228881836,168.872726,2020-09-14,0.9502130150794983,8,85330564.121392
30.261375427246094,75.113684,2.619999885559082,167.097641,2020-09-02,0.9685479998588562,11,84310585.618266
30.260995,75.104342,13.289999961853027,168.398285,2020-09-02,0.9598829746246338,8,84310585.572814
30.261001586914062,75.113275,2.5,167.222702,2020-09-02,0.9662650227546692,11,84310585.610002
30.260928,75.176377,3.2200000286102295,183.37413024902344,2020-09-14,0.9597859978675842,11,85330564.142057
30.260623931884766,75.10393524169922,2.690000057220459,167.5173797607422,2020-09-02,0.9545339941978455,8,84310585.56455
30.260629,75.112866,2.5799999237060547,167.136841,2020-09-02,0.9658390283584595,11,84310585.601738
30.260549545288086,75.14820098876953,2.5399999618530273,166.823395,2020-09-14,0.9557859897613525,5,85330563.609006
30.260555267333984,75.175968,8.609999656677246,177.1527099609375,2020-09-14,0.9596220254898071,11,85330564.133791
30.260251,75.103526,2.430000066757202,166.781723,2020-09-02,0.9550870060920715,8,84310585.556286
30.26025390625,75.112456,9.619999885559082,167.354691,2020-09-02,0.9637809991836548,11,84310585.593474
30.259883,75.112049,2.619999885559082,167.043259,2020-09-02,0.9698449969291687,11,84310585.58521
30.259803,75.147382,2.5,166.82723999023438,2020-09-14,0.9520140290260315,5,85330563.592478
30.259505,75.102708,2.5399999618530273,166.318832,2020-09-02,0.9530379772186279,8,84310585.539758
30.259510040283203,75.11164093017578,2.619999885559082,167.071701,2020-09-02,0.9654080271720886,11,84310585.576946
30.259132385253906,75.102299,2.4700000286102295,166.263733,2020-09-02,0.9665510058403015,8,84310585.531494
30.259137,75.111231,2.4700000286102295,167.014191,2020-09-02,0.9648169875144958,11,84310585.568682
30.258758544921875,75.10189056396484,2.5799999237060547,166.25086975097656,2020-09-02,0.9530050158500671,8,84310585.52323
30.258386,75.101481,2.5,166.342133,2020-09-02,0.9567139744758606,8,84310585.514966
30.258391,75.110413,2.5799999237060547,166.854706,2020-09-02,0.9544119834899902,11,84310585.552154
30.258316040039062,75.173519,4.039999961853027,174.466492,2020-09-14,0.9520589709281921,11,85330564.084195
30.258012771606445,75.101072,2.4700000286102295,166.376999,2020-09-02,0.9591820240020752,8,84310585.506702
30.258018493652344,75.110004,2.5399999618530273,166.837921,2020-09-02,0.9541260004043579,11,84310585.54389
30.258132934570312,75.154607,2.5799999237060547,167.478729,2020-09-14,0.9503870010375977,6,85330563.59661
30.257943,75.173111,3.890000104904175,173.5138397216797,2020-09-14,0.9553920030593872,11,85330564.075929
30.257640838623047,75.100663,2.5799999237060547,166.384033,2020-09-02,0.9615439772605896,8,84310585.498438
30.257644653320312,75.109595,2.5799999237060547,166.914474,2020-09-02,0.9651619791984558,11,84310585.535626
30.257266998291016,75.100254,2.5399999618530273,166.479172,2020-09-02,0.963271975517273,8,84310585.490174
30.257272,75.109186,2.5399999618530273,167.062073,2020-09-02,0.9699710011482239,11,84310585.527362
30.256898880004883,75.108777,2.5399999618530273,166.894196,2020-09-02,0.9527360200881958,11,84310585.519098
30.256822,75.171885,13.850000381469727,169.803864,2020-09-14,0.9524580240249634,11,85330564.051131
30.256526,75.108368,2.7699999809265137,167.046051,2020-09-02,0.9595869779586792,11,84310585.510834
30.256450653076172,75.171478,7.820000171661377,168.6795196533203,2020-09-14,0.9589560031890869,11,85330564.042866
30.256148,75.099027,2.5,166.122574,2020-09-02,0.9631220102310181,8,84310585.465382
30.25615119934082,75.107958,8.350000381469727,167.445496,2020-09-02,0.9659540057182312,11,84310585.50257
30.256078,75.162112,13.960000038146973,167.537308,2020-09-14,0.9578239917755127,8,85330563.997414
30.255775451660156,75.098618,2.390000104904175,166.161087,2020-09-02,0.9521440267562866,8,84310585.457118
30.255778,75.107549,5.760000228881836,171.794357,2020-09-02,0.9705979824066162,11,84310585.494306
30.255699,75.142885,2.5399999618530273,166.471527,2020-09-14,0.9512109756469727,5,85330563.501574
30.25570297241211,75.17066192626953,11.720000267028809,168.857285,2020-09-14,0.9585139751434326,11,85330564.026338
30.255401611328125,75.098209,2.5799999237060547,166.011292,2020-09-02,0.9551540017127991,8,84310585.448854
30.255406,75.10713958740234,2.3499999046325684,170.713974,2020-09-02,0.9680309891700745,11,84310585.486042
30.255326,75.142476,2.5,166.206848,2020-09-14,0.9539560079574585,5,85330563.49331
30.25533103942871,75.170252,10.40999984741211,168.478668,2020-09-14,0.9590960144996643,11,85330564.018074
30.255033493041992,75.106731,3.5199999809265137,169.675934,2020-09-02,0.9640640020370483,11,84310585.477778
30.254959,75.160887,11.9399995803833,167.508606,2020-09-14,0.952252984046936,8,85330563.972622
30.25495719909668,75.169843,11.789999961853027,168.22998046875,2020-09-14,0.9693049788475037,11,85330564.00981
30.254659,75.106321,11.75,167.851257,2020-09-02,0.9662749767303467,11,84310585.469514
30.254579544067383,75.141658,2.690000057220459,166.06076049804688,2020-09-14,0.9511849880218506,5,85330563.476782
30.254584,75.169435,12.199999809265137,168.381287,2020-09-14,0.9638699889183044,11,85330564.001546
30.254287,75.105913,3.25,168.401077,2020-09-02,0.9706900119781494,11,84310585.46125
30.253913,75.105503,8.119999885559082,167.927521,2020-09-02,0.9649379849433899,11,84310585.452986
30.253839,75.168618,8.720000267028809,169.467834,2020-09-14,0.9608929753303528,11,85330563.985018
30.253842,75.159663,3.369999885559082,166.432175,2020-09-14,0.9580029845237732,8,85330563.94783
30.253541946411133,75.105096,2.5799999237060547,166.708908,2020-09-02,0.9593330025672913,11,84310585.444722
30.253469467163086,75.159255,2.5799999237060547,165.8743896484375,2020-09-14,0.9614139795303345,8,85330563.939566
30.253465,75.168209,13.8100004196167,168.255478,2020-09-14,0.9593679904937744,11,85330563.976754
30.2531681060791,75.104686,2.619999885559082,166.563339,2020-09-02,0.9688590168952942,11,84310585.436458
30.253097,75.158847,2.619999885559082,165.846634,2020-09-14,0.9592750072479248,8,85330563.931302
30.25309181213379,75.167801,11.9399995803833,168.0657196044922,2020-09-14,0.9536569714546204,11,85330563.96849
30.252795,75.104277,2.6500000953674316,166.0167999267578,2020-09-02,0.9644259810447693,11,84310585.428194
30.25271987915039,75.167392,11.15999984741211,167.833618,2020-09-14,0.9616730213165283,11,85330563.960226
30.252422332763672,75.103868,2.6500000953674316,166.070786,2020-09-02,0.9686189889907837,11,84310585.41993
30.252341,75.139207,2.5799999237060547,166.55690002441406,2020-09-14,0.9546300172805786,5,85330563.427198
30.252347,75.166984,12.430000305175781,167.731888,2020-09-14,0.9666659832000732,11,85330563.951962
30.252049,75.103459,2.4700000286102295,166.080994,2020-09-02,0.9668189883232117,11,84310585.411666
30.251967,75.138799,2.6500000953674316,166.654877,2020-09-14,0.9536679983139038,5,85330563.418934
30.251973,75.166575,14.380000114440918,167.499557,2020-09-14,0.9644309878349304,11,85330563.943698
30.251676,75.1030502319336,2.5,165.910263,2020-09-02,0.9581940174102783,11,84310585.403402
30.25179100036621,75.147657,2.6500000953674316,166.07843017578125,2020-09-14,0.9537169933319092,6,85330563.456122
30.251601,75.166167,12.050000190734863,167.767929,2020-09-14,0.959958016872406,11,85330563.935434
30.251594,75.138391,2.5799999237060547,166.534744,2020-09-14,0.957643985748291,5,85330563.41067
30.251473,75.201636,8.979999542236328,169.7697296142578,2020-09-06,0.9629160165786743,5,84650559.477215
30.25130271911621,75.102641,2.5399999618530273,165.9224395751953,2020-09-02,0.9550169706344604,11,84310585.395138
30.251220703125,75.137983,2.799999952316284,166.448395,2020-09-14,0.961663007736206,5,85330563.402406
30.251101,75.201229,2.5,169.876221,2020-09-06,0.9620670080184937,5,84650559.468949
30.250930786132812,75.102232,2.6500000953674316,165.855209,2020-09-02,0.9627879858016968,11,84310585.386874
30.25084686279297,75.137575,2.619999885559082,166.584747,2020-09-14,0.9524930119514465,5,85330563.394142
30.250728,75.200821,2.5799999237060547,169.923508,2020-09-06,0.9569439888000488,5,84650559.460683
30.25055694580078,75.101822,2.619999885559082,165.974716,2020-09-02,0.960919976234436,11,84310585.37861
30.250486373901367,75.155986,2.6500000953674316,167.420563,2020-09-14,0.9500259757041931,8,85330563.873454
30.2504825592041,75.164942,7.449999809265137,168.300934,2020-09-14,0.9678429961204529,11,85330563.910642
30.250354766845703,75.200412,2.5799999237060547,169.723907,2020-09-06,0.95489501953125,5,84650559.452417
30.25018310546875,75.101413,2.690000057220459,166.622925,2020-09-02,0.9755409955978394,11,84310585.370346
30.250112,75.155577,7.21999979019165,167.553391,2020-09-14,0.9537180066108704,8,85330563.86519
30.250110626220703,75.164533,7.900000095367432,166.566544,2020-09-14,0.970969021320343,11,85330563.902378
30.249981,75.200004,2.5799999237060547,169.69960021972656,2020-09-06,0.9567469954490662,5,84650559.444151
30.24980926513672,75.101004,2.6500000953674316,166.825119,2020-09-02,0.9769440293312073,11,84310585.362082
30.249725341796875,75.1363525390625,6.46999979019165,165.639572,2020-09-14,0.9505670070648193,5,85330563.36935
30.249738,75.164125,4.190000057220459,166.99765014648438,2020-09-14,0.9582880139350891,11,85330563.894114
30.249608,75.199596,2.5,169.464249,2020-09-06,0.9543039798736572,5,84650559.435885
30.24943733215332,75.100595,2.619999885559082,166.740082,2020-09-02,0.9671270251274109,11,84310585.353818
30.249364,75.163716,7.78000020980835,167.554504,2020-09-14,0.9630529880523682,11,85330563.88585
30.249351501464844,75.135943,2.619999885559082,166.354614,2020-09-14,0.9630640149116516,5,85330563.361086
30.249235153198242,75.199187,2.5,169.495926,2020-09-06,0.9524080157279968,5,84650559.427619
30.24906349182129,75.100186,2.7300000190734863,166.333633,2020-09-02,0.9623280167579651,11,84310585.345554
30.248977661132812,75.135536,2.690000057220459,166.133453,2020-09-14,0.9522089958190918,5,85330563.352822
30.248992,75.163307,6.659999847412109,168.085785,2020-09-14,0.9598569869995117,11,85330563.877586
30.24886131286621,75.198779,2.5,169.463608,2020-09-06,0.9547060132026672,5,84650559.419353
30.248801,75.144388,11.829999923706055,168.009521,2020-09-14,0.9585930109024048,6,85330563.39001
30.248689651489258,75.099777,2.5,166.298767,2020-09-02,0.9589409828186035,11,84310585.33729
30.248605,75.135128,2.6500000953674316,166.151169,2020-09-14,0.9556059837341309,5,85330563.344558
30.248619079589844,75.153942,9.279999732971191,167.647736,2020-09-14,0.9502490162849426,8,85330563.832134
30.248488,75.198371,2.619999885559082,169.444962,2020-09-06,0.9580000042915344,5,84650559.411087
30.248430252075195,75.143983,2.390000104904175,168.347198,2020-09-14,0.9517049789428711,6,85330563.381746
30.248247146606445,75.153533,12.239999771118164,167.558029,2020-09-14,0.9555040001869202,8,85330563.82387
30.248247146606445,75.162492,2.690000057220459,166.803329,2020-09-14,0.9507399797439575,11,85330563.861058
30.248231,75.13471984863281,2.9200000762939453,166.657028,2020-09-14,0.9582949876785278,5,85330563.336294
30.248056411743164,75.143575,2.5399999618530273,167.97142028808594,2020-09-14,0.9654030203819275,6,85330563.373482
30.24811363220215,75.197962,2.619999885559082,169.585403,2020-09-06,0.9639549851417542,5,84650559.402821
30.247741,75.197553,2.619999885559082,169.609848,2020-09-06,0.9621009826660156,5,84650559.394555
30.247682,75.143167,2.5399999618530273,167.656403,2020-09-14,0.9568549990653992,6,85330563.365218
30.247501373291016,75.161675,2.6500000953674316,167.139954,2020-09-14,0.9547179937362671,11,85330563.84453
30.247367,75.197145,2.5799999237060547,169.294464,2020-09-06,0.9593179821968079,5,84650559.386289
30.2473087310791,75.14276123046875,2.5799999237060547,166.527863,2020-09-14,0.9597910046577454,6,85330563.356954
30.247127532958984,75.161266,2.6500000953674316,167.207245,2020-09-14,0.9511539936065674,11,85330563.836266
30.246994018554688,75.196736,2.619999885559082,169.187317,2020-09-06,0.9533169865608215,5,84650559.378023
30.246755599975586,75.151902,2.430000066757202,167.444168,2020-09-14,0.9506189823150635,8,85330563.790814
30.246621,75.196327,2.5,169.310547,2020-09-06,0.955968976020813,5,84650559.369757
30.246361,75.132683,2.7300000190734863,165.962662,2020-09-14,0.9530050158500671,5,85330563.294974
30.246381,75.151491,11.680000305175781,167.402496,2020-09-14,0.9520829916000366,8,85330563.78255
30.246381759643555,75.160449,2.619999885559082,167.22850036621094,2020-09-14,0.9539110064506531,11,85330563.819738
30.246247,75.195919,2.5799999237060547,169.166855,2020-09-06,0.9604229927062988,5,84650559.361491
30.246187210083008,75.141537,2.6500000953674316,166.356262,2020-09-14,0.9500489830970764,6,85330563.332162
30.246007,75.151082,13.8100004196167,167.557938,2020-09-14,0.9549390077590942,8,85330563.774286
30.246009,75.160041,2.690000057220459,167.050415,2020-09-14,0.9555739760398865,11,85330563.811474
30.245874404907227,75.19551086425781,2.5799999237060547,169.159042,2020-09-06,0.9556919932365417,5,84650559.353225
30.245634078979492,75.150674,11.449999809265137,168.205948,2020-09-14,0.9588590264320374,8,85330563.766022
30.245635,75.159631,5.71999979019165,167.281586,2020-09-14,0.9550619721412659,11,85330563.80321
30.245261,75.150267,6.170000076293945,169.936188,2020-09-14,0.9649220108985901,8,85330563.757758
30.245262145996094,75.159222,5.909999847412109,167.555847,2020-09-14,0.9622099995613098,11,85330563.794946
30.245126724243164,75.194692,2.619999885559082,169.052353,2020-09-06,0.9559720158576965,5,84650559.336696
30.244863510131836,75.131053,2.7300000190734863,168.070831,2020-09-14,0.9504510164260864,5,85330563.261914
30.244889,75.149859,2.6500000953674316,168.997147,2020-09-14,0.9563660025596619,8,85330563.749494
30.244889,75.158814,5.050000190734863,166.924347,2020-09-14,0.9651510119438171,11,85330563.786682
30.244752883911133,75.194284,2.6500000953674316,169.201813,2020-09-06,0.9685400128364563,5,84650559.328432
30.244515,75.158406,6.889999866485596,167.926849,2020-09-14,0.9631670117378235,11,85330563.778418
30.244380950927734,75.193875,2.5799999237060547,168.975296,2020-09-06,0.9505509734153748,5,84650559.320168
30.244142,75.157997,9.6899995803833,167.214447,2020-09-14,0.9553840160369873,11,85330563.770154
30.244007110595703,75.193466,2.5,169.16329956054688,2020-09-06,0.9621090292930603,5,84650559.311904
30.243770599365234,75.1575927734375,2.6500000953674316,167.277023,2020-09-14,0.9609240293502808,11,85330563.76189
30.243566513061523,75.138682,9.359999656677246,168.648407,2020-09-14,0.9600380063056946,6,85330563.274313
30.243633270263672,75.193057,2.5399999618530273,168.957901,2020-09-06,0.9503160119056702,5,84650559.30364
30.243461,75.201892,2.619999885559082,168.559128,2020-09-06,0.9569560289382935,6,84650559.340828
30.243396,75.148227,2.690000057220459,166.228134,2020-09-14,0.9521570205688477,8,85330563.716438
30.243396,75.157182,2.5399999618530273,167.261322,2020-09-14,0.9610260128974915,11,85330563.753626
30.24325942993164,75.192648,2.5799999237060547,168.959732,2020-09-06,0.9627609848976135,5,84650559.295376
30.243022918701172,75.156773,2.5799999237060547,167.25148010253906,2020-09-14,0.9577419757843018,11,85330563.745362
30.243087768554688,75.201483,2.6500000953674316,168.547821,2020-09-06,0.965582013130188,6,84650559.332564
30.243022,75.147818,2.7699999809265137,166.756592,2020-09-14,0.9650110006332397,8,85330563.708174
30.24288558959961,75.1922378540039,2.6500000953674316,169.044769,2020-09-06,0.9602519869804382,5,84650559.287112
30.242649,75.14740753173828,2.619999885559082,166.388489,2020-09-14,0.9567360281944275,8,85330563.69991
30.24264907836914,75.156365,2.5399999618530273,167.066788,2020-09-14,0.9609240293502808,11,85330563.737098
30.242713,75.201073,7.190000057220459,169.837555,2020-09-06,0.9588689804077148,6,84650559.3243
30.242446899414062,75.137461,2.5799999237060547,168.789703,2020-09-14,0.9532219767570496,6,85330563.249515
30.242513,75.191831,2.619999885559082,168.841446,2020-09-06,0.9578660130500793,5,84650559.278848
30.242244720458984,75.128198,9.020000457763672,166.583527,2020-09-14,0.9523720145225525,5,85330563.204052
30.242276,75.155957,2.799999952316284,167.065033,2020-09-14,0.9633309841156006,11,85330563.728834
30.242139,75.191422,2.8399999141693115,168.796173,2020-09-06,0.9621530175209045,5,84650559.270584
30.24190330505371,75.155549,2.5399999618530273,166.952576,2020-09-14,0.9565029740333557,11,85330563.72057
30.241966247558594,75.200254,9.8100004196167,168.931778,2020-09-06,0.9607269763946533,6,84650559.307772
30.24176597595215,75.191013,2.5799999237060547,168.674438,2020-09-06,0.9611510038375854,5,84650559.26232
30.241498947143555,75.127384,2.5799999237060547,166.200714,2020-09-14,0.950534999370575,5,85330563.18752
30.241529,75.15514373779297,2.619999885559082,167.24085998535156,2020-09-14,0.9547600150108337,11,85330563.712306
30.241593,75.199846,9.020000457763672,168.414474,2020-09-06,0.9678549766540527,6,84650559.299508
30.241392135620117,75.190604,2.6500000953674316,168.510529,2020-09-06,0.9634529948234558,5,84650559.254056
30.24121856689453,75.199437,9.239999771118164,169.183212,2020-09-06,0.9621189832687378,6,84650559.291244
30.241122,75.126973,15.199999809265137,166.281601,2020-09-14,0.9599890112876892,5,85330563.179254
30.24115562438965,75.154732,3.140000104904175,166.722458,2020-09-14,0.9529740214347839,11,85330563.704042
30.241019,75.190196,2.619999885559082,168.608307,2020-09-06,0.9604970216751099,5,84650559.245792
30.240783,75.154323,2.990000009536743,166.930618,2020-09-14,0.9579740166664124,11,85330563.695778
30.240846633911133,75.199029,6.46999979019165,168.692444,2020-09-06,0.9560949802398682,6,84650559.28298
30.240646362304688,75.189787,2.5799999237060547,168.583405,2020-09-06,0.9604830145835876,5,84650559.237528
30.240409,75.15391540527344,2.7300000190734863,166.851318,2020-09-14,0.9540799856185913,11,85330563.687514
30.240272,75.189378,2.690000057220459,168.684982,2020-09-06,0.9635360240936279,5,84650559.229264
30.240474,75.198621,2.6500000953674316,168.334488,2020-09-06,0.954006016254425,6,84650559.274716
30.240101,75.198212,2.619999885559082,168.310394,2020-09-06,0.9617099761962891,6,84650559.266452
30.240003,75.125751,7.039999961853027,166.210892,2020-09-14,0.9598709940910339,5,85330563.154456
30.240036010742188,75.153507,2.4700000286102295,166.952393,2020-09-14,0.9552040100097656,11,85330563.67925
30.239898681640625,75.18897247314453,2.5399999618530273,168.126526,2020-09-06,0.9562940001487732,5,84650559.221
30.239663,75.153099,2.5,166.805984,2020-09-14,0.9629160165786743,11,85330563.670986
30.239727020263672,75.197804,2.5,168.344818,2020-09-06,0.9535890221595764,6,84650559.258188
30.2396297454834,75.125344,2.7300000190734863,165.827164,2020-09-14,0.9564899802207947,5,85330563.14619
30.239289,75.1526870727539,2.799999952316284,166.750031,2020-09-14,0.9559209942817688,11,85330563.662722
30.239152,75.188153,2.5799999237060547,167.946091,2020-09-06,0.9531639814376831,5,84650559.204472
30.239354,75.19739532470703,2.5399999618530273,168.620758,2020-09-06,0.965749979019165,6,84650559.249924
30.238881,75.124526,11.039999961853027,165.690735,2020-09-14,0.9502689838409424,5,85330563.129658
30.238914489746094,75.14332580566406,2.8399999141693115,167.276596,2020-09-14,0.9601569771766663,8,85330563.61727
30.238916397094727,75.152282,2.619999885559082,167.023773,2020-09-14,0.9621260166168213,11,85330563.654458
30.238778,75.187744140625,2.5,168.021088,2020-09-06,0.9506369829177856,5,84650559.196208
30.238541,75.142917,2.619999885559082,167.618073,2020-09-14,0.9648720026016235,8,85330563.609006
30.238542,75.151873,2.5399999618530273,167.164886,2020-09-14,0.9643679857254028,11,85330563.646194
30.238606,75.196577,4.559999942779541,168.266754,2020-09-06,0.9628409743309021,6,84650559.233396
30.238233,75.196168,4.75,168.37998962402344,2020-09-06,0.962261974811554,6,84650559.225132
30.238135,75.123711,2.619999885559082,166.742081,2020-09-14,0.9621430039405823,5,85330563.113126
30.23816680908203,75.142507,8.609999656677246,167.677139,2020-09-14,0.9512060284614563,8,85330563.600742
30.238168716430664,75.151465,2.5799999237060547,166.834442,2020-09-14,0.9584929943084717,11,85330563.63793
30.23785972595215,75.19576263427734,2.799999952316284,168.276474,2020-09-06,0.9646620154380798,6,84650559.216868
30.237796,75.151056,2.619999885559082,166.219711,2020-09-14,0.9685990214347839,11,85330563.629666
30.23765754699707,75.186518,2.5399999618530273,167.996811,2020-09-06,0.9633520245552063,5,84650559.171416
30.2374210357666,75.141691,2.5799999237060547,168.689957,2020-09-14,0.9641640186309814,8,85330563.584214
30.237422943115234,75.150648,2.690000057220459,166.372498,2020-09-14,0.9571490287780762,11,85330563.621402
30.237485885620117,75.195351,2.5799999237060547,168.352859,2020-09-06,0.961368978023529,6,84650559.208604
30.23728370666504,75.18611145019531,2.5799999237060547,167.878754,2020-09-06,0.9535229802131653,5,84650559.163152
30.237113,75.194943,2.690000057220459,168.384109,2020-09-06,0.9672369956970215,6,84650559.20034
30.237048,75.141282,2.5,168.489639,2020-09-14,0.9593330025672913,8,85330563.57595
30.237049,75.150239,2.619999885559082,166.500275,2020-09-14,0.9591159820556641,11,85330563.613138
30.236911,75.185702,2.5399999618530273,167.934143,2020-09-06,0.9578679800033569,5,84650559.154888
30.236739,75.19453430175781,2.5799999237060547,168.475342,2020-09-06,0.9707850217819214,6,84650559.192076
30.236641,75.122078,2.880000114440918,165.937012,2020-09-14,0.9532660245895386,5,85330563.080062
30.236675262451172,75.140873,2.7300000190734863,167.699738,2020-09-14,0.9534400105476379,8,85330563.567686
30.236676,75.149831,2.6500000953674316,166.907684,2020-09-14,0.9537109732627869,11,85330563.604874
30.236537,75.185294,2.619999885559082,166.96817016601562,2020-09-06,0.9575700163841248,5,84650559.146624
30.236466,75.130935,2.5799999237060547,165.611374,2020-09-14,0.955685019493103,6,85330563.117259
30.236302,75.14046478271484,3.2200000286102295,167.239563,2020-09-14,0.954243004322052,8,85330563.559422
30.236303329467773,75.149422,2.799999952316284,166.765839,2020-09-14,0.9528250098228455,11,85330563.59661
30.236366271972656,75.194126,2.5799999237060547,168.421249,2020-09-06,0.9663500189781189,6,84650559.183812
30.236091,75.130525,9.100000381469727,166.003571,2020-09-14,0.9540299773216248,6,85330563.108993
30.236164093017578,75.184885,2.5799999237060547,166.922974,2020-09-06,0.9554259777069092,5,84650559.13836
30.235992431640625,75.193717,2.6500000953674316,168.266006,2020-09-06,0.9561870098114014,6,84650559.175548
30.235894,75.121262,2.5399999618530273,165.530228,2020-09-14,0.9552289843559265,5,85330563.06353
30.235929,75.140056,2.6500000953674316,168.752487,2020-09-14,0.9647349715232849,8,85330563.551158
30.235929489135742,75.149013,2.5399999618530273,166.664383,2020-09-14,0.956915020942688,11,85330563.588346
30.235790252685547,75.184477,2.7300000190734863,167.212128,2020-09-06,0.9576770067214966,5,84650559.130096
30.2357177734375,75.130117,5.800000190734863,169.267365,2020-09-14,0.9533129930496216,6,85330563.100727
30.235567092895508,75.174234,2.799999952316284,167.90151977539062,2020-09-06,0.9510859847068787,3,84650558.671445
30.235618591308594,75.193309,2.619999885559082,168.229553,2020-09-06,0.9613159894943237,6,84650559.167284
30.235519409179688,75.120854,2.7699999809265137,165.554153,2020-09-14,0.957148015499115,5,85330563.055264
30.23555564880371,75.139647,2.6500000953674316,168.612122,2020-09-14,0.9654539823532104,8,85330563.542894
30.235557,75.14860534667969,2.4700000286102295,166.642014,2020-09-14,0.9555580019950867,11,85330563.580082
30.235417,75.184068,2.5399999618530273,167.897156,2020-09-06,0.96144700050354,5,84650559.121832
30.23534393310547,75.129709,5.309999942779541,168.173843,2020-09-14,0.9581769704818726,6,85330563.092461
30.235183,75.139238,2.619999885559082,168.486694,2020-09-14,0.9618300199508667,8,85330563.53463
30.235183,75.148196,2.5799999237060547,166.674744,2020-09-14,0.9619629979133606,11,85330563.571818
30.23524284362793,75.192898,10.630000114440918,168.439331,2020-09-06,0.9646610021591187,6,84650559.15902
30.234872,75.192492,2.619999885559082,168.269409,2020-09-06,0.9634169936180115,6,84650559.150756
30.309354,75.098405,2.5799999237060547,167.522461,2020-10-20,0.9516339898109436,5,88420132.593155
30.3074893951416,75.100448,23.559999,167.992111,2020-10-20,0.9530720114707947,5,88420132.634485
30.307117462158203,75.100857,19.700001,168.230469,2020-10-20,0.9507660269737244,5,88420132.642751
30.306367874145508,75.101677,2.6500000953674316,167.81394958496094,2020-10-20,0.955485999584198,5,88420132.659283
30.305623,75.102493,13.970000267028809,167.882309,2020-10-20,0.9574159979820251,5,88420132.675815
30.304131,75.104128,15.649999618530273,167.742996,2020-10-20,0.9592130184173584,5,88420132.708876
30.301539,75.098311,16.209999,167.317856,2020-10-20,0.9541490077972412,6,88420132.630352
30.300773,75.107808,5.159999847412109,170.445221,2020-10-20,0.9512310028076172,5,88420132.783252
30.300416946411133,75.099539,2.5799999237060547,167.717285,2020-10-20,0.9517499804496765,6,88420132.65515
30.300027,75.108625,2.9200000762939453,175.387268,2020-10-20,0.9506199955940247,5,88420132.79978
30.299671173095703,75.100357,2.8399999141693115,168.040833,2020-10-20,0.9582170248031616,6,88420132.671682
30.299298,75.100766,2.6500000953674316,168.221359,2020-10-20,0.9543089866638184,6,88420132.679948
30.299281,75.109442,9.65999984741211,170.449478,2020-10-20,0.9522690176963806,5,88420132.816308
30.297416,75.111485,7.96999979019165,170.2226104736328,2020-10-20,0.953665018081665,5,88420132.857628
30.297042846679688,75.111895,6.400000095367432,169.336716,2020-10-20,0.9523379802703857,5,88420132.865892
30.29668617248535,75.103627,2.5399999618530273,168.144409,2020-10-20,0.9504830241203308,6,88420132.7378
30.296313,75.104036,2.5,168.249237,2020-10-20,0.9514589905738831,6,88420132.746064
30.295940399169922,75.104444,2.5399999618530273,168.170288,2020-10-20,0.9503350257873535,6,88420132.754328
30.295569,75.104852,9.510000228881836,169.183121,2020-10-20,0.9550939798355103,6,88420132.762592
30.295552,75.113529,9.100000381469727,169.27037048339844,2020-10-20,0.9505980014801025,5,88420132.898948
30.2948055267334,75.114347,4.710000038146973,168.738632,2020-10-20,0.9640859961509705,5,88420132.915476
30.294448852539062,75.106078,6.659999847412109,169.131332,2020-10-20,0.9531490206718445,6,88420132.787384
30.294076919555664,75.106486,13.970000267028809,166.751526,2020-10-20,0.9553030133247375,6,88420132.795648
30.2933292388916,75.107305,2.880000114440918,168.031128,2020-10-20,0.9553269743919373,6,88420132.812176
30.291839599609375,75.108938,14.600000381469727,168.232788,2020-10-20,0.9572910070419312,6,88420132.845232
30.291465759277344,75.109347,8.800000190734863,168.159195,2020-10-20,0.9613829851150513,6,88420132.853496
30.290719,75.110165,2.5399999618530273,168.590973,2020-10-20,0.956184983253479,6,88420132.870024
30.290371,75.098077,2.430000066757202,167.500885,2020-10-20,0.9592419862747192,8,88420133.101416
30.289998,75.098486,2.390000104904175,166.880295,2020-10-20,0.9509400129318237,8,88420133.10968
30.289976119995117,75.110981,15.989999771118164,168.304977,2020-10-20,0.9565380215644836,6,88420132.886552
30.289228439331055,75.11180114746094,2.4700000286102295,168.460846,2020-10-20,0.950531005859375,6,88420132.90308
30.288137435913086,75.100531,13.140000343322754,166.989029,2020-10-20,0.9502819776535034,8,88420133.151
30.287763,75.100941,2.390000104904175,166.635147,2020-10-20,0.9553260207176208,8,88420133.159264
30.287349700927734,75.122526,2.6500000953674316,169.057968,2020-10-20,0.9546449780464172,5,88420133.080756
30.286618,75.114662,2.4700000286102295,168.134186,2020-10-20,0.9522839784622192,6,88420132.960928
30.286605,75.12334442138672,2.5,169.295486,2020-10-20,0.9512439966201782,5,88420133.097284
30.285900115966797,75.102986,2.390000104904175,166.650101,2020-10-20,0.9568340182304382,8,88420133.200584
30.2855281829834,75.103395,2.5,166.994202,2020-10-20,0.9553170204162598,8,88420133.208848
30.284753799438477,75.116706,2.5,167.483414,2020-10-20,0.9537979960441589,6,88420133.002248
30.284743,75.125387,12.130000114440918,169.940918,2020-10-20,0.9546210169792175,5,88420133.138604
30.284381,75.117115,2.5799999237060547,167.686554,2020-10-20,0.9506829977035522,6,88420133.010512
30.284038,75.105031,2.390000104904175,167.1356201171875,2020-10-20,0.9542639851570129,8,88420133.241904
30.284008026123047,75.117524,2.619999885559082,167.770493,2020-10-20,0.9503859877586365,6,88420133.018776
30.28363609313965,75.117933,3.0999999046325684,167.565094,2020-10-20,0.9520750045776367,6,88420133.02704
30.282878875732422,75.127434,2.5799999237060547,168.626389,2020-10-20,0.9504809975624084,5,88420133.179924
30.282477,75.098192,2.430000066757202,166.196045,2020-10-20,0.9576280117034912,11,88420133.138604
30.282506,75.127843,2.5399999618530273,168.97525024414062,2020-10-20,0.9539589881896973,5,88420133.188188
30.28214454650879,75.119569,2.7300000190734863,167.694748,2020-10-20,0.9510380029678345,6,88420133.060096
30.2821044921875,75.098601,2.5,166.136475,2020-10-20,0.9663289785385132,11,88420133.146868
30.281732,75.09900665283203,2.430000066757202,166.186279,2020-10-20,0.9633510112762451,11,88420133.155132
30.281761169433594,75.128662109375,2.6500000953674316,168.506287,2020-10-20,0.9600160121917725,5,88420133.204716
30.281388,75.129069,2.5799999237060547,168.384079,2020-10-20,0.9528040289878845,5,88420133.21298
30.280986785888672,75.099828,2.5399999618530273,166.09523010253906,2020-10-20,0.9518330097198486,11,88420133.17166
30.280683,75.108711,2.430000066757202,166.885208,2020-10-20,0.9509490132331848,8,88420133.31628
30.280242,75.100647,2.4700000286102295,166.232956,2020-10-20,0.9507989883422852,11,88420133.188188
30.280282,75.121614,2.619999885559082,167.984161,2020-10-20,0.9569039940834045,6,88420133.101416
30.279563903808594,75.109938,2.7699999809265137,167.032806,2020-10-20,0.9522749781608582,8,88420133.341072
30.279537200927734,75.122432,2.5399999618530273,168.193665,2020-10-20,0.9512069821357727,6,88420133.117944
30.279191,75.110347,2.6500000953674316,167.13619995117188,2020-10-20,0.9620980024337769,8,88420133.349336
30.279124,75.101873,2.4700000286102295,166.329514,2020-10-20,0.9524239897727966,11,88420133.21298
30.278752,75.102282,2.4700000286102295,166.405014,2020-10-20,0.9608380198478699,11,88420133.221244
30.278818130493164,75.11075592041016,2.430000066757202,167.237198,2020-10-20,0.9543250203132629,8,88420133.3576
30.278779,75.131931,2.5799999237060547,168.007477,2020-10-20,0.9523919820785522,5,88420133.270828
30.277633666992188,75.103509,2.5,166.507156,2020-10-20,0.9528229832649231,11,88420133.246036
30.27651596069336,75.104736,2.390000104904175,166.424179,2020-10-20,0.9523000121116638,11,88420133.270828
30.276541,75.13438415527344,2.5799999237060547,167.830872,2020-10-20,0.9554340243339539,5,88420133.320412
30.276143,75.105145,2.4700000286102295,166.499634,2020-10-20,0.9501559734344482,11,88420133.279092
30.275794982910156,75.135201,2.5399999618530273,167.91188049316406,2020-10-20,0.9528909921646118,5,88420133.33694
30.27539825439453,75.105963,2.5,166.408997,2020-10-20,0.9514179825782776,11,88420133.29562
30.275422,75.13561248779297,2.690000057220459,167.869278,2020-10-20,0.9520990252494812,5,88420133.345204
30.275065,75.127339,2.5,167.995453,2020-10-20,0.9514150023460388,6,88420133.217112
30.274676,75.136428,2.5799999237060547,167.646698,2020-10-20,0.9550700187683105,5,88420133.361732
30.27427864074707,75.107189,2.5,167.205673,2020-10-20,0.9510489702224731,11,88420133.320412
30.274303436279297,75.136837,2.7300000190734863,167.62294006347656,2020-10-20,0.9564939737319946,5,88420133.369996
30.273929,75.13724517822266,2.5799999237060547,167.665085,2020-10-20,0.9670299887657166,5,88420133.37826
30.272811,75.13847351074219,8.5,172.214752,2020-10-20,0.9543759822845459,5,88420133.403052
30.272456,75.13020324707031,2.5799999237060547,167.9330596923828,2020-10-20,0.9514269828796387,6,88420133.27496
30.272042,75.109642,2.4700000286102295,167.264389,2020-10-20,0.9532020092010498,11,88420133.369996
30.2717227935791,75.118527,2.5,167.232498,2020-10-20,0.9521160125732422,8,88420133.514627
30.271709442138672,75.131018,2.5,167.777161,2020-10-20,0.9537929892539978,6,88420133.291488
30.270591735839844,75.132244,2.799999952316284,168.247238,2020-10-20,0.9609929919242859,6,88420133.31628
30.270229,75.120164,2.4700000286102295,167.30776977539062,2020-10-20,0.9551630020141602,8,88420133.547691
30.270217895507812,75.132653,2.390000104904175,167.227036,2020-10-20,0.9675959944725037,6,88420133.324544
30.27019500732422,75.141334,2.5,167.975922,2020-10-20,0.9543169736862183,5,88420133.4609
30.26980209350586,75.112096,2.390000104904175,167.040359,2020-10-20,0.9503269791603088,11,88420133.41958
30.269855499267578,75.120573,2.4700000286102295,167.359009,2020-10-20,0.9670320153236389,8,88420133.555957
30.269845,75.133062,2.5399999618530273,167.062714,2020-10-20,0.9617609977722168,6,88420133.332808
30.269472122192383,75.13346862792969,2.430000066757202,167.06072998046875,2020-10-20,0.955909013748169,6,88420133.341072
30.269448,75.142152,2.8399999141693115,168.075027,2020-10-20,0.9510939717292786,5,88420133.47743
30.269055,75.112914,2.5,166.959488,2020-10-20,0.9566720128059387,11,88420133.436108
30.269099,75.133879,2.430000066757202,167.18399047851562,2020-10-20,0.9567520022392273,6,88420133.349336
30.268362045288086,75.122209,2.5,167.6017303466797,2020-10-20,0.9585080146789551,8,88420133.589021
30.268325805664062,75.143379,2.5799999237060547,166.966309,2020-10-20,0.950111985206604,5,88420133.502228
30.268308,75.113732,2.5399999618530273,166.866302,2020-10-20,0.9551600217819214,11,88420133.452636
30.267988204956055,75.122618,2.4700000286102295,167.628342,2020-10-20,0.9549779891967773,8,88420133.597287
30.267242431640625,75.123437,2.430000066757202,167.360046,2020-10-20,0.9517030119895935,8,88420133.613819
30.267188,75.114959,2.5,167.080627,2020-10-20,0.9549829959869385,11,88420133.47743
30.266814,75.115368,2.430000066757202,166.938705,2020-10-20,0.957722008228302,11,88420133.485696
30.266868591308594,75.123846,2.4700000286102295,167.357788,2020-10-20,0.9542139768600464,8,88420133.622085
30.26685905456543,75.136332,2.5799999237060547,167.9230499267578,2020-10-20,0.9520400166511536,6,88420133.39892
30.26683235168457,75.145015,2.5,166.642517,2020-10-20,0.9579579830169678,5,88420133.535292
30.26643943786621,75.115777,2.4700000286102295,166.770691,2020-10-20,0.9544379711151123,11,88420133.493962
30.266458,75.145425,2.5399999618530273,166.630447,2020-10-20,0.9554650187492371,5,88420133.543558
30.266122817993164,75.12466430664062,2.390000104904175,167.03211975097656,2020-10-20,0.9639319777488708,8,88420133.638617
30.26611328125,75.137149,2.5,167.456909,2020-10-20,0.9502279758453369,6,88420133.415448
30.265711,75.146243,2.5799999237060547,166.158813,2020-10-20,0.9579160213470459,5,88420133.56009
30.265365600585938,75.137967,2.6500000953674316,166.969925,2020-10-20,0.9613580107688904,6,88420133.431976
30.265336990356445,75.146652,2.5,166.28067016601562,2020-10-20,0.9584659934043884,5,88420133.568356
30.265004,75.125891,2.4700000286102295,167.296005,2020-10-20,0.9514859914779663,8,88420133.663415
30.26494598388672,75.117414,2.5,167.049805,2020-10-20,0.9506080150604248,11,88420133.527026
30.264572143554688,75.117823,2.5,167.026642,2020-10-20,0.9558389782905579,11,88420133.535292
30.264591217041016,75.14746856689453,2.6500000953674316,166.187393,2020-10-20,0.9747499823570251,5,88420133.584888
30.264199,75.118232,2.4700000286102295,167.225998,2020-10-20,0.9556149840354919,11,88420133.543558
30.264258,75.126709,2.4700000286102295,166.930466,2020-10-20,0.9638950228691101,8,88420133.679947
30.264245986938477,75.139194,2.390000104904175,167.576035,2020-10-20,0.9557510018348694,6,88420133.456768
30.263887405395508,75.127117,7.75,166.844025,2020-10-20,0.9632109999656677,8,88420133.688213
30.263872146606445,75.139603,2.5399999618530273,167.275925,2020-10-20,0.9521070122718811,6,88420133.465032
30.263452,75.11904907226562,2.5,167.193359,2020-10-20,0.9566140174865723,11,88420133.56009
30.263513,75.127527,2.430000066757202,170.68865966796875,2020-10-20,0.9585639834403992,8,88420133.696479
30.263125,75.140421,2.5399999618530273,166.903824,2020-10-20,0.9516519904136658,6,88420133.481563
30.263078,75.119459,2.4700000286102295,167.241135,2020-10-20,0.9527940154075623,11,88420133.568356
30.263097,75.149105,2.5799999237060547,166.585342,2020-10-20,0.9584259986877441,5,88420133.617952
30.262767791748047,75.128345,2.430000066757202,167.118225,2020-10-20,0.9520429968833923,8,88420133.713008
30.262751,75.14083099365234,2.7699999809265137,166.911545,2020-10-20,0.9519709944725037,6,88420133.489829
30.262331008911133,75.120278,2.5399999618530273,167.082275,2020-10-20,0.9503480195999146,11,88420133.584888
30.262395,75.128753,2.390000104904175,167.322464,2020-10-20,0.9524649977684021,8,88420133.721272
30.262022018432617,75.129162,2.430000066757202,167.037918,2020-10-20,0.95660400390625,8,88420133.729536
30.26200294494629,75.141648,2.5,166.503433,2020-10-20,0.9621520042419434,6,88420133.506361
30.261978149414062,75.150332,2.5,166.544479,2020-10-20,0.9506270289421082,5,88420133.64275
30.261629104614258,75.142057,2.430000066757202,166.531448,2020-10-20,0.9543009996414185,6,88420133.514627
30.261277,75.1299819946289,2.390000104904175,167.101807,2020-10-20,0.9575909972190857,8,88420133.746064
30.261232376098633,75.15115356445312,2.5,166.558838,2020-10-20,0.9538580179214478,5,88420133.659282
30.260905,75.130389,2.390000104904175,167.049698,2020-10-20,0.9576749801635742,8,88420133.754328
30.26083755493164,75.121914,2.5,166.396408,2020-10-20,0.9512869715690613,11,88420133.617952
30.260465,75.122323,2.4700000286102295,165.969589,2020-10-20,0.9681209921836853,11,88420133.626218
30.26053237915039,75.130797,2.4700000286102295,167.115692,2020-10-20,0.9556630253791809,8,88420133.762592
30.26009178161621,75.122732,2.4700000286102295,166.180206,2020-10-20,0.9612799882888794,11,88420133.634484
30.260160446166992,75.131206,4.0,167.151779,2020-10-20,0.9508669972419739,8,88420133.770856
30.260112762451172,75.152376,2.7699999809265137,167.3756103515625,2020-10-20,0.95558100938797,5,88420133.68408
30.25978660583496,75.1316146850586,2.430000066757202,166.587891,2020-10-20,0.960303008556366,8,88420133.77912
30.259740829467773,75.152785,2.5399999618530273,167.335709,2020-10-20,0.9518380165100098,5,88420133.692346
30.259719,75.123141,2.3499999046325684,166.084671,2020-10-20,0.9725069999694824,11,88420133.64275
30.25934600830078,75.12355041503906,2.4700000286102295,166.3720703125,2020-10-20,0.9535530209541321,11,88420133.651016
30.259414,75.132024,2.3499999046325684,166.635941,2020-10-20,0.9583420157432556,8,88420133.787384
30.259387969970703,75.144511,2.5799999237060547,166.339066,2020-10-20,0.9531880021095276,6,88420133.564223
30.259368,75.153194,3.630000114440918,167.339569,2020-10-20,0.9541230201721191,5,88420133.700612
30.258973,75.123959,2.5,166.465134,2020-10-20,0.9512370228767395,11,88420133.659282
30.258622,75.154012,2.5799999237060547,167.181915,2020-10-20,0.950186014175415,5,88420133.71714
30.258601,75.124368,2.5,166.495331,2020-10-20,0.9601389765739441,11,88420133.667548
30.258228302001953,75.124777,2.5799999237060547,166.193146,2020-10-20,0.9651809930801392,11,88420133.675814
30.258268356323242,75.145738,2.5799999237060547,166.501831,2020-10-20,0.9508609771728516,6,88420133.589021
30.257923126220703,75.133658,2.5,166.478256,2020-10-20,0.9596490263938904,8,88420133.82044
30.257876,75.154829,2.5799999237060547,167.3752899169922,2020-10-20,0.9508410096168518,5,88420133.733668
30.257551193237305,75.134067,2.430000066757202,166.415314,2020-10-20,0.971176028251648,8,88420133.828704
30.257108688354492,75.126004,2.5,166.495941,2020-10-20,0.953773021697998,11,88420133.700612
30.257178,75.13447570800781,2.390000104904175,166.323227,2020-10-20,0.955685019493103,8,88420133.836968
30.257148,75.14696502685547,2.619999885559082,166.971512,2020-10-20,0.9515140056610107,6,88420133.613819
30.256805419921875,75.134884,2.390000104904175,166.335083,2020-10-20,0.9649320244789124,8,88420133.845232
30.256431579589844,75.135293,2.3499999046325684,166.305023,2020-10-20,0.9667999744415283,8,88420133.853496
30.256059646606445,75.135701,2.3499999046325684,166.343292,2020-10-20,0.9670550227165222,8,88420133.86176
30.255687,75.1361083984375,2.390000104904175,166.491287,2020-10-20,0.9579799771308899,8,88420133.870024
30.255619,75.127639,2.5399999618530273,166.043564,2020-10-20,0.955411970615387,11,88420133.733668
30.255641,75.15727996826172,8.050000190734863,170.287582,2020-10-20,0.9594849944114685,5,88420133.783252
30.255248,75.128047,10.479999542236328,166.236465,2020-10-20,0.9644010066986084,11,88420133.741932
30.255313873291016,75.136518,2.390000104904175,166.739822,2020-10-20,0.9513260126113892,8,88420133.878288
30.255268096923828,75.157688,5.909999847412109,169.782074,2020-10-20,0.9526389837265015,5,88420133.791516
30.254874,75.12845611572266,2.390000104904175,166.298386,2020-10-20,0.9686530232429504,11,88420133.750196
30.254941,75.136927,2.390000104904175,166.486633,2020-10-20,0.9622719883918762,8,88420133.886552
30.254909,75.149418,2.619999885559082,166.537018,2020-10-20,0.9525949954986572,6,88420133.663415
30.25489616394043,75.158097,7.110000133514404,168.807983,2020-10-20,0.9622290134429932,5,88420133.79978
30.254568099975586,75.137335,2.390000104904175,166.613327,2020-10-20,0.9552519917488098,8,88420133.894816
30.254196166992188,75.137744,4.679999828338623,166.729767,2020-10-20,0.9654719829559326,8,88420133.90308
30.25416374206543,75.150236,2.5799999237060547,166.548325,2020-10-20,0.9531739950180054,6,88420133.679947
30.253755569458008,75.129683,2.5799999237060547,166.827911,2020-10-20,0.9502159953117371,11,88420133.774988
30.253823,75.138152,2.7300000190734863,166.21994018554688,2020-10-20,0.964040994644165,8,88420133.911344
30.253791,75.150645,2.5799999237060547,166.580597,2020-10-20,0.9505659937858582,6,88420133.688213
30.253776,75.159324,2.7699999809265137,165.574203,2020-10-20,0.954351007938385,5,88420133.824572
30.253450393676758,75.138561,2.390000104904175,165.945465,2020-10-20,0.963608980178833,8,88420133.919608
30.25341796875,75.15105438232422,2.5,166.524521,2020-10-20,0.950698971748352,6,88420133.696479
30.253404,75.159731,6.400000095367432,165.911774,2020-10-20,0.9554640054702759,5,88420133.832836
30.253011,75.13050079345703,4.53000020980835,166.743271,2020-10-20,0.9577109813690186,11,88420133.791516
30.253076553344727,75.138969,2.430000066757202,166.00914001464844,2020-10-20,0.9604629874229431,8,88420133.927872
30.2530460357666,75.151461,7.409999847412109,166.906464,2020-10-20,0.9558899998664856,6,88420133.704744
30.253032,75.160139,12.770000457763672,167.221985,2020-10-20,0.9612039923667908,5,88420133.8411
30.252704,75.139377,2.390000104904175,166.094971,2020-10-20,0.9554409980773926,8,88420133.936136
30.25265884399414,75.160547,14.039999961853027,167.135696,2020-10-20,0.9502710103988647,5,88420133.849364
30.252286,75.160956,10.670000076293945,167.394073,2020-10-20,0.957735002040863,5,88420133.857628
30.25226593017578,75.131317,2.4700000286102295,166.741364,2020-10-20,0.9557539820671082,11,88420133.808044
30.251893,75.131726,2.4700000286102295,166.807159,2020-10-20,0.9500319957733154,11,88420133.816308
30.251958,75.140194,2.4700000286102295,166.244415,2020-10-20,0.9572409987449646,8,88420133.952664
30.251927,75.152688,2.5399999618530273,165.403839,2020-10-20,0.9533600211143494,6,88420133.729536
30.25191307067871,75.161366,4.829999923706055,166.977753,2020-10-20,0.9686939716339111,5,88420133.865892
30.25152015686035,75.132135,2.5399999618530273,166.355682,2020-10-20,0.9609060287475586,11,88420133.824572
30.251541137695312,75.161773,11.640000343322754,167.048248,2020-10-20,0.9593549966812134,5,88420133.874156
30.251168,75.162181,12.130000114440918,166.898361,2020-10-20,0.9571689963340759,5,88420133.88242
30.251148223876953,75.132543,2.430000066757202,166.390045,2020-10-20,0.9676929712295532,11,88420133.832836
30.250776290893555,75.132951,7.260000228881836,166.5002899169922,2020-10-20,0.956974983215332,11,88420133.8411
30.250839,75.141419,2.390000104904175,165.869064,2020-10-20,0.9514489769935608,8,88420133.977456
30.250402450561523,75.13336181640625,2.5,166.736954,2020-10-20,0.9516100287437439,11,88420133.849364
30.250466,75.141827,2.430000066757202,166.048996,2020-10-20,0.9514650106430054,8,88420133.98572
30.250028610229492,75.133769,2.5799999237060547,166.871536,2020-10-20,0.9576960206031799,11,88420133.857628
30.249656677246094,75.134177,7.639999866485596,167.040359,2020-10-20,0.9584800004959106,11,88420133.865892
30.249691009521484,75.155139,5.5,167.700455,2020-10-20,0.9513520002365112,6,88420133.77912
30.249675,75.163816,5.010000228881836,167.50296020507812,2020-10-20,0.961624026298523,5,88420133.915476
30.249284,75.134586,2.5399999618530273,167.12969970703125,2020-10-20,0.9546579718589783,11,88420133.874156
30.249318,75.155548,2.6500000953674316,167.3331298828125,2020-10-20,0.9509230256080627,6,88420133.787384
30.249301,75.164225,2.4700000286102295,166.716522,2020-10-20,0.9502289891242981,5,88420133.92374
30.248973846435547,75.14346313476562,2.5,166.552765,2020-10-20,0.9556699991226196,8,88420134.018776
30.248946,75.155956,5.239999771118164,169.643188,2020-10-20,0.9552249908447266,6,88420133.795648
30.248929,75.164633,3.180000066757202,166.476166,2020-10-20,0.9542840123176575,5,88420133.932004
30.248911,75.13499450683594,2.619999885559082,165.625046,2020-10-20,0.9579370021820068,11,88420133.88242
30.248538,75.135403,2.4700000286102295,165.525574,2020-10-20,0.9652469754219055,11,88420133.890684
30.24855613708496,75.165041,2.619999885559082,167.48764038085938,2020-10-20,0.9531430006027222,5,88420133.940268
30.248165130615234,75.135811,2.4700000286102295,165.500549,2020-10-20,0.9600620269775391,11,88420133.898948
30.248199462890625,75.156774,4.679999828338623,167.615677,2020-10-20,0.9580810070037842,6,88420133.812176
30.247792,75.13622283935547,2.4700000286102295,165.428452,2020-10-20,0.9505220055580139,11,88420133.907212
30.247436,75.166266,2.5799999237060547,166.237839,2020-10-20,0.9660680294036865,5,88420133.96506
30.24706268310547,75.166674,2.430000066757202,166.348816,2020-10-20,0.9593520164489746,5,88420133.973324
30.246673,75.137445,2.5799999237060547,165.551788,2020-10-20,0.9502649903297424,11,88420133.932004
30.246709,75.158408,2.619999885559082,167.480865,2020-10-20,0.9557170271873474,6,88420133.845232
30.246299743652344,75.137853,2.390000104904175,165.693161,2020-10-20,0.9578199982643127,11,88420133.940268
30.246337,75.158815,8.760000228881836,168.410416,2020-10-20,0.9500319957733154,6,88420133.853496
30.24631690979004,75.16748809814453,2.5399999618530273,166.440506,2020-10-20,0.9505990147590637,5,88420133.989852
30.245944,75.167898,2.5399999618530273,166.511139,2020-10-20,0.9687399864196777,5,88420133.998116
30.245927810668945,75.138262,2.799999952316284,165.650711,2020-10-20,0.9508519768714905,11,88420133.948532
30.245616,75.147131,7.900000095367432,166.45018005371094,2020-10-20,0.9506319761276245,8,88420134.093152
30.245591,75.159633,5.800000190734863,167.619614,2020-10-20,0.9559080004692078,6,88420133.870024
30.24557113647461,75.168306,2.5799999237060547,166.898056,2020-10-20,0.9510059952735901,5,88420134.00638
30.245182037353516,75.139078,2.6500000953674316,165.629684,2020-10-20,0.9664739966392517,11,88420133.96506
30.245242,75.14753723144531,2.5399999618530273,166.106827,2020-10-20,0.955610990524292,8,88420134.101416
30.245198,75.168714,2.619999885559082,166.599731,2020-10-20,0.9554190039634705,5,88420134.014644
30.24482536315918,75.169122,4.489999771118164,166.996262,2020-10-20,0.9689549803733826,5,88420134.022908
30.244437,75.139894,7.519999980926514,166.470688,2020-10-20,0.9592270255088806,11,88420133.981588
30.244472,75.160858,5.650000095367432,167.389343,2020-10-20,0.9554629921913147,6,88420133.894816
30.24445152282715,75.169529,5.159999847412109,168.312775,2020-10-20,0.9503430128097534,5,88420134.031172
30.244063,75.140303,2.5,167.155609,2020-10-20,0.9589939713478088,11,88420133.989852
30.24372673034668,75.16167449951172,11.010000228881836,166.543762,2020-10-20,0.9551680088043213,6,88420133.911344
30.243705,75.170346,2.5399999618530273,166.933685,2020-10-20,0.9586560130119324,5,88420134.0477
30.243690490722656,75.140711,2.5399999618530273,167.208435,2020-10-20,0.9548199772834778,11,88420133.998116
30.243316650390625,75.141119,2.430000066757202,167.178055,2020-10-20,0.9517660140991211,11,88420134.00638
30.24335289001465,75.162083,8.680000305175781,166.616791,2020-10-20,0.9647009968757629,6,88420133.919608
30.243331909179688,75.170754,2.430000066757202,166.886047,2020-10-20,0.9584959745407104,5,88420134.055964
30.242942810058594,75.141527,2.5799999237060547,167.161346,2020-10-20,0.9682220220565796,11,88420134.014644
30.243003,75.149989,2.6500000953674316,166.336273,2020-10-20,0.9532060027122498,8,88420134.151
30.242979049682617,75.162491,5.579999923706055,167.512558,2020-10-20,0.9516990184783936,6,88420133.927872
30.242630004882812,75.150397,3.369999885559082,166.445587,2020-10-20,0.9574580192565918,8,88420134.159264
30.24260711669922,75.162899,8.720000267028809,167.806015,2020-10-20,0.9509599804878235,6,88420133.936136
30.242570877075195,75.141935,2.799999952316284,166.490189,2020-10-20,0.9543240070343018,11,88420134.022908
30.24225616455078,75.150806,2.799999952316284,166.805817,2020-10-20,0.9548329710960388,8,88420134.167528
30.242234,75.163307,9.210000038146973,167.504837,2020-10-20,0.9579870104789734,6,88420133.9444
30.241883,75.151214,2.6500000953674316,166.182465,2020-10-20,0.9620770215988159,8,88420134.175792
30.24151039123535,75.151622,2.4700000286102295,166.299469,2020-10-20,0.9616519808769226,8,88420134.184056
30.241487503051758,75.164123,8.350000381469727,168.617249,2020-10-20,0.9523270130157471,6,88420133.960928
30.241466,75.172793,2.5399999618530273,167.229492,2020-10-20,0.9646580219268799,5,88420134.097284
30.241451263427734,75.143159,2.619999885559082,166.097061,2020-10-20,0.9534549713134766,11,88420134.0477
30.241078,75.143567,2.619999885559082,166.287582,2020-10-20,0.9534329771995544,11,88420134.055964
30.241136,75.152031,2.4700000286102295,166.427811,2020-10-20,0.969044029712677,8,88420134.19232
30.240705490112305,75.143975,2.8399999141693115,166.783157,2020-10-20,0.9544209837913513,11,88420134.064228
30.240741729736328,75.1649398803711,5.800000190734863,169.388031,2020-10-20,0.9536550045013428,6,88420133.977456
30.240720748901367,75.173609,3.2200000286102295,167.494003,2020-10-20,0.9509729743003845,5,88420134.113812
30.24039077758789,75.152848,2.390000104904175,166.784012,2020-10-20,0.9546269774436951,8,88420134.208848
30.239957809448242,75.144791,2.619999885559082,165.560593,2020-10-20,0.9656800031661987,11,88420134.080756
30.24001693725586,75.153257,2.5799999237060547,166.663284,2020-10-20,0.9530500173568726,8,88420134.217112
30.2399959564209,75.165756,5.5,168.222855,2020-10-20,0.9519090056419373,6,88420133.993984
30.239973068237305,75.174425,2.5799999237060547,167.728897,2020-10-20,0.9521239995956421,5,88420134.13034
30.239643096923828,75.153666,2.430000066757202,166.743378,2020-10-20,0.9536299705505371,8,88420134.225376
30.239585,75.14520263671875,2.5,165.647705,2020-10-20,0.9679309725761414,11,88420134.08902
30.239212036132812,75.145608,2.5799999237060547,166.159821,2020-10-20,0.9564909934997559,11,88420134.097284
30.239269256591797,75.154075,2.3499999046325684,166.954208,2020-10-20,0.9540659785270691,8,88420134.23364
30.23925018310547,75.166572,4.53000020980835,170.801483,2020-10-20,0.9647470116615295,6,88420134.010512
30.238839,75.146016,2.5,166.721786,2020-10-20,0.9648870229721069,11,88420134.105548
30.238877,75.16697692871094,7.940000057220459,167.826202,2020-10-20,0.9565449953079224,6,88420134.018776
30.238853454589844,75.17565155029297,2.6500000953674316,167.423172,2020-10-20,0.9597309827804565,5,88420134.155132
30.238523483276367,75.154892,2.430000066757202,167.209076,2020-10-20,0.9521819949150085,8,88420134.250168
30.23850440979004,75.167388,7.940000057220459,168.327377,2020-10-20,0.9514819979667664,6,88420134.02704
30.238466262817383,75.146424,2.619999885559082,168.090576,2020-10-20,0.9567340016365051,11,88420134.113812
30.238479614257812,75.176058,2.5399999618530273,167.702118,2020-10-20,0.9513310194015503,5,88420134.163396
30.238151,75.155301,5.949999809265137,168.02359008789062,2020-10-20,0.9523680210113525,8,88420134.258432
30.23771858215332,75.1472396850586,2.4700000286102295,166.782181,2020-10-20,0.952351987361908,11,88420134.13034
30.237756,75.16820526123047,2.7300000190734863,167.472885,2020-10-20,0.9514489769935608,6,88420134.043568
30.237733,75.176874,3.069999933242798,167.993622,2020-10-20,0.952771008014679,5,88420134.179924
30.237403869628906,75.156119,2.5799999237060547,170.127823,2020-10-20,0.9541239738464355,8,88420134.27496
30.23736000061035,75.177282,6.809999942779541,168.393799,2020-10-20,0.9547349810600281,5,88420134.188188
30.237346,75.147648,2.430000066757202,166.869507,2020-10-20,0.9539570212364197,11,88420134.138604
30.23697280883789,75.14805603027344,2.390000104904175,166.777893,2020-10-20,0.9552980065345764,11,88420134.146868
30.237031,75.156528,2.4700000286102295,170.269562,2020-10-20,0.9543619751930237,8,88420134.283224
30.236600875854492,75.148465,2.6500000953674316,166.960968,2020-10-20,0.9558789730072021,11,88420134.155132
30.236657,75.156937,2.430000066757202,170.369583,2020-10-20,0.9558839797973633,8,88420134.291488
30.236613,75.178099,2.7699999809265137,169.516678,2020-10-20,0.966509997844696,5,88420134.204716
30.236284255981445,75.157346,2.7699999809265137,170.443756,2020-10-20,0.9662070274353027,8,88420134.299752
30.23624038696289,75.178508,2.5799999237060547,169.703583,2020-10-20,0.9532849788665771,5,88420134.21298
30.236226,75.148873,2.7699999809265137,166.652679,2020-10-20,0.9587180018424988,11,88420134.163396
30.235866,75.178917,2.5799999237060547,169.643463,2020-10-20,0.9521560072898865,5,88420134.221244
30.2354793548584,75.14968872070312,2.5399999618530273,166.167618,2020-10-20,0.95455402135849,11,88420134.179924
30.235538482666016,75.158164,2.7300000190734863,171.1063995361328,2020-10-20,0.9558169841766357,8,88420134.31628
30.235164,75.158574,2.5399999618530273,170.62261962890625,2020-10-20,0.9574900269508362,8,88420134.324544
30.235105514526367,75.150098,2.4700000286102295,166.221497,2020-10-20,0.9509590268135071,11,88420134.188188
30.324975967407227,75.114817,2.759999990463257,168.792984,2021-03-30,0.9647470116615295,11,102359959.466389
30.324871063232422,75.144647,20.5,170.0097198486328,2021-03-30,0.9563090205192566,5,102359959.520105
30.324321,75.124099,16.420000076293945,168.536758,2021-03-30,0.9615160226821899,8,102359959.619273
30.324231,75.115637,2.8399999141693115,168.788879,2021-03-30,0.9545980095863342,11,102359959.482917
30.32412338256836,75.136796,2.6500000953674316,169.010727,2021-03-30,0.9506059885025024,6,102359959.400277
30.323859,75.116047,3.0299999713897705,168.602112,2021-03-30,0.9544489979743958,11,102359959.491181
30.323942184448242,75.124511,2.6500000953674316,168.75975036621094,2021-03-30,0.9529299736022949,8,102359959.627537
30.323753356933594,75.137205,7.960000038146973,169.395874,2021-03-30,0.9575939774513245,6,102359959.408541
30.323487,75.116457,3.0999999046325684,168.545746,2021-03-30,0.9529529809951782,11,102359959.499445
30.323571,75.12492370605469,2.7300000190734863,168.653702,2021-03-30,0.9575639963150024,8,102359959.635801
30.323373,75.14629364013672,2.5799999237060547,169.49053955078125,2021-03-30,0.950760006904602,5,102359959.553161
30.322742462158203,75.117276,2.950000047683716,168.543243,2021-03-30,0.9614909887313843,11,102359959.515973
30.322455,75.126148,2.759999990463257,168.743423,2021-03-30,0.9501720070838928,8,102359959.660593
30.321998,75.118096,2.9100000858306885,168.304794,2021-03-30,0.9516839981079102,11,102359959.532501
30.321624755859375,75.118506,2.8399999141693115,168.286102,2021-03-30,0.9551399946212769,11,102359959.540765
30.3215274810791,75.139659,30.34000015258789,170.419388,2021-03-30,0.9516810178756714,6,102359959.458125
30.321252822875977,75.118915,2.759999990463257,168.467453,2021-03-30,0.9527530074119568,11,102359959.549029
30.321141,75.148746,2.5799999237060547,169.454315,2021-03-30,0.9587240219116211,5,102359959.602745
30.320882,75.119325,3.0299999713897705,168.360092,2021-03-30,0.9598140120506287,11,102359959.557293
30.320775985717773,75.140481,18.290001,169.349335,2021-03-30,0.9507290124893188,6,102359959.474653
30.320769,75.149156,2.759999990463257,169.408371,2021-03-30,0.950751006603241,5,102359959.611009
30.32050895690918,75.119735,2.690000057220459,168.17835998535156,2021-03-30,0.9503909945487976,11,102359959.565557
30.320396423339844,75.140894,2.5399999618530273,169.698395,2021-03-30,0.9620810151100159,6,102359959.482917
30.320396423339844,75.149565,2.6500000953674316,169.058411,2021-03-30,0.9535650014877319,5,102359959.619273
30.32013702392578,75.120144,2.8399999141693115,168.273071,2021-03-30,0.9501630067825317,11,102359959.573821
30.320022583007812,75.14130401611328,2.759999990463257,169.19252014160156,2021-03-30,0.9501399993896484,6,102359959.491181
30.319765090942383,75.120554,3.0299999713897705,168.24765014648438,2021-03-30,0.9567859768867493,11,102359959.582085
30.319651,75.141714,2.6500000953674316,169.018433,2021-03-30,0.9559900164604187,6,102359959.499445
30.319393157958984,75.120963,2.880000114440918,168.251328,2021-03-30,0.9524850249290466,11,102359959.590349
30.319111,75.12982940673828,11.329999923706055,168.300064,2021-03-30,0.9546530246734619,8,102359959.734969
30.319278,75.142124,2.609999895095825,168.843597,2021-03-30,0.9654589891433716,6,102359959.507709
30.318649291992188,75.121782,2.990000009536743,168.320038,2021-03-30,0.9584519863128662,11,102359959.606877
30.318735122680664,75.130241,2.690000057220459,168.265228,2021-03-30,0.9635120034217834,8,102359959.743233
30.318534,75.142943,2.759999990463257,169.2154998779297,2021-03-30,0.9500859975814819,6,102359959.524237
30.318278,75.122191,2.7300000190734863,168.288666,2021-03-30,0.9669489860534668,11,102359959.615141
30.318363189697266,75.130651,2.7300000190734863,168.26329040527344,2021-03-30,0.95899897813797,8,102359959.751497
30.317906,75.122601,2.880000114440918,168.404266,2021-03-30,0.9554100036621094,11,102359959.623405
30.31741714477539,75.144172,2.690000057220459,168.583191,2021-03-30,0.9546440243721008,6,102359959.549029
30.317420959472656,75.152838,2.690000057220459,169.063324,2021-03-30,0.9515699744224548,5,102359959.685385
30.317166,75.123418,10.170000076293945,168.388977,2021-03-30,0.9516040086746216,11,102359959.639933
30.316789627075195,75.123829,2.759999990463257,168.481354,2021-03-30,0.9578040242195129,11,102359959.648197
30.316672,75.144991,2.5799999237060547,167.663635,2021-03-30,0.954355001449585,6,102359959.565557
30.31667709350586,75.153657,2.609999895095825,169.233719,2021-03-30,0.9545630216598511,5,102359959.701913
30.316299438476562,75.145401,2.5799999237060547,167.724854,2021-03-30,0.9558699727058411,6,102359959.573821
30.315927505493164,75.14581298828125,2.5799999237060547,167.906799,2021-03-30,0.9545800089836121,6,102359959.582085
30.315555,75.146219,2.5799999237060547,168.019531,2021-03-30,0.951878011226654,6,102359959.590349
30.315562,75.154883,4.860000133514404,169.246948,2021-03-30,0.9558629989624023,5,102359959.726705
30.314931,75.125875,2.759999990463257,168.578232,2021-03-30,0.9502180218696594,11,102359959.689517
30.31481170654297,75.147038,2.7300000190734863,168.350830078125,2021-03-30,0.9553409814834595,6,102359959.606877
30.314069747924805,75.147855,7.960000038146973,168.597794,2021-03-30,0.9588369727134705,6,102359959.623405
30.313815,75.127103,2.7300000190734863,168.648468,2021-03-30,0.9508360028266907,11,102359959.714309
30.313443,75.127512,2.799999952316284,168.722427,2021-03-30,0.9596589803695679,11,102359959.722573
30.313071,75.127921,2.7300000190734863,168.671143,2021-03-30,0.9502450227737427,11,102359959.730837
30.31295394897461,75.15775299072266,2.5799999237060547,169.274963,2021-03-30,0.958961009979248,5,102359959.784553
30.31233787536621,75.128736,25.110001,169.0548095703125,2021-03-30,0.9627799987792969,11,102359959.747365
30.31220817565918,75.149902,2.6500000953674316,169.251358,2021-03-30,0.9544370174407959,6,102359959.664725
30.31183624267578,75.150311,2.799999952316284,169.026093,2021-03-30,0.9521120190620422,6,102359959.672989
30.311595916748047,75.129554,31.84000015258789,168.512756,2021-03-30,0.958424985408783,11,102359959.763893
30.311465,75.15071868896484,2.5799999237060547,169.223343,2021-03-30,0.951649010181427,6,102359959.681253
30.311092376708984,75.151129,2.6500000953674316,168.898849,2021-03-30,0.9575570225715637,6,102359959.689517
30.310720443725586,75.151538,2.6500000953674316,168.519653,2021-03-30,0.9621130228042603,6,102359959.697781
30.310092,75.131198,2.690000057220459,168.903381,2021-03-30,0.9535980224609375,11,102359959.796949
30.307374954223633,75.15522003173828,11.520000457763672,168.737579,2021-03-30,0.9553700089454651,6,102359959.772157
30.30625343322754,75.15644836425781,2.799999952316284,169.713486,2021-03-30,0.9548479914665222,6,102359959.796949
30.297086,75.154011,2.6500000953674316,169.568542,2021-03-30,0.9532020092010498,8,102359960.222561
30.29671287536621,75.1544189453125,2.7300000190734863,169.655304,2021-03-30,0.9507719874382019,8,102359960.230827
30.294095993041992,75.157283,2.8399999141693115,169.263168,2021-03-30,0.9571639895439148,8,102359960.288689
30.293349,75.158101,2.8399999141693115,169.590988,2021-03-30,0.9538149833679199,8,102359960.305221
30.292975,75.15850830078125,2.799999952316284,169.684265,2021-03-30,0.9532269835472107,8,102359960.313487
30.291425,75.151691,2.8399999141693115,168.983063,2021-03-30,0.9579870104789734,11,102359960.210162
30.290677,75.152509,2.8399999141693115,169.277603,2021-03-30,0.9634090065956116,11,102359960.226694
30.290733337402344,75.160964,3.0999999046325684,169.687637,2021-03-30,0.9512270092964172,8,102359960.363083
30.290307,75.152917,10.170000076293945,169.59230041503906,2021-03-30,0.9572309851646423,11,102359960.23496
30.289931,75.153327,5.5,169.899536,2021-03-30,0.9604200124740601,11,102359960.243226
30.289559,75.153735,8.380000114440918,169.122589,2021-03-30,0.9635969996452332,11,102359960.251492
30.289613723754883,75.162191,3.0299999713897705,169.683121,2021-03-30,0.9560700058937073,8,102359960.387881
30.289245,75.162598,11.779999732971191,170.6939697265625,2021-03-30,0.9518250226974487,8,102359960.396145
30.288808822631836,75.154554,2.7300000190734863,169.445221,2021-03-30,0.9556319713592529,11,102359960.268024
30.288679,75.184373,2.5799999237060547,168.574554,2021-03-30,0.9530119895935059,5,102359960.321753
30.288434982299805,75.154963,2.990000009536743,169.246155,2021-03-30,0.9536290168762207,11,102359960.27629
30.288061141967773,75.155372,2.8399999141693115,169.450348,2021-03-30,0.9681749939918518,11,102359960.284556
30.288122177124023,75.163827,2.799999952316284,169.747589,2021-03-30,0.9520890116691589,8,102359960.420937
30.287687301635742,75.155781,2.759999990463257,169.415909,2021-03-30,0.9556909799575806,11,102359960.292822
30.287561416625977,75.185598,7.480000019073486,170.521912,2021-03-30,0.951885998249054,5,102359960.346551
30.28731346130371,75.15618896484375,2.799999952316284,169.360168,2021-03-30,0.9672120213508606,11,102359960.301088
30.28693962097168,75.156599,2.799999952316284,169.540405,2021-03-30,0.9622809886932373,11,102359960.309354
30.286462,75.178166,2.609999895095825,169.524506,2021-03-30,0.9504129886627197,6,102359960.23496
30.286088943481445,75.178574,2.6500000953674316,169.643951,2021-03-30,0.9526230096817017,6,102359960.243226
30.285449,75.158234,12.270000457763672,169.537018,2021-03-30,0.954945981502533,11,102359960.342418
30.28459930419922,75.180207,15.149999618530273,170.847397,2021-03-30,0.9565899968147278,6,102359960.27629
30.284574508666992,75.188869,9.09000015258789,170.650085,2021-03-30,0.9523249864578247,5,102359960.412673
30.28421974182129,75.180619,2.7300000190734863,170.427490234375,2021-03-30,0.9550830125808716,6,102359960.284556
30.284025192260742,75.168325,2.7300000190734863,169.829117,2021-03-30,0.9561700224876404,8,102359960.511841
30.283578,75.1602783203125,2.759999990463257,168.9381103515625,2021-03-30,0.951882004737854,11,102359960.383748
30.283456,75.190095,8.079999923706055,171.14093017578125,2021-03-30,0.9589319825172424,5,102359960.437465
30.283205032348633,75.160689,2.759999990463257,169.390808,2021-03-30,0.9509320259094238,11,102359960.392013
30.283084,75.190504,10.319999694824219,170.916489,2021-03-30,0.9576810002326965,5,102359960.445729
30.282832,75.161098,3.0299999713897705,169.28302001953125,2021-03-30,0.9639490246772766,11,102359960.400277
30.282459,75.161507,2.950000047683716,169.137817,2021-03-30,0.9555990099906921,11,102359960.408541
30.282339,75.191321,7.739999771118164,173.649612,2021-03-30,0.9531540274620056,5,102359960.462257
30.2819766998291,75.183072,2.5,170.164719,2021-03-30,0.9558389782905579,6,102359960.334152
30.281714,75.162325,2.950000047683716,169.4265899658203,2021-03-30,0.9604290127754211,11,102359960.425069
30.281789779663086,75.170778,2.5399999618530273,169.897995,2021-03-30,0.9529889822006226,8,102359960.561425
30.28160285949707,75.183481,2.5799999237060547,170.094986,2021-03-30,0.9542279839515686,6,102359960.342418
30.281419,75.171186,5.460000038146973,170.486572,2021-03-30,0.9543660283088684,8,102359960.569689
30.281217,75.19255065917969,2.6500000953674316,170.609894,2021-03-30,0.9524940252304077,5,102359960.487049
30.280969,75.163142,3.4800000190734863,169.321716,2021-03-30,0.9525899887084961,11,102359960.441597
30.280595779418945,75.163551,2.880000114440918,169.423767,2021-03-30,0.9557979702949524,11,102359960.449861
30.28030014038086,75.172413,3.4800000190734863,169.634766,2021-03-30,0.9542930126190186,8,102359960.594481
30.279851,75.164369,2.9100000858306885,169.394714,2021-03-30,0.9509649872779846,11,102359960.466389
30.279478073120117,75.164778,2.759999990463257,169.294479,2021-03-30,0.9560750126838684,11,102359960.474653
30.279367446899414,75.185932,11.40999984741211,170.856049,2021-03-30,0.9606509804725647,6,102359960.392013
30.278993,75.186341,11.109999656677246,170.537888,2021-03-30,0.9608060121536255,6,102359960.400277
30.27873420715332,75.16559600830078,2.7300000190734863,169.338608,2021-03-30,0.9532759785652161,11,102359960.491181
30.278434,75.174455,2.8399999141693115,169.662689,2021-03-30,0.9592829942703247,8,102359960.635801
30.278362274169922,75.166005,3.0299999713897705,169.213776,2021-03-30,0.9569680094718933,11,102359960.499445
30.277862548828125,75.196228,2.5399999618530273,170.051819,2021-03-30,0.9573659896850586,5,102359960.561425
30.27749252319336,75.196636,8.0,169.810837,2021-03-30,0.9578369855880737,5,102359960.569689
30.277313232421875,75.1756820678711,2.6500000953674316,169.32518005371094,2021-03-30,0.957181990146637,8,102359960.660593
30.276872,75.16764068603516,2.609999895095825,169.222458,2021-03-30,0.9512760043144226,11,102359960.532501
30.276939392089844,75.176088,2.950000047683716,169.359222,2021-03-30,0.9577069878578186,8,102359960.668857
30.276500701904297,75.168049,2.759999990463257,169.75411987304688,2021-03-30,0.9580640196800232,11,102359960.540765
30.276565551757812,75.176496,2.759999990463257,169.349762,2021-03-30,0.9503359794616699,8,102359960.677121
30.276378631591797,75.189204,2.609999895095825,170.025146,2021-03-30,0.959460973739624,6,102359960.458125
30.276128,75.168457,2.759999990463257,170.251328,2021-03-30,0.9580100178718567,11,102359960.549029
30.275754928588867,75.168866,3.180000066757202,170.071518,2021-03-30,0.9575380086898804,11,102359960.557293
30.275634,75.190022,2.759999990463257,169.971329,2021-03-30,0.956570029258728,6,102359960.474653
30.275626,75.198679,2.5799999237060547,169.98204040527344,2021-03-30,0.9514660239219666,5,102359960.611009
30.275382,75.169275,2.950000047683716,168.927261,2021-03-30,0.9504640102386475,11,102359960.565557
30.275261,75.190431,2.5799999237060547,169.999786,2021-03-30,0.9519519805908203,6,102359960.482917
30.27507209777832,75.178129,2.6500000953674316,169.453766,2021-03-30,0.951786994934082,8,102359960.710177
30.275009,75.169684,2.880000114440918,169.074646,2021-03-30,0.9552639722824097,11,102359960.573821
30.27463722229004,75.170092,2.6500000953674316,168.808182,2021-03-30,0.9545429944992065,11,102359960.582085
30.27469825744629,75.178538,2.759999990463257,169.459045,2021-03-30,0.9505419731140137,8,102359960.718441
30.274516,75.191248,2.690000057220459,169.868362,2021-03-30,0.9560390114784241,6,102359960.499445
30.274264,75.170501,3.140000104904175,168.693283,2021-03-30,0.950643002986908,11,102359960.590349
30.274144,75.191657,2.5799999237060547,170.084579,2021-03-30,0.9626079797744751,6,102359960.507709
30.273773193359375,75.192065,4.449999809265137,172.028793,2021-03-30,0.954010009765625,6,102359960.515973
30.273759,75.20072174072266,2.5,170.897659,2021-03-30,0.9500899910926819,5,102359960.652329
30.273521423339844,75.171317,8.0,168.888077,2021-03-30,0.9517269730567932,11,102359960.606877
30.273576736450195,75.179762,2.8399999141693115,169.303482,2021-03-30,0.9558489918708801,8,102359960.743233
30.273404,75.192472,11.4399995803833,171.554794,2021-03-30,0.953819990158081,6,102359960.524237
30.273387908935547,75.201127,7.96999979019165,171.030441,2021-03-30,0.954351007938385,5,102359960.660593
30.273145,75.171726,2.8399999141693115,169.113968,2021-03-30,0.9609599709510803,11,102359960.615141
30.27277183532715,75.17213439941406,2.8399999141693115,169.673965,2021-03-30,0.9620620012283325,11,102359960.623405
30.272399,75.172543,3.0299999713897705,169.144836,2021-03-30,0.9517239928245544,11,102359960.631669
30.272281,75.1937026977539,2.5399999618530273,169.964951,2021-03-30,0.9505509734153748,6,102359960.549029
30.272083282470703,75.181396,2.7300000190734863,169.537125,2021-03-30,0.9547809958457947,8,102359960.776289
30.271907806396484,75.194108,2.609999895095825,170.375809,2021-03-30,0.952701985836029,6,102359960.557293
30.271652221679688,75.1733627319336,2.7300000190734863,169.198822,2021-03-30,0.9555850028991699,11,102359960.648197
30.270911,75.174174,15.229999542236328,169.330368,2021-03-30,0.956911027431488,11,102359960.664725
30.270790100097656,75.195334,2.690000057220459,169.785141,2021-03-30,0.9518479704856873,6,102359960.582085
30.270538330078125,75.174582,16.270000457763672,169.059082,2021-03-30,0.9546610116958618,11,102359960.672989
30.270162,75.174991,11.670000076293945,168.786316,2021-03-30,0.9526649713516235,11,102359960.681253
30.269788,75.175399,10.619999885559082,169.910019,2021-03-30,0.9571070075035095,11,102359960.689517
30.269296646118164,75.196967,2.5399999618530273,170.050232,2021-03-30,0.9603340029716492,6,102359960.615141
30.26904296875,75.176215,6.809999942779541,178.280182,2021-03-30,0.9517139792442322,11,102359960.706045
30.2689266204834,75.197375,7.369999885559082,170.044632,2021-03-30,0.9516819715499878,6,102359960.623405
30.267549,75.177848,4.78000020980835,180.816666,2021-03-30,0.9530460238456726,11,102359960.739101
30.267059326171875,75.199415,8.489999771118164,170.2918701171875,2021-03-30,0.9508249759674072,6,102359960.664725
30.266056060791016,75.179481,8.600000381469727,178.172455,2021-03-30,0.9609419703483582,11,102359960.772157
30.26568031311035,75.17989349365234,11.75,169.104279,2021-03-30,0.9562050104141235,11,102359960.780421
30.264816284179688,75.201865,2.609999895095825,171.612762,2021-03-30,0.9516509771347046,6,102359960.714309
30.264183044433594,75.18152618408203,3.0999999046325684,168.927643,2021-03-30,0.9516119956970215,11,102359960.813477
30.262691497802734,75.18315887451172,2.690000057220459,169.367004,2021-03-30,0.957069993019104,11,102359960.846533
30.262761,75.191615,2.8399999141693115,171.403641,2021-03-30,0.9514960050582886,8,102359960.982889
30.262388229370117,75.19202423095703,5.010000228881836,168.753937,2021-03-30,0.9551550149917603,8,102359960.991153
30.261945724487305,75.183978,2.990000009536743,169.314178,2021-03-30,0.9563949704170227,11,102359960.863061
30.261642456054688,75.192841,7.929999828338623,168.861755,2021-03-30,0.9510589838027954,8,102359961.007681
30.261268,75.19325256347656,6.46999979019165,168.954712,2021-03-30,0.9591959714889526,8,102359961.015945
30.261199951171875,75.184795,2.8399999141693115,167.827423,2021-03-30,0.9559990167617798,11,102359960.879589
30.260827,75.185204,2.759999990463257,167.814499,2021-03-30,0.9602609872817993,11,102359960.887853
30.260894,75.193659,2.759999990463257,172.2615203857422,2021-03-30,0.9543529748916626,8,102359961.024209
30.260454177856445,75.185613,2.990000009536743,166.932816,2021-03-30,0.9555259943008423,11,102359960.896117
30.260148,75.194476,5.53000020980835,172.151657,2021-03-30,0.9574030041694641,8,102359961.040737
30.259709,75.186431,2.799999952316284,167.669983,2021-03-30,0.9513059854507446,11,102359960.912645
30.259772,75.19488525390625,2.799999952316284,172.411865,2021-03-30,0.9568420052528381,8,102359961.049001
30.259336471557617,75.18683624267578,3.140000104904175,167.580719,2021-03-30,0.9513720273971558,11,102359960.920909
30.259397506713867,75.195294,3.5899999141693115,171.6417999267578,2021-03-30,0.9532279968261719,8,102359961.057265
30.258590698242188,75.187657,2.8399999141693115,167.837173,2021-03-30,0.9536510109901428,11,102359960.937437
30.258647918701172,75.196112,3.140000104904175,168.83811950683594,2021-03-30,0.9517629742622375,8,102359961.073793
30.258216857910156,75.188066,3.140000104904175,167.790146,2021-03-30,0.9531300067901611,11,102359960.945701
30.258273,75.196521,2.5799999237060547,168.879745,2021-03-30,0.9522039890289307,8,102359961.082057
30.257899,75.196929,2.6500000953674316,168.777527,2021-03-30,0.9569439888000488,8,102359961.090321
30.257844924926758,75.188475,2.8399999141693115,167.895966,2021-03-30,0.951790988445282,11,102359960.953965
30.257099,75.189293,2.880000114440918,169.082413,2021-03-30,0.9509389996528625,11,102359960.970493
30.256726,75.189702,3.5899999141693115,168.323181,2021-03-30,0.9599649906158447,11,102359960.978757
30.2556095123291,75.190927,11.369999885559082,169.590073,2021-03-30,0.9563149809837341,11,102359961.003549
30.25523567199707,75.191336,11.5600004196167,169.440094,2021-03-30,0.9544119834899902,11,102359961.011813
30.25486183166504,75.191744,11.520000457763672,169.222565,2021-03-30,0.961624026298523,11,102359961.020077
30.254484176635742,75.192155,2.8399999141693115,168.194885,2021-03-30,0.9530649781227112,11,102359961.028341
30.25411033630371,75.192563,2.880000114440918,168.302795,2021-03-30,0.957485020160675,11,102359961.036605
30.253368377685547,75.193379,14.850000381469727,168.554962,2021-03-30,0.9645280241966248,11,102359961.053133
30.252988,75.19378662109375,2.9100000858306885,168.570923,2021-03-30,0.9619699716567993,11,102359961.061397
30.252614974975586,75.194198,3.25,169.505585,2021-03-30,0.9585769772529602,11,102359961.069661
30.25186538696289,75.195016,2.6500000953674316,168.513687,2021-03-30,0.9630969762802124,11,102359961.086189
30.251491,75.195424,2.8399999141693115,168.834946,2021-03-30,0.9513459801673889,11,102359961.094453
30.250741958618164,75.196241,3.140000104904175,168.786728,2021-03-30,0.9528239965438843,11,102359961.110981
30.250367,75.19664764404297,2.9100000858306885,169.041428,2021-03-30,0.9520289897918701,11,102359961.119245
30.249618,75.197467,2.690000057220459,169.119614,2021-03-30,0.9557790160179138,11,102359961.135773
30.249244,75.1978759765625,2.990000009536743,169.026718,2021-03-30,0.9617630243301392,11,102359961.144037
30.248119354248047,75.199101,3.0299999713897705,169.072784,2021-03-30,0.954122006893158,11,102359961.168832
30.24699592590332,75.200327,2.690000057220459,168.293823,2021-03-30,0.9524999856948853,11,102359961.19363
30.246621,75.200735,2.690000057220459,168.289078,2021-03-30,0.9571170210838318,11,102359961.201896
30.246247,75.201144,2.950000047683716,168.143768,2021-03-30,0.9577829837799072,11,102359961.210162
30.24587631225586,75.201551,10.25,168.354034,2021-03-30,0.9509270191192627,11,102359961.218428
30.250779,75.099066,2.690000057220459,164.958221,2021-04-03,0.9563660025596619,5,102699996.727867
30.250405,75.099474,2.609999895095825,165.171204,2021-04-03,0.961201012134552,5,102699996.736131
30.249656677246094,75.10028839111328,2.5799999237060547,165.654343,2021-04-03,0.9542930126190186,5,102699996.752659
30.249282836914062,75.100698,2.6500000953674316,165.699005,2021-04-03,0.9513339996337891,5,102699996.760923
30.244800567626953,75.10559844970703,2.5,165.212067,2021-04-03,0.9582189917564392,5,102699996.860091
30.244426727294922,75.106009,2.7300000190734863,165.110443,2021-04-03,0.9583500027656555,5,102699996.868355
30.243696212768555,75.098164,2.7300000190734863,164.643631,2021-04-03,0.9519850015640259,6,102699996.748527
30.243682861328125,75.106826,6.619999885559082,165.174606,2021-04-03,0.9556210041046143,5,102699996.884883
30.243308,75.107237,2.690000057220459,165.358307,2021-04-03,0.9501280188560486,5,102699996.893147
30.242201,75.099796,2.690000057220459,166.068329,2021-04-03,0.9591050148010254,6,102699996.781583
30.2421875,75.108464,2.6500000953674316,165.289169,2021-04-03,0.9583799839019775,5,102699996.917939
30.241069,75.109692,2.609999895095825,165.40567016601562,2021-04-03,0.9547299742698669,5,102699996.942734
30.240707397460938,75.101429,2.5399999618530273,166.154755,2021-04-03,0.9521980285644531,6,102699996.814639
30.240329,75.110507,15.710000038146973,166.009674,2021-04-03,0.9507690072059631,5,102699996.959266
30.239213,75.103064,2.5,165.269638,2021-04-03,0.9510470032691956,6,102699996.847695
30.238839,75.103473,2.6500000953674316,165.195557,2021-04-03,0.9569849967956543,6,102699996.855959
30.238086700439453,75.112962,11.0,165.708038,2021-04-03,0.9573670029640198,5,102699997.008862
30.23771095275879,75.113374,2.6500000953674316,165.480316,2021-04-03,0.9582949876785278,5,102699997.017128
30.237346649169922,75.10511016845703,2.5799999237060547,165.883331,2021-04-03,0.9504129886627197,6,102699996.889015
30.236600875854492,75.105928,2.609999895095825,165.257034,2021-04-03,0.9531459808349609,6,102699996.905543
30.236592,75.114598,5.420000076293945,166.043488,2021-04-03,0.9539980292320251,5,102699997.041926
30.23622703552246,75.106337,2.6500000953674316,165.421738,2021-04-03,0.9613670110702515,6,102699996.913807
30.236217498779297,75.115007,3.25,166.045471,2021-04-03,0.9505050182342529,5,102699997.050192
30.235861,75.106742,2.5799999237060547,180.701126,2021-04-03,0.9564279913902283,6,102699996.922071
30.235095977783203,75.116233,2.799999952316284,165.039795,2021-04-03,0.9539240002632141,5,102699997.07499
30.325170516967773,75.114541,2.7300000190734863,169.168839,2021-09-29,0.9752830266952515,11,118169939.9598
30.325128,75.135753,2.759999990463257,168.329285,2021-09-29,0.9628580212593079,6,118169939.873007
30.324796676635742,75.114949,2.799999952316284,169.146255,2021-09-29,0.9750760197639465,11,118169939.968066
30.324895,75.123411,2.690000057220459,168.819672,2021-09-29,0.9651439785957336,8,118169940.104424
30.32475471496582,75.136162,2.759999990463257,168.439987,2021-09-29,0.9635480046272278,6,118169939.881273
30.324765,75.144851,23.40999984741211,169.051254,2021-09-29,0.965474009513855,5,118169940.017652
30.324521,75.123819,3.0199999809265137,168.975006,2021-09-29,0.9608340263366699,8,118169940.112688
30.324424,75.115358,2.799999952316284,169.212677,2021-09-29,0.9743139743804932,11,118169939.976332
30.324382781982422,75.136571,2.6500000953674316,168.663055,2021-09-29,0.9680699706077576,6,118169939.889539
30.324399,75.145252,6.579999923706055,169.031708,2021-09-29,0.956371009349823,5,118169940.025916
30.324147,75.124227,2.8399999141693115,169.027191,2021-09-29,0.9681789875030518,8,118169940.120952
30.32402801513672,75.145658,2.7300000190734863,169.114273,2021-09-29,0.9607959985733032,5,118169940.03418
30.324051,75.115766,2.7300000190734863,169.182678,2021-09-29,0.9743009805679321,11,118169939.984596
30.324010848999023,75.13697814941406,2.6500000953674316,168.518829,2021-09-29,0.9660869836807251,6,118169939.897805
30.323678,75.116175,2.759999990463257,169.182648,2021-09-29,0.9755679965019226,11,118169939.99286
30.323773,75.124635,2.869999885559082,168.969971,2021-09-29,0.9669219851493835,8,118169940.129216
30.323654174804688,75.146066,2.690000057220459,168.992859,2021-09-29,0.9582700133323669,5,118169940.042444
30.323400497436523,75.125043,2.690000057220459,169.24205017089844,2021-09-29,0.965349018573761,8,118169940.13748
30.323305130004883,75.116583,2.759999990463257,168.944504,2021-09-29,0.9743229746818542,11,118169940.001124
30.323264,75.137798,2.609999895095825,168.692444,2021-09-29,0.9626629948616028,6,118169939.914337
30.323281,75.146474,2.5799999237060547,169.233093,2021-09-29,0.9696009755134583,5,118169940.050708
30.322932,75.116991,2.7300000190734863,168.986267,2021-09-29,0.9719719886779785,11,118169940.009388
30.323026,75.125451,2.799999952316284,169.190216,2021-09-29,0.9689379930496216,8,118169940.145744
30.322907,75.146882,2.609999895095825,169.143921,2021-09-29,0.9700340032577515,5,118169940.058972
30.322891235351562,75.138207,2.7300000190734863,168.848663,2021-09-29,0.9718179702758789,6,118169939.922603
30.322558,75.117399,2.8399999141693115,168.996704,2021-09-29,0.9748169779777527,11,118169940.017652
30.322652,75.125859,2.759999990463257,169.152405,2021-09-29,0.9703450202941895,8,118169940.154008
30.322518,75.138615,2.5399999618530273,168.88796997070312,2021-09-29,0.9645019769668579,6,118169939.930869
30.322525024414062,75.147297,19.450001,169.440353,2021-09-29,0.9616659879684448,5,118169940.067236
30.32227897644043,75.126267,2.8399999141693115,169.098495,2021-09-29,0.9770939946174622,8,118169940.162272
30.322185,75.117808,2.759999990463257,168.979797,2021-09-29,0.9725580215454102,11,118169940.025916
30.322145462036133,75.139024,2.690000057220459,168.887695,2021-09-29,0.9664790034294128,6,118169939.939135
30.32215690612793,75.14769744873047,7.849999904632568,168.553467,2021-09-29,0.9620389938354492,5,118169940.0755
30.32181167602539,75.118216,2.7300000190734863,169.123596,2021-09-29,0.9759200215339661,11,118169940.03418
30.3219051361084,75.126676,2.799999952316284,169.087021,2021-09-29,0.9691950082778931,8,118169940.170536
30.32178497314453,75.148107,4.150000095367432,168.902099609375,2021-09-29,0.9654629826545715,5,118169940.083764
30.3217716217041,75.139433,2.6500000953674316,168.722244,2021-09-29,0.9657909870147705,6,118169939.947401
30.321532,75.127084,2.799999952316284,169.178101,2021-09-29,0.9676809906959534,8,118169940.1788
30.32139015197754,75.13984680175781,22.549999,169.53038024902344,2021-09-29,0.96001797914505,6,118169939.955667
30.321412,75.148514,2.759999990463257,169.174423,2021-09-29,0.9694719910621643,5,118169940.092028
30.321158,75.127492,2.690000057220459,169.319427,2021-09-29,0.9687359929084778,8,118169940.187064
30.321065,75.119032,2.759999990463257,169.055862,2021-09-29,0.9711599946022034,11,118169940.050708
30.321021,75.140254,13.569999694824219,169.483505,2021-09-29,0.9642789959907532,6,118169939.963933
30.321038,75.148922,2.609999895095825,169.218597,2021-09-29,0.9669219851493835,5,118169940.100292
30.320691,75.11943817138672,2.9100000858306885,168.83139038085938,2021-09-29,0.9634069800376892,11,118169940.058972
30.320783615112305,75.127901,2.950000047683716,169.237946,2021-09-29,0.9730209708213806,8,118169940.195328
30.320653,75.140658,2.759999990463257,168.964478,2021-09-29,0.9667320251464844,6,118169939.972199
30.32066535949707,75.14933013916016,2.7300000190734863,169.075897,2021-09-29,0.9654179811477661,5,118169940.108556
30.320317,75.119848,2.990000009536743,168.83432006835938,2021-09-29,0.9709740281105042,11,118169940.067236
30.320411,75.128309,2.990000009536743,168.892792,2021-09-29,0.9631950259208679,8,118169940.203592
30.320280075073242,75.141066,2.6500000953674316,168.890305,2021-09-29,0.9652100205421448,6,118169939.980464
30.320291,75.149737,2.609999895095825,168.813278,2021-09-29,0.9666789770126343,5,118169940.11682
30.320037841796875,75.128717,2.5399999618530273,169.288193,2021-09-29,0.966821014881134,8,118169940.211856
30.319944381713867,75.120256,2.7300000190734863,169.036789,2021-09-29,0.9740399718284607,11,118169940.0755
30.319907,75.141475,2.690000057220459,168.373413,2021-09-29,0.9669039845466614,6,118169939.988728
30.319917,75.150146,2.7300000190734863,169.090546,2021-09-29,0.9674100279808044,5,118169940.125084
30.319570541381836,75.120664,2.690000057220459,169.144501,2021-09-29,0.9760609865188599,11,118169940.083764
30.319665,75.129126,2.5799999237060547,169.271469,2021-09-29,0.9658669829368591,8,118169940.22012
30.319534301757812,75.141883,2.690000057220459,168.209213,2021-09-29,0.9622300267219543,6,118169939.996992
30.319543838500977,75.150553,2.609999895095825,168.776245,2021-09-29,0.9682160019874573,5,118169940.133348
30.319704055786133,75.163235,3.059999942779541,168.902664,2021-09-29,0.9531819820404053,3,118169939.901939
30.319196,75.121072,2.609999895095825,169.189468,2021-09-29,0.9759969711303711,11,118169940.092028
30.319292068481445,75.129534,2.7200000286102295,168.972412,2021-09-29,0.9663950204849243,8,118169940.228384
30.319156646728516,75.142294,11.220000267028809,168.346634,2021-09-29,0.969294011592865,6,118169940.005256
30.319169998168945,75.150961,2.6500000953674316,169.031036,2021-09-29,0.9691770076751709,5,118169940.141612
30.318919,75.129943,2.690000057220459,169.004501,2021-09-29,0.970009982585907,8,118169940.236648
30.318822,75.1214828491211,2.7300000190734863,168.925308,2021-09-29,0.971360981464386,11,118169940.100292
30.318786,75.1427001953125,2.609999895095825,171.049957,2021-09-29,0.9618520140647888,6,118169940.01352
30.318796157836914,75.151369,2.759999990463257,168.375305,2021-09-29,0.9587960243225098,5,118169940.149876
30.318449020385742,75.121888,2.8399999141693115,168.974564,2021-09-29,0.9780129790306091,11,118169940.108556
30.318546295166016,75.130352,2.690000057220459,168.873657,2021-09-29,0.9698429703712463,8,118169940.244912
30.318410873413086,75.14311218261719,8.109999656677246,169.059891,2021-09-29,0.9695510268211365,6,118169940.021784
30.318423,75.151777,2.6500000953674316,168.709488,2021-09-29,0.9710429906845093,5,118169940.15814
30.318173,75.1307601928711,2.7200000286102295,168.785431,2021-09-29,0.9708920121192932,8,118169940.253176
30.31807518005371,75.122296,2.7300000190734863,169.000732,2021-09-29,0.9654979705810547,11,118169940.11682
30.318038940429688,75.143516,2.7300000190734863,171.206528,2021-09-29,0.9653279781341553,6,118169940.030048
30.318049,75.152186,2.609999895095825,168.793625,2021-09-29,0.9671440124511719,5,118169940.166404
30.317800521850586,75.131169,2.7200000286102295,168.654266,2021-09-29,0.971858024597168,8,118169940.26144
30.31770133972168,75.122704,2.690000057220459,168.847351,2021-09-29,0.9634860157966614,11,118169940.125084
30.317665100097656,75.143925,3.700000047683716,170.194351,2021-09-29,0.9618579745292664,6,118169940.038312
30.317676,75.152594,2.609999895095825,168.897583,2021-09-29,0.9650110006332397,5,118169940.174668
30.31732749938965,75.123112,2.799999952316284,168.978561,2021-09-29,0.9667080044746399,11,118169940.133348
30.317426681518555,75.131578,2.759999990463257,168.792587,2021-09-29,0.9684709906578064,8,118169940.269704
30.317293167114258,75.144331,2.609999895095825,168.132141,2021-09-29,0.9586740136146545,6,118169940.046576
30.317302,75.153002,2.6500000953674316,168.942291,2021-09-29,0.9621729850769043,5,118169940.182932
30.317054748535156,75.131987,2.799999952316284,168.659668,2021-09-29,0.9676880240440369,8,118169940.277968
30.316953659057617,75.12351989746094,2.690000057220459,168.746094,2021-09-29,0.9571409821510315,11,118169940.141612
30.316919326782227,75.144739,2.690000057220459,167.278915,2021-09-29,0.9634439945220947,6,118169940.05484
30.31692886352539,75.15341186523438,2.5799999237060547,169.05014038085938,2021-09-29,0.9674249887466431,5,118169940.191196
30.316682,75.132395,2.8399999141693115,168.690399,2021-09-29,0.9588189721107483,8,118169940.286232
30.316579818725586,75.123929,2.6500000953674316,169.174866,2021-09-29,0.97052401304245,11,118169940.149876
30.316546,75.145147,2.5799999237060547,167.481812,2021-09-29,0.9590700268745422,6,118169940.063104
30.31655502319336,75.153818,2.6500000953674316,168.945541,2021-09-29,0.9594500064849854,5,118169940.19946
30.316205978393555,75.124337,2.759999990463257,169.08251953125,2021-09-29,0.9666100144386292,11,118169940.15814
30.316308975219727,75.132804,2.690000057220459,168.832581,2021-09-29,0.9724199771881104,8,118169940.294496
30.316171646118164,75.145555,2.759999990463257,167.422867,2021-09-29,0.9624950289726257,6,118169940.071368
30.316182,75.154227,2.759999990463257,168.854172,2021-09-29,0.964152991771698,5,118169940.207724
30.3159236907959,75.133226,30.770000457763672,168.929794,2021-09-29,0.9669860005378723,8,118169940.30276
30.315833,75.124745,3.140000104904175,168.931656,2021-09-29,0.9625679850578308,11,118169940.166404
30.315797805786133,75.145963,2.690000057220459,167.716858,2021-09-29,0.9705039858818054,6,118169940.079632
30.315809,75.154635,2.690000057220459,169.061569,2021-09-29,0.9660789966583252,5,118169940.215988
30.315553665161133,75.133632,22.469999,170.004105,2021-09-29,0.9599509835243225,8,118169940.311024
30.315459,75.125153,2.7300000190734863,168.947968,2021-09-29,0.9584149718284607,11,118169940.174668
30.315425,75.146371,2.5799999237060547,167.760315,2021-09-29,0.9645640254020691,6,118169940.087896
30.3154354095459,75.155044,2.759999990463257,169.496735,2021-09-29,0.9698989987373352,5,118169940.224252
30.315086364746094,75.125561,2.869999885559082,168.90975952148438,2021-09-29,0.965366005897522,11,118169940.182932
30.315185,75.134037,15.069999694824219,168.917023,2021-09-29,0.956017017364502,8,118169940.319288
30.315048217773438,75.146782,9.010000228881836,168.159378,2021-09-29,0.967706024646759,6,118169940.09616
30.315061569213867,75.155452,2.990000009536743,169.448776,2021-09-29,0.961135983467102,5,118169940.232516
30.314818,75.13443756103516,2.869999885559082,168.616852,2021-09-29,0.9621739983558655,8,118169940.327552
30.314712,75.12596893310547,2.6500000953674316,169.152359,2021-09-29,0.9699059724807739,11,118169940.191196
30.314677,75.147187,2.7300000190734863,168.105164,2021-09-29,0.9665639996528625,6,118169940.104424
30.314689,75.155861,2.7300000190734863,168.891251,2021-09-29,0.9679750204086304,5,118169940.24078
30.314446,75.134849,2.869999885559082,168.563278,2021-09-29,0.9648889899253845,8,118169940.335816
30.314311,75.156274,13.270000457763672,169.253235,2021-09-29,0.9612939953804016,5,118169940.249044
30.31433868408203,75.126378,2.690000057220459,168.841217,2021-09-29,0.9623159766197205,11,118169940.19946
30.314298629760742,75.147599,12.75,167.964722,2021-09-29,0.9639610052108765,6,118169940.112688
30.313966,75.126787,2.799999952316284,169.218491,2021-09-29,0.9696530103683472,11,118169940.207724
30.314073,75.135257,2.7200000286102295,168.638123,2021-09-29,0.9687809944152832,8,118169940.34408
30.313928,75.148004,5.570000171661377,168.029633,2021-09-29,0.9681839942932129,6,118169940.120952
30.313943,75.156678,2.609999895095825,168.777206,2021-09-29,0.9617040157318115,5,118169940.257308
30.31369972229004,75.13566589355469,2.759999990463257,168.664703,2021-09-29,0.9636560082435608,8,118169940.352344
30.3135929107666,75.127195,2.7300000190734863,169.279068,2021-09-29,0.970475971698761,11,118169940.215988
30.313556,75.148411,2.609999895095825,168.437347,2021-09-29,0.960847020149231,6,118169940.129216
30.313570022583008,75.157086,2.690000057220459,168.825317,2021-09-29,0.9708489775657654,5,118169940.265572
30.31321907043457,75.127604,2.7300000190734863,169.149643,2021-09-29,0.981561005115509,11,118169940.224252
30.31332778930664,75.136075,2.690000057220459,168.640839,2021-09-29,0.9684240221977234,8,118169940.360608
30.313197,75.157495,2.6500000953674316,168.898178,2021-09-29,0.9731339812278748,5,118169940.273836
30.313182,75.148819,2.690000057220459,168.749146,2021-09-29,0.9731590151786804,6,118169940.13748
30.312846,75.128012,2.9100000858306885,169.164627,2021-09-29,0.9746170043945312,11,118169940.232516
30.312955,75.136484,2.7200000286102295,168.526413,2021-09-29,0.9690899848937988,8,118169940.368872
30.312808,75.149227,2.6500000953674316,168.889252,2021-09-29,0.9743369817733765,6,118169940.145744
30.312825,75.157904,2.609999895095825,168.843292,2021-09-29,0.9674100279808044,5,118169940.2821
30.31258201599121,75.136892,2.7200000286102295,168.633728,2021-09-29,0.9719420075416565,8,118169940.377136
30.31247329711914,75.128421,2.690000057220459,169.244034,2021-09-29,0.9795650243759155,11,118169940.24078
30.312435150146484,75.1496353149414,2.609999895095825,168.844513,2021-09-29,0.9656850099563599,6,118169940.154008
30.31245231628418,75.158312,2.7300000190734863,168.754379,2021-09-29,0.9679070115089417,5,118169940.290364
30.312089,75.128842,26.620001,171.727234,2021-09-29,0.9703810214996338,11,118169940.249044
30.312210083007812,75.137301,2.799999952316284,168.5654296875,2021-09-29,0.963612973690033,8,118169940.3854
30.312079,75.158721,2.5799999237060547,168.932068,2021-09-29,0.9683669805526733,5,118169940.298628
30.312058,75.150045,8.34000015258789,168.666428,2021-09-29,0.9621729850769043,6,118169940.162272
30.311715,75.129252,33.31999969482422,169.012039,2021-09-29,0.9629650115966797,11,118169940.257308
30.311837,75.13771057128906,2.690000057220459,168.639618,2021-09-29,0.9642450213432312,8,118169940.393664
30.311687469482422,75.150451,2.759999990463257,168.860184,2021-09-29,0.9656069874763489,6,118169940.170536
30.311706,75.15912628173828,2.7300000190734863,168.682251,2021-09-29,0.9645400047302246,5,118169940.306892
30.311464309692383,75.138118,2.8399999141693115,168.475357,2021-09-29,0.9658859968185425,8,118169940.401928
30.311355,75.129647,2.690000057220459,169.033478,2021-09-29,0.969186007976532,11,118169940.265572
30.31131362915039,75.150859,2.759999990463257,168.508011,2021-09-29,0.9636750221252441,6,118169940.1788
30.31133270263672,75.159539,2.759999990463257,168.580353,2021-09-29,0.9701020121574402,5,118169940.315156
30.31098175048828,75.130056,2.9100000858306885,169.284576,2021-09-29,0.9745389819145203,11,118169940.273836
30.311091,75.138527,2.690000057220459,168.5692901611328,2021-09-29,0.9642860293388367,8,118169940.410192
30.310941,75.151267,2.609999895095825,168.551453,2021-09-29,0.9658079743385315,6,118169940.187064
30.310961,75.159947,2.799999952316284,168.698608,2021-09-29,0.9710230231285095,5,118169940.32342
30.310609,75.130465,2.799999952316284,169.196884,2021-09-29,0.9744470119476318,11,118169940.2821
30.310718,75.138936,2.6500000953674316,168.7049102783203,2021-09-29,0.9676579833030701,8,118169940.418456
30.310567,75.151675,2.6500000953674316,168.148132,2021-09-29,0.9614049792289734,6,118169940.195328
30.310588,75.160356,2.6500000953674316,168.623886,2021-09-29,0.9639459848403931,5,118169940.331684
30.310344696044922,75.139344,2.690000057220459,168.711777,2021-09-29,0.9646009802818298,8,118169940.42672
30.31023597717285,75.130873,2.8399999141693115,169.222458,2021-09-29,0.9726089835166931,11,118169940.290364
30.31019401550293,75.15208435058594,2.799999952316284,168.235733,2021-09-29,0.9616640210151672,6,118169940.203592
30.31021499633789,75.160765,2.6500000953674316,168.995514,2021-09-29,0.9730730056762695,5,118169940.339948
30.309864044189453,75.131282,2.759999990463257,168.991974,2021-09-29,0.9721300005912781,11,118169940.298628
30.309972,75.139753,2.759999990463257,168.899963,2021-09-29,0.9704920053482056,8,118169940.434984
30.3098201751709,75.152492,2.690000057220459,168.660233,2021-09-29,0.9706569910049438,6,118169940.211856
30.309842,75.161173,2.609999895095825,168.967758,2021-09-29,0.9673259854316711,5,118169940.348212
30.309598922729492,75.140161,2.9100000858306885,168.865921,2021-09-29,0.9694079756736755,8,118169940.443248
30.309491,75.131691,2.690000057220459,168.997543,2021-09-29,0.9739450216293335,11,118169940.306892
30.309447,75.152901,2.690000057220459,168.251343,2021-09-29,0.9690049886703491,6,118169940.22012
30.309469,75.161582,2.690000057220459,168.942673,2021-09-29,0.9721239805221558,5,118169940.356476
30.309118270874023,75.1321029663086,2.7300000190734863,169.011444,2021-09-29,0.9692890048027039,11,118169940.315156
30.30907440185547,75.153309,2.6500000953674316,168.222672,2021-09-29,0.9663079977035522,6,118169940.228384
30.309096,75.161991,2.690000057220459,169.083481,2021-09-29,0.968654990196228,5,118169940.36474
30.308746337890625,75.132509,2.869999885559082,168.972046,2021-09-29,0.9722139835357666,11,118169940.32342
30.308701,75.153717,2.5799999237060547,168.185364,2021-09-29,0.9682549834251404,6,118169940.236648
30.308724,75.162399,2.609999895095825,168.982925,2021-09-29,0.9601619839668274,5,118169940.373004
30.30847930908203,75.141386,2.759999990463257,169.032272,2021-09-29,0.975471019744873,8,118169940.46804
30.308373,75.132917,2.759999990463257,168.9510498046875,2021-09-29,0.9701489806175232,11,118169940.331684
30.308328,75.154126,2.609999895095825,168.294556,2021-09-29,0.9659900069236755,6,118169940.244912
30.308351,75.162808,2.609999895095825,168.96524047851562,2021-09-29,0.9708790183067322,5,118169940.381268
30.308107376098633,75.141795,2.7200000286102295,169.529831,2021-09-29,0.9719380140304565,8,118169940.476304
30.308000564575195,75.133326,2.8399999141693115,168.882706,2021-09-29,0.976705014705658,11,118169940.339948
30.307954788208008,75.154535,2.6500000953674316,168.097885,2021-09-29,0.9641439914703369,6,118169940.253176
30.3079776763916,75.163217,3.0199999809265137,168.611816,2021-09-29,0.9591609835624695,5,118169940.389532
30.307628,75.133735,2.799999952316284,168.7768096923828,2021-09-29,0.9705899953842163,11,118169940.348212
30.3077335357666,75.142203,2.799999952316284,169.578812,2021-09-29,0.9675189852714539,8,118169940.484568
30.307582,75.154943,2.690000057220459,167.924698,2021-09-29,0.962556004524231,6,118169940.26144
30.307605,75.163625,2.690000057220459,169.108124,2021-09-29,0.9710410237312317,5,118169940.397796
30.307361,75.142611,2.7200000286102295,169.545502,2021-09-29,0.966746985912323,8,118169940.492832
30.307254791259766,75.134144,2.759999990463257,169.066742,2021-09-29,0.9750840067863464,11,118169940.356476
30.307209014892578,75.155352,2.5399999618530273,168.16419982910156,2021-09-29,0.9657390117645264,6,118169940.269704
30.307231903076172,75.164034,2.8399999141693115,168.890808,2021-09-29,0.9674680233001709,5,118169940.40606
30.306983947753906,75.143023,11.0600004196167,169.211685,2021-09-29,0.960286021232605,8,118169940.501096
30.306859,75.164442,2.6500000953674316,169.23171997070312,2021-09-29,0.9721789956092834,5,118169940.414324
30.306882,75.134553,2.759999990463257,168.894638,2021-09-29,0.977832019329071,11,118169940.36474
30.306836,75.155761,2.880000114440918,168.49703979492188,2021-09-29,0.9590719938278198,6,118169940.277968
30.30651092529297,75.134961,2.799999952316284,168.836899,2021-09-29,0.9760100245475769,11,118169940.373004
30.30661392211914,75.143428,2.690000057220459,169.864166,2021-09-29,0.9688249826431274,8,118169940.50936
30.30646324157715,75.15617370605469,2.6500000953674316,169.008789,2021-09-29,0.9608799815177917,6,118169940.286232
30.306486129760742,75.164851,2.6500000953674316,169.257507,2021-09-29,0.9695580005645752,5,118169940.422588
30.306241,75.143836,2.799999952316284,169.789566,2021-09-29,0.9694229960441589,8,118169940.517624
30.306258,75.177927,2.950000047683716,170.252106,2021-09-29,0.954617977142334,3,118169940.199461
30.306137084960938,75.13536834716797,2.9100000858306885,169.148529,2021-09-29,0.9706370234489441,11,118169940.381268
30.306089401245117,75.156578,2.7300000190734863,169.147644,2021-09-29,0.9645630121231079,6,118169940.294496
30.305764,75.135779,2.759999990463257,169.355545,2021-09-29,0.9770169854164124,11,118169940.389532
30.305867,75.144245,4.820000171661377,169.745148,2021-09-29,0.9616510272026062,8,118169940.525888
30.305718,75.156987,2.6500000953674316,168.951782,2021-09-29,0.9662309885025024,6,118169940.30276
30.305391311645508,75.136187,2.7300000190734863,169.292542,2021-09-29,0.9722449779510498,11,118169940.397796
30.30549430847168,75.144652,2.8399999141693115,169.964005,2021-09-29,0.9698539972305298,8,118169940.534152
30.305345,75.157396,2.690000057220459,169.183594,2021-09-29,0.9568750262260437,6,118169940.311024
30.305361,75.16607666015625,14.0600004196167,169.03652954101562,2021-09-29,0.9614310264587402,5,118169940.44738
30.305121,75.14505767822266,2.799999952316284,169.8369598388672,2021-09-29,0.972087025642395,8,118169940.542416
30.305018,75.136596,2.7300000190734863,169.876236,2021-09-29,0.9729869961738586,11,118169940.40606
30.30497169494629,75.157804,2.690000057220459,169.044525,2021-09-29,0.9614089727401733,6,118169940.319288
30.304994,75.166484,2.6500000953674316,168.709549,2021-09-29,0.9642869830131531,5,118169940.455644
30.304645,75.137005,2.799999952316284,169.861389,2021-09-29,0.9763649702072144,11,118169940.414324
30.304748,75.145468,2.759999990463257,169.888687,2021-09-29,0.9738379716873169,8,118169940.55068
30.304621,75.166892,2.5799999237060547,169.288559,2021-09-29,0.9564229846000671,5,118169940.463908
30.304599,75.158213,2.690000057220459,168.970108,2021-09-29,0.9635999798774719,6,118169940.327552
30.304273,75.137413,2.6500000953674316,169.962799,2021-09-29,0.9709479808807373,11,118169940.422588
30.30437469482422,75.145876,2.869999885559082,169.515366,2021-09-29,0.967028021812439,8,118169940.558944
30.304227,75.158622,2.6500000953674316,168.948227,2021-09-29,0.9661030173301697,6,118169940.335816
30.30424690246582,75.16729736328125,2.799999952316284,168.847092,2021-09-29,0.9601309895515442,5,118169940.472172
30.304002,75.146284,2.690000057220459,169.740112,2021-09-29,0.9604960083961487,8,118169940.567208
30.303897,75.13782501220703,8.819999694824219,169.773071,2021-09-29,0.9634760022163391,11,118169940.430852
30.30385398864746,75.159031,2.609999895095825,169.347809,2021-09-29,0.9700890183448792,6,118169940.34408
30.303874,75.167708,2.690000057220459,168.792664,2021-09-29,0.9616640210151672,5,118169940.480436
30.303527,75.13822937011719,3.1700000762939453,169.399857,2021-09-29,0.9657999873161316,11,118169940.439116
30.303628,75.146692,2.9100000858306885,169.533005,2021-09-29,0.9651209712028503,8,118169940.575472
30.303481,75.159439,2.690000057220459,168.444839,2021-09-29,0.9636690020561218,6,118169940.352344
30.30350112915039,75.168116,2.759999990463257,168.079514,2021-09-29,0.9609310030937195,5,118169940.4887
30.30315399169922,75.138638,3.059999942779541,169.553589,2021-09-29,0.966463029384613,11,118169940.44738
30.303255081176758,75.14710235595703,2.7200000286102295,169.947205,2021-09-29,0.9700639843940735,8,118169940.583736
30.30310821533203,75.159847,2.7300000190734863,168.374786,2021-09-29,0.9657149910926819,6,118169940.360608
30.303128,75.168524,2.690000057220459,167.993286,2021-09-29,0.9617649912834167,5,118169940.496964
30.302882,75.147508,2.8399999141693115,169.805405,2021-09-29,0.9729869961738586,8,118169940.592
30.302780151367188,75.139047,3.619999885559082,169.993408,2021-09-29,0.9733570218086243,11,118169940.455644
30.302736282348633,75.160256,2.5799999237060547,168.574951,2021-09-29,0.9699339866638184,6,118169940.368872
30.30275535583496,75.168932,2.609999895095825,167.692963,2021-09-29,0.9527379870414734,5,118169940.505228
30.30240821838379,75.139455,2.7300000190734863,169.888367,2021-09-29,0.9738820195198059,11,118169940.463908
30.302508,75.147916,2.799999952316284,169.593552,2021-09-29,0.9650430083274841,8,118169940.600264
30.302363,75.160665,2.609999895095825,168.496811,2021-09-29,0.9685729742050171,6,118169940.377136
30.30238151550293,75.16934204101562,2.759999990463257,167.936813,2021-09-29,0.9631450176239014,5,118169940.513492
30.302035,75.139863,2.690000057220459,169.491211,2021-09-29,0.968451976776123,11,118169940.472172
30.302135467529297,75.148324,2.7200000286102295,169.639114,2021-09-29,0.9670420289039612,8,118169940.608528
30.301990509033203,75.161073,2.609999895095825,168.525467,2021-09-29,0.9703729748725891,6,118169940.3854
30.3020076751709,75.169748,2.6500000953674316,167.795441,2021-09-29,0.9610450267791748,5,118169940.521756
30.301761627197266,75.148732,2.8399999141693115,169.791245,2021-09-29,0.9677820205688477,8,118169940.616792
30.30166244506836,75.140271,2.799999952316284,169.531067,2021-09-29,0.9708420038223267,11,118169940.480436
30.30161476135254,75.161484,7.480000019073486,167.708298,2021-09-29,0.9502990245819092,6,118169940.393664
30.301633,75.170157,5.869999885559082,167.746063,2021-09-29,0.9571999907493591,5,118169940.53002
30.301288,75.14067840576172,2.990000009536743,169.779175,2021-09-29,0.9734839797019958,11,118169940.4887
30.301387786865234,75.14913940429688,2.799999952316284,169.705688,2021-09-29,0.9653679728507996,8,118169940.625056
30.30124282836914,75.161891,6.019999980926514,168.067734,2021-09-29,0.9558349847793579,6,118169940.401928
30.30126190185547,75.170564,2.690000057220459,167.647598,2021-09-29,0.9689260125160217,5,118169940.538284
30.301015,75.149548,2.6500000953674316,170.00173950195312,2021-09-29,0.9701579809188843,8,118169940.63332
30.300914764404297,75.141088,2.7300000190734863,170.026932,2021-09-29,0.9750459790229797,11,118169940.496964
30.300871,75.162298,2.5799999237060547,167.995651,2021-09-29,0.9685459733009338,6,118169940.410192
30.300888061523438,75.170972,2.6500000953674316,167.566498,2021-09-29,0.9564679861068726,5,118169940.546548
30.300642013549805,75.14995574951172,2.6500000953674316,169.899048,2021-09-29,0.9697219729423523,8,118169940.641584
30.300542,75.141496,2.6500000953674316,169.986908,2021-09-29,0.97223299741745,11,118169940.505228
30.300498,75.162707,2.609999895095825,167.751205,2021-09-29,0.9699130058288574,6,118169940.418456
30.300515,75.17137908935547,2.7300000190734863,167.654739,2021-09-29,0.9621109962463379,5,118169940.554812
30.300168991088867,75.141904,2.690000057220459,169.61557006835938,2021-09-29,0.9624040126800537,11,118169940.513492
30.300268173217773,75.150364,2.7200000286102295,169.828857,2021-09-29,0.9713910222053528,8,118169940.649848
30.300126,75.163115,2.690000057220459,167.150101,2021-09-29,0.9629279971122742,6,118169940.42672
30.300142288208008,75.171788,2.690000057220459,167.671677,2021-09-29,0.9669950008392334,5,118169940.563076
30.299895,75.150772,2.9100000858306885,169.609833,2021-09-29,0.9663259983062744,8,118169940.658112
30.299796,75.142312,2.799999952316284,169.889709,2021-09-29,0.9728900194168091,11,118169940.521756
30.299753189086914,75.163523,2.5799999237060547,167.263351,2021-09-29,0.9665970206260681,6,118169940.434984
30.299768447875977,75.172196,2.6500000953674316,167.7532196044922,2021-09-29,0.9707000255584717,5,118169940.57134
30.299522399902344,75.15117645263672,2.759999990463257,169.643311,2021-09-29,0.9686369895935059,8,118169940.666376
30.299422,75.1427230834961,2.7300000190734863,169.999771,2021-09-29,0.9775969982147217,11,118169940.53002
30.299379,75.163932,2.690000057220459,167.760025,2021-09-29,0.965378999710083,6,118169940.443248
30.299394607543945,75.172604,2.5799999237060547,167.779404,2021-09-29,0.9705320000648499,5,118169940.579604
30.299049,75.143128,2.869999885559082,169.476395,2021-09-29,0.9651880264282227,11,118169940.538284
30.299148559570312,75.151588,2.799999952316284,169.512283,2021-09-29,0.9666749835014343,8,118169940.67464
30.29900550842285,75.16433715820312,2.609999895095825,167.808548,2021-09-29,0.9642540216445923,6,118169940.451512
30.299022,75.173011,2.759999990463257,166.796661,2021-09-29,0.9685389995574951,5,118169940.587868
30.298929,75.194662,3.0299999713897705,169.98558044433594,2021-09-29,0.9532520174980164,2,118169940.501097
30.29877471923828,75.151996,2.799999952316284,169.518555,2021-09-29,0.9681739807128906,8,118169940.682904
30.298675537109375,75.143536,2.759999990463257,169.453049,2021-09-29,0.967399001121521,11,118169940.546548
30.298633,75.164748,2.950000047683716,167.91217041015625,2021-09-29,0.9697520136833191,6,118169940.459776
30.298648,75.173419,2.6500000953674316,166.744904,2021-09-29,0.9618539810180664,5,118169940.596132
30.298402,75.152404,2.690000057220459,169.669342,2021-09-29,0.9700559973716736,8,118169940.691168
30.298274993896484,75.173827,2.6500000953674316,166.665894,2021-09-29,0.9540780186653137,5,118169940.604396
30.298303,75.143944,2.759999990463257,169.691071,2021-09-29,0.9699199795722961,11,118169940.554812
30.298259735107422,75.165156,2.7300000190734863,167.5931396484375,2021-09-29,0.9705849885940552,6,118169940.46804
30.297929763793945,75.144352,2.6500000953674316,169.639099,2021-09-29,0.9726759791374207,11,118169940.563076
30.29802894592285,75.152812,2.690000057220459,169.592484,2021-09-29,0.9713450074195862,8,118169940.699432
30.297887,75.165564,2.6500000953674316,167.641739,2021-09-29,0.9705579876899719,6,118169940.476304
30.297901153564453,75.174235,2.7300000190734863,166.773849,2021-09-29,0.9588310122489929,5,118169940.61266
30.29765510559082,75.1532211303711,2.7200000286102295,169.457489,2021-09-29,0.967553973197937,8,118169940.707696
30.297679,75.187321,2.799999952316284,168.228943,2021-09-29,0.9508619904518127,3,118169940.389533
30.297555923461914,75.14476013183594,2.759999990463257,169.261673,2021-09-29,0.9671459794044495,11,118169940.57134
30.297513,75.165972,2.6500000953674316,167.786911,2021-09-29,0.9709749817848206,6,118169940.484568
30.297528,75.174643,2.759999990463257,166.785889,2021-09-29,0.9582970142364502,5,118169940.620924
30.297182083129883,75.145169,3.5899999141693115,169.441406,2021-09-29,0.9717379808425903,11,118169940.579604
30.297282,75.153628,2.690000057220459,169.476883,2021-09-29,0.966422975063324,8,118169940.71596
30.297154,75.175051,3.25,167.067764,2021-09-29,0.9539819955825806,5,118169940.629188
30.29714012145996,75.1663818359375,2.6500000953674316,167.377274,2021-09-29,0.9686959981918335,6,118169940.492832
30.296810150146484,75.145576,2.799999952316284,169.454422,2021-09-29,0.973006010055542,11,118169940.587868
30.296909,75.154036,2.7200000286102295,169.421555,2021-09-29,0.9716569781303406,8,118169940.724224
30.296767,75.166788,2.6500000953674316,167.475662,2021-09-29,0.9703109860420227,6,118169940.501096
30.296781,75.175459,2.6500000953674316,167.485611,2021-09-29,0.9668909907341003,5,118169940.637452
30.296536,75.154444,2.6500000953674316,168.853287,2021-09-29,0.9587870240211487,8,118169940.732488
30.296436309814453,75.145984,2.7300000190734863,169.493378,2021-09-29,0.97598797082901,11,118169940.596132
30.29639434814453,75.167196,2.7300000190734863,167.379349,2021-09-29,0.9623900055885315,6,118169940.50936
30.29640769958496,75.175866,2.6500000953674316,167.057327,2021-09-29,0.9572010040283203,5,118169940.645716
30.296063,75.146392,2.690000057220459,169.450012,2021-09-29,0.9782829880714417,11,118169940.604396
30.296161651611328,75.154853,2.759999990463257,169.347824,2021-09-29,0.9664499759674072,8,118169940.740752
30.29603385925293,75.176274,2.5799999237060547,167.677689,2021-09-29,0.9654290080070496,5,118169940.65398
30.296021,75.167604,2.690000057220459,167.051773,2021-09-29,0.9594060182571411,6,118169940.517624
30.295690536499023,75.14679718017578,2.759999990463257,169.384384,2021-09-29,0.9718409776687622,11,118169940.61266
30.295789,75.155261,2.7200000286102295,169.403214,2021-09-29,0.9752230048179626,8,118169940.749017
30.29564666748047,75.168012,2.6500000953674316,167.199249,2021-09-29,0.9648190140724182,6,118169940.525888
30.295661,75.176682,2.7300000190734863,167.20108032226562,2021-09-29,0.9516879916191101,5,118169940.662244
30.2954158782959,75.155669,2.7200000286102295,169.21109008789062,2021-09-29,0.9696300029754639,8,118169940.757283
30.295316696166992,75.147208,2.869999885559082,169.198669,2021-09-29,0.9727979898452759,11,118169940.620924
30.295274,75.16841888427734,2.759999990463257,167.068787,2021-09-29,0.9635059833526611,6,118169940.534152
30.295287,75.17709350585938,2.6500000953674316,167.632187,2021-09-29,0.9700649976730347,5,118169940.670508
30.294941,75.147619,7.360000133514404,169.323074,2021-09-29,0.9725170135498047,11,118169940.629188
30.295042037963867,75.156077,2.7200000286102295,169.189529,2021-09-29,0.968192994594574,8,118169940.765549
30.294898,75.168831,8.34000015258789,166.975433,2021-09-29,0.9655200242996216,6,118169940.542416
30.29491424560547,75.177498,2.5799999237060547,167.420258,2021-09-29,0.9586189985275269,5,118169940.678772
30.29456329345703,75.148032,17.829999923706055,170.105682,2021-09-29,0.9648190140724182,11,118169940.637452
30.294668197631836,75.156487,4.710000038146973,169.227722,2021-09-29,0.9649659991264343,8,118169940.773815
30.294527053833008,75.169236,2.7300000190734863,167.422592,2021-09-29,0.96977698802948,6,118169940.55068
30.294541,75.177906,2.690000057220459,167.287445,2021-09-29,0.956242024898529,5,118169940.687036
30.294295,75.156894,2.7200000286102295,169.541992,2021-09-29,0.9727470278739929,8,118169940.782081
30.29419708251953,75.148432,2.8399999141693115,169.237762,2021-09-29,0.9735249876976013,11,118169940.645716
30.294154,75.169644,2.690000057220459,167.266083,2021-09-29,0.9684860110282898,6,118169940.558944
30.294166564941406,75.17831420898438,2.5799999237060547,167.325623,2021-09-29,0.9522320032119751,5,118169940.6953
30.2938232421875,75.14884185791016,2.690000057220459,169.276382,2021-09-29,0.9723970293998718,11,118169940.65398
30.293922424316406,75.157302,2.690000057220459,169.382782,2021-09-29,0.9703779816627502,8,118169940.790347
30.293779373168945,75.170052,2.7300000190734863,167.364990234375,2021-09-29,0.9725649952888489,6,118169940.567208
30.293794,75.178722,2.609999895095825,167.323563,2021-09-29,0.9634400010108948,5,118169940.703564
30.29344940185547,75.149248,2.759999990463257,169.010147,2021-09-29,0.9741129875183105,11,118169940.662244
30.293548583984375,75.15770721435547,2.7200000286102295,169.510605,2021-09-29,0.9720540046691895,8,118169940.798613
30.293407440185547,75.17046356201172,2.6500000953674316,167.427505,2021-09-29,0.9636629819869995,6,118169940.575472
30.293420791625977,75.17913055419922,2.690000057220459,167.125687,2021-09-29,0.9619010090827942,5,118169940.711828
30.293176,75.158119,2.7200000286102295,169.635513,2021-09-29,0.973484992980957,8,118169940.806879
30.29307746887207,75.149656,2.759999990463257,169.045013,2021-09-29,0.9727159738540649,11,118169940.670508
30.293033599853516,75.170868,2.759999990463257,167.309311,2021-09-29,0.9656000137329102,6,118169940.583736
30.293046951293945,75.179537,2.6500000953674316,167.060165,2021-09-29,0.9671609997749329,5,118169940.720092
30.29270362854004,75.150064,2.799999952316284,169.03009033203125,2021-09-29,0.972012996673584,11,118169940.678772
30.292802,75.158527,2.690000057220459,169.554276,2021-09-29,0.9676700234413147,8,118169940.815145
30.292659759521484,75.171276,2.690000057220459,167.478226,2021-09-29,0.9655500054359436,6,118169940.592
30.292674,75.179945,2.690000057220459,167.125198,2021-09-29,0.959447979927063,5,118169940.728356
30.292428970336914,75.158935,2.690000057220459,169.638794,2021-09-29,0.9690679907798767,8,118169940.823411
30.292327,75.150476,9.3100004196167,169.239517,2021-09-29,0.9741420149803162,11,118169940.687036
30.292285919189453,75.17168426513672,2.7300000190734863,168.117935,2021-09-29,0.9597939848899841,6,118169940.600264
30.292299270629883,75.180353,2.799999952316284,167.034149,2021-09-29,0.9619150161743164,5,118169940.73662
30.292056,75.159344,2.7200000286102295,169.373688,2021-09-29,0.965632975101471,8,118169940.831677
30.291957,75.15087890625,2.799999952316284,168.955124,2021-09-29,0.9714360237121582,11,118169940.6953
30.291913,75.172092,2.5799999237060547,169.135834,2021-09-29,0.9666839838027954,6,118169940.608528
30.291927337646484,75.180761,2.690000057220459,167.079208,2021-09-29,0.9650030136108398,5,118169940.744884
30.291584014892578,75.151288,2.799999952316284,169.152374,2021-09-29,0.9742940068244934,11,118169940.703564
30.291683197021484,75.159752,2.759999990463257,169.432205,2021-09-29,0.963513970375061,8,118169940.839943
30.291539,75.17250061035156,2.609999895095825,169.162872,2021-09-29,0.9733700156211853,6,118169940.616792
30.291553497314453,75.18116760253906,2.7300000190734863,167.187073,2021-09-29,0.9647009968757629,5,118169940.75315
30.291309,75.160161,2.759999990463257,169.7744598388672,2021-09-29,0.9735990166664124,8,118169940.848209
30.291208267211914,75.151698,5.980000019073486,169.405762,2021-09-29,0.9698100090026855,11,118169940.711828
30.291166305541992,75.172908,2.609999895095825,169.179901,2021-09-29,0.9729689955711365,6,118169940.625056
30.291179656982422,75.181578,2.6500000953674316,167.188477,2021-09-29,0.9614989757537842,5,118169940.761416
30.290935516357422,75.160569,2.799999952316284,169.301895,2021-09-29,0.9656190276145935,8,118169940.856475
30.290837,75.152104,2.7300000190734863,169.390091,2021-09-29,0.9751290082931519,11,118169940.720092
30.290793,75.173315,2.609999895095825,168.878281,2021-09-29,0.9604849815368652,6,118169940.63332
30.29080581665039,75.181986,2.759999990463257,167.19248962402344,2021-09-29,0.9708859920501709,5,118169940.769682
30.29045867919922,75.152517,13.529999732971191,169.044388,2021-09-29,0.9722110033035278,11,118169940.728356
30.290563,75.160977,2.6500000953674316,169.5625,2021-09-29,0.967985987663269,8,118169940.864741
30.29041862487793,75.173723,2.8399999141693115,168.694138,2021-09-29,0.9612939953804016,6,118169940.641584
30.290433,75.182394,2.690000057220459,167.43190002441406,2021-09-29,0.9693149924278259,5,118169940.777948
30.290189743041992,75.161386,2.759999990463257,169.375656,2021-09-29,0.9674509763717651,8,118169940.873007
30.29008674621582,75.152924,9.380000114440918,169.49501037597656,2021-09-29,0.9724329710006714,11,118169940.73662
30.290059,75.182802,2.6500000953674316,167.443863,2021-09-29,0.969245970249176,5,118169940.786214
30.289813995361328,75.161797,7.25,169.560959,2021-09-29,0.9658880233764648,8,118169940.881273
30.28968620300293,75.18321228027344,2.5399999618530273,167.561218,2021-09-29,0.97359299659729,5,118169940.79448
30.289716,75.15332794189453,5.010000228881836,169.154984,2021-09-29,0.9697610139846802,11,118169940.744884
30.289344,75.153736,3.509999990463257,168.181992,2021-09-29,0.9666399955749512,11,118169940.75315
30.289438247680664,75.162208,14.770000457763672,169.291489,2021-09-29,0.9593709707260132,8,118169940.889539
30.28929901123047,75.174947,2.690000057220459,169.305099,2021-09-29,0.9712259769439697,6,118169940.666376
30.289313,75.183619,2.6500000953674316,167.58399963378906,2021-09-29,0.9710379838943481,5,118169940.802746
30.289065,75.162616,12.600000381469727,170.7686004638672,2021-09-29,0.965939998626709,8,118169940.897805
30.288971,75.15414428710938,2.609999895095825,169.16835021972656,2021-09-29,0.9690549969673157,11,118169940.761416
30.288925170898438,75.175355,2.6500000953674316,169.331909,2021-09-29,0.972698986530304,6,118169940.67464
30.288938522338867,75.184027,2.7300000190734863,167.583633,2021-09-29,0.9704539775848389,5,118169940.811012
30.288597106933594,75.154553,2.869999885559082,169.234619,2021-09-29,0.9669889807701111,11,118169940.769682
30.2886962890625,75.16301727294922,2.7200000286102295,169.78359985351562,2021-09-29,0.9761189818382263,8,118169940.906071
30.288566,75.184435,2.609999895095825,167.798874,2021-09-29,0.9530479907989502,5,118169940.819278
30.288552,75.175763,2.880000114440918,168.758118,2021-09-29,0.9634940028190613,6,118169940.682904
30.288224,75.154961,2.690000057220459,169.4439697265625,2021-09-29,0.9745619893074036,11,118169940.777948
30.288323,75.163429,2.609999895095825,169.747696,2021-09-29,0.9719820022583008,8,118169940.914337
30.288179,75.176171,2.5799999237060547,169.303604,2021-09-29,0.971655011177063,6,118169940.691168
30.288192,75.184843,2.690000057220459,167.955276,2021-09-29,0.968520998954773,5,118169940.827544
30.28795051574707,75.163837,2.8399999141693115,169.573776,2021-09-29,0.96868497133255,8,118169940.922603
30.28784942626953,75.155369,2.7300000190734863,169.405502,2021-09-29,0.9730439782142639,11,118169940.786214
30.287805,75.176578,3.0999999046325684,168.640594,2021-09-29,0.9670420289039612,6,118169940.699432
30.28781509399414,75.185255,10.6899995803833,167.96578979492188,2021-09-29,0.9716590046882629,5,118169940.83581
30.287477493286133,75.155778,2.8399999141693115,169.404251,2021-09-29,0.9704750180244446,11,118169940.79448
30.287576,75.16424560546875,2.799999952316284,169.803802,2021-09-29,0.9707850217819214,8,118169940.930869
30.287443161010742,75.185662,7.440000057220459,169.391739,2021-09-29,0.9580249786376953,5,118169940.844076
30.287431716918945,75.176986,2.5799999237060547,167.936768,2021-09-29,0.9624599814414978,6,118169940.707696
30.2871036529541,75.156186,2.799999952316284,169.394318,2021-09-29,0.9702240228652954,11,118169940.802746
30.287202835083008,75.164655,2.6500000953674316,169.809937,2021-09-29,0.9724239706993103,8,118169940.939135
30.287059,75.177394,2.7300000190734863,168.037842,2021-09-29,0.9677839875221252,6,118169940.71596
30.287071228027344,75.186069,2.6500000953674316,169.682892,2021-09-29,0.9701409935951233,5,118169940.852342
30.28683090209961,75.165063,2.690000057220459,169.769501,2021-09-29,0.9720050096511841,8,118169940.947401
30.28672981262207,75.156594,2.799999952316284,169.481873,2021-09-29,0.9720669984817505,11,118169940.811012
30.286685,75.177802,2.9100000858306885,168.357452,2021-09-29,0.9593369960784912,6,118169940.724224
30.286698,75.186477,2.6500000953674316,169.754318,2021-09-29,0.9651129841804504,5,118169940.860608
30.286355,75.1570053100586,5.230000019073486,169.595871,2021-09-29,0.9782440066337585,11,118169940.819278
30.286456,75.165472,2.799999952316284,169.860352,2021-09-29,0.9618170261383057,8,118169940.955667
30.286312103271484,75.17820739746094,2.799999952316284,168.279175,2021-09-29,0.9692609906196594,6,118169940.732488
30.286325454711914,75.186886,2.5799999237060547,169.685883,2021-09-29,0.9672399759292603,5,118169940.868874
30.28598403930664,75.157411,2.6500000953674316,169.598007,2021-09-29,0.9776549935340881,11,118169940.827544
30.286083221435547,75.165881,2.799999952316284,169.866165,2021-09-29,0.967464029788971,8,118169940.963933
30.285938262939453,75.178618,2.799999952316284,168.688278,2021-09-29,0.972944974899292,6,118169940.740752
30.285951,75.18729400634766,2.690000057220459,169.633209,2021-09-29,0.9674680233001709,5,118169940.87714
30.285707473754883,75.166292,7.590000152587891,169.811417,2021-09-29,0.9676610231399536,8,118169940.972199
30.285611,75.157819,2.7300000190734863,169.383484,2021-09-29,0.9745029807090759,11,118169940.83581
30.285565,75.179026,2.5799999237060547,168.669357,2021-09-29,0.9575030207633972,6,118169940.749017
30.28557777404785,75.187702,2.759999990463257,169.740311,2021-09-29,0.965499997138977,5,118169940.885406
30.285236358642578,75.158229,2.990000009536743,169.718262,2021-09-29,0.9755749702453613,11,118169940.844076
30.285335540771484,75.166698,3.1700000762939453,169.742859,2021-09-29,0.968267023563385,8,118169940.980464
30.285191,75.179434,2.8399999141693115,169.014267,2021-09-29,0.954679012298584,6,118169940.757283
30.28520393371582,75.188111,2.690000057220459,169.812744,2021-09-29,0.9668650031089783,5,118169940.893672
30.28486442565918,75.158636,2.8399999141693115,169.418106,2021-09-29,0.9728490114212036,11,118169940.852342
30.284963,75.167106,3.059999942779541,169.346436,2021-09-29,0.9674140214920044,8,118169940.988727
30.284818,75.179842,2.950000047683716,169.191833,2021-09-29,0.9645699858665466,6,118169940.765549
30.284831,75.188519,2.690000057220459,169.354736,2021-09-29,0.957056999206543,5,118169940.901938
30.284589767456055,75.167515,2.9100000858306885,169.56661987304688,2021-09-29,0.9661120176315308,8,118169940.996992
30.284491,75.159044,2.7300000190734863,169.361877,2021-09-29,0.9728760123252869,11,118169940.860608
30.284439,75.180256,15.40999984741211,170.050629,2021-09-29,0.9614260196685791,6,118169940.773815
30.284455,75.18892669677734,8.039999961853027,169.920105,2021-09-29,0.965224027633667,5,118169940.910204
30.284118,75.159453,2.869999885559082,169.275375,2021-09-29,0.9753819704055786,11,118169940.868874
30.284215927124023,75.167924,2.690000057220459,169.853317,2021-09-29,0.9690120220184326,8,118169941.005256
30.28407096862793,75.180659,2.950000047683716,169.323898,2021-09-29,0.9684420228004456,6,118169940.782081
30.28408432006836,75.189336,2.6500000953674316,169.64356994628906,2021-09-29,0.9578679800033569,5,118169940.91847
30.283843,75.168332,2.7200000286102295,169.760193,2021-09-29,0.9696580171585083,8,118169941.013519
30.28374481201172,75.159861,2.8399999141693115,169.194412,2021-09-29,0.9724299907684326,11,118169940.87714
30.2836971282959,75.181067,2.6500000953674316,169.571594,2021-09-29,0.9669920206069946,6,118169940.790347
30.283711,75.189744,2.6500000953674316,169.443939,2021-09-29,0.9585769772529602,5,118169940.926736
30.283469,75.168741,2.759999990463257,169.836761,2021-09-29,0.9690579771995544,8,118169941.021784
30.283372,75.16027069091797,2.690000057220459,169.131531,2021-09-29,0.9714140295982361,11,118169940.885406
30.283324,75.181475,2.759999990463257,169.440643,2021-09-29,0.9683259725570679,6,118169940.798613
30.283334732055664,75.19015502929688,7.510000228881836,169.739517,2021-09-29,0.9615330100059509,5,118169940.935002
30.282998,75.160678,2.950000047683716,169.018143,2021-09-29,0.9667419791221619,11,118169940.893672
30.283095,75.16915130615234,2.869999885559082,169.968399,2021-09-29,0.9673929810523987,8,118169941.030048
30.28295135498047,75.181883,2.690000057220459,169.627594,2021-09-29,0.9727630019187927,6,118169940.806879
30.282958984375,75.190566,14.399999618530273,169.549988,2021-09-29,0.968114972114563,5,118169940.943268
30.28272247314453,75.169559,2.690000057220459,169.918503,2021-09-29,0.9720399975776672,8,118169941.038311
30.282622,75.16108703613281,9.1899995803833,169.117767,2021-09-29,0.9682819843292236,11,118169940.901938
30.282577,75.182291,2.990000009536743,169.541962,2021-09-29,0.9664070010185242,6,118169940.815145
30.282588,75.190973,6.019999980926514,171.495834,2021-09-29,0.9549610018730164,5,118169940.951534
30.282348,75.169967,2.759999990463257,169.803284,2021-09-29,0.9724419713020325,8,118169941.046576
30.282252,75.161495,2.759999990463257,169.40065002441406,2021-09-29,0.9740980267524719,11,118169940.910204
30.282203674316406,75.182699,2.5799999237060547,169.2061004638672,2021-09-29,0.9545220136642456,6,118169940.823411
30.282214,75.191382,6.730000019073486,172.634201,2021-09-29,0.9627259969711304,5,118169940.9598
30.281877517700195,75.161904,2.7300000190734863,169.295288,2021-09-29,0.9701849818229675,11,118169940.91847
30.28197479248047,75.170376,2.609999895095825,170.015488,2021-09-29,0.9745659828186035,8,118169941.05484
30.281831,75.183107,2.5399999618530273,169.024002,2021-09-29,0.9575269818305969,6,118169940.831677
30.281842,75.191788,2.7300000190734863,172.588959,2021-09-29,0.9607890248298645,5,118169940.968066
30.281601,75.170785,2.9100000858306885,170.003952,2021-09-29,0.9707379937171936,8,118169941.063103
30.281505,75.162312,2.8399999141693115,169.222549,2021-09-29,0.9709609746932983,11,118169940.926736
30.281457,75.183516,2.690000057220459,169.197952,2021-09-29,0.964601993560791,6,118169940.839943
30.281469345092773,75.192196,2.609999895095825,169.861572,2021-09-29,0.969385027885437,5,118169940.976332
30.281226,75.171195,5.980000019073486,170.016556,2021-09-29,0.9646710157394409,8,118169941.071368
30.281131,75.162722,4.0,169.49497985839844,2021-09-29,0.9758939743041992,11,118169940.935002
30.281084060668945,75.183924,2.609999895095825,169.197922,2021-09-29,0.9666119813919067,6,118169940.848209
30.28109359741211,75.192607,9.010000228881836,169.695038,2021-09-29,0.9686459898948669,5,118169940.984596
30.280757904052734,75.16313171386719,2.7300000190734863,169.457947,2021-09-29,0.9755449891090393,11,118169940.943268
30.280854,75.171602,2.609999895095825,169.93869018554688,2021-09-29,0.9701380133628845,8,118169941.079632
30.280711,75.184332,2.690000057220459,169.148666,2021-09-29,0.958782970905304,6,118169940.856475
30.280723,75.193013,2.7300000190734863,169.349777,2021-09-29,0.9714909791946411,5,118169940.99286
30.280481338500977,75.172011,2.7200000286102295,169.806885,2021-09-29,0.9712309837341309,8,118169941.087895
30.280385,75.163538,2.690000057220459,169.384476,2021-09-29,0.9744269847869873,11,118169940.951534
30.28033447265625,75.184744,9.199999809265137,170.078064,2021-09-29,0.9628360271453857,6,118169940.864741
30.280349731445312,75.193421,2.799999952316284,169.561295,2021-09-29,0.9647480249404907,5,118169941.001124
30.280107498168945,75.17241668701172,2.9100000858306885,169.788086,2021-09-29,0.9682739973068237,8,118169941.09616
30.27997589111328,75.19383239746094,2.6500000953674316,169.545914,2021-09-29,0.9666600227355957,5,118169941.009388
30.279964447021484,75.185149,2.5799999237060547,169.35816955566406,2021-09-29,0.9713159799575806,6,118169940.873007
30.279733,75.172829,2.759999990463257,169.6977996826172,2021-09-29,0.9702929854393005,8,118169941.104423
30.279586791992188,75.18556213378906,4.179999828338623,174.808655,2021-09-29,0.9693740010261536,6,118169940.881273
30.279603,75.194238,2.690000057220459,169.501572,2021-09-29,0.9641270041465759,5,118169941.017652
30.279359817504883,75.173237,2.759999990463257,169.407074,2021-09-29,0.9644290208816528,8,118169941.112687
30.279265,75.16476440429688,2.759999990463257,169.241852,2021-09-29,0.9746180176734924,11,118169940.976332
30.279211044311523,75.185971,15.369999885559082,170.061569,2021-09-29,0.9703270196914673,6,118169940.889539
30.279229,75.194647,2.7300000190734863,169.353302,2021-09-29,0.9635729789733887,5,118169941.025916
30.278892,75.165173,2.8399999141693115,169.074661,2021-09-29,0.9744390249252319,11,118169940.984596
30.27898597717285,75.173646,2.799999952316284,169.338516,2021-09-29,0.9642720222473145,8,118169941.120952
30.27885627746582,75.195055,2.690000057220459,169.351181,2021-09-29,0.9693250060081482,5,118169941.03418
30.278839,75.186378,12.640000343322754,169.367767,2021-09-29,0.9709010124206543,6,118169940.897805
30.278518,75.165581,2.799999952316284,169.067795,2021-09-29,0.9680759906768799,11,118169940.992859
30.278613,75.174055,2.7200000286102295,169.556702,2021-09-29,0.9662889838218689,8,118169941.129215
30.27846908569336,75.186783,2.609999895095825,169.602005,2021-09-29,0.9631189703941345,6,118169940.906071
30.27848243713379,75.195464,2.759999990463257,169.2432098388672,2021-09-29,0.9557690024375916,5,118169941.042444
30.27814483642578,75.1659927368164,2.8399999141693115,169.109863,2021-09-29,0.9708349704742432,11,118169941.001124
30.27809715270996,75.187191,2.609999895095825,169.648849,2021-09-29,0.9701430201530457,6,118169940.914337
30.278108596801758,75.195873,2.6500000953674316,169.276169,2021-09-29,0.9527450203895569,5,118169941.050708
30.27777099609375,75.166399,2.7300000190734863,169.307709,2021-09-29,0.9803850054740906,11,118169941.009387
30.27786636352539,75.174872,2.990000009536743,169.407318,2021-09-29,0.9670230150222778,8,118169941.145744
30.277734756469727,75.196281,2.5,169.549088,2021-09-29,0.9636099934577942,5,118169941.058972
30.277724,75.187599,2.6500000953674316,169.56427001953125,2021-09-29,0.9724550247192383,6,118169940.922603
30.277398,75.166807,2.6500000953674316,169.476013,2021-09-29,0.9782860279083252,11,118169941.017651
30.277492,75.175281,2.6500000953674316,169.4448699951172,2021-09-29,0.9637429714202881,8,118169941.154007
30.2773494720459,75.188008,2.5799999237060547,169.42922973632812,2021-09-29,0.9750760197639465,6,118169940.930869
30.277360916137695,75.196691,5.909999847412109,169.367538,2021-09-29,0.9716809988021851,5,118169941.067236
30.277118682861328,75.175689,2.690000057220459,169.434174,2021-09-29,0.9666979908943176,8,118169941.162271
30.277024,75.167216,2.6500000953674316,169.294388,2021-09-29,0.9782919883728027,11,118169941.025916
30.276977,75.18841552734375,2.5799999237060547,169.387192,2021-09-29,0.9755030274391174,6,118169940.939135
30.276988,75.197099,2.7300000190734863,169.126404,2021-09-29,0.9678109884262085,5,118169941.0755
30.27665138244629,75.1676254272461,2.8399999141693115,168.943054,2021-09-29,0.9681339859962463,11,118169941.034179
30.276744842529297,75.176098,2.690000057220459,169.248245,2021-09-29,0.9633359909057617,8,118169941.170536
30.276603,75.188825,2.690000057220459,169.182968,2021-09-29,0.971347987651825,6,118169940.947401
30.276614,75.197507,2.5,169.112579,2021-09-29,0.9541900157928467,5,118169941.083764
30.276277,75.168034,2.5799999237060547,170.777161,2021-09-29,0.9745429754257202,11,118169941.042443
30.276372,75.176507,2.690000057220459,169.247192,2021-09-29,0.9720079898834229,8,118169941.178799
30.276229858398438,75.189233,2.690000057220459,169.050812,2021-09-29,0.9707850217819214,6,118169940.955667
30.276239,75.197917,4.480000019073486,168.844864,2021-09-29,0.9555969834327698,5,118169941.092028
30.275999,75.176915,2.759999990463257,169.217484,2021-09-29,0.9689249992370605,8,118169941.187064
30.275903701782227,75.168442,2.7300000190734863,169.056915,2021-09-29,0.9685699939727783,11,118169941.050708
30.275857,75.189642,2.5799999237060547,169.205292,2021-09-29,0.9706929922103882,6,118169940.963933
30.275867462158203,75.198324,2.7300000190734863,169.13504028320312,2021-09-29,0.9697690010070801,5,118169941.100292
30.275529861450195,75.168851,3.2899999618530273,169.072418,2021-09-29,0.9664099812507629,11,118169941.058971
30.275625228881836,75.177324,2.759999990463257,169.386459,2021-09-29,0.9728310108184814,8,118169941.195328
30.275483,75.19004821777344,2.7300000190734863,168.985535,2021-09-29,0.9682239890098572,6,118169940.972199
30.275493,75.198733,2.799999952316284,168.87355041503906,2021-09-29,0.9680709838867188,5,118169941.108556
30.275157,75.16925811767578,2.9100000858306885,168.787628,2021-09-29,0.974236011505127,11,118169941.067235
30.275110244750977,75.190459,2.609999895095825,169.08370971679688,2021-09-29,0.9704560041427612,6,118169940.980464
30.27511978149414,75.199142,2.6500000953674316,169.108704,2021-09-29,0.9625200033187866,5,118169941.11682
30.274783,75.169668,2.759999990463257,168.789673,2021-09-29,0.9706709980964661,11,118169941.0755
30.274736404418945,75.190867,2.799999952316284,168.6836395263672,2021-09-29,0.9682350158691406,6,118169940.988728
30.274744033813477,75.199552,6.539999961853027,169.511322,2021-09-29,0.9570950269699097,5,118169941.125084
30.274409,75.170077,2.8399999141693115,168.890594,2021-09-29,0.9666140079498291,11,118169941.083763
30.274362564086914,75.191276,2.6500000953674316,169.1143798828125,2021-09-29,0.9713720083236694,6,118169940.996992
30.274372100830078,75.199959,2.8399999141693115,169.835907,2021-09-29,0.9681230187416077,5,118169941.133348
30.274036407470703,75.170486,2.869999885559082,168.768112,2021-09-29,0.9703220129013062,11,118169941.092028
30.273988723754883,75.191684,2.609999895095825,169.253464,2021-09-29,0.9685479998588562,6,118169941.005256
30.273999,75.200368,2.6500000953674316,169.637741,2021-09-29,0.9620270133018494,5,118169941.141612
30.273661,75.170896,5.119999885559082,168.58164978027344,2021-09-29,0.9728400111198425,11,118169941.100292
30.273614,75.192095,5.760000228881836,170.505173,2021-09-29,0.966027021408081,6,118169941.01352
30.273625,75.200777,2.950000047683716,169.875031,2021-09-29,0.9611629843711853,5,118169941.149876
30.273286,75.171306,7.590000152587891,169.073456,2021-09-29,0.9774079918861389,11,118169941.108555
30.273238,75.192506,12.149999618530273,169.705948,2021-09-29,0.9647470116615295,6,118169941.021784
30.273248,75.201188,7.889999866485596,170.210999,2021-09-29,0.9700430035591125,5,118169941.15814
30.27291488647461,75.171712,2.6500000953674316,169.771149,2021-09-29,0.976032018661499,11,118169941.11682
30.272868,75.19290924072266,2.799999952316284,169.10585021972656,2021-09-29,0.9541890025138855,6,118169941.030048
30.272878,75.201594,2.6500000953674316,170.075699,2021-09-29,0.9604510068893433,5,118169941.166404
30.272539,75.172123,4.860000133514404,169.67185974121094,2021-09-29,0.9762430191040039,11,118169941.125084
30.27249526977539,75.193319,2.799999952316284,169.130005,2021-09-29,0.9571639895439148,6,118169941.038312
30.272168,75.172529,2.759999990463257,169.085358,2021-09-29,0.973097026348114,11,118169941.133347
30.271794,75.172938,2.799999952316284,169.129898,2021-09-29,0.9692779779434204,11,118169941.141612
30.271747589111328,75.194136,2.690000057220459,168.954742,2021-09-29,0.9580270051956177,6,118169941.05484
30.271421432495117,75.173347,2.759999990463257,169.111084,2021-09-29,0.9747350215911865,11,118169941.149876
30.271373748779297,75.194544,2.609999895095825,168.938553,2021-09-29,0.971472978591919,6,118169941.063104
30.27104377746582,75.173759,9.760000228881836,168.951752,2021-09-29,0.9722099900245667,11,118169941.158139
30.271001,75.194953,2.690000057220459,168.661713,2021-09-29,0.9623169898986816,6,118169941.071368
30.270668029785156,75.174171,16.0,169.958221,2021-09-29,0.9727309942245483,11,118169941.166404
30.2706241607666,75.195365,9.869999885559082,168.840302,2021-09-29,0.9592670202255249,6,118169941.079632
30.270297,75.174577,9.680000305175781,169.953766,2021-09-29,0.9722070097923279,11,118169941.174668
30.270253,75.19577026367188,2.609999895095825,168.788635,2021-09-29,0.9687759876251221,6,118169941.087896
30.269923,75.174986,12.489999771118164,169.345016,2021-09-29,0.9667450189590454,11,118169941.182931
30.269880294799805,75.196179,2.690000057220459,168.773941,2021-09-29,0.9617339968681335,6,118169941.09616
30.269550323486328,75.175394,10.350000381469727,169.81076049804688,2021-09-29,0.9712430238723755,11,118169941.191196
30.269506454467773,75.196588,2.7300000190734863,168.867294,2021-09-29,0.9587669968605042,6,118169941.104424
30.269174575805664,75.175805,14.619999885559082,169.833496,2021-09-29,0.9747570157051086,11,118169941.199459
30.269132,75.196996,2.609999895095825,168.96524047851562,2021-09-29,0.9587649703025818,6,118169941.112688
30.268756,75.197407,8.369999885559082,168.852325,2021-09-29,0.9663050174713135,6,118169941.120952
30.26838493347168,75.197814,2.7300000190734863,169.15509033203125,2021-09-29,0.9658370018005371,6,118169941.129216
30.268012,75.198222,2.690000057220459,168.554565,2021-09-29,0.9589089751243591,6,118169941.13748
30.267637252807617,75.198632,3.890000104904175,168.718094,2021-09-29,0.9658839702606201,6,118169941.145744
30.267264,75.199039,2.799999952316284,168.862564,2021-09-29,0.9637190103530884,6,118169941.154008
30.266887664794922,75.199451,9.270000457763672,169.616104,2021-09-29,0.9654319882392883,6,118169941.162272
30.266517,75.199857,2.6500000953674316,169.198532,2021-09-29,0.9659429788589478,6,118169941.170536
30.266143798828125,75.200265,2.7300000190734863,169.241776,2021-09-29,0.968218982219696,6,118169941.1788
30.265769958496094,75.200674,2.7300000190734863,169.292572,2021-09-29,0.9616150259971619,6,118169941.187064
30.265397,75.201082,2.609999895095825,168.953873,2021-09-29,0.9632130265235901,6,118169941.195328
30.25735855102539,75.197347,2.869999885559082,168.845169,2021-09-29,0.96458500623703,8,118169941.600264
30.256986,75.197755,2.869999885559082,168.866577,2021-09-29,0.9602450132369995,8,118169941.608527
30.25661277770996,75.198164,2.759999990463257,169.036636,2021-09-29,0.9663969874382019,8,118169941.616792
30.25623893737793,75.198575,6.019999980926514,168.988129,2021-09-29,0.9725049734115601,8,118169941.625056
30.255866,75.198983,5.269999980926514,169.773422,2021-09-29,0.9620440006256104,8,118169941.633319
30.255495071411133,75.199391,2.799999952316284,169.917831,2021-09-29,0.970304012298584,8,118169941.641584
30.255122,75.199799,3.0999999046325684,169.346771,2021-09-29,0.97148197889328,8,118169941.649847
30.25474739074707,75.20021057128906,6.880000114440918,169.294418,2021-09-29,0.9681869745254517,8,118169941.658111
30.254376,75.200617,3.619999885559082,169.200073,2021-09-29,0.9668869972229004,8,118169941.666376
30.254003524780273,75.201025,2.8399999141693115,169.16184997558594,2021-09-29,0.9710389971733093,8,118169941.674639
30.253631591796875,75.201434,2.799999952316284,169.2302703857422,2021-09-29,0.9706820249557495,8,118169941.682903
30.253259,75.201842,2.690000057220459,169.826004,2021-09-29,0.9550449848175049,8,118169941.691168
30.250913619995117,75.195821,2.990000009536743,168.810593,2021-09-29,0.9617180228233337,11,118169941.604395
30.25054168701172,75.196229,2.8399999141693115,168.893417,2021-09-29,0.9670330286026001,11,118169941.612659
30.250169,75.196638,2.8399999141693115,168.954941,2021-09-29,0.9741939902305603,11,118169941.620924
30.249794006347656,75.19705200195312,7.440000057220459,169.476212,2021-09-29,0.978613018989563,11,118169941.629187
30.24942398071289,75.197456,2.869999885559082,169.062515,2021-09-29,0.9750769734382629,11,118169941.637451
30.249051,75.197864,2.690000057220459,169.164246,2021-09-29,0.9752659797668457,11,118169941.645716
30.24867820739746,75.198273,2.759999990463257,169.081482,2021-09-29,0.9751179814338684,11,118169941.653979
30.248306274414062,75.198681,2.8399999141693115,169.060181,2021-09-29,0.9739530086517334,11,118169941.662244
30.247926,75.199097,18.729999542236328,168.624527,2021-09-29,0.9722530245780945,11,118169941.670508
30.247561,75.199498,2.7300000190734863,168.119217,2021-09-29,0.966480016708374,11,118169941.678771
30.247188,75.199907,2.869999885559082,168.084381,2021-09-29,0.971530020236969,11,118169941.687036
30.246814727783203,75.200315,2.799999952316284,168.145157,2021-09-29,0.9644590020179749,11,118169941.6953
30.246442,75.200724,2.8399999141693115,168.201797,2021-09-29,0.9764639735221863,11,118169941.703563
30.246070861816406,75.201133,2.7300000190734863,168.163376,2021-09-29,0.9695839881896973,11,118169941.711828
30.245696,75.201542,2.8399999141693115,168.350571,2021-09-29,0.9739789962768555,11,118169941.720092
30.314303,75.170827,10.430000305175781,166.319183,2022-03-28,0.9878829717636108,11,133695167.907912
30.313926696777344,75.170415,2.9100000858306885,166.713547,2022-03-28,0.982587993144989,11,133695167.899649
30.313554,75.170007,2.6500000953674316,166.638702,2022-03-28,0.9841740131378174,11,133695167.891384
30.312808,75.169189453125,3.0199999809265137,166.43927001953125,2022-03-28,0.9825999736785889,11,133695167.874857
30.312435150146484,75.168782,3.25,166.416275,2022-03-28,0.9875400066375732,11,133695167.866592
30.312062,75.168374,2.9100000858306885,166.431732,2022-03-28,0.9870510101318359,11,133695167.858329
30.311689,75.167965,2.8399999141693115,166.553711,2022-03-28,0.9882019758224487,11,133695167.850065
30.311315536499023,75.167557,2.869999885559082,166.678131,2022-03-28,0.9831269979476929,11,133695167.8418
30.310943,75.167148,2.799999952316284,166.621567,2022-03-28,0.9891909956932068,11,133695167.833537
30.310569763183594,75.16674041748047,2.7200000286102295,166.961121,2022-03-28,0.9889950156211853,11,133695167.825273
30.310195922851562,75.166331,2.9100000858306885,166.9239501953125,2022-03-28,0.9880710244178772,11,133695167.817008
30.309823,75.165922,2.990000009536743,166.786789,2022-03-28,0.9904050230979919,11,133695167.808745
30.309449,75.165513,2.799999952316284,166.858948,2022-03-28,0.9899669885635376,11,133695167.80048
30.3090763092041,75.165104,2.990000009536743,166.959351,2022-03-28,0.9885780215263367,11,133695167.792216
30.30870246887207,75.164695,2.690000057220459,166.786148,2022-03-28,0.9886029958724976,11,133695167.783953
30.30832862854004,75.164286,2.799999952316284,166.681107,2022-03-28,0.9892780184745789,11,133695167.775688
30.307954788208008,75.163876,2.690000057220459,166.725082,2022-03-28,0.9888730049133301,11,133695167.767424
30.307581,75.163467,2.990000009536743,166.470459,2022-03-28,0.9885630011558533,11,133695167.759161
30.307207107543945,75.163057,2.5,166.296768,2022-03-28,0.9800959825515747,11,133695167.750896
30.306833267211914,75.162648,2.9100000858306885,166.289856,2022-03-28,0.990369975566864,11,133695167.742632
30.306462,75.162241,8.329999923706055,165.887741,2022-03-28,0.9893820285797119,11,133695167.734369
30.30608558654785,75.161828,2.690000057220459,166.307327,2022-03-28,0.9900580048561096,11,133695167.726104
30.30571174621582,75.161419,2.759999990463257,166.261749,2022-03-28,0.9896720051765442,11,133695167.71784
30.305341720581055,75.161013,10.609999656677246,166.220947,2022-03-28,0.9902480244636536,11,133695167.709577
30.304964065551758,75.160599,2.8399999141693115,166.210312,2022-03-28,0.9913210272789001,11,133695167.701312
30.304590225219727,75.16018676757812,3.0999999046325684,166.388153,2022-03-28,0.9922770261764526,11,133695167.693049
30.304216384887695,75.159779,2.7200000286102295,166.23468017578125,2022-03-28,0.98887699842453,11,133695167.684785
30.303842,75.15937042236328,2.8399999141693115,166.205582,2022-03-28,0.9917259812355042,11,133695167.67652
30.303468,75.1589584350586,2.759999990463257,166.451813,2022-03-28,0.9888240098953247,11,133695167.668257
30.303094,75.1585464477539,2.690000057220459,166.527283,2022-03-28,0.9903029799461365,11,133695167.659993
30.30272102355957,75.15814208984375,2.759999990463257,166.588806,2022-03-28,0.9911440014839172,11,133695167.651728
30.30234718322754,75.15773010253906,2.8399999141693115,166.570389,2022-03-28,0.9893069863319397,11,133695167.643465
30.301973342895508,75.15731811523438,2.7200000286102295,166.683853,2022-03-28,0.9902709722518921,11,133695167.635201
30.301599502563477,75.15691375732422,2.9100000858306885,166.608078,2022-03-28,0.9902870059013367,11,133695167.626936
30.301225662231445,75.15650177001953,2.799999952316284,166.603287,2022-03-28,0.990559995174408,11,133695167.618673
30.300853,75.156091,2.799999952316284,167.022934,2022-03-28,0.9926930069923401,11,133695167.610408
30.300481,75.155683,7.920000076293945,166.498016,2022-03-28,0.9924560189247131,11,133695167.602142
30.300105,75.155271,2.759999990463257,166.715836,2022-03-28,0.9913690090179443,11,133695167.593876
30.29985237121582,75.127275,2.5799999237060547,165.305603,2022-03-28,0.9551630020141602,5,133695167.064929
30.299732208251953,75.154861,2.759999990463257,166.543091,2022-03-28,0.9898239970207214,11,133695167.58561
30.299358367919922,75.154451,2.690000057220459,166.468063,2022-03-28,0.9893209934234619,11,133695167.577345
30.29898452758789,75.154041,2.799999952316284,166.526367,2022-03-28,0.9905830025672913,11,133695167.569079
30.298612,75.153632,2.9100000858306885,166.310547,2022-03-28,0.9920039772987366,11,133695167.560813
30.298246383666992,75.153229,17.940001,166.770584,2022-03-28,0.9925990104675293,11,133695167.552547
30.29786491394043,75.152812,2.690000057220459,166.252213,2022-03-28,0.991204023361206,11,133695167.54428
30.297492,75.152402,2.690000057220459,166.278122,2022-03-28,0.9897410273551941,11,133695167.536014
30.297119,75.151993,2.799999952316284,166.1877899169922,2022-03-28,0.9923459887504578,11,133695167.527748
30.296746,75.151583,2.8399999141693115,166.080246,2022-03-28,0.9927690029144287,11,133695167.519482
30.29637336730957,75.151174,2.869999885559082,166.101074,2022-03-28,0.9916859865188599,11,133695167.511217
30.29599952697754,75.15076446533203,2.759999990463257,166.095261,2022-03-28,0.9911530017852783,11,133695167.502951
30.295627,75.150354,2.8399999141693115,165.872101,2022-03-28,0.9918190240859985,11,133695167.494685
30.29525375366211,75.149945,2.759999990463257,165.902328,2022-03-28,0.9920700192451477,11,133695167.486419
30.29488182067871,75.149535,2.7200000286102295,165.93099975585938,2022-03-28,0.9913949966430664,11,133695167.478152
30.294509,75.149126,2.9100000858306885,165.87001037597656,2022-03-28,0.9905449748039246,11,133695167.469886
30.29413604736328,75.148716,2.6500000953674316,165.809555,2022-03-28,0.9901959896087646,11,133695167.46162
30.293763,75.148306,2.799999952316284,165.76589965820312,2022-03-28,0.9910269975662231,11,133695167.453354
30.293391,75.147897,2.759999990463257,165.882019,2022-03-28,0.9912070035934448,11,133695167.445089
30.293018341064453,75.147488,3.0199999809265137,165.683777,2022-03-28,0.9920420050621033,11,133695167.436823
30.292644500732422,75.147078,2.6500000953674316,165.827469,2022-03-28,0.9917420148849487,11,133695167.428557
30.292272567749023,75.146669,3.880000114440918,166.293121,2022-03-28,0.9934660196304321,11,133695167.42029
30.291902,75.146261,2.950000047683716,171.259857,2022-03-28,0.992618978023529,11,133695167.412024
30.291528701782227,75.145851,5.679999828338623,167.179398,2022-03-28,0.9925709962844849,11,133695167.403758
30.291156,75.145442,6.610000133514404,166.233154,2022-03-28,0.9930199980735779,11,133695167.395492
30.290782,75.14502716064453,2.8399999141693115,165.6977996826172,2022-03-28,0.9913589954376221,11,133695167.387227
30.290409,75.14462280273438,2.7200000286102295,165.768509,2022-03-28,0.9910330176353455,11,133695167.378961
30.290036,75.144211,2.609999895095825,165.900772,2022-03-28,0.9910190105438232,11,133695167.370696
30.289664,75.143801,2.799999952316284,165.827362,2022-03-28,0.9908930063247681,11,133695167.362432
30.289291381835938,75.143392,2.799999952316284,165.598877,2022-03-28,0.9913610219955444,11,133695167.354169
30.288917541503906,75.142982,2.6500000953674316,165.591995,2022-03-28,0.9908379912376404,11,133695167.345904
30.288545608520508,75.142573,2.6500000953674316,165.751617,2022-03-28,0.9925249814987183,11,133695167.33764
30.288173,75.142163,2.759999990463257,165.698929,2022-03-28,0.9919570088386536,11,133695167.329377
30.287799835205078,75.14175415039062,2.690000057220459,165.708374,2022-03-28,0.9925450086593628,11,133695167.321112
30.28742790222168,75.141344,3.0199999809265137,165.608383,2022-03-28,0.992343008518219,11,133695167.312848
30.287055,75.140935,2.690000057220459,165.662445,2022-03-28,0.9916719794273376,11,133695167.304585
30.28668212890625,75.140525,2.759999990463257,165.734879,2022-03-28,0.9922569990158081,11,133695167.29632
30.28631019592285,75.140116,2.950000047683716,165.498779,2022-03-28,0.9920269846916199,11,133695167.288056
30.285937,75.139707,2.799999952316284,165.598572,2022-03-28,0.9916579723358154,11,133695167.279793
30.285564422607422,75.139297,2.690000057220459,165.711502,2022-03-28,0.9920870065689087,11,133695167.271528
30.285192489624023,75.138888,2.8399999141693115,165.894058,2022-03-28,0.9931769967079163,11,133695167.263265
30.284818649291992,75.138479,2.690000057220459,165.699692,2022-03-28,0.9921950101852417,11,133695167.255001
30.284375,75.11933898925781,9.489999771118164,164.649643,2022-03-28,0.9526969790458679,6,133695166.763293
30.284446,75.13806915283203,2.869999885559082,165.678131,2022-03-28,0.9929400086402893,11,133695167.246736
30.284074,75.137661,3.059999942779541,165.426224,2022-03-28,0.993336021900177,11,133695167.238473
30.283701,75.137251,2.690000057220459,165.431808,2022-03-28,0.9920089840888977,11,133695167.230209
30.283328,75.136842,2.8399999141693115,165.20310974121094,2022-03-28,0.9923909902572632,11,133695167.221944
30.282955169677734,75.136433,2.869999885559082,165.177109,2022-03-28,0.9914730191230774,11,133695167.213681
30.282583236694336,75.13602447509766,2.6500000953674316,165.083908,2022-03-28,0.9917420148849487,11,133695167.205417
30.282209396362305,75.135615,2.609999895095825,165.321365,2022-03-28,0.9918619990348816,11,133695167.197152
30.281837463378906,75.135207,2.869999885559082,164.985855,2022-03-28,0.9922699928283691,11,133695167.188889
30.281465,75.134798,3.140000104904175,164.970047,2022-03-28,0.9926900267601013,11,133695167.180624
30.281091690063477,75.134389,2.8399999141693115,164.904434,2022-03-28,0.9914529919624329,11,133695167.17236
30.280719757080078,75.133981,2.869999885559082,165.277328,2022-03-28,0.992048978805542,11,133695167.164097
30.280347,75.133572,2.7200000286102295,165.271988,2022-03-28,0.9924780130386353,11,133695167.155832
30.27997398376465,75.133164,2.9100000858306885,165.029587,2022-03-28,0.992027997970581,11,133695167.147568
30.279601,75.132755,2.759999990463257,164.884033,2022-03-28,0.9883800148963928,11,133695167.139305
30.27922821044922,75.132347,2.9100000858306885,164.671783,2022-03-28,0.9898040294647217,11,133695167.13104
30.27885627746582,75.131938,2.8399999141693115,164.820374,2022-03-28,0.9928140044212341,11,133695167.122776
30.278483,75.13153076171875,2.869999885559082,164.599075,2022-03-28,0.9927039742469788,11,133695167.114513
30.27811050415039,75.131121,2.4600000381469727,164.630768,2022-03-28,0.9918860197067261,11,133695167.106248
30.27773666381836,75.130713,2.7200000286102295,164.670151,2022-03-28,0.9929969906806946,11,133695167.097984
30.277364,75.130305,2.759999990463257,164.581711,2022-03-28,0.990755021572113,11,133695167.089721
30.276991,75.129896,2.759999990463257,164.54183959960938,2022-03-28,0.9915940165519714,11,133695167.081456
30.276618,75.129488,2.799999952316284,164.43276977539062,2022-03-28,0.9910209774971008,11,133695167.073193
30.2762451171875,75.129079,2.7200000286102295,164.512589,2022-03-28,0.991562008857727,11,133695167.064929
30.275872,75.128671,2.9100000858306885,164.590759,2022-03-28,0.9925379753112793,11,133695167.056664
30.275499,75.128263,2.8399999141693115,164.550446,2022-03-28,0.9911389946937561,11,133695167.048401
30.27512550354004,75.127854,2.7200000286102295,164.639664,2022-03-28,0.9911879897117615,11,133695167.040137
30.274753,75.127446,2.690000057220459,164.616028,2022-03-28,0.9912499785423279,11,133695167.031872
30.27437973022461,75.127037,2.799999952316284,164.428192,2022-03-28,0.9911959767341614,11,133695167.023609
30.274005889892578,75.126628,2.690000057220459,164.559769,2022-03-28,0.991221010684967,11,133695167.015345
30.273633,75.126220703125,2.8399999141693115,164.513794,2022-03-28,0.9907559752464294,11,133695167.00708
30.27326011657715,75.125811,2.8399999141693115,164.344635,2022-03-28,0.9923099875450134,11,133695166.998817
30.272886276245117,75.125402,2.690000057220459,164.429306,2022-03-28,0.9927300214767456,11,133695166.990552
30.272513,75.124993,2.7200000286102295,164.418762,2022-03-28,0.9924460053443909,11,133695166.982288
30.272138595581055,75.124584,2.8399999141693115,164.312225,2022-03-28,0.9911580085754395,11,133695166.974025
30.271766,75.124175,2.8399999141693115,164.1529998779297,2022-03-28,0.9936460256576538,11,133695166.96576
30.271392,75.123766,2.990000009536743,164.235825,2022-03-28,0.9931480288505554,11,133695166.957496
30.271018,75.123357,2.799999952316284,163.852646,2022-03-28,0.9910709857940674,11,133695166.949233
30.270644,75.122948,2.799999952316284,164.081619,2022-03-28,0.9913529753684998,11,133695166.940968
30.2702693939209,75.122539,2.759999990463257,163.810898,2022-03-28,0.9916769862174988,11,133695166.932704
30.2698974609375,75.122129,2.6500000953674316,164.014404,2022-03-28,0.9919570088386536,11,133695166.924441
30.269523,75.12171936035156,2.690000057220459,163.945587,2022-03-28,0.9910150170326233,11,133695166.916176
30.269149,75.121311,2.7200000286102295,163.9923095703125,2022-03-28,0.9934840202331543,11,133695166.907912
30.268775,75.120902,2.7200000286102295,164.028534,2022-03-28,0.9906880259513855,11,133695166.899649
30.268401,75.120492,2.950000047683716,163.816193,2022-03-28,0.9909409880638123,11,133695166.891384
30.268027,75.120083,2.7200000286102295,164.011841,2022-03-28,0.9909129738807678,11,133695166.883121
30.267654418945312,75.119673,2.759999990463257,163.973907,2022-03-28,0.9908090233802795,11,133695166.874857
30.26728057861328,75.119264,2.690000057220459,163.969269,2022-03-28,0.9915080070495605,11,133695166.866592
30.266906,75.118855,2.950000047683716,163.857788,2022-03-28,0.9907130002975464,11,133695166.858329
30.266532,75.118445,2.609999895095825,164.049973,2022-03-28,0.992713987827301,11,133695166.850065
30.266158,75.118036,2.609999895095825,163.910049,2022-03-28,0.991083025932312,11,133695166.8418
30.265784,75.117626,2.690000057220459,163.829956,2022-03-28,0.9910179972648621,11,133695166.833537
30.265411376953125,75.117217,2.759999990463257,163.899872,2022-03-28,0.9910849928855896,11,133695166.825273
30.265037,75.116808,2.8399999141693115,163.957321,2022-03-28,0.9896280169487,11,133695166.817008
30.264667,75.116402,10.869999885559082,163.935944,2022-03-28,0.9926310181617737,11,133695166.808745
30.26428985595703,75.115989,2.8399999141693115,164.0061798095703,2022-03-28,0.9896129965782166,11,133695166.80048
30.263916015625,75.115579,2.8399999141693115,163.908554,2022-03-28,0.9900379776954651,11,133695166.792216
30.263545,75.115173,8.369999885559082,163.743332,2022-03-28,0.9932479858398438,11,133695166.783953
30.263169,75.114761,2.869999885559082,163.8260498046875,2022-03-28,0.9925479888916016,11,133695166.775688
30.262795,75.114351,2.7200000286102295,163.848648,2022-03-28,0.9926239848136902,11,133695166.767424
30.262422,75.113942,2.8399999141693115,163.758575,2022-03-28,0.992451012134552,11,133695166.759161
30.262048,75.113533,2.609999895095825,163.808701,2022-03-28,0.9936109781265259,11,133695166.750896
30.261674880981445,75.113123,2.609999895095825,163.926285,2022-03-28,0.9929230213165283,11,133695166.742632
30.261301040649414,75.112714,2.690000057220459,163.803299,2022-03-28,0.9922289848327637,11,133695166.734369
30.260928,75.1123046875,2.609999895095825,163.962021,2022-03-28,0.9918709993362427,11,133695166.726104
30.260554,75.111896,2.7200000286102295,163.629868,2022-03-28,0.9888039827346802,11,133695166.71784
30.260182,75.111488,5.230000019073486,163.865051,2022-03-28,0.991362988948822,11,133695166.709577
30.259809494018555,75.11107635498047,2.869999885559082,169.487534,2022-03-28,0.9933789968490601,11,133695166.701312
30.259437561035156,75.110672,8.220000267028809,166.680023,2022-03-28,0.9934830069541931,11,133695166.693049
30.259061,75.110259,2.690000057220459,164.194839,2022-03-28,0.9912490248680115,11,133695166.684785
30.258687,75.10984802246094,2.7200000286102295,164.416382,2022-03-28,0.9929909706115723,11,133695166.67652
30.25831413269043,75.109441,2.990000009536743,163.279816,2022-03-28,0.9932199716567993,11,133695166.668257
30.2579402923584,75.109032,2.799999952316284,163.931458,2022-03-28,0.9931870102882385,11,133695166.659993
30.257566452026367,75.108622,2.759999990463257,163.133789,2022-03-28,0.992035984992981,11,133695166.651728
30.257192,75.108213,2.990000009536743,162.601318,2022-03-28,0.992775022983551,11,133695166.643465
30.256818771362305,75.107804,2.6500000953674316,162.806839,2022-03-28,0.9926739931106567,11,133695166.635201
30.256444931030273,75.107395,2.990000009536743,162.76651000976562,2022-03-28,0.9921640157699585,11,133695166.626936
30.256071090698242,75.106986,2.6500000953674316,163.006912,2022-03-28,0.9914550185203552,11,133695166.618673
30.25569725036621,75.106577,2.9100000858306885,162.827209,2022-03-28,0.9929980039596558,11,133695166.610408
30.25532341003418,75.106168,2.8399999141693115,162.701599,2022-03-28,0.991765022277832,11,133695166.602143
30.254949,75.105759,2.799999952316284,162.859497,2022-03-28,0.9922230243682861,11,133695166.593877
30.254575,75.1053466796875,2.759999990463257,162.808701,2022-03-28,0.9920729994773865,11,133695166.585611
30.254201,75.104941,2.799999952316284,162.865189,2022-03-28,0.9917740225791931,11,133695166.577345
30.253827,75.104532,2.7200000286102295,162.657791,2022-03-28,0.9913049936294556,11,133695166.569079
30.25345230102539,75.104123,2.8399999141693115,162.116638,2022-03-28,0.9925950169563293,11,133695166.560813
30.25307846069336,75.10371398925781,2.7200000286102295,162.053574,2022-03-28,0.9912809729576111,11,133695166.552547
30.252704,75.103305,2.690000057220459,162.235626,2022-03-28,0.9909510016441345,11,133695166.544281
30.252332,75.102898,7.920000076293945,161.462723,2022-03-28,0.9911699891090393,11,133695166.536015
30.251955032348633,75.102487,2.6500000953674316,161.787567,2022-03-28,0.9901139736175537,11,133695166.527749
30.2515811920166,75.102078,2.759999990463257,162.079712,2022-03-28,0.993565022945404,11,133695166.519483
30.251206,75.101669,2.569999933242798,161.528091,2022-03-28,0.9906439781188965,11,133695166.511217
30.250831604003906,75.10125732421875,2.8399999141693115,161.721848,2022-03-28,0.9923549890518188,11,133695166.502951
30.250457,75.100852,3.0199999809265137,161.720856,2022-03-28,0.992546021938324,11,133695166.494685
30.250083,75.100443,2.759999990463257,161.829254,2022-03-28,0.9922850131988525,11,133695166.486419
30.249710083007812,75.100036,6.690000057220459,162.079041,2022-03-28,0.9925249814987183,11,133695166.478153
30.24933433532715,75.099626,2.759999990463257,162.508148,2022-03-28,0.9934309720993042,11,133695166.469887
30.248958587646484,75.099217,2.690000057220459,161.565063,2022-03-28,0.9929019808769226,11,133695166.461621
30.248584747314453,75.098808,2.6500000953674316,161.505966,2022-03-28,0.9911209940910339,11,133695166.453355
30.24863052368164,75.103309,2.869999885559082,165.645432,2022-03-20,0.9533330202102661,11,133044773.871925
30.248211,75.098399,2.6500000953674316,161.480545,2022-03-28,0.9900299906730652,11,133695166.445089
30.247836,75.097991,2.609999895095825,161.6146697998047,2022-03-28,0.9919350147247314,11,133695166.436823
30.2430362701416,75.109422,2.8399999141693115,165.081909,2022-03-20,0.9506340026855469,11,133044773.995885
30.324825286865234,75.113669,2.5,167.749771,2023-01-01,0.9513400197029114,5,157779098.337221
30.324506,75.105405,2.5,166.917099,2023-01-01,0.9569429755210876,6,157779098.209129
30.323705,75.114896,2.5,167.870438,2023-01-01,0.9505069851875305,5,157779098.362013
30.323331832885742,75.115305,2.4700000286102295,167.806686,2023-01-01,0.9502019882202148,5,157779098.370277
30.322959,75.115714,2.4700000286102295,167.794724,2023-01-01,0.9550790190696716,5,157779098.378541
30.320775,75.109496,2.5,167.700348,2023-01-01,0.9544439911842346,6,157779098.291769
30.320402145385742,75.109905,2.5,167.730667,2023-01-01,0.9689189791679382,6,157779098.300033
30.319811,75.098171,2.5,166.1217803955078,2023-01-01,0.9543300271034241,8,157779098.535593
30.319972,75.118987,2.5399999618530273,167.507339,2023-01-01,0.962922990322113,5,157779098.444667
30.319599,75.119396,2.5799999237060547,167.428787,2023-01-01,0.9577310085296631,5,157779098.452933
30.31943702697754,75.09857940673828,2.5799999237060547,166.402191,2023-01-01,0.9514060020446777,8,157779098.543859
30.319282,75.111132,2.4700000286102295,167.446808,2023-01-01,0.9641309976577759,6,157779098.324825
30.319225311279297,75.119805,2.5,167.342911,2023-01-01,0.9568560123443604,5,157779098.461199
30.31890869140625,75.111541,2.4700000286102295,167.350525,2023-01-01,0.9564300179481506,6,157779098.333089
30.318849,75.120218,13.289999961853027,167.518967,2023-01-01,0.952006995677948,5,157779098.469465
30.318536,75.11195373535156,2.4700000286102295,167.384476,2023-01-01,0.9656980037689209,6,157779098.341353
30.318479,75.120624,2.5399999618530273,167.384598,2023-01-01,0.9581350088119507,5,157779098.477731
30.318315505981445,75.099809,6.170000076293945,166.615265,2023-01-01,0.953324019908905,8,157779098.568657
30.31816291809082,75.112359,2.4700000286102295,167.289001,2023-01-01,0.9664000272750854,6,157779098.349617
30.317943572998047,75.100217,2.5799999237060547,166.854614,2023-01-01,0.9610570073127747,8,157779098.576923
30.31704330444336,75.113587,2.4700000286102295,167.160065,2023-01-01,0.9516149759292603,6,157779098.374409
30.316669464111328,75.113996,2.4700000286102295,167.202103,2023-01-01,0.9573469758033752,6,157779098.382673
30.316612243652344,75.122669,2.5399999618530273,167.660812,2023-01-01,0.9578220248222351,5,157779098.519061
30.316238403320312,75.123078,2.4700000286102295,167.589539,2023-01-01,0.956732988357544,5,157779098.527327
30.316077,75.102261,2.4700000286102295,167.094528,2023-01-01,0.9575939774513245,8,157779098.618252
30.31586456298828,75.123487,2.5,167.767654,2023-01-01,0.9572020173072815,5,157779098.535593
30.315491,75.123896,2.5,167.692337,2023-01-01,0.9528130292892456,5,157779098.543859
30.315331,75.103078,2.6500000953674316,167.125702,2023-01-01,0.9529299736022949,8,157779098.63478
30.315177,75.115632,2.430000066757202,167.572815,2023-01-01,0.9589409828186035,6,157779098.415736
30.315118,75.124305,2.5,167.872299,2023-01-01,0.9639779925346375,5,157779098.552125
30.314744,75.124714,2.5399999618530273,167.859665,2023-01-01,0.9604820013046265,5,157779098.560391
30.314584,75.103895,2.430000066757202,167.022186,2023-01-01,0.9574519991874695,8,157779098.651308
30.314430236816406,75.11644744873047,2.430000066757202,167.399109,2023-01-01,0.9537630081176758,6,157779098.432268
30.314057,75.11685943603516,2.6500000953674316,167.524002,2023-01-01,0.9547430276870728,6,157779098.440534
30.313684463500977,75.117269,2.5399999618530273,166.852417,2023-01-01,0.9521880149841309,6,157779098.4488
30.312936782836914,75.118087,2.5399999618530273,167.056595,2023-01-01,0.9592210054397583,6,157779098.465332
30.312503,75.127166,2.5,167.770477,2023-01-01,0.9567310214042664,5,157779098.609987
30.312129974365234,75.127575,2.430000066757202,167.796021,2023-01-01,0.9513720273971558,5,157779098.618252
30.311946,75.098297,2.5399999618530273,166.558975,2023-01-01,0.9625149965286255,11,157779098.57279
30.311817169189453,75.119314,2.4700000286102295,166.872742,2023-01-01,0.9539780020713806,6,157779098.49013
30.311751,75.12799072265625,24.299999,167.581833,2023-01-01,0.9500709772109985,5,157779098.626516
30.311573028564453,75.098706,2.6500000953674316,166.788589,2023-01-01,0.9620400071144104,11,157779098.581056
30.311443328857422,75.119723,2.4700000286102295,166.954773,2023-01-01,0.967432975769043,6,157779098.498396
30.311199188232422,75.099115,2.5,166.951508,2023-01-01,0.9593470096588135,11,157779098.589322
30.31106948852539,75.120132,2.430000066757202,167.031281,2023-01-01,0.9584360122680664,6,157779098.506662
30.311001,75.128809,34.06999969482422,167.204086,2023-01-01,0.9503239989280701,5,157779098.643044
30.310826,75.099524,2.4700000286102295,166.927811,2023-01-01,0.9567559957504272,11,157779098.597588
30.310850143432617,75.107981,2.430000066757202,166.133667,2023-01-01,0.9503039717674255,8,157779098.733948
30.310697,75.120541,2.4700000286102295,167.0657196044922,2023-01-01,0.9504789710044861,6,157779098.514928
30.310453414916992,75.099933,2.5,166.858078,2023-01-01,0.9558550119400024,11,157779098.605854
30.310323,75.1209487915039,2.430000066757202,167.085922,2023-01-01,0.954800009727478,6,157779098.523194
30.30994987487793,75.121359,2.5,167.084167,2023-01-01,0.9588209986686707,6,157779098.53146
30.309705,75.100752,9.0600004196167,166.831512,2023-01-01,0.9503239989280701,11,157779098.622384
30.309333,75.101158,2.430000066757202,166.850388,2023-01-01,0.9523109793663025,11,157779098.630648
30.308608,75.110433,2.430000066757202,166.105652,2023-01-01,0.9520509839057922,8,157779098.783532
30.307839,75.102794,7.03000020980835,166.42774963378906,2023-01-01,0.9556949734687805,11,157779098.663704
30.307466,75.103201,2.8399999141693115,166.362503,2023-01-01,0.9607890248298645,11,157779098.671968
30.306365,75.112886,2.4700000286102295,166.927826,2023-01-01,0.9520580172538757,8,157779098.833116
30.305991,75.113295,2.5,166.873489,2023-01-01,0.9524940252304077,8,157779098.84138
30.30559730529785,75.105247,12.539999961853027,166.200897,2023-01-01,0.9584850072860718,11,157779098.713288
30.305406,75.134928,2.5,167.830826,2023-01-01,0.9613419771194458,5,157779098.767004
30.305226,75.105652,2.5,165.973663,2023-01-01,0.9503639936447144,11,157779098.721552
30.304851531982422,75.106061,2.5399999618530273,166.040237,2023-01-01,0.9631839990615845,11,157779098.729816
30.304475,75.106474,15.010000228881836,165.672943,2023-01-01,0.970067024230957,11,157779098.73808
30.304486,75.114943,34.959999,167.613922,2023-01-01,0.9501169919967651,8,157779098.874436
30.304284,75.13615417480469,4.409999847412109,168.827393,2023-01-01,0.953898012638092,5,157779098.791796
30.30410385131836,75.106879,2.5799999237060547,168.437546,2023-01-01,0.9644089937210083,11,157779098.746344
30.303731,75.107288,2.880000114440918,167.665817,2023-01-01,0.9635220170021057,11,157779098.754608
30.303744,75.115755,15.380000114440918,167.626205,2023-01-01,0.9539089798927307,8,157779098.890964
30.303537368774414,75.136971,2.690000057220459,168.465836,2023-01-01,0.9553599953651428,5,157779098.808324
30.303353,75.107701,17.700001,167.967438,2023-01-01,0.9597070217132568,11,157779098.762872
30.302609,75.108515,6.769999980926514,168.456985,2023-01-01,0.9570099711418152,11,157779098.7794
30.302480697631836,75.129531,2.4700000286102295,167.904678,2023-01-01,0.9500920176506042,6,157779098.69676
30.302251,75.117387,2.4700000286102295,167.791763,2023-01-01,0.9630990028381348,8,157779098.92402
30.302041,75.138607,2.4700000286102295,168.4095001220703,2023-01-01,0.9586610198020935,5,157779098.84138
30.301877975463867,75.117796,2.430000066757202,167.656403,2023-01-01,0.9603620171546936,8,157779098.932284
30.301504135131836,75.118205,2.5,167.639114,2023-01-01,0.9570540189743042,8,157779098.940548
30.301667,75.139016,2.5,168.420868,2023-01-01,0.957988977432251,5,157779098.849644
30.30148696899414,75.109742,6.360000133514404,169.077423,2023-01-01,0.9554240107536316,11,157779098.804192
30.301293,75.139425,2.5799999237060547,168.533615,2023-01-01,0.9616230130195618,5,157779098.857908
30.30111312866211,75.110152,9.949999809265137,168.5869598388672,2023-01-01,0.9544579982757568,11,157779098.812456
30.301130294799805,75.11861419677734,2.5,167.725693,2023-01-01,0.965490996837616,8,157779098.948812
30.300918579101562,75.139834,2.5,168.631592,2023-01-01,0.9536929726600647,5,157779098.866172
30.300739288330078,75.11055755615234,6.699999809265137,167.98435974121094,2023-01-01,0.9524959921836853,11,157779098.82072
30.300756454467773,75.119023,2.4700000286102295,167.705597,2023-01-01,0.9572240114212036,8,157779098.957076
30.300612,75.131574,2.4700000286102295,168.329742,2023-01-01,0.956682026386261,6,157779098.73808
30.300382,75.119432,2.4700000286102295,167.580627,2023-01-01,0.9509450197219849,8,157779098.96534
30.300363540649414,75.110971,14.149999618530273,168.078232,2023-01-01,0.9644489884376526,11,157779098.828984
30.30023765563965,75.131982,2.4700000286102295,168.36585998535156,2023-01-01,0.9590240120887756,6,157779098.746344
30.30000877380371,75.119841,2.5799999237060547,167.485764,2023-01-01,0.9540460109710693,8,157779098.973604
30.299865,75.132391,2.430000066757202,168.339844,2023-01-01,0.9673020243644714,6,157779098.754608
30.299491,75.132799,2.5399999618530273,168.412354,2023-01-01,0.9509549736976624,6,157779098.762872
30.29926109313965,75.120659,2.5,167.681625,2023-01-01,0.9602320194244385,8,157779098.990132
30.299117,75.133208,2.5799999237060547,168.427444,2023-01-01,0.9585930109024048,6,157779098.771136
30.299049,75.141879,2.430000066757202,168.734283,2023-01-01,0.9538490176200867,5,157779098.907492
30.298870086669922,75.112606,7.599999904632568,169.536514,2023-01-01,0.961883008480072,11,157779098.86204
30.298675,75.142288,2.430000066757202,168.662521,2023-01-01,0.9661080241203308,5,157779098.915756
30.29849624633789,75.113015,8.15999984741211,169.738892,2023-01-01,0.9680060148239136,11,157779098.870304
30.298514,75.121477,2.5,167.621124,2023-01-01,0.9607759714126587,8,157779099.00666
30.298370361328125,75.134025,2.5,168.604935,2023-01-01,0.963034987449646,6,157779098.787664
30.29812240600586,75.113424,9.390000343322754,168.99790954589844,2023-01-01,0.9588450193405151,11,157779098.878568
30.298139572143555,75.121885,2.619999885559082,166.766083,2023-01-01,0.9563030004501343,8,157779099.014924
30.297748,75.113833,7.480000019073486,169.564621,2023-01-01,0.9590299725532532,11,157779098.886832
30.297767,75.122294,2.5,166.954376,2023-01-01,0.9505590200424194,8,157779099.023188
30.297622,75.134842,2.4700000286102295,168.523621,2023-01-01,0.9559540152549744,6,157779098.804192
30.29755401611328,75.143515,2.4700000286102295,168.355667,2023-01-01,0.9513940215110779,5,157779098.940548
30.297374725341797,75.114241,5.119999885559082,169.108612,2023-01-01,0.9527009725570679,11,157779098.895096
30.297248,75.135251,2.4700000286102295,168.526031,2023-01-01,0.9530240297317505,6,157779098.812456
30.297002,75.114649,2.5,167.787354,2023-01-01,0.9629020094871521,11,157779098.90336
30.296874,75.13565826416016,2.4700000286102295,168.53302001953125,2023-01-01,0.9509310126304626,6,157779098.82072
30.296628,75.115058,2.5799999237060547,167.6485595703125,2023-01-01,0.9596099853515625,11,157779098.911624
30.29650115966797,75.136069,2.5,168.504150390625,2023-01-01,0.9572719931602478,6,157779098.828984
30.296432495117188,75.144742,2.5399999618530273,168.199524,2023-01-01,0.953914999961853,5,157779098.96534
30.296254,75.115467,2.4700000286102295,167.901978,2023-01-01,0.9696679711341858,11,157779098.919888
30.296058,75.14514923095703,2.3499999046325684,168.256439,2023-01-01,0.9523530006408691,5,157779098.973604
30.295881271362305,75.115876,2.4700000286102295,167.714401,2023-01-01,0.9551249742507935,11,157779098.928152
30.295753479003906,75.136887,2.430000066757202,168.338943,2023-01-01,0.950115978717804,6,157779098.845512
30.295507431030273,75.116285,2.5,167.886169,2023-01-01,0.9614269733428955,11,157779098.936416
30.295379,75.137296,2.5,168.364334,2023-01-01,0.9524840116500854,6,157779098.853776
30.295133,75.116694,2.5399999618530273,167.880585,2023-01-01,0.9739059805870056,11,157779098.94468
30.29515266418457,75.125155,2.430000066757202,167.246902,2023-01-01,0.954230010509491,8,157779099.081036
30.294757,75.117105,5.610000133514404,167.839508,2023-01-01,0.9588649868965149,11,157779098.952944
30.29477882385254,75.125563,2.5,168.060562,2023-01-01,0.9690510034561157,8,157779099.0893
30.294385,75.117512,2.5,167.795715,2023-01-01,0.9581670165061951,11,157779098.961208
30.294406,75.125972,2.5,168.045029,2023-01-01,0.951216995716095,8,157779099.097564
30.294257,75.138523,2.5,168.071854,2023-01-01,0.9599459767341614,6,157779098.878568
30.294011,75.117921,2.5,168.036469,2023-01-01,0.9617319703102112,11,157779098.969472
30.293883,75.138932,2.430000066757202,168.126541,2023-01-01,0.9556180238723755,6,157779098.886832
30.29381561279297,75.147603,2.5799999237060547,167.919556,2023-01-01,0.9522200226783752,5,157779099.023188
30.293635,75.118333,9.579999923706055,167.825394,2023-01-01,0.9643620252609253,11,157779098.977736
30.293659,75.126789,2.5399999618530273,168.206299,2023-01-01,0.9575080275535583,8,157779099.114092
30.293508529663086,75.139341,2.5,168.084915,2023-01-01,0.9510790109634399,6,157779098.895096
30.293439865112305,75.148014,9.880000114440918,167.855072,2023-01-01,0.9562069773674011,5,157779099.031452
30.293264389038086,75.118739,2.430000066757202,167.416306,2023-01-01,0.9644880294799805,11,157779098.986
30.293286,75.127198,2.4700000286102295,168.266754,2023-01-01,0.9500399827957153,8,157779099.122356
30.293067932128906,75.14842224121094,2.430000066757202,167.963974,2023-01-01,0.9563350081443787,5,157779099.039716
30.292890548706055,75.119148,2.430000066757202,167.096207,2023-01-01,0.962710976600647,11,157779098.994264
30.292695,75.148828,2.619999885559082,167.865341,2023-01-01,0.9589869976043701,5,157779099.04798
30.292387008666992,75.140568,2.430000066757202,167.842575,2023-01-01,0.9526659846305847,6,157779098.919888
30.292319,75.149239,9.020000457763672,167.825287,2023-01-01,0.9526029825210571,5,157779099.056244
30.292012,75.140978,7.820000171661377,167.857117,2023-01-01,0.9573100209236145,6,157779098.928152
30.291639,75.141386,2.5,167.698807,2023-01-01,0.9530329704284668,6,157779098.936416
30.291200637817383,75.150462,2.430000066757202,167.803833,2023-01-01,0.9545860290527344,5,157779099.081036
30.291019439697266,75.121194,8.270000457763672,168.67864990234375,2023-01-01,0.9541299939155579,11,157779099.035584
30.291046142578125,75.129649,2.4700000286102295,168.519714,2023-01-01,0.9632629752159119,8,157779099.17194
30.290673,75.130058,2.619999885559082,168.459961,2023-01-01,0.9527199864387512,8,157779099.180204
30.290649,75.12159729003906,2.5399999618530273,167.986771,2023-01-01,0.9654380083084106,11,157779099.043848
30.290517807006836,75.142612,2.5,167.570816,2023-01-01,0.9541320204734802,6,157779098.961208
30.290452,75.15128326416016,5.159999847412109,168.00086975097656,2023-01-01,0.952114999294281,5,157779099.097564
30.290275,75.122009,2.4700000286102295,167.893982,2023-01-01,0.951475977897644,11,157779099.052112
30.290143966674805,75.143021,2.4700000286102295,167.59490966796875,2023-01-01,0.9521880149841309,6,157779098.969472
30.289901733398438,75.122417,2.4700000286102295,167.945343,2023-01-01,0.951367974281311,11,157779099.060376
30.289926,75.13087463378906,2.5,168.49855041503906,2023-01-01,0.9576470255851746,8,157779099.196732
30.289770126342773,75.1434326171875,2.430000066757202,167.436523,2023-01-01,0.9513530135154724,6,157779098.977736
30.289552688598633,75.131284,2.4700000286102295,168.520615,2023-01-01,0.9592620134353638,8,157779099.204996
30.289704,75.152098,9.770000457763672,168.484665,2023-01-01,0.9530010223388672,5,157779099.114092
30.289529,75.1228256225586,2.5399999618530273,168.071228,2023-01-01,0.9598910212516785,11,157779099.06864
30.289396286010742,75.143839,2.4700000286102295,167.4068603515625,2023-01-01,0.9545649886131287,6,157779098.986
30.289155,75.123234,2.4700000286102295,168.114349,2023-01-01,0.9573360085487366,11,157779099.076904
30.288782119750977,75.123643,2.5399999618530273,167.906021,2023-01-01,0.9587709903717041,11,157779099.085168
30.288804,75.132104,6.579999923706055,168.933624,2023-01-01,0.9589430093765259,8,157779099.221524
30.288433074951172,75.13250732421875,2.5399999618530273,167.590149,2023-01-01,0.9647989869117737,8,157779099.229788
30.288035,75.12445831298828,2.5,168.217926,2023-01-01,0.9656999707221985,11,157779099.101696
30.288059,75.132919,2.5399999618530273,167.805618,2023-01-01,0.9655029773712158,8,157779099.238052
30.287662,75.124868,2.5,168.170105,2023-01-01,0.9679780006408691,11,157779099.10996
30.287684,75.133331,8.869999885559082,167.958313,2023-01-01,0.959646999835968,8,157779099.246316
30.287524,75.145886,13.850000381469727,168.522644,2023-01-01,0.9524760246276855,6,157779099.02732
30.287288,75.125277,2.4700000286102295,168.284393,2023-01-01,0.9678440093994141,11,157779099.118224
30.28731346130371,75.133737,2.619999885559082,167.738861,2023-01-01,0.9589769840240479,8,157779099.25458
30.287154,75.146291,2.5399999618530273,167.327286,2023-01-01,0.9661570191383362,6,157779099.035584
30.286914825439453,75.125686,4.150000095367432,168.145645,2023-01-01,0.9624000191688538,11,157779099.126488
30.286939,75.134146,2.390000104904175,167.891342,2023-01-01,0.9637179970741272,8,157779099.262844
30.286779,75.14669799804688,4.449999809265137,167.346802,2023-01-01,0.9549180269241333,6,157779099.043848
30.286542,75.126094,2.5,168.365555,2023-01-01,0.9698420166969299,11,157779099.134752
30.286405563354492,75.147108,3.7799999713897705,167.483398,2023-01-01,0.9545170068740845,6,157779099.052112
30.286169,75.126502,2.5,168.217087,2023-01-01,0.9624599814414978,11,157779099.143016
30.286191940307617,75.13496398925781,2.5,167.499802,2023-01-01,0.9588099718093872,8,157779099.279372
30.285972,75.156181,2.4700000286102295,168.387894,2023-01-01,0.9504759907722473,5,157779099.196732
30.285794,75.126912,5.800000190734863,168.962891,2023-01-01,0.957539975643158,11,157779099.15128
30.285819,75.135373,2.4700000286102295,167.575928,2023-01-01,0.9540299773216248,8,157779099.287636
30.285659,75.147924,2.4700000286102295,167.518448,2023-01-01,0.9514909982681274,6,157779099.06864
30.285422,75.127319,2.430000066757202,167.784882,2023-01-01,0.9607930183410645,11,157779099.159544
30.285446166992188,75.135782,2.430000066757202,167.463608,2023-01-01,0.9507870078086853,8,157779099.2959
30.28522491455078,75.156998,2.4700000286102295,168.250687,2023-01-01,0.9519569873809814,5,157779099.21326
30.285049,75.127728,2.5,167.777802,2023-01-01,0.9593780040740967,11,157779099.167808
30.285072326660156,75.136191,2.4700000286102295,167.489304,2023-01-01,0.9593279957771301,8,157779099.304164
30.284912109375,75.148741,2.5,167.624634,2023-01-01,0.9682729840278625,6,157779099.085168
30.284852,75.157407,2.4700000286102295,168.325195,2023-01-01,0.9523169994354248,5,157779099.221524
30.28467559814453,75.12813568115234,2.4700000286102295,167.765305,2023-01-01,0.9680699706077576,11,157779099.176072
30.284699,75.1365966796875,2.4700000286102295,167.435593,2023-01-01,0.9537709951400757,8,157779099.312428
30.284539,75.149149,2.5,167.616516,2023-01-01,0.9621549844741821,6,157779099.093432
30.2843017578125,75.128545,2.5,167.688431,2023-01-01,0.9692710041999817,11,157779099.184336
30.284324645996094,75.137009,2.5,167.425232,2023-01-01,0.9502570033073425,8,157779099.320692
30.283929,75.128954,2.4700000286102295,167.709534,2023-01-01,0.9563729763031006,11,157779099.1926
30.283952,75.137418,2.6500000953674316,167.3853302001953,2023-01-01,0.9598410129547119,8,157779099.328956
30.28379249572754,75.149966,2.4700000286102295,167.669434,2023-01-01,0.9553629755973816,6,157779099.10996
30.28355598449707,75.129363,2.5,167.750885,2023-01-01,0.9690350294113159,11,157779099.200864
30.283578,75.137826,2.5,167.399323,2023-01-01,0.9606819748878479,8,157779099.33722
30.283205032348633,75.138235,2.4700000286102295,167.299118,2023-01-01,0.9672690033912659,8,157779099.345484
30.283183,75.129771,2.4700000286102295,167.426819,2023-01-01,0.9596229791641235,11,157779099.209128
30.282985,75.159451,2.4700000286102295,168.145264,2023-01-01,0.9531130194664001,5,157779099.262844
30.282809,75.13018035888672,2.619999885559082,167.400467,2023-01-01,0.9621949791908264,11,157779099.217392
30.2828311920166,75.138643,2.5,167.070984,2023-01-01,0.960955023765564,8,157779099.353748
30.28243637084961,75.130589,2.5799999237060547,167.550064,2023-01-01,0.9628409743309021,11,157779099.225656
30.28245735168457,75.139052,2.5399999618530273,167.136307,2023-01-01,0.9574940204620361,8,157779099.362012
30.28208351135254,75.139461,2.5799999237060547,167.196747,2023-01-01,0.9623209834098816,8,157779099.370276
30.282062530517578,75.130998,2.5,167.486465,2023-01-01,0.9680899977684021,11,157779099.23392
30.281864166259766,75.160677,2.430000066757202,168.129578,2023-01-01,0.9548479914665222,5,157779099.287636
30.281688690185547,75.131407,2.5,167.487946,2023-01-01,0.9678720235824585,11,157779099.242184
30.281709671020508,75.139869,3.140000104904175,167.206604,2023-01-01,0.9505249857902527,8,157779099.37854
30.281551361083984,75.152417,2.430000066757202,168.061371,2023-01-01,0.9547520279884338,6,157779099.159544
30.281316,75.131816,2.430000066757202,167.32662963867188,2023-01-01,0.9633790254592896,11,157779099.250448
30.280963,75.14068603515625,2.690000057220459,166.730682,2023-01-01,0.9607610106468201,8,157779099.39507
30.280744,75.161904,2.5,168.121658,2023-01-01,0.9589849710464478,5,157779099.312428
30.280569,75.132634,2.5799999237060547,167.476669,2023-01-01,0.9524499773979187,11,157779099.266976
30.280196,75.133043,2.5399999618530273,167.293182,2023-01-01,0.9528629779815674,11,157779099.27524
30.279822,75.133452,3.140000104904175,167.203018,2023-01-01,0.9568210244178772,11,157779099.283504
30.279996871948242,75.162721,2.5399999618530273,167.947968,2023-01-01,0.9548199772834778,5,157779099.328956
30.279449,75.13385772705078,2.5399999618530273,166.949905,2023-01-01,0.9650869965553284,11,157779099.291768
30.279468,75.142318,2.5399999618530273,166.816055,2023-01-01,0.9673089981079102,8,157779099.428134
30.279075,75.134269,2.5,166.717148,2023-01-01,0.9665899872779846,11,157779099.300032
30.279094,75.142726,2.5,166.904953,2023-01-01,0.9577509760856628,8,157779099.4364
30.278937,75.155277,2.4700000286102295,169.83782958984375,2023-01-01,0.9629020094871521,6,157779099.217392
30.278701782226562,75.134678,2.619999885559082,166.655167,2023-01-01,0.9706370234489441,11,157779099.308296
30.27872085571289,75.143134,2.5399999618530273,166.902435,2023-01-01,0.965054988861084,8,157779099.444666
30.27832794189453,75.135087,2.5,166.641754,2023-01-01,0.9684849977493286,11,157779099.31656
30.27819061279297,75.156095,2.5,170.068466,2023-01-01,0.9509389996528625,6,157779099.23392
30.277955,75.135496,2.4700000286102295,166.688904,2023-01-01,0.9617030024528503,11,157779099.324824
30.277972,75.14395141601562,2.4700000286102295,167.037018,2023-01-01,0.964821994304657,8,157779099.461198
30.277581,75.135905,2.5799999237060547,166.639832,2023-01-01,0.9672549962997437,11,157779099.333088
30.277598,75.144358,3.440000057220459,166.977158,2023-01-01,0.9648929834365845,8,157779099.469464
30.27720832824707,75.136313,2.4700000286102295,166.659927,2023-01-01,0.9655259847640991,11,157779099.341352
30.277225494384766,75.144765,2.4700000286102295,167.065811,2023-01-01,0.9580749869346619,8,157779099.47773
30.277069091796875,75.157321,2.5,167.93898010253906,2023-01-01,0.9530990123748779,6,157779099.258712
30.27683448791504,75.136722,2.5,166.741028,2023-01-01,0.9625890254974365,11,157779099.349616
30.276851,75.145173,2.430000066757202,166.984985,2023-01-01,0.9645079970359802,8,157779099.485996
30.276634216308594,75.166397,2.5,168.015213,2023-01-01,0.9569630026817322,5,157779099.403336
30.276461,75.137131,2.619999885559082,166.7361602783203,2023-01-01,0.9649839997291565,11,157779099.35788
30.276323318481445,75.158138,2.4700000286102295,167.799164,2023-01-01,0.964805006980896,6,157779099.27524
30.276260375976562,75.166805,2.5399999618530273,167.723267,2023-01-01,0.9504600167274475,5,157779099.411602
30.276086807250977,75.137539,2.5399999618530273,166.874069,2023-01-01,0.9693269729614258,11,157779099.366144
30.275714,75.137948,2.4700000286102295,166.713745,2023-01-01,0.9634680151939392,11,157779099.374408
30.275575637817383,75.158956,2.619999885559082,167.64772033691406,2023-01-01,0.9504820108413696,6,157779099.291768
30.275339126586914,75.138356,2.5,166.84580993652344,2023-01-01,0.9532269835472107,11,157779099.382672
30.275355,75.146804,2.5,167.233658,2023-01-01,0.9562199711799622,8,157779099.51906
30.275136947631836,75.168031,8.050000190734863,167.716751,2023-01-01,0.9502859711647034,5,157779099.4364
30.274966,75.138764,2.5,166.754044,2023-01-01,0.9599350094795227,11,157779099.390937
30.274593353271484,75.139173,2.4700000286102295,166.767105,2023-01-01,0.9519479870796204,11,157779099.399203
30.274608,75.14762115478516,2.430000066757202,167.07077026367188,2023-01-01,0.9520440101623535,8,157779099.535592
30.274219,75.139581,2.5,166.655975,2023-01-01,0.9676839709281921,11,157779099.407469
30.274234,75.148028,2.5,167.090851,2023-01-01,0.9543539881706238,8,157779099.543858
30.273845,75.139989,2.5,166.768188,2023-01-01,0.9638440012931824,11,157779099.415735
30.273860931396484,75.148436,2.5,167.140625,2023-01-01,0.9579259753227234,8,157779099.552124
30.273471,75.140397,2.4700000286102295,166.666916,2023-01-01,0.9557350277900696,11,157779099.424001
30.273097,75.140805,2.5799999237060547,166.61318969726562,2023-01-01,0.9528290033340454,11,157779099.432267
30.272724151611328,75.141213,2.430000066757202,166.734482,2023-01-01,0.9511409997940063,11,157779099.440533
30.271617,75.150886,2.430000066757202,169.15773010253906,2023-01-01,0.9558690190315247,8,157779099.60172
30.271243,75.151295,2.3499999046325684,169.088547,2023-01-01,0.9516879916191101,8,157779099.609986
30.271228,75.142844,2.690000057220459,166.751328,2023-01-01,0.952114999294281,11,157779099.473597
30.270854,75.143252,2.5399999618530273,166.588318,2023-01-01,0.967976987361908,11,157779099.481863
30.27048110961914,75.14366149902344,2.5,166.629822,2023-01-01,0.9702860116958618,11,157779099.490129
30.270496368408203,75.152113,2.4700000286102295,168.903885,2023-01-01,0.9522619843482971,8,157779099.626516
30.27010726928711,75.144067,2.4700000286102295,166.437576,2023-01-01,0.9578670263290405,11,157779099.498395
30.269733428955078,75.144475,2.390000104904175,166.510101,2023-01-01,0.9531949758529663,11,157779099.506661
30.269359,75.144883,2.4700000286102295,166.26416015625,2023-01-01,0.9573100209236145,11,157779099.514927
30.26937484741211,75.1533432006836,2.430000066757202,169.547501,2023-01-01,0.9506679773330688,8,157779099.651308
30.268985,75.145291,2.5,166.161133,2023-01-01,0.9545570015907288,11,157779099.523193
30.269001007080078,75.153749,2.4700000286102295,169.435104,2023-01-01,0.95346999168396,8,157779099.659572
30.268611,75.145698,2.4700000286102295,166.152267,2023-01-01,0.9522799849510193,11,157779099.531459
30.268627166748047,75.154159,3.25,169.282028,2023-01-01,0.9581620097160339,8,157779099.667836
30.267505645751953,75.155387,2.430000066757202,171.459229,2023-01-01,0.9522129893302917,8,157779099.692628
30.267116,75.147331,2.430000066757202,166.285507,2023-01-01,0.9523379802703857,11,157779099.564523
30.267133712768555,75.155796,2.690000057220459,168.005447,2023-01-01,0.9645730257034302,8,157779099.700892
30.266908645629883,75.177008,3.369999885559082,185.011993,2023-01-01,0.9532290101051331,5,157779099.618252
30.266742,75.147739,2.5399999618530273,166.180222,2023-01-01,0.9608989953994751,11,157779099.572789
30.266759872436523,75.156205,2.5,167.939178,2023-01-01,0.9574710130691528,8,157779099.709156
30.266368,75.148147,2.430000066757202,165.756393,2023-01-01,0.9680449962615967,11,157779099.581055
30.266387,75.156615,2.5,169.334259,2023-01-01,0.960099995136261,8,157779099.71742
30.265995025634766,75.148555,2.5799999237060547,165.50350952148438,2023-01-01,0.9632220268249512,11,157779099.589321
30.265621185302734,75.14896392822266,2.4700000286102295,165.536972,2023-01-01,0.9705219864845276,11,157779099.597587
30.265640258789062,75.157434,2.5,168.403091,2023-01-01,0.9510080218315125,8,157779099.733948
30.265247344970703,75.149373,2.5399999618530273,165.639694,2023-01-01,0.9572889804840088,11,157779099.605853
30.264873,75.149781,2.430000066757202,165.738525,2023-01-01,0.9630910158157349,11,157779099.614119
30.264894485473633,75.158252,2.4700000286102295,167.653519,2023-01-01,0.9562699794769287,8,157779099.750476
30.26449966430664,75.15019226074219,2.5799999237060547,165.586594,2023-01-01,0.9604750275611877,11,157779099.622384
30.264518,75.158664,11.600000381469727,166.631683,2023-01-01,0.9566299915313721,8,157779099.75874
30.264146,75.159073,8.460000038146973,166.026657,2023-01-01,0.9525309801101685,8,157779099.767004
30.263774871826172,75.159479,2.4700000286102295,165.906387,2023-01-01,0.958503007888794,8,157779099.775268
30.263751983642578,75.151008,2.5,165.475494,2023-01-01,0.9611930251121521,11,157779099.638912
30.263379,75.151417,3.0999999046325684,165.417633,2023-01-01,0.9526510238647461,11,157779099.647176
30.263399124145508,75.1598892211914,5.840000152587891,165.915314,2023-01-01,0.9569560289382935,8,157779099.783532
30.262631,75.152237,6.28000020980835,165.645477,2023-01-01,0.9545429944992065,11,157779099.663704
30.262258,75.152645,2.5399999618530273,166.052078,2023-01-01,0.956417977809906,11,157779099.671968
30.262279510498047,75.161119,11.34000015258789,167.343597,2023-01-01,0.9512749910354614,8,157779099.808324
30.261884,75.153054,2.430000066757202,166.1088104248047,2023-01-01,0.9635050296783447,11,157779099.680232
30.261905670166016,75.161529,13.880000114440918,167.841278,2023-01-01,0.9549199938774109,8,157779099.816588
30.261511,75.153464,2.5,166.258255,2023-01-01,0.9688019752502441,11,157779099.688496
30.261138,75.153873,2.5399999618530273,166.079102,2023-01-01,0.972458004951477,11,157779099.69676
30.260764,75.154282,2.4700000286102295,166.106964,2023-01-01,0.9650580286979675,11,157779099.705024
30.260391235351562,75.154692,2.5,166.063004,2023-01-01,0.9627079963684082,11,157779099.713288
30.26001739501953,75.155101,2.5,166.151855,2023-01-01,0.9648039937019348,11,157779099.721552
30.2596435546875,75.155511,2.5,165.986771,2023-01-01,0.966812014579773,11,157779099.729816
30.259271,75.15592193603516,2.430000066757202,165.974304,2023-01-01,0.9513480067253113,11,157779099.73808
30.258897,75.156329,2.5,165.98764038085938,2023-01-01,0.9612690210342407,11,157779099.746344
30.25852394104004,75.156739,2.5399999618530273,166.076141,2023-01-01,0.9672690033912659,11,157779099.754608
30.258151,75.157148,2.430000066757202,165.930374,2023-01-01,0.9558770060539246,11,157779099.762872
30.257951,75.186822,2.5399999618530273,166.807938,2023-01-01,0.9608309864997864,5,157779099.816588
30.257405,75.157967,2.4700000286102295,166.3192901611328,2023-01-01,0.9598519802093506,11,157779099.7794
30.25703239440918,75.158376,2.4700000286102295,166.228439,2023-01-01,0.967365026473999,11,157779099.787664
30.25665855407715,75.158785,2.430000066757202,166.2786102294922,2023-01-01,0.955689013004303,11,157779099.795928
30.256459,75.188456,2.5799999237060547,167.898285,2023-01-01,0.953682005405426,5,157779099.849644
30.256086349487305,75.188865,2.5,168.544586,2023-01-01,0.9630820155143738,5,157779099.857908
30.255911,75.159604,6.28000020980835,166.259918,2023-01-01,0.9514600038528442,11,157779099.812456
30.255942,75.168063,9.6899995803833,167.738724,2023-01-01,0.9565759897232056,8,157779099.948812
30.255537033081055,75.160014,10.739999771118164,166.969345,2023-01-01,0.9573000073432922,11,157779099.82072
30.255569,75.168472,7.630000114440918,169.381027,2023-01-01,0.9556840062141418,8,157779099.957076
30.255163192749023,75.160426,17.889999,166.875381,2023-01-01,0.966513991355896,11,157779099.828984
30.255023,75.181419,2.5399999618530273,166.609146,2023-01-01,0.9506019949913025,6,157779099.746344
30.254791259765625,75.160833,14.819999694824219,166.235062,2023-01-01,0.9564409852027893,11,157779099.837248
30.254823,75.169289,8.680000305175781,168.896240234375,2023-01-01,0.9505259990692139,8,157779099.973604
30.254418,75.161242,16.31999969482422,165.817459,2023-01-01,0.9556189775466919,11,157779099.845512
30.25444984436035,75.169698,11.229999542236328,167.287949,2023-01-01,0.9537889957427979,8,157779099.981868
30.254077,75.170107,11.300000190734863,167.354858,2023-01-01,0.9558929800987244,8,157779099.990132
30.254222,75.190906,2.5,167.805435,2023-01-01,0.951104998588562,5,157779099.899228
30.254046,75.161648,6.659999847412109,169.829086,2023-01-01,0.9552620053291321,11,157779099.853776
30.253673,75.162057,12.15999984741211,166.382935,2023-01-01,0.957660973072052,11,157779099.86204
30.253703,75.170517,13.579999923706055,167.701538,2023-01-01,0.9544540047645569,8,157779099.998396
30.253476,75.191722,2.5399999618530273,167.712494,2023-01-01,0.9500709772109985,5,157779099.915756
30.253299713134766,75.162467,14.40999984741211,166.633118,2023-01-01,0.9633370041847229,11,157779099.870304
30.253154,75.183467,7.559999942779541,169.920929,2023-01-01,0.9512209892272949,6,157779099.787664
30.252927,75.162875,14.75,165.842056,2023-01-01,0.9626839756965637,11,157779099.878568
30.252553939819336,75.163283,13.359999656677246,166.517532,2023-01-01,0.9560840129852295,11,157779099.886832
30.252181,75.163692,14.600000381469727,166.223358,2023-01-01,0.9600239992141724,11,157779099.895096
30.25181007385254,75.164098,9.239999771118164,166.661514,2023-01-01,0.955079972743988,11,157779099.90336
30.251664,75.18509674072266,2.430000066757202,166.819504,2023-01-01,0.9555400013923645,6,157779099.82072
30.251436233520508,75.164508,14.029999732971191,166.016327,2023-01-01,0.9553220272064209,11,157779099.911624
30.251466751098633,75.172969,2.430000066757202,166.845932,2023-01-01,0.9525150060653687,8,157779100.04798
30.251291275024414,75.185508,2.5,166.780411,2023-01-01,0.9618269801139832,6,157779099.828984
30.250918,75.185917,2.5,166.952942,2023-01-01,0.9515330195426941,6,157779099.837248
30.25031852722168,75.165731,6.170000076293945,167.720535,2023-01-01,0.9567450284957886,11,157779099.936416
30.250171661376953,75.186733,2.4700000286102295,166.8204803466797,2023-01-01,0.9524829983711243,6,157779099.853776
30.249946,75.1661376953125,6.28000020980835,168.386475,2023-01-01,0.9590070247650146,11,157779099.94468
30.24997329711914,75.174607,2.7300000190734863,167.493973,2023-01-01,0.9526939988136292,8,157779100.081036
30.249799,75.187142,2.430000066757202,166.8847198486328,2023-01-01,0.9501330256462097,6,157779099.86204
30.249574661254883,75.166546,2.5399999618530273,166.763458,2023-01-01,0.9628559947013855,11,157779099.952944
30.24959945678711,75.175017,2.5799999237060547,166.883118,2023-01-01,0.9569479823112488,8,157779100.0893
30.249425888061523,75.18755340576172,2.4700000286102295,166.882706,2023-01-01,0.9618359804153442,6,157779099.870304
30.249373,75.196216,2.5799999237060547,168.21376037597656,2023-01-01,0.9570040106773376,5,157779100.00666
30.249202,75.166955,2.430000066757202,166.648224,2023-01-01,0.9582679867744446,11,157779099.961208
30.249225616455078,75.175427,2.5799999237060547,167.187103,2023-01-01,0.9633949995040894,8,157779100.097564
30.248851776123047,75.175837,2.5799999237060547,167.067169,2023-01-01,0.9640589952468872,8,157779100.105828
30.248681,75.188367,2.5,167.122314,2023-01-01,0.957506000995636,6,157779099.886832
30.248456,75.167772,2.9200000762939453,165.953278,2023-01-01,0.9565989971160889,11,157779099.977736
30.248479,75.176246,2.4700000286102295,167.042511,2023-01-01,0.9605919718742371,8,157779100.114092
30.248083114624023,75.168181,2.430000066757202,165.689011,2023-01-01,0.9595739841461182,11,157779099.986
30.247709274291992,75.16858673095703,2.4700000286102295,165.63294982910156,2023-01-01,0.956171989440918,11,157779099.994264
30.247732162475586,75.177066,2.430000066757202,166.896317,2023-01-01,0.9533569812774658,8,157779100.13062
30.247506,75.198262,2.5,168.052444,2023-01-01,0.9547060132026672,5,157779100.04798
30.246963500976562,75.169408,2.5399999618530273,165.930954,2023-01-01,0.974744975566864,11,157779100.010792
30.246984481811523,75.177885,2.4700000286102295,166.871124,2023-01-01,0.963329017162323,8,157779100.147148
30.246611,75.178295,2.3499999046325684,167.338104,2023-01-01,0.9533270001411438,8,157779100.155412
30.246591,75.169817,2.5,165.906601,2023-01-01,0.9709460139274597,11,157779100.019056
30.246217,75.170226,2.5399999618530273,165.751526,2023-01-01,0.9583460092544556,11,157779100.02732
30.24623680114746,75.178705,2.430000066757202,167.961853,2023-01-01,0.9612029790878296,8,157779100.163676
30.246068,75.191228,13.180000305175781,167.615891,2023-01-01,0.9572280049324036,6,157779099.94468
30.24586296081543,75.17911529541016,2.430000066757202,168.657547,2023-01-01,0.9560359716415405,8,157779100.17194
30.24509620666504,75.171457,7.300000190734863,166.630295,2023-01-01,0.9574750065803528,11,157779100.052112
30.244721,75.171868,10.850000381469727,167.169739,2023-01-01,0.9503269791603088,11,157779100.060376
30.244578,75.192859,2.430000066757202,167.977112,2023-01-01,0.9612550139427185,6,157779099.977736
30.24435043334961,75.172274,2.619999885559082,166.138199,2023-01-01,0.9679449796676636,11,157779100.06864
30.243976593017578,75.172684,2.619999885559082,166.173111,2023-01-01,0.974416971206665,11,157779100.076904
30.243602752685547,75.173093,2.5399999618530273,166.171692,2023-01-01,0.969074010848999,11,157779100.085168
30.243459,75.194085,2.4700000286102295,167.753784,2023-01-01,0.9501339793205261,6,157779100.002528
30.24323081970215,75.173503,2.390000104904175,166.555893,2023-01-01,0.9572880268096924,11,157779100.093432
30.242483139038086,75.174323,2.619999885559082,166.660629,2023-01-01,0.9744369983673096,11,157779100.10996
30.242109,75.174732,2.6500000953674316,166.430939,2023-01-01,0.9525250196456909,11,157779100.118224
30.241966247558594,75.195721,2.5399999618530273,167.246887,2023-01-01,0.9613829851150513,6,157779100.035584
30.241592407226562,75.196131,2.619999885559082,167.278442,2023-01-01,0.9671210050582886,6,157779100.043848
30.241361618041992,75.175552,2.5399999618530273,166.667007,2023-01-01,0.9581620097160339,11,157779100.134752
30.24138069152832,75.184025,2.4700000286102295,167.015182,2023-01-01,0.9591540098190308,8,157779100.271108
30.24121856689453,75.19654083251953,2.430000066757202,167.26712036132812,2023-01-01,0.9556599855422974,6,157779100.052112
30.24098777770996,75.175962,2.430000066757202,166.69869995117188,2023-01-01,0.9573010206222534,11,157779100.143016
30.24100685119629,75.184434,2.430000066757202,166.953827,2023-01-01,0.9608539938926697,8,157779100.279372
30.240615,75.176371,2.5,166.715897,2023-01-01,0.963424026966095,11,157779100.15128
30.240629196166992,75.184846,11.149999618530273,167.009445,2023-01-01,0.9512349963188171,8,157779100.287636
30.2402400970459,75.176783,6.699999809265137,166.787766,2023-01-01,0.9659669995307922,11,157779100.159544
30.240259,75.185252,2.5399999618530273,166.578445,2023-01-01,0.9584789872169495,8,157779100.2959
30.239867,75.177191,2.7699999809265137,166.659622,2023-01-01,0.9573919773101807,11,157779100.167808
30.239492416381836,75.177603,7.449999809265137,166.802612,2023-01-01,0.9530779719352722,11,157779100.176072
30.239118576049805,75.178012,7.599999904632568,166.635406,2023-01-01,0.9513700008392334,11,157779100.184336
30.238977432250977,75.198997,2.5,167.227707,2023-01-01,0.9541440010070801,6,157779100.101696
30.238370895385742,75.178832,6.550000190734863,170.982208,2023-01-01,0.957876980304718,11,157779100.200864
30.237998,75.17923736572266,2.5799999237060547,171.175125,2023-01-01,0.9578610062599182,11,157779100.209128
30.237624,75.179649,6.46999979019165,166.473022,2023-01-01,0.9581699967384338,11,157779100.217392
30.237252,75.180057,4.260000228881836,166.247986,2023-01-01,0.9569590091705322,11,157779100.225656
30.236878,75.18046569824219,2.5399999618530273,166.390747,2023-01-01,0.9562749862670898,11,157779100.23392
30.236505,75.180875,2.5,166.264771,2023-01-01,0.9575300216674805,11,157779100.242184
30.236131,75.181284,2.4700000286102295,166.3398895263672,2023-01-01,0.9638580083847046,11,157779100.250448
30.23575782775879,75.181693,2.4700000286102295,166.259598,2023-01-01,0.9560800194740295,11,157779100.258712
30.235383987426758,75.182102,2.5399999618530273,166.429291,2023-01-01,0.9522960186004639,11,157779100.266976
30.235401153564453,75.190568,2.5399999618530273,166.659088,2023-01-01,0.9611870050430298,8,157779100.403336
30.235028,75.190977,2.4700000286102295,166.676895,2023-01-01,0.9581369757652283,8,157779100.411602
30.32478141784668,75.114474,2.7300000190734863,168.79039001464844,2023-03-14,0.957726001739502,11,164068951.471185
30.324806213378906,75.122935,3.059999942779541,168.448486,2023-03-14,0.9542459845542908,8,164068951.607555
30.324407,75.114882,2.759999990463257,168.725372,2023-03-14,0.9552639722824097,11,164068951.479451
30.324431,75.123345,3.549999952316284,168.563324,2023-03-14,0.9598129987716675,8,164068951.615819
30.32401466369629,75.144822,2.609999895095825,169.37796020507812,2023-03-14,0.9567279815673828,5,164068951.537311
30.323657989501953,75.115699,2.6500000953674316,168.740799,2023-03-14,0.9627910256385803,11,164068951.495983
30.323684692382812,75.124162,3.0199999809265137,168.723831,2023-03-14,0.9600039720535278,8,164068951.632347
30.32370376586914,75.136561,4.0,168.975418,2023-03-14,0.9529460072517395,6,164068951.40919
30.323284149169922,75.116108,2.7300000190734863,168.518341,2023-03-14,0.959883987903595,11,164068951.504249
30.323312,75.12457275390625,2.759999990463257,168.708923,2023-03-14,0.9511730074882507,8,164068951.640611
30.322938919067383,75.124979,2.799999952316284,168.568237,2023-03-14,0.9586169719696045,8,164068951.648875
30.322904,75.116521,14.579999923706055,168.397568,2023-03-14,0.9609209895133972,11,164068951.512515
30.322893142700195,75.146047,2.759999990463257,169.177689,2023-03-14,0.9550679922103882,5,164068951.562103
30.322534561157227,75.116924,2.7300000190734863,168.5615997314453,2023-03-14,0.9596729874610901,11,164068951.520781
30.32256507873535,75.125388,2.880000114440918,168.687363,2023-03-14,0.9540259838104248,8,164068951.657139
30.322519,75.146455,3.0299999713897705,169.215317,2023-03-14,0.9500070214271545,5,164068951.570367
30.322161,75.117333,2.799999952316284,168.463074,2023-03-14,0.9635339975357056,11,164068951.529047
30.322192,75.125797,2.8399999141693115,168.850464,2023-03-14,0.9567800164222717,8,164068951.665403
30.32183265686035,75.138603,2.759999990463257,169.227188,2023-03-14,0.9532259702682495,6,164068951.45052
30.321786880493164,75.117741,2.7300000190734863,168.210281,2023-03-14,0.955295979976654,11,164068951.537311
30.321446,75.126615,3.0199999809265137,168.74143981933594,2023-03-14,0.9564530253410339,8,164068951.681931
30.321458,75.139011,2.5799999237060547,169.165039,2023-03-14,0.952472984790802,6,164068951.458786
30.32069969177246,75.127433,2.7300000190734863,168.867264,2023-03-14,0.9563620090484619,8,164068951.698459
30.320651,75.148497,2.690000057220459,168.787308,2023-03-14,0.9507550001144409,5,164068951.611687
30.32066535949707,75.118966,2.880000114440918,168.279068,2023-03-14,0.9568970203399658,11,164068951.562103
30.320291,75.119374,2.9100000858306885,168.334854,2023-03-14,0.9576929807662964,11,164068951.570367
30.320327,75.127843,2.609999895095825,168.868515,2023-03-14,0.9593979716300964,8,164068951.706723
30.320335388183594,75.1402359008789,2.5799999237060547,168.41571044921875,2023-03-14,0.9606540203094482,6,164068951.483584
30.31995391845703,75.128252,2.690000057220459,168.851746,2023-03-14,0.9503080248832703,8,164068951.714987
30.319961,75.140644,2.690000057220459,168.025681,2023-03-14,0.9509829878807068,6,164068951.49185
30.319543838500977,75.120191,2.8399999141693115,168.242661,2023-03-14,0.9530389904975891,11,164068951.586895
30.319530487060547,75.149723,2.8399999141693115,168.556717,2023-03-14,0.9586039781570435,5,164068951.636479
30.319169998168945,75.12059783935547,2.880000114440918,168.219284,2023-03-14,0.9611250162124634,11,164068951.595159
30.3192081451416,75.12906646728516,2.759999990463257,168.408768,2023-03-14,0.9560289978981018,8,164068951.731515
30.318797,75.121008,2.690000057220459,168.377518,2023-03-14,0.9537709951400757,11,164068951.603423
30.318049,75.121826171875,2.950000047683716,168.207748,2023-03-14,0.9595490097999573,11,164068951.619951
30.318090438842773,75.130298,2.9100000858306885,168.07872009277344,2023-03-14,0.9501630067825317,8,164068951.756307
30.318090438842773,75.142686,3.059999942779541,167.891144,2023-03-14,0.9523749947547913,6,164068951.533179
30.317716598510742,75.130707,2.880000114440918,168.199768,2023-03-14,0.9569010138511658,8,164068951.764571
30.317302703857422,75.122643,2.990000009536743,168.201813,2023-03-14,0.9673420190811157,11,164068951.636479
30.31734275817871,75.131117,3.140000104904175,168.244431,2023-03-14,0.9500190019607544,8,164068951.772835
30.317289352416992,75.15217590332031,2.990000009536743,168.682022,2023-03-14,0.9504070281982422,5,164068951.686063
30.31692886352539,75.123052,3.059999942779541,168.161667,2023-03-14,0.9624239802360535,11,164068951.644743
30.316971,75.131526,3.140000104904175,168.134293,2023-03-14,0.9501019716262817,8,164068951.781099
30.31691551208496,75.152587,5.570000171661377,168.858383,2023-03-14,0.9509770274162292,5,164068951.694327
30.316598,75.1319351196289,2.690000057220459,168.171738,2023-03-14,0.9605820178985596,8,164068951.789363
30.31618309020996,75.12387084960938,3.059999942779541,168.657684,2023-03-14,0.9581999778747559,11,164068951.661271
30.316225051879883,75.132345,2.799999952316284,168.026489,2023-03-14,0.9608420133590698,8,164068951.797627
30.316219329833984,75.144727,3.180000066757202,167.585281,2023-03-14,0.9520270228385925,6,164068951.574499
30.31580924987793,75.124279,2.9100000858306885,168.630661,2023-03-14,0.9570890069007874,11,164068951.669535
30.31543731689453,75.124688,2.880000114440918,168.690552,2023-03-14,0.9558230042457581,11,164068951.677799
30.315064,75.125097,2.799999952316284,168.606918,2023-03-14,0.9610459804534912,11,164068951.686063
30.314691,75.125506,2.7300000190734863,168.881104,2023-03-14,0.9649189710617065,11,164068951.694327
30.314733,75.133983,2.950000047683716,168.472076,2023-03-14,0.9638599753379822,8,164068951.830683
30.314359664916992,75.134392,2.990000009536743,168.213943,2023-03-14,0.959542989730835,8,164068951.838947
30.31431770324707,75.125915,2.7300000190734863,168.560959,2023-03-14,0.9520530104637146,11,164068951.702591
30.313945,75.126324,2.7300000190734863,168.466766,2023-03-14,0.954472005367279,11,164068951.710855
30.313987,75.134802,3.2100000381469727,168.248352,2023-03-14,0.9615370035171509,8,164068951.847211
30.313977,75.147179,4.110000133514404,168.399246,2023-03-14,0.9552149772644043,6,164068951.624083
30.31357192993164,75.126733,2.7300000190734863,168.726227,2023-03-14,0.9632880091667175,11,164068951.719119
30.313613891601562,75.135211,3.059999942779541,168.196472,2023-03-14,0.950357973575592,8,164068951.855475
30.313241,75.1356201171875,2.990000009536743,168.119919,2023-03-14,0.9507520198822021,8,164068951.863739
30.313199,75.127143,2.8399999141693115,168.593018,2023-03-14,0.9584190249443054,11,164068951.727383
30.31282615661621,75.127552,2.7300000190734863,168.743591,2023-03-14,0.9520170092582703,11,164068951.735647
30.312867,75.13603210449219,3.809999942779541,168.195175,2023-03-14,0.9537789821624756,8,164068951.872003
30.312856674194336,75.148404,2.7300000190734863,168.7196502685547,2023-03-14,0.9513599872589111,6,164068951.648875
30.312453,75.127961,2.799999952316284,168.704391,2023-03-14,0.9544979929924011,11,164068951.743911
30.312484,75.148813,2.8399999141693115,168.911728,2023-03-14,0.9540320038795471,6,164068951.657139
30.31206703186035,75.128382,32.31999969482422,167.991684,2023-03-14,0.9523940086364746,11,164068951.752175
30.310961,75.129599,2.799999952316284,168.740509,2023-03-14,0.9567369818687439,11,164068951.776967
30.310588836669922,75.130008,2.6500000953674316,168.641724,2023-03-14,0.961296021938324,11,164068951.785231
30.310216,75.130417,2.690000057220459,168.867554,2023-03-14,0.9564340114593506,11,164068951.793495
30.309843063354492,75.130827,3.0999999046325684,168.733932,2023-03-14,0.9583650231361389,11,164068951.801759
30.30988311767578,75.1393051147461,2.9100000858306885,168.441803,2023-03-14,0.9511039853096008,8,164068951.938115
30.309469,75.131236,3.059999942779541,168.871109,2023-03-14,0.9565430283546448,11,164068951.810023
30.309133529663086,75.140126,8.220000267028809,168.690933,2023-03-14,0.961338996887207,8,164068951.954643
30.308724,75.132055,3.1700000762939453,168.493866,2023-03-14,0.9621130228042603,11,164068951.826551
30.308761596679688,75.140535,5.679999828338623,168.48348999023438,2023-03-14,0.9529100060462952,8,164068951.962907
30.308349609375,75.132465,3.740000009536743,168.511551,2023-03-14,0.9505659937858582,11,164068951.834815
30.308015823364258,75.141353,3.7699999809265137,168.625824,2023-03-14,0.9540600180625916,8,164068951.979435
30.307605,75.133283,3.2899999618530273,168.405823,2023-03-14,0.9538859724998474,11,164068951.851343
30.307588577270508,75.162817,3.9600000381469727,169.516068,2023-03-14,0.9506509900093079,5,164068951.900927
30.307231,75.133693,4.070000171661377,168.469742,2023-03-14,0.9559980034828186,11,164068951.859607
30.307216,75.163227,4.559999942779541,169.292786,2023-03-14,0.9574800133705139,5,164068951.909191
30.306522369384766,75.14299011230469,3.9600000381469727,169.48110961914062,2023-03-14,0.9530749917030334,8,164068952.012491
30.306514,75.155358,3.0299999713897705,169.26708984375,2023-03-14,0.9507309794425964,6,164068951.789363
30.30611228942871,75.134921,3.9600000381469727,168.442001,2023-03-14,0.9500449895858765,11,164068951.884399
30.306148529052734,75.143399,2.6500000953674316,169.608139,2023-03-14,0.9588890075683594,8,164068952.020755
30.30609703063965,75.164454,3.549999952316284,169.658676,2023-03-14,0.9584159851074219,5,164068951.933983
30.305021286010742,75.156996,5.909999847412109,169.15451049804688,2023-03-14,0.9509270191192627,6,164068951.822419
30.304282,75.145445,2.950000047683716,169.634308,2023-03-14,0.9560859799385071,8,164068952.062075
30.303531646728516,75.146266,8.710000038146973,169.250381,2023-03-14,0.956026017665863,8,164068952.078603
30.303483,75.16732025146484,5.420000076293945,170.031281,2023-03-14,0.953141987323761,5,164068951.991831
30.303499221801758,75.137787,3.0999999046325684,169.205627,2023-03-14,0.9556059837341309,11,164068951.942247
30.302785873413086,75.147084,7.03000020980835,169.322739,2023-03-14,0.952127993106842,8,164068952.095131
30.302039,75.147902,5.71999979019165,169.467651,2023-03-14,0.9558650255203247,8,164068952.111659
30.301631,75.139836,9.380000114440918,169.155029,2023-03-14,0.9549660086631775,11,164068951.983567
30.301292419433594,75.161088,2.8399999141693115,168.153198,2023-03-14,0.9505580067634583,6,164068951.905059
30.300918,75.161497,2.880000114440918,168.041306,2023-03-14,0.9620190262794495,6,164068951.913323
30.300174,75.149946,2.8399999141693115,169.49855041503906,2023-03-14,0.9502829909324646,8,164068952.152979
30.29976463317871,75.141882,6.539999961853027,169.513306,2023-03-14,0.9502390027046204,11,164068952.024887
30.299749,75.1714096069336,4.070000171661377,167.742844,2023-03-14,0.9517340064048767,5,164068952.074471
30.29901695251465,75.142701,7.849999904632568,169.534973,2023-03-14,0.9531930088996887,11,164068952.041415
30.299053192138672,75.151174,4.409999847412109,169.42514038085938,2023-03-14,0.9549810290336609,8,164068952.177771
30.298644,75.14311218261719,8.489999771118164,169.378235,2023-03-14,0.9519109725952148,11,164068952.049679
30.297147750854492,75.144749,12.75,169.463394,2023-03-14,0.9525910019874573,11,164068952.082735
30.29681396484375,75.153629,7.809999942779541,168.967773,2023-03-14,0.9532870054244995,8,164068952.227355
30.29644203186035,75.154038,5.119999885559082,169.136322,2023-03-14,0.9516950249671936,8,164068952.235619
30.296069,75.154446,3.7699999809265137,169.172775,2023-03-14,0.9576359987258911,8,164068952.243883
30.29601287841797,75.175502,7.369999885559082,167.772507,2023-03-14,0.9517719745635986,5,164068952.157111
30.296031951904297,75.145972,3.25,169.046875,2023-03-14,0.9603580236434937,11,164068952.107527
30.295698165893555,75.15485382080078,2.799999952316284,169.330063,2023-03-14,0.9542700052261353,8,164068952.252147
30.2952823638916,75.146794,9.869999885559082,170.1742401123047,2023-03-14,0.9520450234413147,11,164068952.124055
30.294952392578125,75.155673,2.5799999237060547,169.776199,2023-03-14,0.954014003276825,8,164068952.268675
30.294912338256836,75.14720153808594,2.990000009536743,169.210358,2023-03-14,0.9519510269165039,11,164068952.132319
30.294538497924805,75.147609,2.9100000858306885,168.906967,2023-03-14,0.9580410122871399,11,164068952.140583
30.294206,75.156491,3.809999942779541,169.079559,2023-03-14,0.952530026435852,8,164068952.285203
30.294196,75.168864,6.360000133514404,167.648224,2023-03-14,0.9508669972419739,6,164068952.062075
30.293834,75.15689849853516,2.880000114440918,169.396835,2023-03-14,0.9504910111427307,8,164068952.293467
30.293461,75.157309,2.759999990463257,169.349686,2023-03-14,0.9512829780578613,8,164068952.301731
30.293046,75.149245,2.690000057220459,168.80010986328125,2023-03-14,0.9550399780273438,11,164068952.173639
30.293088912963867,75.157718,2.759999990463257,169.372513,2023-03-14,0.9511680006980896,8,164068952.309997
30.293075,75.170092,6.579999923706055,167.723083,2023-03-14,0.9515330195426941,6,164068952.086867
30.292672,75.149654,2.880000114440918,168.888016,2023-03-14,0.9578989744186401,11,164068952.181903
30.292299,75.150063,2.7300000190734863,168.814621,2023-03-14,0.9624940156936646,11,164068952.190167
30.292342,75.158537,4.110000133514404,169.591949,2023-03-14,0.952023983001709,8,164068952.326529
30.291926,75.150472,2.759999990463257,168.786179,2023-03-14,0.9591860175132751,11,164068952.198431
30.291553497314453,75.150881,2.609999895095825,168.904617,2023-03-14,0.9600470066070557,11,164068952.206695
30.291597366333008,75.15935516357422,2.9100000858306885,169.548492,2023-03-14,0.9516469836235046,8,164068952.343061
30.291179656982422,75.15129089355469,2.759999990463257,168.728043,2023-03-14,0.9607880115509033,11,164068952.214959
30.290851593017578,75.160173,2.9100000858306885,169.4401397705078,2023-03-14,0.9534559845924377,8,164068952.359593
30.290807,75.151699,2.609999895095825,169.036102,2023-03-14,0.9547790288925171,11,164068952.223223
30.29079246520996,75.181226,3.359999895095825,167.643723,2023-03-14,0.9510120153427124,5,164068952.272807
30.290433883666992,75.152108,2.6500000953674316,169.091293,2023-03-14,0.959879994392395,11,164068952.231487
30.290479,75.160583,2.759999990463257,169.574615,2023-03-14,0.9534410238265991,8,164068952.367859
30.290046,75.182044,4.070000171661377,167.92510986328125,2023-03-14,0.9604629874229431,5,164068952.289335
30.289731979370117,75.161402,4.150000095367432,169.671829,2023-03-14,0.9552459716796875,8,164068952.384391
30.289689,75.152926,2.8399999141693115,168.920914,2023-03-14,0.9666230082511902,11,164068952.248015
30.289316177368164,75.153335,2.690000057220459,169.192276,2023-03-14,0.9581009745597839,11,164068952.256279
30.28936004638672,75.16181182861328,2.7300000190734863,169.488632,2023-03-14,0.9531210064888,8,164068952.392657
30.288943,75.153744,2.5799999237060547,168.823593,2023-03-14,0.9627419710159302,11,164068952.264543
30.288986206054688,75.162221,5.869999885559082,169.435944,2023-03-14,0.9511560201644897,8,164068952.400923
30.288570404052734,75.154153,2.690000057220459,168.988571,2023-03-14,0.9546859860420227,11,164068952.272807
30.288554,75.18367767333984,3.8499999046325684,168.352264,2023-03-14,0.955377995967865,5,164068952.322396
30.288198471069336,75.154562,2.7300000190734863,169.106964,2023-03-14,0.9672080278396606,11,164068952.281071
30.288241,75.163039,2.609999895095825,169.53359985351562,2023-03-14,0.9521710276603699,8,164068952.417455
30.287824630737305,75.154971,2.7300000190734863,169.144592,2023-03-14,0.9627050161361694,11,164068952.289335
30.287494659423828,75.163858,2.759999990463257,169.454803,2023-03-14,0.9550989866256714,8,164068952.433987
30.2874755859375,75.176226,3.2100000381469727,169.61083984375,2023-03-14,0.950698971748352,6,164068952.210827
30.287452,75.155381,3.0999999046325684,169.256058,2023-03-14,0.9632179737091064,11,164068952.297599
30.287078857421875,75.155789,3.059999942779541,169.17626953125,2023-03-14,0.9550009965896606,11,164068952.305864
30.287121,75.164267,2.8399999141693115,169.736298,2023-03-14,0.9512439966201782,8,164068952.442253
30.286706924438477,75.156199,2.759999990463257,169.504395,2023-03-14,0.9520379900932312,11,164068952.31413
30.286748,75.164677,2.6500000953674316,169.758011,2023-03-14,0.9675139784812927,8,164068952.450519
30.286689,75.185725,2.690000057220459,170.413177,2023-03-14,0.9529399871826172,5,164068952.363726
30.286375045776367,75.165086,2.7300000190734863,169.6668701171875,2023-03-14,0.9551069736480713,8,164068952.458785
30.28631591796875,75.186135,2.7300000190734863,170.431229,2023-03-14,0.9550279974937439,5,164068952.371992
30.286334,75.156608,2.7300000190734863,169.388779,2023-03-14,0.9597679972648621,11,164068952.322396
30.285961151123047,75.157017,2.7300000190734863,169.350937,2023-03-14,0.9649999737739563,11,164068952.330662
30.286001205444336,75.165496,2.690000057220459,169.856689,2023-03-14,0.9584230184555054,8,164068952.467051
30.285588,75.157426,2.690000057220459,169.381393,2023-03-14,0.9588350057601929,11,164068952.338928
30.285628,75.165906,3.2100000381469727,169.694763,2023-03-14,0.9621040225028992,8,164068952.475317
30.28557014465332,75.186953,2.690000057220459,170.3788604736328,2023-03-14,0.9594460129737854,5,164068952.388524
30.285216,75.157835,2.6500000953674316,169.278168,2023-03-14,0.9631209969520569,11,164068952.347194
30.285237,75.178681,6.170000076293945,169.805176,2023-03-14,0.9596570134162903,6,164068952.260411
30.285197,75.187362,2.5799999237060547,170.360062,2023-03-14,0.9559659957885742,5,164068952.39679
30.28484344482422,75.158245,2.8399999141693115,169.345657,2023-03-14,0.9646829962730408,11,164068952.35546
30.28482437133789,75.187771,2.5399999618530273,170.402664,2023-03-14,0.9521539807319641,5,164068952.405056
30.284469604492188,75.158654,2.6500000953674316,169.347931,2023-03-14,0.9523289799690247,11,164068952.363726
30.284507751464844,75.167134,3.059999942779541,169.710098,2023-03-14,0.9572169780731201,8,164068952.500115
30.284451,75.188181,2.799999952316284,170.372086,2023-03-14,0.9578869938850403,5,164068952.413322
30.284097,75.159063,2.7300000190734863,169.332306,2023-03-14,0.9689570069313049,11,164068952.371992
30.284133911132812,75.167544,2.9100000858306885,169.769623,2023-03-14,0.959568977355957,8,164068952.508381
30.283723831176758,75.159472,2.799999952316284,169.239777,2023-03-14,0.953374981880188,11,164068952.380258
30.283761,75.167954,2.690000057220459,169.75946044921875,2023-03-14,0.9664980173110962,8,164068952.516647
30.283388137817383,75.168363,2.609999895095825,169.706207,2023-03-14,0.9550250172615051,8,164068952.524913
30.283351,75.159881,2.7300000190734863,169.12088012695312,2023-03-14,0.9676899909973145,11,164068952.388524
30.282978057861328,75.160291,2.799999952316284,169.217133,2023-03-14,0.9666280150413513,11,164068952.39679
30.282956,75.189819,3.4700000286102295,172.751022,2023-03-14,0.9550729990005493,5,164068952.446386
30.282605,75.16069793701172,2.950000047683716,169.127197,2023-03-14,0.9614670276641846,11,164068952.405056
30.282641,75.169182,2.8399999141693115,169.68515014648438,2023-03-14,0.956591010093689,8,164068952.541443
30.282268,75.169592,2.609999895095825,169.730164,2023-03-14,0.956354022026062,8,164068952.549707
30.281859,75.161519,2.9100000858306885,169.055878,2023-03-14,0.9673439860343933,11,164068952.421588
30.28189468383789,75.170002,2.7300000190734863,169.655151,2023-03-14,0.9516749978065491,8,164068952.557971
30.281833,75.19104766845703,5.980000019073486,177.691833,2023-03-14,0.9602320194244385,5,164068952.471184
30.281486,75.161928,2.880000114440918,169.18190002441406,2023-03-14,0.9598119854927063,11,164068952.429854
30.281461,75.191458,5.230000019073486,174.34523010253906,2023-03-14,0.9509699940681458,5,164068952.47945
30.281147003173828,75.170822,5.010000228881836,169.833664,2023-03-14,0.954692006111145,8,164068952.574499
30.281137466430664,75.183178,2.7300000190734863,169.848221,2023-03-14,0.9549599885940552,6,164068952.351327
30.280738830566406,75.162747,2.9100000858306885,169.266663,2023-03-14,0.9529600143432617,11,164068952.446386
30.280717,75.192275,2.8399999141693115,170.318115,2023-03-14,0.9508000016212463,5,164068952.495982
30.280343,75.192685,3.4000000953674316,170.457062,2023-03-14,0.9615389704704285,5,164068952.504248
30.279992,75.163567,4.150000095367432,169.126587,2023-03-14,0.9576460123062134,11,164068952.462918
30.279970169067383,75.193094,2.759999990463257,170.302841,2023-03-14,0.9594230055809021,5,164068952.512514
30.279619,75.163976,3.059999942779541,169.14566040039062,2023-03-14,0.960004985332489,11,164068952.471184
30.279645,75.184814453125,2.690000057220459,169.687515,2023-03-14,0.9603099822998047,6,164068952.384391
30.279597,75.193503,2.5799999237060547,170.269958,2023-03-14,0.9557330012321472,5,164068952.52078
30.279246,75.164386,2.799999952316284,170.199814,2023-03-14,0.9594119787216187,11,164068952.47945
30.279281616210938,75.17286682128906,4.519999980926514,169.633881,2023-03-14,0.954692006111145,8,164068952.615819
30.27927017211914,75.185225,5.829999923706055,170.122147,2023-03-14,0.9556120038032532,6,164068952.392657
30.27890968322754,75.173279,3.1700000762939453,169.40065002441406,2023-03-14,0.9512320160865784,8,164068952.624083
30.278846740722656,75.194324,8.449999809265137,170.353867,2023-03-14,0.9556909799575806,5,164068952.537311
30.278871536254883,75.164796,4.070000171661377,170.390198,2023-03-14,0.9523800015449524,11,164068952.487716
30.27847671508789,75.194732,2.690000057220459,170.438431,2023-03-14,0.9625639915466309,5,164068952.545575
30.278125762939453,75.165614,2.5799999237060547,170.332825,2023-03-14,0.9536330103874207,11,164068952.504248
30.278152465820312,75.186451,2.759999990463257,169.948624,2023-03-14,0.9564470052719116,6,164068952.417455
30.27810287475586,75.195142,2.7300000190734863,170.571411,2023-03-14,0.9566910266876221,5,164068952.553839
30.277790069580078,75.174509,5.760000228881836,169.130005,2023-03-14,0.9581490159034729,8,164068952.648875
30.27773094177246,75.195551,2.759999990463257,169.930435,2023-03-14,0.9631040096282959,5,164068952.562103
30.277379989624023,75.166433,2.6500000953674316,169.017929,2023-03-14,0.9626060128211975,11,164068952.52078
30.27741813659668,75.174918,3.059999942779541,169.298508,2023-03-14,0.9505130052566528,8,164068952.657139
30.27667236328125,75.175737,3.25,169.191818,2023-03-14,0.9518349766731262,8,164068952.673667
30.276259,75.167663,3.0299999713897705,169.908325,2023-03-14,0.9597629904747009,11,164068952.545575
30.27630043029785,75.176147,2.759999990463257,169.174576,2023-03-14,0.9561129808425903,8,164068952.681931
30.27628517150879,75.188498,3.549999952316284,169.629349,2023-03-14,0.9509279727935791,6,164068952.458785
30.275886,75.168072,2.7300000190734863,169.361679,2023-03-14,0.9641939997673035,11,164068952.553839
30.27592658996582,75.176556,2.759999990463257,169.018951,2023-03-14,0.9580569863319397,8,164068952.690195
30.275511,75.168484,3.700000047683716,168.991608,2023-03-14,0.9591130018234253,11,164068952.562103
30.275554,75.176966,2.880000114440918,169.165298,2023-03-14,0.9617599844932556,8,164068952.698459
30.2751407623291,75.168891,2.6500000953674316,168.756943,2023-03-14,0.9627230167388916,11,164068952.570367
30.275181,75.17737579345703,2.759999990463257,169.087891,2023-03-14,0.9559329748153687,8,164068952.706723
30.274808,75.177785,2.6500000953674316,169.029709,2023-03-14,0.9580889940261841,8,164068952.714987
30.27476692199707,75.16929626464844,2.6500000953674316,168.7181396484375,2023-03-14,0.9602950215339661,11,164068952.578631
30.274744033813477,75.198827,2.8399999141693115,170.171677,2023-03-14,0.9524139761924744,5,164068952.628215
30.274394,75.16970825195312,2.6500000953674316,168.896179,2023-03-14,0.9546650052070618,11,164068952.586895
30.274434,75.178196,3.700000047683716,169.214859,2023-03-14,0.9634789824485779,8,164068952.723251
30.27402114868164,75.17012023925781,2.7300000190734863,168.847809,2023-03-14,0.958283007144928,11,164068952.595159
30.274062,75.178605,2.690000057220459,169.080795,2023-03-14,0.9521750211715698,8,164068952.731515
30.273689,75.179014,2.7300000190734863,169.315155,2023-03-14,0.952003002166748,8,164068952.739779
30.273645401000977,75.170531,7.78000020980835,168.588058,2023-03-14,0.9553080201148987,11,164068952.603423
30.27362632751465,75.200056,2.7300000190734863,169.751694,2023-03-14,0.9598529934883118,5,164068952.653007
30.273316,75.179424,2.5799999237060547,169.463272,2023-03-14,0.9505400061607361,8,164068952.748043
30.273295,75.191776,8.829999923706055,171.105225,2023-03-14,0.953719973564148,6,164068952.524913
30.2729434967041,75.179834,2.799999952316284,169.147018,2023-03-14,0.9599040150642395,8,164068952.756307
30.272924423217773,75.19218444824219,2.690000057220459,172.260925,2023-03-14,0.9537609815597534,6,164068952.533179
30.272878646850586,75.200875,2.759999990463257,170.976059,2023-03-14,0.9601830244064331,5,164068952.669535
30.27256965637207,75.180243,2.609999895095825,169.384155,2023-03-14,0.9511299729347229,8,164068952.764571
30.272551,75.192593,3.140000104904175,170.100586,2023-03-14,0.9581390023231506,6,164068952.541443
30.27252769470215,75.171759,2.880000114440918,169.042038,2023-03-14,0.9561629891395569,11,164068952.628215
30.272506,75.201285,2.6500000953674316,171.0356903076172,2023-03-14,0.9529110193252563,5,164068952.677799
30.27215576171875,75.172168,2.6500000953674316,169.006073,2023-03-14,0.9593650102615356,11,164068952.636479
30.272197,75.180653,3.059999942779541,169.155533,2023-03-14,0.9507240056991577,8,164068952.772835
30.272132873535156,75.201695,2.7300000190734863,170.905396,2023-03-14,0.9503589868545532,5,164068952.686063
30.27182388305664,75.181063,2.690000057220459,168.979813,2023-03-14,0.953931987285614,8,164068952.781099
30.271432,75.193821,2.950000047683716,169.271713,2023-03-14,0.9522910118103027,6,164068952.566235
30.27140998840332,75.172987,2.5799999237060547,168.955307,2023-03-14,0.9583420157432556,11,164068952.653007
30.27107810974121,75.181882,2.5799999237060547,169.408066,2023-03-14,0.9568470120429993,8,164068952.797627
30.270331,75.182702,2.799999952316284,169.009918,2023-03-14,0.9592679738998413,8,164068952.814155
30.26995849609375,75.183111,2.880000114440918,169.260773,2023-03-14,0.9584890007972717,8,164068952.822419
30.26958465576172,75.183521,2.880000114440918,169.041687,2023-03-14,0.9521589875221252,8,164068952.830683
30.269211,75.183931,2.799999952316284,169.239868,2023-03-14,0.9502679705619812,8,164068952.838947
30.26734161376953,75.185979,4.21999979019165,169.479095,2023-03-14,0.9525589942932129,8,164068952.880267
30.26584815979004,75.187617,2.990000009536743,170.680389,2023-03-14,0.9512050151824951,8,164068952.913323
30.26583480834961,75.199964,2.609999895095825,169.606308,2023-03-14,0.9501389861106873,6,164068952.690195
30.265472412109375,75.188029,8.640000343322754,171.480835,2023-03-14,0.952455997467041,8,164068952.921587
30.265101,75.188436,2.759999990463257,171.565964,2023-03-14,0.9509570002555847,8,164068952.929851
30.263978958129883,75.189665,2.759999990463257,174.174942,2023-03-14,0.9520400166511536,8,164068952.954643
30.26395034790039,75.181181,2.690000057220459,169.111923,2023-03-14,0.9620530009269714,11,164068952.818287
30.263576,75.18158721923828,2.7300000190734863,169.124069,2023-03-14,0.9615030288696289,11,164068952.826551
30.263202667236328,75.18199920654297,2.609999895095825,169.214432,2023-03-14,0.9504609704017639,11,164068952.834815
30.263232,75.190483,3.2100000381469727,171.873535,2023-03-14,0.9518259763717651,8,164068952.971171
30.262828826904297,75.18241119384766,2.759999990463257,169.327423,2023-03-14,0.9510239958763123,11,164068952.843079
30.262456,75.182819,2.7300000190734863,169.378021,2023-03-14,0.9552580118179321,11,164068952.851343
30.262082,75.183229,2.5399999618530273,169.623505,2023-03-14,0.9534739851951599,11,164068952.859607
30.262109756469727,75.191711,6.28000020980835,171.140198,2023-03-14,0.9646379947662354,8,164068952.995963
30.261737823486328,75.192119,6.320000171661377,169.080215,2023-03-14,0.9578040242195129,8,164068953.004227
30.260989,75.192938,7.210000038146973,170.712708,2023-03-14,0.9577199816703796,8,164068953.020755
30.260618209838867,75.193345,4.480000019073486,170.324295,2023-03-14,0.9507279992103577,8,164068953.029019
30.259868,75.194165,8.300000190734863,172.3204803466797,2023-03-14,0.9600690007209778,8,164068953.045547
30.258721,75.186913,2.690000057220459,167.755692,2023-03-14,0.9533420205116272,11,164068952.933983
30.25874900817871,75.195391,9.649999618530273,170.189667,2023-03-14,0.9622179865837097,8,164068953.070339
30.258378982543945,75.195796,2.690000057220459,168.881989,2023-03-14,0.9536719918251038,8,164068953.078603
30.258006,75.19620513916016,2.609999895095825,169.049789,2023-03-14,0.9581400156021118,8,164068953.086867
30.257633209228516,75.196614,2.7300000190734863,168.652939,2023-03-14,0.9561349749565125,8,164068953.095131
30.25722312927246,75.188553,9.380000114440918,168.872543,2023-03-14,0.9522290229797363,11,164068952.967039
30.256885528564453,75.197431,2.690000057220459,168.762909,2023-03-14,0.961991012096405,8,164068953.111659
30.256513,75.19783782958984,2.609999895095825,168.780563,2023-03-14,0.9611849784851074,8,164068953.119923
30.256105422973633,75.189777,2.7300000190734863,168.269287,2023-03-14,0.9552630186080933,11,164068952.991831
30.25576400756836,75.19866180419922,7.659999847412109,169.623489,2023-03-14,0.9553800225257874,8,164068953.136451
30.25539207458496,75.199068,5.010000228881836,169.306839,2023-03-14,0.9541730284690857,8,164068953.144715
30.254981,75.191008,10.6899995803833,169.925201,2023-03-14,0.9528390169143677,11,164068953.016623
30.254647,75.199885,2.950000047683716,170.105988,2023-03-14,0.9555150270462036,8,164068953.161243
30.253116607666016,75.193048,3.0999999046325684,168.621811,2023-03-14,0.9509140253067017,11,164068953.057943
30.252742767333984,75.193458,5.940000057220459,168.499207,2023-03-14,0.9574559926986694,11,164068953.066207
30.252371,75.193866,3.140000104904175,168.557373,2023-03-14,0.9561759829521179,11,164068953.074471
30.251998,75.194274,2.950000047683716,168.579605,2023-03-14,0.9518300294876099,11,164068953.082735
30.251624,75.194683,2.759999990463257,168.560074,2023-03-14,0.9517040252685547,11,164068953.090999
30.251251220703125,75.195092,2.880000114440918,168.594864,2023-03-14,0.9535750150680542,11,164068953.099263
30.250503540039062,75.19590759277344,3.440000057220459,169.109161,2023-03-14,0.9587010145187378,11,164068953.115791
30.250131,75.196319,3.509999990463257,168.919769,2023-03-14,0.9516630172729492,11,164068953.124055
30.249755859375,75.196729,5.340000152587891,169.201019,2023-03-14,0.9617099761962891,11,164068953.132319
30.249385,75.19713592529297,3.140000104904175,168.83843994140625,2023-03-14,0.9621819853782654,11,164068953.140583
30.249011993408203,75.197545,3.1700000762939453,168.761963,2023-03-14,0.9644749760627747,11,164068953.148847
30.248639,75.197954,2.759999990463257,168.968552,2023-03-14,0.9603809714317322,11,164068953.157111
30.247520446777344,75.199181,3.1700000762939453,168.664551,2023-03-14,0.9535599946975708,11,164068953.181903
30.247146606445312,75.19959259033203,3.2100000381469727,168.304733,2023-03-14,0.9661870002746582,11,164068953.190167
30.246774673461914,75.199999,2.759999990463257,168.244476,2023-03-14,0.9568769931793213,11,164068953.198431
30.246401,75.200409,3.25,168.152405,2023-03-14,0.9599170088768005,11,164068953.206695
30.246028900146484,75.200818,2.759999990463257,168.136597,2023-03-14,0.9547600150108337,11,164068953.214959
30.245655059814453,75.201229,4.110000133514404,168.137283,2023-03-14,0.9618520140647888,11,164068953.223223
30.245283126831055,75.201638,3.2899999618530273,168.313705,2023-03-14,0.9586219787597656,11,164068953.231487
30.30860137939453,75.099095,19.719999,166.732025,2024-05-08,0.9603750109672546,5,200362972.618274
30.30785369873047,75.099914,19.530001,167.276871,2024-05-08,0.954846978187561,5,200362972.634802
30.30748176574707,75.100321,17.030001,166.946167,2024-05-08,0.9552369713783264,5,200362972.643066
30.30599594116211,75.101947,2.75,166.81752014160156,2024-05-08,0.9647369980812073,5,200362972.676122
30.305623,75.10235595703125,2.7899999618530273,166.644928,2024-05-08,0.9583669900894165,5,200362972.684386
30.304872512817383,75.103178,5.210000038146973,167.121567,2024-05-08,0.9541640281677246,5,200362972.700914
30.304122,75.104001,10.770000457763672,166.863998,2024-05-08,0.9561859965324402,5,200362972.717446
30.303377151489258,75.104817,2.5999999046325684,171.431305,2024-05-08,0.9504110217094421,5,200362972.733978
30.302993,75.105239,20.760000228881836,167.599945,2024-05-08,0.9570800065994263,5,200362972.742244
30.302251,75.106051,11.739999771118164,169.737335,2024-05-08,0.9521620273590088,5,200362972.758776
30.301602,75.098217,19.610001,166.865021,2024-05-08,0.9602329730987549,6,200362972.638934
30.301502227783203,75.106871,12.779999732971191,168.853302,2024-05-08,0.9509419798851013,5,200362972.775308
30.301132202148438,75.107276,3.1600000858306885,172.761276,2024-05-08,0.9549040198326111,5,200362972.783574
30.300853729248047,75.099036,20.459999,166.732742,2024-05-08,0.9670180082321167,6,200362972.655462
30.300758361816406,75.107685,2.9000000953674316,173.234894,2024-05-08,0.956833004951477,5,200362972.79184
30.300492,75.09942626953125,2.640000104904175,166.601212,2024-05-08,0.9560520052909851,6,200362972.663726
30.30011558532715,75.099843,6.409999847412109,166.709106,2024-05-08,0.9599120020866394,6,200362972.67199
30.29974365234375,75.10025024414062,3.1600000858306885,167.159195,2024-05-08,0.9597740173339844,6,200362972.680254
30.29936981201172,75.100659,2.8299999237060547,167.104141,2024-05-08,0.9562240242958069,6,200362972.688518
30.299259185791016,75.109326,9.130000114440918,169.341644,2024-05-08,0.9581310153007507,5,200362972.824904
30.298997,75.101068,2.7200000286102295,167.041092,2024-05-08,0.9558020234107971,6,200362972.696782
30.298888,75.109732,3.3499999046325684,171.869644,2024-05-08,0.9543920159339905,5,200362972.83317
30.298623,75.101477,2.7200000286102295,166.989151,2024-05-08,0.9664940237998962,6,200362972.705047
30.29851531982422,75.110141,5.400000095367432,168.580063,2024-05-08,0.9533740282058716,5,200362972.841436
30.298141479492188,75.11054992675781,5.210000038146973,168.337769,2024-05-08,0.9511129856109619,5,200362972.849702
30.29787254333496,75.102299,6.21999979019165,167.139053,2024-05-08,0.9632760286331177,6,200362972.721579
30.297496,75.102713,10.279999732971191,167.126556,2024-05-08,0.9536529779434204,6,200362972.729845
30.297128,75.103115,2.7200000286102295,167.010315,2024-05-08,0.9622129797935486,6,200362972.738111
30.296754,75.103525,2.8299999237060547,166.951126,2024-05-08,0.962548017501831,6,200362972.746377
30.29637908935547,75.103934,2.680000066757202,167.147598,2024-05-08,0.9560250043869019,6,200362972.754643
30.296006,75.104344,3.009999990463257,167.1427001953125,2024-05-08,0.9643239974975586,6,200362972.762909
30.295896530151367,75.113006,3.2799999713897705,167.809021,2024-05-08,0.9617890119552612,5,200362972.899298
30.295629501342773,75.104756,6.260000228881836,167.110947,2024-05-08,0.9516599774360657,6,200362972.771175
30.295521,75.113417,5.25,167.731705,2024-05-08,0.9649360179901123,5,200362972.907564
30.295253,75.105169,9.430000305175781,168.222244,2024-05-08,0.9584789872169495,6,200362972.779441
30.295144,75.113831,8.229999542236328,169.053589,2024-05-08,0.9558330178260803,5,200362972.91583
30.294507,75.105986,6.03000020980835,168.375931,2024-05-08,0.9518399834632874,6,200362972.795973
30.294397354125977,75.114647,6.929999828338623,168.352997,2024-05-08,0.9562159776687622,5,200362972.932362
30.294025421142578,75.115054,4.059999942779541,168.137329,2024-05-08,0.9552900195121765,5,200362972.940626
30.293277740478516,75.115871,2.8299999237060547,167.872604,2024-05-08,0.9596220254898071,5,200362972.957154
30.29290199279785,75.116283,4.019999980926514,167.81105041503906,2024-05-08,0.9548979997634888,5,200362972.965418
30.292529,75.11669158935547,3.049999952316284,167.785721,2024-05-08,0.9556840062141418,5,200362972.973682
30.292155,75.117099,2.869999885559082,167.812012,2024-05-08,0.9570429921150208,5,200362972.981946
30.29188346862793,75.10885620117188,15.170000076293945,168.060196,2024-05-08,0.9577959775924683,6,200362972.853835
30.291781,75.117509,2.75,167.763809,2024-05-08,0.9574049711227417,5,200362972.99021
30.291406631469727,75.117917,2.8299999237060547,167.050995,2024-05-08,0.9633610248565674,5,200362972.998474
30.290769,75.110077,2.7899999618530273,167.252045,2024-05-08,0.9523079991340637,6,200362972.878633
30.290393829345703,75.110487,2.75,167.29364013671875,2024-05-08,0.9665110111236572,6,200362972.886899
30.290284,75.119146,2.8299999237060547,167.79006958007812,2024-05-08,0.9515789747238159,5,200362973.023266
30.290019989013672,75.110896,2.640000104904175,167.175888,2024-05-08,0.9590489864349365,6,200362972.895165
30.28990936279297,75.119555,2.869999885559082,167.798248,2024-05-08,0.9631140232086182,5,200362973.03153
30.28964614868164,75.111306,2.5999999046325684,167.265854,2024-05-08,0.9510689973831177,6,200362972.903431
30.289535522460938,75.119964,2.680000066757202,167.761002,2024-05-08,0.9603710174560547,5,200362973.039794
30.289161682128906,75.120374,2.8299999237060547,167.922256,2024-05-08,0.9636290073394775,5,200362973.048058
30.288898468017578,75.112125,2.7200000286102295,166.884155,2024-05-08,0.9581819772720337,6,200362972.919963
30.288787841796875,75.120784,3.049999952316284,167.982559,2024-05-08,0.9526140093803406,5,200362973.056322
30.288522720336914,75.112534,2.7200000286102295,166.970078,2024-05-08,0.9569860100746155,6,200362972.928229
30.288409,75.121199,9.239999771118164,168.26181030273438,2024-05-08,0.9515089988708496,5,200362973.064586
30.288148880004883,75.112943,2.640000104904175,166.865341,2024-05-08,0.9559000134468079,6,200362972.936494
30.288040161132812,75.121602,2.869999885559082,167.872696,2024-05-08,0.9596700072288513,5,200362973.07285
30.28766632080078,75.122011,2.75,167.855194,2024-05-08,0.9504609704017639,5,200362973.081114
30.287291,75.12242126464844,2.8299999237060547,167.852509,2024-05-08,0.9559800028800964,5,200362973.089378
30.286916732788086,75.12283325195312,2.7200000286102295,167.983475,2024-05-08,0.9561020135879517,5,200362973.097642
30.286542892456055,75.123239,2.680000066757202,167.834686,2024-05-08,0.9571080207824707,5,200362973.105906
30.286164,75.123655,10.0600004196167,168.036438,2024-05-08,0.9636449813842773,5,200362973.11417
30.28553009033203,75.115809,2.75,166.643494,2024-05-08,0.9611610174179077,6,200362972.994342
30.28542137145996,75.124467,2.7899999618530273,168.228165,2024-05-08,0.9611160159111023,5,200362973.130698
30.28515625,75.116218,2.680000066757202,166.711563,2024-05-08,0.9575999975204468,6,200362973.002606
30.28328514099121,75.118265,2.7200000286102295,166.653137,2024-05-08,0.961143970489502,6,200362973.043926
30.28066635131836,75.121129,2.75,166.941574,2024-05-08,0.9531760215759277,6,200362973.101774
30.280284881591797,75.121548,13.600000381469727,166.823486,2024-05-08,0.9639049768447876,6,200362973.110038
30.278682708740234,75.13182830810547,2.940000057220459,166.879501,2024-05-08,0.9664369821548462,5,200362973.27945
30.278308,75.132239,2.75,166.898682,2024-05-08,0.9624289870262146,5,200362973.287714
30.278047,75.123994,2.640000104904175,167.092926,2024-05-08,0.9502159953117371,6,200362973.159622
30.277934,75.132647,2.7899999618530273,166.787292,2024-05-08,0.964381992816925,5,200362973.295978
30.277673,75.124403,2.7200000286102295,166.95932006835938,2024-05-08,0.9577620029449463,6,200362973.167886
30.277299,75.124811,2.640000104904175,166.707047,2024-05-08,0.9564419984817505,6,200362973.17615
30.277183532714844,75.133465,2.8299999237060547,166.746078,2024-05-08,0.9582440257072449,5,200362973.312506
30.276925,75.125221,2.7200000286102295,166.822327,2024-05-08,0.9595739841461182,6,200362973.184414
30.27655029296875,75.1256332397461,2.640000104904175,166.821747,2024-05-08,0.954908013343811,6,200362973.192678
30.276435,75.134283,2.7899999618530273,166.589523,2024-05-08,0.9619219899177551,5,200362973.329034
30.27617645263672,75.126039,2.8299999237060547,166.666107,2024-05-08,0.9555780291557312,6,200362973.200942
30.275802,75.126448,2.680000066757202,166.783066,2024-05-08,0.9687049984931946,6,200362973.209206
30.275686264038086,75.135101,2.75,166.784744,2024-05-08,0.9625449776649475,5,200362973.345562
30.275426864624023,75.126857,2.7200000286102295,166.805817,2024-05-08,0.9558230042457581,6,200362973.21747
30.274678,75.127675,2.680000066757202,166.811966,2024-05-08,0.9608240127563477,6,200362973.233998
30.274561,75.136328,2.75,166.692398,2024-05-08,0.9514449834823608,5,200362973.370354
30.274304,75.128084,2.75,166.808792,2024-05-08,0.968055009841919,6,200362973.242262
30.274186,75.136738,2.8299999237060547,167.012115,2024-05-08,0.9634609818458557,5,200362973.378618
30.273929,75.128493,2.75,166.79425048828125,2024-05-08,0.95524001121521,6,200362973.250526
30.273812,75.137147,2.7200000286102295,166.867477,2024-05-08,0.9633100032806396,5,200362973.386882
30.273555,75.128902,2.7200000286102295,166.780579,2024-05-08,0.9537349939346313,6,200362973.25879
30.273435592651367,75.137557,3.8299999237060547,166.756073,2024-05-08,0.9572799801826477,5,200362973.395146
30.27318000793457,75.129311,2.680000066757202,166.77684020996094,2024-05-08,0.9592639803886414,6,200362973.267054
30.27280616760254,75.12972259521484,2.7200000286102295,166.778595,2024-05-08,0.9577249884605408,6,200362973.275318
30.272680282592773,75.138383,14.5,166.41893005371094,2024-05-08,0.9504680037498474,5,200362973.411674
30.272313,75.138782,2.75,166.250092,2024-05-08,0.9562119841575623,5,200362973.419938
30.271936416625977,75.139194,2.640000104904175,169.531708,2024-05-08,0.9564689993858337,5,200362973.428202
30.271562,75.139602,2.869999885559082,168.399628,2024-05-08,0.9582059979438782,5,200362973.436466
30.27130699157715,75.131357,2.640000104904175,166.98822021484375,2024-05-08,0.9562889933586121,6,200362973.308374
30.271188,75.14000701904297,2.7200000286102295,167.0634002685547,2024-05-08,0.9513630270957947,5,200362973.44473
30.270931243896484,75.131767,2.8299999237060547,168.804047,2024-05-08,0.9543370008468628,6,200362973.316638
30.27081298828125,75.140419,2.7200000286102295,166.770218,2024-05-08,0.9626749753952026,5,200362973.452994
30.270558,75.132175,2.75,166.8856201171875,2024-05-08,0.950764000415802,6,200362973.324902
30.270435333251953,75.140833,7.75,166.685471,2024-05-08,0.9610459804534912,5,200362973.461258
30.270061492919922,75.14124298095703,5.289999961853027,167.131409,2024-05-08,0.9573829770088196,5,200362973.469522
30.269809,75.132992,2.7200000286102295,166.353043,2024-05-08,0.9517139792442322,6,200362973.34143
30.269433975219727,75.133401,2.680000066757202,166.483643,2024-05-08,0.9631369709968567,6,200362973.349694
30.269313,75.142056,2.7200000286102295,167.748291,2024-05-08,0.9594320058822632,5,200362973.48605
30.269059,75.1338119506836,2.75,166.330246,2024-05-08,0.9551039934158325,6,200362973.357958
30.268939,75.142465,2.75,167.518631,2024-05-08,0.9522870182991028,5,200362973.494314
30.268565,75.142873,2.7200000286102295,166.339874,2024-05-08,0.956121027469635,5,200362973.502578
30.268190383911133,75.143282,2.7200000286102295,165.818939,2024-05-08,0.9625210165977478,5,200362973.510842
30.267934799194336,75.135037,2.7899999618530273,166.369049,2024-05-08,0.9675629734992981,6,200362973.38275
30.26781463623047,75.143691,2.7200000286102295,165.794846,2024-05-08,0.9609569907188416,5,200362973.519106
30.267559051513672,75.135446,2.640000104904175,166.426498,2024-05-08,0.9571290016174316,6,200362973.391014
30.267441,75.14409637451172,2.8299999237060547,165.803391,2024-05-08,0.9608049988746643,5,200362973.52737
30.267186,75.135855,2.5999999046325684,166.506042,2024-05-08,0.9559280276298523,6,200362973.399278
30.267066,75.1445083618164,2.8299999237060547,165.673828,2024-05-08,0.9565960168838501,5,200362973.535634
30.26681137084961,75.136264,2.569999933242798,166.572479,2024-05-08,0.9567490220069885,6,200362973.407542
30.266435623168945,75.136673,2.7200000286102295,166.341431,2024-05-08,0.9519789814949036,6,200362973.415806
30.266061,75.137082,2.7899999618530273,166.230362,2024-05-08,0.9548060297966003,6,200362973.42407
30.26531219482422,75.13790130615234,2.680000066757202,166.180969,2024-05-08,0.9542880058288574,6,200362973.440598
30.264562,75.138718,2.640000104904175,166.130173,2024-05-08,0.9581090211868286,6,200362973.457126
30.264070510864258,75.147783,2.75,165.151611,2024-05-08,0.9520080089569092,5,200362973.601746
30.263438,75.139945,2.680000066757202,165.860779,2024-05-08,0.9527980089187622,6,200362973.481918
30.26268768310547,75.140764,2.7200000286102295,165.793655,2024-05-08,0.9523220062255859,6,200362973.498446
30.262313,75.141173,2.75,165.685806,2024-05-08,0.9551870226860046,6,200362973.50671
30.262198,75.14983367919922,2.7899999618530273,165.276215,2024-05-08,0.9537860155105591,5,200362973.643066
30.261939,75.141582,2.680000066757202,165.594299,2024-05-08,0.9562519788742065,6,200362973.514974
30.261564254760742,75.141991,2.680000066757202,165.475204,2024-05-08,0.9603440165519714,6,200362973.523238
30.261449813842773,75.150649,2.75,165.253525,2024-05-08,0.957053005695343,5,200362973.659594
30.26119041442871,75.14240264892578,2.7200000286102295,165.340439,2024-05-08,0.9556360244750977,6,200362973.531502
30.261075973510742,75.151059,2.9000000953674316,165.334763,2024-05-08,0.953594982624054,5,200362973.667858
30.260327,75.151878,2.7200000286102295,165.794983,2024-05-08,0.9529460072517395,5,200362973.684386
30.259952545166016,75.152287,2.7200000286102295,165.816422,2024-05-08,0.9575939774513245,5,200362973.69265
30.259578704833984,75.152697,2.5999999046325684,165.935913,2024-05-08,0.9546369910240173,5,200362973.700914
30.25808334350586,75.15433502197266,2.75,165.858688,2024-05-08,0.9506149888038635,5,200362973.733978
30.257335,75.155154,2.7200000286102295,165.805801,2024-05-08,0.9665390253067017,5,200362973.75051
30.256961,75.155563,2.680000066757202,165.712433,2024-05-08,0.9523969888687134,5,200362973.758776
30.256694793701172,75.147312,2.9000000953674316,165.500214,2024-05-08,0.9540380239486694,6,200362973.63067
30.256587,75.155972,2.680000066757202,165.702652,2024-05-08,0.9500740170478821,5,200362973.767042
30.25594711303711,75.14813232421875,2.640000104904175,165.687149,2024-05-08,0.9593960046768188,6,200362973.647198
30.255573272705078,75.1485366821289,2.5999999046325684,165.434402,2024-05-08,0.9560989737510681,6,200362973.655462
30.255199,75.148949,2.640000104904175,165.268341,2024-05-08,0.9538130164146423,6,200362973.663726
30.255088806152344,75.157612,3.200000047683716,168.374893,2024-05-08,0.9581620097160339,5,200362973.800106
30.254451,75.149768,2.7200000286102295,165.056656,2024-05-08,0.9536759853363037,6,200362973.680254
30.25434112548828,75.158431,5.739999771118164,165.520203,2024-05-08,0.9502260088920593,5,200362973.816638
30.254077,75.150177,2.7200000286102295,165.163925,2024-05-08,0.9564949870109558,6,200362973.688518
30.253969192504883,75.158836,2.8299999237060547,164.374512,2024-05-08,0.9560989737510681,5,200362973.824904
30.253703,75.150586,2.7200000286102295,165.210052,2024-05-08,0.9509850144386292,6,200362973.696782
30.252466201782227,75.160483,13.149999618530273,166.258728,2024-05-08,0.9504929780960083,5,200362973.857968
30.251832962036133,75.152633,2.7200000286102295,164.306519,2024-05-08,0.9579359889030457,6,200362973.738111
30.251723,75.161295,4.28000020980835,166.000473,2024-05-08,0.9547479748725891,5,200362973.8745
30.251458,75.153043,2.75,164.660538,2024-05-08,0.9606500267982483,6,200362973.746377
30.2513427734375,75.161711,14.050000190734863,165.885666,2024-05-08,0.9551770091056824,5,200362973.882766
30.251084,75.153452,2.680000066757202,164.879593,2024-05-08,0.9517250061035156,6,200362973.754643
30.24958038330078,75.155101,12.890000343322754,167.312561,2024-05-08,0.9504719972610474,6,200362973.787707
30.248729,75.164568,4.920000076293945,166.654037,2024-05-08,0.9514219760894775,5,200362973.940626
30.248357,75.164974,2.9000000953674316,166.042679,2024-05-08,0.9557570219039917,5,200362973.94889
30.247609,75.165792,2.680000066757202,165.945084,2024-05-08,0.9541879892349243,5,200362973.965418
30.247235,75.166201,2.7200000286102295,165.505676,2024-05-08,0.9570959806442261,5,200362973.973682
30.246861,75.166609,2.680000066757202,165.31163024902344,2024-05-08,0.95278400182724,5,200362973.981946
30.245099,75.160002,3.3499999046325684,166.233719,2024-05-08,0.9607759714126587,6,200362973.886899
30.244726181030273,75.16040802001953,2.680000066757202,165.840912,2024-05-08,0.9648159742355347,6,200362973.895165
30.244235,75.169478,6.21999979019165,167.392441,2024-05-08,0.9504899978637695,5,200362974.039794
30.243976593017578,75.161228,3.009999990463257,165.756134,2024-05-08,0.9558849930763245,6,200362973.911697
30.243602752685547,75.161637,2.7200000286102295,165.806366,2024-05-08,0.9648159742355347,6,200362973.919963
30.243489,75.170293,2.75,166.015793,2024-05-08,0.954630970954895,5,200362974.056322
30.243221282958984,75.16205596923828,14.979999542236328,165.868546,2024-05-08,0.9569290280342102,6,200362973.928229
30.242740631103516,75.17111206054688,2.5999999046325684,165.766251,2024-05-08,0.9547250270843506,5,200362974.07285
30.24135398864746,75.164095,6.300000190734863,167.771179,2024-05-08,0.9573490023612976,6,200362973.96955
30.241239547729492,75.172747,2.7200000286102295,165.895233,2024-05-08,0.9605129957199097,5,200362974.105906
30.240979,75.16450500488281,5.510000228881836,169.44342041015625,2024-05-08,0.9531279802322388,6,200362973.977814
30.240115,75.173975,2.75,166.322144,2024-05-08,0.9555429816246033,5,200362974.130698
30.2397403717041,75.174384,2.9000000953674316,166.314163,2024-05-08,0.959617018699646,5,200362974.138962
30.239366,75.174793,2.9000000953674316,166.292053,2024-05-08,0.9579929709434509,5,200362974.147226
30.239107131958008,75.16654968261719,6.559999942779541,167.542801,2024-05-08,0.9543780088424683,6,200362974.019134
30.238991,75.175202,2.869999885559082,166.41773986816406,2024-05-08,0.9576290249824524,5,200362974.15549
30.23824119567871,75.17601776123047,2.8299999237060547,166.231689,2024-05-08,0.9547500014305115,5,200362974.172018
30.237987,75.167772,2.640000104904175,165.906311,2024-05-08,0.95769202709198,6,200362974.043926
30.23786735534668,75.176429,2.7200000286102295,166.272095,2024-05-08,0.9563239812850952,5,200362974.180282
30.237607955932617,75.168187,7.940000057220459,166.999756,2024-05-08,0.9596700072288513,6,200362974.05219
30.237491607666016,75.176838,2.75,166.300171,2024-05-08,0.9607189893722534,5,200362974.188546
30.236863,75.16899871826172,2.680000066757202,165.915344,2024-05-08,0.9529100060462952,6,200362974.068718
30.236743,75.177656,2.8299999237060547,166.297897,2024-05-08,0.9598420262336731,5,200362974.205074
30.23636817932129,75.178064,2.75,166.221664,2024-05-08,0.9630659818649292,5,200362974.213338
30.236112594604492,75.169819,2.75,166.920151,2024-05-08,0.9512699842453003,6,200362974.085246
30.235364,75.170637,2.75,165.939926,2024-05-08,0.9575449824333191,6,200362974.101774
30.324960708618164,75.186207,2.869999885559082,169.031464,2024-09-02,0.9670990109443665,8,210477619.870052
30.324588775634766,75.18661499023438,2.869999885559082,169.043747,2024-09-02,0.9583380222320557,8,210477619.878316
30.324216842651367,75.187023,2.8299999237060547,168.789856,2024-09-02,0.957364022731781,8,210477619.88658
30.324292,75.199683,2.759999990463257,169.765091,2024-09-02,0.9510859847068787,6,210477619.655174
30.323255,75.179343,2.8299999237060547,169.041382,2024-09-02,0.9545310139656067,11,210477619.766752
30.322359,75.1890640258789,2.759999990463257,169.015823,2024-09-02,0.9535980224609375,8,210477619.9279
30.321395874023438,75.181383,2.8299999237060547,168.924011,2024-09-02,0.9610139727592468,11,210477619.808072
30.320647,75.18220520019531,10.630000114440918,168.743134,2024-09-02,0.9509940147399902,11,210477619.8246
30.319165,75.183832,2.7899999618530273,168.921448,2024-09-02,0.95831698179245,11,210477619.857656
30.318050384521484,75.185056,2.9800000190734863,168.738602,2024-09-02,0.9610180258750916,11,210477619.882448
30.317304611206055,75.18587493896484,6.409999847412109,168.846786,2024-09-02,0.9525480270385742,11,210477619.898976
30.316558837890625,75.186695,11.489999771118164,169.461349,2024-09-02,0.951665997505188,11,210477619.915504
30.316192,75.187097,2.8299999237060547,169.509216,2024-09-02,0.9535250067710876,11,210477619.923768
30.315446,75.187916,5.739999771118164,170.231735,2024-09-02,0.955610990524292,11,210477619.940296
30.313061,75.199272,3.059999942779541,169.683594,2024-09-02,0.9573730230331421,8,210477620.1345
30.312843322753906,75.190776,8.210000038146973,169.892914,2024-09-02,0.9586210250854492,11,210477619.998144
30.312102,75.19158935546875,3.6500000953674316,170.696121,2024-09-02,0.9546170234680176,11,210477620.014672
30.311944,75.200497,2.9800000190734863,169.712341,2024-09-02,0.9669370055198669,8,210477620.159292
30.31157112121582,75.200906,4.590000152587891,169.789291,2024-09-02,0.9504250288009644,8,210477620.167556
30.310981,75.192821,12.829999923706055,170.43309020996094,2024-09-02,0.9551680088043213,11,210477620.039464
30.310239,75.193635,8.5,170.674911,2024-09-02,0.9503970146179199,11,210477620.055992
30.308307,75.099679,19.629999,168.393738,2024-09-21,0.9548119902610779,5,212177621.868062
30.308009,75.196081,4.849999904632568,169.785965,2024-09-02,0.9589290022850037,11,210477620.105576
30.307557,75.100496,24.56999969482422,168.605484,2024-09-21,0.9524890184402466,5,212177621.88459
30.307187,75.100899,21.520000457763672,168.184738,2024-09-21,0.9569050073623657,5,212177621.892854
30.306516647338867,75.197719,10.220000267028809,170.096848,2024-09-02,0.9589999914169312,11,210477620.138632
30.306150436401367,75.198121,2.7899999618530273,169.840652,2024-09-02,0.9590629935264587,11,210477620.146896
30.30607032775879,75.102118,20.559999,168.074417,2024-09-21,0.9518409967422485,5,212177621.917646
30.305778,75.198529,2.9800000190734863,169.742676,2024-09-02,0.9521840214729309,11,210477620.15516
30.30569839477539,75.102523,19.110001,167.860931,2024-09-21,0.9540870189666748,5,212177621.92591
30.304208755493164,75.104147,17.989999771118164,167.462036,2024-09-21,0.9551889896392822,5,212177621.958966
30.303546,75.200976,2.940000057220459,168.536392,2024-09-02,0.954882025718689,11,210477620.204744
30.303464889526367,75.104958,14.529999732971191,168.121597,2024-09-21,0.9508640170097351,5,212177621.975494
30.303174,75.201384,2.940000057220459,168.598694,2024-09-02,0.9531310200691223,11,210477620.213008
30.302802,75.201791,3.0199999809265137,168.625702,2024-09-02,0.9598410129547119,11,210477620.221272
30.302346,75.106181,14.829999923706055,169.566376,2024-09-21,0.9506270289421082,5,212177622.000286
30.301145,75.098754,22.56999969482422,167.811996,2024-09-21,0.9570279717445374,6,212177621.888722
30.300788,75.099141,2.819999933242798,168.228241,2024-09-21,0.9540629982948303,6,212177621.896986
30.3004150390625,75.099547,3.009999990463257,168.088058,2024-09-21,0.9609389901161194,6,212177621.90525
30.299669,75.10035705566406,2.819999933242798,168.47373962402344,2024-09-21,0.9535589814186096,6,212177621.921778
30.298179,75.101986,2.930000066757202,167.615082,2024-09-21,0.9551659822463989,6,212177621.954834
30.297803,75.102397,6.429999828338623,168.463684,2024-09-21,0.9528759717941284,6,212177621.963098
30.296688079833984,75.103614,3.0399999618530273,168.044022,2024-09-21,0.953719973564148,6,212177621.98789
30.295942306518555,75.104428,3.009999990463257,167.882721,2024-09-21,0.9535509943962097,6,212177622.004418
30.296010971069336,75.113107,3.009999990463257,168.011078,2024-09-21,0.951960027217865,5,212177622.140774
30.294889450073242,75.114333,3.0399999618530273,168.369583,2024-09-21,0.9583100080490112,5,212177622.165566
30.29451560974121,75.114741,2.9700000286102295,168.332779,2024-09-21,0.959604024887085,5,212177622.17383
30.294069290161133,75.106475,12.529999732971191,167.606171,2024-09-21,0.9517549872398376,6,212177622.045738
30.293395,75.115967,3.0399999618530273,168.409225,2024-09-21,0.9539089798927307,5,212177622.198622
30.292958,75.107689,2.819999933242798,167.076004,2024-09-21,0.9501910209655762,6,212177622.07053
30.29302215576172,75.116376,2.9700000286102295,168.587128,2024-09-21,0.9523680210113525,5,212177622.206886
30.292585372924805,75.108098,2.9700000286102295,167.089233,2024-09-21,0.9567540287971497,6,212177622.078794
30.291459,75.10932922363281,9.920000076293945,166.91217041015625,2024-09-21,0.9510959982872009,6,212177622.103586
30.290717,75.11013793945312,2.9000000953674316,167.598145,2024-09-21,0.9575049877166748,6,212177622.120114
30.289285,75.120458,2.9700000286102295,169.3375701904297,2024-09-21,0.9532449841499329,5,212177622.289526
30.288911,75.120866,3.0399999618530273,169.441315,2024-09-21,0.9569240212440491,5,212177622.29779
30.288694381713867,75.099634,3.490000009536743,166.944122,2024-09-21,0.9573760032653809,8,212177622.392826
30.288850784301758,75.112183,3.009999990463257,167.173737,2024-09-21,0.9502040147781372,6,212177622.161434
30.287948608398438,75.100448,3.299999952316284,166.436249,2024-09-21,0.9529169797897339,8,212177622.409354
30.287574768066406,75.100857,3.9700000286102295,166.676346,2024-09-21,0.9558719992637634,8,212177622.417618
30.287729,75.113409,2.930000066757202,167.22525024414062,2024-09-21,0.956833004951477,6,212177622.186226
30.287356,75.113817,2.930000066757202,167.153259,2024-09-21,0.9535350203514099,6,212177622.19449
30.287202835083008,75.101263,3.119999885559082,166.716248,2024-09-21,0.961260974407196,8,212177622.425882
30.287044,75.122904,3.009999990463257,169.345078,2024-09-21,0.9515190124511719,5,212177622.33911
30.286831,75.10166931152344,3.0799999237060547,166.344528,2024-09-21,0.9636309742927551,8,212177622.434146
30.28660774230957,75.114634,3.009999990463257,167.247482,2024-09-21,0.9558020234107971,6,212177622.211018
30.286458,75.102078,2.930000066757202,166.463547,2024-09-21,0.9656350016593933,8,212177622.44241
30.286235,75.115042,2.9000000953674316,167.419632,2024-09-21,0.9619470238685608,6,212177622.219282
30.28608512878418,75.102485,3.299999952316284,166.323746,2024-09-21,0.9604489803314209,8,212177622.450674
30.28571319580078,75.102893,3.3399999141693115,166.130447,2024-09-21,0.951138973236084,8,212177622.458938
30.285341262817383,75.10330200195312,3.450000047683716,166.150955,2024-09-21,0.960669994354248,8,212177622.467202
30.285113,75.116267,3.009999990463257,167.770218,2024-09-21,0.9554499983787537,6,212177622.244074
30.284968,75.103707,3.190000057220459,166.0438995361328,2024-09-21,0.9607380032539368,8,212177622.475468
30.284596,75.104115,3.490000009536743,165.691605,2024-09-21,0.9588159918785095,8,212177622.483734
30.284433364868164,75.125756,3.0799999237060547,168.933456,2024-09-21,0.9502270221710205,5,212177622.396958
30.284223,75.104523,3.259999990463257,165.886139,2024-09-21,0.961592972278595,8,212177622.492
30.284059524536133,75.126164,3.1600000858306885,168.793991,2024-09-21,0.9518669843673706,5,212177622.405222
30.283851,75.10492706298828,3.259999990463257,165.978683,2024-09-21,0.9564629793167114,8,212177622.500266
30.283477,75.10533905029297,3.859999895095825,166.270645,2024-09-21,0.9638599753379822,8,212177622.508532
30.283246,75.118307,2.9700000286102295,167.906403,2024-09-21,0.9566029906272888,6,212177622.285394
30.283315,75.126978,3.0399999618530273,168.437241,2024-09-21,0.9521440267562866,5,212177622.42175
30.283105850219727,75.105745,3.259999990463257,165.645035,2024-09-21,0.9551029801368713,8,212177622.516798
30.282941818237305,75.127385,2.9700000286102295,168.375153,2024-09-21,0.9565200209617615,5,212177622.430014
30.282733917236328,75.106153,3.450000047683716,165.646118,2024-09-21,0.9609079957008362,8,212177622.525064
30.28236198425293,75.106561,3.299999952316284,165.590195,2024-09-21,0.953773021697998,8,212177622.53333
30.282498,75.119123,3.119999885559082,167.908798,2024-09-21,0.9503600001335144,6,212177622.301922
30.282199,75.098103,3.119999885559082,166.762299,2024-09-21,0.9684649705886841,11,212177622.396958
30.282197,75.1281967163086,3.119999885559082,168.344391,2024-09-21,0.9542649984359741,5,212177622.446542
30.281989,75.106969,3.259999990463257,165.445511,2024-09-21,0.959306001663208,8,212177622.541596
30.28182601928711,75.0985107421875,3.2300000190734863,166.550369,2024-09-21,0.9654970169067383,11,212177622.405222
30.281751,75.119939,2.9700000286102295,168.189865,2024-09-21,0.9532060027122498,6,212177622.31845
30.281453,75.098918,3.299999952316284,166.542252,2024-09-21,0.9711499810218811,11,212177622.413486
30.281617,75.10737609863281,3.299999952316284,165.39476013183594,2024-09-21,0.9527480006217957,8,212177622.549862
30.2812442779541,75.107786,3.819999933242798,165.635712,2024-09-21,0.9528639912605286,8,212177622.558128
30.2813777923584,75.12034606933594,2.859999895095825,168.124283,2024-09-21,0.961197018623352,6,212177622.326714
30.281081,75.099325,3.299999952316284,165.865097,2024-09-21,0.9653030037879944,11,212177622.42175
30.281079,75.129422,3.1600000858306885,167.998672,2024-09-21,0.9529889822006226,5,212177622.471335
30.280872344970703,75.108192,3.2300000190734863,165.308411,2024-09-21,0.9516929984092712,8,212177622.566394
30.28070831298828,75.099733,3.380000114440918,165.919571,2024-09-21,0.9655259847640991,11,212177622.430014
30.280336380004883,75.10014343261719,3.2300000190734863,165.828857,2024-09-21,0.9658939838409424,11,212177622.438278
30.280500411987305,75.108601,3.380000114440918,165.338287,2024-09-21,0.9639040231704712,8,212177622.57466
30.28033447265625,75.130237,3.119999885559082,167.574707,2024-09-21,0.9560959935188293,5,212177622.487867
30.280126571655273,75.109009,3.1500000953674316,165.3372802734375,2024-09-21,0.9531790018081665,8,212177622.582926
30.280258178710938,75.12156677246094,2.859999895095825,168.482986,2024-09-21,0.9534369707107544,6,212177622.351506
30.27996253967285,75.100547,3.5299999713897705,165.633942,2024-09-21,0.9642410278320312,11,212177622.446542
30.279885,75.121977,2.9700000286102295,168.200607,2024-09-21,0.9538660049438477,6,212177622.35977
30.279962,75.130644,3.0399999618530273,167.634918,2024-09-21,0.9510130286216736,5,212177622.496133
30.279754638671875,75.109417,3.4100000858306885,165.079803,2024-09-21,0.9593470096588135,8,212177622.591192
30.279382705688477,75.109826,3.299999952316284,165.005173,2024-09-21,0.9518150091171265,8,212177622.599458
30.279010772705078,75.110234,3.2300000190734863,165.030869,2024-09-21,0.9599310159683228,8,212177622.607724
30.279138565063477,75.122792,3.0399999618530273,168.156479,2024-09-21,0.9525910019874573,6,212177622.376298
30.278844833374023,75.10176849365234,3.5299999713897705,165.665588,2024-09-21,0.9722570180892944,11,212177622.471335
30.278844833374023,75.131866,3.0799999237060547,167.170639,2024-09-21,0.9512199759483337,5,212177622.520931
30.278636932373047,75.110643,3.2300000190734863,165.250916,2024-09-21,0.9542869925498962,8,212177622.61599
30.278472900390625,75.102177,3.2699999809265137,165.595291,2024-09-21,0.9684709906578064,11,212177622.479601
30.27826499938965,75.111052,3.490000009536743,164.967102,2024-09-21,0.95728600025177,8,212177622.624256
30.278392,75.123607,3.0399999618530273,168.268814,2024-09-21,0.9515650272369385,6,212177622.392826
30.278098,75.102588,6.679999828338623,165.608582,2024-09-21,0.9589509963989258,11,212177622.487867
30.277892,75.111461,3.490000009536743,165.384781,2024-09-21,0.9571149945259094,8,212177622.632522
30.277728,75.102992,3.299999952316284,165.689133,2024-09-21,0.9694470167160034,11,212177622.496133
30.277728,75.133089,2.930000066757202,166.758804,2024-09-21,0.9501050114631653,5,212177622.545729
30.277519,75.11186981201172,3.4100000858306885,165.465759,2024-09-21,0.9531660079956055,8,212177622.640788
30.277356,75.10340118408203,3.2300000190734863,165.57579040527344,2024-09-21,0.9687920212745667,11,212177622.504399
30.277141571044922,75.112286,9.920000076293945,165.251404,2024-09-21,0.9585620164871216,8,212177622.649054
30.277274,75.124829,2.859999895095825,167.959595,2024-09-21,0.9509230256080627,6,212177622.417618
30.2769832611084,75.103807,3.490000009536743,165.349777,2024-09-21,0.9650130271911621,11,212177622.512665
30.276901245117188,75.125236,2.9700000286102295,167.980942,2024-09-21,0.9548609852790833,6,212177622.425882
30.276611328125,75.104215,3.490000009536743,165.309753,2024-09-21,0.9668340086936951,11,212177622.520931
30.276529,75.125643,2.7799999713897705,167.997406,2024-09-21,0.9575920104980469,6,212177622.434146
30.276609420776367,75.134313,3.1600000858306885,166.485352,2024-09-21,0.9595199823379517,5,212177622.570527
30.276239,75.104622,3.190000057220459,165.2061004638672,2024-09-21,0.9607269763946533,11,212177622.529197
30.276156,75.126051,2.930000066757202,167.900742,2024-09-21,0.9528300166130066,6,212177622.44241
30.27586555480957,75.10502624511719,3.3399999141693115,165.086868,2024-09-21,0.973796010017395,11,212177622.537463
30.27565574645996,75.113916,3.2300000190734863,165.637558,2024-09-21,0.9543089866638184,8,212177622.682118
30.275493621826172,75.105438,3.190000057220459,165.125443,2024-09-21,0.9682819843292236,11,212177622.545729
30.275121688842773,75.105846,3.450000047683716,164.984085,2024-09-21,0.9687989950180054,11,212177622.553995
30.2752742767334,75.114337,14.899999618530273,165.619431,2024-09-21,0.9540889859199524,8,212177622.690384
30.274745,75.10626220703125,8.470000267028809,165.295746,2024-09-21,0.9567769765853882,11,212177622.562261
30.274377,75.106663,3.2699999809265137,165.614716,2024-09-21,0.9687229990959167,11,212177622.570527
30.274293899536133,75.128087,2.930000066757202,167.496506,2024-09-21,0.956475019454956,6,212177622.483734
30.274375,75.136763,3.009999990463257,166.38623046875,2024-09-21,0.9565449953079224,5,212177622.620123
30.274003982543945,75.107072,3.5999999046325684,165.835251,2024-09-21,0.9658049941062927,11,212177622.578793
30.274003,75.137172,3.0799999237060547,166.239838,2024-09-21,0.9515870213508606,5,212177622.628389
30.273781,75.115976,13.890000343322754,167.30072021484375,2024-09-21,0.9600099921226501,8,212177622.723442
30.273921,75.128495,2.9700000286102295,167.245316,2024-09-21,0.9536359906196594,6,212177622.492
30.273632049560547,75.107479,3.190000057220459,165.790421,2024-09-21,0.9664459824562073,11,212177622.587059
30.273549,75.128902,3.009999990463257,167.258987,2024-09-21,0.9594050049781799,6,212177622.500266
30.273418426513672,75.116372,3.6700000762939453,165.916641,2024-09-21,0.9529420137405396,8,212177622.731706
30.273259,75.107888,3.4100000858306885,165.620758,2024-09-21,0.9623349905014038,11,212177622.595325
30.272887,75.108297,3.3399999141693115,165.673187,2024-09-21,0.9752069711685181,11,212177622.603591
30.27304458618164,75.116781,3.190000057220459,166.333176,2024-09-21,0.9527270197868347,8,212177622.73997
30.272672,75.117191,3.299999952316284,166.357895,2024-09-21,0.9574019908905029,8,212177622.748234
30.27251434326172,75.108705,3.299999952316284,165.406708,2024-09-21,0.9629570245742798,11,212177622.611857
30.272432327270508,75.130125,2.930000066757202,167.095337,2024-09-21,0.955452024936676,6,212177622.525064
30.27229881286621,75.117601,3.5199999809265137,166.58934020996094,2024-09-21,0.9628180265426636,8,212177622.756498
30.27214241027832,75.109113,3.4100000858306885,165.425491,2024-09-21,0.9589830040931702,11,212177622.620123
30.272059,75.130532,2.930000066757202,166.930603,2024-09-21,0.9511839747428894,6,212177622.53333
30.27176856994629,75.109523,3.559999942779541,165.297729,2024-09-21,0.9630770087242126,11,212177622.628389
30.27155303955078,75.118418,3.0799999237060547,166.696609,2024-09-21,0.9512450098991394,8,212177622.773026
30.271686553955078,75.13094329833984,2.859999895095825,166.77857971191406,2024-09-21,0.9554970264434814,6,212177622.541596
30.27139663696289,75.109931,3.190000057220459,165.517105,2024-09-21,0.9647420048713684,11,212177622.636655
30.271314,75.131348,3.119999885559082,166.800278,2024-09-21,0.955411970615387,6,212177622.549862
30.271179,75.118828,3.299999952316284,166.794708,2024-09-21,0.951649010181427,8,212177622.78129
30.271020889282227,75.140444,2.9700000286102295,166.933258,2024-09-21,0.953499972820282,5,212177622.694517
30.271024,75.11033630371094,3.3399999141693115,165.406677,2024-09-21,0.9716129899024963,11,212177622.644921
30.270652,75.110749,3.2300000190734863,165.385834,2024-09-21,0.9652469754219055,11,212177622.653187
30.270806,75.119237,3.450000047683716,166.841171,2024-09-21,0.955187976360321,8,212177622.789554
30.270429,75.119651,7.610000133514404,167.296448,2024-09-21,0.9607700109481812,8,212177622.797818
30.270570755004883,75.132163,2.9000000953674316,166.625671,2024-09-21,0.9532819986343384,6,212177622.566394
30.270278930664062,75.111158,3.5299999713897705,165.254852,2024-09-21,0.9588580131530762,11,212177622.661453
30.270059,75.12005615234375,3.5199999809265137,167.111053,2024-09-21,0.9553260207176208,8,212177622.806082
30.269906,75.111568,3.5299999713897705,165.34963989257812,2024-09-21,0.9626799821853638,11,212177622.669719
30.269685745239258,75.120465,3.380000114440918,167.455093,2024-09-21,0.9539920091629028,8,212177622.814346
30.269533157348633,75.111977,3.5299999713897705,165.634628,2024-09-21,0.9638069868087769,11,212177622.677985
30.269528,75.142082,3.859999895095825,167.030685,2024-09-21,0.9511190056800842,5,212177622.727574
30.269311904907227,75.120874,3.380000114440918,167.527847,2024-09-21,0.9591019749641418,8,212177622.82261
30.2691593170166,75.112386,3.380000114440918,165.6423797607422,2024-09-21,0.9675499796867371,11,212177622.686251
30.269079208374023,75.133796,2.930000066757202,165.756256,2024-09-21,0.9544910192489624,6,212177622.599458
30.268787384033203,75.112796,3.490000009536743,165.900146,2024-09-21,0.9727060198783875,11,212177622.694517
30.268939,75.121283,3.380000114440918,167.64122009277344,2024-09-21,0.9542149901390076,8,212177622.830874
30.268413543701172,75.11320495605469,3.3399999141693115,166.160721,2024-09-21,0.9698939919471741,11,212177622.702782
30.268192291259766,75.122101,3.3399999141693115,167.885605,2024-09-21,0.960211992263794,8,212177622.847402
30.268041610717773,75.113614,3.1500000953674316,166.066025,2024-09-21,0.9588729739189148,11,212177622.711046
30.267667770385742,75.114024,3.5299999713897705,166.221542,2024-09-21,0.9662730097770691,11,212177622.71931
30.267444610595703,75.122918,3.380000114440918,167.843521,2024-09-21,0.9552519917488098,8,212177622.86393
30.267589569091797,75.13542938232422,3.119999885559082,165.888016,2024-09-21,0.9525489807128906,6,212177622.632522
30.267295837402344,75.114433,3.2699999809265137,165.997467,2024-09-21,0.963687002658844,11,212177622.727574
30.267213,75.135843,6.46999979019165,166.484787,2024-09-21,0.9558470249176025,6,212177622.640788
30.267071,75.123327,3.2300000190734863,167.950485,2024-09-21,0.9626560211181641,8,212177622.872194
30.266908645629883,75.11486053466797,20.31999969482422,165.44161987304688,2024-09-21,0.9605100154876709,11,212177622.735838
30.266843795776367,75.136248,2.7100000381469727,166.214645,2024-09-21,0.9534549713134766,6,212177622.649054
30.266549,75.115252,3.75,166.433228,2024-09-21,0.9619200229644775,11,212177622.744102
30.266698,75.123735,3.259999990463257,167.860123,2024-09-21,0.9620230197906494,8,212177622.880458
30.266324,75.124143,3.2300000190734863,167.727356,2024-09-21,0.9524160027503967,8,212177622.888722
30.266176223754883,75.115661,3.380000114440918,166.524002,2024-09-21,0.9710230231285095,11,212177622.752366
30.26595115661621,75.124552,3.119999885559082,168.000626,2024-09-21,0.9517430067062378,8,212177622.896986
30.265803,75.11607360839844,3.1500000953674316,166.786316,2024-09-21,0.9655560255050659,11,212177622.76063
30.26572608947754,75.137475,2.9700000286102295,166.222794,2024-09-21,0.9611129760742188,6,212177622.673852
30.265430450439453,75.116479,3.299999952316284,166.563583,2024-09-21,0.9650650024414062,11,212177622.768894
30.26557731628418,75.12496185302734,3.1500000953674316,167.884476,2024-09-21,0.9563249945640564,8,212177622.90525
30.26520347595215,75.125369,3.490000009536743,167.870636,2024-09-21,0.9512479901313782,8,212177622.913514
30.265056610107422,75.116889,3.380000114440918,166.742172,2024-09-21,0.9591339826583862,11,212177622.777158
30.26498031616211,75.138293,3.0399999618530273,166.170776,2024-09-21,0.9522789716720581,6,212177622.690384
30.264829635620117,75.125777,3.450000047683716,167.8652801513672,2024-09-21,0.9640960097312927,8,212177622.921778
30.264684,75.117298,3.490000009536743,166.752594,2024-09-21,0.9530109763145447,11,212177622.785422
30.264607,75.138703,2.9700000286102295,166.309052,2024-09-21,0.9554830193519592,6,212177622.69865
30.264310836791992,75.117708,3.559999942779541,166.964844,2024-09-21,0.9651020169258118,11,212177622.793686
30.264455795288086,75.126185,3.259999990463257,167.948654,2024-09-21,0.9568250179290771,8,212177622.930042
30.264083,75.126593,3.0399999618530273,168.097748,2024-09-21,0.9610239863395691,8,212177622.938306
30.264234,75.139111,2.819999933242798,166.128967,2024-09-21,0.9550700187683105,6,212177622.706914
30.26393699645996,75.118117,3.190000057220459,167.360474,2024-09-21,0.9570199847221375,11,212177622.80195
30.263862,75.13951873779297,2.930000066757202,166.015137,2024-09-21,0.9513720273971558,6,212177622.715178
30.263564,75.118526,3.380000114440918,167.251053,2024-09-21,0.9627810120582581,11,212177622.810214
30.263555,75.148624,2.859999895095825,167.222168,2024-09-21,0.9521409869194031,5,212177622.859798
30.2631893157959,75.11893463134766,3.3399999141693115,167.42568969726562,2024-09-21,0.9633989930152893,11,212177622.818478
30.262962341308594,75.127817,3.559999942779541,167.801529,2024-09-21,0.9626010060310364,8,212177622.963098
30.2628173828125,75.119344,3.559999942779541,167.247772,2024-09-21,0.9664480090141296,11,212177622.826742
30.262588500976562,75.128223,3.380000114440918,167.430115,2024-09-21,0.9553560018539429,8,212177622.971362
30.26244354248047,75.119752,3.1500000953674316,167.366577,2024-09-21,0.9610689878463745,11,212177622.835006
30.262069702148438,75.120161,3.2699999809265137,167.574142,2024-09-21,0.9585549831390381,11,212177622.84327
30.262216,75.128631,3.190000057220459,167.841766,2024-09-21,0.9509559869766235,8,212177622.979626
30.262060165405273,75.150258,3.0799999237060547,167.452286,2024-09-21,0.9542199969291687,5,212177622.892854
30.261842,75.129038,3.490000009536743,167.690155,2024-09-21,0.9591050148010254,8,212177622.98789
30.261695861816406,75.12056732177734,3.2699999809265137,167.5144500732422,2024-09-21,0.9595630168914795,11,212177622.851534
30.261687,75.150666,3.0799999237060547,167.441345,2024-09-21,0.9531350135803223,5,212177622.901118
30.2614688873291,75.129445,3.3399999141693115,167.439957,2024-09-21,0.9650539755821228,8,212177622.996154
30.261323,75.120979,3.559999942779541,167.387833,2024-09-21,0.9623029828071594,11,212177622.859798
30.261096,75.129852,3.380000114440918,167.284912,2024-09-21,0.9563090205192566,8,212177623.004418
30.260949,75.121388,3.1500000953674316,167.672806,2024-09-21,0.9604669809341431,11,212177622.868062
30.260723114013672,75.130259,3.380000114440918,167.268555,2024-09-21,0.9502459764480591,8,212177623.012682
30.260576248168945,75.12179565429688,3.4100000858306885,167.418793,2024-09-21,0.9688519835472107,11,212177622.876326
30.26034927368164,75.130666,3.559999942779541,167.346222,2024-09-21,0.9574530124664307,8,212177623.020946
30.260202407836914,75.122204,3.2300000190734863,167.548569,2024-09-21,0.9678670167922974,11,212177622.88459
30.259971,75.131081,11.510000228881836,166.83045959472656,2024-09-21,0.9547950029373169,8,212177623.02921
30.259828567504883,75.122613,3.380000114440918,167.401642,2024-09-21,0.9700539708137512,11,212177622.892854
30.25960350036621,75.131479,3.1500000953674316,167.347214,2024-09-21,0.9609619975090027,8,212177623.037474
30.25945472717285,75.123021,3.299999952316284,167.374954,2024-09-21,0.9691269993782043,11,212177622.901118
30.259441375732422,75.153118,6.650000095367432,168.195831,2024-09-21,0.9515500068664551,5,212177622.950702
30.259082,75.123429,3.4100000858306885,167.292374,2024-09-21,0.9617850184440613,11,212177622.909382
30.259231,75.131886,3.490000009536743,167.025406,2024-09-21,0.9633820056915283,8,212177623.045738
30.258857,75.132293,3.450000047683716,167.258636,2024-09-21,0.9643530249595642,8,212177623.054002
30.259009,75.144839,3.1600000858306885,166.608154,2024-09-21,0.9519969820976257,6,212177622.82261
30.258708,75.123837,3.2699999809265137,167.600861,2024-09-21,0.9542819857597351,11,212177622.917646
30.258481979370117,75.132702,5.570000171661377,167.171951,2024-09-21,0.9608229994773865,8,212177623.062266
30.25833511352539,75.1242446899414,3.1500000953674316,167.451874,2024-09-21,0.9637069702148438,11,212177622.92591
30.258262,75.145656,2.930000066757202,166.967911,2024-09-21,0.952908992767334,6,212177622.839138
30.25796127319336,75.124653,3.380000114440918,167.295975,2024-09-21,0.9670469760894775,11,212177622.934174
30.25811195373535,75.133106,3.380000114440918,167.139084,2024-09-21,0.9576050043106079,8,212177623.07053
30.257739,75.133512,3.490000009536743,166.615356,2024-09-21,0.9572579860687256,8,212177623.078794
30.257888793945312,75.14606475830078,2.930000066757202,166.943085,2024-09-21,0.9509660005569458,6,212177622.847402
30.257587432861328,75.125061,3.5299999713897705,167.456573,2024-09-21,0.9625890254974365,11,212177622.942438
30.257366180419922,75.133919,3.380000114440918,166.759872,2024-09-21,0.9555469751358032,8,212177623.087058
30.257213592529297,75.125469,3.0799999237060547,167.4861602783203,2024-09-21,0.960565984249115,11,212177622.950702
30.256841,75.125876,3.009999990463257,167.7181396484375,2024-09-21,0.9627090096473694,11,212177622.958966
30.256993,75.134326,3.380000114440918,166.450241,2024-09-21,0.9582890272140503,8,212177623.095322
30.256619,75.134733,3.2300000190734863,166.661682,2024-09-21,0.9574540257453918,8,212177623.103586
30.256467,75.126284,3.299999952316284,167.678818,2024-09-21,0.9666939973831177,11,212177622.96723
30.256246,75.135139,3.299999952316284,166.541229,2024-09-21,0.9579049944877625,8,212177623.11185
30.256093978881836,75.126692,3.380000114440918,167.673203,2024-09-21,0.9643849730491638,11,212177622.975494
30.256017684936523,75.14810943603516,4.71999979019165,167.407471,2024-09-21,0.9539520144462585,6,212177622.888722
30.255719,75.127101,4.489999771118164,167.511337,2024-09-21,0.9675049781799316,11,212177622.983758
30.25587272644043,75.135546,3.190000057220459,166.661575,2024-09-21,0.9601709842681885,8,212177623.120114
30.25550079345703,75.135953,3.380000114440918,166.351105,2024-09-21,0.9626590013504028,8,212177623.128378
30.255347,75.127506,3.380000114440918,167.154953,2024-09-21,0.9689570069313049,11,212177622.992022
30.255126953125,75.13636016845703,3.259999990463257,166.303986,2024-09-21,0.9639430046081543,8,212177623.136642
30.254974365234375,75.127913,3.490000009536743,167.439453,2024-09-21,0.9637539982795715,11,212177623.000286
30.254959,75.15800476074219,8.25,169.491837,2024-09-21,0.9507709741592407,5,212177623.04987
30.254601,75.1283187866211,3.450000047683716,167.384033,2024-09-21,0.9636369943618774,11,212177623.00855
30.25475311279297,75.136767,3.3399999141693115,166.323715,2024-09-21,0.9504759907722473,8,212177623.144906
30.254379272460938,75.137175,3.4100000858306885,166.237823,2024-09-21,0.9559289813041687,8,212177623.15317
30.254226684570312,75.128729,4.050000190734863,167.622559,2024-09-21,0.9648929834365845,11,212177623.016814
30.254006,75.137582,3.259999990463257,166.107666,2024-09-21,0.9521679878234863,8,212177623.161434
30.253854,75.12913513183594,3.2300000190734863,167.787689,2024-09-21,0.9671400189399719,11,212177623.025078
30.253481,75.129541,3.5299999713897705,167.421677,2024-09-21,0.9605209827423096,11,212177623.033342
30.253633499145508,75.137989,3.490000009536743,165.773285,2024-09-21,0.9600819945335388,8,212177623.169698
30.253259,75.138397,3.5199999809265137,165.44161987304688,2024-09-21,0.9640039801597595,8,212177623.177962
30.253108978271484,75.129947,3.119999885559082,167.392212,2024-09-21,0.9707670211791992,11,212177623.041606
30.253091,75.16004180908203,12.819999694824219,167.338882,2024-09-21,0.9501429796218872,5,212177623.09119
30.252885,75.138805,3.450000047683716,165.450089,2024-09-21,0.9632830023765564,8,212177623.186226
30.252717,75.160447,13.270000457763672,167.125504,2024-09-21,0.9507079720497131,5,212177623.099454
30.252735137939453,75.130354,3.559999942779541,167.2393798828125,2024-09-21,0.9666950106620789,11,212177623.04987
30.25251007080078,75.139214,4.789999961853027,165.220352,2024-09-21,0.9544379711151123,8,212177623.19449
30.252658,75.151778,3.009999990463257,167.011826,2024-09-21,0.9532110095024109,6,212177622.963098
30.252362,75.130761,3.2699999809265137,167.33489990234375,2024-09-21,0.9638209939002991,11,212177623.058134
30.25228500366211,75.152185,2.819999933242798,166.698547,2024-09-21,0.9569000005722046,6,212177622.971362
30.252137,75.139621,2.890000104904175,166.255707,2024-09-21,0.9505529999732971,8,212177623.202754
30.251989,75.131167,3.3399999141693115,167.169022,2024-09-21,0.9672210216522217,11,212177623.066398
30.251973,75.161258,10.260000228881836,167.427124,2024-09-21,0.9587699770927429,5,212177623.115982
30.251763,75.14002990722656,3.4100000858306885,165.634583,2024-09-21,0.950402021408081,8,212177623.211018
30.251617431640625,75.131574,3.2300000190734863,167.015472,2024-09-21,0.9663190245628357,11,212177623.074662
30.251388,75.140438,2.859999895095825,165.974701,2024-09-21,0.9629300236701965,8,212177623.219282
30.251538,75.152999,2.7799999713897705,166.723694,2024-09-21,0.9500880241394043,6,212177622.98789
30.251239776611328,75.131985,6.389999866485596,167.083435,2024-09-21,0.9646769762039185,11,212177623.082926
30.251014,75.140847,3.0399999618530273,165.511841,2024-09-21,0.9502530097961426,8,212177623.227546
30.250871,75.132387,3.299999952316284,166.657806,2024-09-21,0.9587929844856262,11,212177623.09119
30.250497,75.132794,3.1500000953674316,166.930695,2024-09-21,0.9615780115127563,11,212177623.099454
30.250638961791992,75.141256,3.5199999809265137,165.255005,2024-09-21,0.9618480205535889,8,212177623.23581
30.25026512145996,75.141665,3.380000114440918,165.164978,2024-09-21,0.9621300101280212,8,212177623.244074
30.250123977661133,75.133201,3.380000114440918,166.706726,2024-09-21,0.9711319804191589,11,212177623.107718
30.249751,75.133607,3.3399999141693115,166.732346,2024-09-21,0.9631850123405457,11,212177623.115982
30.249371,75.134023,12.369999885559082,166.65390014648438,2024-09-21,0.9642210006713867,11,212177623.124246
30.249513626098633,75.142485,3.9700000286102295,165.435257,2024-09-21,0.9547809958457947,8,212177623.260602
30.24936294555664,75.16410064697266,2.7799999713897705,167.333115,2024-09-21,0.9508219957351685,5,212177623.17383
30.2491397857666,75.142894,3.259999990463257,166.024933,2024-09-21,0.950302004814148,8,212177623.268866
30.249296188354492,75.155444,3.680000066757202,168.998383,2024-09-21,0.9523680210113525,6,212177623.037474
30.249004364013672,75.134421,3.119999885559082,167.08432006835938,2024-09-21,0.9616829752922058,11,212177623.13251
30.248923,75.155849,2.9000000953674316,169.141373,2024-09-21,0.950061023235321,6,212177623.045738
30.248632431030273,75.134827,3.3399999141693115,165.549667,2024-09-21,0.9515249729156494,11,212177623.140774
30.248258,75.135234,3.299999952316284,165.58428955078125,2024-09-21,0.9519460201263428,11,212177623.149038
30.248389,75.14371490478516,3.7100000381469727,166.741592,2024-09-21,0.9538019895553589,8,212177623.285394
30.248014450073242,75.144124,3.5999999046325684,166.270523,2024-09-21,0.9621000289916992,8,212177623.293658
30.24788475036621,75.135641,3.190000057220459,165.340881,2024-09-21,0.9661549925804138,11,212177623.157302
30.24764060974121,75.144533,3.299999952316284,165.91864013671875,2024-09-21,0.9502379894256592,8,212177623.301922
30.247511,75.136049,3.4100000858306885,165.423569,2024-09-21,0.9649999737739563,11,212177623.165566
30.24713706970215,75.136457,3.2699999809265137,165.572922,2024-09-21,0.9679139852523804,11,212177623.17383
30.247264862060547,75.144943,3.299999952316284,166.575912,2024-09-21,0.9533979892730713,8,212177623.310186
30.246889114379883,75.145352,3.4100000858306885,166.140579,2024-09-21,0.9511979818344116,8,212177623.31845
30.246764,75.136864,3.0799999237060547,165.166321,2024-09-21,0.9594230055809021,11,212177623.182094
30.24674415588379,75.166958,3.009999990463257,166.381516,2024-09-21,0.951092004776001,5,212177623.231678
30.24651527404785,75.145762,3.380000114440918,166.264847,2024-09-21,0.9562379717826843,8,212177623.326714
30.246389389038086,75.137272,3.3399999141693115,165.004868,2024-09-21,0.9635819792747498,11,212177623.190358
30.246015548706055,75.13768005371094,3.190000057220459,165.12203979492188,2024-09-21,0.9631249904632568,11,212177623.198622
30.246139,75.146174,4.380000114440918,166.691696,2024-09-21,0.954371988773346,8,212177623.334978
30.245758056640625,75.146591,12.890000343322754,166.210648,2024-09-21,0.9577000141143799,8,212177623.343242
30.245641,75.138089,3.4100000858306885,165.43186950683594,2024-09-21,0.9575480222702026,11,212177623.206886
30.245391845703125,75.14698791503906,3.859999895095825,165.2686004638672,2024-09-21,0.9590569734573364,8,212177623.351506
30.245267,75.138498,3.299999952316284,165.368576,2024-09-21,0.9631189703941345,11,212177623.21515
30.24519157409668,75.159913,2.9700000286102295,166.748276,2024-09-21,0.9616320133209229,6,212177623.128378
30.244893,75.138907,3.299999952316284,165.523453,2024-09-21,0.9552130103111267,11,212177623.223414
30.245017,75.14739990234375,3.0399999618530273,166.154266,2024-09-21,0.9518020153045654,8,212177623.35977
30.244643,75.147809,3.3399999141693115,165.796936,2024-09-21,0.9506490230560303,8,212177623.368034
30.244517,75.139316,3.559999942779541,165.589981,2024-09-21,0.9579759836196899,11,212177623.231678
30.2442684173584,75.148219,3.75,165.702942,2024-09-21,0.956046998500824,8,212177623.376298
30.24376106262207,75.14014434814453,11.550000190734863,166.989059,2024-09-21,0.9620019793510437,11,212177623.248206
30.243894,75.148628,3.380000114440918,166.153458,2024-09-21,0.9502779841423035,8,212177623.384562
30.243691,75.161551,12.1899995803833,166.707214,2024-09-21,0.9534720182418823,6,212177623.161434
30.243392944335938,75.140544,3.2699999809265137,166.692612,2024-09-21,0.9656829833984375,11,212177623.25647
30.243318557739258,75.161955,8.359999656677246,166.287903,2024-09-21,0.9542989730834961,6,212177623.169698
30.243018,75.140954,3.3399999141693115,166.655853,2024-09-21,0.9650949835777283,11,212177623.264734
30.242643356323242,75.141363,3.2300000190734863,166.61614990234375,2024-09-21,0.963923990726471,11,212177623.272998
30.242773056030273,75.149853,3.7899999618530273,165.609238,2024-09-21,0.9536420106887817,8,212177623.409354
30.24262046813965,75.171462,3.0399999618530273,166.841568,2024-09-21,0.9562609791755676,5,212177623.322582
30.242265,75.141777,6.090000152587891,166.041275,2024-09-21,0.9599350094795227,11,212177623.281262
30.242021,75.150675,8.020000457763672,165.748764,2024-09-21,0.9578149914741516,8,212177623.425882
30.241893768310547,75.142183,3.3399999141693115,166.30599975585938,2024-09-21,0.968313992023468,11,212177623.289526
30.241519,75.142592,3.3399999141693115,166.041275,2024-09-21,0.9540590047836304,11,212177623.29779
30.24165153503418,75.151078,3.259999990463257,166.115753,2024-09-21,0.9603009819984436,8,212177623.434146
30.241279,75.151485,3.450000047683716,166.077759,2024-09-21,0.9533720016479492,8,212177623.44241
30.24114418029785,75.143002,3.559999942779541,165.921112,2024-09-21,0.9637420177459717,11,212177623.306054
30.240745544433594,75.17350769042969,3.299999952316284,167.531326,2024-09-21,0.9521650075912476,5,212177623.363902
30.240768432617188,75.143413,3.559999942779541,166.544891,2024-09-21,0.9700160026550293,11,212177623.314318
30.240392,75.143824,4.079999923706055,166.610336,2024-09-21,0.9645199775695801,11,212177623.322582
30.240533,75.152301,3.380000114440918,166.803848,2024-09-21,0.9573330283164978,8,212177623.458938
30.240153,75.152718,12.520000457763672,166.377914,2024-09-21,0.9558590054512024,8,212177623.467202
30.239997,75.174328,3.119999885559082,167.839645,2024-09-21,0.9513130187988281,5,212177623.38043
30.239787,75.153116,3.380000114440918,166.57723999023438,2024-09-21,0.9583600163459778,8,212177623.475468
30.23964500427246,75.144641,3.7100000381469727,166.149765,2024-09-21,0.9613720178604126,11,212177623.33911
30.23941421508789,75.153523,3.190000057220459,166.983551,2024-09-21,0.9583740234375,8,212177623.483734
30.23927116394043,75.145049,3.2300000190734863,165.935532,2024-09-21,0.9620869755744934,11,212177623.347374
30.239041,75.153931,3.450000047683716,166.709488,2024-09-21,0.963916003704071,8,212177623.492
30.238896,75.145459,3.2300000190734863,166.20310974121094,2024-09-21,0.9675689935684204,11,212177623.355638
30.238515853881836,75.145876,9.579999923706055,166.378372,2024-09-21,0.9676110148429871,11,212177623.363902
30.238669,75.154338,3.450000047683716,167.100052,2024-09-21,0.9571970105171204,8,212177623.500266
30.238147,75.146278,3.1500000953674316,167.046249,2024-09-21,0.9648600220680237,11,212177623.372166
30.2379207611084,75.155157,7.71999979019165,167.861374,2024-09-21,0.9511640071868896,8,212177623.516798
30.23777198791504,75.146688,3.299999952316284,167.149124,2024-09-21,0.9581949710845947,11,212177623.38043
30.237398147583008,75.147097,3.299999952316284,167.088348,2024-09-21,0.9620749950408936,11,212177623.388694
30.237550735473633,75.155561,3.380000114440918,168.758453,2024-09-21,0.9604550004005432,8,212177623.525064
30.2371768951416,75.155969,3.2300000190734863,170.11264038085938,2024-09-21,0.9566050171852112,8,212177623.53333
30.237024307250977,75.147506,3.5299999713897705,166.935974,2024-09-21,0.9606990218162537,11,212177623.396958
30.236804962158203,75.156375,3.380000114440918,170.008636,2024-09-21,0.9506239891052246,8,212177623.541596
30.236650466918945,75.147914,3.450000047683716,167.0392303466797,2024-09-21,0.9600309729576111,11,212177623.405222
30.236276626586914,75.148322,3.119999885559082,166.769989,2024-09-21,0.965378999710083,11,212177623.413486
30.236433029174805,75.156782,3.380000114440918,169.997696,2024-09-21,0.957485020160675,8,212177623.549862
30.23605728149414,75.157193,3.9000000953674316,173.255783,2024-09-21,0.9565730094909668,8,212177623.558128
30.235902786254883,75.14872741699219,3.450000047683716,166.560013,2024-09-21,0.9603919982910156,11,212177623.42175
30.235824,75.170138,10.779999732971191,168.269165,2024-09-21,0.9513840079307556,6,212177623.334978
30.235887,75.178818,3.0399999618530273,170.289139,2024-09-21,0.9502599835395813,5,212177623.471335
30.235686,75.157599,3.450000047683716,173.119019,2024-09-21,0.9565529823303223,8,212177623.566394
30.235530853271484,75.149138,3.2300000190734863,166.783081,2024-09-21,0.9661819934844971,11,212177623.430014
30.235456466674805,75.170539,3.119999885559082,167.315933,2024-09-21,0.9523630142211914,6,212177623.343242
30.23551368713379,75.179225,3.2699999809265137,170.218201,2024-09-21,0.9544119834899902,5,212177623.479601
30.235154,75.14955139160156,6.019999980926514,166.4407501220703,2024-09-21,0.9544829726219177,11,212177623.438278
30.23514175415039,75.179632,3.009999990463257,170.096146,2024-09-21,0.9544180035591125,5,212177623.487867
30.234944,75.15840911865234,4.269999980926514,169.294815,2024-09-21,0.9511460065841675,8,212177623.582926
