lat,lon,rh98,elev_lowestmode,date,sensitivity,beam,delta_time
13.127650260925293,80.226651,11.119999885559082,-85.658638,2019-08-19,0.9706040024757385,11,51448578.184019
13.127669334411621,80.233431,9.8100004196167,-85.112633,2019-08-19,0.9541720151901245,8,51448578.303847
13.127771377563477,80.243627,15.050000190734863,-85.407967,2019-08-19,0.9629330039024353,6,51448578.055927
13.12768840789795,80.250587,13.220000267028809,-86.879189,2019-08-19,0.9514049887657166,5,51448578.175755
13.127236366271973,80.226965,12.100000381469727,-85.008499,2019-08-19,0.964402973651886,11,51448578.192283
13.1272554397583,80.233744,12.960000038146973,-85.463318,2019-08-19,0.9670349955558777,8,51448578.312111
13.127273559570312,80.250902,12.210000038146973,-87.552979,2019-08-19,0.9683510065078735,5,51448578.184019
13.126823425292969,80.227279,10.369999885559082,-84.647293,2019-08-19,0.9668779969215393,11,51448578.200547
13.12684154510498,80.234058,14.460000038146973,-85.013107,2019-08-19,0.967278003692627,8,51448578.320375
13.126860618591309,80.251217,7.190000057220459,-87.011223,2019-08-19,0.9573150277137756,5,51448578.192283
13.126409530639648,80.227594,10.220000267028809,-85.184952,2019-08-19,0.9610130190849304,11,51448578.208811
13.126428604125977,80.234372,15.960000038146973,-89.47863006591797,2019-08-19,0.9684600234031677,8,51448578.328639
13.126447677612305,80.251531,10.479999542236328,-87.213158,2019-08-19,0.9518769979476929,5,51448578.200547
13.125995635986328,80.227908,11.420000076293945,-84.656853,2019-08-19,0.9625970125198364,11,51448578.217075
13.126033782958984,80.251845,8.569999694824219,-83.485191,2019-08-19,0.9571419954299927,5,51448578.208811
13.125582695007324,80.228222,14.010000228881836,-84.892159,2019-08-19,0.9618989825248718,11,51448578.225339
13.125602722167969,80.23500061035156,18.350000381469727,-89.47233581542969,2019-08-19,0.9639080166816711,8,51448578.345167
13.125703811645508,80.245201,13.220000267028809,-86.04417419433594,2019-08-19,0.9596800208091736,6,51448578.097247
13.12562084197998,80.25215911865234,8.760000228881836,-87.808403,2019-08-19,0.9583010077476501,5,51448578.217075
13.12516975402832,80.228536,11.420000076293945,-84.639862,2019-08-19,0.9668359756469727,11,51448578.233603
13.125189781188965,80.235314,15.989999771118164,-85.10831451416016,2019-08-19,0.9641289710998535,8,51448578.353431
13.125290870666504,80.245515,9.399999618530273,-83.320709,2019-08-19,0.9502509832382202,6,51448578.105511
13.125207901000977,80.252474,5.610000133514404,-84.74081420898438,2019-08-19,0.9543160200119019,5,51448578.225339
13.124776840209961,80.235628,14.460000038146973,-85.23714447021484,2019-08-19,0.9609469771385193,8,51448578.361695
13.124794006347656,80.252788,9.59000015258789,-84.633957,2019-08-19,0.9536179900169373,5,51448578.233603
13.124342918395996,80.229165,11.90999984741211,-84.805931,2019-08-19,0.9661290049552917,11,51448578.250131
13.12436294555664,80.235942,15.0600004196167,-85.368736,2019-08-19,0.9649829864501953,8,51448578.369959
13.124381065368652,80.253102,8.609999656677246,-84.11771392822266,2019-08-19,0.9548599720001221,5,51448578.241867
13.12405014038086,80.246458,18.200001,-85.701317,2019-08-19,0.9546579718589783,6,51448578.130303
13.123929977416992,80.229479,6.099999904632568,-79.856194,2019-08-19,0.961093008518219,11,51448578.258395
13.123950004577637,80.236256,16.40999984741211,-85.348671,2019-08-19,0.9596589803695679,8,51448578.378223
13.123968124389648,80.253416,11.979999542236328,-87.032562,2019-08-19,0.952934980392456,5,51448578.250131
13.123637199401855,80.246774,4.53000020980835,-80.274277,2019-08-19,0.9718599915504456,6,51448578.138567
13.123517036437988,80.229794,10.300000190734863,-84.812363,2019-08-19,0.9667829871177673,11,51448578.266659
13.123537063598633,80.236571,12.579999923706055,-85.773941,2019-08-19,0.959896981716156,8,51448578.386487
13.123554229736328,80.25373077392578,6.25,-81.96846008300781,2019-08-19,0.9533560276031494,5,51448578.258395
13.123103141784668,80.230107,14.270000457763672,-84.83720397949219,2019-08-19,0.9615160226821899,11,51448578.274923
13.123124122619629,80.236884,15.510000228881836,-85.122452,2019-08-19,0.9628170132637024,8,51448578.394751
13.122690200805664,80.230422,10.449999809265137,-84.899147,2019-08-19,0.9520909786224365,11,51448578.283187
13.122711181640625,80.237199,10.039999961853027,-85.347549,2019-08-19,0.9585880041122437,8,51448578.403015
13.122810363769531,80.247404,4.940000057220459,-84.594971,2019-08-19,0.9559159874916077,6,51448578.155095
13.12227725982666,80.230735,7.679999828338623,-78.581528,2019-08-19,0.96356201171875,11,51448578.291451
13.122298240661621,80.237513,11.829999923706055,-85.683868,2019-08-19,0.9619609713554382,8,51448578.411279
13.122397422790527,80.247718,5.949999809265137,-84.3304443359375,2019-08-19,0.9523869752883911,6,51448578.163359
13.122314453125,80.254672,13.220000267028809,-87.069069,2019-08-19,0.9574300050735474,5,51448578.283187
13.121864318847656,80.23104858398438,4.789999961853027,-78.032791,2019-08-19,0.9610980153083801,11,51448578.299715
13.121885299682617,80.237827,10.0,-81.24143981933594,2019-08-19,0.9571920037269592,8,51448578.419543
13.12198257446289,80.248033,5.880000114440918,-85.301567,2019-08-19,0.9552500247955322,6,51448578.171623
13.12190055847168,80.254987,10.109999656677246,-87.418892,2019-08-19,0.9624469876289368,5,51448578.291451
13.121569633483887,80.248347,4.980000019073486,-80.376152,2019-08-19,0.9533179998397827,6,51448578.179887
13.121451377868652,80.231364,5.650000095367432,-80.440742,2019-08-19,0.9618390202522278,11,51448578.307979
13.121472358703613,80.238141,14.15999984741211,-85.470291,2019-08-19,0.955901026725769,8,51448578.427807
13.121155738830566,80.248661,4.75,-79.590607,2019-08-19,0.9513429999351501,6,51448578.188151
13.121038436889648,80.231678,7.599999904632568,-80.969429,2019-08-19,0.9626579880714417,11,51448578.316243
13.12105941772461,80.238454,7.380000114440918,-78.32942962646484,2019-08-19,0.9519019722938538,8,51448578.436071
13.121074676513672,80.255614,13.5600004196167,-87.688408,2019-08-19,0.9618409872055054,5,51448578.307979
13.120623588562012,80.231991,13.899999618530273,-81.679619,2019-08-19,0.9656569957733154,11,51448578.324507
13.120644569396973,80.238768,16.329999923706055,-84.762238,2019-08-19,0.9619640111923218,8,51448578.444335
13.120742797851562,80.248975,12.0600004196167,-86.473572,2019-08-19,0.9611780047416687,6,51448578.196415
13.120232582092285,80.239083,11.569999694824219,-85.06134033203125,2019-08-19,0.9600250124931335,8,51448578.452599
13.119819641113281,80.239398,9.850000381469727,-86.177132,2019-08-19,0.9586920142173767,8,51448578.460863
13.119915962219238,80.249603,2.690000057220459,-76.5369644165039,2019-08-19,0.9708399772644043,6,51448578.212943
13.119384765625,80.232934,9.25,-81.622833,2019-08-19,0.9649649858474731,11,51448578.349299
13.119503021240234,80.249918,13.220000267028809,-86.30099487304688,2019-08-19,0.9508190155029297,6,51448578.221207
13.11942195892334,80.25686645507812,12.239999771118164,-85.494278,2019-08-19,0.9533799886703491,5,51448578.341035
13.118971824645996,80.233248,10.300000190734863,-81.477226,2019-08-19,0.9704440236091614,11,51448578.357563
13.118993759155273,80.240027,2.390000104904175,-85.228172,2019-08-19,0.9654629826545715,8,51448578.477391
13.119009017944336,80.257187,2.880000114440918,-86.529266,2019-08-19,0.9594029784202576,5,51448578.349299
13.118558883666992,80.233562,9.289999961853027,-81.730026,2019-08-19,0.9578019976615906,11,51448578.365827
13.118579864501953,80.24034118652344,5.690000057220459,-82.091293,2019-08-19,0.950780987739563,8,51448578.485655
13.118145942687988,80.233876,10.069999694824219,-84.25489044189453,2019-08-19,0.9586650133132935,11,51448578.374091
13.118182182312012,80.257813,9.920000076293945,-87.807899,2019-08-19,0.9518849849700928,5,51448578.365827
13.117733001708984,80.23419189453125,10.069999694824219,-81.322227,2019-08-19,0.9589369893074036,11,51448578.382355
13.117753982543945,80.240968,12.430000305175781,-85.031883,2019-08-19,0.9574990272521973,8,51448578.502183
13.117850303649902,80.25117492675781,6.059999942779541,-82.446167,2019-08-19,0.9541029930114746,6,51448578.254263
13.117769241333008,80.258127,4.75,-82.156082,2019-08-19,0.9547420144081116,5,51448578.374091
13.117319107055664,80.234503,16.40999984741211,-84.821503,2019-08-19,0.9630540013313293,11,51448578.390619
13.11690616607666,80.234818,5.429999828338623,-78.788582,2019-08-19,0.9682009816169739,11,51448578.398883
13.117023468017578,80.251803,7.260000228881836,-82.352119,2019-08-19,0.9509649872779846,6,51448578.270791
13.116943359375,80.258755,6.400000095367432,-83.0988540649414,2019-08-19,0.9510220289230347,5,51448578.390619
13.116609573364258,80.252118,4.380000114440918,-82.63634490966797,2019-08-19,0.9633370041847229,6,51448578.279055
13.116493225097656,80.235132,6.929999828338623,-81.050812,2019-08-19,0.9631580114364624,11,51448578.407147
13.11652946472168,80.259067,15.770000457763672,-87.073471,2019-08-19,0.9505169987678528,5,51448578.398883
13.116080284118652,80.235446,11.609999656677246,-83.854469,2019-08-19,0.95865797996521,11,51448578.415411
13.116101264953613,80.242225,4.150000095367432,-77.294228,2019-08-19,0.9570490121841431,8,51448578.535239
13.11611557006836,80.259383,6.659999847412109,-84.567398,2019-08-19,0.953013002872467,5,51448578.407147
13.115667343139648,80.23576354980469,11.800000190734863,-83.481499,2019-08-19,0.9656360149383545,11,51448578.423675
13.11568832397461,80.242539,12.470000267028809,-84.29302978515625,2019-08-19,0.958528995513916,8,51448578.543503
13.115782737731934,80.252745,5.429999828338623,-80.02215576171875,2019-08-19,0.9544299840927124,6,51448578.295583
13.115702629089355,80.259697,5.460000038146973,-84.500061,2019-08-19,0.9538499712944031,5,51448578.415411
13.115254402160645,80.236074,8.199999809265137,-81.61832427978516,2019-08-19,0.9666979908943176,11,51448578.431939
13.115275382995605,80.242854,11.5,-84.640404,2019-08-19,0.957315981388092,8,51448578.551767
13.11484146118164,80.236388,11.979999542236328,-84.155571,2019-08-19,0.9632310271263123,11,51448578.440203
13.114862442016602,80.243167,14.270000457763672,-84.593109,2019-08-19,0.9624710083007812,8,51448578.560031
13.114956855773926,80.253374,3.4000000953674316,-80.38764953613281,2019-08-19,0.954010009765625,6,51448578.312111
13.114876747131348,80.260324,11.649999618530273,-86.50664520263672,2019-08-19,0.9550060033798218,5,51448578.431939
13.11442756652832,80.236702,10.640000343322754,-80.057892,2019-08-19,0.9613819718360901,11,51448578.448467
13.114543914794922,80.253688,7.079999923706055,-83.46138000488281,2019-08-19,0.951869010925293,6,51448578.320375
13.114130020141602,80.254002,9.319999694824219,-86.885468,2019-08-19,0.9530450105667114,6,51448578.328639
13.114014625549316,80.237016,8.15999984741211,-80.07059478759766,2019-08-19,0.9609439969062805,11,51448578.456731
13.114034652709961,80.243797,12.65999984741211,-84.762268,2019-08-19,0.9563980102539062,8,51448578.576559
13.113717079162598,80.254314,17.600000381469727,-86.889977,2019-08-19,0.9620450139045715,6,51448578.336903
13.113601684570312,80.2373275756836,12.850000381469727,-83.67662048339844,2019-08-19,0.9638950228691101,11,51448578.464995
13.113621711730957,80.244111,13.109999656677246,-84.87530517578125,2019-08-19,0.9545580148696899,8,51448578.584823
13.113188743591309,80.237644,11.270000457763672,-83.868561,2019-08-19,0.9587579965591431,11,51448578.473259
13.113208770751953,80.244426,10.40999984741211,-84.711189,2019-08-19,0.9629920125007629,8,51448578.593087
13.113304138183594,80.254628,14.75,-86.708969,2019-08-19,0.9626650214195251,6,51448578.345167
13.113224029541016,80.26158142089844,5.429999828338623,-78.48505401611328,2019-08-19,0.9561750292778015,5,51448578.464995
13.112774848937988,80.237958,12.470000267028809,-84.105698,2019-08-19,0.9631609916687012,11,51448578.481523
13.112794876098633,80.244741,11.199999809265137,-85.227608,2019-08-19,0.959309995174408,8,51448578.601351
13.11289119720459,80.254943,11.229999542236328,-86.48672485351562,2019-08-19,0.9636759757995605,6,51448578.353431
13.112811088562012,80.26189422607422,5.010000228881836,-79.62215423583984,2019-08-19,0.9504650235176086,5,51448578.473259
13.112361907958984,80.238273,8.760000228881836,-81.105507,2019-08-19,0.9562780261039734,11,51448578.489787
13.112478256225586,80.255257,5.880000114440918,-81.069481,2019-08-19,0.965021014213562,6,51448578.361695
13.112398147583008,80.262209,5.28000020980835,-80.883377,2019-08-19,0.9586740136146545,5,51448578.481523
13.11194896697998,80.238586,14.3100004196167,-84.41427612304688,2019-08-19,0.9640210270881653,11,51448578.498051
13.111968040466309,80.24536895751953,15.390000343322754,-85.780357,2019-08-19,0.9597020149230957,8,51448578.617879
13.111555099487305,80.245685,12.510000228881836,-85.902161,2019-08-19,0.9573739767074585,8,51448578.626143
13.111237525939941,80.256199,4.789999961853027,-78.259422,2019-08-19,0.9688109755516052,6,51448578.386487
13.111123085021973,80.239215,14.3100004196167,-84.664017,2019-08-19,0.9606590270996094,11,51448578.514579
13.1111421585083,80.24600219726562,14.039999961853027,-86.51398468017578,2019-08-19,0.9552249908447266,8,51448578.634407
13.110710144042969,80.239529,13.630000114440918,-85.73566436767578,2019-08-19,0.9722700119018555,11,51448578.522843
13.11072826385498,80.246314,16.329999923706055,-86.403549,2019-08-19,0.9591900110244751,8,51448578.642671
13.110824584960938,80.256513,13.710000038146973,-87.833199,2019-08-19,0.950190007686615,6,51448578.394751
13.110745429992676,80.263465,10.930000305175781,-84.61642456054688,2019-08-19,0.9558470249176025,5,51448578.514579
13.110297203063965,80.239846,2.319999933242798,-85.69630432128906,2019-08-19,0.9745669960975647,11,51448578.531107
13.110315322875977,80.246629,13.520000457763672,-86.509003,2019-08-19,0.9548929929733276,8,51448578.650935
13.110411643981934,80.256827,12.539999961853027,-87.435127,2019-08-19,0.9516819715499878,6,51448578.403015
13.110331535339355,80.26377868652344,9.170000076293945,-87.76990509033203,2019-08-19,0.9554849863052368,5,51448578.522843
13.109884262084961,80.24015808105469,2.319999933242798,-85.774429,2019-08-19,0.9653419852256775,11,51448578.539371
13.109901428222656,80.246944,14.119999885559082,-86.87594604492188,2019-08-19,0.9552419781684875,8,51448578.659199
13.10999870300293,80.257141,10.069999694824219,-87.843918,2019-08-19,0.9518309831619263,6,51448578.411279
13.10947036743164,80.240472,15.989999771118164,-85.843727,2019-08-19,0.9720889925956726,11,51448578.547635
13.109057426452637,80.240786,16.030001,-85.525673,2019-08-19,0.9568549990653992,11,51448578.555899
13.109073638916016,80.24757385253906,11.460000038146973,-85.014473,2019-08-19,0.9527810215950012,8,51448578.675727
13.109092712402344,80.264723,2.8399999141693115,-81.876747,2019-08-19,0.9543750286102295,5,51448578.547635
13.108643531799316,80.24109649658203,16.139999,-84.79735565185547,2019-08-19,0.9525430202484131,11,51448578.564163
13.108660697937012,80.24788665771484,9.739999771118164,-87.267433,2019-08-19,0.9533990025520325,8,51448578.683992
13.108678817749023,80.265037,7.519999980926514,-84.34183502197266,2019-08-19,0.959526002407074,5,51448578.555899
13.108230590820312,80.241415,16.40999984741211,-85.54685974121094,2019-08-19,0.9597510099411011,11,51448578.572427
13.108345985412598,80.258397,10.260000228881836,-87.366707,2019-08-19,0.9673759937286377,6,51448578.444335
13.107816696166992,80.24172973632812,13.479999542236328,-85.6961898803711,2019-08-19,0.9669690132141113,11,51448578.580691
13.107852935791016,80.265666,5.429999828338623,-85.12833404541016,2019-08-19,0.9564269781112671,5,51448578.572427
13.107419967651367,80.248835,13.670000076293945,-87.263397,2019-08-19,0.9614920020103455,8,51448578.70879
13.10752010345459,80.259027,2.5799999237060547,-88.15188598632812,2019-08-19,0.9656460285186768,6,51448578.460863
13.106990814208984,80.242359,13.75,-85.91891479492188,2019-08-19,0.9517499804496765,11,51448578.597219
13.107006072998047,80.24915313720703,12.020000457763672,-86.76280975341797,2019-08-19,0.9568179845809937,8,51448578.717056
13.107107162475586,80.25933837890625,9.550000190734863,-88.003448,2019-08-19,0.9642999768257141,6,51448578.469127
13.106693267822266,80.259644,48.849998,-88.432487,2019-08-19,0.9581959843635559,6,51448578.477391
13.10657787322998,80.242675,5.170000076293945,-85.97908020019531,2019-08-19,0.9705359935760498,11,51448578.605483
13.106593132019043,80.24946594238281,10.819999694824219,-87.469559,2019-08-19,0.9544849991798401,8,51448578.725322
13.106613159179688,80.266609,11.829999923706055,-88.12191009521484,2019-08-19,0.9541839957237244,5,51448578.597219
13.106199264526367,80.266923,12.65999984741211,-86.974899,2019-08-19,0.9544849991798401,5,51448578.605483
13.105751037597656,80.243304,8.350000381469727,-84.2940902709961,2019-08-19,0.9619579911231995,11,51448578.622011
13.105765342712402,80.250095,14.680000305175781,-86.818039,2019-08-19,0.9660069942474365,8,51448578.741854
13.105786323547363,80.267238,11.649999618530273,-88.155281,2019-08-19,0.9525700211524963,5,51448578.613747
13.105337142944336,80.243619,10.149999618530273,-85.860298,2019-08-19,0.9529619812965393,11,51448578.630275
13.105351448059082,80.25041198730469,16.520000457763672,-87.534378,2019-08-19,0.9632269740104675,8,51448578.75012
13.10537338256836,80.267553,12.510000228881836,-87.5019302368164,2019-08-19,0.9662209749221802,5,51448578.622011
13.104924201965332,80.243934,10.260000228881836,-85.942703,2019-08-19,0.962336003780365,11,51448578.638539
13.104937553405762,80.250726,14.3100004196167,-88.20479583740234,2019-08-19,0.9639760255813599,8,51448578.758386
13.104510307312012,80.244249,8.800000190734863,-83.934929,2019-08-19,0.9532319903373718,11,51448578.646803
13.10462760925293,80.261223,13.029999732971191,-87.794807,2019-08-19,0.9594449996948242,6,51448578.518711
13.104097366333008,80.244564,5.050000190734863,-81.82201385498047,2019-08-19,0.9574670195579529,11,51448578.655067
13.104109764099121,80.251356,15.359999656677246,-88.051491,2019-08-19,0.9583420157432556,8,51448578.774918
13.103800773620605,80.261854,5.050000190734863,-87.56348419189453,2019-08-19,0.9519680142402649,6,51448578.535239
13.103683471679688,80.244878,12.0600004196167,-86.210838,2019-08-19,0.9553350210189819,11,51448578.663331
13.1036958694458,80.251671,13.329999923706055,-87.320374,2019-08-19,0.9513310194015503,8,51448578.783184
13.103269577026367,80.245195,2.5799999237060547,-86.33292388916016,2019-08-19,0.9711390137672424,11,51448578.671595
13.103304862976074,80.269128,4.489999771118164,-85.044693,2019-08-19,0.9670940041542053,5,51448578.663331
13.102855682373047,80.245508,15.84000015258789,-86.68548583984375,2019-08-19,0.9645209908485413,11,51448578.679859
13.102869033813477,80.252302,9.850000381469727,-87.745712,2019-08-19,0.9685519933700562,8,51448578.799716
13.102974891662598,80.262482,6.889999866485596,-87.47359466552734,2019-08-19,0.9605240225791931,6,51448578.551767
13.10289192199707,80.269443,9.550000190734863,-89.211227,2019-08-19,0.9585729837417603,5,51448578.671595
13.102442741394043,80.245824,11.350000381469727,-86.960281,2019-08-19,0.9689310193061829,11,51448578.688125
13.102561950683594,80.262796,7.670000076293945,-87.596947,2019-08-19,0.9521669745445251,6,51448578.560031
13.10247802734375,80.269756,6.809999942779541,-78.734802,2019-08-19,0.9722880125045776,5,51448578.679859
13.102028846740723,80.246139,9.8100004196167,-84.084381,2019-08-19,0.9678490161895752,11,51448578.696391
13.102042198181152,80.252932,7.300000190734863,-87.01089477539062,2019-08-19,0.9530749917030334,8,51448578.816248
13.102148056030273,80.263108,16.700001,-88.129181,2019-08-19,0.9553819894790649,6,51448578.568295
13.10173511505127,80.263423,11.649999618530273,-82.411858,2019-08-19,0.9551730155944824,6,51448578.576559
13.101615905761719,80.246454,12.279999732971191,-86.4908447265625,2019-08-19,0.9688739776611328,11,51448578.704657
13.101651191711426,80.270387,14.569999694824219,-87.397041,2019-08-19,0.9527729749679565,5,51448578.696391
13.101202011108398,80.246768,13.859999656677246,-83.549789,2019-08-19,0.9625260233879089,11,51448578.712923
13.101237297058105,80.270701,13.4399995803833,-83.289948,2019-08-19,0.9675419926643372,5,51448578.704657
13.100788116455078,80.247084,8.5,-83.053879,2019-08-19,0.9578649997711182,11,51448578.721189
13.100908279418945,80.264052,14.010000228881836,-87.883301,2019-08-19,0.9600129723548889,6,51448578.593087
13.100824356079102,80.271018,7.820000171661377,-87.139183,2019-08-19,0.9536979794502258,5,51448578.712923
13.100375175476074,80.24739837646484,9.100000381469727,-87.019081,2019-08-19,0.9603930115699768,11,51448578.729455
13.100495338439941,80.264368,7.0,-84.73188018798828,2019-08-19,0.9508500099182129,6,51448578.601351
13.099961280822754,80.247714,15.0600004196167,-86.55867004394531,2019-08-19,0.9605780243873596,11,51448578.737721
13.099995613098145,80.271647,11.649999618530273,-86.465897,2019-08-19,0.9664300084114075,5,51448578.729455
13.099547386169434,80.24803161621094,8.800000190734863,-86.888321,2019-08-19,0.9610300064086914,11,51448578.745987
13.09955883026123,80.254821,9.359999656677246,-85.2158203125,2019-08-19,0.9560080170631409,8,51448578.865844
13.099254608154297,80.265312,11.979999542236328,-87.6858901977539,2019-08-19,0.9512659907341003,6,51448578.626143
13.09913444519043,80.248345,7.980000019073486,-87.075127,2019-08-19,0.9582300186157227,11,51448578.754253
13.099145889282227,80.255136,11.529999732971191,-87.46348571777344,2019-08-19,0.9523429870605469,8,51448578.87411
13.098841667175293,80.265627,10.479999542236328,-88.038597,2019-08-19,0.9637010097503662,6,51448578.634407
13.098719596862793,80.248661,6.809999942779541,-87.084663,2019-08-19,0.9524250030517578,11,51448578.762519
13.098731994628906,80.25544738769531,9.470000267028809,-84.248497,2019-08-19,0.9577140212059021,8,51448578.882376
13.097891807556152,80.249291,2.4700000286102295,-83.425247,2019-08-19,0.9559500217437744,11,51448578.779051
13.097905158996582,80.2560806274414,3.890000104904175,-78.492867,2019-08-19,0.960349977016449,8,51448578.898908
13.097928047180176,80.273225,5.800000190734863,-87.81851959228516,2019-08-19,0.953698992729187,5,51448578.770785
13.097600936889648,80.266574,2.5399999618530273,-88.519379,2019-08-19,0.9698879718780518,6,51448578.659199
13.097064971923828,80.24992370605469,7.409999847412109,-84.083984375,2019-08-19,0.9562609791755676,11,51448578.795583
13.097187995910645,80.266886,12.0600004196167,-87.91827392578125,2019-08-19,0.9516670107841492,6,51448578.667463
13.096774101257324,80.26719665527344,7.150000095367432,-80.747131,2019-08-19,0.9530090093612671,6,51448578.675727
13.096664428710938,80.257024,13.149999618530273,-87.815872,2019-08-19,0.9539610147476196,8,51448578.923702
13.096237182617188,80.250551,11.420000076293945,-89.383438,2019-08-19,0.9545570015907288,11,51448578.812115
13.095824241638184,80.250865,8.010000228881836,-83.628059,2019-08-19,0.9558500051498413,11,51448578.820381
13.095836639404297,80.257653,14.489999771118164,-87.60055541992188,2019-08-19,0.9639210104942322,8,51448578.94023
13.095858573913574,80.274797,13.329999923706055,-83.660721,2019-08-19,0.9649350047111511,5,51448578.812115
13.095410346984863,80.25118255615234,11.649999618530273,-86.059509,2019-08-19,0.9513559937477112,11,51448578.828647
13.095423698425293,80.257969,9.4399995803833,-87.33238983154297,2019-08-19,0.9551330208778381,8,51448578.948494
13.094996452331543,80.25149536132812,12.619999885559082,-86.51372528076172,2019-08-19,0.9576770067214966,11,51448578.836913
13.095009803771973,80.258282,14.760000228881836,-87.541641,2019-08-19,0.9504449963569641,8,51448578.956758
13.094581604003906,80.2518081665039,8.869999885559082,-83.775627,2019-08-19,0.9582430124282837,11,51448578.845179
13.094596862792969,80.258598,10.75,-86.57838439941406,2019-08-19,0.9598079919815063,8,51448578.965022
13.094705581665039,80.2687759399414,12.170000076293945,-86.849213,2019-08-19,0.9691749811172485,6,51448578.717056
13.094291687011719,80.269092,5.389999866485596,-82.94380950927734,2019-08-19,0.9701439738273621,6,51448578.725322
13.094168663024902,80.252125,9.619999885559082,-86.92028045654297,2019-08-19,0.956728994846344,11,51448578.853445
13.094182968139648,80.258912,9.920000076293945,-88.033417,2019-08-19,0.9539279937744141,8,51448578.973286
13.09420394897461,80.27606201171875,2.430000066757202,-87.471413,2019-08-19,0.9533569812774658,5,51448578.845179
13.093877792358398,80.269408,5.349999904632568,-87.391983,2019-08-19,0.9569740295410156,6,51448578.733588
13.093754768371582,80.252439,14.010000228881836,-87.479797,2019-08-19,0.9600139856338501,11,51448578.861711
13.093770027160645,80.259227,8.539999961853027,-85.14257049560547,2019-08-19,0.955420970916748,8,51448578.98155
13.093790054321289,80.276371,14.9399995803833,-87.042549,2019-08-19,0.9542850255966187,5,51448578.853445
13.093340873718262,80.25275421142578,13.329999923706055,-86.609352,2019-08-19,0.9529280066490173,11,51448578.869977
13.093464851379395,80.269722,9.319999694824219,-87.374702,2019-08-19,0.9514210224151611,6,51448578.741854
13.093376159667969,80.276685,18.729999542236328,-87.14197540283203,2019-08-19,0.9552649855613708,5,51448578.861711
13.092927932739258,80.253069,11.609999656677246,-83.92950439453125,2019-08-19,0.9624189734458923,11,51448578.878243
13.09294319152832,80.259855,15.130000114440918,-87.422363,2019-08-19,0.9685180187225342,8,51448578.998078
13.093050956726074,80.270037,12.359999656677246,-87.202667,2019-08-19,0.9512289762496948,6,51448578.75012
13.092514038085938,80.253384,11.979999542236328,-87.106491,2019-08-19,0.9666889905929565,11,51448578.886509
13.092530250549316,80.26016998291016,11.720000267028809,-85.162498,2019-08-19,0.9578580260276794,8,51448579.006342
13.09248161315918,80.294691,3.3299999237060547,-91.635429,2019-08-19,0.9646959900856018,2,51448578.75012
13.092100143432617,80.253698,15.989999771118164,-87.810371,2019-08-19,0.9621949791908264,11,51448578.894775
13.092117309570312,80.260485,14.640000343322754,-87.9948959350586,2019-08-19,0.9599789977073669,8,51448579.014606
13.091687202453613,80.254013,14.829999923706055,-87.553322,2019-08-19,0.9641609787940979,11,51448578.903041
13.091703414916992,80.260799,18.989999771118164,-87.388046,2019-08-19,0.9608139991760254,8,51448579.02287
13.091720581054688,80.277942,25.389999,-82.286072,2019-08-19,0.955784022808075,5,51448578.894775
13.091290473937988,80.261114,14.1899995803833,-87.553841,2019-08-19,0.9581639766693115,8,51448579.031134
13.091306686401367,80.278258,23.149999618530273,-85.205627,2019-08-19,0.9573339819908142,5,51448578.903041
13.090860366821289,80.254642,14.119999885559082,-87.6456298828125,2019-08-19,0.9584910273551941,11,51448578.91957
13.090982437133789,80.271613,6.059999942779541,-85.92654418945312,2019-08-19,0.9676889777183533,6,51448578.79145
13.090893745422363,80.278574,16.440001,-84.916183,2019-08-19,0.96732497215271,5,51448578.911306
13.090446472167969,80.254957,14.829999923706055,-87.89088439941406,2019-08-19,0.9652000069618225,11,51448578.927834
13.090463638305664,80.261743,19.399999618530273,-87.609642,2019-08-19,0.952895998954773,8,51448579.047662
13.090568542480469,80.271928,7.96999979019165,-87.661324,2019-08-19,0.9622169733047485,6,51448578.799716
13.090479850769043,80.278887,21.870001,-85.580528,2019-08-19,0.9608370065689087,5,51448578.91957
13.090031623840332,80.255271,16.40999984741211,-87.506111,2019-08-19,0.9600949883460999,11,51448578.936098
13.090154647827148,80.272244,2.4700000286102295,-88.792778,2019-08-19,0.9644039869308472,6,51448578.807982
13.089618682861328,80.255586,13.149999618530273,-86.942329,2019-08-19,0.9581040143966675,11,51448578.944362
13.08963680267334,80.262372,19.629999,-87.82550048828125,2019-08-19,0.9530630111694336,8,51448579.06419
13.089740753173828,80.272559,2.4700000286102295,-88.693489,2019-08-19,0.9568880200386047,6,51448578.816248
13.089653015136719,80.279517,14.079999923706055,-81.289948,2019-08-19,0.9717820286750793,5,51448578.936098
13.089326858520508,80.272874,2.390000104904175,-88.836708,2019-08-19,0.9670209884643555,6,51448578.824514
13.089205741882324,80.255901,14.1899995803833,-86.455482,2019-08-19,0.9669169783592224,11,51448578.952626
13.089224815368652,80.262688,11.649999618530273,-87.224251,2019-08-19,0.9567899703979492,8,51448579.072454
13.089239120483398,80.27983093261719,24.940001,-85.95232391357422,2019-08-19,0.9578890204429626,5,51448578.944362
13.089133262634277,80.290317,30.149999618530273,-86.011269,2019-08-19,0.9774630069732666,3,51448578.696391
13.088912963867188,80.27318572998047,16.139999,-88.429008,2019-08-19,0.965595006942749,6,51448578.83278
13.088791847229004,80.256215,10.520000457763672,-79.84548950195312,2019-08-19,0.9635319709777832,11,51448578.96089
13.088810920715332,80.263003,12.170000076293945,-87.47496032714844,2019-08-19,0.9694380164146423,8,51448579.080718
13.088826179504395,80.280149,2.7699999809265137,-80.993431,2019-08-19,0.9589189887046814,5,51448578.952626
13.08837890625,80.256529,18.389999,-86.91331481933594,2019-08-19,0.9650760293006897,11,51448578.969154
13.088500022888184,80.273503,6.929999828338623,-87.608002,2019-08-19,0.9615499973297119,6,51448578.841046
13.088412284851074,80.280463,12.319999694824219,-88.352379,2019-08-19,0.9598789811134338,5,51448578.96089
13.08796501159668,80.256844,19.18000030517578,-86.487289,2019-08-19,0.9628430008888245,11,51448578.977418
13.087985038757324,80.263632,11.869999885559082,-87.219429,2019-08-19,0.9605979919433594,8,51448579.097246
13.088086128234863,80.273817,6.440000057220459,-87.41254425048828,2019-08-19,0.9567980170249939,6,51448578.849312
13.08799934387207,80.280776,7.519999980926514,-75.0472640991211,2019-08-19,0.9503239989280701,5,51448578.969154
13.087552070617676,80.257159,10.899999618530273,-82.89352416992188,2019-08-19,0.9568340182304382,11,51448578.985682
13.08757209777832,80.263947,14.010000228881836,-87.163254,2019-08-19,0.9593960046768188,8,51448579.10551
13.08758544921875,80.281092,12.6899995803833,-86.049622,2019-08-19,0.9531739950180054,5,51448578.977418
13.087139129638672,80.257473,16.329999923706055,-85.198357,2019-08-19,0.9675289988517761,11,51448578.993946
13.087159156799316,80.264261,16.889999,-87.134903,2019-08-19,0.9710699915885925,8,51448579.113774
13.087258338928223,80.274447,7.489999771118164,-86.975273,2019-08-19,0.9556189775466919,6,51448578.865844
13.08717155456543,80.281406,8.90999984741211,-82.241539,2019-08-19,0.9594209790229797,5,51448578.985682
13.086725234985352,80.257788,15.770000457763672,-86.394363,2019-08-19,0.9550089836120605,11,51448579.00221
13.086746215820312,80.264575,18.31999969482422,-87.267036,2019-08-19,0.9639790058135986,8,51448579.122038
13.086758613586426,80.28172302246094,15.619999885559082,-87.1214599609375,2019-08-19,0.9696329832077026,5,51448578.993946
13.086430549621582,80.275076,2.950000047683716,-81.996742,2019-08-19,0.9549409747123718,6,51448578.882376
13.086312294006348,80.258103,16.06999969482422,-86.394547,2019-08-19,0.9645410180091858,11,51448579.010474
13.086333274841309,80.264891,10.34000015258789,-84.836578,2019-08-19,0.9538509845733643,8,51448579.130302
13.086344718933105,80.282035,14.569999694824219,-87.24528503417969,2019-08-19,0.9679380059242249,5,51448579.00221
13.085899353027344,80.258417,16.889999,-86.79153442382812,2019-08-19,0.9505630135536194,11,51448579.018738
13.085920333862305,80.26520538330078,10.109999656677246,-83.178909,2019-08-19,0.9516339898109436,8,51448579.138566
13.086016654968262,80.275391,2.9200000762939453,-81.776192,2019-08-19,0.952131986618042,6,51448578.890642
13.085931777954102,80.2823486328125,11.829999923706055,-84.57426452636719,2019-08-19,0.9514350295066833,5,51448579.010474
13.08548641204834,80.258733,13.75,-87.3421401977539,2019-08-19,0.9588940143585205,11,51448579.027002
13.085073471069336,80.259047,14.229999542236328,-87.763229,2019-08-19,0.9564039707183838,11,51448579.035266
13.085094451904297,80.265835,14.119999885559082,-87.37512969970703,2019-08-19,0.9647859930992126,8,51448579.155094
13.085189819335938,80.276018,17.299999,-87.122902,2019-08-19,0.9551669955253601,6,51448578.907174
13.085104942321777,80.282978,17.229999542236328,-86.45682525634766,2019-08-19,0.9586939811706543,5,51448579.027002
13.084659576416016,80.259364,2.390000104904175,-87.900414,2019-08-19,0.9703059792518616,11,51448579.04353
13.084680557250977,80.266149,17.0,-87.35708618164062,2019-08-19,0.9532110095024109,8,51448579.163358
13.084362030029297,80.276645,13.819999694824219,-75.251846,2019-08-19,0.9532510042190552,6,51448578.923702
13.084246635437012,80.259679,2.2799999713897705,-87.80158996582031,2019-08-19,0.9706709980964661,11,51448579.051794
13.084267616271973,80.26646423339844,15.989999771118164,-87.277458,2019-08-19,0.957319974899292,8,51448579.171622
13.083949089050293,80.276961,16.629999,-85.42377471923828,2019-08-19,0.9545770287513733,6,51448578.931966
13.083832740783691,80.259992,9.210000038146973,-87.67303466796875,2019-08-19,0.9675920009613037,11,51448579.060058
13.083854675292969,80.266779,14.229999542236328,-87.141457,2019-08-19,0.9512630105018616,8,51448579.179886
13.083866119384766,80.283923,14.3100004196167,-88.270218,2019-08-19,0.9649609923362732,5,51448579.051794
13.083419799804688,80.260305,13.109999656677246,-82.215759,2019-08-19,0.9627490043640137,11,51448579.068322
13.083440780639648,80.267094,10.600000381469727,-84.421539,2019-08-19,0.9595580101013184,8,51448579.18815
13.083535194396973,80.277276,15.350000381469727,-85.038071,2019-08-19,0.9503509998321533,6,51448578.94023
13.083452224731445,80.284237,17.149999618530273,-86.83794403076172,2019-08-19,0.9618009924888611,5,51448579.060058
13.083006858825684,80.2606201171875,17.149999618530273,-87.092194,2019-08-19,0.9584659934043884,11,51448579.076586
13.083027839660645,80.267409,13.260000228881836,-87.430481,2019-08-19,0.958545982837677,8,51448579.196414
13.083122253417969,80.277587,34.349998,-85.966904,2019-08-19,0.9537870287895203,6,51448578.948494
13.083039283752441,80.284552,15.539999961853027,-88.16032409667969,2019-08-19,0.9721900224685669,5,51448579.068322
13.08259391784668,80.260935,16.440001,-87.041389,2019-08-19,0.9608719944953918,11,51448579.08485
13.08261489868164,80.267724,16.030001,-87.69768524169922,2019-08-19,0.9633449912071228,8,51448579.204678
13.082708358764648,80.277906,14.15999984741211,-86.13685607910156,2019-08-19,0.9556469917297363,6,51448578.956758
13.082626342773438,80.284868,4.0,-81.832527,2019-08-19,0.9704340100288391,5,51448579.076586
13.082180976867676,80.261248,22.889999,-87.579262,2019-08-19,0.9625899791717529,11,51448579.093114
13.082201957702637,80.268038,17.299999,-87.352722,2019-08-19,0.9535620212554932,8,51448579.212942
13.082295417785645,80.278221,10.930000305175781,-86.797821,2019-08-19,0.9525349736213684,6,51448578.965022
13.082213401794434,80.285182,12.920000076293945,-87.45589447021484,2019-08-19,0.9657310247421265,5,51448579.08485
13.081880569458008,80.278535,15.319999694824219,-87.229317,2019-08-19,0.955610990524292,6,51448578.973286
13.081767082214355,80.261563,25.290001,-87.447868,2019-08-19,0.9687550067901611,11,51448579.101378
13.081789016723633,80.268353,18.84000015258789,-87.956062,2019-08-19,0.9544100165367126,8,51448579.221206
13.08180046081543,80.285496,17.0,-88.447289,2019-08-19,0.9611260294914246,5,51448579.093114
13.081355094909668,80.26187896728516,13.109999656677246,-87.545807,2019-08-19,0.9561740159988403,11,51448579.109642
13.08138656616211,80.285811,14.420000076293945,-87.651398,2019-08-19,0.9600250124931335,5,51448579.101378
13.080942153930664,80.262193,11.199999809265137,-83.875664,2019-08-19,0.966268002986908,11,51448579.117906
13.080962181091309,80.268983,18.170000076293945,-88.782547,2019-08-19,0.9517160058021545,8,51448579.237734
13.0810546875,80.279165,14.039999961853027,-88.10567474365234,2019-08-19,0.9576380252838135,6,51448578.989814
13.080972671508789,80.28612518310547,14.9399995803833,-85.365562,2019-08-19,0.9667580127716064,5,51448579.109642
13.08052921295166,80.262509,14.529999732971191,-87.68529510498047,2019-08-19,0.9544529914855957,11,51448579.12617
13.080549240112305,80.269297,18.280001,-88.391777,2019-08-19,0.9502289891242981,8,51448579.245998
13.08064079284668,80.279478,19.889999,-89.14768981933594,2019-08-19,0.963100016117096,6,51448578.998078
13.080558776855469,80.286433,40.75,-85.839523,2019-08-19,0.9518439769744873,5,51448579.117906
13.0801362991333,80.269613,13.890000343322754,-90.330521,2019-08-19,0.953931987285614,8,51448579.254262
13.080227851867676,80.279793,17.860001,-88.518387,2019-08-19,0.9665520191192627,6,51448579.006342
13.080146789550781,80.286753,20.40999984741211,-85.110573,2019-08-19,0.967585027217865,5,51448579.12617
13.079703330993652,80.263138,15.239999771118164,-88.848061,2019-08-19,0.9692000150680542,11,51448579.142698
13.079814910888672,80.28011322021484,8.239999771118164,-88.569389,2019-08-19,0.9520130157470703,6,51448579.014606
13.079290390014648,80.263454,9.0600004196167,-88.54999542236328,2019-08-19,0.9610310196876526,11,51448579.150962
13.078988075256348,80.2807388305664,2.619999885559082,-86.219521,2019-08-19,0.9567199945449829,6,51448579.031134
13.078877449035645,80.263768,11.5,-87.539001,2019-08-19,0.9673449993133545,11,51448579.159226
13.078575134277344,80.281054,7.789999961853027,-88.763748,2019-08-19,0.9569399952888489,6,51448579.039398
13.078495025634766,80.288014,11.5,-86.98289489746094,2019-08-19,0.9645339846611023,5,51448579.159226
13.078048706054688,80.264393,42.439999,-88.32915496826172,2019-08-19,0.9547100067138672,11,51448579.175754
13.078068733215332,80.271187,9.8100004196167,-85.27906036376953,2019-08-19,0.9508950114250183,8,51448579.295582
13.078082084655762,80.288330078125,8.989999771118164,-86.759193,2019-08-19,0.9603610038757324,5,51448579.16749
13.077635765075684,80.264707,43.490002,-88.529289,2019-08-19,0.9566419720649719,11,51448579.184018
13.077655792236328,80.271502,14.789999961853027,-88.160217,2019-08-19,0.9600419998168945,8,51448579.303846
13.07774829864502,80.281683,9.59000015258789,-88.443291,2019-08-19,0.9626060128211975,6,51448579.055926
13.07722282409668,80.265023,39.029999,-88.182716,2019-08-19,0.9513810276985168,11,51448579.192282
13.077241897583008,80.271817,13.890000343322754,-89.030144,2019-08-19,0.9512249827384949,8,51448579.31211
13.077335357666016,80.281998,6.440000057220459,-88.935043,2019-08-19,0.95415198802948,6,51448579.06419
13.076922416687012,80.282312,7.150000095367432,-89.13599395751953,2019-08-19,0.9523860216140747,6,51448579.072454
13.076509475708008,80.282627,7.260000228881836,-89.172623,2019-08-19,0.9541019797325134,6,51448579.080718
13.076416015625,80.272447,8.390000343322754,-88.26107025146484,2019-08-19,0.9591060280799866,8,51448579.328638
13.07600212097168,80.272762,4.380000114440918,-84.524109,2019-08-19,0.9707430005073547,8,51448579.336902
13.075571060180664,80.266286,16.260000228881836,-87.509369,2019-08-19,0.9639660120010376,11,51448579.225338
13.07558822631836,80.273076,14.979999542236328,-88.072792,2019-08-19,0.9579870104789734,8,51448579.345166
13.07515811920166,80.266601,16.139999,-87.57786560058594,2019-08-19,0.9567859768867493,11,51448579.233602
13.075268745422363,80.2835693359375,9.550000190734863,-88.947227,2019-08-19,0.9625759720802307,6,51448579.10551
13.075189590454102,80.290534,3.440000057220459,-87.66967010498047,2019-08-19,0.9565150141716003,5,51448579.225338
13.074745178222656,80.266916,4.829999923706055,-77.205704,2019-08-19,0.9613919854164124,11,51448579.241866
13.074761390686035,80.273707,9.470000267028809,-87.870872,2019-08-19,0.9594380259513855,8,51448579.361694
13.07485580444336,80.283887,2.5399999618530273,-88.934692,2019-08-19,0.9648420214653015,6,51448579.113774
13.074776649475098,80.29084777832031,2.430000066757202,-88.13380432128906,2019-08-19,0.950531005859375,5,51448579.233602
13.074442863464355,80.284199,11.949999809265137,-88.68220520019531,2019-08-19,0.961296021938324,6,51448579.122038
13.074332237243652,80.267231,12.8100004196167,-86.199852,2019-08-19,0.9619939923286438,11,51448579.25013
13.074362754821777,80.291164,3.180000066757202,-87.74909973144531,2019-08-19,0.9586750268936157,5,51448579.241866
13.073505401611328,80.26786041259766,13.329999923706055,-86.847511,2019-08-19,0.954816997051239,11,51448579.266658
13.07353687286377,80.29179382324219,2.4700000286102295,-88.560379,2019-08-19,0.9624180197715759,5,51448579.258394
13.073092460632324,80.268176,9.25,-83.73871612548828,2019-08-19,0.9623090028762817,11,51448579.274922
13.07310676574707,80.274966,6.849999904632568,-87.36754608154297,2019-08-19,0.9549559950828552,8,51448579.39475
13.073204040527344,80.285141,20.040001,-88.246788,2019-08-19,0.9645799994468689,6,51448579.14683
13.072678565979004,80.26849365234375,12.319999694824219,-87.09286499023438,2019-08-19,0.9552770256996155,11,51448579.283186
13.07279109954834,80.28546142578125,3.0299999713897705,-86.533951,2019-08-19,0.9602829813957214,6,51448579.155094
13.072264671325684,80.268805,6.440000057220459,-80.67911529541016,2019-08-19,0.9688990116119385,11,51448579.29145
13.072378158569336,80.285773,7.599999904632568,-87.30406951904297,2019-08-19,0.9636449813842773,6,51448579.163358
13.071965217590332,80.286088,9.59000015258789,-88.276108,2019-08-19,0.9703350067138672,6,51448579.171622
13.07186508178711,80.275912,2.7300000190734863,-90.069489,2019-08-19,0.9500640034675598,8,51448579.419542
13.07143783569336,80.269434,20.040001,-86.971931,2019-08-19,0.9623799920082092,11,51448579.307978
13.071551322937012,80.286402,11.229999542236328,-87.352928,2019-08-19,0.9596570134162903,6,51448579.179886
13.071024894714355,80.2697525024414,13.520000457763672,-87.58045959472656,2019-08-19,0.9539769887924194,11,51448579.316242
13.071138381958008,80.286717,3.0999999046325684,-79.437752,2019-08-19,0.9539549946784973,6,51448579.18815
13.071057319641113,80.293684,2.4700000286102295,-92.070824,2019-08-19,0.9501370191574097,5,51448579.307978
13.070611000061035,80.270064,17.600000381469727,-87.93560028076172,2019-08-19,0.9562659859657288,11,51448579.324506
13.070623397827148,80.276856,2.319999933242798,-91.426102,2019-08-19,0.9657530188560486,8,51448579.444334
13.070725440979004,80.287032,4.71999979019165,-81.31035614013672,2019-08-19,0.9662569761276245,6,51448579.196414
13.070198059082031,80.270379,17.120001,-87.90093994140625,2019-08-19,0.9638509750366211,11,51448579.33277
13.070311546325684,80.287344,21.389999,-87.228256,2019-08-19,0.9632089734077454,6,51448579.204678
13.069784164428711,80.270694,14.119999885559082,-87.66011047363281,2019-08-19,0.9536479711532593,11,51448579.341034
13.06989860534668,80.287661,7.599999904632568,-83.617233,2019-08-19,0.967540979385376,6,51448579.212942
13.069485664367676,80.287975,5.909999847412109,-80.466827,2019-08-19,0.967743992805481,6,51448579.221206
13.069371223449707,80.271008,18.31999969482422,-87.54784393310547,2019-08-19,0.9662650227546692,11,51448579.349298
13.069380760192871,80.277799,10.789999961853027,-89.123802,2019-08-19,0.9523379802703857,8,51448579.469126
13.069071769714355,80.288292,4.269999980926514,-87.084099,2019-08-19,0.9630540013313293,6,51448579.22947
13.068957328796387,80.271323,16.559999,-86.853233,2019-08-19,0.9522870182991028,11,51448579.357562
13.06896686553955,80.278113,11.270000457763672,-88.57703399658203,2019-08-19,0.9630320072174072,8,51448579.47739
13.068543434143066,80.271638,15.390000343322754,-86.566673,2019-08-19,0.9552270174026489,11,51448579.365826
13.068552017211914,80.278427,15.470000267028809,-88.483971,2019-08-19,0.9648990035057068,8,51448579.485654
13.068658828735352,80.288607,3.6700000762939453,-86.97645568847656,2019-08-19,0.963798999786377,6,51448579.237734
13.068137168884277,80.278738,33.639999,-88.401772,2019-08-19,0.9629309773445129,8,51448579.493918
13.068245887756348,80.288921,2.4700000286102295,-81.909943,2019-08-19,0.9640859961509705,6,51448579.245998
13.067724227905273,80.279057,13.859999656677246,-88.971123,2019-08-19,0.9589130282402039,8,51448579.502182
13.067832946777344,80.289238,2.5399999618530273,-91.216118,2019-08-19,0.9600620269775391,6,51448579.254262
13.067301750183105,80.272582,18.239999771118164,-87.095444,2019-08-19,0.9556019902229309,11,51448579.390618
13.067310333251953,80.279371,16.110001,-88.887283,2019-08-19,0.9517310261726379,8,51448579.510446
13.06742000579834,80.289553,2.7300000190734863,-90.999046,2019-08-19,0.9690849781036377,6,51448579.262526
13.06700611114502,80.289867,2.4700000286102295,-89.03018951416016,2019-08-19,0.9654579758644104,6,51448579.27079
13.066887855529785,80.272897,18.389999,-87.134857,2019-08-19,0.9570119976997375,11,51448579.398882
13.06689453125,80.279685,20.899999618530273,-88.444252,2019-08-19,0.9664279818534851,8,51448579.51871
13.066473960876465,80.273211,19.25,-87.023514,2019-08-19,0.9562510251998901,11,51448579.407146
13.06648063659668,80.280001,14.640000343322754,-88.509598,2019-08-19,0.9635760188102722,8,51448579.526974
13.066061019897461,80.273527,14.979999542236328,-87.468948,2019-08-19,0.9634609818458557,11,51448579.41541
13.06606674194336,80.280315,14.609999656677246,-87.045959,2019-08-19,0.9634289741516113,8,51448579.535238
13.06564712524414,80.273841,16.629999,-86.847389,2019-08-19,0.9577419757843018,11,51448579.423674
13.065652847290039,80.280631,10.520000457763672,-88.53400421142578,2019-08-19,0.9689350128173828,8,51448579.543502
13.0648193359375,80.274471,18.239999771118164,-87.238503,2019-08-19,0.9605900049209595,11,51448579.440202
13.06440544128418,80.274786,14.90999984741211,-86.835609,2019-08-19,0.9722710251808167,11,51448579.448466
13.064410209655762,80.281573,14.979999542236328,-87.015152,2019-08-19,0.95387202501297,8,51448579.568294
13.063990592956543,80.27510070800781,19.479999542236328,-86.809883,2019-08-19,0.9530959725379944,11,51448579.45673
13.063995361328125,80.281886,24.610001,-86.836197,2019-08-19,0.9597300291061401,8,51448579.576558
13.063576698303223,80.275415,18.170000076293945,-86.214951,2019-08-19,0.9570779800415039,11,51448579.464994
13.063581466674805,80.282202,18.729999542236328,-86.47064971923828,2019-08-19,0.9596160054206848,8,51448579.584822
13.063162803649902,80.27572631835938,13.670000076293945,-86.215439,2019-08-19,0.9626529812812805,11,51448579.473258
13.063166618347168,80.282515,25.059999,-86.187744140625,2019-08-19,0.9684420228004456,8,51448579.593086
13.062747955322266,80.276043,24.56999969482422,-86.36429595947266,2019-08-19,0.9695919752120972,11,51448579.481522
13.062751770019531,80.28282928466797,21.729999542236328,-86.38751983642578,2019-08-19,0.9553830027580261,8,51448579.60135
13.062334060668945,80.276359,19.59000015258789,-86.730476,2019-08-19,0.9595620036125183,11,51448579.489786
13.062338829040527,80.283148,7.340000152587891,-86.594269,2019-08-19,0.9646279811859131,8,51448579.609614
13.061920166015625,80.276674,17.68000030517578,-86.520554,2019-08-19,0.9599019885063171,11,51448579.49805
13.061924934387207,80.283463,5.989999771118164,-88.72315979003906,2019-08-19,0.9528930187225342,8,51448579.617878
13.061506271362305,80.276989,8.350000381469727,-79.079071,2019-08-19,0.9634119868278503,11,51448579.506314
13.061511039733887,80.283778,2.390000104904175,-89.160583,2019-08-19,0.966605007648468,8,51448579.626142
13.061092376708984,80.277303,20.040001,-87.08460998535156,2019-08-19,0.9652159810066223,11,51448579.514578
13.06109619140625,80.284093,2.2799999713897705,-89.23818969726562,2019-08-19,0.9532880187034607,8,51448579.634406
13.060677528381348,80.277618,15.880000114440918,-87.370621,2019-08-19,0.9701420068740845,11,51448579.522842
13.06068229675293,80.284407,2.2100000381469727,-89.12417602539062,2019-08-19,0.958558976650238,8,51448579.64267
13.060263633728027,80.277934,11.119999885559082,-87.791008,2019-08-19,0.9695780277252197,11,51448579.531106
13.05984878540039,80.278248,13.859999656677246,-87.392479,2019-08-19,0.9648770093917847,11,51448579.53937
13.059853553771973,80.285036,2.2799999713897705,-89.009789,2019-08-19,0.9544219970703125,8,51448579.659198
13.05943489074707,80.278562,17.719999,-87.86170959472656,2019-08-19,0.9675740003585815,11,51448579.547634
13.059438705444336,80.285351,2.319999933242798,-89.079399,2019-08-19,0.9578199982643127,8,51448579.667462
13.05902099609375,80.278877,15.130000114440918,-88.09416961669922,2019-08-19,0.9702749848365784,11,51448579.555898
13.059024810791016,80.285665,2.2799999713897705,-88.933418,2019-08-19,0.9567390084266663,8,51448579.675726
13.05860710144043,80.279192,13.779999732971191,-87.954079,2019-08-19,0.9765160083770752,11,51448579.564162
13.058610916137695,80.285979,2.2799999713897705,-88.553459,2019-08-19,0.9581699967384338,8,51448579.683991
13.058192253112793,80.279506,17.420000076293945,-88.07196044921875,2019-08-19,0.969228982925415,11,51448579.572426
13.058197021484375,80.286294,2.509999990463257,-89.114594,2019-08-19,0.9525650143623352,8,51448579.692257
13.057778358459473,80.279821,13.0,-87.434143,2019-08-19,0.9521499872207642,11,51448579.58069
13.057364463806152,80.28013610839844,7.110000133514404,-85.184807,2019-08-19,0.9614229798316956,11,51448579.588954
13.0569486618042,80.28044891357422,15.210000038146973,-88.425072,2019-08-19,0.9640060067176819,11,51448579.597218
13.056535720825195,80.280767,2.319999933242798,-88.08518981933594,2019-08-19,0.9764590263366699,11,51448579.605482
13.055706977844238,80.2813949584961,7.710000038146973,-87.4478759765625,2019-08-19,0.9628890156745911,11,51448579.62201
13.055293083190918,80.28170776367188,4.150000095367432,-87.37870025634766,2019-08-19,0.9726279973983765,11,51448579.630274
13.054878234863281,80.282025,3.2200000286102295,-88.863213,2019-08-19,0.9531319737434387,11,51448579.638538
13.054464340209961,80.28234100341797,2.319999933242798,-89.301521,2019-08-19,0.9636229872703552,11,51448579.646802
13.05405044555664,80.282654,2.2799999713897705,-89.238991,2019-08-19,0.9674299955368042,11,51448579.655066
13.053635597229004,80.282968,2.319999933242798,-88.998871,2019-08-19,0.9600070118904114,11,51448579.66333
13.053220748901367,80.283283,2.319999933242798,-88.92213439941406,2019-08-19,0.9597169756889343,11,51448579.671594
13.052806854248047,80.283597,2.2799999713897705,-88.93326568603516,2019-08-19,0.962552011013031,11,51448579.679858
13.052392959594727,80.283912,2.319999933242798,-88.805527,2019-08-19,0.9585719704627991,11,51448579.688124
13.051979064941406,80.284226,2.319999933242798,-88.712433,2019-08-19,0.9634039998054504,11,51448579.69639
13.127602577209473,80.226751,10.979999542236328,-84.296898,2020-05-26,0.9628419876098633,11,75758076.924051
13.127189636230469,80.227065,12.970000267028809,-84.31908416748047,2020-05-26,0.9546290040016174,11,75758076.932315
13.127229690551758,80.233851,13.149999618530273,-84.48273468017578,2020-05-26,0.9505249857902527,8,75758077.052143
13.126776695251465,80.22737884521484,10.90999984741211,-83.954819,2020-05-26,0.9604650139808655,11,75758076.940579
13.126816749572754,80.234165,14.949999809265137,-84.398468,2020-05-26,0.9508000016212463,8,75758077.060407
13.125950813293457,80.228009,10.15999984741211,-82.602081,2020-05-26,0.9511560201644897,11,75758076.957107
13.125537872314453,80.228322,13.489999771118164,-83.44408416748047,2020-05-26,0.9559900164604187,11,75758076.965371
13.12512493133545,80.228637,11.130000114440918,-81.3436050415039,2020-05-26,0.9603689908981323,11,75758076.973635
13.123886108398438,80.229581,11.960000038146973,-83.888588,2020-05-26,0.9559779763221741,11,75758076.998427
13.123924255371094,80.236368,15.020000457763672,-84.72964477539062,2020-05-26,0.9517350196838379,8,75758077.118255
13.123472213745117,80.229896,11.430000305175781,-83.631401,2020-05-26,0.9617699980735779,11,75758077.006691
13.12306022644043,80.230209,15.279999732971191,-84.411453,2020-05-26,0.9537069797515869,11,75758077.014955
13.122645378112793,80.230527,9.710000038146973,-84.31110382080078,2020-05-26,0.9534270167350769,11,75758077.023219
13.122233390808105,80.23084259033203,6.199999809265137,-78.41724395751953,2020-05-26,0.9507430195808411,11,75758077.031483
13.121443748474121,80.238257,12.369999885559082,-84.666344,2020-05-26,0.957431972026825,8,75758077.167839
13.120992660522461,80.231785,4.289999961853027,-77.893539,2020-05-26,0.9555010199546814,11,75758077.056275
13.120582580566406,80.232093,20.629999,-83.2010498046875,2020-05-26,0.9561539888381958,11,75758077.064539
13.119752883911133,80.232729,9.640000343322754,-83.517838,2020-05-26,0.9578689932823181,11,75758077.081067
13.119339942932129,80.233043,7.550000190734863,-79.68413543701172,2020-05-26,0.9566860198974609,11,75758077.089331
13.118927001953125,80.233357,12.140000343322754,-83.992439,2020-05-26,0.9559019804000854,11,75758077.097595
13.117688179016113,80.234301,7.059999942779541,-77.475517,2020-05-26,0.9559270143508911,11,75758077.122387
13.117276191711426,80.234613,17.68000030517578,-83.619171,2020-05-26,0.9533690214157104,11,75758077.130651
13.114380836486816,80.236818,9.270000457763672,-80.220337,2020-05-26,0.9514529705047607,11,75758077.1885
13.113966941833496,80.237133,4.139999866485596,-76.822113,2020-05-26,0.9535179734230042,11,75758077.196766
13.111075401306152,80.239332,15.729999542236328,-83.9385757446289,2020-05-26,0.9531630277633667,11,75758077.254628
13.11065673828125,80.23965454101562,2.690000057220459,-85.004463,2020-05-26,0.9692710041999817,11,75758077.262894
13.110243797302246,80.239969,3.1700000762939453,-85.073547,2020-05-26,0.9616400003433228,11,75758077.27116
13.109829902648926,80.240284,3.2799999713897705,-85.132713,2020-05-26,0.9580739736557007,11,75758077.279426
13.109420776367188,80.240591,15.170000076293945,-84.22402954101562,2020-05-26,0.950082004070282,11,75758077.287692
13.108180046081543,80.241533,16.93000030517578,-84.976387,2020-05-26,0.958666980266571,11,75758077.31249
13.107765197753906,80.24185180664062,12.890000343322754,-85.25204467773438,2020-05-26,0.9515519738197327,11,75758077.320756
13.106520652770996,80.242799,3.4700000286102295,-85.4632797241211,2020-05-26,0.9617760181427002,11,75758077.345554
13.106109619140625,80.243109,9.1899995803833,-82.9111099243164,2020-05-26,0.9509649872779846,11,75758077.35382
13.105694770812988,80.243425,6.909999847412109,-83.491173,2020-05-26,0.9629120230674744,11,75758077.362086
13.105301856994629,80.250522,15.619999885559082,-87.482498,2020-05-26,0.9524000287055969,8,75758077.49019
13.104867935180664,80.244052,11.020000457763672,-85.016327,2020-05-26,0.9510859847068787,11,75758077.378618
13.104453086853027,80.244367,6.800000190734863,-82.793999,2020-05-26,0.9586859941482544,11,75758077.386884
13.104039192199707,80.244682,10.760000228881836,-86.0617446899414,2020-05-26,0.9526879787445068,11,75758077.39515
13.103643417358398,80.251781,13.789999961853027,-86.42927551269531,2020-05-26,0.953233003616333,8,75758077.523246
13.1032075881958,80.245315,3.130000114440918,-85.933212,2020-05-26,0.9682700037956238,11,75758077.411682
13.102380752563477,80.245939,11.359999656677246,-86.24958038330078,2020-05-26,0.9556390047073364,11,75758077.42821
13.101552963256836,80.246568,11.770000457763672,-85.740936,2020-05-26,0.9561489820480347,11,75758077.444738
13.100309371948242,80.247511,13.380000114440918,-87.024849,2020-05-26,0.9559779763221741,11,75758077.46953
13.099893569946289,80.247827,9.149999618530273,-86.013809,2020-05-26,0.9683610200881958,11,75758077.477794
13.090468406677246,80.272111,2.609999895095825,-88.088058,2020-05-26,0.9529510140419006,6,75758077.539774
13.09005355834961,80.272426,2.609999895095825,-88.255859,2020-05-26,0.9568399786949158,6,75758077.548038
13.08872127532959,80.256315,11.699999809265137,-79.624878,2020-05-26,0.950838029384613,11,75758077.700922
13.088398933410645,80.273678,8.850000381469727,-86.23971557617188,2020-05-26,0.9538429975509644,6,75758077.581094
13.087895393371582,80.256944,16.219999,-85.379753,2020-05-26,0.9598749876022339,11,75758077.71745
13.087482452392578,80.257259,15.770000457763672,-84.683594,2020-05-26,0.9563789963722229,11,75758077.725714
13.087068557739258,80.257573,16.93000030517578,-86.038803,2020-05-26,0.956279993057251,11,75758077.733978
13.086655616760254,80.257887,17.790001,-85.695259,2020-05-26,0.953711986541748,11,75758077.742242
13.08624267578125,80.258202,18.309999,-86.911797,2020-05-26,0.9508249759674072,11,75758077.750506
13.08582878112793,80.258519,13.449999809265137,-86.19440460205078,2020-05-26,0.9519969820976257,11,75758077.75877
13.084586143493652,80.25946807861328,2.6500000953674316,-87.455391,2020-05-26,0.9569299817085266,11,75758077.783562
13.084173202514648,80.259784,3.059999942779541,-87.32600402832031,2020-05-26,0.9612420201301575,11,75758077.791826
13.078067779541016,80.281541,9.1899995803833,-87.57583618164062,2020-05-26,0.9505169987678528,6,75758077.787694
13.075945854187012,80.2728500366211,12.970000267028809,-88.039169,2020-05-26,0.9530150294303894,8,75758078.076934
13.070952415466309,80.269838,6.199999809265137,-77.53866577148438,2020-05-26,0.9573619961738586,11,75758078.056274
13.070124626159668,80.270465,16.969999,-87.0799560546875,2020-05-26,0.9521579742431641,11,75758078.072802
13.067233085632324,80.27265930175781,19.469999,-86.334579,2020-05-26,0.954475998878479,11,75758078.13065
13.066837310791016,80.279765,12.069999694824219,-87.371712,2020-05-26,0.9501330256462097,8,75758078.25876
13.064335823059082,80.274859,13.229999542236328,-79.74958038330078,2020-05-26,0.9521970152854919,11,75758078.188499
13.062679290771484,80.276117,21.68000030517578,-86.666168,2020-05-26,0.952019989490509,11,75758078.221563
13.061847686767578,80.276748,5.380000114440918,-73.632851,2020-05-26,0.9546880125999451,11,75758078.238095
13.060188293457031,80.278007,20.440001,-86.304352,2020-05-26,0.9563419818878174,11,75758078.271159
13.059355735778809,80.278641,14.760000228881836,-87.042191,2020-05-26,0.9612439870834351,11,75758078.287691
13.058525085449219,80.279272,14.010000228881836,-87.22076416015625,2020-05-26,0.9674490094184875,11,75758078.304223
13.058110237121582,80.279586,14.869999885559082,-86.158279,2020-05-26,0.9547749757766724,11,75758078.312489
13.057696342468262,80.27989959716797,17.829999923706055,-85.88206481933594,2020-05-26,0.9539610147476196,11,75758078.320755
13.057278633117676,80.280218,11.84000015258789,-84.21356964111328,2020-05-26,0.9542620182037354,11,75758078.329021
13.05644702911377,80.28085327148438,11.699999809265137,-87.35316467285156,2020-05-26,0.961463987827301,11,75758078.345553
13.056032180786133,80.28116607666016,11.319999694824219,-87.343651,2020-05-26,0.9620649814605713,11,75758078.353819
13.05561637878418,80.281482,9.40999984741211,-86.884819,2020-05-26,0.960673987865448,11,75758078.362085
13.053953170776367,80.282749,3.359999895095825,-88.26156616210938,2020-05-26,0.9596350193023682,11,75758078.395149
13.05353832244873,80.283065,3.130000114440918,-88.145187,2020-05-26,0.9608070254325867,11,75758078.403415
13.05270767211914,80.283696,2.8399999141693115,-87.99571990966797,2020-05-26,0.953029990196228,11,75758078.419946
13.12755012512207,80.282693,6.909999847412109,-82.115128,2020-12-20,0.955594003200531,5,93692891.279747
13.126765251159668,80.26626586914062,10.579999923706055,-88.915802,2020-12-20,0.9514350295066833,8,93692891.424402
13.12635326385498,80.266581,5.980000019073486,-87.922821,2020-12-20,0.9631270170211792,8,93692891.432668
13.125938415527344,80.266892,11.069999694824219,-88.41699981689453,2020-12-20,0.9540799856185913,8,93692891.440934
13.124749183654785,80.27791595458984,4.480000019073486,-79.036903,2020-12-20,0.9527469873428345,6,93692891.217753
13.124286651611328,80.268148,5.380000114440918,-87.511673,2020-12-20,0.9558320045471191,8,93692891.473993
13.123873710632324,80.268462,5.340000152587891,-87.671883,2020-12-20,0.9607139825820923,8,93692891.482257
13.123827934265137,80.2855224609375,9.050000190734863,-86.763931,2020-12-20,0.9531459808349609,5,93692891.354141
13.123028755187988,80.262293,18.139999,-87.635979,2020-12-20,0.9562280178070068,11,93692891.378939
13.123000144958496,80.286147,9.460000038146973,-84.844231,2020-12-20,0.9550489783287048,5,93692891.370673
13.1226167678833,80.262608,13.949999809265137,-87.14168548583984,2020-12-20,0.9619749784469604,11,93692891.387205
13.12220287322998,80.262922,11.220000267028809,-84.87913513183594,2020-12-20,0.9560089707374573,11,93692891.395471
13.122264862060547,80.279801,14.960000038146973,-87.540672,2020-12-20,0.9523990154266357,6,93692891.267348
13.122173309326172,80.286774,12.300000190734863,-86.096558,2020-12-20,0.9531620144844055,5,93692891.387205
13.121789932250977,80.263235,15.140000343322754,-87.90945434570312,2020-12-20,0.9569119811058044,11,93692891.403737
13.121759414672852,80.287087,4.260000228881836,-76.815567,2020-12-20,0.9534749984741211,5,93692891.395471
13.121376037597656,80.263549,15.5600004196167,-87.895981,2020-12-20,0.9509339928627014,11,93692891.412003
13.120569229125977,80.270972,3.0199999809265137,-87.73641967773438,2020-12-20,0.9515550136566162,8,93692891.548369
13.120156288146973,80.271285,3.619999885559082,-87.79864501953125,2020-12-20,0.9574589729309082,8,93692891.556633
13.11972427368164,80.264803,14.880000114440918,-87.769371,2020-12-20,0.9540789723396301,11,93692891.445067
13.119743347167969,80.27159881591797,3.2100000381469727,-88.735527,2020-12-20,0.962369978427887,8,93692891.564897
13.1189546585083,80.282313,13.90999984741211,-85.240593,2020-12-20,0.954380989074707,6,93692891.333476
13.118865966796875,80.289281,5.010000228881836,-75.960258,2020-12-20,0.956915020942688,5,93692891.453333
13.11849594116211,80.272538,6.320000171661377,-79.000793,2020-12-20,0.9656640291213989,8,93692891.589689
13.11762523651123,80.29022216796875,16.75,-85.615547,2020-12-20,0.9637669920921326,5,93692891.478125
13.1172456741333,80.26668548583984,10.989999771118164,-87.464722,2020-12-20,0.953341007232666,11,93692891.494653
13.117253303527832,80.27348327636719,15.369999885559082,-85.400047,2020-12-20,0.9503470063209534,8,93692891.614481
13.117213249206543,80.29053497314453,14.800000190734863,-85.032288,2020-12-20,0.951511025428772,5,93692891.486389
13.116008758544922,80.267627,7.960000038146973,-87.946114,2020-12-20,0.9553790092468262,11,93692891.519445
13.11559772491455,80.274742,9.460000038146973,-85.06068420410156,2020-12-20,0.9505109786987305,8,93692891.647537
13.11518383026123,80.268256,2.950000047683716,-88.0354995727539,2020-12-20,0.961309015750885,11,93692891.535973
13.115182876586914,80.275056,15.289999961853027,-88.556473,2020-12-20,0.9521200060844421,8,93692891.655801
13.114768981933594,80.268569,4.710000038146973,-85.902748,2020-12-20,0.9646520018577576,11,93692891.544237
13.114319801330566,80.292729,15.65999984741211,-85.330757,2020-12-20,0.952938973903656,5,93692891.544237
13.113943099975586,80.269197,3.0199999809265137,-86.030701,2020-12-20,0.9500179886817932,11,93692891.560765
13.11390495300293,80.293042,16.450001,-82.171143,2020-12-20,0.9556379914283752,5,93692891.552501
13.113529205322266,80.269511,2.5399999618530273,-85.48435974121094,2020-12-20,0.9552770256996155,11,93692891.569029
13.113492965698242,80.293358,14.649999618530273,-85.701057,2020-12-20,0.9560409784317017,5,93692891.560765
13.113080024719238,80.293672,13.609999656677246,-86.313721,2020-12-20,0.9570950269699097,5,93692891.569029
13.112752914428711,80.287016,18.280001,-84.735626,2020-12-20,0.9533439874649048,6,93692891.457465
13.111870765686035,80.270766,12.680000305175781,-88.69771575927734,2020-12-20,0.9589380025863647,11,93692891.602085
13.111457824707031,80.271081,7.139999866485596,-84.084198,2020-12-20,0.9547849893569946,11,93692891.610349
13.11145305633545,80.277894,10.130000114440918,-87.72948455810547,2020-12-20,0.9596269726753235,8,93692891.730177
13.111042022705078,80.271394,14.279999732971191,-87.151123,2020-12-20,0.9545639753341675,11,93692891.618613
13.110689163208008,80.288585,11.359999656677246,-83.32913970947266,2020-12-20,0.9505209922790527,6,93692891.498785
13.108963012695312,80.279784,12.079999923706055,-87.20103454589844,2020-12-20,0.9572700262069702,8,93692891.779761
13.108621597290039,80.290152,3.809999942779541,-73.80521392822266,2020-12-20,0.9527549743652344,6,93692891.540105
13.107728004455566,80.273916,11.550000190734863,-88.829979,2020-12-20,0.9595969915390015,11,93692891.684725
13.106888771057129,80.281357,14.210000038146973,-86.331131,2020-12-20,0.9582269787788391,8,93692891.821081
13.106475830078125,80.281674,9.079999923706055,-86.20722961425781,2020-12-20,0.9635300040245056,8,93692891.829345
13.106059074401855,80.281986,17.280001,-86.033043,2020-12-20,0.9594020247459412,8,93692891.837609
13.105652809143066,80.275491,9.010000228881836,-83.410316,2020-12-20,0.955331027507782,11,93692891.726045
13.105729103088379,80.292353,8.34000015258789,-85.525963,2020-12-20,0.9566029906272888,6,93692891.597953
13.10523796081543,80.275806,15.329999923706055,-88.030792,2020-12-20,0.9563310146331787,11,93692891.734309
13.105316162109375,80.292668,8.109999656677246,-86.2136001586914,2020-12-20,0.9586279988288879,6,93692891.606217
13.104402542114258,80.283244,12.859999656677246,-84.85832977294922,2020-12-20,0.9568520188331604,8,93692891.870665
13.104487419128418,80.293297,8.449999809265137,-86.607979,2020-12-20,0.9550120234489441,6,93692891.622745
13.104072570800781,80.293612,9.869999885559082,-87.368408,2020-12-20,0.9532020092010498,6,93692891.631009
13.103158950805664,80.284186,16.420000076293945,-85.9532241821289,2020-12-20,0.9519870281219482,8,93692891.895457
13.10191535949707,80.285128,9.199999809265137,-75.53413391113281,2020-12-20,0.9507160186767578,8,93692891.920249
13.101502418518066,80.285443,10.84000015258789,-78.935226,2020-12-20,0.9526399970054626,8,93692891.928513
13.100258827209473,80.279582,21.43000030517578,-85.219704,2020-12-20,0.9520249962806702,11,93692891.833477
13.100260734558105,80.286387,17.989999771118164,-88.242371,2020-12-20,0.95380699634552,8,93692891.953305
13.100342750549316,80.296448,8.630000114440918,-87.42609405517578,2020-12-20,0.9541140198707581,6,93692891.705385
13.098605155944824,80.287645,6.730000019073486,-77.644524,2020-12-20,0.9515269994735718,8,93692891.986361
13.098579406738281,80.304697,2.5399999618530273,-86.71817016601562,2020-12-20,0.9568340182304382,5,93692891.858269
13.098189353942871,80.287959,20.719999,-88.043854,2020-12-20,0.9570339918136597,8,93692891.994625
13.098164558410645,80.305011,2.4600000381469727,-86.572449,2020-12-20,0.9519190192222595,5,93692891.866533
13.096945762634277,80.282099,16.870001,-85.47616577148438,2020-12-20,0.9592040181159973,11,93692891.899589
13.09611701965332,80.282727,16.829999923706055,-83.570961,2020-12-20,0.9546689987182617,11,93692891.916117
13.09611988067627,80.289534,16.639999,-84.748322,2020-12-20,0.9513739943504333,8,93692892.035945
13.095705032348633,80.289848,18.139999,-84.91218566894531,2020-12-20,0.9566419720649719,8,93692892.044209
13.095291137695312,80.283357,9.229999542236328,-80.259117,2020-12-20,0.957414984703064,11,93692891.932645
13.092806816101074,80.285244,15.59000015258789,-87.436142,2020-12-20,0.9507179856300354,11,93692891.982229
13.092392921447754,80.285559,15.220000267028809,-87.38238525390625,2020-12-20,0.9534310102462769,11,93692891.990493
13.09156322479248,80.286187,19.040001,-86.816147,2020-12-20,0.9529070258140564,11,93692892.007021
13.091150283813477,80.286502,17.200001,-86.62945556640625,2020-12-20,0.9503690004348755,11,93692892.015285
13.090738296508789,80.286818,12.979999542236328,-86.276321,2020-12-20,0.9532840251922607,11,93692892.023549
13.090323448181152,80.287133,14.619999885559082,-85.42583465576172,2020-12-20,0.9574210047721863,11,93692892.031813
13.088667869567871,80.295217,13.609999656677246,-87.7537841796875,2020-12-20,0.9554650187492371,8,93692892.184697
13.087835311889648,80.289022,23.860001,-86.363831,2020-12-20,0.9610499739646912,11,93692892.081397
13.087423324584961,80.289339,19.0,-86.766777,2020-12-20,0.9632179737091064,11,93692892.089661
13.086600303649902,80.289974,7.510000228881836,-86.52873992919922,2020-12-20,0.9591580033302307,11,93692892.106189
13.086187362670898,80.290291,4.150000095367432,-86.774338,2020-12-20,0.9553769826889038,11,93692892.114453
13.085769653320312,80.290604,11.289999961853027,-86.686478,2020-12-20,0.9548370242118835,11,93692892.122717
13.085766792297363,80.297431,7.659999847412109,-86.632393,2020-12-20,0.9524989724159241,8,93692892.24255
13.084942817687988,80.291237,10.170000076293945,-87.764938,2020-12-20,0.9590539932250977,11,93692892.139245
13.08204460144043,80.29344940185547,3.549999952316284,-87.263878,2020-12-20,0.9542359709739685,11,93692892.197093
13.08121109008789,80.294079,13.989999771118164,-87.545349,2020-12-20,0.9633439779281616,11,93692892.213621
13.08079719543457,80.29439544677734,12.899999618530273,-86.890823,2020-12-20,0.9556260108947754,11,93692892.221885
13.127593994140625,80.268546,5.840000152587891,-85.298233,2022-02-24,0.9573420286178589,6,130970004.955428
13.127581596374512,80.275941,12.84000015258789,-88.112831,2022-02-24,0.9619979858398438,8,130970005.376925
13.127166748046875,80.275627,13.699999809265137,-88.6272201538086,2022-02-24,0.9593170285224915,8,130970005.368661
13.127197265625,80.282865,7.75,-87.719101,2022-02-24,0.953885018825531,11,130970005.389321
13.126765251159668,80.267916,5.159999847412109,-87.437347,2022-02-24,0.9504879713058472,6,130970004.938896
13.126752853393555,80.275313,12.130000114440918,-88.232292,2022-02-24,0.9501420259475708,8,130970005.360397
13.12678337097168,80.282551,10.5600004196167,-87.615059,2022-02-24,0.9623969793319702,11,130970005.381057
13.126338958740234,80.274998,6.809999942779541,-86.48974609375,2022-02-24,0.9558780193328857,8,130970005.352133
13.12636947631836,80.282237,3.069999933242798,-82.156433,2022-02-24,0.9632610082626343,11,130970005.372793
13.126092910766602,80.260114,8.529999732971191,-88.382896,2022-02-24,0.9547449946403503,5,130970004.901699
13.125954627990723,80.281922,10.0,-89.400757,2022-02-24,0.9647520184516907,11,130970005.364529
13.125678062438965,80.259801,5.730000019073486,-82.675743,2022-02-24,0.9514960050582886,5,130970004.893433
13.125925064086914,80.274684,10.930000305175781,-88.946159,2022-02-24,0.9576529860496521,8,130970005.343869
13.125539779663086,80.281609,9.25,-88.689629,2022-02-24,0.9514189958572388,11,130970005.356265
13.125125885009766,80.281295,10.220000267028809,-88.588722,2022-02-24,0.9548580050468445,11,130970005.348001
13.124692916870117,80.266344,12.020000457763672,-88.56282043457031,2022-02-24,0.9582089781761169,6,130970004.897566
13.124711990356445,80.280981,10.630000114440918,-88.5391845703125,2022-02-24,0.9632850289344788,11,130970005.339737
13.124436378479004,80.258857,8.010000228881836,-81.67057037353516,2022-02-24,0.958200991153717,5,130970004.868635
13.124279022216797,80.266028,10.180000305175781,-89.231842,2022-02-24,0.9507570266723633,6,130970004.8893
13.124297142028809,80.280667,11.829999923706055,-88.317451,2022-02-24,0.9625599980354309,11,130970005.331473
13.123883247375488,80.280354,12.430000305175781,-88.462051,2022-02-24,0.9620239734649658,11,130970005.323209
13.123607635498047,80.258228,13.140000343322754,-88.08193969726562,2022-02-24,0.9584149718284607,5,130970004.852105
13.123469352722168,80.280037,3.930000066757202,-88.288567,2022-02-24,0.9577379822731018,11,130970005.314945
13.123438835144043,80.272799,6.170000076293945,-89.42741394042969,2022-02-24,0.950419008731842,8,130970005.294285
13.123024940490723,80.272485,4.300000190734863,-87.980812,2022-02-24,0.9623640179634094,8,130970005.286021
13.122611045837402,80.272171,3.6700000762939453,-88.594147,2022-02-24,0.9560269713401794,8,130970005.277757
13.122207641601562,80.264458,19.65999984741211,-88.000763,2022-02-24,0.9649270176887512,6,130970004.847973
13.122225761413574,80.279095,2.8399999141693115,-88.5954360961914,2022-02-24,0.9521620273590088,11,130970005.290153
13.121794700622559,80.264141,12.430000305175781,-88.52210998535156,2022-02-24,0.9630060195922852,6,130970004.839709
13.121811866760254,80.278782,5.159999847412109,-88.408073,2022-02-24,0.9544469714164734,11,130970005.281889
13.121380805969238,80.263825,9.619999885559082,-88.341637,2022-02-24,0.9533219933509827,6,130970004.831445
13.121368408203125,80.271228,2.9200000762939453,-89.049553,2022-02-24,0.9602649807929993,8,130970005.252965
13.121397972106934,80.278468,6.059999942779541,-88.474701,2022-02-24,0.9560139775276184,11,130970005.273625
13.120953559875488,80.270915,2.990000009536743,-88.171021,2022-02-24,0.9536619782447815,8,130970005.244701
13.120124816894531,80.270286,3.3299999237060547,-90.169373,2022-02-24,0.9505910277366638,8,130970005.228173
13.119728088378906,80.262568,4.940000057220459,-81.944199,2022-02-24,0.9502009749412537,6,130970004.798389
13.119741439819336,80.27721405029297,9.699999809265137,-86.906189,2022-02-24,0.9510589838027954,11,130970005.240569
13.119315147399902,80.262253,8.829999923706055,-86.87044525146484,2022-02-24,0.9536110162734985,6,130970004.790125
13.119325637817383,80.27690124511719,12.880000114440918,-87.736107,2022-02-24,0.9551380276679993,11,130970005.232305
13.118902206420898,80.2619400024414,15.050000190734863,-87.464493,2022-02-24,0.9508820176124573,6,130970004.781861
13.118911743164062,80.276586,7.710000038146973,-83.169769,2022-02-24,0.962772011756897,11,130970005.224041
13.118489265441895,80.261625,12.880000114440918,-87.63105010986328,2022-02-24,0.9536389708518982,6,130970004.773597
13.118496894836426,80.276273,13.180000305175781,-88.37870025634766,2022-02-24,0.9507439732551575,11,130970005.215777
13.118083000183105,80.275958,13.140000343322754,-87.942543,2022-02-24,0.9611260294914246,11,130970005.207513
13.117664337158203,80.260993,2.690000057220459,-87.76671600341797,2022-02-24,0.9575530290603638,6,130970004.757069
13.117637634277344,80.268403,6.889999866485596,-88.07268524169922,2022-02-24,0.9557989835739136,8,130970005.178589
13.1172513961792,80.260681,8.239999771118164,-86.36310577392578,2022-02-24,0.9550610184669495,6,130970004.748805
13.117222785949707,80.2680892944336,8.460000038146973,-88.148354,2022-02-24,0.9557710289955139,8,130970005.170325
13.116838455200195,80.260369,18.760000228881836,-87.189827,2022-02-24,0.9736660122871399,6,130970004.740541
13.116839408874512,80.275015,10.819999694824219,-87.356712,2022-02-24,0.9562569856643677,11,130970005.182721
13.116427421569824,80.26004791259766,2.5399999618530273,-87.630463,2022-02-24,0.9622089862823486,6,130970004.732277
13.116009712219238,80.274387,10.40999984741211,-87.81287384033203,2022-02-24,0.9509270191192627,11,130970005.166193
13.1156005859375,80.259424,7.449999809265137,-84.35377502441406,2022-02-24,0.953478991985321,6,130970004.715749
13.115595817565918,80.274073,8.15999984741211,-84.633881,2022-02-24,0.9557899832725525,11,130970005.157929
13.115180969238281,80.27375793457031,9.619999885559082,-82.064362,2022-02-24,0.9590529799461365,11,130970005.149665
13.114775657653809,80.258796,10.710000038146973,-87.05424499511719,2022-02-24,0.9554960131645203,6,130970004.699221
13.11452579498291,80.251311,13.4399995803833,-87.580147,2022-02-24,0.9588770270347595,5,130970004.670297
13.113937377929688,80.272815,5.989999771118164,-86.4709701538086,2022-02-24,0.9553920030593872,11,130970005.124873
13.11349105834961,80.265261,3.4800000190734863,-82.572632,2022-02-24,0.9553639888763428,8,130970005.095949
13.113521575927734,80.272503,14.270000457763672,-85.80743408203125,2022-02-24,0.9589470028877258,11,130970005.116609
13.113126754760742,80.257537,3.4000000953674316,-85.518112,2022-02-24,0.9544649720191956,6,130970004.666165
13.113076210021973,80.264947,5.130000114440918,-83.830513,2022-02-24,0.9542670249938965,8,130970005.087684
13.113106727600098,80.272189,19.65999984741211,-88.221649,2022-02-24,0.9673089981079102,11,130970005.108345
13.112661361694336,80.264633,8.199999809265137,-85.61973571777344,2022-02-24,0.9509369730949402,8,130970005.079418
13.112691879272461,80.271875,18.540001,-88.269302,2022-02-24,0.9536640048027039,11,130970005.100081
13.112462997436523,80.249741,3.25,-76.87752532958984,2022-02-24,0.9561700224876404,5,130970004.628977
13.11230182647705,80.256911,4.980000019073486,-80.803513,2022-02-24,0.9519690275192261,6,130970004.649637
13.112245559692383,80.264318,7.340000152587891,-87.191628,2022-02-24,0.9532859921455383,8,130970005.071152
13.112277030944824,80.27156066894531,18.90999984741211,-88.55916595458984,2022-02-24,0.9615669846534729,11,130970005.091817
13.111888885498047,80.256597,9.279999732971191,-84.869522,2022-02-24,0.9664180278778076,6,130970004.641373
13.111830711364746,80.264005,14.039999961853027,-88.910309,2022-02-24,0.9607840180397034,8,130970005.062886
13.111475944519043,80.256282,12.170000076293945,-87.819679,2022-02-24,0.9509729743003845,6,130970004.633109
13.11141586303711,80.26368713378906,13.59000015258789,-88.427643,2022-02-24,0.9612230062484741,8,130970005.05462
13.111001014709473,80.263375,11.270000457763672,-88.666191,2022-02-24,0.9568300247192383,8,130970005.046354
13.110651016235352,80.255653,8.529999732971191,-88.10100555419922,2022-02-24,0.9604060053825378,6,130970004.616581
13.110586166381836,80.2630615234375,9.170000076293945,-88.194969,2022-02-24,0.9584469795227051,8,130970005.038088
13.110239028930664,80.255338,6.099999904632568,-88.149582,2022-02-24,0.9591739773750305,6,130970004.608317
13.1101713180542,80.262746,14.34000015258789,-89.46920013427734,2022-02-24,0.965719997882843,8,130970005.029822
13.10982608795166,80.255024,6.619999885559082,-88.01651000976562,2022-02-24,0.9525989890098572,6,130970004.600053
13.109787940979004,80.269669,3.740000009536743,-89.428879,2022-02-24,0.9625729918479919,11,130970005.042221
13.109413146972656,80.254709,3.5199999809265137,-88.269173,2022-02-24,0.9528369903564453,6,130970004.591789
13.109228134155273,80.23236846923828,14.260000228881836,-83.378311,2022-02-24,0.9528499841690063,2,130970004.112477
13.109341621398926,80.262116,8.199999809265137,-86.78174591064453,2022-02-24,0.9627730250358582,8,130970005.01329
13.109373092651367,80.269354,4.230000019073486,-89.004211,2022-02-24,0.9567919969558716,11,130970005.033955
13.108926773071289,80.261801,4.300000190734863,-84.801041,2022-02-24,0.9513329863548279,8,130970005.005024
13.10895824432373,80.269039,2.3499999046325684,-88.24028015136719,2022-02-24,0.9600589871406555,11,130970005.025689
13.108331680297852,80.246599,2.8399999141693115,-77.447052,2022-02-24,0.9570310115814209,5,130970004.546337
13.107345581054688,80.253141,11.529999732971191,-87.961288,2022-02-24,0.954692006111145,6,130970004.550469
13.107298851013184,80.267783,9.920000076293945,-87.73543548583984,2022-02-24,0.9677670001983643,11,130970004.992625
13.106931686401367,80.252828,13.699999809265137,-87.67403411865234,2022-02-24,0.9553300142288208,6,130970004.542205
13.106884002685547,80.267468,6.440000057220459,-87.716827,2022-02-24,0.9717710018157959,11,130970004.984359
13.106518745422363,80.252514,15.880000114440918,-87.69029998779297,2022-02-24,0.9574120044708252,6,130970004.533941
13.106263160705566,80.245029,6.46999979019165,-81.057137,2022-02-24,0.9584869742393494,5,130970004.505017
13.106104850769043,80.252197265625,14.420000076293945,-87.563118,2022-02-24,0.9576680064201355,6,130970004.525677
13.10605525970459,80.266839,7.489999771118164,-85.5849838256836,2022-02-24,0.9564930200576782,11,130970004.967827
13.105608940124512,80.259283,3.549999952316284,-86.915421,2022-02-24,0.9615579843521118,8,130970004.938896
13.105640411376953,80.266524,8.720000267028809,-89.44207000732422,2022-02-24,0.9535620212554932,11,130970004.959561
13.105435371398926,80.244402,12.989999771118164,-86.11465454101562,2022-02-24,0.9508749842643738,5,130970004.488489
13.105278968811035,80.251568,2.950000047683716,-88.384293,2022-02-24,0.9508789777755737,6,130970004.509149
13.105195045471191,80.258968,2.9200000762939453,-87.049667,2022-02-24,0.9647909998893738,8,130970004.93063
13.105224609375,80.2662124633789,7.670000076293945,-85.000557,2022-02-24,0.9648360013961792,11,130970004.951295
13.104780197143555,80.258653,3.180000066757202,-86.9603042602539,2022-02-24,0.9591230154037476,8,130970004.922364
13.10481071472168,80.265896,6.739999771118164,-82.409271,2022-02-24,0.9565309882164001,11,130970004.943029
13.104450225830078,80.250943,10.890000343322754,-87.731178,2022-02-24,0.9524170160293579,6,130970004.492621
13.104192733764648,80.243459,13.180000305175781,-86.008544921875,2022-02-24,0.950111985206604,5,130970004.463697
13.104366302490234,80.258338,2.5799999237060547,-86.817497,2022-02-24,0.9617379903793335,8,130970004.914098
13.104395866394043,80.26557922363281,6.139999866485596,-85.633544921875,2022-02-24,0.9517369866371155,11,130970004.934763
13.103981971740723,80.265267,14.300000190734863,-87.832947,2022-02-24,0.9627630114555359,11,130970004.926497
13.103779792785645,80.243145,11.640000343322754,-86.177681,2022-02-24,0.9513469934463501,5,130970004.455433
13.103951454162598,80.258024,4.079999923706055,-86.827759,2022-02-24,0.9569770097732544,8,130970004.905832
13.103536605834961,80.257711,10.5600004196167,-88.173088,2022-02-24,0.9568290114402771,8,130970004.897566
13.103567123413086,80.264951,8.720000267028809,-84.899719,2022-02-24,0.9525690078735352,11,130970004.918231
13.103364944458008,80.242831,10.670000076293945,-86.173607,2022-02-24,0.9591699838638306,5,130970004.447169
13.103153228759766,80.264636,7.559999942779541,-84.377037,2022-02-24,0.9587739706039429,11,130970004.909965
13.102950096130371,80.242521,25.649999618530273,-86.42142486572266,2022-02-24,0.9559209942817688,5,130970004.438905
13.102739334106445,80.264322,12.510000228881836,-87.719719,2022-02-24,0.9583979845046997,11,130970004.901699
13.102323532104492,80.264008,15.09000015258789,-88.021332,2022-02-24,0.9557710289955139,11,130970004.893433
13.101909637451172,80.263693,14.079999923706055,-87.765213,2022-02-24,0.9624059796333313,11,130970004.885167
13.101552963256836,80.248743,3.630000114440918,-87.220619,2022-02-24,0.9512590169906616,6,130970004.434773
13.101495742797852,80.263378,10.819999694824219,-87.63866424560547,2022-02-24,0.952193021774292,11,130970004.876901
13.101295471191406,80.241261,9.510000228881836,-83.094429,2022-02-24,0.955830991268158,5,130970004.405849
13.101137161254883,80.248434,22.389999,-87.160133,2022-02-24,0.9623669981956482,6,130970004.426509
13.101053237915039,80.255821,2.7699999809265137,-86.59923553466797,2022-02-24,0.9567949771881104,8,130970004.847973
13.101081848144531,80.263064,14.600000381469727,-88.1039047241211,2022-02-24,0.9590129852294922,11,130970004.868635
13.100667953491211,80.262749,14.420000076293945,-88.553253,2022-02-24,0.9582399725914001,11,130970004.860369
13.100465774536133,80.240634,12.989999771118164,-85.248848,2022-02-24,0.9516909718513489,5,130970004.389321
13.10025405883789,80.262435,15.90999984741211,-88.10026550292969,2022-02-24,0.9574459791183472,11,130970004.852105
13.100051879882812,80.24031829833984,8.869999885559082,-80.241524,2022-02-24,0.9546399712562561,5,130970004.381057
13.099896430969238,80.247488,5.429999828338623,-86.762016,2022-02-24,0.9539110064506531,6,130970004.401717
13.099811553955078,80.254879,8.90999984741211,-86.796516,2022-02-24,0.9505599737167358,8,130970004.823181
13.099480628967285,80.247176,15.15999984741211,-86.099411,2022-02-24,0.9758870005607605,6,130970004.393453
13.099397659301758,80.254567,14.640000343322754,-86.552467,2022-02-24,0.9609959721565247,8,130970004.814917
13.099067687988281,80.246862,13.220000267028809,-86.853073,2022-02-24,0.9532999992370605,6,130970004.385189
13.099013328552246,80.26148986816406,12.319999694824219,-87.902328,2022-02-24,0.9569209814071655,11,130970004.827313
13.098653793334961,80.246547,10.329999923706055,-87.184731,2022-02-24,0.950685977935791,6,130970004.376925
13.098600387573242,80.261176,13.890000343322754,-88.463242,2022-02-24,0.9580230116844177,11,130970004.819049
13.098396301269531,80.239065,7.670000076293945,-78.834457,2022-02-24,0.9525259733200073,5,130970004.348001
13.098158836364746,80.253623,13.850000381469727,-87.24232482910156,2022-02-24,0.9622769951820374,8,130970004.790125
13.098187446594238,80.260862,15.15999984741211,-88.253113,2022-02-24,0.9601320028305054,11,130970004.810785
13.097772598266602,80.260548,14.9399995803833,-87.8756103515625,2022-02-24,0.959522008895874,11,130970004.802521
13.097566604614258,80.238436,5.989999771118164,-78.956207,2022-02-24,0.9571229815483093,5,130970004.331473
13.097152709960938,80.238123,13.369999885559082,-84.382401,2022-02-24,0.9584460258483887,5,130970004.323209
13.097332954406738,80.252994,14.489999771118164,-87.418488,2022-02-24,0.9538769721984863,8,130970004.773597
13.096738815307617,80.23780822753906,17.190001,-84.890221,2022-02-24,0.9557300209999084,5,130970004.314945
13.096920013427734,80.25267791748047,15.880000114440918,-87.04510498046875,2022-02-24,0.9540339708328247,8,130970004.765333
13.096946716308594,80.259917,9.510000228881836,-88.03236389160156,2022-02-24,0.9619839787483215,11,130970004.785993
13.096508026123047,80.252366,12.579999923706055,-83.77692413330078,2022-02-24,0.9564099907875061,8,130970004.757069
13.09653377532959,80.25960540771484,17.790001,-87.731491,2022-02-24,0.963811993598938,11,130970004.777729
13.09632396697998,80.237497,19.850000381469727,-84.55652618408203,2022-02-24,0.95380699634552,5,130970004.306681
13.096095085144043,80.252051,13.479999542236328,-86.21863555908203,2022-02-24,0.9569060206413269,8,130970004.748805
13.096120834350586,80.259304,64.010002,-87.093117,2022-02-24,0.9586499929428101,11,130970004.769465
13.09591007232666,80.237181,9.170000076293945,-81.216499,2022-02-24,0.9513229727745056,5,130970004.298417
13.09575366973877,80.244351,15.350000381469727,-86.08919525146484,2022-02-24,0.9550039768218994,6,130970004.319077
13.095683097839355,80.251736,11.9399995803833,-86.497971,2022-02-24,0.9555060267448425,8,130970004.740541
13.095708847045898,80.258975,12.359999656677246,-87.591423,2022-02-24,0.9563140273094177,11,130970004.761201
13.09549617767334,80.236867,9.920000076293945,-81.22554016113281,2022-02-24,0.9531570076942444,5,130970004.290153
13.095295906066895,80.258661,12.65999984741211,-85.142471,2022-02-24,0.9558849930763245,11,130970004.752937
13.094925880432129,80.243723,14.149999618530273,-86.215683,2022-02-24,0.950186014175415,6,130970004.302549
13.094858169555664,80.251107,9.25,-83.158897,2022-02-24,0.9552159905433655,8,130970004.724013
13.094883918762207,80.258346,14.0,-87.002037,2022-02-24,0.9719859957695007,11,130970004.744673
13.094470977783203,80.258033,15.949999809265137,-86.657349,2022-02-24,0.9552860260009766,11,130970004.736409
13.094252586364746,80.235926,16.059999,-85.2687759399414,2022-02-24,0.9567520022392273,5,130970004.265361
13.094097137451172,80.24309539794922,12.130000114440918,-85.944107,2022-02-24,0.9655979871749878,6,130970004.286021
13.094033241271973,80.250479,11.979999542236328,-84.03007507324219,2022-02-24,0.9542959928512573,8,130970004.707485
13.094058990478516,80.257717,6.510000228881836,-83.455833,2022-02-24,0.9580349922180176,11,130970004.728145
13.09383773803711,80.235612,16.440001,-84.91674041748047,2022-02-24,0.9517449736595154,5,130970004.257097
13.093621253967285,80.250163,5.090000152587891,-83.36561584472656,2022-02-24,0.952422022819519,8,130970004.699221
13.093646049499512,80.257403,13.180000305175781,-87.168961,2022-02-24,0.9580540060997009,11,130970004.719881
13.093234062194824,80.25708770751953,16.479999542236328,-87.628372,2022-02-24,0.9617000222206116,11,130970004.711617
13.092853546142578,80.242153,13.4399995803833,-85.48242950439453,2022-02-24,0.9582430124282837,6,130970004.261229
13.09282112121582,80.256774,13.479999542236328,-87.55195617675781,2022-02-24,0.960440993309021,11,130970004.703353
13.092438697814941,80.24183654785156,6.099999904632568,-78.521431,2022-02-24,0.9680870175361633,6,130970004.252965
13.092181205749512,80.234355,9.920000076293945,-83.569977,2022-02-24,0.9517189860343933,5,130970004.224041
13.09238338470459,80.249219,4.110000133514404,-85.4957046508789,2022-02-24,0.9518439769744873,8,130970004.674429
13.092409133911133,80.25646209716797,13.890000343322754,-87.59527587890625,2022-02-24,0.9563559889793396,11,130970004.695089
13.092024803161621,80.241527,15.800000190734863,-83.949059,2022-02-24,0.9536259770393372,6,130970004.244701
13.091971397399902,80.248904,2.3499999046325684,-86.93394470214844,2022-02-24,0.9571110010147095,8,130970004.666165
13.091997146606445,80.256146,13.630000114440918,-86.637802,2022-02-24,0.9627439975738525,11,130970004.686825
13.091766357421875,80.234041,9.399999618530273,-83.990959,2022-02-24,0.9631050229072571,5,130970004.215777
13.091609954833984,80.241212,12.390000343322754,-84.332169,2022-02-24,0.9574099779129028,6,130970004.236437
13.091584205627441,80.255831,10.449999809265137,-88.216972,2022-02-24,0.9562950134277344,11,130970004.678561
13.091350555419922,80.233727,9.130000114440918,-83.72417449951172,2022-02-24,0.9617670178413391,5,130970004.207513
13.091172218322754,80.255517,12.319999694824219,-87.281021,2022-02-24,0.9598619937896729,11,130970004.670297
13.090936660766602,80.233411,4.75,-83.72333526611328,2022-02-24,0.9527990221977234,5,130970004.199249
13.090781211853027,80.240584,13.630000114440918,-85.179588,2022-02-24,0.9563390016555786,6,130970004.219909
13.09073257446289,80.247963,3.140000104904175,-83.963852,2022-02-24,0.9608269929885864,8,130970004.641373
13.09075927734375,80.255203,12.510000228881836,-87.985367,2022-02-24,0.9591820240020752,11,130970004.662033
13.090521812438965,80.233098,7.639999866485596,-83.50407409667969,2022-02-24,0.9638789892196655,5,130970004.190985
13.09036636352539,80.24027252197266,17.219999,-85.655998,2022-02-24,0.9586880207061768,6,130970004.211645
13.090106964111328,80.232785,9.470000267028809,-83.355583,2022-02-24,0.9586349725723267,5,130970004.182721
13.090320587158203,80.247649,6.25,-85.941238,2022-02-24,0.9606519937515259,8,130970004.633109
13.090347290039062,80.254889,15.430000305175781,-88.0902099609375,2022-02-24,0.9589020013809204,11,130970004.653769
13.089950561523438,80.239957,19.809999,-85.764648,2022-02-24,0.9557880163192749,6,130970004.203381
13.089934349060059,80.254576,18.540001,-88.028671,2022-02-24,0.9535139799118042,11,130970004.645505
13.089693069458008,80.232469,2.950000047683716,-82.871101,2022-02-24,0.9590780138969421,5,130970004.174457
13.0899076461792,80.247334,6.360000133514404,-88.81013488769531,2022-02-24,0.9668930172920227,8,130970004.624845
13.089536666870117,80.239642,17.639999,-85.951408,2022-02-24,0.9553509950637817,6,130970004.195117
13.089495658874512,80.247019,2.390000104904175,-88.85831451416016,2022-02-24,0.9598000049591064,8,130970004.616581
13.089522361755371,80.254261,15.800000190734863,-87.594177,2022-02-24,0.9553149938583374,11,130970004.637241
13.089277267456055,80.232157,10.5600004196167,-83.45402526855469,2022-02-24,0.9605839848518372,5,130970004.166193
13.089109420776367,80.253947,12.880000114440918,-83.888031,2022-02-24,0.96281498670578,11,130970004.628977
13.088706970214844,80.239014,16.93000030517578,-84.759331,2022-02-24,0.9559080004692078,6,130970004.178589
13.088695526123047,80.253633,5.760000228881836,-78.175041,2022-02-24,0.9679080247879028,11,130970004.620713
13.088292121887207,80.238699,13.59000015258789,-85.46049499511719,2022-02-24,0.954380989074707,6,130970004.170325
13.0882568359375,80.24607849121094,10.109999656677246,-87.68574523925781,2022-02-24,0.9769089818000793,8,130970004.591789
13.08828353881836,80.253318,12.65999984741211,-87.318718,2022-02-24,0.9602980017662048,11,130970004.612449
13.08787727355957,80.238386,16.510000228881836,-85.33325958251953,2022-02-24,0.9517999887466431,6,130970004.162061
13.08784294128418,80.245767,10.260000228881836,-83.838783,2022-02-24,0.9593639969825745,8,130970004.583525
13.087870597839355,80.253005,15.15999984741211,-86.816513,2022-02-24,0.963109016418457,11,130970004.604185
13.08746337890625,80.23806762695312,9.100000381469727,-84.84099578857422,2022-02-24,0.9544900059700012,6,130970004.153797
13.087430000305176,80.245453,10.329999923706055,-84.064682,2022-02-24,0.9599769711494446,8,130970004.575261
13.087457656860352,80.252691,16.25,-87.036407,2022-02-24,0.9591900110244751,11,130970004.595921
13.087202072143555,80.230586,13.59000015258789,-85.467216,2022-02-24,0.9523760080337524,5,130970004.124873
13.08704662322998,80.237758,17.299999,-84.66865539550781,2022-02-24,0.9605609774589539,6,130970004.145533
13.087044715881348,80.252377,13.739999771118164,-86.279381,2022-02-24,0.9578239917755127,11,130970004.587657
13.086631774902344,80.237442,12.170000076293945,-84.937431,2022-02-24,0.9609259963035583,6,130970004.137269
13.086604118347168,80.244822,5.610000133514404,-88.82667541503906,2022-02-24,0.9527729749679565,8,130970004.558733
13.086630821228027,80.252064,16.25,-85.385696,2022-02-24,0.9591190218925476,11,130970004.579393
13.086372375488281,80.229958,13.890000343322754,-84.49435424804688,2022-02-24,0.9535490274429321,5,130970004.108345
13.086216926574707,80.237129,17.600000381469727,-85.0249252319336,2022-02-24,0.963683009147644,6,130970004.129005
13.086189270019531,80.244517,32.279999,-85.276077,2022-02-24,0.9672229886054993,8,130970004.550469
13.086217880249023,80.251751,20.969999,-86.373451,2022-02-24,0.9535599946975708,11,130970004.571129
13.085956573486328,80.22964477539062,10.59000015258789,-78.346024,2022-02-24,0.9563109874725342,5,130970004.100081
13.08580207824707,80.236814,14.449999809265137,-86.484299,2022-02-24,0.9569090008735657,6,130970004.120741
13.085776329040527,80.244199,16.889999,-86.1714859008789,2022-02-24,0.95100998878479,8,130970004.542205
13.08580493927002,80.25143432617188,12.619999885559082,-86.6627197265625,2022-02-24,0.9528769850730896,11,130970004.562865
13.085541725158691,80.22933197021484,7.039999961853027,-76.838188,2022-02-24,0.955003023147583,5,130970004.091817
13.085387229919434,80.236499,11.3100004196167,-84.82709503173828,2022-02-24,0.9580680131912231,6,130970004.112477
13.085126876831055,80.229016,16.360001,-85.02676391601562,2022-02-24,0.9645379781723022,5,130970004.083551
13.085363388061523,80.243885,19.43000030517578,-86.373466,2022-02-24,0.962024986743927,8,130970004.533941
13.085391998291016,80.2511215209961,10.779999732971191,-86.062881,2022-02-24,0.9579730033874512,11,130970004.554601
13.084948539733887,80.243571,17.040001,-86.277847,2022-02-24,0.9606459736824036,8,130970004.525677
13.084978103637695,80.250808,15.6899995803833,-85.9601058959961,2022-02-24,0.9579409956932068,11,130970004.546337
13.084712028503418,80.228701,10.630000114440918,-84.63325500488281,2022-02-24,0.9665899872779846,5,130970004.075285
13.084556579589844,80.235872,13.329999923706055,-82.49213409423828,2022-02-24,0.9608169794082642,6,130970004.095949
13.084534645080566,80.24325561523438,14.489999771118164,-85.865334,2022-02-24,0.9555299878120422,8,130970004.517413
13.084564208984375,80.25050354003906,36.290001,-85.95718383789062,2022-02-24,0.9604309797286987,11,130970004.538073
13.084297180175781,80.228387,11.420000076293945,-84.78590393066406,2022-02-24,0.9628810286521912,5,130970004.067019
13.084141731262207,80.235558,5.539999961853027,-75.357452,2022-02-24,0.9586319923400879,6,130970004.087684
13.084120750427246,80.242942,14.039999961853027,-85.716217,2022-02-24,0.9593560099601746,8,130970004.509149
13.084151268005371,80.25018310546875,18.239999771118164,-86.383583,2022-02-24,0.9624289870262146,11,130970004.529809
13.083882331848145,80.228073,15.3100004196167,-85.030617,2022-02-24,0.9566829800605774,5,130970004.058753
13.083706855773926,80.242629,17.190001,-85.608322,2022-02-24,0.9618210196495056,8,130970004.500885
13.083466529846191,80.227758,11.15999984741211,-84.082428,2022-02-24,0.9670259952545166,5,130970004.050487
13.083312034606934,80.23493194580078,15.390000343322754,-83.541763,2022-02-24,0.954289972782135,6,130970004.071152
13.082897186279297,80.234614,10.670000076293945,-83.693077,2022-02-24,0.9611449837684631,6,130970004.062886
13.08290958404541,80.249238,14.600000381469727,-86.0295639038086,2022-02-24,0.9666709899902344,11,130970004.505017
13.082466125488281,80.241688,17.149999618530273,-85.779716,2022-02-24,0.9504370093345642,8,130970004.476093
13.08249568939209,80.2489242553711,15.279999732971191,-86.170067,2022-02-24,0.9530150294303894,11,130970004.496753
13.08208179473877,80.248611,17.520000457763672,-85.281593,2022-02-24,0.9609370231628418,11,130970004.488489
13.08165168762207,80.233675,22.579999923706055,-84.853668,2022-02-24,0.9527750015258789,6,130970004.038088
13.08163833618164,80.241059,14.5600004196167,-85.731422,2022-02-24,0.9651269912719727,8,130970004.459565
13.081393241882324,80.226188,11.760000228881836,-83.883789,2022-02-24,0.9563930034637451,5,130970004.009157
13.081236839294434,80.233359,17.670000076293945,-85.096367,2022-02-24,0.9533429741859436,6,130970004.029822
13.081222534179688,80.240745,13.59000015258789,-85.597488,2022-02-24,0.9565110206604004,8,130970004.451301
13.081254005432129,80.247983,17.299999,-85.799751,2022-02-24,0.9623389840126038,11,130970004.471961
13.080979347229004,80.225872,7.860000133514404,-84.300278,2022-02-24,0.9632629752159119,5,130970004.000891
13.080822944641113,80.233045,18.200001,-84.64105987548828,2022-02-24,0.9532430171966553,6,130970004.021556
13.080808639526367,80.240432,15.279999732971191,-85.0389404296875,2022-02-24,0.9611499905586243,8,130970004.443037
13.080840110778809,80.247669,13.220000267028809,-85.452438,2022-02-24,0.9656140208244324,11,130970004.463697
13.080408096313477,80.232731,19.020000457763672,-84.842979,2022-02-24,0.9611780047416687,6,130970004.01329
13.080426216125488,80.247356,17.040001,-85.729851,2022-02-24,0.9582610130310059,11,130970004.455433
13.080394744873047,80.240119,17.219999,-85.20048522949219,2022-02-24,0.9583380222320557,8,130970004.434773
13.079994201660156,80.232416,11.1899995803833,-81.639763,2022-02-24,0.9509400129318237,6,130970004.005024
13.079980850219727,80.239804,14.34000015258789,-84.608223,2022-02-24,0.9562829732894897,8,130970004.426509
13.080012321472168,80.247042,7.0,-74.290916,2022-02-24,0.9705430269241333,11,130970004.447169
13.079566955566406,80.239491,16.209999,-84.868568,2022-02-24,0.9560670256614685,8,130970004.418245
13.079598426818848,80.246727,14.039999961853027,-85.443443,2022-02-24,0.9612209796905518,11,130970004.438905
13.079153060913086,80.239177,14.829999923706055,-84.926971,2022-02-24,0.960985004901886,8,130970004.409981
13.079182624816895,80.246427,60.150002,-83.341553,2022-02-24,0.9643489718437195,11,130970004.430641
13.078750610351562,80.231473,6.659999847412109,-77.104523,2022-02-24,0.9536880254745483,6,130970003.980226
13.078739166259766,80.238863,14.9399995803833,-84.892303,2022-02-24,0.9544550180435181,8,130970004.401717
13.07876968383789,80.24610137939453,16.139999,-84.454453,2022-02-24,0.9683870077133179,11,130970004.422377
13.078336715698242,80.231156,2.4700000286102295,-84.38859558105469,2022-02-24,0.9560920000076294,6,130970003.97196
13.078324317932129,80.23855590820312,28.15999984741211,-84.047691,2022-02-24,0.9599120020866394,8,130970004.393453
13.07835578918457,80.245786,14.1899995803833,-85.690498,2022-02-24,0.9566910266876221,11,130970004.414113
13.077922821044922,80.230843,3.069999933242798,-83.989197,2022-02-24,0.9576950073242188,6,130970003.963694
13.077910423278809,80.238245,46.029999,-84.089958,2022-02-24,0.9659709930419922,8,130970004.385189
13.077527046203613,80.245164,36.290001,-85.146568,2022-02-24,0.95346999168396,11,130970004.397585
13.077094078063965,80.230219,16.780001,-83.8446044921875,2022-02-24,0.9512490034103394,6,130970003.947162
13.077081680297852,80.237608,16.469999,-84.594063,2022-02-24,0.956794023513794,8,130970004.368661
13.077113151550293,80.244849,29.139999,-85.162788,2022-02-24,0.9617549777030945,11,130970004.389321
13.076680183410645,80.22990417480469,10.859999656677246,-81.231789,2022-02-24,0.9649360179901123,6,130970003.938896
13.076699256896973,80.244536,32.169998,-84.875252,2022-02-24,0.9657620191574097,11,130970004.381057
13.076252937316895,80.236985,30.149999618530273,-83.80570983886719,2022-02-24,0.9560629725456238,8,130970004.352133
13.076285362243652,80.244216,9.210000038146973,-85.290062,2022-02-24,0.9662489891052246,11,130970004.372793
13.07585334777832,80.229275,11.979999542236328,-83.78274536132812,2022-02-24,0.9528070092201233,6,130970003.922364
13.075871467590332,80.243901,9.579999923706055,-85.179901,2022-02-24,0.958869993686676,11,130970004.364529
13.075425148010254,80.236352,13.25,-83.312241,2022-02-24,0.9508619904518127,8,130970004.335605
13.075042724609375,80.243274,8.569999694824219,-82.72089385986328,2022-02-24,0.961359977722168,11,130970004.348001
13.074597358703613,80.23572540283203,16.65999984741211,-83.62459564208984,2022-02-24,0.9615899920463562,8,130970004.319077
13.074627876281738,80.24295806884766,8.569999694824219,-85.361061,2022-02-24,0.9593960046768188,11,130970004.339737
13.074183464050293,80.235412,18.610001,-83.655769,2022-02-24,0.9585809707641602,8,130970004.310813
13.074213981628418,80.24264526367188,7.670000076293945,-85.386757,2022-02-24,0.9501100182533264,11,130970004.331473
13.07376766204834,80.235098,17.06999969482422,-83.385162,2022-02-24,0.9640480279922485,8,130970004.302549
13.073800086975098,80.242332,11.3100004196167,-85.728233,2022-02-24,0.9610980153083801,11,130970004.323209
13.073369979858398,80.227392,11.869999885559082,-82.420433,2022-02-24,0.9526540040969849,6,130970003.872768
13.07335376739502,80.234783,16.290001,-83.102417,2022-02-24,0.9647009968757629,8,130970004.294285
13.073386192321777,80.242019,10.710000038146973,-85.223007,2022-02-24,0.9682419896125793,11,130970004.314945
13.072972297668457,80.241706,14.489999771118164,-84.928146,2022-02-24,0.9581819772720337,11,130970004.306681
13.072542190551758,80.226763,10.40999984741211,-82.84334564208984,2022-02-24,0.9549090266227722,6,130970003.856237
13.072525978088379,80.234156,19.879999,-84.350456,2022-02-24,0.960237979888916,8,130970004.277757
13.07255744934082,80.241393,18.350000381469727,-85.124252,2022-02-24,0.9600329995155334,11,130970004.298417
13.072111129760742,80.233842,19.020000457763672,-84.036499,2022-02-24,0.963254988193512,8,130970004.269493
13.071697235107422,80.233527,14.979999542236328,-84.191528,2022-02-24,0.9669820070266724,8,130970004.261229
13.071728706359863,80.240764,12.020000457763672,-81.85762023925781,2022-02-24,0.9554269909858704,11,130970004.281889
13.07129955291748,80.225822,12.65999984741211,-83.767502,2022-02-24,0.9534249901771545,6,130970003.831445
13.071282386779785,80.233212,12.09000015258789,-84.699409,2022-02-24,0.9623960256576538,8,130970004.252965
13.071313858032227,80.24044799804688,16.440001,-84.622314453125,2022-02-24,0.9547910094261169,11,130970004.273625
13.07088565826416,80.225509,14.640000343322754,-83.286781,2022-02-24,0.9564239978790283,6,130970003.823181
13.070867538452148,80.23289489746094,2.3499999046325684,-84.707077,2022-02-24,0.9628120064735413,8,130970004.244701
13.070899963378906,80.2401351928711,12.539999961853027,-84.35556030273438,2022-02-24,0.9639080166816711,11,130970004.265361
13.070486068725586,80.23982238769531,8.760000228881836,-84.541679,2022-02-24,0.9601899981498718,11,130970004.257097
13.07005786895752,80.224882,18.870001,-83.255028,2022-02-24,0.9601280093193054,6,130970003.806653
13.07007122039795,80.239509,16.549999,-84.37118530273438,2022-02-24,0.9666759967803955,11,130970004.248833
13.069623947143555,80.231956,13.59000015258789,-83.111259,2022-02-24,0.9622079730033875,8,130970004.219909
13.069656372070312,80.239195,20.0,-84.346428,2022-02-24,0.9644290208816528,11,130970004.240569
13.069210052490234,80.231642,13.25,-85.086479,2022-02-24,0.9534249901771545,8,130970004.211645
13.069241523742676,80.23887634277344,17.520000457763672,-84.993309,2022-02-24,0.9524970054626465,11,130970004.232305
13.068795204162598,80.231327,9.8100004196167,-84.78059387207031,2022-02-24,0.9678130149841309,8,130970004.203381
13.068826675415039,80.238567,19.700001,-85.025398,2022-02-24,0.9593260288238525,11,130970004.224041
13.068412780761719,80.238252,14.300000190734863,-81.65513610839844,2022-02-24,0.9596089720726013,11,130970004.215777
13.067997932434082,80.237939,18.540001,-84.534348,2022-02-24,0.9645770192146301,11,130970004.207513
13.067549705505371,80.230387,15.460000038146973,-81.731209,2022-02-24,0.9600329995155334,8,130970004.178589
13.067583084106445,80.237623,13.670000076293945,-84.04954528808594,2022-02-24,0.9627730250358582,11,130970004.199249
13.06713581085205,80.230071,12.729999542236328,-84.886452,2022-02-24,0.9653189778327942,8,130970004.170325
13.067168235778809,80.237308,11.609999656677246,-84.444992,2022-02-24,0.9619010090827942,11,130970004.190985
13.066754341125488,80.236994,13.970000267028809,-85.525337,2022-02-24,0.9625489711761475,11,130970004.182721
13.066306114196777,80.229443,11.829999923706055,-81.03535461425781,2022-02-24,0.9602100253105164,8,130970004.153797
13.065923690795898,80.236367,16.100000381469727,-84.33131408691406,2022-02-24,0.9663519859313965,11,130970004.166193
13.06589126586914,80.22913360595703,16.25,-83.841507,2022-02-24,0.9592040181159973,8,130970004.145533
13.065476417541504,80.228815,16.620001,-83.91044616699219,2022-02-24,0.9542999863624573,8,130970004.137269
13.065508842468262,80.236054,19.360001,-84.648911,2022-02-24,0.964257001876831,11,130970004.157929
13.065093994140625,80.2357406616211,20.559999,-84.411827,2022-02-24,0.9615790247917175,11,130970004.149665
13.064645767211914,80.228185,4.489999771118164,-77.85531616210938,2022-02-24,0.9653810262680054,8,130970004.120741
13.064679145812988,80.235424,13.4399995803833,-84.085312,2022-02-24,0.9527270197868347,11,130970004.141401
13.064230918884277,80.227872,14.489999771118164,-84.32884979248047,2022-02-24,0.9524059891700745,8,130970004.112477
13.064264297485352,80.235111,17.670000076293945,-83.948639,2022-02-24,0.953495979309082,11,130970004.133137
13.06381607055664,80.227557,12.020000457763672,-84.306953,2022-02-24,0.9540950059890747,8,130970004.104213
13.063849449157715,80.234796,18.200001,-84.499657,2022-02-24,0.9590650200843811,11,130970004.124873
13.063433647155762,80.234481,11.529999732971191,-84.50165557861328,2022-02-24,0.9607419967651367,11,130970004.116609
13.063401222229004,80.227244,15.050000190734863,-84.472778,2022-02-24,0.9557600021362305,8,130970004.095949
13.062986373901367,80.226929,14.380000114440918,-84.136688,2022-02-24,0.9519720077514648,8,130970004.087684
13.063017845153809,80.234168,17.149999618530273,-84.299301,2022-02-24,0.9596909880638123,11,130970004.108345
13.062569618225098,80.226615,14.229999542236328,-83.373291,2022-02-24,0.9665210247039795,8,130970004.079418
13.062602996826172,80.233853,15.390000343322754,-84.49468994140625,2022-02-24,0.9648439884185791,11,130970004.100081
13.062154769897461,80.226301,16.65999984741211,-86.25226593017578,2022-02-24,0.9583359956741333,8,130970004.071152
13.062188148498535,80.2335433959961,18.200001,-84.42127990722656,2022-02-24,0.967257022857666,11,130970004.091817
13.061739921569824,80.225987,13.520000457763672,-84.468033,2022-02-24,0.95415198802948,8,130970004.062886
13.061773300170898,80.233226,20.860001,-84.11056518554688,2022-02-24,0.9682170152664185,11,130970004.083551
13.061325073242188,80.225673,12.579999923706055,-81.65436553955078,2022-02-24,0.9649860262870789,8,130970004.05462
13.061358451843262,80.232912,19.43000030517578,-84.61957550048828,2022-02-24,0.9613569974899292,11,130970004.075285
13.060911178588867,80.225359,15.579999923706055,-82.66250610351562,2022-02-24,0.9549350142478943,8,130970004.046354
13.060942649841309,80.232597,15.84000015258789,-84.605957,2022-02-24,0.9607430100440979,11,130970004.067019
13.06049633026123,80.225045,15.09000015258789,-83.500397,2022-02-24,0.9573010206222534,8,130970004.038088
13.060527801513672,80.232281,13.029999732971191,-84.184052,2022-02-24,0.9612259864807129,11,130970004.058753
13.060113906860352,80.231966,3.700000047683716,-82.7021255493164,2022-02-24,0.972104012966156,11,130970004.050487
13.059699058532715,80.231652,8.869999885559082,-82.93619537353516,2022-02-24,0.9609670042991638,11,130970004.042221
13.059284210205078,80.23133850097656,16.479999542236328,-84.024933,2022-02-24,0.9621220231056213,11,130970004.033955
13.058869361877441,80.231025,13.479999542236328,-82.865913,2022-02-24,0.9624130129814148,11,130970004.025689
13.058453559875488,80.230711,12.239999771118164,-83.202209,2022-02-24,0.9578970074653625,11,130970004.017423
13.058039665222168,80.230397,12.319999694824219,-83.412689,2022-02-24,0.9584540128707886,11,130970004.009157
13.057624816894531,80.230083,13.819999694824219,-83.705139,2022-02-24,0.9608240127563477,11,130970004.000891
13.057210922241211,80.22976684570312,8.239999771118164,-76.854469,2022-02-24,0.9604740142822266,11,130970003.992625
13.05679702758789,80.229457,19.43000030517578,-83.05233001708984,2022-02-24,0.9616600275039673,11,130970003.984359
13.056382179260254,80.229142,13.520000457763672,-83.181847,2022-02-24,0.9562249779701233,11,130970003.976093
13.055968284606934,80.228828,12.210000038146973,-81.787048,2022-02-24,0.9542040228843689,11,130970003.967827
13.055554389953613,80.228514,13.930000305175781,-82.91061401367188,2022-02-24,0.9586960077285767,11,130970003.959561
13.054725646972656,80.227887,15.539999961853027,-82.6484146118164,2022-02-24,0.955348014831543,11,130970003.943029
13.054311752319336,80.227574,16.329999923706055,-82.304932,2022-02-24,0.952895998954773,11,130970003.934763
13.053483963012695,80.226949,25.5,-82.978577,2022-02-24,0.9523640275001526,11,130970003.918231
13.053070068359375,80.226633,16.479999542236328,-82.96072387695312,2022-02-24,0.9587560296058655,11,130970003.909965
13.052657127380371,80.226319,15.199999809265137,-82.989189,2022-02-24,0.9534890055656433,11,130970003.901699
13.05224323272705,80.226005,15.609999656677246,-82.98604583740234,2022-02-24,0.9576320052146912,11,130970003.893433
13.05182933807373,80.225691,15.430000305175781,-82.98543548583984,2022-02-24,0.957211971282959,11,130970003.885167
13.05141544342041,80.225379,21.229999542236328,-83.622192,2022-02-24,0.9520490169525146,11,130970003.876901
13.051000595092773,80.225065,19.620001,-83.19890594482422,2022-02-24,0.9670439958572388,11,130970003.868635
13.127900123596191,80.293187,9.890000343322754,-84.5582046508789,2023-02-14,0.9515470266342163,5,161654227.593439
13.128022193908691,80.307761,2.3499999046325684,-91.101402,2023-02-14,0.9916260242462158,8,161654228.031431
13.127779960632324,80.300222,2.4700000286102295,-91.090218,2023-02-14,0.9905340075492859,6,161654227.614099
13.127609252929688,80.307445,2.319999933242798,-90.98550415039062,2023-02-14,0.9915270209312439,8,161654228.023167
13.127670288085938,80.3145523071289,2.3499999046325684,-90.9622802734375,2023-02-14,0.9627370238304138,11,161654228.043827
13.127365112304688,80.299907,2.4700000286102295,-91.008308,2023-02-14,0.9871209859848022,6,161654227.605835
13.127195358276367,80.307129,2.2799999713897705,-90.916702,2023-02-14,0.9916470050811768,8,161654228.014903
13.127256393432617,80.314234,2.319999933242798,-91.101807,2023-02-14,0.9512919783592224,11,161654228.035563
13.12695026397705,80.299591,2.5399999618530273,-90.987831,2023-02-14,0.9863219857215881,6,161654227.597571
13.126781463623047,80.306814,2.390000104904175,-91.042381,2023-02-14,0.992372989654541,8,161654228.006639
13.126843452453613,80.313919,2.2799999713897705,-91.0024642944336,2023-02-14,0.969851016998291,11,161654228.027299
13.126654624938965,80.292236328125,5.989999771118164,-79.03113555908203,2023-02-14,0.9506840109825134,5,161654227.568647
13.126535415649414,80.299276,2.430000066757202,-90.971642,2023-02-14,0.9852340221405029,6,161654227.589307
13.126367568969727,80.306498,2.3499999046325684,-91.090721,2023-02-14,0.9910129904747009,8,161654227.998375
13.126428604125977,80.313603,2.2799999713897705,-91.013916015625,2023-02-14,0.9678260087966919,11,161654228.019035
13.126119613647461,80.29895782470703,2.4700000286102295,-91.004448,2023-02-14,0.9912970066070557,6,161654227.581043
13.125953674316406,80.306183,2.390000104904175,-91.004761,2023-02-14,0.9920759797096252,8,161654227.990111
13.126015663146973,80.313287,2.3499999046325684,-91.135628,2023-02-14,0.9557639956474304,11,161654228.010771
13.125704765319824,80.298644,2.4700000286102295,-91.023132,2023-02-14,0.9888309836387634,6,161654227.572779
13.125601768493652,80.312972,2.319999933242798,-91.162613,2023-02-14,0.9647870063781738,11,161654228.002507
13.125539779663086,80.305868,2.3499999046325684,-91.02328491210938,2023-02-14,0.9928269982337952,8,161654227.981847
13.125289916992188,80.298329,2.509999990463257,-90.924011,2023-02-14,0.9922900199890137,6,161654227.564515
13.125125885009766,80.305552,2.3499999046325684,-90.919434,2023-02-14,0.9914060235023499,8,161654227.973583
13.125187873840332,80.312656,2.3499999046325684,-90.96039581298828,2023-02-14,0.9592139720916748,11,161654227.994243
13.124711990356445,80.305237,2.3499999046325684,-91.01819610595703,2023-02-14,0.9934369921684265,8,161654227.965319
13.12446117401123,80.297697,2.509999990463257,-90.993912,2023-02-14,0.9824640154838562,6,161654227.547987
13.124298095703125,80.304922,2.3499999046325684,-90.961319,2023-02-14,0.9935610294342041,8,161654227.957055
13.124360084533691,80.312026,2.319999933242798,-91.046913,2023-02-14,0.9532049894332886,11,161654227.977715
13.124168395996094,80.290347,16.93000030517578,-85.137497,2023-02-14,0.9527890086174011,5,161654227.519063
13.124046325683594,80.297382,3.630000114440918,-90.767502,2023-02-14,0.9663739800453186,6,161654227.539723
13.123751640319824,80.29003143310547,5.090000152587891,-77.48392486572266,2023-02-14,0.9572870135307312,5,161654227.510799
13.123884201049805,80.304606,2.319999933242798,-90.90089416503906,2023-02-14,0.9919819831848145,8,161654227.948791
13.123946189880371,80.31170654296875,2.2799999713897705,-90.895638,2023-02-14,0.9631819725036621,11,161654227.969451
13.123337745666504,80.289715,13.819999694824219,-84.6537857055664,2023-02-14,0.951213002204895,5,161654227.502535
13.123469352722168,80.304291,2.3499999046325684,-91.046928,2023-02-14,0.9923959970474243,8,161654227.940527
13.12311840057373,80.31108093261719,2.3499999046325684,-90.991028,2023-02-14,0.9541620016098022,11,161654227.952923
13.122922897338867,80.289399,12.130000114440918,-84.701813,2023-02-14,0.9504860043525696,5,161654227.494271
13.123055458068848,80.303976,2.3499999046325684,-91.02334594726562,2023-02-14,0.9924259781837463,8,161654227.932263
13.122640609741211,80.303661,2.390000104904175,-91.149834,2023-02-14,0.993149995803833,8,161654227.923999
13.122509002685547,80.289083,12.0600004196167,-84.642273,2023-02-14,0.9514549970626831,5,161654227.486007
13.12222671508789,80.3033447265625,2.390000104904175,-91.04095458984375,2023-02-14,0.9928150177001953,8,161654227.915735
13.12209415435791,80.288767,11.050000190734863,-85.248291,2023-02-14,0.9522979855537415,5,161654227.477743
13.12168025970459,80.288452,7.53000020980835,-78.91230010986328,2023-02-14,0.9515500068664551,5,161654227.469479
13.121811866760254,80.30303192138672,2.319999933242798,-90.914429,2023-02-14,0.9918040037155151,8,161654227.907471
13.121397972106934,80.302715,2.390000104904175,-90.991211,2023-02-14,0.9930599927902222,8,161654227.899207
13.121146202087402,80.295173,10.40999984741211,-86.38232421875,2023-02-14,0.9599729776382446,6,161654227.481875
13.120850563049316,80.287821,15.619999885559082,-85.802467,2023-02-14,0.9780309796333313,5,161654227.452951
13.120983123779297,80.30239868164062,2.2799999713897705,-90.936852,2023-02-14,0.9938719868659973,8,161654227.890943
13.121047019958496,80.309504,2.3499999046325684,-90.95360565185547,2023-02-14,0.9540910124778748,11,161654227.911603
13.12043571472168,80.287505,4.789999961853027,-79.092712,2023-02-14,0.9557110071182251,5,161654227.444687
13.120569229125977,80.302085,2.390000104904175,-91.115547,2023-02-14,0.9925349950790405,8,161654227.882679
13.120318412780762,80.294543,9.65999984741211,-79.852577,2023-02-14,0.9546200037002563,6,161654227.465347
13.12015438079834,80.30177307128906,2.319999933242798,-90.86333465576172,2023-02-14,0.9936450123786926,8,161654227.874415
13.119738578796387,80.301455,2.4700000286102295,-91.13257598876953,2023-02-14,0.9959020018577576,8,161654227.866151
13.119804382324219,80.308558,2.3499999046325684,-91.197632,2023-02-14,0.9696109890937805,11,161654227.886811
13.119324684143066,80.30113983154297,2.5,-90.962692,2023-02-14,0.9961910247802734,8,161654227.857887
13.119388580322266,80.308243,2.3499999046325684,-91.222389,2023-02-14,0.9591609835624695,11,161654227.878547
13.118779182434082,80.286244,9.289999961853027,-86.44865417480469,2023-02-14,0.9553660154342651,5,161654227.411625
13.118910789489746,80.300826,2.4700000286102295,-86.046692,2023-02-14,0.9908419847488403,8,161654227.849623
13.118973731994629,80.307928,2.430000066757202,-91.098053,2023-02-14,0.9802489876747131,11,161654227.870283
13.118659973144531,80.293281,11.949999809265137,-85.352859,2023-02-14,0.9547489881515503,6,161654227.43229
13.118365287780762,80.28592681884766,13.369999885559082,-86.38327026367188,2023-02-14,0.9560289978981018,5,161654227.403359
13.11849594116211,80.300511,3.0999999046325684,-84.6749038696289,2023-02-14,0.9953410029411316,8,161654227.841359
13.118559837341309,80.307613,2.319999933242798,-90.89950561523438,2023-02-14,0.958702027797699,11,161654227.862019
13.118144989013672,80.307298,2.430000066757202,-91.09132385253906,2023-02-14,0.9570930004119873,11,161654227.853755
13.118083953857422,80.300198,15.649999618530273,-85.81707000732422,2023-02-14,0.9951130151748657,8,161654227.833095
13.117667198181152,80.299882,8.569999694824219,-86.485237,2023-02-14,0.9935380220413208,8,161654227.824831
13.117730140686035,80.306983,2.3499999046325684,-91.20014953613281,2023-02-14,0.963808000087738,11,161654227.845491
13.117253303527832,80.299567,8.949999809265137,-85.78475952148438,2023-02-14,0.9939659833908081,8,161654227.816567
13.117315292358398,80.306668,2.430000066757202,-91.21138000488281,2023-02-14,0.9663419723510742,11,161654227.837227
13.117003440856934,80.292021,6.510000228881836,-80.334061,2023-02-14,0.9550690054893494,6,161654227.399226
13.116705894470215,80.28466796875,2.509999990463257,-87.102501,2023-02-14,0.9500809907913208,5,161654227.370295
13.116836547851562,80.299252,5.159999847412109,-86.910393,2023-02-14,0.9934309720993042,8,161654227.808303
13.116292953491211,80.284357,11.680000305175781,-86.496582,2023-02-14,0.9520320296287537,5,161654227.362029
13.11642074584961,80.298936,2.7300000190734863,-86.872101,2023-02-14,0.9942589998245239,8,161654227.800039
13.116484642028809,80.306038,2.430000066757202,-91.076767,2023-02-14,0.9516929984092712,11,161654227.820699
13.11617374420166,80.291392,13.220000267028809,-85.832283,2023-02-14,0.951511025428772,6,161654227.382694
13.116009712219238,80.298625,21.56999969482422,-86.490303,2023-02-14,0.9931240081787109,8,161654227.791775
13.115654945373535,80.305408,2.390000104904175,-90.918556,2023-02-14,0.9528520107269287,11,161654227.804171
13.115591049194336,80.298306,2.950000047683716,-86.8117446899414,2023-02-14,0.9940429925918579,8,161654227.783511
13.115178108215332,80.297994,16.510000228881836,-86.90044403076172,2023-02-14,0.9947999715805054,8,161654227.775247
13.11505126953125,80.283415,14.460000038146973,-86.291443,2023-02-14,0.9570410251617432,5,161654227.337231
13.114933013916016,80.29045104980469,20.639999,-86.05720520019531,2023-02-14,0.9522449970245361,6,161654227.357896
13.114760398864746,80.297677,2.7300000190734863,-86.790001,2023-02-14,0.9947050213813782,8,161654227.766983
13.114517211914062,80.290134,11.350000381469727,-86.214691,2023-02-14,0.9551370143890381,6,161654227.34963
13.114221572875977,80.282787,8.800000190734863,-83.379257,2023-02-14,0.9511209726333618,5,161654227.320699
13.114344596862793,80.297362,2.619999885559082,-86.73143005371094,2023-02-14,0.9939159750938416,8,161654227.758719
13.114410400390625,80.304464,2.390000104904175,-90.85647583007812,2023-02-14,0.961372971534729,11,161654227.779379
13.113933563232422,80.29705047607422,23.520000457763672,-86.04388427734375,2023-02-14,0.9934430122375488,8,161654227.750455
13.113994598388672,80.304149,2.430000066757202,-91.05455017089844,2023-02-14,0.959306001663208,11,161654227.771115
13.113578796386719,80.303834,2.3499999046325684,-91.016037,2023-02-14,0.957843005657196,11,161654227.762851
13.113516807556152,80.296734,13.140000343322754,-87.22024536132812,2023-02-14,0.994189977645874,8,161654227.742191
13.113163948059082,80.303519,2.390000104904175,-91.019768,2023-02-14,0.9675170183181763,11,161654227.754587
13.1131010055542,80.296419,12.960000038146973,-87.203201,2023-02-14,0.9946309924125671,8,161654227.733927
13.112859725952148,80.288878,13.930000305175781,-86.82136535644531,2023-02-14,0.9506919980049133,6,161654227.316566
13.112686157226562,80.29610443115234,12.279999732971191,-87.220703,2023-02-14,0.9951199889183044,8,161654227.725663
13.112749099731445,80.303204,3.890000104904175,-90.89329528808594,2023-02-14,0.9554060101509094,11,161654227.746323
13.112271308898926,80.295789,12.359999656677246,-87.503609,2023-02-14,0.9952170252799988,8,161654227.717399
13.112149238586426,80.281217,11.649999618530273,-85.54903411865234,2023-02-14,0.9564729928970337,5,161654227.279369
13.111856460571289,80.295474,15.279999732971191,-86.111893,2023-02-14,0.9960100054740906,8,161654227.709135
13.111920356750488,80.302575,6.78000020980835,-91.200951,2023-02-14,0.9862689971923828,11,161654227.729795
13.11143970489502,80.295159,9.510000228881836,-83.021523,2023-02-14,0.995015025138855,8,161654227.700871
13.110905647277832,80.280275,4.230000019073486,-74.22224426269531,2023-02-14,0.9629589915275574,5,161654227.254571
13.111024856567383,80.294844,14.600000381469727,-87.291992,2023-02-14,0.9940739870071411,8,161654227.692607
13.110787391662598,80.287308,5.389999866485596,-79.42232513427734,2023-02-14,0.9692490100860596,6,161654227.275236
13.110671997070312,80.301629,2.390000104904175,-90.943871,2023-02-14,0.9815289974212646,11,161654227.705003
13.11060905456543,80.294528,12.539999961853027,-86.980652,2023-02-14,0.9937220215797424,8,161654227.684343
13.110194206237793,80.294213,12.920000076293945,-87.15716552734375,2023-02-14,0.9948530197143555,8,161654227.676079
13.110257148742676,80.301314,2.430000066757202,-91.043259,2023-02-14,0.9824650287628174,11,161654227.696739
13.109779357910156,80.293899,14.079999923706055,-86.878357,2023-02-14,0.9946280121803284,8,161654227.667815
13.109245300292969,80.279016,12.989999771118164,-86.892464,2023-02-14,0.9608870148658752,5,161654227.221507
13.109363555908203,80.293584,15.84000015258789,-85.794792,2023-02-14,0.9914720058441162,8,161654227.659551
13.108948707580566,80.293269,16.440001,-86.6502456665039,2023-02-14,0.9941880106925964,8,161654227.651287
13.108713150024414,80.28573608398438,10.859999656677246,-85.752289,2023-02-14,0.9869310259819031,6,161654227.233906
13.108414649963379,80.278386,8.539999961853027,-81.550087,2023-02-14,0.9524949789047241,5,161654227.204975
13.10853385925293,80.292953,14.829999923706055,-85.888458,2023-02-14,0.9888859987258911,8,161654227.643023
13.108297348022461,80.2854232788086,4.869999885559082,-85.707588,2023-02-14,0.9610720276832581,6,161654227.22564
13.107998847961426,80.278071,15.579999923706055,-87.90682983398438,2023-02-14,0.9640939831733704,5,161654227.196711
13.108119010925293,80.292638,15.5,-85.567909,2023-02-14,0.9936270117759705,8,161654227.634759
13.10770320892334,80.292323,8.420000076293945,-79.51889038085938,2023-02-14,0.9621689915657043,8,161654227.626495
13.107583045959473,80.277754,10.40999984741211,-87.63607025146484,2023-02-14,0.9519690275192261,5,161654227.188447
13.107287406921387,80.292007,3.0299999713897705,-79.142662,2023-02-14,0.9517880082130432,8,161654227.618231
13.10716724395752,80.277439,10.859999656677246,-87.664169,2023-02-14,0.9558449983596802,5,161654227.180183
13.107053756713867,80.284479,32.25,-86.164009,2023-02-14,0.9518539905548096,6,161654227.200843
13.106871604919434,80.291692,9.850000381469727,-84.098969,2023-02-14,0.9505680203437805,8,161654227.609967
13.106457710266113,80.291377,13.369999885559082,-84.089661,2023-02-14,0.9609879851341248,8,161654227.601703
13.106221199035645,80.283846,18.049999,-86.63516998291016,2023-02-14,0.9529169797897339,6,161654227.184315
13.106042861938477,80.291061,8.609999656677246,-81.127991,2023-02-14,0.9582070112228394,8,161654227.593439
13.105691909790039,80.297849,12.0600004196167,-87.70648956298828,2023-02-14,0.9552630186080933,11,161654227.605835
13.105388641357422,80.283214,12.210000038146973,-86.272179,2023-02-14,0.9562249779701233,6,161654227.167787
13.105626106262207,80.290744,7.96999979019165,-87.443832,2023-02-14,0.9937459826469421,8,161654227.585175
13.10521125793457,80.290428,3.3299999237060547,-86.616966,2023-02-14,0.9935470223426819,8,161654227.576911
13.104972839355469,80.282898,13.710000038146973,-85.322563,2023-02-14,0.9509900212287903,6,161654227.159523
13.104796409606934,80.290113,5.539999961853027,-86.70108032226562,2023-02-14,0.9935910105705261,8,161654227.568647
13.104862213134766,80.297218,10.930000305175781,-87.241821,2023-02-14,0.9566010236740112,11,161654227.589307
13.10438346862793,80.289798,10.779999732971191,-84.457672,2023-02-14,0.9945579767227173,8,161654227.560383
13.103968620300293,80.289484,17.530001,-85.842033,2023-02-14,0.9919909834861755,8,161654227.552119
13.103617668151855,80.296271,13.779999732971191,-87.481956,2023-02-14,0.9504070281982422,11,161654227.564515
13.10355281829834,80.289167,10.449999809265137,-84.62236022949219,2023-02-14,0.9939669966697693,8,161654227.543855
13.10330867767334,80.281634,13.930000305175781,-84.312424,2023-02-14,0.959555983543396,6,161654227.126467
13.10313892364502,80.288852,17.75,-86.7516098022461,2023-02-14,0.9937319755554199,8,161654227.535591
13.102724075317383,80.28853607177734,10.630000114440918,-84.424133,2023-02-14,0.9935219883918762,8,161654227.527327
13.102787971496582,80.29563903808594,13.630000114440918,-87.129417,2023-02-14,0.9521099925041199,11,161654227.547987
13.102311134338379,80.288222,21.610001,-85.764488,2023-02-14,0.9947590231895447,8,161654227.519063
13.101895332336426,80.287905,17.790001,-87.017609,2023-02-14,0.9941329956054688,8,161654227.510799
13.101343154907227,80.273016,28.129999,-87.133339,2023-02-14,0.950419008731842,5,161654227.064487
13.101479530334473,80.28759002685547,15.170000076293945,-85.713753,2023-02-14,0.9939630031585693,8,161654227.502535
13.101544380187988,80.294693,11.380000114440918,-86.405663,2023-02-14,0.9618409872055054,11,161654227.523195
13.101067543029785,80.287276,26.81999969482422,-84.411263,2023-02-14,0.9932690262794495,8,161654227.494271
13.100650787353516,80.286958,9.25,-83.874969,2023-02-14,0.9941539764404297,8,161654227.486007
13.100235939025879,80.286643,14.0,-87.463631,2023-02-14,0.9926649928092957,8,161654227.477743
13.100301742553711,80.293747,17.600000381469727,-85.95817565917969,2023-02-14,0.9521920084953308,11,161654227.498403
13.099979400634766,80.279104,20.229999542236328,-85.50337982177734,2023-02-14,0.9516230225563049,6,161654227.060355
13.099822044372559,80.286328,17.829999923706055,-87.505363,2023-02-14,0.9943360090255737,8,161654227.469479
13.099675178527832,80.2717514038086,17.75,-88.301888,2023-02-14,0.954472005367279,5,161654227.031431
13.09956169128418,80.278788,9.619999885559082,-74.258621,2023-02-14,0.9512090086936951,6,161654227.052091
13.099408149719238,80.286012,13.029999732971191,-84.798583984375,2023-02-14,0.994825005531311,8,161654227.461215
13.09883975982666,80.271117,3.890000104904175,-87.11157989501953,2023-02-14,0.9582589864730835,5,161654227.014903
13.098993301391602,80.285696,14.300000190734863,-87.654991,2023-02-14,0.993395984172821,8,161654227.452951
13.098644256591797,80.292486,19.100000381469727,-84.761032,2023-02-14,0.9554929733276367,11,161654227.465347
13.098424911499023,80.270803,6.659999847412109,-84.55125427246094,2023-02-14,0.9608610272407532,5,161654227.006639
13.098578453063965,80.285381,9.170000076293945,-84.304237,2023-02-14,0.9945679903030396,8,161654227.444687
13.098164558410645,80.285067,15.619999885559082,-86.966461,2023-02-14,0.9934329986572266,8,161654227.436423
13.098231315612793,80.292171,25.620001,-85.4117660522461,2023-02-14,0.9516900181770325,11,161654227.457083
13.097750663757324,80.284752,18.09000015258789,-86.896721,2023-02-14,0.993153989315033,8,161654227.428157
13.097818374633789,80.291857,30.969999,-85.555511,2023-02-14,0.9576079845428467,11,161654227.448819
13.097335815429688,80.284437,15.239999771118164,-85.611259,2023-02-14,0.9758059978485107,8,161654227.419891
13.097399711608887,80.291539,14.34000015258789,-85.419533,2023-02-14,0.9640359878540039,11,161654227.440555
13.096758842468262,80.269544,10.329999923706055,-87.105202,2023-02-14,0.9519789814949036,5,161654226.973583
13.096921920776367,80.284122,9.399999618530273,-79.20507049560547,2023-02-14,0.9757900238037109,8,161654227.411625
13.096985816955566,80.291224,13.369999885559082,-84.694878,2023-02-14,0.9565439820289612,11,161654227.43229
13.09650707244873,80.283807,15.619999885559082,-85.72990417480469,2023-02-14,0.9946010112762451,8,161654227.403359
13.096571922302246,80.290909,12.960000038146973,-81.885483,2023-02-14,0.9595770239830017,11,161654227.424024
13.095744132995605,80.290283203125,14.680000305175781,-78.00650024414062,2023-02-14,0.9549649953842163,11,161654227.407492
13.09526538848877,80.282863,16.139999,-84.97974395751953,2023-02-14,0.9798849821090698,8,161654227.378561
13.095330238342285,80.289965,20.260000228881836,-85.25992584228516,2023-02-14,0.9558809995651245,11,161654227.399226
13.095099449157715,80.268293,38.72999954223633,-86.916138,2023-02-14,0.951619029045105,5,161654226.940527
13.094852447509766,80.28254699707031,18.309999,-84.38479614257812,2023-02-14,0.9580680131912231,8,161654227.370295
13.094917297363281,80.289652,19.360001,-77.232559,2023-02-14,0.9627820253372192,11,161654227.39096
13.094436645507812,80.282235,8.84000015258789,-76.144508,2023-02-14,0.9536330103874207,8,161654227.362029
13.094499588012695,80.289335,9.850000381469727,-78.05778503417969,2023-02-14,0.9531109929084778,11,161654227.382694
13.094022750854492,80.281921,18.950001,-85.3117446899414,2023-02-14,0.9839299917221069,8,161654227.353763
13.094086647033691,80.289021,21.079999923706055,-85.786613,2023-02-14,0.9542790055274963,11,161654227.374428
13.093607902526855,80.281606,18.309999,-85.588051,2023-02-14,0.9550589919090271,8,161654227.345497
13.093194007873535,80.281293,5.5,-71.189087,2023-02-14,0.9592069983482361,8,161654227.337231
13.093016624450684,80.266722,14.869999885559082,-86.964622,2023-02-14,0.9567679762840271,5,161654226.899207
13.092900276184082,80.273752,6.179999828338623,-85.8899154663086,2023-02-14,0.9555850028991699,6,161654226.919867
13.092780113220215,80.280979,22.100000381469727,-85.11602020263672,2023-02-14,0.963083028793335,8,161654227.328965
13.092844009399414,80.288078,20.260000228881836,-86.59778594970703,2023-02-14,0.9573550224304199,11,161654227.34963
13.09260082244873,80.266408,13.289999961853027,-85.771294,2023-02-14,0.9552099704742432,5,161654226.890943
13.092365264892578,80.280664,17.079999923706055,-84.996857,2023-02-14,0.9654380083084106,8,161654227.320699
13.092429161071777,80.287764,15.170000076293945,-85.45038604736328,2023-02-14,0.9531909823417664,11,161654227.341364
13.092185020446777,80.266095,7.110000133514404,-80.228256,2023-02-14,0.9528350234031677,5,161654226.882679
13.09206771850586,80.273124,2.950000047683716,-87.3104248046875,2023-02-14,0.9639989733695984,6,161654226.903339
13.091952323913574,80.280351,17.079999923706055,-77.223877,2023-02-14,0.9565849900245667,8,161654227.312433
13.092016220092773,80.2874526977539,20.93000030517578,-86.044342,2023-02-14,0.9721559882164001,11,161654227.333098
13.091652870178223,80.272812,8.010000228881836,-88.68989562988281,2023-02-14,0.964015007019043,6,161654226.895075
13.091355323791504,80.265469,11.079999923706055,-82.291908,2023-02-14,0.9505069851875305,5,161654226.866151
13.091537475585938,80.280036,11.079999923706055,-74.13203430175781,2023-02-14,0.9539039731025696,8,161654227.304167
13.091601371765137,80.287136,17.979999542236328,-85.268311,2023-02-14,0.9556450247764587,11,161654227.324832
13.09123706817627,80.272498,5.130000114440918,-88.201248,2023-02-14,0.9639509916305542,6,161654226.886811
13.091185569763184,80.286822,19.020000457763672,-86.812469,2023-02-14,0.9673770070075989,11,161654227.316566
13.090938568115234,80.265156,16.549999,-87.054672,2023-02-14,0.9542739987373352,5,161654226.857887
13.090822219848633,80.272185,10.970000267028809,-87.981644,2023-02-14,0.9510089755058289,6,161654226.878547
13.090707778930664,80.279408,21.610001,-85.200493,2023-02-14,0.9623839855194092,8,161654227.287635
13.09076976776123,80.286506,8.390000343322754,-86.136009,2023-02-14,0.9697520136833191,11,161654227.3083
13.090523719787598,80.264842,15.619999885559082,-87.391701,2023-02-14,0.9532189965248108,5,161654226.849623
13.09029483795166,80.279095,16.329999923706055,-73.056839,2023-02-14,0.9612529873847961,8,161654227.279369
13.089574813842773,80.271245,5.949999809265137,-88.37236022949219,2023-02-14,0.9559149742126465,6,161654226.853755
13.089463233947754,80.2784652709961,18.270000457763672,-85.42547607421875,2023-02-14,0.9526200294494629,8,161654227.262837
13.089278221130371,80.263903,15.579999923706055,-87.140503,2023-02-14,0.9540079832077026,5,161654226.824831
13.089162826538086,80.27093505859375,3.6700000762939453,-62.425315856933594,2023-02-14,0.9552040100097656,6,161654226.845491
13.08905029296875,80.278151,24.870001,-84.90744018554688,2023-02-14,0.9610540270805359,8,161654227.254571
13.08874797821045,80.270622,2.690000057220459,-59.38319396972656,2023-02-14,0.9550619721412659,6,161654226.837227
13.088699340820312,80.284936,21.350000381469727,-88.049492,2023-02-14,0.9512680172920227,11,161654227.26697
13.08863353729248,80.277836,7.409999847412109,-72.308907,2023-02-14,0.9619519710540771,8,161654227.246305
13.088217735290527,80.277521,19.440001,-89.388107,2023-02-14,0.9891729950904846,8,161654227.238039
13.08828353881836,80.284622,19.809999,-87.5951156616211,2023-02-14,0.9525619745254517,11,161654227.258704
13.088034629821777,80.262964,22.959999,-86.371429,2023-02-14,0.9560840129852295,5,161654226.800039
13.087916374206543,80.269993,14.489999771118164,-87.754608,2023-02-14,0.9507970213890076,6,161654226.820699
13.087804794311523,80.277208,13.970000267028809,-75.398567,2023-02-14,0.9523559808731079,8,161654227.229773
13.087869644165039,80.284308,24.34000015258789,-87.830147,2023-02-14,0.9656360149383545,11,161654227.250438
13.087388038635254,80.276891,15.84000015258789,-84.562691,2023-02-14,0.955111026763916,8,161654227.221507
13.086670875549316,80.269053,11.649999618530273,-85.004463,2023-02-14,0.9577239751815796,6,161654226.795907
13.08655834197998,80.276262,19.399999618530273,-85.56879425048828,2023-02-14,0.9611560106277466,8,161654227.204975
13.086624145507812,80.283363,17.860001,-87.604202,2023-02-14,0.9606099724769592,11,161654227.22564
13.08625602722168,80.268738,9.850000381469727,-88.376556,2023-02-14,0.9641379714012146,6,161654226.787643
13.08620834350586,80.283048,14.270000457763672,-87.563049,2023-02-14,0.9672390222549438,11,161654227.217374
13.085962295532227,80.261394,22.65999984741211,-86.23231506347656,2023-02-14,0.9525539875030518,5,161654226.758719
13.086141586303711,80.275946,19.25,-87.5250244140625,2023-02-14,0.984935998916626,8,161654227.196711
13.085724830627441,80.275629,11.869999885559082,-87.279747,2023-02-14,0.9896240234375,8,161654227.188447
13.085792541503906,80.282733,16.59000015258789,-87.7619400024414,2023-02-14,0.9581140279769897,11,161654227.209108
13.085309028625488,80.275313,7.639999866485596,-86.467979,2023-02-14,0.9786670207977295,8,161654227.180183
13.085378646850586,80.282419,20.34000015258789,-86.4491958618164,2023-02-14,0.9617869853973389,11,161654227.200843
13.085131645202637,80.2607650756836,16.81999969482422,-87.063789,2023-02-14,0.9594069719314575,5,161654226.742191
13.084893226623535,80.274997,7.340000152587891,-86.30619049072266,2023-02-14,0.9820110201835632,8,161654227.171919
13.08496379852295,80.2821044921875,26.739999771118164,-86.992653,2023-02-14,0.9733780026435852,11,161654227.192579
13.084717750549316,80.260451,16.549999,-86.769821,2023-02-14,0.9516389966011047,5,161654226.733927
13.084301948547363,80.260135,7.110000133514404,-87.609329,2023-02-14,0.956371009349823,5,161654226.725663
13.084477424621582,80.274681,7.599999904632568,-86.943169,2023-02-14,0.9934380054473877,8,161654227.163655
13.084545135498047,80.281786,9.550000190734863,-85.628838,2023-02-14,0.9588220119476318,11,161654227.184315
13.083887100219727,80.259819,2.430000066757202,-87.76636505126953,2023-02-14,0.9618939757347107,5,161654226.717399
13.084060668945312,80.274365,7.340000152587891,-89.72801971435547,2023-02-14,0.9928900003433228,8,161654227.155391
13.084129333496094,80.2814712524414,10.5600004196167,-88.284729,2023-02-14,0.9662629961967468,11,161654227.176051
13.083715438842773,80.281155,16.739999771118164,-88.625076,2023-02-14,0.9632189869880676,11,161654227.167787
13.08347225189209,80.259505,2.4700000286102295,-87.695023,2023-02-14,0.9508839845657349,5,161654226.709135
13.08364486694336,80.274049,2.5,-82.573502,2023-02-14,0.9846500158309937,8,161654227.147127
13.083230018615723,80.273734,11.569999694824219,-85.622177,2023-02-14,0.979092001914978,8,161654227.138863
13.083297729492188,80.280839,10.180000305175781,-88.037338,2023-02-14,0.9621229767799377,11,161654227.159523
13.08281421661377,80.273419,15.390000343322754,-86.94623565673828,2023-02-14,0.9923850297927856,8,161654227.130599
13.08288288116455,80.280523,17.299999,-88.1475601196289,2023-02-14,0.9665899872779846,11,161654227.151259
13.082398414611816,80.273102,15.880000114440918,-87.58871459960938,2023-02-14,0.9936569929122925,8,161654227.122335
13.082467079162598,80.280207,17.34000015258789,-88.170242,2023-02-14,0.9601330161094666,11,161654227.142995
13.081985473632812,80.272789,30.370001,-88.177811,2023-02-14,0.9939659833908081,8,161654227.114071
13.082050323486328,80.279891,15.579999923706055,-87.946762,2023-02-14,0.9516170024871826,11,161654227.134731
13.081562995910645,80.272468,2.619999885559082,-87.40859985351562,2023-02-14,0.9951900243759155,8,161654227.105807
13.081635475158691,80.279576,20.450001,-88.124443,2023-02-14,0.9606480002403259,11,161654227.126467
13.081283569335938,80.264968,15.319999694824219,-85.771217,2023-02-14,0.9547280073165894,6,161654226.688475
13.081148147583008,80.272153,10.779999732971191,-87.1376953125,2023-02-14,0.98956298828125,8,161654227.097543
13.0808687210083,80.264653,16.59000015258789,-87.957993,2023-02-14,0.9522550106048584,6,161654226.680211
13.080730438232422,80.27183532714844,2.619999885559082,-87.23035430908203,2023-02-14,0.9924520254135132,8,161654227.089279
13.080801010131836,80.278942,15.390000343322754,-88.24740600585938,2023-02-14,0.9607489705085754,11,161654227.109939
13.080573081970215,80.257305,17.379999,-86.414352,2023-02-14,0.9622849822044373,5,161654226.651287
13.080314636230469,80.27152252197266,10.40999984741211,-88.013367,2023-02-14,0.9932870268821716,8,161654227.081015
13.080389022827148,80.278629,32.810001,-87.86767578125,2023-02-14,0.9707350134849548,11,161654227.101675
13.080039024353027,80.264023,11.649999618530273,-88.726379,2023-02-14,0.9520699977874756,6,161654226.663683
13.079896926879883,80.271203,3.5899999141693115,-88.270416,2023-02-14,0.9942439794540405,8,161654227.072751
13.07996654510498,80.278308,5.909999847412109,-88.44194030761719,2023-02-14,0.9532229900360107,11,161654227.093411
13.079480171203613,80.270887,5.949999809265137,-90.596649,2023-02-14,0.9935020208358765,8,161654227.064487
13.079548835754395,80.277992,2.950000047683716,-88.58279418945312,2023-02-14,0.9595940113067627,11,161654227.085147
13.07921028137207,80.263393,8.90999984741211,-88.543198,2023-02-14,0.964460015296936,6,161654226.647155
13.07906436920166,80.270571,6.329999923706055,-90.664612,2023-02-14,0.9934070110321045,8,161654227.056223
13.079133987426758,80.277677,10.479999542236328,-90.60747528076172,2023-02-14,0.9538059830665588,11,161654227.076883
13.07879638671875,80.263079,15.279999732971191,-87.728683,2023-02-14,0.9514039754867554,6,161654226.638891
13.078648567199707,80.270257,12.130000114440918,-86.59608459472656,2023-02-14,0.992326021194458,8,161654227.047959
13.078232765197754,80.269941,6.699999809265137,-80.055367,2023-02-14,0.9924489855766296,8,161654227.039695
13.078302383422852,80.277045,11.229999542236328,-89.212334,2023-02-14,0.9543610215187073,11,161654227.060355
13.077816009521484,80.269625,12.09000015258789,-87.78564453125,2023-02-14,0.9945979714393616,8,161654227.031431
13.077882766723633,80.276727,2.4700000286102295,-89.439774,2023-02-14,0.9597970247268677,11,161654227.052091
13.077400207519531,80.2693099975586,13.069999694824219,-87.11610412597656,2023-02-14,0.9932659864425659,8,161654227.023167
13.077251434326172,80.254783,7.190000057220459,-85.410347,2023-02-14,0.9636890292167664,5,161654226.585175
13.077136039733887,80.261819,15.619999885559082,-86.42642974853516,2023-02-14,0.9687640070915222,6,161654226.605835
13.076984405517578,80.268995,12.920000076293945,-86.908279,2023-02-14,0.982928991317749,8,161654227.014903
13.076420783996582,80.254154,14.460000038146973,-84.62952423095703,2023-02-14,0.9590569734573364,5,161654226.568647
13.076566696166992,80.2686767578125,12.470000267028809,-87.11231994628906,2023-02-14,0.9900689721107483,8,161654227.006639
13.07663631439209,80.275782,11.119999885559082,-87.803429,2023-02-14,0.9578649997711182,11,161654227.027299
13.076004981994629,80.253839,15.470000267028809,-85.382851,2023-02-14,0.9556959867477417,5,161654226.560383
13.076150894165039,80.268365,15.09000015258789,-87.023369,2023-02-14,0.9823600053787231,8,161654226.998375
13.075892448425293,80.260876,28.540001,-86.83192443847656,2023-02-14,0.9506279826164246,6,161654226.581043
13.07573413848877,80.26805114746094,13.4399995803833,-87.58433532714844,2023-02-14,0.9915249943733215,8,161654226.990111
13.075318336486816,80.267735,14.34000015258789,-87.266731,2023-02-14,0.9945600032806396,8,161654226.981847
13.075057983398438,80.260243,12.130000114440918,-86.944832,2023-02-14,0.9596260190010071,6,161654226.564515
13.074901580810547,80.267421,14.449999809265137,-86.381493,2023-02-14,0.9832469820976257,8,161654226.973583
13.074969291687012,80.27452087402344,8.460000038146973,-89.695778,2023-02-14,0.9637349843978882,11,161654226.994243
13.074485778808594,80.267107,13.4399995803833,-85.66212463378906,2023-02-14,0.9527480006217957,8,161654226.965319
13.074227333068848,80.259613,12.699999809265137,-82.596916,2023-02-14,0.9726669788360596,6,161654226.547987
13.07406997680664,80.266793,13.670000076293945,-87.690437,2023-02-14,0.9851490259170532,8,161654226.957055
13.073810577392578,80.259298,14.609999656677246,-87.092239,2023-02-14,0.9602339863777161,6,161654226.539723
13.073722839355469,80.273579,21.309999,-88.3612060546875,2023-02-14,0.9571179747581482,11,161654226.969451
13.073651313781738,80.266477,4.679999828338623,-90.405144,2023-02-14,0.9904429912567139,8,161654226.948791
13.073394775390625,80.258983,15.470000267028809,-86.925484,2023-02-14,0.9520080089569092,6,161654226.531459
13.073305130004883,80.273263,10.779999732971191,-88.58201599121094,2023-02-14,0.97017502784729,11,161654226.961187
13.073092460632324,80.251631,6.849999904632568,-86.45344543457031,2023-02-14,0.9573330283164978,5,161654226.502535
13.073237419128418,80.266164,10.149999618530273,-88.881844,2023-02-14,0.9937859773635864,8,161654226.940527
13.072978973388672,80.258667,13.289999961853027,-86.661003,2023-02-14,0.9551590085029602,6,161654226.523195
13.072821617126465,80.265851,15.130000114440918,-87.697807,2023-02-14,0.9946079850196838,8,161654226.932263
13.07288932800293,80.272949,11.050000190734863,-88.64225006103516,2023-02-14,0.9677219986915588,11,161654226.952923
13.072674751281738,80.251315,2.430000066757202,-86.295471,2023-02-14,0.9590820074081421,5,161654226.494271
13.072405815124512,80.265538,9.880000114440918,-80.875763,2023-02-14,0.994035005569458,8,161654226.923999
13.072260856628418,80.251003,16.100000381469727,-85.43186950683594,2023-02-14,0.964169979095459,5,161654226.486007
13.072148323059082,80.258039,27.190001,-86.50220489501953,2023-02-14,0.9524210095405579,6,161654226.506667
13.071990966796875,80.265225,13.369999885559082,-83.403328,2023-02-14,0.9794049859046936,8,161654226.915735
13.07205867767334,80.272323,17.979999542236328,-87.182869,2023-02-14,0.9543600082397461,11,161654226.936395
13.071429252624512,80.250372,9.170000076293945,-79.001663,2023-02-14,0.9561060070991516,5,161654226.469479
13.071574211120605,80.264911,14.829999923706055,-87.4391098022461,2023-02-14,0.9667840003967285,8,161654226.907471
13.07164192199707,80.272009,13.260000228881836,-85.483238,2023-02-14,0.9571970105171204,11,161654226.928131
13.071227073669434,80.271696,18.09000015258789,-87.237053,2023-02-14,0.9583920240402222,11,161654226.919867
13.071159362792969,80.264598,16.440001,-86.90121459960938,2023-02-14,0.9719169735908508,8,161654226.899207
13.07089900970459,80.257093,23.190001,-86.414032,2023-02-14,0.9544180035591125,6,161654226.481875
13.07081127166748,80.271382,17.149999618530273,-86.85346984863281,2023-02-14,0.9746699929237366,11,161654226.911603
13.0707426071167,80.264284,14.449999809265137,-86.693527,2023-02-14,0.9718819856643677,8,161654226.890943
13.070483207702637,80.256777,12.8100004196167,-81.62298583984375,2023-02-14,0.9573529958724976,6,161654226.473611
13.070326805114746,80.263971,12.84000015258789,-85.78096008300781,2023-02-14,0.9935410022735596,8,161654226.882679
13.070396423339844,80.271069,22.020000457763672,-87.53590393066406,2023-02-14,0.9574909806251526,11,161654226.903339
13.070180892944336,80.249427,12.470000267028809,-81.546043,2023-02-14,0.9557920098304749,5,161654226.444687
13.070066452026367,80.256462,15.65999984741211,-86.071587,2023-02-14,0.9567049741744995,6,161654226.465347
13.06991195678711,80.263658,15.09000015258789,-87.0602798461914,2023-02-14,0.9944210052490234,8,161654226.874415
13.069978713989258,80.270755,14.600000381469727,-87.222527,2023-02-14,0.9533060193061829,11,161654226.895075
13.069764137268066,80.249112,9.65999984741211,-85.110413,2023-02-14,0.9534459710121155,5,161654226.436423
13.06934928894043,80.248797,15.920000076293945,-85.257278,2023-02-14,0.9587039947509766,5,161654226.428158
13.069497108459473,80.263345,14.789999961853027,-86.821831,2023-02-14,0.9755560159683228,8,161654226.866151
13.069563865661621,80.270442,19.399999618530273,-86.702347,2023-02-14,0.9570810198783875,11,161654226.886811
13.069233894348145,80.255832,14.90999984741211,-85.94343566894531,2023-02-14,0.9562510251998901,6,161654226.448819
13.06893253326416,80.248482,14.420000076293945,-85.423553,2023-02-14,0.9576159715652466,5,161654226.419892
13.06908130645752,80.263031,13.5600004196167,-86.027428,2023-02-14,0.9918609857559204,8,161654226.857887
13.069149017333984,80.270129,17.489999771118164,-84.50703430175781,2023-02-14,0.9707340002059937,11,161654226.878547
13.06873607635498,80.269818,33.630001,-86.25395965576172,2023-02-14,0.9547579884529114,11,161654226.870283
13.068517684936523,80.248168,2.7300000190734863,-70.695831,2023-02-14,0.9596149921417236,5,161654226.411626
13.068670272827148,80.262722,35.31999969482422,-86.06512451171875,2023-02-14,0.9816820025444031,8,161654226.849623
13.06810188293457,80.247853,14.380000114440918,-82.48151397705078,2023-02-14,0.9535890221595764,5,161654226.40336
13.068255424499512,80.262408,33.47999954223633,-86.337029,2023-02-14,0.9944700002670288,8,161654226.841359
13.06783390045166,80.26209259033203,4.829999923706055,-86.575241,2023-02-14,0.9955559968948364,8,161654226.833095
13.067902565002441,80.269189,18.5,-86.52206420898438,2023-02-14,0.9547650218009949,11,161654226.853755
13.067419052124023,80.261776,3.5199999809265137,-86.52592468261719,2023-02-14,0.9955980181694031,8,161654226.824831
13.067004203796387,80.261463,4.039999961853027,-86.854424,2023-02-14,0.9950730204582214,8,161654226.816567
13.067070007324219,80.268562,7.940000057220459,-85.2115249633789,2023-02-14,0.9563090205192566,11,161654226.837227
13.06644058227539,80.246594,15.770000457763672,-84.91460418701172,2023-02-14,0.9552029967308044,5,161654226.370296
13.066590309143066,80.261151,10.630000114440918,-86.762672,2023-02-14,0.9952589869499207,8,161654226.808303
13.066656112670898,80.268249,14.0,-87.23596954345703,2023-02-14,0.9509649872779846,11,161654226.828963
13.066176414489746,80.260838,15.170000076293945,-86.341263,2023-02-14,0.9724199771881104,8,161654226.800039
13.065610885620117,80.24596405029297,11.569999694824219,-83.203262,2023-02-14,0.9598259925842285,5,161654226.353764
13.065760612487793,80.260525,15.319999694824219,-86.677292,2023-02-14,0.9785429835319519,8,161654226.791775
13.065347671508789,80.260212,20.600000381469727,-86.628738,2023-02-14,0.9666129946708679,8,161654226.783511
13.065196990966797,80.24565124511719,16.780001,-85.50371551513672,2023-02-14,0.9513829946517944,5,161654226.345498
13.065078735351562,80.252683,15.65999984741211,-86.346649,2023-02-14,0.9561899900436401,6,161654226.366163
13.064931869506836,80.259897,13.260000228881836,-86.394409,2023-02-14,0.961982011795044,8,161654226.775247
13.064995765686035,80.266995,12.210000038146973,-87.031174,2023-02-14,0.9506880044937134,11,161654226.795907
13.064366340637207,80.245019,10.260000228881836,-85.382019,2023-02-14,0.9518629908561707,5,161654226.328966
13.064517974853516,80.259583,15.770000457763672,-86.674881,2023-02-14,0.9721360206604004,8,161654226.766983
13.064581871032715,80.266681,12.539999961853027,-86.64844512939453,2023-02-14,0.9550690054893494,11,161654226.787643
13.063953399658203,80.244706,17.450001,-85.329712,2023-02-14,0.9546579718589783,5,161654226.3207
13.064103126525879,80.25926971435547,17.450001,-86.51844024658203,2023-02-14,0.9665719866752625,8,161654226.758719
13.064167022705078,80.266367,11.350000381469727,-86.777809,2023-02-14,0.9519060254096985,11,161654226.779379
13.063753128051758,80.266054,14.0,-86.36558532714844,2023-02-14,0.959443986415863,11,161654226.771115
13.063690185546875,80.258956,21.079999923706055,-86.114532,2023-02-14,0.9722239971160889,8,161654226.750455
13.063275337219238,80.258642,17.979999542236328,-85.717812,2023-02-14,0.9534569978713989,8,161654226.742191
13.063339233398438,80.26573944091797,15.390000343322754,-86.467712,2023-02-14,0.9591119885444641,11,161654226.762851
13.062859535217285,80.258327,14.119999885559082,-84.162003,2023-02-14,0.9690999984741211,8,161654226.733927
13.0629243850708,80.265426,15.020000457763672,-86.105339,2023-02-14,0.953540027141571,11,161654226.754587
13.062444686889648,80.258012,11.680000305175781,-85.703682,2023-02-14,0.9819350242614746,8,161654226.725663
13.062514305114746,80.265116,37.419998,-85.67206573486328,2023-02-14,0.9644700288772583,11,161654226.746323
13.062176704406738,80.250481,17.149999618530273,-86.27650451660156,2023-02-14,0.953199028968811,6,161654226.308301
13.062030792236328,80.257699,13.59000015258789,-85.59337615966797,2023-02-14,0.9816840291023254,8,161654226.717399
13.062094688415527,80.264798,14.270000457763672,-86.98089599609375,2023-02-14,0.9568489789962769,11,161654226.738059
13.061760902404785,80.250165,12.510000228881836,-86.60844421386719,2023-02-14,0.9565430283546448,6,161654226.300035
13.061615943908691,80.257384,14.420000076293945,-85.515503,2023-02-14,0.9949229955673218,8,161654226.709135
13.06168270111084,80.264486,26.329999923706055,-86.292427,2023-02-14,0.9569420218467712,11,161654226.729795
13.061347007751465,80.249851,7.230000019073486,-79.192749,2023-02-14,0.952472984790802,6,161654226.291769
13.061269760131836,80.264172,30.34000015258789,-86.095261,2023-02-14,0.9593999981880188,11,161654226.721531
13.061199188232422,80.257067,2.690000057220459,-90.249527,2023-02-14,0.9956989884376526,8,161654226.700871
13.060932159423828,80.249536,3.549999952316284,-80.503983,2023-02-14,0.9531430006027222,6,161654226.283503
13.060789108276367,80.256756,20.190001,-85.482422,2023-02-14,0.9792519807815552,8,161654226.692607
13.060853004455566,80.263856,21.610001,-86.065392,2023-02-14,0.9607729911804199,11,161654226.713267
13.060635566711426,80.242189,8.649999618530273,-80.609749,2023-02-14,0.9584550261497498,5,161654226.254572
13.06043815612793,80.263541,16.780001,-86.735832,2023-02-14,0.9735680222511292,11,161654226.705003
13.060105323791504,80.248908,20.68000030517578,-85.406128,2023-02-14,0.9571920037269592,6,161654226.266971
13.05996036529541,80.256127,18.420000076293945,-85.240143,2023-02-14,0.9642919898033142,8,161654226.676079
13.06002426147461,80.263227,16.65999984741211,-86.834663,2023-02-14,0.9771680235862732,11,161654226.696739
13.059690475463867,80.248593,16.670000076293945,-85.204727,2023-02-14,0.9519799947738647,6,161654226.258705
13.059609413146973,80.262912,10.300000190734863,-82.70450592041016,2023-02-14,0.9644579887390137,11,161654226.688475
13.059282302856445,80.248285,59.560001,-84.390091,2023-02-14,0.9594780206680298,6,161654226.250439
13.059135437011719,80.255502,42.360001,-84.247429,2023-02-14,0.9600030183792114,8,161654226.659551
13.05871868133545,80.255186,8.350000381469727,-57.08914566040039,2023-02-14,0.9739090204238892,8,161654226.651287
13.058445930480957,80.247649,7.940000057220459,-80.213852,2023-02-14,0.9549869894981384,6,161654226.233907
13.058300018310547,80.254867,14.380000114440918,-85.142273,2023-02-14,0.9739429950714111,8,161654226.643023
13.058364868164062,80.261968,12.579999923706055,-85.3420639038086,2023-02-14,0.9607189893722534,11,161654226.663683
13.058150291442871,80.240301,15.0600004196167,-83.49785614013672,2023-02-14,0.9526910185813904,5,161654226.204976
13.057953834533691,80.261655,28.280001,-85.30014038085938,2023-02-14,0.9619799852371216,11,161654226.655419
13.057473182678223,80.25424194335938,28.15999984741211,-84.812057,2023-02-14,0.9533630013465881,8,161654226.626495
13.05705738067627,80.253924,20.709999,-84.332275390625,2023-02-14,0.9511820077896118,8,161654226.618231
13.057121276855469,80.261023,12.960000038146973,-85.90211486816406,2023-02-14,0.9678419828414917,11,161654226.638891
13.056788444519043,80.24639129638672,5.429999828338623,-76.13628387451172,2023-02-14,0.9583780169487,6,161654226.200844
13.056641578674316,80.253609,23.06999969482422,-84.430161,2023-02-14,0.9544000029563904,8,161654226.609967
13.056707382202148,80.260709,15.170000076293945,-85.235207,2023-02-14,0.9642450213432312,11,161654226.630627
13.056291580200195,80.260394,14.119999885559082,-85.09848022460938,2023-02-14,0.953931987285614,11,161654226.622363
13.056075096130371,80.238725,6.289999961853027,-80.254059,2023-02-14,0.9502750039100647,5,161654226.163656
13.05595874786377,80.24575805664062,16.670000076293945,-83.669746,2023-02-14,0.9557269811630249,6,161654226.184316
13.05580997467041,80.252978,18.5,-84.381737,2023-02-14,0.9579619765281677,8,161654226.593439
13.055876731872559,80.26007843017578,15.949999809265137,-82.715431,2023-02-14,0.9524490237236023,11,161654226.614099
13.055395126342773,80.252663,17.190001,-85.109261,2023-02-14,0.9609500169754028,8,161654226.585175
13.055461883544922,80.259764,16.399999618530273,-85.207069,2023-02-14,0.9518489837646484,11,161654226.605835
13.055245399475098,80.238095,10.220000267028809,-83.309608,2023-02-14,0.9526240229606628,5,161654226.147128
13.055129051208496,80.24513244628906,5.730000019073486,-77.05083465576172,2023-02-14,0.9511470198631287,6,161654226.167788
13.054978370666504,80.252347,9.960000038146973,-84.697571,2023-02-14,0.9577360153198242,8,161654226.576911
13.05471420288086,80.244815,14.529999732971191,-84.125221,2023-02-14,0.9524980187416077,6,161654226.159524
13.054415702819824,80.23746490478516,11.079999923706055,-80.269836,2023-02-14,0.9545339941978455,5,161654226.1306
13.0546293258667,80.259132,3.2200000286102295,-83.818069,2023-02-14,0.9595990180969238,11,161654226.589307
13.054299354553223,80.244499,13.859999656677246,-83.16156005859375,2023-02-14,0.9529370069503784,6,161654226.15126
13.053885459899902,80.244185,18.239999771118164,-82.96932983398438,2023-02-14,0.9580119848251343,6,161654226.142996
13.053731918334961,80.251403,19.25,-84.031502,2023-02-14,0.9518439769744873,8,161654226.552119
13.05332088470459,80.251092,44.56999969482422,-83.96043395996094,2023-02-14,0.952114999294281,8,161654226.543855
13.053383827209473,80.258189,17.0,-86.039886,2023-02-14,0.9638000130653381,11,161654226.564515
13.05296802520752,80.257874,17.34000015258789,-85.974289,2023-02-14,0.9566900134086609,11,161654226.556251
13.052552223205566,80.257558,13.40999984741211,-86.256859,2023-02-14,0.9691929817199707,11,161654226.547987
13.052132606506348,80.257241,2.3499999046325684,-86.08049011230469,2023-02-14,0.9673309922218323,11,161654226.539723
13.051809310913086,80.242606,8.239999771118164,-84.203392,2023-02-14,0.9520760178565979,6,161654226.101676
13.051651000976562,80.249826,11.869999885559082,-83.72599029541016,2023-02-14,0.9527080059051514,8,161654226.510799
13.051716804504395,80.256926,2.390000104904175,-85.991203,2023-02-14,0.9737150073051453,11,161654226.531459
13.051395416259766,80.242292,14.380000114440918,-84.76697540283203,2023-02-14,0.9510759711265564,6,161654226.093412
13.05130386352539,80.256612,13.930000305175781,-85.524017,2023-02-14,0.964169979095459,11,161654226.523195
13.050979614257812,80.241977,16.25,-84.318787,2023-02-14,0.9560310244560242,6,161654226.085148
13.050889015197754,80.256298,19.739999771118164,-85.622673,2023-02-14,0.9589409828186035,11,161654226.514931
13.0504732131958,80.255983,23.149999618530273,-86.15829467773438,2023-02-14,0.9625409841537476,11,161654226.506667
13.049986839294434,80.248565,3.5899999141693115,-73.678612,2023-02-14,0.9589459896087646,8,161654226.477743
13.050056457519531,80.255667,13.4399995803833,-82.586472,2023-02-14,0.9661269783973694,11,161654226.498403
13.04957103729248,80.248251,18.350000381469727,-85.605431,2023-02-14,0.9502379894256592,8,161654226.469479
13.049638748168945,80.255352,13.520000457763672,-85.682457,2023-02-14,0.9593080282211304,11,161654226.490139
13.049322128295898,80.240713,14.789999961853027,-84.02985382080078,2023-02-14,0.9574220180511475,6,161654226.052092
13.049155235290527,80.247935,15.84000015258789,-84.800163,2023-02-14,0.9595379829406738,8,161654226.461215
13.049223899841309,80.255037,17.75,-85.768829,2023-02-14,0.9576429724693298,11,161654226.481875
13.048807144165039,80.254721,12.65999984741211,-85.494919,2023-02-14,0.9584280252456665,11,161654226.473611
13.048739433288574,80.24761962890625,16.059999,-84.549026,2023-02-14,0.9675390124320984,8,161654226.452951
13.048322677612305,80.247305,12.510000228881836,-84.640007,2023-02-14,0.9784250259399414,8,161654226.444687
13.048391342163086,80.254406,12.770000457763672,-85.23601531982422,2023-02-14,0.9636189937591553,11,161654226.465347
13.047907829284668,80.246991,18.270000457763672,-82.6375503540039,2023-02-14,0.9679539799690247,8,161654226.436423
13.047977447509766,80.254092,21.530001,-85.78506469726562,2023-02-14,0.956080973148346,11,161654226.457083
13.047783851623535,80.23241424560547,18.049999,-83.54925537109375,2023-02-14,0.9532880187034607,5,161654225.998376
13.04755973815918,80.253776,17.530001,-85.855553,2023-02-14,0.956387996673584,11,161654226.448819
13.047250747680664,80.239134,18.950001,-84.4381103515625,2023-02-14,0.958965003490448,6,161654226.010772
13.047076225280762,80.2463607788086,17.489999771118164,-85.0449447631836,2023-02-14,0.9639080166816711,8,161654226.419891
13.047143936157227,80.253461,15.470000267028809,-86.09786987304688,2023-02-14,0.9735130071640015,11,161654226.440555
13.046836853027344,80.238818,16.399999618530273,-83.821732,2023-02-14,0.9556360244750977,6,161654226.002508
13.04654312133789,80.231464,10.220000267028809,-84.258133,2023-02-14,0.9651560187339783,5,161654225.973584
13.046660423278809,80.246045,14.449999809265137,-82.156921,2023-02-14,0.9674069881439209,8,161654226.411625
13.046728134155273,80.253146,16.399999618530273,-86.225159,2023-02-14,0.9551129937171936,11,161654226.43229
13.04631233215332,80.252831,16.780001,-86.646011,2023-02-14,0.9759089946746826,11,161654226.424024
13.046130180358887,80.231149,15.170000076293945,-80.869614,2023-02-14,0.9543120265007019,5,161654225.96532
13.04601001739502,80.238186,17.600000381469727,-84.554672,2023-02-14,0.9518430233001709,6,161654225.98598
13.045828819274902,80.245416,16.360001,-84.091423,2023-02-14,0.956242024898529,8,161654226.395093
13.045894622802734,80.252515,10.260000228881836,-86.1749496459961,2023-02-14,0.9735249876976013,11,161654226.415758
13.04571533203125,80.230831,2.7699999809265137,-80.8984146118164,2023-02-14,0.9537280201911926,5,161654225.957056
13.0455961227417,80.237869,14.039999961853027,-83.689056,2023-02-14,0.9547839760780334,6,161654225.977716
13.045413970947266,80.245101,16.059999,-84.590569,2023-02-14,0.9561610221862793,8,161654226.386827
13.045480728149414,80.252202,18.989999771118164,-86.13059997558594,2023-02-14,0.9653769731521606,11,161654226.407492
13.045305252075195,80.230517,21.309999,-83.091438,2023-02-14,0.9569380283355713,5,161654225.948792
13.045183181762695,80.237553,15.470000267028809,-84.172737,2023-02-14,0.9537100195884705,6,161654225.969452
13.044891357421875,80.2302017211914,14.489999771118164,-83.128357,2023-02-14,0.9593619704246521,5,161654225.940528
13.044998168945312,80.244785,12.8100004196167,-84.923599,2023-02-14,0.9657660126686096,8,161654226.378561
13.045064926147461,80.251886,13.369999885559082,-85.6966552734375,2023-02-14,0.9613109827041626,11,161654226.399226
13.044769287109375,80.23723602294922,13.069999694824219,-84.283257,2023-02-14,0.9592689871788025,6,161654225.961188
13.044585227966309,80.244472,20.860001,-84.696373,2023-02-14,0.9575920104980469,8,161654226.370295
13.04465103149414,80.251572,18.540001,-85.153679,2023-02-14,0.9722129702568054,11,161654226.39096
13.044356346130371,80.236921,14.380000114440918,-83.437363,2023-02-14,0.9619290232658386,6,161654225.952924
13.044169425964355,80.244157,17.379999,-84.246262,2023-02-14,0.9503589868545532,8,161654226.362029
13.04423713684082,80.251258,28.280001,-85.141144,2023-02-14,0.9504960179328918,11,161654226.382694
13.043753623962402,80.243842,16.329999923706055,-84.383369,2023-02-14,0.9513630270957947,8,161654226.353763
13.043338775634766,80.243527,12.319999694824219,-84.755096,2023-02-14,0.960877001285553,8,161654226.345497
13.043404579162598,80.250628,18.579999923706055,-85.22407531738281,2023-02-14,0.9667540192604065,11,161654226.366162
13.042923927307129,80.243212,12.359999656677246,-82.22064971923828,2023-02-14,0.9604359865188599,8,161654226.337231
13.042990684509277,80.250314,23.59000015258789,-85.046288,2023-02-14,0.963424026966095,11,161654226.357896
13.042823791503906,80.228618,10.149999618530273,-82.28937530517578,2023-02-14,0.9513429999351501,5,161654225.899208
13.042703628540039,80.235655,13.779999732971191,-84.211227,2023-02-14,0.9524649977684021,6,161654225.919868
13.042411804199219,80.228303,12.25,-79.421921,2023-02-14,0.9563959836959839,5,161654225.890944
13.042510032653809,80.242898,16.030001,-85.121681,2023-02-14,0.9697610139846802,8,161654226.328965
13.042574882507324,80.249998,16.18000030517578,-84.908409,2023-02-14,0.9652519822120667,11,161654226.34963
13.042096138000488,80.24258422851562,18.719999,-84.376991,2023-02-14,0.9547659754753113,8,161654226.320699
13.042160034179688,80.249683,16.329999923706055,-84.486603,2023-02-14,0.9599630236625671,11,161654226.341364
13.041877746582031,80.235023,15.8100004196167,-84.487617,2023-02-14,0.960502028465271,6,161654225.90334
13.041680335998535,80.242268,13.329999923706055,-84.855461,2023-02-14,0.9745270013809204,8,161654226.312433
13.04174518585205,80.249368,11.380000114440918,-84.045097,2023-02-14,0.9616820216178894,11,161654226.333098
13.04133129119873,80.24905395507812,14.149999618530273,-84.323624,2023-02-14,0.9627100229263306,11,161654226.324832
13.041266441345215,80.241954,15.020000457763672,-84.91170501708984,2023-02-14,0.9571599960327148,8,161654226.304167
13.040849685668945,80.241639,8.010000228881836,-84.522957,2023-02-14,0.9579139947891235,8,161654226.295901
13.040916442871094,80.248739,14.449999809265137,-84.375832,2023-02-14,0.9666810035705566,11,161654226.316566
13.040436744689941,80.24132537841797,15.050000190734863,-84.473083,2023-02-14,0.9610530138015747,8,161654226.287635
13.04050064086914,80.248424,13.369999885559082,-84.526398,2023-02-14,0.9594780206680298,11,161654226.3083
13.040023803710938,80.241011,20.40999984741211,-84.104332,2023-02-14,0.9535850286483765,8,161654226.279369
13.040087699890137,80.248111,16.780001,-84.304749,2023-02-14,0.9644230008125305,11,161654226.300034
13.039810180664062,80.233442,10.220000267028809,-83.595703,2023-02-14,0.9647330045700073,6,161654225.86202
13.039608001708984,80.240696,16.889999,-84.24773406982422,2023-02-14,0.9532150030136108,8,161654226.271103
13.039673805236816,80.247796,17.40999984741211,-81.785698,2023-02-14,0.9572569727897644,11,161654226.291768
13.039100646972656,80.225775,12.8100004196167,-82.894707,2023-02-14,0.9592429995536804,5,161654225.824832
13.039193153381348,80.240381,13.369999885559082,-83.965469,2023-02-14,0.9559339880943298,8,161654226.262837
13.038983345031738,80.2328109741211,11.829999923706055,-82.96931457519531,2023-02-14,0.9591590166091919,6,161654225.845492
13.038850784301758,80.247172,52.65999984741211,-83.886147,2023-02-14,0.9625920057296753,11,161654226.275236
13.038569450378418,80.232495,18.020000457763672,-83.636414,2023-02-14,0.9564610123634338,6,161654225.837228
13.038779258728027,80.240066,13.289999961853027,-84.096001,2023-02-14,0.9744859933853149,8,161654226.254571
13.038431167602539,80.246853,25.209999,-84.770821,2023-02-14,0.9550409913063049,11,161654226.26697
13.038154602050781,80.232179,14.489999771118164,-83.418732,2023-02-14,0.9571869969367981,6,161654225.828964
13.037949562072754,80.239438,16.290001,-84.230026,2023-02-14,0.9566749930381775,8,161654226.238039
13.037739753723145,80.231863,12.699999809265137,-83.401016,2023-02-14,0.950698971748352,6,161654225.8207
13.037535667419434,80.239123,18.129999,-84.422028,2023-02-14,0.9747729897499084,8,161654226.229773
