lat,lon,rh98,elev_lowestmode,date,sensitivity,beam,delta_time
32.264039,76.27519989013672,17.040001,1402.675537,2019-07-03,0.9754059910774231,11,47421699.081767
32.263672,76.274771,32.880001,1382.986328,2019-07-03,0.9809460043907166,11,47421699.073503
32.263305,76.274339,23.809999,1378.203003,2019-07-03,0.9682779908180237,11,47421699.065239
32.262939,76.27391052246094,29.579999923706055,1366.865723,2019-07-03,0.9734190106391907,11,47421699.056975
32.262569427490234,76.273474,40.220001,1329.332275,2019-07-03,0.9635360240936279,11,47421699.048711
32.262203216552734,76.273042,23.399999618530273,1332.984497,2019-07-03,0.9683369994163513,11,47421699.040447
32.261838,76.272617,18.979999542236328,1348.269653,2019-07-03,0.9681069850921631,11,47421699.032183
32.261108,76.271768,30.780001,1369.449341,2019-07-03,0.9555330276489258,11,47421699.015655
32.2607421875,76.271341,30.290001,1375.384766,2019-07-03,0.9606109857559204,11,47421699.007391
32.260375,76.270912,23.479999542236328,1382.35437,2019-07-03,0.9583619832992554,11,47421698.999127
32.264241,76.289947,16.809999,1288.621216,2019-09-23,0.9606109857559204,2,54476419.434568
32.264213,76.281534,20.219999,1304.809448,2019-09-23,0.9648529887199402,1,54476419.620508
32.263980865478516,76.298927,21.75,1511.600098,2019-09-23,0.9688799977302551,3,54476419.471756
32.26387405395508,76.289517,26.920000076293945,1282.863525,2019-09-23,0.9730280041694641,2,54476419.426304
32.263609,76.298489,21.40999984741211,1543.58313,2019-09-23,0.9665600061416626,3,54476419.463492
32.263512,76.289094,15.760000228881836,1279.508057,2019-09-23,0.9580109715461731,2,54476419.41804
32.263149,76.2886734008789,20.700001,1260.837769,2019-09-23,0.9715449810028076,2,54476419.409776
32.263126373291016,76.280263,6.440000057220459,1266.085327,2019-09-23,0.9534140229225159,1,54476419.595716
32.262881,76.297637,18.870001,1533.019165,2019-09-23,0.9669939875602722,3,54476419.446964
32.262757,76.27983093261719,19.170000076293945,1276.953979,2019-09-23,0.9535390138626099,1,54476419.587452
32.262785,76.288244,12.390000343322754,1263.149536,2019-09-23,0.9600669741630554,2,54476419.401512
32.262515,76.297208,25.899999618530273,1529.177002,2019-09-23,0.971805989742279,3,54476419.4387
32.262149810791016,76.296781,21.940001,1531.274414,2019-09-23,0.9784929752349854,3,54476419.430436
32.262027,76.278975,33.65999984741211,1262.731567,2019-09-23,0.9502360224723816,1,54476419.570924
32.261788,76.296358,21.219999,1514.354126,2019-09-23,0.9594810009002686,3,54476419.422172
32.261423,76.295932,18.75,1511.612671,2019-09-23,0.967244029045105,3,54476419.413908
32.261304,76.278129,16.579999923706055,1237.043701,2019-09-23,0.9546040296554565,1,54476419.554396
32.261048,76.295487,24.629999,1560.647705,2019-09-23,0.9677119851112366,3,54476419.405644
32.260942,76.305588,32.43000030517578,1567.376465,2019-09-23,0.9739680290222168,5,54476419.851908
32.260939,76.277702,14.600000381469727,1237.628296,2019-09-23,0.9609839916229248,1,54476419.546132
32.260573,76.305152,28.459999,1600.382812,2019-09-23,0.9539250135421753,5,54476419.843642
32.260572,76.277272,24.75,1237.224243,2019-09-23,0.9573220014572144,1,54476419.537868
32.260202,76.304713,27.739999771118164,1639.885864,2019-09-23,0.9832509756088257,5,54476419.835376
32.259830474853516,76.304273,35.349998,1679.145752,2019-09-23,0.9801660180091858,5,54476419.82711
32.25946044921875,76.303836,26.100000381469727,1718.992798,2019-09-23,0.9807980060577393,5,54476419.818844
32.259473,76.275985,13.930000305175781,1263.802002,2019-09-23,0.9528279900550842,1,54476419.513076
32.259089,76.303396,23.209999,1766.195068,2019-09-23,0.9909120202064514,5,54476419.81058
32.259111,76.275562,24.190001,1232.553955,2019-09-23,0.9508100152015686,1,54476419.504812
32.258859,76.292926,29.90999984741211,1533.802612,2019-09-23,0.9533600211143494,3,54476419.35606
32.25871658325195,76.302955,31.270000457763672,1806.14502,2019-09-23,0.9849820137023926,5,54476419.802316
32.258348,76.30252075195312,19.510000228881836,1846.826172,2019-09-23,0.9735180139541626,5,54476419.794052
32.258389,76.274719,10.069999694824219,1195.329102,2019-09-23,0.9724209904670715,1,54476419.488284
32.25761795043945,76.301665,20.479999542236328,1842.132446,2019-09-23,0.9832929968833923,5,54476419.777524
32.257659912109375,76.27386474609375,6.400000095367432,1190.096313,2019-09-23,0.9635040163993835,1,54476419.471756
32.257255,76.301241,16.700001,1830.93103,2019-09-23,0.9621610045433044,5,54476419.76926
32.256891,76.300814,18.790001,1825.696411,2019-09-23,0.9736340045928955,5,54476419.760996
32.256928,76.273008,10.4399995803833,1195.476562,2019-09-23,0.9551590085029602,1,54476419.455228
32.256563,76.272581,12.170000076293945,1190.43811,2019-09-23,0.968317985534668,1,54476419.446964
32.256191,76.272144,12.989999771118164,1226.558228,2019-09-23,0.9696490168571472,1,54476419.4387
32.255821,76.271709,16.729999542236328,1251.615112,2019-09-23,0.9769819974899292,1,54476419.430436
32.255508,76.308467,18.530001,1693.677734,2019-09-23,0.9834319949150085,6,54476419.773392
32.255448,76.271271,24.520000457763672,1285.200928,2019-09-23,0.9587889909744263,1,54476419.422172
32.255148,76.308051,11.449999809265137,1660.221924,2019-09-23,0.9787499904632568,6,54476419.765128
32.255075,76.298695,18.760000228881836,1753.766357,2019-09-23,0.9799579977989197,5,54476419.719676
32.254713,76.298272,7.96999979019165,1746.70105,2019-09-23,0.9736430048942566,5,54476419.711412
32.254415,76.307188,7.110000133514404,1688.439697,2019-09-23,0.9531970024108887,6,54476419.7486
32.254349,76.297847,14.229999542236328,1729.524414,2019-09-23,0.9683259725570679,5,54476419.703148
32.253977,76.297405,57.700001,1740.30835,2019-09-23,0.9807220101356506,5,54476419.694884
32.254043,76.306747,25.530001,1717.366821,2019-09-23,0.9774140119552612,6,54476419.740336
32.253673,76.306307,12.130000114440918,1770.261963,2019-09-23,0.9829609990119934,6,54476419.732072
32.253618,76.296988,20.110001,1736.933716,2019-09-23,0.9662839770317078,5,54476419.68662
32.25325393676758,76.296563,11.149999618530273,1735.947754,2019-09-23,0.9528329968452454,5,54476419.678356
32.252936,76.30543518066406,4.300000190734863,1835.161255,2019-09-23,0.9749050140380859,6,54476419.715544
32.252569,76.305004,5.130000114440918,1849.005371,2019-09-23,0.9781309962272644,6,54476419.70728
32.245055,76.276806,12.390000343322754,1075.280518,2019-09-23,0.9509990215301514,3,54476419.042026
32.244685,76.276373,17.440001,1088.077026,2019-09-23,0.9725679755210876,3,54476419.03376
32.244313,76.275934,19.049999,1122.940308,2019-09-23,0.9576699733734131,3,54476419.025494
32.243583,76.275081,22.270000457763672,1107.615479,2019-09-23,0.975039005279541,3,54476419.008962
32.24308395385742,76.284696,7.96999979019165,1340.78418,2019-09-23,0.9585800170898438,5,54476419.446964
32.242855072021484,76.274231,8.979999542236328,1102.156494,2019-09-23,0.9667320251464844,3,54476418.99243
32.24248504638672,76.273795,17.030001,1120.355103,2019-09-23,0.9621250033378601,3,54476418.984164
32.242114,76.273359,18.790001,1145.98999,2019-09-23,0.9694870114326477,3,54476418.975898
32.24174880981445,76.272933,17.670000076293945,1138.296265,2019-09-23,0.963375985622406,3,54476418.967632
32.241389,76.272513,9.170000076293945,1120.85437,2019-09-23,0.9578030109405518,3,54476418.959366
32.233989,76.302481,15.720000267028809,1529.894287,2019-09-23,0.9593589901924133,11,54476419.76926
32.233311,76.28254699707031,7.860000133514404,1088.417603,2019-09-23,0.9584410190582275,6,54476419.269288
32.23105239868164,76.270635,18.010000228881836,1111.057861,2019-09-23,0.9692059755325317,5,54476419.174252
32.22758483886719,76.285883,32.279999,1116.439453,2019-09-23,0.9632880091667175,8,54476419.58332
32.227219,76.285452,36.439999,1123.075317,2019-09-23,0.9764959812164307,8,54476419.575056
32.226853,76.285022,22.799999,1146.383423,2019-09-23,0.9824450016021729,8,54476419.566792
32.226489,76.28459930419922,29.989999771118164,1120.590576,2019-09-23,0.9761319756507874,8,54476419.558528
32.226341,76.293566,11.869999885559082,1299.539185,2019-09-23,0.9562309980392456,11,54476419.595716
32.226125,76.284176,32.240002,1101.708374,2019-09-23,0.9523220062255859,8,54476419.550264
32.225977,76.293143,9.510000228881836,1286.562744,2019-09-23,0.9706109762191772,11,54476419.587452
32.225612,76.292716,33.959999,1259.025146,2019-09-23,0.9788150191307068,11,54476419.579188
32.224913,76.272738,18.379999,974.9817504882812,2019-09-23,0.976610004901886,6,54476419.079216
32.22488784790039,76.29187774658203,19.920000076293945,1201.418091,2019-09-23,0.9789919853210449,11,54476419.56266
32.224524,76.291459,20.969999,1177.669189,2019-09-23,0.9800750017166138,11,54476419.554396
32.22454833984375,76.2723159790039,7.630000114440918,966.635742,2019-09-23,0.9824820160865784,6,54476419.070952
32.224308013916016,76.282067,15.800000190734863,1006.17572,2019-09-23,0.974353015422821,8,54476419.508944
32.224158,76.291028,23.290001,1189.736938,2019-09-23,0.9675099849700928,11,54476419.546132
32.224187,76.271895,15.539999961853027,933.694702,2019-09-23,0.9795680046081543,6,54476419.062688
32.223943,76.281641,33.029999,985.519958,2019-09-23,0.967877984046936,8,54476419.50068
32.223575,76.281206,30.370001,1014.980347,2019-09-23,0.9818480014801025,8,54476419.492416
32.223429,76.290177,19.389999,1178.395874,2019-09-23,0.9747380018234253,11,54476419.529604
32.223461,76.271051,10.109999656677246,900.582458,2019-09-23,0.9706699848175049,6,54476419.046159
32.223065,76.289754,25.649999618530273,1153.156982,2019-09-23,0.9813960194587708,11,54476419.52134
32.223097,76.270626,14.300000190734863,884.933289,2019-09-23,0.9702789783477783,6,54476419.037893
32.222701,76.2893295288086,31.979999542236328,1133.285278,2019-09-23,0.9567360281944275,11,54476419.513076
32.222337,76.288909,30.06999969482422,1112.312012,2019-09-23,0.9846050143241882,11,54476419.504812
32.221971,76.288478,26.700001,1129.19043,2019-09-23,0.9503560066223145,11,54476419.496548
32.22160720825195,76.288054,33.779999,1108.00769,2019-09-23,0.9714329838752747,11,54476419.488284
32.221244,76.287635,28.799999,1081.600342,2019-09-23,0.9781069755554199,11,54476419.48002
32.22087860107422,76.287211,23.739999771118164,1073.191772,2019-09-23,0.9633370041847229,11,54476419.471756
32.218691,76.284659,34.080002,1013.789978,2019-09-23,0.9595829844474792,11,54476419.422172
32.218324,76.28422546386719,30.290001,1039.319702,2019-09-23,0.9819039702415466,11,54476419.413908
32.217959,76.283798,33.509998,1035.120972,2019-09-23,0.9842600226402283,11,54476419.405644
32.217591,76.28336334228516,32.72999954223633,1070.154419,2019-09-23,0.970507025718689,11,54476419.39738
32.217225,76.282933,14.640000343322754,1086.939087,2019-09-23,0.964838981628418,11,54476419.389116
32.217005,76.273529,20.40999984741211,943.697937,2019-09-23,0.9554979801177979,8,54476419.343664
32.216641,76.273106,20.139999,921.056458,2019-09-23,0.9861770272254944,8,54476419.3354
32.216278076171875,76.272686,24.940001,886.972229,2019-09-23,0.9866269826889038,8,54476419.327136
32.215914,76.272265,11.789999961853027,874.919312,2019-09-23,0.9846569895744324,8,54476419.318872
32.215182,76.271404,18.950001,888.501465,2019-09-23,0.9807310104370117,8,54476419.302344
32.214816,76.270976,10.289999961853027,895.126709,2019-09-23,0.9606379866600037,8,54476419.29408
32.21445083618164,76.27054595947266,17.81999969482422,896.292053,2019-09-23,0.9580389857292175,8,54476419.285816
32.21139144897461,76.276134,12.170000076293945,922.43158,2019-09-23,0.958603024482727,11,54476419.256892
32.21102523803711,76.275706,17.06999969482422,916.678833,2019-09-23,0.975820004940033,11,54476419.248628
32.21065902709961,76.275281,13.65999984741211,910.840942,2019-09-23,0.9570379853248596,11,54476419.240364
32.210294,76.274853,15.15999984741211,907.161499,2019-09-23,0.961480975151062,11,54476419.2321
32.209930419921875,76.274429,8.010000228881836,902.615906,2019-09-23,0.9560369849205017,11,54476419.223836
32.209199,76.273574,13.140000343322754,894.009094,2019-09-23,0.9822880029678345,11,54476419.207308
32.208833,76.273147,9.960000038146973,891.948914,2019-09-23,0.9786249995231628,11,54476419.199044
32.208468,76.272721,10.109999656677246,886.96283,2019-09-23,0.9649950265884399,11,54476419.19078
32.20810317993164,76.272297,2.799999952316284,882.1203002929688,2019-09-23,0.9572889804840088,11,54476419.182516
32.20773696899414,76.271868,8.079999923706055,879.363098,2019-09-23,0.9597659707069397,11,54476419.174252
32.20663833618164,76.270586,11.119999885559082,870.565857,2019-09-23,0.9810640215873718,11,54476419.14946
32.264371,76.2897720336914,17.979999542236328,1278.772095,2019-10-09,0.9738969802856445,2,55864813.646423
32.264232,76.303942,23.40999984741211,1489.881348,2019-10-09,0.9737259745597839,0,55864814.11748
32.264228,76.281261,26.579999923706055,1301.289185,2019-10-09,0.9631580114364624,3,55864813.510067
32.264029,76.2901611328125,37.639999,1323.193115,2019-10-09,0.9712250232696533,2,55864813.654687
32.264007568359375,76.295489,24.34000015258789,1378.156372,2019-10-09,0.9728350043296814,1,55864813.981115
32.263877868652344,76.304353,28.010000228881836,1518.258057,2019-10-09,0.9706709980964661,0,55864814.125746
32.263861,76.281688,34.759998,1300.983276,2019-10-09,0.9702730178833008,3,55864813.518331
32.263678,76.29056549072266,38.84000015258789,1358.576904,2019-10-09,0.9722470045089722,2,55864813.662951
32.263655,76.2958984375,25.129999,1417.610229,2019-10-09,0.9784659743309021,1,55864813.989379
32.263512,76.304784,23.110001,1516.75354,2019-10-09,0.9523230195045471,0,55864814.134012
32.263479,76.282139,27.65999984741211,1271.950806,2019-10-09,0.9881190061569214,3,55864813.526595
32.263322,76.290977,31.329999923706055,1388.425415,2019-10-09,0.9520769715309143,2,55864813.671215
32.263303,76.296309,33.72999954223633,1450.835938,2019-10-09,0.9796950221061707,1,55864813.997643
32.263136,76.305232,9.869999885559082,1490.079346,2019-10-09,0.9692599773406982,0,55864814.142278
32.263097,76.2825927734375,20.260000228881836,1241.422852,2019-10-09,0.9867600202560425,3,55864813.534859
32.262964,76.291392,26.620001,1410.306763,2019-10-09,0.9761710166931152,2,55864813.679479
32.262779,76.305648,16.0,1506.173584,2019-10-09,0.9774140119552612,0,55864814.150544
32.262611389160156,76.291802,20.040001,1443.707397,2019-10-09,0.9503870010375977,2,55864813.687743
32.26242446899414,76.306059,14.579999923706055,1542.151123,2019-10-09,0.9649829864501953,0,55864814.15881
32.262254,76.292214,15.739999771118164,1470.497803,2019-10-09,0.9866020083427429,2,55864813.696007
32.262237,76.297552,16.229999542236328,1561.537231,2019-10-09,0.9744459986686707,1,55864814.022435
32.26206588745117,76.306477,14.279999732971191,1560.778931,2019-10-09,0.9755290150642395,0,55864814.167076
32.261905,76.292615,33.27000045776367,1494.668823,2019-10-09,0.9812999963760376,2,55864813.704271
32.26171112060547,76.30689239501953,22.440001,1580.035034,2019-10-09,0.9748259782791138,0,55864814.175342
32.261619,76.284316,6.309999942779541,1244.983643,2019-10-09,0.9778460264205933,3,55864813.567915
32.261552,76.293025,24.479999542236328,1530.740967,2019-10-09,0.9840090274810791,2,55864813.712535
32.261527,76.298379,20.860001,1618.201172,2019-10-09,0.9790059924125671,1,55864814.038963
32.261357,76.307297,26.739999771118164,1616.730957,2019-10-09,0.9708809852600098,0,55864814.183608
32.261198,76.293435,25.610001,1555.772217,2019-10-09,0.9772390127182007,2,55864813.720799
32.261171,76.298794,23.030001,1644.009766,2019-10-09,0.9794690012931824,1,55864814.047227
32.261003,76.307708,20.450001,1656.019165,2019-10-09,0.9728410243988037,0,55864814.191874
32.260897,76.285153,17.719999,1270.359863,2019-10-09,0.9783560037612915,3,55864813.584443
32.26082992553711,76.293866,12.449999809265137,1557.282349,2019-10-09,0.9843569993972778,2,55864813.729063
32.260818,76.299205,28.229999542236328,1674.279907,2019-10-09,0.9779329895973206,1,55864814.055491
32.260649,76.308116,24.120001,1690.359985,2019-10-09,0.9803810119628906,0,55864814.20014
32.26076889038086,76.271052,33.810001,1380.716919,2019-10-09,0.9824960231781006,5,55864813.791043
32.260478,76.294273,26.43000030517578,1576.136719,2019-10-09,0.9829149842262268,2,55864813.737327
32.260465,76.299615,20.860001,1717.641724,2019-10-09,0.9746360182762146,1,55864814.063755
32.26029586791992,76.30852508544922,9.609999656677246,1742.174927,2019-10-09,0.9754840135574341,0,55864814.208406
32.260397,76.271492,31.110001,1356.899536,2019-10-09,0.9709360003471375,5,55864813.799307
32.260186,76.285975,31.65999984741211,1320.165527,2019-10-09,0.9727879762649536,3,55864813.600971
32.260111,76.3000259399414,22.920000076293945,1750.177979,2019-10-09,0.9721019864082336,1,55864814.072019
32.259932,76.308951,27.040001,1729.874634,2019-10-09,0.9781450033187866,0,55864814.216672
32.260023,76.271934,25.350000381469727,1333.802979,2019-10-09,0.9871140122413635,5,55864813.807571
32.259825,76.286394,29.979999542236328,1337.336792,2019-10-09,0.9797449707984924,3,55864813.609235
32.2597770690918,76.295083,26.020000457763672,1649.192505,2019-10-09,0.9685680270195007,2,55864813.753855
32.259565,76.309383,22.729999542236328,1726.019653,2019-10-09,0.9763200283050537,0,55864814.224938
32.259653,76.27236938476562,21.690001,1321.464966,2019-10-09,0.9564300179481506,5,55864813.815835
32.2593994140625,76.300855,12.899999618530273,1813.674683,2019-10-09,0.9777029752731323,1,55864814.088549
32.259463,76.286815,33.939999,1343.066772,2019-10-09,0.974183976650238,3,55864813.617499
32.259211,76.309792,28.68000030517578,1758.571533,2019-10-09,0.9703270196914673,0,55864814.233204
32.259278,76.272812,32.119999,1283.130981,2019-10-09,0.9860470294952393,5,55864813.824099
32.259097,76.287242,32.560001,1342.42041,2019-10-09,0.9760389924049377,3,55864813.625763
32.259067,76.295909,19.809999,1702.850098,2019-10-09,0.9691349864006042,2,55864813.770383
32.258897,76.273264,23.969999,1242.319336,2019-10-09,0.9854410290718079,5,55864813.832363
32.25873565673828,76.287662,24.06999969482422,1362.220703,2019-10-09,0.9818689823150635,3,55864813.634027
32.258712,76.296321,13.489999771118164,1734.55542,2019-10-09,0.9713829755783081,2,55864813.778647
32.258493,76.310629,13.050000190734863,1814.438843,2019-10-09,0.9641929864883423,0,55864814.249736
32.258516,76.273716,7.619999885559082,1213.162231,2019-10-09,0.9892889857292175,5,55864813.840627
32.258376,76.28807830810547,12.220000267028809,1386.830933,2019-10-09,0.9799950122833252,3,55864813.642291
32.258357,76.296735,26.90999984741211,1745.150269,2019-10-09,0.9760680198669434,2,55864813.786911
32.258146,76.274154,4.860000133514404,1200.678223,2019-10-09,0.968396008014679,5,55864813.848891
32.25801467895508,76.288499,8.40999984741211,1402.297363,2019-10-09,0.9768509864807129,3,55864813.650555
32.257999420166016,76.29714965820312,27.65999984741211,1766.723755,2019-10-09,0.9779559969902039,2,55864813.795175
32.25774383544922,76.311517,25.690001,1742.360718,2019-10-09,0.9717289805412292,0,55864814.266268
32.257641,76.29756927490234,25.079999923706055,1782.760254,2019-10-09,0.9711520075798035,2,55864813.803439
32.257591,76.302974,29.239999771118164,1836.447632,2019-10-09,0.9754369854927063,1,55864814.129879
32.257775,76.274592,6.949999809265137,1182.211548,2019-10-09,0.9876350164413452,5,55864813.857155
32.257659,76.288912,19.809999,1413.046143,2019-10-09,0.9829750061035156,3,55864813.658819
32.257371,76.311959,37.580002,1704.212036,2019-10-09,0.9763709902763367,0,55864814.274534
32.257407,76.275025,13.010000228881836,1171.708496,2019-10-09,0.9677929878234863,5,55864813.865419
32.25730895996094,76.28931427001953,36.52000045776367,1439.265747,2019-10-09,0.992093026638031,3,55864813.667083
32.25727844238281,76.297992,27.18000030517578,1791.722778,2019-10-09,0.9774990081787109,2,55864813.811703
32.257221,76.303412,14.170000076293945,1831.87439,2019-10-09,0.9672920107841492,1,55864814.138145
32.25699996948242,76.312397,17.270000457763672,1706.731689,2019-10-09,0.9723600149154663,0,55864814.2828
32.256915,76.298421,16.450001,1801.539307,2019-10-09,0.9750840067863464,2,55864813.819967
32.2568473815918,76.303857,15.520000457763672,1796.937256,2019-10-09,0.9597839713096619,1,55864814.146411
32.257041931152344,76.275456,27.81999969482422,1157.95752,2019-10-09,0.9688569903373718,5,55864813.873683
32.256643,76.312811,38.330002,1714.019653,2019-10-09,0.9712100028991699,0,55864814.291066
32.256595,76.290145,39.889999,1468.925293,2019-10-09,0.9781320095062256,3,55864813.683611
32.256553649902344,76.298845,16.600000381469727,1811.422852,2019-10-09,0.9726639986038208,2,55864813.828231
32.256471,76.304304,10.350000381469727,1764.915283,2019-10-09,0.9755560159683228,1,55864814.154677
32.256667,76.2759017944336,3.549999952316284,1155.565918,2019-10-09,0.9641860127449036,5,55864813.881947
32.256288,76.313221,33.43000030517578,1756.147095,2019-10-09,0.9750049710273743,0,55864814.299332
32.256309,76.276321,20.079999923706055,1160.074219,2019-10-09,0.9882990121841431,5,55864813.890211
32.256235,76.290563,26.84000015258789,1493.263916,2019-10-09,0.9824209809303284,3,55864813.691875
32.256195068359375,76.299264,29.120001,1818.133301,2019-10-09,0.9740179777145386,2,55864813.836495
32.256103515625,76.304736,32.310001,1734.301392,2019-10-09,0.9713289737701416,1,55864814.162943
32.25592803955078,76.31363677978516,17.870001,1791.735718,2019-10-09,0.9813929796218872,0,55864814.307598
32.255871,76.290989,14.050000190734863,1502.654419,2019-10-09,0.9750249981880188,3,55864813.700139
32.255839,76.299679,20.860001,1853.346191,2019-10-09,0.9722399711608887,2,55864813.844759
32.255728,76.305183,15.779999732971191,1712.654297,2019-10-09,0.9737780094146729,1,55864814.171209
32.255958,76.276732,22.620001,1201.131592,2019-10-09,0.9817720055580139,5,55864813.898475
32.255569,76.314056,19.780001,1814.126465,2019-10-09,0.9788069725036621,0,55864814.315862
32.255605,76.277146,24.870001,1237.702515,2019-10-09,0.9836300015449524,5,55864813.906739
32.255517,76.291398,20.889999,1523.101685,2019-10-09,0.9730719923973083,3,55864813.708403
32.255481,76.300098,32.040001,1863.457886,2019-10-09,0.9744830131530762,2,55864813.853023
32.2553596496582,76.305616,25.799999,1691.665405,2019-10-09,0.9745270013809204,1,55864814.179475
32.255163,76.291809,18.90999984741211,1549.932983,2019-10-09,0.9545159935951233,3,55864813.716667
32.25511932373047,76.300522,18.950001,1889.140625,2019-10-09,0.9831010103225708,2,55864813.861287
32.255254,76.277557,25.31999969482422,1278.678467,2019-10-09,0.9871810078620911,5,55864813.915003
32.254859,76.314877,28.309999,1878.860229,2019-10-09,0.9708430171012878,0,55864814.33239
32.254901,76.277971,33.580002,1309.438843,2019-10-09,0.9846410155296326,5,55864813.923267
32.25481033325195,76.292219,20.670000076293945,1575.929565,2019-10-09,0.9790899753570557,3,55864813.724931
32.254759,76.300946,16.520000457763672,1903.570435,2019-10-09,0.9724050164222717,2,55864813.869551
32.254628,76.306478,23.40999984741211,1682.434937,2019-10-09,0.9817730188369751,1,55864814.196007
32.25450134277344,76.315292,25.170000076293945,1908.389526,2019-10-09,0.9724060297012329,0,55864814.340654
32.254542,76.278394,21.760000228881836,1342.017212,2019-10-09,0.9861829876899719,5,55864813.931531
32.25446701049805,76.292614,31.959999,1618.816772,2019-10-09,0.9767670035362244,3,55864813.733195
32.254266,76.306901,20.639999,1695.015137,2019-10-09,0.9709389805793762,1,55864814.204273
32.254144,76.31570434570312,25.129999,1942.328125,2019-10-09,0.9724889993667603,0,55864814.348918
32.254179,76.278821,14.239999771118164,1359.982178,2019-10-09,0.9853339791297913,5,55864813.939795
32.254112243652344,76.293027,27.620001,1644.951782,2019-10-09,0.9765530228614807,3,55864813.741459
32.254029,76.301806,16.889999,1908.967407,2019-10-09,0.9750369787216187,2,55864813.886079
32.253904,76.307325,22.729999542236328,1700.967896,2019-10-09,0.9713580012321472,1,55864814.212539
32.253787994384766,76.316114,25.989999771118164,1977.832153,2019-10-09,0.9733110070228577,0,55864814.357182
32.253821,76.279242,25.799999,1370.336182,2019-10-09,0.9857760071754456,5,55864813.948059
32.253658,76.302245,19.440001,1892.621094,2019-10-09,0.9802560210227966,2,55864813.894343
32.25354766845703,76.307739,24.68000030517578,1727.107056,2019-10-09,0.9748690128326416,1,55864814.220805
32.253432,76.316526,33.810001,2004.777832,2019-10-09,0.9689739942550659,0,55864814.365446
32.253399,76.293856,27.31999969482422,1684.689209,2019-10-09,0.9678900241851807,3,55864813.757987
32.253285,76.302688,18.799999,1872.704834,2019-10-09,0.9650239944458008,2,55864813.902607
32.25319290161133,76.30815124511719,22.209999,1764.065552,2019-10-09,0.9735950231552124,1,55864814.229071
32.253463,76.279664,8.779999732971191,1409.026733,2019-10-09,0.9691979885101318,5,55864813.956323
32.253306,76.271124,7.769999980926514,1169.340454,2019-10-09,0.9698730111122131,6,55864813.819967
32.25310134887695,76.280091,3.059999942779541,1424.916382,2019-10-09,0.9693490266799927,5,55864813.964587
32.253043,76.294271,21.15999984741211,1709.887573,2019-10-09,0.9727450013160706,3,55864813.766251
32.252908,76.303136,7.46999979019165,1853.553711,2019-10-09,0.9643589854240417,2,55864813.910871
32.252837,76.308563,22.549999,1792.710327,2019-10-09,0.9753980040550232,1,55864814.237337
32.252717,76.317352,29.989999771118164,2070.302979,2019-10-09,0.9728569984436035,0,55864814.381974
32.252938,76.271557,20.559999,1147.818726,2019-10-09,0.9894109964370728,6,55864813.828231
32.252683,76.294691,21.15999984741211,1721.016235,2019-10-09,0.968546986579895,3,55864813.774515
32.252732,76.280526,29.350000381469727,1390.963623,2019-10-09,0.9846270084381104,5,55864813.972851
32.252543,76.3035659790039,6.71999979019165,1858.509277,2019-10-09,0.9669060111045837,2,55864813.919135
32.252479,76.3089828491211,16.379999,1822.095825,2019-10-09,0.9700629711151123,1,55864814.245603
32.252564,76.271998,6.909999847412109,1136.332275,2019-10-09,0.969111979007721,6,55864813.836495
32.252353,76.280976,20.040001,1360.328125,2019-10-09,0.9838610291481018,5,55864813.981115
32.252323150634766,76.295112,19.59000015258789,1732.830566,2019-10-09,0.9713850021362305,3,55864813.782779
32.25217819213867,76.303993,6.989999771118164,1865.820557,2019-10-09,0.9732379913330078,2,55864813.927399
32.252121,76.309396,13.760000228881836,1848.23877,2019-10-09,0.9697420001029968,1,55864814.253869
32.251998,76.318185,16.860001,2131.667969,2019-10-09,0.9722970128059387,0,55864814.398502
32.252193450927734,76.272437,8.859999656677246,1117.180054,2019-10-09,0.979902982711792,6,55864813.844759
32.251959,76.29553985595703,16.299999,1732.177368,2019-10-09,0.9785619974136353,3,55864813.791043
32.251764,76.309813,21.649999618530273,1864.706787,2019-10-09,0.9710950255393982,1,55864814.262135
32.251632,76.318613,11.220000267028809,2139.630859,2019-10-09,0.9667940139770508,0,55864814.406766
32.251593,76.295969,10.949999809265137,1735.979614,2019-10-09,0.9763439893722534,3,55864813.799307
32.251409,76.310223,22.059999,1900.631714,2019-10-09,0.967868983745575,1,55864814.270401
32.251632,76.281825,23.709999,1383.764282,2019-10-09,0.9826250076293945,5,55864813.997643
32.25126647949219,76.31903839111328,21.239999771118164,2134.115234,2019-10-09,0.9704560041427612,0,55864814.41503
32.25145721435547,76.273304,6.989999771118164,1106.147339,2019-10-09,0.9785029888153076,6,55864813.861287
32.251283,76.282233,33.84000015258789,1421.589233,2019-10-09,0.9869319796562195,5,55864814.005907
32.25105285644531,76.310637,23.889999,1927.796387,2019-10-09,0.9786940217018127,1,55864814.278667
32.250889,76.319486,21.90999984741211,2100.235596,2019-10-09,0.9525179862976074,0,55864814.423294
32.251094,76.273732,12.039999961853027,1106.779907,2019-10-09,0.9893190264701843,6,55864813.869551
32.25069808959961,76.311049,25.389999,1959.945557,2019-10-09,0.9801629781723022,1,55864814.286933
32.250925,76.282653,28.90999984741211,1447.984131,2019-10-09,0.9838669896125793,5,55864814.014171
32.2507209777832,76.305714,11.739999771118164,1871.391357,2019-10-09,0.9818050265312195,2,55864813.960455
32.250512,76.319932,29.469999,2059.342285,2019-10-09,0.9740909934043884,0,55864814.431558
32.250726,76.274166,3.359999895095825,1111.161133,2019-10-09,0.9698290228843689,6,55864813.877815
32.250558,76.283086,47.869999,1421.983032,2019-10-09,0.9834470152854919,5,55864814.022435
32.25050735473633,76.297243,7.809999942779541,1760.647095,2019-10-09,0.9795969724655151,3,55864813.824099
32.250354,76.306146,14.460000038146973,1869.227417,2019-10-09,0.977636992931366,2,55864813.968719
32.25033950805664,76.311464,20.530001,1991.36792,2019-10-09,0.9717869758605957,1,55864814.295199
32.2501335144043,76.320381,30.809999,2020.782104,2019-10-09,0.9607030153274536,0,55864814.439822
32.250152587890625,76.297656,18.129999,1779.339478,2019-10-09,0.9768440127372742,3,55864813.832363
32.25035858154297,76.274598,15.25,1096.038208,2019-10-09,0.9863219857215881,6,55864813.886079
32.250189,76.283522,39.0,1415.975464,2019-10-09,0.987978994846344,5,55864814.030699
32.24999237060547,76.306572,18.879999,1875.164673,2019-10-09,0.9714599847793579,2,55864813.976983
32.249977111816406,76.311888,19.030001,2001.836182,2019-10-09,0.9741449952125549,1,55864814.303465
32.249761,76.320821,28.829999923706055,2001.339233,2019-10-09,0.9716150164604187,0,55864814.448086
32.249993,76.275031,18.399999618530273,1091.553467,2019-10-09,0.9675620198249817,6,55864813.894343
32.249796,76.298074,17.790001,1802.890747,2019-10-09,0.953050971031189,3,55864813.840627
32.249606,76.31232452392578,22.209999,1983.503418,2019-10-09,0.968766987323761,1,55864814.31173
32.249811,76.283969,16.299999,1400.677734,2019-10-09,0.985139012336731,5,55864814.038963
32.249384,76.321267,34.06999969482422,1962.039062,2019-10-09,0.9661160111427307,0,55864814.45635
32.249624,76.275467,9.529999732971191,1090.050171,2019-10-09,0.9810839891433716,6,55864813.902607
32.249451,76.284393,26.25,1403.130249,2019-10-09,0.9853219985961914,5,55864814.047227
32.24943542480469,76.298497,10.649999618530273,1822.751099,2019-10-09,0.9822670221328735,3,55864813.848891
32.249258,76.307438,8.0,1877.102539,2019-10-09,0.9742540121078491,2,55864813.993511
32.249231,76.3127670288086,28.719999,1947.079224,2019-10-09,0.9728379845619202,1,55864814.319994
32.249257,76.275901,6.880000114440918,1089.602173,2019-10-09,0.9834160208702087,6,55864813.910871
32.249071,76.298925,10.609999656677246,1827.756226,2019-10-09,0.9711560010910034,3,55864813.857155
32.24885559082031,76.313212,15.550000190734863,1933.725342,2019-10-09,0.9703069925308228,1,55864814.328258
32.24909591674805,76.284809,22.440001,1432.387329,2019-10-09,0.9851329922676086,5,55864814.055491
32.24863052368164,76.32215881347656,33.990002,1894.932495,2019-10-09,0.9644160270690918,0,55864814.472878
32.2488899230957,76.276334,6.170000076293945,1088.117554,2019-10-09,0.9636470079421997,6,55864813.919135
32.248743,76.285222,22.850000381469727,1465.846069,2019-10-09,0.9854429960250854,5,55864814.063755
32.248701,76.299363,23.209999,1800.694336,2019-10-09,0.9818599820137024,3,55864813.865419
32.248522,76.308307,24.34000015258789,1845.639404,2019-10-09,0.9647769927978516,2,55864814.010039
32.248492,76.313639,26.059999,1927.079712,2019-10-09,0.9691110253334045,1,55864814.336522
32.24832534790039,76.299808,14.279999732971191,1784.360229,2019-10-09,0.9846410155296326,3,55864813.873683
32.248261,76.322593,30.440001,1889.920166,2019-10-09,0.968159019947052,0,55864814.481142
32.248522,76.276768,3.4700000286102295,1085.194458,2019-10-09,0.9651820063591003,6,55864813.927399
32.248392,76.285632,32.009998,1495.764526,2019-10-09,0.985942006111145,5,55864814.072019
32.248126,76.314067,20.899999618530273,1933.869141,2019-10-09,0.9685119986534119,1,55864814.344786
32.248156,76.2771987915039,6.090000152587891,1083.009766,2019-10-09,0.9636769890785217,6,55864813.935663
32.248043060302734,76.286039,34.669998,1536.060303,2019-10-09,0.9808509945869446,5,55864814.080283
32.247951,76.300251,24.93000030517578,1750.074585,2019-10-09,0.9801480174064636,3,55864813.881947
32.247779846191406,76.309185,34.84000015258789,1801.40979,2019-10-09,0.9529380202293396,2,55864814.026567
32.247762,76.314492,26.290001,1937.292725,2019-10-09,0.9727010130882263,1,55864814.35305
32.247529,76.32344818115234,28.639999,1895.490356,2019-10-09,0.9730340242385864,0,55864814.49767
32.247686,76.286457,29.31999969482422,1564.38147,2019-10-09,0.9825620055198669,5,55864814.088549
32.247575,76.300699,7.920000076293945,1738.356567,2019-10-09,0.9805060029029846,3,55864813.890211
32.247404,76.309632,4.96999979019165,1797.967285,2019-10-09,0.9581729769706726,2,55864814.034831
32.247397,76.314918,17.649999618530273,1950.889282,2019-10-09,0.9676600098609924,1,55864814.361314
32.247159,76.323885,14.729999542236328,1898.488892,2019-10-09,0.9641789793968201,0,55864814.505934
32.2473258972168,76.28688049316406,29.059999,1574.463257,2019-10-09,0.9851850271224976,5,55864814.096815
32.247207,76.301133,14.760000228881836,1725.450562,2019-10-09,0.9809640049934387,3,55864813.898475
32.247029,76.315351,27.450001,1935.167358,2019-10-09,0.9684479832649231,1,55864814.369578
32.247047424316406,76.31005096435547,27.139999,1796.712402,2019-10-09,0.9584890007972717,2,55864814.043095
32.246788024902344,76.324322,28.639999,1869.349365,2019-10-09,0.9666119813919067,0,55864814.514198
32.247062,76.278491,23.030001,1074.255127,2019-10-09,0.9880610108375549,6,55864813.960455
32.246963,76.287307,26.959999,1578.867065,2019-10-09,0.9865670204162598,5,55864814.105081
32.246837,76.30156707763672,12.329999923706055,1718.446411,2019-10-09,0.9775999784469604,3,55864813.906739
32.24667739868164,76.310487,9.75,1798.528809,2019-10-09,0.9664779901504517,2,55864814.051359
32.24665832519531,76.315783,14.6899995803833,1941.726685,2019-10-09,0.9546539783477783,1,55864814.377842
32.246421,76.324752,28.049999,1867.615112,2019-10-09,0.9622750282287598,0,55864814.522462
32.246695,76.278924,13.119999885559082,1081.022095,2019-10-09,0.987866997718811,6,55864813.968719
32.246603,76.287729,20.120001,1599.163574,2019-10-09,0.9651700258255005,5,55864814.113347
32.24628829956055,76.316218,32.200001,1912.023315,2019-10-09,0.9701060056686401,1,55864814.386106
32.246337,76.279346,16.940001,1095.260254,2019-10-09,0.9672489762306213,6,55864813.976983
32.246238708496094,76.288156,21.579999923706055,1599.515869,2019-10-09,0.9628509879112244,5,55864814.121613
32.246096,76.302447,6.239999771118164,1700.252197,2019-10-09,0.9672960042953491,3,55864813.923267
32.245961,76.311324,17.079999923706055,1828.263184,2019-10-09,0.9784560203552246,2,55864814.067887
32.245918,76.316656,28.379999,1898.102905,2019-10-09,0.9651769995689392,1,55864814.39437
32.245971,76.279777,10.770000457763672,1104.549683,2019-10-09,0.9500470161437988,6,55864813.985247
32.245874,76.288587,35.0,1579.172241,2019-10-09,0.9672020077705383,5,55864814.129879
32.245599,76.311749,19.100000381469727,1831.189941,2019-10-09,0.9694510102272034,2,55864814.076151
32.245543,76.317098,35.970001,1866.803589,2019-10-09,0.9692170023918152,1,55864814.402634
32.2456169128418,76.280193,11.65999984741211,1132.659668,2019-10-09,0.9683160185813904,6,55864813.993511
32.245504,76.289022,28.079999923706055,1570.651367,2019-10-09,0.9868639707565308,5,55864814.138145
32.2453727722168,76.303297,12.300000190734863,1719.194458,2019-10-09,0.9713500142097473,3,55864813.939795
32.245315,76.326053,20.719999,1850.785034,2019-10-09,0.9764279723167419,0,55864814.547254
32.245239,76.312171,18.020000457763672,1843.439819,2019-10-09,0.9812790155410767,2,55864814.084416
32.244956,76.326471,21.760000228881836,1872.947876,2019-10-09,0.9735990166664124,0,55864814.555518
32.245262145996094,76.280611,21.56999969482422,1152.783325,2019-10-09,0.98955899477005,6,55864814.001775
32.245142,76.289447,34.849998,1568.824463,2019-10-09,0.9884380102157593,5,55864814.146411
32.245017,76.303714,17.870001,1740.544678,2019-10-09,0.9710320234298706,3,55864813.948059
32.244873046875,76.312602,20.81999969482422,1835.945801,2019-10-09,0.9625229835510254,2,55864814.092682
32.244788,76.317991,24.010000228881836,1809.7322998046875,2019-10-09,0.968671977519989,1,55864814.419162
32.244903,76.281034,5.489999771118164,1183.819214,2019-10-09,0.9702590107917786,6,55864814.010039
32.244593,76.326898,29.799999,1870.60144,2019-10-09,0.9686350226402283,0,55864814.563782
32.244776,76.289877,29.579999923706055,1569.204224,2019-10-09,0.9812849760055542,5,55864814.154677
32.244653,76.304143,12.819999694824219,1751.582275,2019-10-09,0.9706119894981384,3,55864813.956323
32.244502,76.313039,15.550000190734863,1823.816162,2019-10-09,0.9777489900588989,2,55864814.100948
32.244412,76.318435,30.59000015258789,1773.343872,2019-10-09,0.9663349986076355,1,55864814.427426
32.244549,76.281449,9.680000305175781,1210.83667,2019-10-09,0.966729998588562,6,55864814.018303
32.244418,76.290296,25.950001,1589.758911,2019-10-09,0.9861389994621277,5,55864814.162943
32.244284,76.304579,13.229999542236328,1742.448242,2019-10-09,0.9805390238761902,3,55864813.964587
32.24403381347656,76.318882,19.629999,1749.630249,2019-10-09,0.9747419953346252,1,55864814.43569
32.243858337402344,76.327762,31.260000228881836,1861.017944,2019-10-09,0.9601259827613831,0,55864814.58031
32.244197,76.281862,14.880000114440918,1240.612793,2019-10-09,0.9664750099182129,6,55864814.026567
32.243768,76.313904,27.290001,1794.306519,2019-10-09,0.9730389714241028,2,55864814.11748
32.243658,76.319326,27.780001,1711.49707,2019-10-09,0.9710630178451538,1,55864814.443954
32.243845,76.282274,20.829999923706055,1271.945068,2019-10-09,0.9871780276298523,6,55864814.034831
32.243703,76.291133,14.100000381469727,1640.750732,2019-10-09,0.9702669978141785,5,55864814.179475
32.243491,76.328199,26.329999923706055,1852.123657,2019-10-09,0.9637079834938049,0,55864814.588574
32.243394,76.314347,20.81999969482422,1772.031616,2019-10-09,0.9731389880180359,2,55864814.125746
32.24348831176758,76.282691,12.449999809265137,1306.069824,2019-10-09,0.986719012260437,6,55864814.043095
32.243344,76.291553,9.489999771118164,1661.572632,2019-10-09,0.9659690260887146,5,55864814.187741
32.243165,76.305905,21.719999,1671.748901,2019-10-09,0.9566010236740112,3,55864813.989379
32.243019104003906,76.31478881835938,27.440001,1737.60791,2019-10-09,0.9715189933776855,2,55864814.134012
32.243127,76.283119,9.010000228881836,1310.906982,2019-10-09,0.9860640168190002,6,55864814.051359
32.242979,76.291982,5.340000152587891,1663.715698,2019-10-09,0.965923011302948,5,55864814.196007
32.242793,76.306345,22.239999771118164,1653.680542,2019-10-09,0.978007972240448,3,55864813.997643
32.242648,76.31523132324219,13.229999542236328,1728.849487,2019-10-09,0.9572510123252869,2,55864814.142278
32.242391,76.329503,25.690001,1828.300903,2019-10-09,0.9671800136566162,0,55864814.613366
32.242759,76.283552,8.819999694824219,1303.186646,2019-10-09,0.9708099961280823,6,55864814.059623
32.242611,76.292415,8.5600004196167,1649.414429,2019-10-09,0.9658920168876648,5,55864814.204273
32.242422,76.306783,16.969999,1644.812866,2019-10-09,0.9765949845314026,3,55864814.005907
32.242399,76.283975,9.680000305175781,1310.930298,2019-10-09,0.9726669788360596,6,55864814.067887
32.242277,76.315668,11.699999809265137,1710.241699,2019-10-09,0.9728909730911255,2,55864814.150544
32.242164,76.321085,21.459999,1633.500732,2019-10-09,0.9755139946937561,1,55864814.47701
32.242252349853516,76.292835,28.229999542236328,1648.830688,2019-10-09,0.9832519888877869,5,55864814.212539
32.24205017089844,76.307224,24.889999,1617.934082,2019-10-09,0.9713450074195862,3,55864814.014171
32.241907,76.316104,13.680000305175781,1692.371582,2019-10-09,0.9778760075569153,2,55864814.15881
32.241798400878906,76.3215103149414,23.260000228881836,1640.580078,2019-10-09,0.9675610065460205,1,55864814.485274
32.242047,76.284388,18.059999,1337.844727,2019-10-09,0.989791989326477,6,55864814.076151
32.241878,76.293276,15.739999771118164,1633.773071,2019-10-09,0.9887890219688416,5,55864814.220805
32.241659,76.330371,23.709999,1817.13147,2019-10-09,0.9661080241203308,0,55864814.629894
32.24168014526367,76.307661,15.4399995803833,1611.62854,2019-10-09,0.9794870018959045,3,55864814.022435
32.241539,76.316537,14.130000114440918,1681.050415,2019-10-09,0.9746249914169312,2,55864814.167076
32.241439,76.321929,27.600000381469727,1655.695801,2019-10-09,0.9742370247840881,1,55864814.493538
32.241293,76.330807,24.190001,1806.616943,2019-10-09,0.9602640271186829,0,55864814.638158
32.241832,76.270708,21.989999771118164,1099.712524,2019-10-09,0.9574609994888306,8,55864814.278667
32.241694,76.284802,15.25,1371.35791,2019-10-09,0.9635909795761108,6,55864814.084416
32.241502,76.293719,23.629999,1594.209717,2019-10-09,0.984669029712677,5,55864814.229071
32.24131393432617,76.308092,11.579999923706055,1614.071655,2019-10-09,0.9837499856948853,3,55864814.030699
32.24116897583008,76.316972,25.489999771118164,1657.171631,2019-10-09,0.9810010194778442,2,55864814.175342
32.241462,76.271143,12.34000015258789,1094.590332,2019-10-09,0.9863979816436768,8,55864814.286933
32.241347,76.285207,26.020000457763672,1409.680542,2019-10-09,0.9912329912185669,6,55864814.092682
32.241076,76.322352,23.860001,1670.964355,2019-10-09,0.9714940190315247,1,55864814.501802
32.240922,76.33125305175781,35.259998,1770.885376,2019-10-09,0.9714069962501526,0,55864814.646422
32.241125,76.294164,5.570000171661377,1576.41626,2019-10-09,0.9670680165290833,5,55864814.237337
32.240959,76.308507,11.289999961853027,1640.58252,2019-10-09,0.9846969842910767,3,55864814.038963
32.24079895019531,76.317408,23.030001,1643.539062,2019-10-09,0.9756590127944946,2,55864814.183608
32.240712,76.322777,19.520000457763672,1683.626221,2019-10-09,0.9731850028038025,1,55864814.510066
32.240551,76.33169555664062,13.3100004196167,1765.031128,2019-10-09,0.9605519771575928,0,55864814.654686
32.241095,76.271573,15.890000343322754,1088.241943,2019-10-09,0.9904050230979919,8,55864814.295199
32.240991,76.285624,15.890000343322754,1441.766724,2019-10-09,0.9696360230445862,6,55864814.100948
32.240603,76.308924,15.4399995803833,1658.555908,2019-10-09,0.9759269952774048,3,55864814.047227
32.240728,76.272004,12.270000457763672,1087.360107,2019-10-09,0.9853289723396301,8,55864814.303465
32.24063491821289,76.286042,28.790001,1451.642944,2019-10-09,0.9615479707717896,6,55864814.109214
32.240349,76.323201,20.75,1692.517578,2019-10-09,0.9714679718017578,1,55864814.51833
32.240175,76.332149,32.97999954223633,1701.455322,2019-10-09,0.9671099781990051,0,55864814.66295
32.240062,76.318278,25.760000228881836,1614.686157,2019-10-09,0.9781630039215088,2,55864814.20014
32.240362,76.272434,11.930000305175781,1084.99939,2019-10-09,0.9703980088233948,8,55864814.31173
32.240268,76.286473,27.40999984741211,1443.953979,2019-10-09,0.9860600233078003,6,55864814.11748
32.23988723754883,76.309762,12.069999694824219,1697.756104,2019-10-09,0.972307026386261,3,55864814.063755
32.239798,76.332605,26.360001,1659.900635,2019-10-09,0.9730929732322693,0,55864814.671214
32.239906311035156,76.286898,30.290001,1446.636841,2019-10-09,0.9902979731559753,6,55864814.125746
32.239991,76.295504,25.950001,1442.546143,2019-10-09,0.9871119856834412,5,55864814.262135
32.23968505859375,76.318725,33.009998,1572.39563,2019-10-09,0.9744510054588318,2,55864814.208406
32.239425,76.333053,16.379999,1635.536499,2019-10-09,0.9752159714698792,0,55864814.679478
32.239992,76.272867,10.510000228881836,1075.96582,2019-10-09,0.9836819767951965,8,55864814.319994
32.2396125793457,76.29595184326172,13.380000114440918,1419.998413,2019-10-09,0.9636639952659607,5,55864814.270401
32.239626,76.273296,15.930000305175781,1071.404785,2019-10-09,0.9857550263404846,8,55864814.328258
32.239543,76.287325,32.56999969482422,1445.844971,2019-10-09,0.9872440099716187,6,55864814.134012
32.23930740356445,76.319173,20.040001,1547.515137,2019-10-09,0.960299015045166,2,55864814.216672
32.239261627197266,76.324474,20.229999542236328,1724.135986,2019-10-09,0.9511079788208008,1,55864814.543122
32.239057,76.333493,21.309999,1611.943604,2019-10-09,0.9666110277175903,0,55864814.687742
32.23924255371094,76.296385,18.809999,1401.191284,2019-10-09,0.9841610193252563,5,55864814.278667
32.23894119262695,76.319604,12.859999656677246,1549.38208,2019-10-09,0.9844170212745667,2,55864814.224938
32.238887,76.324916,9.680000305175781,1710.904907,2019-10-09,0.9616609811782837,1,55864814.551386
32.239256,76.273731,6.239999771118164,1067.068237,2019-10-09,0.9656479954719543,8,55864814.336522
32.239175,76.287758,25.879999,1440.684937,2019-10-09,0.969573974609375,6,55864814.142278
32.238887,76.274163,4.110000133514404,1062.164429,2019-10-09,0.9656220078468323,8,55864814.344786
32.23881530761719,76.28817749023438,31.75,1447.196045,2019-10-09,0.9864150285720825,6,55864814.150544
32.23886489868164,76.29682922363281,24.229999542236328,1360.630249,2019-10-09,0.9859700202941895,5,55864814.286933
32.238578,76.320029,10.350000381469727,1558.950684,2019-10-09,0.981344997882843,2,55864814.233204
32.2385139465332,76.325357,18.579999923706055,1679.102417,2019-10-09,0.9772199988365173,1,55864814.55965
32.238321,76.334374,11.289999961853027,1583.163452,2019-10-09,0.9777730107307434,0,55864814.70427
32.23848342895508,76.297282,7.400000095367432,1329.463501,2019-10-09,0.9784770011901855,5,55864814.295199
32.238441,76.311458,16.860001,1721.93811,2019-10-09,0.963690996170044,3,55864814.096815
32.238218,76.320449,22.799999,1562.238403,2019-10-09,0.9738039970397949,2,55864814.24147
32.238145,76.325794,21.719999,1662.868164,2019-10-09,0.9678720235824585,1,55864814.567914
32.238521575927734,76.274594,5.159999847412109,1057.42334,2019-10-09,0.9809370040893555,8,55864814.35305
32.238459,76.288597,26.700001,1475.093994,2019-10-09,0.9872919917106628,6,55864814.15881
32.238072,76.311894,15.510000228881836,1708.254761,2019-10-09,0.9788209795951843,3,55864814.105081
32.238101959228516,76.289015,31.479999542236328,1491.037598,2019-10-09,0.9816949963569641,6,55864814.167076
32.238121032714844,76.297708,31.110001,1312.296143,2019-10-09,0.9819830060005188,5,55864814.303465
32.237859,76.320866,15.619999885559082,1589.347656,2019-10-09,0.9805700182914734,2,55864814.249736
32.237596,76.335234,28.459999,1567.121948,2019-10-09,0.9563860297203064,0,55864814.720798
32.238152,76.275025,28.649999618530273,1029.30603,2019-10-09,0.988444983959198,8,55864814.361314
32.237744,76.298151,13.609999656677246,1300.255127,2019-10-09,0.9889540076255798,5,55864814.31173
32.237702,76.31233215332031,17.639999,1689.525635,2019-10-09,0.979839026927948,3,55864814.113347
32.237498,76.321289,16.06999969482422,1600.290405,2019-10-09,0.9737030267715454,2,55864814.258002
32.237777,76.275464,25.959999,1007.363586,2019-10-09,0.974016010761261,8,55864814.369578
32.23774337768555,76.289437,21.690001,1513.897461,2019-10-09,0.9634289741516113,6,55864814.175342
32.23740768432617,76.326664,18.43000030517578,1646.950073,2019-10-09,0.9528589844703674,1,55864814.584442
32.237376,76.289868,25.049999,1503.703247,2019-10-09,0.9645820260047913,6,55864814.183608
32.237384,76.298571,24.979999542236328,1306.640137,2019-10-09,0.9836649894714355,5,55864814.319994
32.237327575683594,76.312772,25.229999542236328,1654.872559,2019-10-09,0.9872879981994629,3,55864814.121613
32.237132,76.321717,12.300000190734863,1603.737305,2019-10-09,0.9770330190658569,2,55864814.266268
32.237041,76.327098,17.389999,1640.008789,2019-10-09,0.9631639719009399,1,55864814.592706
32.237406,76.2759017944336,5.53000020980835,1011.677673,2019-10-09,0.97154301404953,8,55864814.377842
32.236952,76.313218,10.760000228881836,1636.151489,2019-10-09,0.9806140065193176,3,55864814.129879
32.236873626708984,76.336088,21.09000015258789,1586.896729,2019-10-09,0.9701430201530457,0,55864814.737326
32.236998,76.290314,16.110001,1473.399048,2019-10-09,0.967287003993988,6,55864814.191874
32.237023,76.298993,22.25,1323.477295,2019-10-09,0.988752007484436,5,55864814.328258
32.23677062988281,76.322141,20.40999984741211,1604.401367,2019-10-09,0.9822679758071899,2,55864814.274534
32.236672,76.327536,15.630000114440918,1626.066528,2019-10-09,0.9642969965934753,1,55864814.60097
32.23651123046875,76.336521,14.729999542236328,1585.655029,2019-10-09,0.9698399901390076,0,55864814.74559
32.237043,76.276325,11.40999984741211,1015.933105,2019-10-09,0.9879609942436218,8,55864814.386106
32.236669,76.299406,27.260000228881836,1352.473999,2019-10-09,0.9916679859161377,5,55864814.336522
32.236585,76.313649,36.330002,1604.842529,2019-10-09,0.9791709780693054,3,55864814.138145
32.23640823364258,76.322561,24.040001,1618.019653,2019-10-09,0.9764400124549866,2,55864814.2828
32.236674,76.276756,3.0299999713897705,1020.129517,2019-10-09,0.9654819965362549,8,55864814.39437
32.236612,76.290769,8.1899995803833,1423.139771,2019-10-09,0.9574499726295471,6,55864814.20014
32.23615264892578,76.336941,10.770000457763672,1608.370117,2019-10-09,0.9735910296440125,0,55864814.753854
32.236234,76.291215,22.469999,1370.907837,2019-10-09,0.9855239987373352,6,55864814.208406
32.23631286621094,76.29981994628906,38.40999984741211,1373.277954,2019-10-09,0.9849820137023926,5,55864814.344786
32.236207,76.314097,18.43000030517578,1583.071045,2019-10-09,0.975068986415863,3,55864814.146411
32.235937,76.328409,15.180000305175781,1603.106323,2019-10-09,0.9733099937438965,1,55864814.617498
32.236314,76.277177,21.239999771118164,1020.568359,2019-10-09,0.9862679839134216,8,55864814.402634
32.235949,76.300246,26.100000381469727,1393.824219,2019-10-09,0.9860569834709167,5,55864814.35305
32.235834,76.314537,17.870001,1561.456543,2019-10-09,0.9746130108833313,3,55864814.154677
32.235696,76.323392,20.329999923706055,1670.560547,2019-10-09,0.9777889847755432,2,55864814.299332
32.235949,76.277605,11.40999984741211,1034.605713,2019-10-09,0.984935998916626,8,55864814.410898
32.235851,76.291668,16.790001,1323.425781,2019-10-09,0.9817789793014526,6,55864814.216672
32.235574,76.328838,19.889999,1601.714233,2019-10-09,0.9753010272979736,1,55864814.625762
32.235444,76.337769,19.440001,1657.986328,2019-10-09,0.9667500257492065,0,55864814.770382
32.235593,76.3006591796875,37.509998,1413.434937,2019-10-09,0.9864910244941711,5,55864814.361314
32.235464,76.314973,21.229999542236328,1542.397461,2019-10-09,0.9739300012588501,3,55864814.162943
32.23533248901367,76.323817,15.890000343322754,1681.383301,2019-10-09,0.9723640084266663,2,55864814.307598
32.23520278930664,76.32927703857422,11.59000015258789,1588.474609,2019-10-09,0.9526050090789795,1,55864814.634026
32.235582,76.278034,11.59000015258789,1034.421021,2019-10-09,0.9675729870796204,8,55864814.419162
32.235475,76.29210662841797,12.640000343322754,1297.235596,2019-10-09,0.9621189832687378,6,55864814.224938
32.235231,76.301083,42.709999,1420.245728,2019-10-09,0.9866539835929871,5,55864814.369578
32.235095,76.315408,24.06999969482422,1525.288818,2019-10-09,0.978039026260376,3,55864814.171209
32.235103,76.292548,6.760000228881836,1282.868286,2019-10-09,0.9846550226211548,6,55864814.233204
32.234967,76.324244,15.65999984741211,1686.256348,2019-10-09,0.9615359902381897,2,55864814.315862
32.234839,76.329713,15.479999542236328,1580.689453,2019-10-09,0.9530720114707947,1,55864814.64229
32.234735,76.338596,9.489999771118164,1726.223267,2019-10-09,0.9630550146102905,0,55864814.78691
32.23521423339844,76.278464,12.0,1031.140869,2019-10-09,0.9808300137519836,8,55864814.427426
32.234872,76.301502,30.290001,1454.074097,2019-10-09,0.9848470091819763,5,55864814.377842
32.234718322753906,76.315851,23.399999618530273,1498.176636,2019-10-09,0.976239025592804,3,55864814.179475
32.23460388183594,76.324668,11.140000343322754,1700.214111,2019-10-09,0.9648929834365845,2,55864814.324126
32.234468,76.330157,22.549999,1547.208862,2019-10-09,0.9697229862213135,1,55864814.650554
32.234374,76.33901977539062,11.59000015258789,1731.597534,2019-10-09,0.9615409970283508,0,55864814.795174
32.234845,76.278896,26.370001,1009.875122,2019-10-09,0.9856749773025513,8,55864814.43569
32.23473358154297,76.292981,20.120001,1258.460815,2019-10-09,0.9886519908905029,6,55864814.24147
32.234522,76.301908,33.02000045776367,1499.863892,2019-10-09,0.9852480292320251,5,55864814.386106
32.234351,76.316285,23.549999,1484.681763,2019-10-09,0.9723259806632996,3,55864814.187741
32.234014,76.339442,13.09000015258789,1741.920776,2019-10-09,0.9638950228691101,0,55864814.803438
32.234475,76.279329,11.630000114440918,1014.967407,2019-10-09,0.9906759858131409,8,55864814.443954
32.234358,76.293424,21.719999,1228.504761,2019-10-09,0.9881129860877991,6,55864814.249736
32.234162,76.302328,26.059999,1527.903564,2019-10-09,0.9838619828224182,5,55864814.39437
32.233977,76.316727,20.520000457763672,1461.004395,2019-10-09,0.9809979796409607,3,55864814.196007
32.23386764526367,76.325531,24.93000030517578,1675.766846,2019-10-09,0.9651319980621338,2,55864814.340654
32.234391,76.270865,24.719999,1138.844727,2019-10-09,0.9694740176200867,11,55864814.307598
32.23411178588867,76.279757,11.890000343322754,1019.220947,2019-10-09,0.9738550186157227,8,55864814.452218
32.233979,76.293871,10.770000457763672,1198.872925,2019-10-09,0.9674739837646484,6,55864814.258002
32.233718,76.331057,25.15999984741211,1469.022095,2019-10-09,0.9715120196342468,1,55864814.667082
32.233655,76.339861,12.710000038146973,1758.47583,2019-10-09,0.9670439958572388,0,55864814.811702
32.234026,76.271293,27.68000030517578,1138.72229,2019-10-09,0.9697610139846802,11,55864814.315862
32.233793,76.302761,7.25,1538.276245,2019-10-09,0.9614909887313843,5,55864814.402634
32.233489990234375,76.325978,29.229999542236328,1638.354004,2019-10-09,0.9809120297431946,2,55864814.348918
32.233342,76.33151245117188,6.730000019073486,1445.134766,2019-10-09,0.9557080268859863,1,55864814.675346
32.233293,76.340285,13.569999694824219,1763.579834,2019-10-09,0.968080997467041,0,55864814.819966
32.233745,76.280183,11.329999923706055,1026.05896,2019-10-09,0.9726459980010986,8,55864814.460482
32.233612060546875,76.294301,18.879999,1189.295776,2019-10-09,0.9631230235099792,6,55864814.266268
32.23343276977539,76.30317687988281,7.590000152587891,1556.867188,2019-10-09,0.9649569988250732,5,55864814.410898
32.233656,76.271728,25.989999771118164,1124.334961,2019-10-09,0.9938549995422363,11,55864814.324126
32.233261,76.294711,22.549999,1224.025513,2019-10-09,0.9865139722824097,6,55864814.274534
32.23323440551758,76.317603,17.940001,1427.091309,2019-10-09,0.981751024723053,3,55864814.212539
32.23311233520508,76.326426,15.920000076293945,1617.252197,2019-10-09,0.9651110172271729,2,55864814.357182
32.232923,76.3407211303711,9.680000305175781,1749.615234,2019-10-09,0.9658460021018982,0,55864814.82823
32.23329544067383,76.272151,37.700001,1129.600342,2019-10-09,0.9886919856071472,11,55864814.33239
32.233384,76.280605,23.079999923706055,1033.114258,2019-10-09,0.9876729846000671,8,55864814.468746
32.233073,76.303599,10.279999732971191,1576.303467,2019-10-09,0.969573974609375,5,55864814.419162
32.232553,76.34115600585938,6.730000019073486,1734.382446,2019-10-09,0.971435010433197,0,55864814.836494
32.2330207824707,76.281031,6.989999771118164,1055.206543,2019-10-09,0.9602839946746826,8,55864814.47701
32.232908,76.295124,17.90999984741211,1264.160645,2019-10-09,0.987339973449707,6,55864814.2828
32.232711,76.304021,10.6899995803833,1591.26416,2019-10-09,0.9527609944343567,5,55864814.427426
32.23292541503906,76.272584,17.649999618530273,1138.503418,2019-10-09,0.9866459965705872,11,55864814.340654
32.23250198364258,76.318462,17.299999,1421.532471,2019-10-09,0.9739760160446167,3,55864814.229071
32.232269287109375,76.332776,10.579999923706055,1491.1875,2019-10-09,0.9718239903450012,1,55864814.700138
32.232191,76.341578,7.960000038146973,1740.543701,2019-10-09,0.964356005191803,0,55864814.844758
32.232659,76.281453,18.739999771118164,1061.071167,2019-10-09,0.9837250113487244,8,55864814.485274
32.232554,76.295537,14.770000457763672,1299.632568,2019-10-09,0.9897260069847107,6,55864814.291066
32.23234176635742,76.304456,5.980000019073486,1582.552246,2019-10-09,0.9644100069999695,5,55864814.43569
32.232148,76.318873,20.629999,1451.293335,2019-10-09,0.9796879887580872,3,55864814.237337
32.232565,76.273007,20.270000457763672,1153.275879,2019-10-09,0.9874119758605957,11,55864814.348918
32.232297,76.281877,8.229999542236328,1085.677368,2019-10-09,0.9881229996681213,8,55864814.493538
32.232203,76.295947,21.90999984741211,1334.859985,2019-10-09,0.9639130234718323,6,55864814.299332
32.231913,76.333197,8.600000381469727,1509.92395,2019-10-09,0.9698200225830078,1,55864814.708402
32.231835,76.341989,8.069999694824219,1769.914429,2019-10-09,0.9581000208854675,0,55864814.853022
32.232192,76.273443,16.190001,1137.776245,2019-10-09,0.9662860035896301,11,55864814.357182
32.231972,76.30488586425781,18.770000457763672,1568.186035,2019-10-09,0.9804760217666626,5,55864814.443954
32.231794,76.319286,20.260000228881836,1480.046997,2019-10-09,0.979981005191803,3,55864814.245603
32.231545,76.333637,11.930000305175781,1489.289795,2019-10-09,0.9651730060577393,1,55864814.716666
32.231473,76.342411,13.979999542236328,1771.782227,2019-10-09,0.9640650153160095,0,55864814.861286
32.231931,76.282306,7.070000171661377,1087.84082,2019-10-09,0.9653310179710388,8,55864814.501802
32.231847,76.296362,18.729999542236328,1365.993408,2019-10-09,0.9870280027389526,6,55864814.307598
32.231439,76.319698,21.079999923706055,1508.649902,2019-10-09,0.9835270047187805,3,55864814.253869
32.231824,76.273874,18.030001,1132.231689,2019-10-09,0.9673280119895935,11,55864814.365446
32.23149490356445,76.296774,20.68000030517578,1401.023438,2019-10-09,0.9674779772758484,6,55864814.315862
32.231248,76.328617,21.010000228881836,1525.868408,2019-10-09,0.9723470211029053,2,55864814.398502
32.23118209838867,76.334067,8.039999961853027,1491.871948,2019-10-09,0.9606379866600037,1,55864814.72493
32.231111,76.342831,13.649999618530273,1783.018311,2019-10-09,0.9589110016822815,0,55864814.86955
32.231452,76.274311,28.389999,1103.27478,2019-10-09,0.9875720143318176,11,55864814.37371
32.231562,76.282738,11.630000114440918,1076.402099609375,2019-10-09,0.987438976764679,8,55864814.510066
32.231074,76.320126,14.579999923706055,1517.605591,2019-10-09,0.9796720147132874,3,55864814.262135
32.230875,76.32905578613281,24.559999,1502.868408,2019-10-09,0.9698020219802856,2,55864814.406766
32.230742,76.343263,12.079999923706055,1771.995361,2019-10-09,0.9626780152320862,0,55864814.877814
32.231193,76.283171,11.970000267028809,1068.032959,2019-10-09,0.9819070100784302,8,55864814.51833
32.23114013671875,76.297187,33.880001,1421.175537,2019-10-09,0.9854599833488464,6,55864814.324126
32.231074,76.274752,26.969999,1073.140381,2019-10-09,0.987625002861023,11,55864814.381974
32.230777740478516,76.297611,25.15999984741211,1440.550781,2019-10-09,0.9827529788017273,6,55864814.33239
32.230863,76.306185,10.319999694824219,1552.116211,2019-10-09,0.9647459983825684,5,55864814.468746
32.230493,76.329508,20.06999969482422,1464.62085,2019-10-09,0.9732080101966858,2,55864814.41503
32.230462,76.334919,11.779999732971191,1503.663818,2019-10-09,0.9714260101318359,1,55864814.741458
32.23037338256836,76.343696,12.109999656677246,1757.918945,2019-10-09,0.9561790227890015,0,55864814.886078
32.2308235168457,76.283604,22.370001,1048.353027,2019-10-09,0.9675970077514648,8,55864814.526594
32.230498,76.306612,22.020000457763672,1543.656372,2019-10-09,0.9819160103797913,5,55864814.47701
32.23035430908203,76.320968,19.959999,1541.065063,2019-10-09,0.9653480052947998,3,55864814.278667
32.230697,76.275194,8.819999694824219,1062.580444,2019-10-09,0.9887470006942749,11,55864814.390238
32.230449,76.284043,9.199999809265137,1037.425659,2019-10-09,0.9840949773788452,8,55864814.534858
32.230409,76.298044,19.06999969482422,1438.432129,2019-10-09,0.9602530002593994,6,55864814.340654
32.230121,76.329945,25.979999542236328,1443.626587,2019-10-09,0.977616012096405,2,55864814.423294
32.230001,76.344134,18.770000457763672,1727.543701,2019-10-09,0.9743289947509766,0,55864814.894342
32.230329,76.275624,22.59000015258789,1045.238892,2019-10-09,0.9740189909934998,11,55864814.398502
32.230124,76.307051,8.0,1535.856934,2019-10-09,0.9706140160560608,5,55864814.485274
32.230002,76.321376,22.950001,1575.897217,2019-10-09,0.9842090010643005,3,55864814.286933
32.229741,76.330394,10.84000015258789,1422.260864,2019-10-09,0.976938009262085,2,55864814.431558
32.229632,76.344566,18.65999984741211,1716.285522,2019-10-09,0.9702010154724121,0,55864814.902606
32.230081,76.284476,22.329999923706055,1017.328674,2019-10-09,0.9870240092277527,8,55864814.543122
32.230041,76.298476,24.530001,1427.189209,2019-10-09,0.977886974811554,6,55864814.348918
32.22975540161133,76.307483,17.09000015258789,1522.646118,2019-10-09,0.9879119992256165,5,55864814.493538
32.229956,76.276061,21.209999,1026.575195,2019-10-09,0.9890649914741516,11,55864814.406766
32.229679107666016,76.298897,31.81999969482422,1435.745605,2019-10-09,0.9661160111427307,6,55864814.357182
32.229371,76.330827,20.329999923706055,1405.902466,2019-10-09,0.9773150086402893,2,55864814.439822
32.229373931884766,76.336206,8.75,1509.367065,2019-10-09,0.9586600065231323,1,55864814.76625
32.229264,76.344995,12.640000343322754,1715.358276,2019-10-09,0.9586899876594543,0,55864814.91087
32.229711,76.284912,11.289999961853027,1013.658447,2019-10-09,0.979062020778656,8,55864814.551386
32.229388,76.307914,28.56999969482422,1508.609131,2019-10-09,0.957889974117279,5,55864814.501802
32.22928237915039,76.322215,19.549999,1612.551758,2019-10-09,0.9769240021705627,3,55864814.303465
32.229017,76.336625,14.6899995803833,1520.655273,2019-10-09,0.9758300185203552,1,55864814.774514
32.229583,76.276498,10.729999542236328,1018.862549,2019-10-09,0.9890559911727905,11,55864814.41503
32.229351,76.285335,16.379999,1024.998657,2019-10-09,0.9619060158729553,8,55864814.55965
32.22930908203125,76.299331,26.139999,1431.775024,2019-10-09,0.9677039980888367,6,55864814.365446
32.228994,76.331271,14.579999923706055,1382.270752,2019-10-09,0.9783549904823303,2,55864814.448086
32.229209899902344,76.276933,6.059999942779541,1009.011658,2019-10-09,0.9670649766921997,11,55864814.423294
32.228939056396484,76.299765,5.269999980926514,1442.602417,2019-10-09,0.9715250134468079,6,55864814.37371
32.229013,76.308355,21.989999771118164,1488.94397,2019-10-09,0.9657530188560486,5,55864814.510066
32.22862243652344,76.331708,4.519999980926514,1378.45813,2019-10-09,0.9781230092048645,2,55864814.45635
32.228652,76.337057,14.020000457763672,1514.755249,2019-10-09,0.9664450287818909,1,55864814.782778
32.228528,76.34585571289062,17.270000457763672,1694.092529,2019-10-09,0.9723690152168274,0,55864814.927398
32.228995,76.285753,19.370001,1049.821289,2019-10-09,0.9645779728889465,8,55864814.567914
32.228633880615234,76.308801,15.369999885559082,1461.604248,2019-10-09,0.9846410155296326,5,55864814.51833
32.22856140136719,76.323059,21.870001,1637.608154,2019-10-09,0.973160982131958,3,55864814.319994
32.228298,76.337468,14.920000076293945,1546.219849,2019-10-09,0.9670519828796387,1,55864814.791042
32.228842,76.277364,13.760000228881836,995.155518,2019-10-09,0.9855430126190186,11,55864814.431558
32.228642,76.286168,39.84000015258789,1067.193726,2019-10-09,0.9854040145874023,8,55864814.576178
32.228589,76.300174,22.620001,1467.935181,2019-10-09,0.9818540215492249,6,55864814.381974
32.228156,76.346294,17.56999969482422,1670.874023,2019-10-09,0.968284010887146,0,55864814.935662
32.228469,76.277799,21.020000457763672,972.796753,2019-10-09,0.9871289730072021,11,55864814.439822
32.228259,76.309242,28.15999984741211,1421.550293,2019-10-09,0.9842579960823059,5,55864814.526594
32.228191,76.323492,20.0,1631.71521,2019-10-09,0.9678810238838196,3,55864814.328258
32.227944,76.337882,13.199999809265137,1575.651245,2019-10-09,0.9715459942817688,1,55864814.799306
32.227783203125,76.346732,19.18000030517578,1644.972778,2019-10-09,0.9724209904670715,0,55864814.943926
32.228277,76.286599,26.520000457763672,1079.904419,2019-10-09,0.9621599912643433,8,55864814.584442
32.228232,76.300589,22.809999,1496.227661,2019-10-09,0.9803820252418518,6,55864814.390238
32.227815,76.323934,23.700001,1603.061279,2019-10-09,0.9702519774436951,3,55864814.336522
32.227889,76.332564,8.0,1377.404785,2019-10-09,0.9776690006256104,2,55864814.472878
32.228099,76.278233,25.770000457763672,956.221863,2019-10-09,0.9915450215339661,11,55864814.448086
32.227874,76.301008,30.18000030517578,1511.616089,2019-10-09,0.9834200143814087,6,55864814.398502
32.227884,76.30968475341797,20.420000076293945,1402.51355,2019-10-09,0.9866679906845093,5,55864814.534858
32.22753143310547,76.332982,15.0600004196167,1391.300781,2019-10-09,0.9695389866828918,2,55864814.481142
32.22758865356445,76.338292,16.34000015258789,1606.143677,2019-10-09,0.9717109799385071,1,55864814.80757
32.22740936279297,76.347171,16.899999618530273,1623.366089,2019-10-09,0.9713129997253418,0,55864814.95219
32.227916,76.28702545166016,25.059999,1090.925659,2019-10-09,0.9630360007286072,8,55864814.592706
32.227515,76.310119,26.139999,1387.498657,2019-10-09,0.9856820106506348,5,55864814.543122
32.227439,76.324378,22.280001,1576.48584,2019-10-09,0.9764429926872253,3,55864814.344786
32.227235,76.338706,8.5600004196167,1639.682251,2019-10-09,0.978115975856781,1,55864814.815834
32.227724,76.278671,7.139999866485596,954.273376,2019-10-09,0.9838020205497742,11,55864814.45635
32.22755432128906,76.287452,24.459999,1100.463501,2019-10-09,0.9856910109519958,8,55864814.60097
32.227501,76.301444,25.610001,1500.912476,2019-10-09,0.980588972568512,6,55864814.406766
32.227171,76.333398,14.050000190734863,1416.271729,2019-10-09,0.9788979887962341,2,55864814.489406
32.227035,76.347614,14.65999984741211,1594.620728,2019-10-09,0.9658610224723816,0,55864814.960454
32.227355,76.279102,6.989999771118164,948.700562,2019-10-09,0.9587730169296265,11,55864814.464614
32.227133,76.301876,22.020000457763672,1498.659546,2019-10-09,0.9596610069274902,6,55864814.41503
32.227151,76.310545,32.529999,1389.276733,2019-10-09,0.9784370064735413,5,55864814.551386
32.227057,76.3248291015625,16.110001,1540.064941,2019-10-09,0.971992015838623,3,55864814.35305
32.226810455322266,76.333818,12.739999771118164,1434.426636,2019-10-09,0.9722959995269775,2,55864814.49767
32.226876,76.339123,8.039999961853027,1658.718384,2019-10-09,0.9723420143127441,1,55864814.824098
32.226663,76.348052,12.489999771118164,1576.705444,2019-10-09,0.9636589884757996,0,55864814.968718
32.227195739746094,76.287875,27.790001,1115.045532,2019-10-09,0.9853910207748413,8,55864814.609234
32.226681,76.325273,14.5,1514.421143,2019-10-09,0.9652130007743835,3,55864814.361314
32.226988,76.279532,4.630000114440918,949.647827,2019-10-09,0.9576579928398132,11,55864814.472878
32.226759,76.302314,18.43000030517578,1483.092529,2019-10-09,0.9565730094909668,6,55864814.423294
32.226777,76.310987,37.400002,1356.994629,2019-10-09,0.9679700136184692,5,55864814.55965
32.226443,76.334248,12.739999771118164,1432.590698,2019-10-09,0.9734899997711182,2,55864814.505934
32.226294,76.348485,5.610000133514404,1572.570312,2019-10-09,0.9697110056877136,0,55864814.976982
32.226394,76.31143951416016,24.010000228881836,1320.341431,2019-10-09,0.9890850186347961,5,55864814.567914
32.226306,76.32571411132812,13.569999694824219,1493.615112,2019-10-09,0.962270975112915,3,55864814.369578
32.226079,76.334674,10.460000038146973,1440.687378,2019-10-09,0.9849969744682312,2,55864814.514198
32.226159,76.339958,17.540001,1684.490112,2019-10-09,0.9741430282592773,1,55864814.840626
32.226629,76.279952,21.43000030517578,955.633057,2019-10-09,0.9891020059585571,11,55864814.481142
32.226473,76.288731,12.829999923706055,1143.443481,2019-10-09,0.9566050171852112,8,55864814.625762
32.226384,76.302753,25.010000228881836,1454.432739,2019-10-09,0.9568579792976379,6,55864814.431558
32.22579574584961,76.340381,19.670000076293945,1688.082275,2019-10-09,0.9754220247268677,1,55864814.84889
32.226274,76.280368,30.450001,979.181396,2019-10-09,0.9874650239944458,11,55864814.489406
32.22611618041992,76.28915405273438,17.989999771118164,1156.889893,2019-10-09,0.9622679948806763,8,55864814.634026
32.226009,76.303192,23.219999,1434.282959,2019-10-09,0.9573799967765808,6,55864814.439822
32.22601318359375,76.311893,19.93000030517578,1277.085083,2019-10-09,0.9900709986686707,5,55864814.576178
32.225717,76.335097,12.670000076293945,1450.473633,2019-10-09,0.972087025642395,2,55864814.522462
32.225558,76.349349,15.180000305175781,1549.365479,2019-10-09,0.9778000116348267,0,55864814.99351
32.225639,76.312336,4.260000228881836,1266.098145,2019-10-09,0.9699959754943848,5,55864814.584442
32.225564,76.326585,18.200001,1463.880615,2019-10-09,0.9679920077323914,3,55864814.386106
32.225423,76.3408203125,18.360001,1664.001587,2019-10-09,0.9670429825782776,1,55864814.857154
32.225913,76.280791,15.029999732971191,1011.156067,2019-10-09,0.9884170293807983,11,55864814.49767
32.225757,76.28958129882812,22.440001,1165.352539,2019-10-09,0.9817039966583252,8,55864814.64229
32.22563171386719,76.303638,13.079999923706055,1409.734131,2019-10-09,0.9890570044517517,6,55864814.448086
32.225358,76.335514,18.049999,1467.481689,2019-10-09,0.9774320125579834,2,55864814.530726
32.225187,76.349786,14.470000267028809,1532.897461,2019-10-09,0.9673010110855103,0,55864815.001774
32.225555419921875,76.28121185302734,25.84000015258789,1024.30603,2019-10-09,0.9884520173072815,11,55864814.505934
32.22526931762695,76.312772,8.819999694824219,1248.810425,2019-10-09,0.9719070196151733,5,55864814.592706
32.225189,76.327026,15.140000343322754,1443.830078,2019-10-09,0.97850501537323,3,55864814.39437
32.224999,76.335933,15.699999809265137,1489.278809,2019-10-09,0.9724149703979492,2,55864814.53899
32.225053,76.341256,21.989999771118164,1641.852051,2019-10-09,0.9615370035171509,1,55864814.865418
32.224822,76.350215,11.65999984741211,1537.242676,2019-10-09,0.9630849957466125,0,55864815.010038
32.225396,76.290009,19.40999984741211,1172.560547,2019-10-09,0.9872570037841797,8,55864814.650554
32.225257873535156,76.304074,11.140000343322754,1397.106812,2019-10-09,0.9841560125350952,6,55864814.45635
32.224681,76.341692,23.969999,1618.470825,2019-10-09,0.9700499773025513,1,55864814.873682
32.225191,76.281638,13.390000343322754,1042.33667,2019-10-09,0.9876610040664673,11,55864814.514198
32.225040435791016,76.290431,28.129999,1185.543945,2019-10-09,0.9847890138626099,8,55864814.658818
32.224887,76.304507,14.6899995803833,1383.730591,2019-10-09,0.9625359773635864,6,55864814.464614
32.224901,76.313208,4.480000019073486,1241.989258,2019-10-09,0.9541789889335632,5,55864814.60097
32.22445297241211,76.35064697265625,8.109999656677246,1530.184448,2019-10-09,0.9641870260238647,0,55864815.018302
32.22481918334961,76.282072,19.299999,1023.421997,2019-10-09,0.9881870150566101,11,55864814.522462
32.224542,76.313632,7.550000190734863,1253.449219,2019-10-09,0.9734219908714294,5,55864814.609234
32.224436,76.327912,9.449999809265137,1397.494263,2019-10-09,0.9816700220108032,3,55864814.410898
32.224278,76.336775,15.65999984741211,1521.669434,2019-10-09,0.9700750112533569,2,55864814.555518
32.224308013916016,76.34213256835938,6.170000076293945,1612.635132,2019-10-09,0.9708560109138489,1,55864814.881946
32.22468185424805,76.290859,23.120001,1198.07605,2019-10-09,0.9779769778251648,8,55864814.667082
32.224517,76.304941,13.010000228881836,1375.430664,2019-10-09,0.9682760238647461,6,55864814.472878
32.224084,76.351085,12.670000076293945,1516.238525,2019-10-09,0.9643489718437195,0,55864815.026566
32.224456,76.28250122070312,19.670000076293945,1027.586426,2019-10-09,0.9911260008811951,11,55864814.530726
32.22431182861328,76.291299,24.610001,1175.322998,2019-10-09,0.9768940210342407,8,55864814.675346
32.224142,76.30538177490234,24.719999,1342.431763,2019-10-09,0.9833120107650757,6,55864814.481142
32.224179,76.31405639648438,14.130000114440918,1250.356079,2019-10-09,0.986922025680542,5,55864814.617498
32.224063,76.3283462524414,17.719999,1372.614258,2019-10-09,0.9694070219993591,3,55864814.419162
32.223918,76.337196,15.59000015258789,1537.745972,2019-10-09,0.9737370014190674,2,55864814.563782
32.223716,76.35151672363281,11.699999809265137,1508.356934,2019-10-09,0.969868004322052,0,55864815.03483
32.22381591796875,76.314491,11.180000305175781,1254.141724,2019-10-09,0.955905020236969,5,55864814.625762
32.223690032958984,76.328788,28.18000030517578,1346.037476,2019-10-09,0.976822018623352,3,55864814.427426
32.223577,76.342983,14.989999771118164,1599.863281,2019-10-09,0.9659709930419922,1,55864814.898474
32.224092,76.282926,29.059999,1026.931641,2019-10-09,0.987339973449707,11,55864814.53899
32.223944,76.291734,16.530001,1171.922363,2019-10-09,0.9846109747886658,8,55864814.68361
32.223767,76.30581665039062,14.6899995803833,1328.054321,2019-10-09,0.9691569805145264,6,55864814.489406
32.223555,76.337623,9.079999923706055,1549.423218,2019-10-09,0.9584550261497498,2,55864814.572046
32.223348,76.351954,17.420000076293945,1496.928101,2019-10-09,0.9720519781112671,0,55864815.043094
32.223721,76.283363,24.979999542236328,1013.081299,2019-10-09,0.9691259860992432,11,55864814.547254
32.223453,76.3149185180664,12.489999771118164,1253.901001,2019-10-09,0.9720649719238281,5,55864814.634026
32.223201751708984,76.338038,13.039999961853027,1573.444092,2019-10-09,0.9553790092468262,2,55864814.58031
32.22357940673828,76.292167,18.780001,1163.597656,2019-10-09,0.9835649728775024,8,55864814.691874
32.223398,76.306253,18.280001,1317.280762,2019-10-09,0.9661750197410583,6,55864814.49767
32.223355,76.283793,20.120001,1017.675598,2019-10-09,0.9821109771728516,11,55864814.555518
32.223215,76.292601,30.489999771118164,1144.789795,2019-10-09,0.9766070246696472,8,55864814.700138
32.223024,76.306691,15.739999771118164,1300.523926,2019-10-09,0.9689130187034607,6,55864814.505934
32.223101,76.315336,12.149999618530273,1287.136108,2019-10-09,0.9579979777336121,5,55864814.64229
32.222937,76.329673,8.029999732971191,1314.874634,2019-10-09,0.9710010290145874,3,55864814.443954
32.222835540771484,76.338465,20.0,1571.560425,2019-10-09,0.967411994934082,2,55864814.588574
32.223006,76.284204,39.90999984741211,1043.306641,2019-10-09,0.9890789985656738,11,55864814.563782
32.222742,76.315761,10.390000343322754,1300.22168,2019-10-09,0.9652389883995056,5,55864814.650554
32.222568,76.330105,15.140000343322754,1302.310913,2019-10-09,0.9657120108604431,3,55864814.452218
32.22246551513672,76.344283,6.539999961853027,1564.458374,2019-10-09,0.9734129905700684,1,55864814.923266
32.222852,76.293032,32.72999954223633,1139.981567,2019-10-09,0.9815449714660645,8,55864814.708402
32.222654,76.307126,18.360001,1286.761108,2019-10-09,0.9819149971008301,6,55864814.514198
32.222242,76.35326385498047,24.229999542236328,1459.48291,2019-10-09,0.9598580002784729,0,55864815.067886
32.22264862060547,76.284623,26.81999969482422,1085.055542,2019-10-09,0.9889749884605408,11,55864814.572046
32.22248840332031,76.293462,29.479999542236328,1145.447632,2019-10-09,0.9829930067062378,8,55864814.716666
32.222388,76.316179,15.520000457763672,1321.805176,2019-10-09,0.9616870284080505,5,55864814.658818
32.222213,76.330516,16.110001,1333.81543,2019-10-09,0.9831990003585815,3,55864814.460482
32.222089,76.339354,17.459999,1521.736206,2019-10-09,0.9725139737129211,2,55864814.605102
32.22209930419922,76.344711,20.079999923706055,1546.583618,2019-10-09,0.9754719734191895,1,55864814.93153
32.221871,76.353704,13.829999923706055,1451.79895,2019-10-09,0.962805986404419,0,55864815.07615
32.222279,76.307567,22.31999969482422,1258.259399,2019-10-09,0.9825689792633057,6,55864814.522462
32.222029,76.31660461425781,16.639999,1330.828369,2019-10-09,0.964352011680603,5,55864814.667082
32.22187042236328,76.330909,37.939999,1378.206421,2019-10-09,0.9619979858398438,3,55864814.468746
32.221728,76.345148,16.530001,1530.63916,2019-10-09,0.9689639806747437,1,55864814.939794
32.222293853759766,76.285042,28.459999,1108.871338,2019-10-09,0.9844570159912109,11,55864814.58031
32.22212219238281,76.293899,25.959999,1131.732178,2019-10-09,0.9859769940376282,8,55864814.72493
32.22190475463867,76.308007,25.010000228881836,1233.424683,2019-10-09,0.9817349910736084,6,55864814.530726
32.221933,76.285469,31.610001,1113.896118,2019-10-09,0.9876890182495117,11,55864814.588574
32.221762,76.294326,23.600000381469727,1140.372803,2019-10-09,0.957144021987915,8,55864814.733194
32.221356,76.345584,8.970000267028809,1518.147705,2019-10-09,0.9737510085105896,1,55864814.948058
32.221126556396484,76.354589,18.989999771118164,1405.96814,2019-10-09,0.9639599919319153,0,55864815.092681
32.221531,76.308446,24.040001,1213.747314,2019-10-09,0.9809550046920776,6,55864814.53899
32.221303,76.317467,16.379999,1331.848267,2019-10-09,0.9826020002365112,5,55864814.68361
32.221562,76.285907,24.719999,1104.628418,2019-10-09,0.9868689775466919,11,55864814.596838
32.221396,76.294761,19.75,1133.121826,2019-10-09,0.9832040071487427,8,55864814.741458
32.22114181518555,76.331763,24.889999,1399.848999,2019-10-09,0.9691759943962097,3,55864814.485274
32.220977783203125,76.3406753540039,15.850000381469727,1468.628784,2019-10-09,0.9668920040130615,2,55864814.629894
32.22075653076172,76.355028,19.850000381469727,1390.75647,2019-10-09,0.9633880257606506,0,55864815.100947
32.221192,76.286344,28.010000228881836,1082.805176,2019-10-09,0.9857839941978455,11,55864814.605102
32.221149,76.308897,7.059999942779541,1184.585083,2019-10-09,0.9884309768676758,6,55864814.547254
32.220941,76.317898,11.890000343322754,1335.37146,2019-10-09,0.9844549894332886,5,55864814.691874
32.22077178955078,76.332197,20.479999542236328,1395.54187,2019-10-09,0.9761639833450317,3,55864814.493538
32.220611572265625,76.341113,17.899999618530273,1452.648682,2019-10-09,0.9762319922447205,2,55864814.638158
32.220618,76.346448,16.969999,1491.766235,2019-10-09,0.9730460047721863,1,55864814.964586
32.221029,76.295195,18.059999,1122.575928,2019-10-09,0.9750909805297852,8,55864814.749722
32.220781,76.30933380126953,5.269999980926514,1179.616211,2019-10-09,0.9710969924926758,6,55864814.555518
32.220822,76.286781,21.020000457763672,1073.14209,2019-10-09,0.9887869954109192,11,55864814.613366
32.220578,76.318328,10.430000305175781,1336.553467,2019-10-09,0.9639989733695984,5,55864814.700138
32.220409,76.332617,30.129999,1401.911133,2019-10-09,0.9767959713935852,3,55864814.501802
32.220244,76.341549,15.25,1445.552979,2019-10-09,0.9730340242385864,2,55864814.646422
32.220248,76.346882,14.6899995803833,1480.067017,2019-10-09,0.9746840000152588,1,55864814.97285
32.220019,76.355903,12.40999984741211,1375.216797,2019-10-09,0.9524750113487244,0,55864815.117479
32.22041320800781,76.309763,9.979999542236328,1167.997681,2019-10-09,0.9688979983329773,6,55864814.563782
32.220218658447266,76.318753,14.619999885559082,1345.295654,2019-10-09,0.9882820248603821,5,55864814.708402
32.22004699707031,76.33303833007812,20.889999,1423.045654,2019-10-09,0.9840739965438843,3,55864814.510066
32.219877,76.347318,16.260000228881836,1462.160522,2019-10-09,0.9684190154075623,1,55864814.981114
32.220456,76.287215,29.209999,1057.893433,2019-10-09,0.986856997013092,11,55864814.62163
32.22030258178711,76.296055,19.860001,1119.272095,2019-10-09,0.9591190218925476,8,55864814.76625
32.220048,76.310193,10.239999771118164,1168.548218,2019-10-09,0.9551939964294434,6,55864814.572046
32.219878,76.341983,18.049999,1436.017456,2019-10-09,0.9767910242080688,2,55864814.654686
32.21964645385742,76.3563461303711,13.119999885559082,1352.561646,2019-10-09,0.9594659805297852,0,55864815.125745
32.220088958740234,76.287649,27.56999969482422,1053.254761,2019-10-09,0.9891039729118347,11,55864814.629894
32.219937,76.296487,9.199999809265137,1120.164795,2019-10-09,0.9562399983406067,8,55864814.774514
32.219854,76.319188,9.9399995803833,1339.996094,2019-10-09,0.9739959836006165,5,55864814.716666
32.219675,76.333476,12.710000038146973,1417.55896,2019-10-09,0.979997992515564,3,55864814.51833
32.219508,76.347752,14.84000015258789,1453.366211,2019-10-09,0.9714300036430359,1,55864814.989378
32.219683,76.310623,6.800000190734863,1171.308838,2019-10-09,0.967091977596283,6,55864814.58031
32.219486236572266,76.31962585449219,12.600000381469727,1319.968872,2019-10-09,0.983784019947052,5,55864814.72493
32.219274,76.3567886352539,8.779999732971191,1333.19043,2019-10-09,0.9529839754104614,0,55864815.134011
32.219724,76.288082,25.360001,1048.848022,2019-10-09,0.984246015548706,11,55864814.638158
32.219582,76.296907,22.399999618530273,1128.544312,2019-10-09,0.9829959869384766,8,55864814.782778
32.219149,76.342849,14.020000457763672,1430.435425,2019-10-09,0.9782810211181641,2,55864814.671214
32.219139,76.348185,19.889999,1438.678101,2019-10-09,0.9751579761505127,1,55864814.997642
32.219362,76.288512,28.389999,1049.377808,2019-10-09,0.9653890132904053,11,55864814.646422
32.219317,76.311054,5.679999828338623,1169.020996,2019-10-09,0.9655269980430603,6,55864814.588574
32.219115,76.320067,12.229999542236328,1295.740479,2019-10-09,0.9876790046691895,5,55864814.733194
32.218955,76.334316,23.170000076293945,1441.68689,2019-10-09,0.9767879843711853,3,55864814.534858
32.218774,76.348612,21.90999984741211,1440.629883,2019-10-09,0.9702029824256897,1,55864815.005906
32.21921920776367,76.297333,16.229999542236328,1139.817017,2019-10-09,0.9841960072517395,8,55864814.791042
32.21895217895508,76.31148529052734,9.380000114440918,1164.104736,2019-10-09,0.984449028968811,6,55864814.596838
32.21854019165039,76.357655,14.880000114440918,1320.306641,2019-10-09,0.9729959964752197,0,55864815.150543
32.218999,76.288943,28.84000015258789,1047.203247,2019-10-09,0.9864050149917603,11,55864814.654686
32.218855,76.297763,11.739999771118164,1139.641113,2019-10-09,0.9851059913635254,8,55864814.799306
32.218746185302734,76.320506,12.5600004196167,1276.916748,2019-10-09,0.9793779850006104,5,55864814.741458
32.218583,76.33475494384766,21.15999984741211,1427.458008,2019-10-09,0.9807019829750061,3,55864814.543122
32.218423,76.343711,11.880000114440918,1432.283569,2019-10-09,0.9722539782524109,2,55864814.687742
32.218406677246094,76.349044,19.739999771118164,1438.092407,2019-10-09,0.9672520160675049,1,55864815.01417
32.218176,76.358083,6.880000114440918,1332.807739,2019-10-09,0.967028021812439,0,55864815.158809
32.218588,76.311915,12.260000228881836,1162.231689,2019-10-09,0.9682459831237793,6,55864814.605102
32.218382,76.320938,18.43000030517578,1264.27478,2019-10-09,0.9703279733657837,5,55864814.749722
32.218211,76.335194,25.489999771118164,1405.43689,2019-10-09,0.9650220274925232,3,55864814.551386
32.2186279296875,76.289383,26.290001,1026.685181,2019-10-09,0.9860529899597168,11,55864814.66295
32.218493,76.298189,20.950001,1132.821289,2019-10-09,0.9881420135498047,8,55864814.80757
32.217811,76.358513,26.65999984741211,1314.085327,2019-10-09,0.9656950235366821,0,55864815.167075
32.21826171875,76.2898178100586,31.079999923706055,1006.754944,2019-10-09,0.989130973815918,11,55864814.671214
32.218131,76.298614,22.110001,1137.904663,2019-10-09,0.9883949756622314,8,55864814.815834
32.218013,76.321375,6.909999847412109,1261.22876,2019-10-09,0.9737470149993896,5,55864814.757986
32.217841,76.33563232421875,32.93000030517578,1385.160400390625,2019-10-09,0.9744359850883484,3,55864814.55965
32.217668,76.349917,24.68000030517578,1408.816528,2019-10-09,0.9779639840126038,1,55864815.030698
32.217877,76.312753,29.350000381469727,1193.879639,2019-10-09,0.9804080128669739,6,55864814.62163
32.217651,76.321803,5.75,1263.720093,2019-10-09,0.9641789793968201,5,55864814.76625
32.217892,76.290258,28.610001,992.318298,2019-10-09,0.9888759851455688,11,55864814.679478
32.217768,76.299039,18.059999,1146.63269,2019-10-09,0.9890649914741516,8,55864814.824098
32.217467,76.336072,29.790001,1366.400879,2019-10-09,0.9807800054550171,3,55864814.567914
32.217299,76.350352,14.579999923706055,1409.593262,2019-10-09,0.9690060019493103,1,55864815.038962
32.217071,76.359388,30.780001,1279.635986,2019-10-09,0.950469970703125,0,55864815.183607
32.217523,76.290696,32.84000015258789,968.673279,2019-10-09,0.9871249794960022,11,55864814.687742
32.217288,76.322232,11.699999809265137,1256.827881,2019-10-09,0.9660750031471252,5,55864814.774514
32.217093,76.336515,29.75,1342.116333,2019-10-09,0.9670019745826721,3,55864814.576178
32.216963,76.345447,6.309999942779541,1408.999878,2019-10-09,0.9714580178260803,2,55864814.720798
32.216931,76.350786,21.760000228881836,1396.417603,2019-10-09,0.9691849946975708,1,55864815.047226
32.217404,76.299466,26.440001,1137.578125,2019-10-09,0.9888330101966858,8,55864814.832362
32.216703,76.35981750488281,18.020000457763672,1286.049561,2019-10-09,0.9724270105361938,0,55864815.191873
32.217154,76.291134,15.930000305175781,968.257874,2019-10-09,0.9757739901542664,11,55864814.696006
32.217032,76.299902,21.360001,1118.36499,2019-10-09,0.9794970154762268,8,55864814.840626
32.216924,76.322662,4.630000114440918,1260.346436,2019-10-09,0.9625740051269531,5,55864814.782778
32.21659851074219,76.345878,20.370001,1392.272705,2019-10-09,0.9741330146789551,2,55864814.729062
32.21656036376953,76.351226,27.40999984741211,1373.721924,2019-10-09,0.9648470282554626,1,55864815.05549
32.216351,76.360225,22.469999,1325.865967,2019-10-09,0.9760280251502991,0,55864815.200139
32.21656036376953,76.323091,8.069999694824219,1256.461548,2019-10-09,0.9697390198707581,5,55864814.791042
32.216793060302734,76.291564,9.869999885559082,976.898987,2019-10-09,0.9857620000839233,11,55864814.70427
32.216665,76.300332,22.18000030517578,1109.036377,2019-10-09,0.9598140120506287,8,55864814.84889
32.216429,76.31446838378906,6.800000190734863,1230.079346,2019-10-09,0.9845259785652161,6,55864814.654686
32.216346740722656,76.337399,36.52000045776367,1289.061157,2019-10-09,0.9753130078315735,3,55864814.592706
32.216231,76.346318,7.550000190734863,1387.287109,2019-10-09,0.9823939800262451,2,55864814.737326
32.2161865234375,76.351669,21.459999,1356.477417,2019-10-09,0.9657099843025208,1,55864815.063754
32.216438,76.29198455810547,22.549999,986.439636,2019-10-09,0.9931420087814331,11,55864814.712534
32.2162971496582,76.300762,19.899999618530273,1101.666382,2019-10-09,0.979315996170044,8,55864814.857154
32.215966,76.337853,15.170000076293945,1267.485596,2019-10-09,0.9577720165252686,3,55864814.60097
32.215867,76.346749,18.649999618530273,1372.173584,2019-10-09,0.9760419726371765,2,55864814.74559
32.215814,76.352113,29.469999,1324.97876,2019-10-09,0.9599559903144836,1,55864815.072018
32.216068,76.314899,3.140000104904175,1237.361694,2019-10-09,0.9610229730606079,6,55864814.66295
32.2158317565918,76.3239517211914,3.2899999618530273,1252.549927,2019-10-09,0.9777299761772156,5,55864814.80757
32.215623,76.361075,8.859999656677246,1349.191406,2019-10-09,0.9529280066490173,0,55864815.216671
32.216086,76.29240417480469,22.219999,1015.052979,2019-10-09,0.9856150150299072,11,55864814.720798
32.215928,76.301193,14.550000190734863,1094.237061,2019-10-09,0.9595230221748352,8,55864814.865418
32.215711,76.315321,24.719999,1233.765503,2019-10-09,0.9881640076637268,6,55864814.671214
32.215598,76.338289,15.020000457763672,1255.868286,2019-10-09,0.9732109904289246,3,55864814.609234
32.21549987792969,76.347186,18.610001,1359.886353,2019-10-09,0.9696189761161804,2,55864814.753854
32.215438,76.352561,24.420000076293945,1297.334595,2019-10-09,0.9792029857635498,1,55864815.080282
32.215258,76.36150360107422,19.440001,1342.007202,2019-10-09,0.9673529863357544,0,55864815.224937
32.21571731567383,76.292841,18.399999618530273,1001.576843,2019-10-09,0.9859970211982727,11,55864814.729062
32.2154655456543,76.324377,9.010000228881836,1246.648193,2019-10-09,0.9696940183639526,5,55864814.815834
32.215228,76.338729,4.670000076293945,1249.584106,2019-10-09,0.9526110291481018,3,55864814.617498
32.215131,76.347624,23.399999618530273,1337.911255,2019-10-09,0.9743589758872986,2,55864814.762118
32.215561,76.301621,14.550000190734863,1089.040649,2019-10-09,0.9878820180892944,8,55864814.873682
32.215353,76.315747,22.31999969482422,1246.30481,2019-10-09,0.9701600074768066,6,55864814.679478
32.215364,76.29325866699219,28.579999923706055,1017.393494,2019-10-09,0.9859520196914673,11,55864814.737326
32.215194,76.302049,18.030001,1079.872314,2019-10-09,0.964631974697113,8,55864814.881946
32.214996337890625,76.316169,27.0,1259.814453,2019-10-09,0.9880520105361938,6,55864814.687742
32.2150993347168,76.324807,6.170000076293945,1242.183472,2019-10-09,0.9841269850730896,5,55864814.824098
32.21487045288086,76.33914947509766,20.370001,1250.946167,2019-10-09,0.9658240079879761,3,55864814.625762
32.214759826660156,76.348065,7.059999942779541,1331.580322,2019-10-09,0.9746260046958923,2,55864814.770382
32.214689,76.353453,14.210000038146973,1252.226685,2019-10-09,0.9610620141029358,1,55864815.096814
32.214526,76.362355,11.630000114440918,1343.951416,2019-10-09,0.9669619798660278,0,55864815.241469
32.215003967285156,76.293687,11.4399995803833,1042.895752,2019-10-09,0.9859870076179504,11,55864814.74559
32.214735,76.325234,9.489999771118164,1237.871094,2019-10-09,0.9628829956054688,5,55864814.832362
32.214829,76.30247497558594,21.879999,1076.619873,2019-10-09,0.9766139984130859,8,55864814.89021
32.214643,76.316587,11.630000114440918,1299.083862,2019-10-09,0.9763669967651367,6,55864814.696006
32.214393615722656,76.348498,10.579999923706055,1320.197021,2019-10-09,0.9603800177574158,2,55864814.778646
32.21432113647461,76.35388946533203,15.850000381469727,1239.415283,2019-10-09,0.9736329913139343,1,55864815.10508
32.214161,76.362779,16.829999923706055,1341.592041,2019-10-09,0.9638959765434265,0,55864815.249735
32.214642,76.294117,20.379999,1033.473633,2019-10-09,0.9873930215835571,11,55864814.753854
32.214459,76.302907,14.470000267028809,1068.503906,2019-10-09,0.9642980098724365,8,55864814.898474
32.214369,76.325663,5.940000057220459,1234.893799,2019-10-09,0.9686499834060669,5,55864814.840626
32.214147,76.340006,22.280001,1258.604492,2019-10-09,0.9809989929199219,3,55864814.64229
32.214025,76.348935,14.09000015258789,1299.46936,2019-10-09,0.9753950238227844,2,55864814.78691
32.213954,76.354323,11.4399995803833,1241.582153,2019-10-09,0.96840500831604,1,55864815.113346
32.214281,76.317017,9.640000343322754,1304.973267,2019-10-09,0.9796350002288818,6,55864814.70427
32.21400451660156,76.326089,13.199999809265137,1229.368286,2019-10-09,0.9572920203208923,5,55864814.84889
32.21379470825195,76.363207,17.239999771118164,1337.105591,2019-10-09,0.9765869975090027,0,55864815.258001
32.214272,76.294554,14.729999542236328,1019.240601,2019-10-09,0.9748830199241638,11,55864814.762118
32.214088439941406,76.303337,15.109999656677246,1056.461182,2019-10-09,0.9873650074005127,8,55864814.906738
32.213922,76.317443,28.639999,1294.695435,2019-10-09,0.956496000289917,6,55864814.712534
32.213784,76.340436,20.110001,1260.848755,2019-10-09,0.9688040018081665,3,55864814.650554
32.213653564453125,76.349374,16.780001,1275.066284,2019-10-09,0.977990984916687,2,55864814.795174
32.213591,76.35475158691406,6.880000114440918,1255.333008,2019-10-09,0.958079993724823,1,55864815.121612
32.213428,76.363633,9.010000228881836,1342.762451,2019-10-09,0.9720119833946228,0,55864815.266267
32.213908,76.294985,16.040001,1012.722046,2019-10-09,0.9723730087280273,11,55864814.770382
32.213638,76.326519,8.710000038146973,1225.319702,2019-10-09,0.986274003982544,5,55864814.857154
32.21323013305664,76.355174,3.2100000381469727,1274.032104,2019-10-09,0.9755600094795227,1,55864815.129878
32.213727,76.303759,8.40999984741211,1071.864014,2019-10-09,0.968940019607544,8,55864814.915002
32.213553,76.317881,24.68000030517578,1281.228271,2019-10-09,0.9856240153312683,6,55864814.720798
32.213545,76.295413,9.5,1018.189148,2019-10-09,0.9721750020980835,11,55864814.778646
32.213363,76.30418395996094,10.100000381469727,1073.374878,2019-10-09,0.9598640203475952,8,55864814.923266
32.213181,76.318324,19.479999542236328,1258.713867,2019-10-09,0.9874380230903625,6,55864814.729062
32.213271,76.326947,9.079999923706055,1220.569092,2019-10-09,0.9777219891548157,5,55864814.865418
32.212699,76.3644790649414,8.369999885559082,1348.036011,2019-10-09,0.958607017993927,0,55864815.282799
32.213183,76.29583740234375,13.350000381469727,1017.681152,2019-10-09,0.970990002155304,11,55864814.78691
32.212904,76.327375,9.229999542236328,1214.452148,2019-10-09,0.9585710167884827,5,55864814.873682
32.212996,76.304612,7.03000020980835,1072.933228,2019-10-09,0.9678580164909363,8,55864814.93153
32.212815,76.31876373291016,12.039999961853027,1254.905762,2019-10-09,0.987680971622467,6,55864814.737326
32.21268844604492,76.341737,22.760000228881836,1242.40918,2019-10-09,0.9773709774017334,3,55864814.675346
32.212549,76.350677,6.159999847412109,1247.584961,2019-10-09,0.9527429938316345,2,55864814.819966
32.212503,76.356029,12.75,1277.576416,2019-10-09,0.9669409990310669,1,55864815.14641
32.212336,76.364902,12.34000015258789,1350.16687,2019-10-09,0.9589549899101257,0,55864815.291065
32.212631,76.305038,10.0600004196167,1071.028687,2019-10-09,0.9675729870796204,8,55864814.939794
32.212324,76.342171,8.859999656677246,1250.267944,2019-10-09,0.9722089767456055,3,55864814.68361
32.21218490600586,76.351102,16.219999,1238.628662,2019-10-09,0.9618800282478333,2,55864814.82823
32.212455,76.319186,22.170000076293945,1252.225464,2019-10-09,0.984184980392456,6,55864814.74559
32.212171,76.328231,16.260000228881836,1197.136597,2019-10-09,0.9721009731292725,5,55864814.89021
32.212264,76.305465,10.6899995803833,1067.949707,2019-10-09,0.9647319912910461,8,55864814.948058
32.212087,76.319622,10.880000114440918,1249.329956,2019-10-09,0.9843270182609558,6,55864814.753854
32.211958,76.34260559082031,10.130000114440918,1239.287354,2019-10-09,0.9762910008430481,3,55864814.691874
32.211769104003906,76.356893,13.680000305175781,1272.522095,2019-10-09,0.959505021572113,1,55864815.162942
32.211606,76.365749,15.369999885559082,1350.334595,2019-10-09,0.9724130034446716,0,55864815.307597
32.212089,76.297128,3.619999885559082,1017.953491,2019-10-09,0.9704779982566833,11,55864814.811702
32.211804,76.328658,25.579999923706055,1184.95105,2019-10-09,0.9842950105667114,5,55864814.898474
32.21159362792969,76.343039,6.650000095367432,1238.803467,2019-10-09,0.9754239916801453,3,55864814.700138
32.211898,76.305893,8.600000381469727,1068.331543,2019-10-09,0.9562309980392456,8,55864814.956322
32.211725,76.297555,3.890000104904175,1017.320618,2019-10-09,0.9648370146751404,11,55864814.819966
32.211531,76.306321,13.720000267028809,1060.380005,2019-10-09,0.9621210098266602,8,55864814.964586
32.211366,76.320474,28.459999,1243.163818,2019-10-09,0.9843130111694336,6,55864814.770382
32.211431,76.329095,7.769999980926514,1180.258057,2019-10-09,0.9746500253677368,5,55864814.906738
32.21123123168945,76.343471,8.819999694824219,1232.263794,2019-10-09,0.9747059941291809,3,55864814.708402
32.211039,76.357752,9.680000305175781,1276.313354,2019-10-09,0.9706839919090271,1,55864815.179474
32.210875,76.366601,6.130000114440918,1354.827026,2019-10-09,0.9572650194168091,0,55864815.324126
32.211362,76.297981,3.319999933242798,1020.079895,2019-10-09,0.9700019955635071,11,55864814.82823
32.211071,76.329513,4.599999904632568,1198.412476,2019-10-09,0.967628002166748,5,55864814.915002
32.211172,76.306741,26.739999771118164,1066.202393,2019-10-09,0.9844729900360107,8,55864814.97285
32.210997,76.32090759277344,17.010000228881836,1240.135864,2019-10-09,0.9716770052909851,6,55864814.778646
32.210673,76.358181,11.4399995803833,1274.147583,2019-10-09,0.9657750129699707,1,55864815.18774
32.210513,76.367021,25.170000076293945,1345.166382,2019-10-09,0.9656879901885986,0,55864815.33239
32.210998,76.298406,29.809999,994.963928,2019-10-09,0.9890980124473572,11,55864814.836494
32.210814,76.30715942382812,23.149999618530273,1090.859253,2019-10-09,0.9868879914283752,8,55864814.981114
32.210703,76.329942,3.140000104904175,1195.024536,2019-10-09,0.9662290215492249,5,55864814.923266
32.210628509521484,76.321343,5.079999923706055,1241.483765,2019-10-09,0.9741299748420715,6,55864814.78691
32.210338,76.330367,7.099999904632568,1191.696045,2019-10-09,0.9622820019721985,5,55864814.93153
32.21014404296875,76.367453,16.530001,1341.53479,2019-10-09,0.9666770100593567,0,55864815.340654
32.21062469482422,76.298843,12.899999618530273,986.120605,2019-10-09,0.989995002746582,11,55864814.844758
32.210454,76.307581,25.65999984741211,1107.247559,2019-10-09,0.9860309958457947,8,55864814.989378
32.210268,76.32176971435547,14.390000343322754,1234.756226,2019-10-09,0.9654819965362549,6,55864814.795174
32.210141,76.344763,15.140000343322754,1222.706177,2019-10-09,0.9798539876937866,3,55864814.733194
32.209941,76.359039,12.670000076293945,1270.296631,2019-10-09,0.9698749780654907,1,55864815.204272
32.20977783203125,76.36788177490234,3.549999952316284,1350.567871,2019-10-09,0.9642159938812256,0,55864815.348918
32.21026611328125,76.299263,20.5,993.136902,2019-10-09,0.9893580079078674,11,55864814.853022
32.20996856689453,76.330796,6.539999961853027,1185.915039,2019-10-09,0.9632220268249512,5,55864814.939794
32.209632,76.354082,9.680000305175781,1246.114868,2019-10-09,0.9800260066986084,2,55864814.886078
32.210097,76.307999,24.239999771118164,1135.822388,2019-10-09,0.9918460249900818,8,55864814.997642
32.20989990234375,76.322203,4.739999771118164,1232.874268,2019-10-09,0.9703779816627502,6,55864814.803438
32.209416,76.368301,6.5,1357.210571,2019-10-09,0.9585099816322327,0,55864815.357182
32.209899,76.299691,14.619999885559082,993.567383,2019-10-09,0.9844070076942444,11,55864814.861286
32.209742,76.308416,31.459999,1158.355713,2019-10-09,0.9873329997062683,8,55864815.005906
32.209535,76.322632,5.869999885559082,1227.408447,2019-10-09,0.9827010035514832,6,55864814.811702
32.20960235595703,76.331227,3.2100000381469727,1181.292603,2019-10-09,0.9631080031394958,5,55864814.948058
32.209209,76.359895,8.300000190734863,1271.131836,2019-10-09,0.9603739976882935,1,55864815.220804
32.209542,76.300108,24.760000228881836,1007.580627,2019-10-09,0.9701189994812012,11,55864814.86955
32.20923614501953,76.331654,5.230000019073486,1178.383545,2019-10-09,0.9610559940338135,5,55864814.956322
32.209041,76.346069,2.990000009536743,1201.751343,2019-10-09,0.9785760045051575,3,55864814.757986
32.209381,76.308837890625,11.069999694824219,1193.093018,2019-10-09,0.9696810245513916,8,55864815.01417
32.209169,76.323062,10.239999771118164,1217.325562,2019-10-09,0.9755319952964783,6,55864814.819966
32.208844,76.360321,14.09000015258789,1266.05188,2019-10-09,0.9712889790534973,1,55864815.22907
32.208686,76.369155,4.329999923706055,1356.25415,2019-10-09,0.9645950198173523,0,55864815.37371
32.209185,76.300524,38.560001,1016.302917,2019-10-09,0.9877449870109558,11,55864814.877814
32.209021,76.309262,8.079999923706055,1215.959473,2019-10-09,0.9797000288963318,8,55864815.022434
32.20886993408203,76.332082,7.739999771118164,1175.109009,2019-10-09,0.9608359932899475,5,55864814.964586
32.208679,76.346496,4.440000057220459,1202.181274,2019-10-09,0.9515179991722107,3,55864814.76625
32.208479,76.360746,20.229999542236328,1263.013184,2019-10-09,0.951117992401123,1,55864815.237336
32.20880126953125,76.323495,17.90999984741211,1195.281738,2019-10-09,0.9770209789276123,6,55864814.82823
32.20831298828125,76.369596,20.190001,1311.518799,2019-10-09,0.9738950133323669,0,55864815.381974
32.208825,76.300945,26.709999,1040.626099,2019-10-09,0.9849089980125427,11,55864814.886078
32.208655,76.309693,27.379999,1192.68457,2019-10-09,0.988315999507904,8,55864815.030698
32.208431,76.323927,10.279999732971191,1190.83667,2019-10-09,0.9650130271911621,6,55864814.836494
32.20850372314453,76.332509,9.3100004196167,1171.418579,2019-10-09,0.9650629758834839,5,55864814.97285
32.208316802978516,76.346923828125,5.860000133514404,1202.714233,2019-10-09,0.9780200123786926,3,55864814.774514
32.208169,76.355787,6.760000228881836,1245.353027,2019-10-09,0.969182014465332,2,55864814.919134
32.208112,76.361175,17.389999,1259.203125,2019-10-09,0.9731069803237915,1,55864815.245602
32.208465,76.301364,28.690001,1054.484375,2019-10-09,0.9910789728164673,11,55864814.894342
32.208135,76.332941,4.889999866485596,1168.647705,2019-10-09,0.9630759954452515,5,55864814.981114
32.207953,76.347353,4.480000019073486,1201.757324,2019-10-09,0.964040994644165,3,55864814.782778
32.208284,76.310131,27.270000457763672,1174.229858,2019-10-09,0.9859960079193115,8,55864815.038962
32.208065032958984,76.32435607910156,14.770000457763672,1179.539917,2019-10-09,0.979498028755188,6,55864814.844758
32.208106994628906,76.301782,30.75,1073.217285,2019-10-09,0.9809970259666443,11,55864814.902606
32.207916259765625,76.310565,33.959999,1162.792969,2019-10-09,0.9720939993858337,8,55864815.047226
32.207693,76.324792,8.899999618530273,1164.558716,2019-10-09,0.980089008808136,6,55864814.853022
32.207769,76.33336639404297,7.619999885559082,1165.199219,2019-10-09,0.9606360197067261,5,55864814.989378
32.207589,76.347782,14.130000114440918,1192.069092,2019-10-09,0.9777799844741821,3,55864814.791042
32.207438,76.356638,11.359999656677246,1241.999756,2019-10-09,0.9809610247612,2,55864814.935662
32.207213,76.37088775634766,3.4000000953674316,1308.370361,2019-10-09,0.9771010279655457,0,55864815.406766
32.207754,76.302194,34.369999,1102.922852,2019-10-09,0.9833899736404419,11,55864814.91087
32.207402,76.33380126953125,8.630000114440918,1160.760864,2019-10-09,0.9658589959144592,5,55864814.997642
32.207551,76.310995,26.670000076293945,1171.207275,2019-10-09,0.9890909790992737,8,55864815.05549
32.207327,76.325219,8.600000381469727,1161.978027,2019-10-09,0.9725229740142822,6,55864814.861286
32.207069396972656,76.357068,9.300000190734863,1238.140625,2019-10-09,0.9832860231399536,2,55864814.943926
32.207399,76.302607,32.279999,1136.914062,2019-10-09,0.9912109971046448,11,55864814.919134
32.207194,76.311416,37.18000030517578,1188.393311,2019-10-09,0.9898499846458435,8,55864815.063754
32.207033,76.334233,4.599999904632568,1156.747437,2019-10-09,0.9703029990196228,5,55864815.005906
32.206704,76.357494,9.789999961853027,1238.11499,2019-10-09,0.9694640040397644,2,55864814.95219
32.207036,76.30303192138672,17.170000076293945,1159.646362,2019-10-09,0.9848660230636597,11,55864814.927398
32.206494,76.371732,16.639999,1327.958008,2019-10-09,0.9699379801750183,0,55864815.423294
32.206827,76.311849,16.010000228881836,1205.588623,2019-10-09,0.9724689722061157,8,55864815.072018
32.20659637451172,76.326072,10.770000457763672,1157.442993,2019-10-09,0.9518139958381653,6,55864814.877814
32.206666,76.334664,4.670000076293945,1152.613892,2019-10-09,0.9605969786643982,5,55864815.01417
32.206339,76.35791778564453,13.229999542236328,1236.651489,2019-10-09,0.9740189909934998,2,55864814.960454
32.206129,76.372164,7.329999923706055,1334.310303,2019-10-09,0.9592180252075195,0,55864815.431558
32.206669,76.303459,20.15999984741211,1151.161743,2019-10-09,0.9834920167922974,11,55864814.935662
32.206298828125,76.335095,7.360000133514404,1148.713867,2019-10-09,0.9662119746208191,5,55864815.022434
32.205919,76.363727,7.329999923706055,1264.964722,2019-10-09,0.9550319910049438,1,55864815.295198
32.206465,76.312276,25.100000381469727,1207.277832,2019-10-09,0.9878519773483276,8,55864815.080282
32.206231,76.326497,13.800000190734863,1154.58252,2019-10-09,0.9626070261001587,6,55864814.886078
32.205772399902344,76.3725814819336,28.459999,1340.55896,2019-10-09,0.9632949829101562,0,55864815.439822
32.206305,76.303883,21.209999,1154.810913,2019-10-09,0.9888020157814026,11,55864814.943926
32.206099,76.312709,20.200001,1212.131714,2019-10-09,0.9888200163841248,8,55864815.088548
32.205863,76.326927,9.489999771118164,1150.441772,2019-10-09,0.9621829986572266,6,55864814.894342
32.205932,76.335528,5.269999980926514,1145.03186,2019-10-09,0.9572150111198425,5,55864815.030698
32.205768,76.349919,8.930000305175781,1192.592041,2019-10-09,0.9726189970970154,3,55864814.832362
32.205602,76.358783,3.0999999046325684,1230.719238,2019-10-09,0.9639139771461487,2,55864814.976982
32.205413818359375,76.37300109863281,23.559999,1366.341309,2019-10-09,0.9700419902801514,0,55864815.448086
32.205938,76.304312,6.880000114440918,1164.987427,2019-10-09,0.953881025314331,11,55864814.95219
32.205565,76.3359603881836,6.650000095367432,1140.657593,2019-10-09,0.9662259817123413,5,55864815.038962
32.205729,76.313147,15.449999809265137,1200.633301,2019-10-09,0.9738339781761169,8,55864815.096814
32.205495,76.327356,9.979999542236328,1143.299194,2019-10-09,0.9770770072937012,6,55864814.902606
32.205189,76.364574,5.75,1269.662476,2019-10-09,0.9545360207557678,1,55864815.31173
32.205053,76.373426,21.610001,1379.097046,2019-10-09,0.9775450229644775,0,55864815.45635
32.205571,76.30474090576172,24.829999923706055,1144.130737,2019-10-09,0.9895169734954834,11,55864814.960454
32.205363,76.313579,16.610001,1199.497437,2019-10-09,0.9883300065994263,8,55864815.10508
32.205195,76.336397,4.480000019073486,1130.065186,2019-10-09,0.961991012096405,5,55864815.047226
32.204686,76.373861,12.40999984741211,1380.792969,2019-10-09,0.9682639837265015,0,55864815.464614
32.20519256591797,76.305181,31.90999984741211,1102.733887,2019-10-09,0.975741982460022,11,55864814.968718
32.20512390136719,76.327788,5.039999961853027,1134.297852,2019-10-09,0.9829310178756714,6,55864814.91087
32.204997,76.314011,26.149999618530273,1188.572021,2019-10-09,0.9868630170822144,8,55864815.113346
32.204757,76.328216,5.159999847412109,1129.780029,2019-10-09,0.9653679728507996,6,55864814.919134
32.204830169677734,76.336827,5.119999885559082,1131.17981,2019-10-09,0.9881179928779602,5,55864815.05549
32.204504,76.360068,3.549999952316284,1229.491699,2019-10-09,0.9642410278320312,2,55864815.001774
32.204459,76.36542510986328,4.21999979019165,1267.786865,2019-10-09,0.9631369709968567,1,55864815.328258
32.204822,76.305615,10.6899995803833,1106.721924,2019-10-09,0.9883649945259094,11,55864814.976982
32.204467,76.337255,11.59000015258789,1132.429443,2019-10-09,0.963096022605896,5,55864815.063754
32.204097747802734,76.365842,18.25,1269.111084,2019-10-09,0.9616289734840393,1,55864815.336522
32.204627,76.314448,16.56999969482422,1184.921753,2019-10-09,0.9732660055160522,8,55864815.121612
32.203959,76.374721,18.549999,1381.206787,2019-10-09,0.9525650143623352,0,55864815.481142
32.204457,76.306043,29.31999969482422,1091.007935,2019-10-09,0.9845960140228271,11,55864814.985246
32.204263,76.314878,14.550000190734863,1190.340332,2019-10-09,0.9876520037651062,8,55864815.129878
32.204026,76.329068,7.510000228881836,1127.295532,2019-10-09,0.9659500122070312,6,55864814.935662
32.204101,76.337687,11.550000190734863,1131.101562,2019-10-09,0.978888988494873,5,55864815.072018
32.203943,76.35205078125,4.820000171661377,1193.500854,2019-10-09,0.9642900228500366,3,55864814.873682
32.203589,76.375163,9.199999809265137,1370.353394,2019-10-09,0.9713429808616638,0,55864815.489406
32.204085,76.306478,30.709999,1072.707031,2019-10-09,0.9897760152816772,11,55864814.99351
32.203732,76.338122,2.990000009536743,1132.026367,2019-10-09,0.9567869901657104,5,55864815.080282
32.203898,76.315308,14.359999656677246,1194.733398,2019-10-09,0.9702730178833008,8,55864815.138144
32.203662,76.329492,9.420000076293945,1128.077637,2019-10-09,0.9676640033721924,6,55864814.943926
32.203367,76.366695,13.800000190734863,1268.723511,2019-10-09,0.9671199917793274,1,55864815.35305
32.203224182128906,76.375596,11.510000228881836,1366.14563,2019-10-09,0.9726930260658264,0,55864815.49767
32.203713,76.30691528320312,18.59000015258789,1065.320312,2019-10-09,0.989130973815918,11,55864815.001774
32.203532,76.315741,7.289999961853027,1196.278564,2019-10-09,0.9731220006942749,8,55864815.14641
32.203369,76.338551,6.28000020980835,1134.511841,2019-10-09,0.96247398853302,5,55864815.088548
32.20321273803711,76.352901,3.4000000953674316,1194.220581,2019-10-09,0.9515380263328552,3,55864814.89021
32.202859,76.376028,5.230000019073486,1372.792236,2019-10-09,0.9574630260467529,0,55864815.505934
32.203296,76.32991790771484,10.6899995803833,1126.546387,2019-10-09,0.9691230058670044,6,55864814.95219
32.203338623046875,76.307352,29.020000457763672,1033.597168,2019-10-09,0.992447018623352,11,55864815.010038
32.203168,76.31616973876953,16.270000457763672,1193.216431,2019-10-09,0.9804250001907349,8,55864815.154676
32.202928,76.330348,10.020000457763672,1123.418579,2019-10-09,0.9577909708023071,6,55864814.960454
32.203002,76.338984,2.759999990463257,1135.741577,2019-10-09,0.9604349732398987,5,55864815.096814
32.202635,76.367552,16.790001,1255.963135,2019-10-09,0.9725310206413269,1,55864815.369578
32.202972412109375,76.30778503417969,17.5,1040.058472,2019-10-09,0.9739570021629333,11,55864815.018302
32.202636,76.339416,2.869999885559082,1135.476685,2019-10-09,0.9603109955787659,5,55864815.10508
32.202482,76.353752,5.300000190734863,1191.529175,2019-10-09,0.9761890172958374,3,55864814.906738
32.202268,76.367982,6.650000095367432,1259.494629,2019-10-09,0.958283007144928,1,55864815.377842
32.202802,76.31659698486328,30.34000015258789,1178.98645,2019-10-09,0.9665809869766235,8,55864815.162942
32.202558,76.330781,4.409999847412109,1117.352295,2019-10-09,0.9630849957466125,6,55864814.968718
32.202616,76.308203,30.600000381469727,1054.641602,2019-10-09,0.977383017539978,11,55864815.026566
32.202429,76.3170394897461,38.720001,1147.257568,2019-10-09,0.9854040145874023,8,55864815.171208
32.202275,76.339842,14.319999694824219,1136.471191,2019-10-09,0.963379979133606,5,55864815.113346
32.202116,76.354178,7.429999828338623,1189.776123,2019-10-09,0.9778299927711487,3,55864814.915002
32.201902,76.368412,14.130000114440918,1246.774536,2019-10-09,0.9730370044708252,1,55864815.386106
32.202253,76.308631,27.829999923706055,1066.648071,2019-10-09,0.9742609858512878,11,55864815.03483
32.202192,76.33120727539062,3.509999990463257,1116.088013,2019-10-09,0.9713580012321472,6,55864814.976982
32.201907,76.340276,9.079999923706055,1136.25415,2019-10-09,0.9610059857368469,5,55864815.121612
32.20205307006836,76.317482,9.979999542236328,1143.41626,2019-10-09,0.9853670001029968,8,55864815.179474
32.201827,76.331636,5.190000057220459,1117.623901,2019-10-09,0.9630489945411682,6,55864814.985246
32.201581,76.363505,10.350000381469727,1233.983643,2019-10-09,0.9774079918861389,2,55864815.067886
32.201898,76.30905151367188,26.59000015258789,1096.680664,2019-10-09,0.9700570106506348,11,55864815.043094
32.201697,76.31790161132812,36.060001,1146.715698,2019-10-09,0.9693260192871094,8,55864815.18774
32.201541,76.340709,5.380000114440918,1136.256104,2019-10-09,0.9662539958953857,5,55864815.129878
32.201382,76.355033,3.7300000190734863,1186.520508,2019-10-09,0.9710819721221924,3,55864814.93153
32.201215,76.363937,10.989999771118164,1232.808228,2019-10-09,0.9656080007553101,2,55864815.07615
32.201534271240234,76.30947875976562,22.93000030517578,1103.185791,2019-10-09,0.9855570197105408,11,55864815.051358
32.201461,76.332065,5.980000019073486,1115.93811,2019-10-09,0.9591490030288696,6,55864814.99351
32.201332092285156,76.318328,33.959999,1148.979858,2019-10-09,0.9816979765892029,8,55864815.196006
32.201093,76.332497,2.869999885559082,1112.304688,2019-10-09,0.9675760269165039,6,55864815.001774
32.201174,76.341141,6.840000152587891,1133.098755,2019-10-09,0.9625639915466309,5,55864815.138144
32.201017,76.355459,6.199999809265137,1183.97229,2019-10-09,0.97496497631073,3,55864814.939794
32.200851,76.364366,16.030001,1232.30127,2019-10-09,0.9619320034980774,2,55864815.084415
32.201178,76.30989837646484,34.560001,1118.584717,2019-10-09,0.9888499975204468,11,55864815.059622
32.200811,76.341569,8.149999618530273,1137.334473,2019-10-09,0.9788489937782288,5,55864815.14641
32.200445,76.370124,10.920000076293945,1254.824707,2019-10-09,0.9581019878387451,1,55864815.419162
32.200964,76.318759,27.079999923706055,1149.279053,2019-10-09,0.9605939984321594,8,55864815.204272
32.20072937011719,76.332922,12.899999618530273,1110.136597,2019-10-09,0.9568340182304382,6,55864815.010038
32.200483,76.36479949951172,12.029999732971191,1232.271729,2019-10-09,0.9776639938354492,2,55864815.092681
32.2008171081543,76.3103256225586,20.649999618530273,1147.18335,2019-10-09,0.9673140048980713,11,55864815.067886
32.200595,76.319191,53.68000030517578,1112.216431,2019-10-09,0.9655929803848267,8,55864815.212538
32.20044708251953,76.341998,12.75,1136.880371,2019-10-09,0.9817910194396973,5,55864815.154676
32.200284,76.356314,4.03000020980835,1184.113892,2019-10-09,0.9739500284194946,3,55864814.956322
32.200079,76.370555,10.199999809265137,1251.510376,2019-10-09,0.9748600125312805,1,55864815.427426
32.20044708251953,76.310763,30.81999969482422,1120.082764,2019-10-09,0.9907169938087463,11,55864815.07615
32.20035934448242,76.333357,4.599999904632568,1107.265259,2019-10-09,0.9637719988822937,6,55864815.018302
32.200079,76.342431,10.09000015258789,1134.721191,2019-10-09,0.9734780192375183,5,55864815.162942
32.199922,76.35673522949219,13.9399995803833,1184.324097,2019-10-09,0.9683579802513123,3,55864814.964586
32.200228,76.31961822509766,43.09000015258789,1117.486816,2019-10-09,0.988735020160675,8,55864815.220804
32.2000732421875,76.311204,24.270000457763672,1107.790649,2019-10-09,0.9704710245132446,11,55864815.084415
32.199864,76.320046,32.580002,1131.507935,2019-10-09,0.9778130054473877,8,55864815.22907
32.199713,76.342861,9.640000343322754,1133.523315,2019-10-09,0.9831820130348206,5,55864815.171208
32.199384,76.366097,8.520000457763672,1230.97583,2019-10-09,0.9723550081253052,2,55864815.117479
32.199626,76.334221,9.420000076293945,1095.2052001953125,2019-10-09,0.9515720009803772,6,55864815.03483
32.199702,76.311641,39.130001,1075.949951,2019-10-09,0.984669029712677,11,55864815.092681
32.199499,76.320472,28.350000381469727,1135.889648,2019-10-09,0.979246973991394,8,55864815.237336
32.199256896972656,76.33465576171875,5.71999979019165,1091.532959,2019-10-09,0.9710850119590759,6,55864815.043094
32.199349,76.343288,22.620001,1125.718628,2019-10-09,0.9844480156898499,5,55864815.179474
32.199186,76.357596,6.349999904632568,1181.073608,2019-10-09,0.9742090106010437,3,55864814.981114
32.19901657104492,76.366531,18.459999,1216.395386,2019-10-09,0.9654409885406494,2,55864815.125745
32.199323,76.312089,24.540001,1053.643311,2019-10-09,0.9884470105171204,11,55864815.100947
32.198978,76.343726,11.180000305175781,1119.734375,2019-10-09,0.9814730286598206,5,55864815.18774
32.198824,76.358018,14.199999809265137,1184.123291,2019-10-09,0.9748299717903137,3,55864814.989378
32.198618,76.372286,9.3100004196167,1238.504883,2019-10-09,0.9650700092315674,1,55864815.460482
32.199133,76.320898,26.93000030517578,1135.132202,2019-10-09,0.9507259726524353,8,55864815.245602
32.19889450073242,76.335083,4.96999979019165,1100.241455,2019-10-09,0.9710559844970703,6,55864815.051358
32.198958,76.3125228881836,29.020000457763672,1050.255859,2019-10-09,0.9773569703102112,11,55864815.109213
32.198766,76.321325,29.770000457763672,1128.941284,2019-10-09,0.9762660264968872,8,55864815.253868
32.1986083984375,76.344158,6.090000152587891,1116.306152,2019-10-09,0.9604139924049377,5,55864815.196006
32.19845962524414,76.35844421386719,15.770000457763672,1187.658447,2019-10-09,0.969232976436615,3,55864814.997642
32.198289,76.367387,14.760000228881836,1231.928467,2019-10-09,0.9644010066986084,2,55864815.142277
32.198585,76.312961,7.070000171661377,1050.752197,2019-10-09,0.9883459806442261,11,55864815.117479
32.198528,76.335515,3.509999990463257,1099.32251,2019-10-09,0.9581509828567505,6,55864815.059622
32.198248,76.344581,23.969999,1108.606567,2019-10-09,0.9829760193824768,5,55864815.204272
32.198394,76.32176208496094,7.739999771118164,1128.009277,2019-10-09,0.9626950025558472,8,55864815.262134
32.198165,76.335943,11.140000343322754,1099.499512,2019-10-09,0.9646310210227966,6,55864815.067886
32.198231,76.313379,39.689999,1050.027222,2019-10-09,0.9874340295791626,11,55864815.125745
32.198028564453125,76.322182,17.239999771118164,1124.166382,2019-10-09,0.9806780219078064,8,55864815.2704
32.19788360595703,76.345007,14.510000228881836,1122.32605,2019-10-09,0.9718170166015625,5,55864815.212538
32.197726,76.359306,13.529999732971191,1182.64917,2019-10-09,0.9692230224609375,3,55864815.01417
32.19755554199219,76.368251,13.75,1226.352417,2019-10-09,0.9722620248794556,2,55864815.158809
32.197797,76.336378,6.050000190734863,1097.11084,2019-10-09,0.9611849784851074,6,55864815.07615
32.197871,76.313804,43.689999,1064.068237,2019-10-09,0.9872769713401794,11,55864815.134011
32.197436,76.336804,15.699999809265137,1100.116943,2019-10-09,0.9822499752044678,6,55864815.084415
32.197515,76.345439,3.9200000762939453,1121.670776,2019-10-09,0.9739440083503723,5,55864815.220804
32.197361,76.359734,14.350000381469727,1185.742554,2019-10-09,0.9697870016098022,3,55864815.022434
32.197187,76.368686,9.680000305175781,1222.303955,2019-10-09,0.9649189710617065,2,55864815.167075
32.197497,76.314245,19.709999,1061.210327,2019-10-09,0.9886919856071472,11,55864815.142277
32.197151,76.345863,11.8100004196167,1119.05542,2019-10-09,0.9722560048103333,5,55864815.22907
32.196791,76.374451,15.140000343322754,1218.580566,2019-10-09,0.965927004814148,1,55864815.501802
32.197301,76.323031,24.540001,1119.245605,2019-10-09,0.9737920165061951,8,55864815.286932
32.19706726074219,76.337239,8.0,1100.34729,2019-10-09,0.9818450212478638,6,55864815.092681
32.196821,76.369116,11.65999984741211,1218.414551,2019-10-09,0.9718809723854065,2,55864815.175341
32.197125,76.314684,8.260000228881836,1052.905762,2019-10-09,0.9884170293807983,11,55864815.150543
32.196932,76.323461,16.760000228881836,1115.589111,2019-10-09,0.9792789816856384,8,55864815.295198
32.19678497314453,76.346289,4.0,1126.773682,2019-10-09,0.9645919799804688,5,55864815.237336
32.196765,76.315107,18.889999,1059.456421,2019-10-09,0.9788309931755066,11,55864815.158809
32.196701,76.337671,8.859999656677246,1098.552124,2019-10-09,0.9801679849624634,6,55864815.100947
32.196422,76.346712,8.34000015258789,1127.342773,2019-10-09,0.9688370227813721,5,55864815.245602
32.196563,76.32389068603516,9.720000267028809,1111.084961,2019-10-09,0.9782620072364807,8,55864815.303464
32.196337,76.338101,5.940000057220459,1104.550537,2019-10-09,0.9783239960670471,6,55864815.109213
32.196089,76.369975,15.59000015258789,1213.091431,2019-10-09,0.9691479802131653,2,55864815.191873
32.196411,76.315525,32.619999,1079.090698,2019-10-09,0.9859349727630615,11,55864815.167075
32.1960563659668,76.347138,7.659999847412109,1126.252686,2019-10-09,0.9604960083961487,5,55864815.253868
32.195894,76.361461,16.709999,1174.253174,2019-10-09,0.9719560146331787,3,55864815.05549
32.195693,76.375752,6.989999771118164,1216.070068,2019-10-09,0.9708489775657654,1,55864815.526594
32.195971,76.338533,12.069999694824219,1097.191406,2019-10-09,0.9618120193481445,6,55864815.117479
32.196051,76.315949,36.580002,1090.682007,2019-10-09,0.960623025894165,11,55864815.175341
32.195829,76.324744,4.480000019073486,1104.443237,2019-10-09,0.955748975276947,8,55864815.319994
32.19560623168945,76.338963,12.149999618530273,1100.64502,2019-10-09,0.9650530219078064,6,55864815.125745
32.195689,76.347566,3.7699999809265137,1125.669312,2019-10-09,0.9644410014152527,5,55864815.262134
32.195693,76.316369,39.200001,1109.796875,2019-10-09,0.9838709831237793,11,55864815.183607
32.1953239440918,76.34799194335938,5.190000057220459,1125.11084,2019-10-09,0.9578689932823181,5,55864815.2704
32.195165,76.36231994628906,8.630000114440918,1188.989746,2019-10-09,0.9779660105705261,3,55864815.072018
32.195463,76.3251724243164,2.8399999141693115,1102.328247,2019-10-09,0.9551839828491211,8,55864815.328258
32.19524002075195,76.339396,9.489999771118164,1100.478516,2019-10-09,0.9664329886436462,6,55864815.134011
32.194986,76.371269,8.40999984741211,1199.618164,2019-10-09,0.97154301404953,2,55864815.216671
32.19533157348633,76.316796,25.059999,1129.918945,2019-10-09,0.984906017780304,11,55864815.191873
32.195098,76.325596,2.759999990463257,1102.265503,2019-10-09,0.9644209742546082,8,55864815.336522
32.1949577331543,76.348416,5.380000114440918,1123.749023,2019-10-09,0.9655519723892212,5,55864815.278666
32.194801,76.36274719238281,10.869999885559082,1189.943237,2019-10-09,0.9754260182380676,3,55864815.080282
32.194618,76.371698,5.940000057220459,1196.374268,2019-10-09,0.9774199724197388,2,55864815.224937
32.194955,76.317235,21.879999,1105.512207,2019-10-09,0.9841859936714172,11,55864815.200139
32.19487380981445,76.339826,11.850000381469727,1099.373413,2019-10-09,0.9711869955062866,6,55864815.142277
32.194592,76.348842,3.809999942779541,1121.55603,2019-10-09,0.9543930292129517,5,55864815.286932
32.194734,76.326021,5.789999961853027,1099.853027,2019-10-09,0.952476978302002,8,55864815.344786
32.194505,76.340261,11.0600004196167,1090.2947998046875,2019-10-09,0.9840940237045288,6,55864815.150543
32.194582,76.317672,12.34000015258789,1093.063232,2019-10-09,0.9847930073738098,11,55864815.208405
32.19437026977539,76.326446,33.099998,1074.536255,2019-10-09,0.9830570220947266,8,55864815.35305
32.194228,76.3492660522461,7.849999904632568,1119.903564,2019-10-09,0.9671570062637329,5,55864815.295198
32.194067,76.363616,8.109999656677246,1187.868896,2019-10-09,0.9724850058555603,3,55864815.096814
32.193884,76.372556,4.369999885559082,1188.383423,2019-10-09,0.959568977355957,2,55864815.241469
32.19413757324219,76.340694,22.920000076293945,1073.997314,2019-10-09,0.9792320132255554,6,55864815.158809
32.1942138671875,76.318102,11.140000343322754,1086.562622,2019-10-09,0.9853910207748413,11,55864815.216671
32.193992614746094,76.326887,13.460000038146973,1055.620728,2019-10-09,0.9667819738388062,8,55864815.361314
32.19377136230469,76.341128,11.8100004196167,1077.841553,2019-10-09,0.951839029788971,6,55864815.167075
32.19386291503906,76.349689,12.220000267028809,1117.982422,2019-10-09,0.9866949915885925,5,55864815.303464
32.19351577758789,76.372984,3.059999942779541,1184.612427,2019-10-09,0.9537299871444702,2,55864815.249735
32.193846,76.318532,15.180000305175781,1075.211304,2019-10-09,0.9864400029182434,11,55864815.224937
32.193495,76.350118,2.869999885559082,1119.061279,2019-10-09,0.9686260223388672,5,55864815.31173
32.193335,76.364479,12.029999732971191,1182.319824,2019-10-09,0.9679470062255859,3,55864815.113346
32.193624,76.327318,10.920000076293945,1046.19519,2019-10-09,0.983896017074585,8,55864815.369578
32.19340515136719,76.341556,6.130000114440918,1085.760986,2019-10-09,0.9785879850387573,6,55864815.175341
32.193152,76.373407,13.270000457763672,1178.270264,2019-10-09,0.9738609790802002,2,55864815.258001
32.19347381591797,76.318966,10.430000305175781,1059.648682,2019-10-09,0.9722959995269775,11,55864815.233203
32.193258,76.327746,20.120001,1034.873169,2019-10-09,0.9612749814987183,8,55864815.377842
32.193132,76.35054016113281,4.369999885559082,1120.891113,2019-10-09,0.970229983329773,5,55864815.319994
32.192786,76.373833,4.78000020980835,1184.524536,2019-10-09,0.9730600118637085,2,55864815.266267
32.193113,76.319387,16.459999,1067.338013,2019-10-09,0.9860050082206726,11,55864815.241469
32.193039,76.341986,4.78000020980835,1085.686523,2019-10-09,0.9647740125656128,6,55864815.183607
32.192769,76.350962,7.809999942779541,1123.951294,2019-10-09,0.9590489864349365,5,55864815.328258
32.192888,76.32817840576172,11.369999885559082,1025.903564,2019-10-09,0.9825289845466614,8,55864815.386106
32.192674,76.342414,3.1700000762939453,1089.447388,2019-10-09,0.9669920206069946,6,55864815.191873
32.192748,76.319812,9.050000190734863,1075.925049,2019-10-09,0.9834319949150085,11,55864815.249735
32.192403,76.351389,6.730000019073486,1121.319336,2019-10-09,0.9864000082015991,5,55864815.336522
32.192525,76.328607,10.579999923706055,1029.205078,2019-10-09,0.988502025604248,8,55864815.39437
32.192312,76.342839,10.390000343322754,1089.236938,2019-10-09,0.9674260020256042,6,55864815.200139
32.192382,76.320238,7.849999904632568,1073.530884,2019-10-09,0.9692419767379761,11,55864815.258001
32.191951751708984,76.343261,19.629999,1091.172119,2019-10-09,0.9645980000495911,6,55864815.208405
32.192016,76.320665,6.880000114440918,1072.500122,2019-10-09,0.9724540114402771,11,55864815.266267
32.19167709350586,76.35223388671875,18.770000457763672,1120.421509,2019-10-09,0.9624490141868591,5,55864815.35305
32.191503,76.36663818359375,14.09000015258789,1169.853271,2019-10-09,0.975596010684967,3,55864815.154676
32.191581,76.343693,6.199999809265137,1093.319214,2019-10-09,0.9675139784812927,6,55864815.216671
32.191649,76.321092,7.329999923706055,1066.537231,2019-10-09,0.9695929884910583,11,55864815.274533
32.191436,76.329888,9.5,1042.66748,2019-10-09,0.9662160277366638,8,55864815.419162
32.191312,76.352661,11.220000267028809,1126.805298,2019-10-09,0.9775959849357605,5,55864815.361314
32.191283,76.321517,10.100000381469727,1063.295532,2019-10-09,0.9635000228881836,11,55864815.282799
32.191217,76.344119,14.09000015258789,1089.299072,2019-10-09,0.9632800221443176,6,55864815.224937
32.190944,76.353092,5.039999961853027,1123.045288,2019-10-09,0.9700790047645569,5,55864815.369578
32.191071,76.330319,9.720000267028809,1040.90979,2019-10-09,0.9882739782333374,8,55864815.427426
32.19084930419922,76.344546,13.609999656677246,1086.103882,2019-10-09,0.9851559996604919,6,55864815.233203
32.19091796875,76.321942,8.1899995803833,1064.212402,2019-10-09,0.9671440124511719,11,55864815.291065
32.190581,76.353515625,9.229999542236328,1123.782471,2019-10-09,0.9546539783477783,5,55864815.377842
32.190401,76.36793518066406,11.140000343322754,1161.304565,2019-10-09,0.9697690010070801,3,55864815.179474
32.190706,76.33074951171875,6.239999771118164,1041.991943,2019-10-09,0.9609180092811584,8,55864815.43569
32.190484,76.344973,5.159999847412109,1093.93103,2019-10-09,0.9690729975700378,6,55864815.241469
32.190553,76.322367,11.289999961853027,1061.115967,2019-10-09,0.9759520292282104,11,55864815.299331
32.19034194946289,76.3311767578125,8.710000038146973,1040.331909,2019-10-09,0.9661989808082581,8,55864815.443954
32.190116,76.345402,7.659999847412109,1083.092041,2019-10-09,0.9888449907302856,6,55864815.249735
32.190217,76.353942,11.550000190734863,1124.119995,2019-10-09,0.9766579866409302,5,55864815.386106
32.190034,76.368367,8.289999961853027,1158.085938,2019-10-09,0.956716001033783,3,55864815.18774
32.190184,76.322795,31.530001,1028.874268,2019-10-09,0.9880179762840271,11,55864815.307597
32.189666748046875,76.368798,12.59000015258789,1150.304932,2019-10-09,0.9659330248832703,3,55864815.196006
32.189977,76.331613,4.449999809265137,1040.52356,2019-10-09,0.9648320078849792,8,55864815.452218
32.189753,76.345824,8.970000267028809,1087.102417,2019-10-09,0.9623479843139648,6,55864815.258001
32.18981170654297,76.323232,18.959999,1014.518616,2019-10-09,0.9861680269241333,11,55864815.315862
32.189614,76.332043,10.430000305175781,1037.877808,2019-10-09,0.9862130284309387,8,55864815.460482
32.1894416809082,76.323662,19.629999,998.270081,2019-10-09,0.9893710017204285,11,55864815.324126
32.189385,76.346252,6.28000020980835,1084.273193,2019-10-09,0.964847981929779,6,55864815.266267
32.189121,76.35523223876953,21.389999,1106.233398,2019-10-09,0.979682981967926,5,55864815.410898
32.189249,76.332476,8.260000228881836,1037.295776,2019-10-09,0.9831389784812927,8,55864815.468746
32.18901824951172,76.346678,4.929999828338623,1083.988525,2019-10-09,0.9621880054473877,6,55864815.274533
32.188883,76.332909,7.889999866485596,1034.484497,2019-10-09,0.9662200212478638,8,55864815.47701
32.188751,76.355667,5.269999980926514,1106.388916,2019-10-09,0.9657310247421265,5,55864815.419162
32.188658,76.347097,16.639999,1083.077881,2019-10-09,0.9666010141372681,6,55864815.282799
32.1887092590332,76.324513,25.31999969482422,992.65271,2019-10-09,0.9838169813156128,11,55864815.340654
32.188519,76.333341,5.980000019073486,1035.883057,2019-10-09,0.9711639881134033,8,55864815.485274
32.188291,76.347525,7.139999866485596,1085.48999,2019-10-09,0.9683579802513123,6,55864815.291065
32.188395,76.356085,10.5,1124.006836,2019-10-09,0.9675869941711426,5,55864815.427426
32.18834686279297,76.32493591308594,19.149999618530273,1005.214966,2019-10-09,0.9834259748458862,11,55864815.348918
32.18803024291992,76.356516,11.630000114440918,1121.844238,2019-10-09,0.9888859987258911,5,55864815.43569
32.188153,76.333774,9.5,1028.361816,2019-10-09,0.9659379720687866,8,55864815.493538
32.18792724609375,76.347948,8.479999542236328,1088.620361,2019-10-09,0.9597669839859009,6,55864815.299331
32.187978,76.325367,4.96999979019165,1004.032043,2019-10-09,0.966808021068573,11,55864815.357182
32.187788,76.334207,9.609999656677246,1025.735596,2019-10-09,0.9847480058670044,8,55864815.501802
32.187665,76.356948,12.859999656677246,1119.516357,2019-10-09,0.9655749797821045,5,55864815.443954
32.187615,76.325791,8.640000343322754,1005.027832,2019-10-09,0.9708170294761658,11,55864815.365446
32.187563,76.348371,9.720000267028809,1089.711548,2019-10-09,0.9706730246543884,6,55864815.307597
32.187301,76.357379,14.539999961853027,1116.593018,2019-10-09,0.9673770070075989,5,55864815.452218
32.187422,76.33464050292969,3.25,1030.48877,2019-10-09,0.9659860134124756,8,55864815.510066
32.187253,76.326215,13.649999618530273,1008.231995,2019-10-09,0.9894440174102783,11,55864815.37371
32.18706130981445,76.335069,10.770000457763672,1029.499878,2019-10-09,0.9629939794540405,8,55864815.51833
32.186931,76.357817,4.110000133514404,1112.05603,2019-10-09,0.9710860252380371,5,55864815.460482
32.18674087524414,76.372212,11.699999809265137,1143.557617,2019-10-09,0.9787499904632568,3,55864815.262134
32.186831,76.349223,5.039999961853027,1090.122314,2019-10-09,0.9588590264320374,6,55864815.324126
32.186887,76.326642,13.539999961853027,1005.994202,2019-10-09,0.966916024684906,11,55864815.381974
32.186696,76.33550262451172,11.069999694824219,1032.211914,2019-10-09,0.9653949737548828,8,55864815.526594
32.186467,76.349647,6.690000057220459,1090.124756,2019-10-09,0.9804459810256958,6,55864815.33239
32.186567,76.358248,8.300000190734863,1109.205078,2019-10-09,0.9670000076293945,5,55864815.468746
32.186374,76.372638,8.289999961853027,1143.361572,2019-10-09,0.9776380062103271,3,55864815.2704
32.186525,76.327068,17.43000030517578,1007.012329,2019-10-09,0.983256995677948,11,55864815.390238
32.18620300292969,76.35868072509766,9.90999984741211,1106.118652,2019-10-09,0.9644860029220581,5,55864815.47701
32.186008,76.373063,8.369999885559082,1143.460327,2019-10-09,0.9784430265426636,3,55864815.278666
32.186329,76.335934,6.840000152587891,1029.108032,2019-10-09,0.9667879939079285,8,55864815.534858
32.186105,76.350068,18.620001,1085.947388,2019-10-09,0.960860013961792,6,55864815.340654
32.186158,76.327498,12.5600004196167,1006.678833,2019-10-09,0.9682769775390625,11,55864815.398502
32.18596649169922,76.336363,9.609999656677246,1031.389404,2019-10-09,0.9810469746589661,8,55864815.543122
32.185835,76.35911560058594,3.0999999046325684,1105.972656,2019-10-09,0.9630330204963684,5,55864815.485274
32.185793,76.327928,11.850000381469727,1002.91571,2019-10-09,0.9740610122680664,11,55864815.406766
32.185732,76.350505,3.25,1077.298584,2019-10-09,0.962565004825592,6,55864815.348918
32.185366,76.350931,2.6500000953674316,1076.857666,2019-10-09,0.961139976978302,6,55864815.357182
32.185428,76.328358,7.889999866485596,1004.200317,2019-10-09,0.9719240069389343,11,55864815.41503
32.185239,76.33721923828125,17.879999,1034.579346,2019-10-09,0.9818980097770691,8,55864815.55965
32.185105,76.359981,2.5,1104.041504,2019-10-09,0.9551039934158325,5,55864815.501802
32.185002,76.351357,4.179999828338623,1074.535156,2019-10-09,0.9713709950447083,6,55864815.365446
32.18506622314453,76.328785,26.110001,993.278198,2019-10-09,0.9881799817085266,11,55864815.423294
32.184871673583984,76.33765411376953,12.229999542236328,1030.13147,2019-10-09,0.9615049958229065,8,55864815.567914
32.184654235839844,76.351761,43.119999,1081.674316,2019-10-09,0.9827960133552551,6,55864815.37371
32.184741,76.360413,2.5799999237060547,1103.702393,2019-10-09,0.9563339948654175,5,55864815.510066
32.184547424316406,76.374762,9.270000457763672,1141.223389,2019-10-09,0.9659299850463867,3,55864815.31173
32.184698,76.3292236328125,12.0,995.811523,2019-10-09,0.9745690226554871,11,55864815.431558
32.18437576293945,76.360844,2.5799999237060547,1103.245117,2019-10-09,0.9623649716377258,5,55864815.51833
32.184502,76.338087,10.880000114440918,1023.236816,2019-10-09,0.9847040176391602,8,55864815.576178
32.184286,76.352192,8.600000381469727,1109.486206,2019-10-09,0.9784640073776245,6,55864815.381974
32.184333,76.329651,12.149999618530273,995.520203,2019-10-09,0.9869059920310974,11,55864815.439822
32.18413543701172,76.338517,6.019999980926514,1025.490967,2019-10-09,0.9631159901618958,8,55864815.584442
32.18400955200195,76.361277,3.140000104904175,1099.165283,2019-10-09,0.9778620004653931,5,55864815.526594
32.183817,76.375611,9.380000114440918,1140.240479,2019-10-09,0.9777989983558655,3,55864815.328258
32.183966,76.330085,7.590000152587891,991.833679,2019-10-09,0.987371027469635,11,55864815.448086
32.183922,76.352618,17.239999771118164,1101.71582,2019-10-09,0.9692549705505371,6,55864815.390238
32.183648,76.361705,14.619999885559082,1095.312744,2019-10-09,0.9550129771232605,5,55864815.534858
32.183775,76.338939,17.469999,1030.084473,2019-10-09,0.9894009828567505,8,55864815.592706
32.183551,76.353055,2.869999885559082,1098.640381,2019-10-09,0.9549660086631775,6,55864815.398502
32.1836051940918,76.330513,9.529999732971191,997.959106,2019-10-09,0.979640007019043,11,55864815.45635
32.183406829833984,76.339368,12.75,1031.570679,2019-10-09,0.9865360260009766,8,55864815.60097
32.183278,76.362143,2.950000047683716,1092.59021,2019-10-09,0.9684460163116455,5,55864815.543122
32.18319320678711,76.353476,14.770000457763672,1101.307861,2019-10-09,0.9723770022392273,6,55864815.406766
32.183242,76.330943,11.289999961853027,999.683228,2019-10-09,0.9812480211257935,11,55864815.464614
32.183040618896484,76.339796,9.239999771118164,1033.486206,2019-10-09,0.9855970144271851,8,55864815.609234
32.182828,76.3539047241211,15.550000190734863,1101.691895,2019-10-09,0.9586809873580933,6,55864815.41503
32.182914,76.362572,8.930000305175781,1090.591064,2019-10-09,0.95489102602005,5,55864815.551386
32.182878,76.331374,19.149999618530273,994.234009,2019-10-09,0.983564019203186,11,55864815.472878
32.182546,76.363005,4.860000133514404,1087.132202,2019-10-09,0.972927987575531,5,55864815.55965
32.182672,76.340224,12.34000015258789,1027.322021,2019-10-09,0.9837279915809631,8,55864815.617498
32.182462,76.354337,21.350000381469727,1089.214478,2019-10-09,0.970238983631134,6,55864815.423294
32.182512,76.331808,8.75,998.301941,2019-10-09,0.9729390144348145,11,55864815.481142
32.182308,76.340647,16.899999618530273,1030.429321,2019-10-09,0.9839869737625122,8,55864815.625762
32.182179,76.363437,2.759999990463257,1086.562744,2019-10-09,0.9635829925537109,5,55864815.567914
32.182151794433594,76.332237,13.760000228881836,999.613464,2019-10-09,0.9721559882164001,11,55864815.489406
32.182092,76.35477447509766,9.9399995803833,1085.209595,2019-10-09,0.9656100273132324,6,55864815.431558
32.18193817138672,76.341074,8.640000343322754,1034.269653,2019-10-09,0.9707289934158325,8,55864815.634026
32.181732177734375,76.355199,13.010000228881836,1094.224609,2019-10-09,0.9858360290527344,6,55864815.439822
32.181785583496094,76.332669,23.489999771118164,989.506165,2019-10-09,0.9865249991416931,11,55864815.49767
32.181575,76.341496,16.56999969482422,1033.939697,2019-10-09,0.9816460013389587,8,55864815.64229
32.181447,76.364297,3.0199999809265137,1083.526855,2019-10-09,0.9868230223655701,5,55864815.584442
32.181363,76.355636,12.039999961853027,1082.570435,2019-10-09,0.9624599814414978,6,55864815.448086
32.181417,76.333105,6.5,995.455688,2019-10-09,0.9630529880523682,11,55864815.505934
32.181207,76.341922,14.619999885559082,1033.434937,2019-10-09,0.9595540165901184,8,55864815.650554
32.180993,76.356074,8.039999961853027,1072.119751,2019-10-09,0.956965982913971,6,55864815.45635
32.181081,76.364724,3.8499999046325684,1084.932251,2019-10-09,0.9614269733428955,5,55864815.592706
32.181052,76.333538,4.070000171661377,995.207092,2019-10-09,0.9631360173225403,11,55864815.514198
32.180715,76.365152,5.230000019073486,1082.959595,2019-10-09,0.9540560245513916,5,55864815.60097
32.18083572387695,76.342351,13.3100004196167,1019.559082,2019-10-09,0.9707679748535156,8,55864815.658818
32.180627,76.356508,2.950000047683716,1070.632935,2019-10-09,0.9597030282020569,6,55864815.464614
32.18069076538086,76.333966,10.25,998.073425,2019-10-09,0.9669600129127502,11,55864815.522462
32.18046951293945,76.342774,20.270000457763672,1019.305786,2019-10-09,0.9669489860534668,8,55864815.667082
32.180346,76.365582,5.079999923706055,1077.367676,2019-10-09,0.959646999835968,5,55864815.609234
32.180326,76.334397,8.710000038146973,1000.322998,2019-10-09,0.9732440114021301,11,55864815.530726
32.180262,76.356941,3.1700000762939453,1068.813477,2019-10-09,0.962673008441925,6,55864815.472878
32.179979,76.366009,5.039999961853027,1075.791626,2019-10-09,0.9647729992866516,5,55864815.617498
32.18009567260742,76.343206,4.300000190734863,1014.406921,2019-10-09,0.9714930057525635,8,55864815.675346
32.179898,76.357372,5.789999961853027,1066.805298,2019-10-09,0.9639049768447876,6,55864815.481142
32.179961,76.334829,9.90999984741211,1000.041809,2019-10-09,0.9671649932861328,11,55864815.53899
32.179611,76.366436,3.440000057220459,1074.35437,2019-10-09,0.9652510285377502,5,55864815.625762
32.179744,76.343612,38.150002,1024.69104,2019-10-09,0.9659209847450256,8,55864815.68361
32.179532,76.357806,2.950000047683716,1065.434082,2019-10-09,0.9634460210800171,6,55864815.489406
32.179595,76.33525848388672,13.539999961853027,994.764709,2019-10-09,0.9670889973640442,11,55864815.547254
32.179387,76.344022,45.22999954223633,1049.271606,2019-10-09,0.9615979790687561,8,55864815.691874
32.179169,76.358235,8.520000457763672,1062.884033,2019-10-09,0.9659119844436646,6,55864815.49767
32.179243,76.366863,4.0,1070.400024,2019-10-09,0.9633269906044006,5,55864815.634026
32.179229736328125,76.335691,9.380000114440918,999.046265,2019-10-09,0.9643669724464417,11,55864815.555518
32.178877,76.367287,5.010000228881836,1071.471558,2019-10-09,0.9628639817237854,5,55864815.64229
32.179018,76.344448,28.610001,1059.313232,2019-10-09,0.9859279990196228,8,55864815.700138
32.178805,76.358666,13.979999542236328,1059.837769,2019-10-09,0.965175986289978,6,55864815.505934
32.178865,76.336121,8.40999984741211,1000.717407,2019-10-09,0.9694439768791199,11,55864815.563782
32.17864990234375,76.344874,25.469999,1057.978638,2019-10-09,0.9871280193328857,8,55864815.708402
32.178507,76.367715,3.740000009536743,1065.861572,2019-10-09,0.9642810225486755,5,55864815.650554
32.178497314453125,76.336553,4.519999980926514,998.965332,2019-10-09,0.9606800079345703,11,55864815.572046
32.178437,76.359102,8.300000190734863,1057.720459,2019-10-09,0.9648060202598572,6,55864815.514198
32.178139,76.3681411743164,6.650000095367432,1060.881348,2019-10-09,0.9852510094642639,5,55864815.658818
32.178287506103516,76.345291,29.440001,1069.627197,2019-10-09,0.9858800172805786,8,55864815.716666
32.178070068359375,76.359537,3.140000104904175,1055.642212,2019-10-09,0.9577109813690186,6,55864815.522462
32.178131,76.336982,5.420000076293945,998.109619,2019-10-09,0.9921489953994751,11,55864815.58031
32.177923,76.345713,10.470000267028809,1093.214233,2019-10-09,0.9733330011367798,8,55864815.72493
32.17776870727539,76.368566,3.0199999809265137,1060.267212,2019-10-09,0.9552180171012878,5,55864815.667082
32.177713,76.359958,16.040001,1064.748657,2019-10-09,0.9879130125045776,6,55864815.530726
32.177764,76.337412,14.470000267028809,983.009399,2019-10-09,0.9678630232810974,11,55864815.588574
32.177554,76.34613800048828,17.020000457763672,1077.970825,2019-10-09,0.9878010153770447,8,55864815.733194
32.177411,76.36898040771484,21.15999984741211,1063.67395,2019-10-09,0.9850580096244812,5,55864815.675346
32.177396,76.337843,9.119999885559082,983.5760498046875,2019-10-09,0.9865580201148987,11,55864815.596838
32.177040100097656,76.369407,2.759999990463257,1073.87854,2019-10-09,0.9565489888191223,5,55864815.68361
32.177187,76.346564,24.420000076293945,1069.556519,2019-10-09,0.9853760004043579,8,55864815.741458
32.176988,76.360812,3.059999942779541,1094.174194,2019-10-09,0.9641039967536926,6,55864815.547254
32.177035,76.33826446533203,25.059999,985.081421,2019-10-09,0.9610909819602966,11,55864815.605102
32.17681884765625,76.346991,20.530001,1068.736938,2019-10-09,0.9842209815979004,8,55864815.749722
32.176673,76.369831,2.7300000190734863,1072.887329,2019-10-09,0.9558839797973633,5,55864815.691874
32.17667007446289,76.33869171142578,28.010000228881836,985.034912,2019-10-09,0.9603310227394104,11,55864815.613366
32.17630386352539,76.370257,6.170000076293945,1063.004272,2019-10-09,0.9620400071144104,5,55864815.700138
32.176457,76.347412,14.550000190734863,1082.838257,2019-10-09,0.971992015838623,8,55864815.757986
32.176265716552734,76.361661,22.170000076293945,1099.729126,2019-10-09,0.9606170058250427,6,55864815.563782
32.176302,76.339117,27.120001,983.565002,2019-10-09,0.9655939936637878,11,55864815.62163
32.175933837890625,76.370685,2.950000047683716,1058.137329,2019-10-09,0.9607869982719421,5,55864815.708402
32.176090240478516,76.347839,17.350000381469727,1075.233032,2019-10-09,0.9702609777450562,8,55864815.76625
32.175899505615234,76.362092,19.670000076293945,1100.408081,2019-10-09,0.9673399925231934,6,55864815.572046
32.17593765258789,76.339539,27.600000381469727,990.76178,2019-10-09,0.9868710041046143,11,55864815.629894
32.17572021484375,76.348271,46.950001,1029.32373,2019-10-09,0.9885709881782532,8,55864815.774514
32.175532,76.362523,18.989999771118164,1096.135742,2019-10-09,0.9569550156593323,6,55864815.58031
32.175567626953125,76.371107,7.400000095367432,1054.692993,2019-10-09,0.9581590294837952,5,55864815.716666
32.175578,76.339957,3.9600000381469727,1033.435669,2019-10-09,0.9726690053939819,11,55864815.638158
32.175203,76.371529,11.25,1054.682373,2019-10-09,0.9573130011558533,5,55864815.72493
32.17533874511719,76.348717,13.130000114440918,1015.39679,2019-10-09,0.9679369926452637,8,55864815.782778
32.175164,76.362955,16.860001,1090.629028,2019-10-09,0.9648990035057068,6,55864815.588574
32.175221,76.34037017822266,25.020000457763672,1042.143555,2019-10-09,0.9836869835853577,11,55864815.646422
32.174971,76.349149,4.630000114440918,1011.187073,2019-10-09,0.9597769975662231,8,55864815.791042
32.174834,76.37195587158203,12.40999984741211,1047.703857,2019-10-09,0.9614800214767456,5,55864815.733194
32.174851,76.340797,35.119999,1023.686768,2019-10-09,0.9676390290260315,11,55864815.654686
32.174795,76.363387,22.059999,1078.055054,2019-10-09,0.9837149977684021,6,55864815.596838
32.174607,76.349577,2.880000114440918,1012.066284,2019-10-09,0.9595720171928406,8,55864815.799306
32.17441940307617,76.363825,24.940001,1050.149292,2019-10-09,0.9876739978790283,6,55864815.605102
32.174467,76.372381,11.100000381469727,1045.675781,2019-10-09,0.9585070013999939,5,55864815.741458
32.174475,76.341232,47.060001,986.879883,2019-10-09,0.9884719848632812,11,55864815.66295
32.174102783203125,76.372803,17.90999984741211,1045.484009,2019-10-09,0.9662539958953857,5,55864815.749722
32.174246,76.350002,4.329999923706055,1017.05603,2019-10-09,0.9788619875907898,8,55864815.80757
32.174044,76.36426544189453,7.289999961853027,1042.123657,2019-10-09,0.9579700231552124,6,55864815.613366
32.174089,76.341677,9.050000190734863,970.96698,2019-10-09,0.9902269840240479,11,55864815.671214
32.17389678955078,76.350414,26.370001,1035.40686,2019-10-09,0.9815940260887146,8,55864815.815834
32.173675,76.364693,3.359999895095825,1041.556641,2019-10-09,0.956712007522583,6,55864815.62163
32.173736,76.37322998046875,15.4399995803833,1042.704346,2019-10-09,0.9624009728431702,5,55864815.757986
32.173736,76.342085,41.369999,979.902039,2019-10-09,0.9862859845161438,11,55864815.679478
32.173366,76.373661,2.6500000953674316,1043.493774,2019-10-09,0.9657009840011597,5,55864815.76625
32.264429,76.281255,15.34000015258789,1345.081543,2020-04-23,0.9679449796676636,1,72836047.545071
32.264079,76.309346,32.34000015258789,1647.767944,2020-04-23,0.9902470111846924,5,72836047.850839
32.263998,76.318671,15.829999923706055,2061.328857,2020-04-23,0.9900689721107483,6,72836047.896291
32.263857,76.337995,33.169998,2769.245117,2020-04-23,0.9852179884910583,11,72836048.388054
32.264068,76.28083038330078,14.520000457763672,1335.569946,2020-04-23,0.9683570265769958,1,72836047.536807
32.263951,76.298687,33.34000015258789,1493.268677,2020-04-23,0.9753329753875732,3,72836047.388055
32.263779,76.32864379882812,36.990002,2150.672607,2020-04-23,0.9886459708213806,8,72836048.342602
32.263497,76.337575,46.27000045776367,2731.384033,2020-04-23,0.9867810010910034,11,72836048.37979
32.263705,76.308906,25.639999,1694.592407,2020-04-23,0.9726769924163818,5,72836047.842575
32.263642,76.318255,16.31999969482422,2026.91687,2020-04-23,0.9893929958343506,6,72836047.888027
32.263423,76.3282241821289,34.06999969482422,2115.16748,2020-04-23,0.9712949991226196,8,72836048.334338
32.263921,76.271193,20.059999,1482.696045,2020-04-23,0.9703500270843506,0,72836047.491355
32.263713,76.280411,8.3100004196167,1307.438354,2020-04-23,0.9712349772453308,1,72836047.528543
32.263331,76.308466,14.220000267028809,1746.104004,2020-04-23,0.9896079897880554,5,72836047.834311
32.263286,76.317838,12.609999656677246,1997.717651,2020-04-23,0.9867730140686035,6,72836047.879763
32.263142,76.337164,12.390000343322754,2715.864014,2020-04-23,0.9550619721412659,11,72836048.371526
32.26321792602539,76.297825,30.5,1512.579468,2020-04-23,0.9744579792022705,3,72836047.371527
32.263066,76.327809,24.559999,2083.593262,2020-04-23,0.9891700148582458,8,72836048.326074
32.263353,76.279987,8.010000228881836,1293.775269,2020-04-23,0.9657449722290039,1,72836047.520279
32.263189,76.288309,14.220000267028809,1263.927734,2020-04-23,0.9690709710121155,2,72836047.326075
32.262968,76.308039,27.469999,1727.419067,2020-04-23,0.9875959753990173,5,72836047.826047
32.26293182373047,76.31742095947266,20.510000228881836,1959.918701,2020-04-23,0.9871289730072021,6,72836047.871499
32.2626953125,76.327371,31.629999,2112.909424,2020-04-23,0.9887620210647583,8,72836048.31781
32.262771,76.336726,33.619999,2732.313965,2020-04-23,0.9898689985275269,11,72836048.363262
32.262992,76.279562,14.289999961853027,1276.885376,2020-04-23,0.958636999130249,1,72836047.512015
32.262575,76.317005,24.809999,1915.423706,2020-04-23,0.9870569705963135,6,72836047.863235
32.26240921020508,76.336304,22.389999,2725.485596,2020-04-23,0.9847739934921265,11,72836048.354998
32.262613,76.307622,28.520000457763672,1690.327759,2020-04-23,0.98894202709198,5,72836047.817783
32.262625,76.279132,23.200001,1275.700195,2020-04-23,0.9610739946365356,1,72836047.503751
32.262488,76.296969,34.540001,1510.687256,2020-04-23,0.9674000144004822,3,72836047.354999
32.26226043701172,76.307207,29.379999,1649.164429,2020-04-23,0.9870730042457581,5,72836047.809519
32.262223,76.316593,12.460000038146973,1881.392334,2020-04-23,0.9682329893112183,6,72836047.854971
32.262048,76.33587646484375,42.97999954223633,2695.94873,2020-04-23,0.9901430010795593,11,72836048.346734
32.262124,76.296542,28.329999923706055,1514.786621,2020-04-23,0.9752749800682068,3,72836047.346735
32.261688232421875,76.335463,39.650002,2666.578613,2020-04-23,0.9834629893302917,11,72836048.33847
32.262255,76.278698,23.770000457763672,1296.774414,2020-04-23,0.9709240198135376,1,72836047.495487
32.262099,76.287029,15.5600004196167,1252.250488,2020-04-23,0.9726420044898987,2,72836047.301283
32.261905,76.306792,42.900002,1595.694336,2020-04-23,0.9856150150299072,5,72836047.801255
32.261863,76.316171,11.75,1863.644165,2020-04-23,0.9747329950332642,6,72836047.846707
32.26160430908203,76.326094,21.34000015258789,2109.063232,2020-04-23,0.9859399795532227,8,72836048.293018
32.261889,76.278269,28.81999969482422,1295.226685,2020-04-23,0.9663360118865967,1,72836047.487223
32.261756896972656,76.296111,24.920000076293945,1525.798584,2020-04-23,0.9704449772834778,3,72836047.338471
32.26154708862305,76.306371,26.540001,1588.481812,2020-04-23,0.9862970113754272,5,72836047.792991
32.261495,76.315738,14.890000343322754,1875.63147,2020-04-23,0.9875829815864563,6,72836047.838443
32.261328,76.33503723144531,38.220001,2654.731201,2020-04-23,0.9894700050354004,11,72836048.330206
32.261729,76.286595,14.550000190734863,1270.591797,2020-04-23,0.9570680260658264,2,72836047.293019
32.261243,76.325671,40.31999969482422,2075.331787,2020-04-23,0.9658470153808594,8,72836048.284754
32.261527,76.277843,29.420000076293945,1286.897095,2020-04-23,0.9664350152015686,1,72836047.478959
32.261399,76.295691,29.860001,1499.430786,2020-04-23,0.9774580001831055,3,72836047.330207
32.261193,76.305955,9.239999771118164,1568.106812,2020-04-23,0.9827539920806885,5,72836047.784727
32.26112365722656,76.315301,8.979999542236328,1910.63501,2020-04-23,0.9672380089759827,6,72836047.830179
32.26096725463867,76.3346176147461,25.899999618530273,2644.143311,2020-04-23,0.9893230199813843,11,72836048.321942
32.261165,76.277417,29.610001,1279.809814,2020-04-23,0.9522280097007751,1,72836047.470695
32.26103591918945,76.295264,23.760000228881836,1500.739746,2020-04-23,0.9744330048561096,3,72836047.321943
32.260878,76.325243,13.960000038146973,2105.782227,2020-04-23,0.9814910292625427,8,72836048.27649
32.260603,76.334192,23.129999,2648.954346,2020-04-23,0.9883859753608704,11,72836048.313678
32.260999,76.285738,7.630000114440918,1282.661743,2020-04-23,0.9827319979667664,2,72836047.276491
32.260832,76.305531,10.140000343322754,1553.651855,2020-04-23,0.9629470109939575,5,72836047.776463
32.26074981689453,76.314859,3.059999942779541,1959.87439,2020-04-23,0.9645349979400635,6,72836047.821915
32.260515,76.324817,20.399999618530273,2092.419922,2020-04-23,0.987716019153595,8,72836048.268226
32.26081085205078,76.276999,12.90999984741211,1261.553223,2020-04-23,0.9606639742851257,1,72836047.462431
32.260633,76.285309,19.34000015258789,1274.148071,2020-04-23,0.9836980104446411,2,72836047.268227
32.260658264160156,76.294824,27.129999,1535.673828,2020-04-23,0.9724820256233215,3,72836047.313679
32.26047134399414,76.305105,10.25,1545.553101,2020-04-23,0.9545019865036011,5,72836047.768199
32.2603874206543,76.314433,17.18000030517578,1940.182495,2020-04-23,0.9680020213127136,6,72836047.813651
32.260244,76.333775,40.580002,2600.762695,2020-04-23,0.9919019937515259,11,72836048.305414
32.260154,76.324395,18.979999542236328,2075.794678,2020-04-23,0.9838619828224182,8,72836048.259962
32.26044464111328,76.27657318115234,24.290001,1252.751953,2020-04-23,0.9536070227622986,1,72836047.454167
32.260263,76.284876,39.889999,1270.586426,2020-04-23,0.9701640009880066,2,72836047.259963
32.260287,76.294386,31.690001,1559.671021,2020-04-23,0.9755719900131226,3,72836047.305415
32.260093,76.304661,25.899999618530273,1581.968384,2020-04-23,0.9866210222244263,5,72836047.759935
32.26003646850586,76.314022,8.640000343322754,1897.639526,2020-04-23,0.9834259748458862,6,72836047.805387
32.25979232788086,76.323972,14.069999694824219,2067.174072,2020-04-23,0.9880920052528381,8,72836048.251698
32.259883880615234,76.333354,40.099998,2580.80127,2020-04-23,0.9860119819641113,11,72836048.29715
32.260077,76.276139,24.030001,1264.600708,2020-04-23,0.9767810106277466,1,72836047.445903
32.259921,76.293956,19.610001,1578.727295,2020-04-23,0.9785109758377075,3,72836047.297151
32.259679,76.313603,10.8100004196167,1866.651489,2020-04-23,0.9858739972114563,6,72836047.797123
32.259523,76.332932,27.139999,2576.766602,2020-04-23,0.9888589978218079,11,72836048.288886
32.259892,76.284441,40.119999,1292.686035,2020-04-23,0.966867983341217,2,72836047.251699
32.259718,76.3042221069336,37.09000015258789,1611.045044,2020-04-23,0.9902309775352478,5,72836047.751671
32.259432,76.32354736328125,24.329999923706055,2035.940918,2020-04-23,0.9850590229034424,8,72836048.243434
32.259519,76.28400421142578,23.989999771118164,1335.604614,2020-04-23,0.960877001285553,2,72836047.243435
32.259543,76.293514,29.219999,1611.11084,2020-04-23,0.9770529866218567,3,72836047.288887
32.259344,76.303779,45.740002,1644.843994,2020-04-23,0.987654983997345,5,72836047.743407
32.259312,76.313171,16.129999,1872.697388,2020-04-23,0.9820240139961243,6,72836047.788859
32.259162,76.33251190185547,25.420000076293945,2560.869141,2020-04-23,0.9897230267524719,11,72836048.280622
32.259071,76.323128,22.90999984741211,2018.338135,2020-04-23,0.9871100187301636,8,72836048.23517
32.258805,76.332095,54.65999984741211,2491.983154,2020-04-23,0.9920430183410645,11,72836048.272358
32.259343,76.275279,24.93000030517578,1282.019409,2020-04-23,0.9699010252952576,1,72836047.429375
32.259158,76.28357696533203,23.270000457763672,1325.266724,2020-04-23,0.9737529754638672,2,72836047.235171
32.259179,76.293085,42.580002,1598.562622,2020-04-23,0.9612209796905518,3,72836047.280623
32.258969,76.303338,32.939999,1700.269043,2020-04-23,0.9860849976539612,5,72836047.735143
32.25894546508789,76.31273651123047,7.409999847412109,1892.177979,2020-04-23,0.985355019569397,6,72836047.780595
32.258711,76.322707,28.860001,1990.158447,2020-04-23,0.9876949787139893,8,72836048.226906
32.258985,76.274857,31.360001,1252.807983,2020-04-23,0.9705510139465332,1,72836047.421111
32.258829,76.292675,26.15999984741211,1565.149658,2020-04-23,0.9802889823913574,3,72836047.272359
32.258589,76.312322,7.0,1861.154175,2020-04-23,0.969103991985321,6,72836047.772331
32.258451,76.331684,27.139999,2465.628906,2020-04-23,0.989732027053833,11,72836048.264094
32.258788,76.283146,37.5,1328.430298,2020-04-23,0.9762330055236816,2,72836047.226906
32.25859451293945,76.302898,44.279999,1727.183594,2020-04-23,0.9848099946975708,5,72836047.726879
32.258351,76.322286,29.010000228881836,1968.489258,2020-04-23,0.9887779951095581,8,72836048.21864
32.25863265991211,76.274441,25.190001,1216.374268,2020-04-23,0.9570459723472595,1,72836047.412847
32.25847244262695,76.292255,35.619999,1532.187134,2020-04-23,0.9676179885864258,3,72836047.264095
32.25822067260742,76.302456,35.81999969482422,1780.511597,2020-04-23,0.9849089980125427,5,72836047.718615
32.25822830200195,76.311901,5.610000133514404,1840.540039,2020-04-23,0.9729419946670532,6,72836047.764067
32.257992,76.321866,19.5,1950.804077,2020-04-23,0.986998975276947,8,72836048.210374
32.258088,76.331258,25.120001,2462.999023,2020-04-23,0.9898229837417603,11,72836048.25583
32.258121490478516,76.291842,17.809999,1506.176758,2020-04-23,0.9687079787254333,3,72836047.255831
32.257726,76.330836,11.75,2460.517822,2020-04-23,0.9901559948921204,11,72836048.247566
32.257848,76.302018,21.030001,1826.004761,2020-04-23,0.9888100028038025,5,72836047.710351
32.257867,76.311474,10.550000190734863,1830.787109,2020-04-23,0.988053023815155,6,72836047.755803
32.257633209228516,76.321445,13.619999885559082,1932.809448,2020-04-23,0.9856280088424683,8,72836048.202108
32.257911,76.273592,6.210000038146973,1210.546875,2020-04-23,0.9508429765701294,1,72836047.396319
32.257508,76.311053,27.129999,1792.164185,2020-04-23,0.9852200150489807,6,72836047.747539
32.257367,76.330417,26.469999,2419.036377,2020-04-23,0.9905409812927246,11,72836048.239302
32.257686,76.281854,34.689999,1359.286499,2020-04-23,0.971422016620636,2,72836047.202108
32.25748062133789,76.301585,5.420000076293945,1858.40271,2020-04-23,0.9615709781646729,5,72836047.702087
32.257274,76.321025,15.350000381469727,1904.504761,2020-04-23,0.9880099892616272,8,72836048.193842
32.257011,76.330002,35.790001,2366.406738,2020-04-23,0.9911490082740784,11,72836048.231038
32.25732421875,76.281429,33.490002,1351.812256,2020-04-23,0.9755340218544006,2,72836047.193842
32.257395,76.290991,14.479999542236328,1496.460938,2020-04-23,0.9772469997406006,3,72836047.239303
32.257115,76.301156,10.739999771118164,1855.951538,2020-04-23,0.9742079973220825,5,72836047.693823
32.257152,76.310636,24.65999984741211,1761.291382,2020-04-23,0.9882559776306152,6,72836047.739275
32.25691223144531,76.320601,38.75,1866.891602,2020-04-23,0.9898840188980103,8,72836048.185576
32.257179260253906,76.272735,22.940001,1199.429443,2020-04-23,0.9691389799118042,1,72836047.379791
32.25703430175781,76.290566,13.130000114440918,1487.681519,2020-04-23,0.966804027557373,3,72836047.231039
32.256791,76.310211,30.280001,1745.561279,2020-04-23,0.9879800081253052,6,72836047.731011
32.256654,76.329586,27.25,2338.655518,2020-04-23,0.9887760281562805,11,72836048.222773
32.256552,76.320179,32.720001,1851.026978,2020-04-23,0.9894670248031616,8,72836048.17731
32.256609,76.280587,30.459999,1311.758545,2020-04-23,0.9654579758644104,2,72836047.17731
32.256671,76.2901382446289,27.31999969482422,1468.843994,2020-04-23,0.9690619707107544,3,72836047.222773
32.25643539428711,76.309794,27.129999,1712.06311,2020-04-23,0.9845190048217773,6,72836047.722747
32.256295,76.329167,28.0,2309.741211,2020-04-23,0.9877240061759949,11,72836048.214507
32.256309509277344,76.289716,23.690001,1461.918701,2020-04-23,0.9756579995155334,3,72836047.214507
32.25639343261719,76.300306,18.899999618530273,1824.925171,2020-04-23,0.9860110282897949,5,72836047.677295
32.256182,76.319742,30.399999618530273,1884.012329,2020-04-23,0.9661350250244141,8,72836048.169044
32.255938,76.328751,35.150002,2261.654785,2020-04-23,0.9885990023612976,11,72836048.206241
32.256444,76.271872,29.530001,1219.523193,2020-04-23,0.9632650017738342,1,72836047.363263
32.256246,76.28015899658203,32.59000015258789,1304.004028,2020-04-23,0.9760019779205322,2,72836047.169044
32.25602722167969,76.299876,10.069999694824219,1838.743164,2020-04-23,0.9899290204048157,5,72836047.669031
32.256074,76.30937194824219,25.34000015258789,1700.989502,2020-04-23,0.9855139851570129,6,72836047.714483
32.255809,76.319301,30.850000381469727,1928.796021,2020-04-23,0.9707059860229492,8,72836048.160778
32.255938,76.2892837524414,42.919998,1466.418335,2020-04-23,0.9833790063858032,3,72836047.206241
32.255716,76.308949,14.890000343322754,1691.865234,2020-04-23,0.9829429984092712,6,72836047.706219
32.255582,76.328337,32.459999,2219.960449,2020-04-23,0.9764459729194641,11,72836048.197975
32.255893,76.279745,16.200001,1281.081177,2020-04-23,0.9646090269088745,2,72836047.160778
32.255656,76.299439,16.579999923706055,1859.065552,2020-04-23,0.9890220165252686,5,72836047.660767
32.255439,76.318863,23.579999923706055,1970.663086,2020-04-23,0.9855520129203796,8,72836048.152512
32.255226135253906,76.327922,35.150002,2174.892822,2020-04-23,0.99031001329422,11,72836048.189709
32.255719,76.271021,16.389999,1216.331909,2020-04-23,0.9702450037002563,1,72836047.346735
32.25556945800781,76.288848,31.43000030517578,1487.950684,2020-04-23,0.9521139860153198,3,72836047.197975
32.255348205566406,76.308518,17.329999923706055,1695.723389,2020-04-23,0.9848840236663818,6,72836047.697955
32.255201,76.288415,35.810001,1498.096313,2020-04-23,0.9717699885368347,3,72836047.189709
32.255292,76.299012,22.010000228881836,1853.707031,2020-04-23,0.9845510125160217,5,72836047.652503
32.254978,76.3080825805664,34.25,1708.344238,2020-04-23,0.9833639860153198,6,72836047.689691
32.255078,76.31844329833984,40.31999969482422,1934.805176,2020-04-23,0.9860460162162781,8,72836048.144246
32.254869,76.327505,33.799999,2141.320801,2020-04-23,0.989657998085022,11,72836048.181443
32.254941,76.298599,17.700001,1807.148804,2020-04-23,0.9874150156974792,5,72836047.644239
32.254721,76.318023,29.15999984741211,1909.279297,2020-04-23,0.9876840114593506,8,72836048.13598
32.254624,76.307665,29.010000228881836,1672.812378,2020-04-23,0.985031008720398,6,72836047.681427
32.254514,76.327094,30.399999618530273,2092.031006,2020-04-23,0.9884600043296814,11,72836048.173177
32.254806,76.278468,11.149999618530273,1266.153442,2020-04-23,0.9764099717140198,2,72836047.13598
32.254587,76.298184,8.039999961853027,1774.838989,2020-04-23,0.9718179702758789,5,72836047.635975
32.254351,76.317586,39.869999,1929.137329,2020-04-23,0.9882349967956543,8,72836048.127714
32.254157,76.326677,40.279999,2045.922729,2020-04-23,0.9886040091514587,11,72836048.164911
32.254425048828125,76.278023,46.889999,1283.725342,2020-04-23,0.9668279886245728,2,72836047.127714
32.254228,76.297761,13.210000038146973,1749.394043,2020-04-23,0.9759969711303711,5,72836047.627711
32.254271,76.307251,6.659999847412109,1653.150024,2020-04-23,0.9709479808807373,6,72836047.673163
32.253985,76.31715393066406,35.490002,1947.143677,2020-04-23,0.9862599968910217,8,72836048.119448
32.254101,76.287123,25.59000015258789,1533.096436,2020-04-23,0.972055971622467,3,72836047.164911
32.253901,76.30681610107422,18.110001,1660.944702,2020-04-23,0.9862620234489441,6,72836047.664899
32.253802,76.326263,12.989999771118164,2028.361938,2020-04-23,0.9892680048942566,11,72836048.156645
32.254056,76.277587890625,23.09000015258789,1323.019287,2020-04-23,0.9689369797706604,2,72836047.119448
32.253867,76.297337,10.65999984741211,1740.650757,2020-04-23,0.9860870242118835,5,72836047.619447
32.253615,76.316717,35.040001,1974.848145,2020-04-23,0.9852859973907471,8,72836048.111182
32.253734,76.286693,25.969999,1539.655396,2020-04-23,0.9655510187149048,3,72836047.156645
32.253529,76.306376,21.110001,1693.827271,2020-04-23,0.98744797706604,6,72836047.656635
32.253440856933594,76.325839,26.09000015258789,2000.736694,2020-04-23,0.9889839887619019,11,72836048.148379
32.253699,76.277169,25.329999923706055,1298.265137,2020-04-23,0.9713299870491028,2,72836047.111182
32.253499,76.296905,27.729999542236328,1734.283813,2020-04-23,0.9884160161018372,5,72836047.611183
32.253247,76.316282,39.310001,1996.413574,2020-04-23,0.9841110110282898,8,72836048.102916
32.25306701660156,76.325396,39.869999,2035.630249,2020-04-23,0.989022970199585,11,72836048.140113
32.253349,76.276756,24.959999,1252.58728,2020-04-23,0.9668070077896118,2,72836047.102916
32.253135681152344,76.296477,14.149999618530273,1745.778809,2020-04-23,0.9704539775848389,5,72836047.602919
32.253153,76.305933,22.120001,1738.098267,2020-04-23,0.9892240166664124,6,72836047.648371
32.252885,76.315857,28.34000015258789,1995.175293,2020-04-23,0.9831219911575317,8,72836048.09465
32.252782,76.305495,11.0,1779.404297,2020-04-23,0.9856129884719849,6,72836047.640107
32.252706,76.324972,36.650002,2024.436035,2020-04-23,0.989296019077301,11,72836048.131847
32.252996,76.276341,22.149999618530273,1216.691406,2020-04-23,0.9732369780540466,2,72836047.09465
32.252775,76.296053,14.369999885559082,1733.203857,2020-04-23,0.9669430255889893,5,72836047.594655
32.252517,76.315424,40.060001,2001.757202,2020-04-23,0.9843369722366333,8,72836048.086384
32.252342224121094,76.324545,42.0,2015.639038,2020-04-23,0.9897480010986328,11,72836048.123581
32.252633,76.275914,16.239999771118164,1219.800171,2020-04-23,0.9746670126914978,2,72836047.086384
32.252656,76.285426,33.040001,1481.351685,2020-04-23,0.9724460244178772,3,72836047.131847
32.252406,76.295619,30.43000030517578,1738.530762,2020-04-23,0.963778018951416,5,72836047.586391
32.252410888671875,76.305056,7.860000133514404,1814.635742,2020-04-23,0.9690660238265991,6,72836047.631843
32.252302,76.2850112915039,8.569999694824219,1472.854004,2020-04-23,0.976065993309021,3,72836047.123581
32.252151,76.314991,41.630001,2012.553711,2020-04-23,0.9896469712257385,8,72836048.078118
32.252276,76.275494,23.200001,1187.581665,2020-04-23,0.9696469902992249,2,72836047.078118
32.252048,76.295199,11.5600004196167,1730.823242,2020-04-23,0.9676269888877869,5,72836047.578127
32.25204086303711,76.30461883544922,7.670000076293945,1840.704468,2020-04-23,0.9892500042915344,6,72836047.623579
32.25178527832031,76.31455993652344,29.56999969482422,2036.874512,2020-04-23,0.990917980670929,8,72836048.069852
32.251943,76.284588,5.800000190734863,1457.022705,2020-04-23,0.9720180034637451,3,72836047.115315
32.251672,76.304187,7.110000133514404,1856.18457,2020-04-23,0.9824320077896118,6,72836047.615315
32.251917,76.275073,20.280001,1171.077881,2020-04-23,0.9746649861335754,2,72836047.069852
32.251678466796875,76.294767,19.09000015258789,1735.826538,2020-04-23,0.9681919813156128,5,72836047.569863
32.251421,76.314132,29.610001,2038.181763,2020-04-23,0.989778995513916,8,72836048.061586
32.251258,76.323272,37.77000045776367,1980.909424,2020-04-23,0.985319972038269,11,72836048.098783
32.251557,76.274648,19.040001,1161.19519,2020-04-23,0.9829549789428711,2,72836047.061586
32.251582,76.28416442871094,6.960000038146973,1444.571777,2020-04-23,0.9667159914970398,3,72836047.107049
32.251318,76.294341,31.290001,1716.827393,2020-04-23,0.9859949946403503,5,72836047.561599
32.251302,76.303751,7.070000171661377,1879.412964,2020-04-23,0.9705730080604553,6,72836047.607051
32.251222,76.283741,5.949999809265137,1431.4197998046875,2020-04-23,0.9608100056648254,3,72836047.098783
32.251056,76.313702,31.75,2039.876953,2020-04-23,0.9859859943389893,8,72836048.05332
32.25089645385742,76.322847,31.299999,1978.095215,2020-04-23,0.989549994468689,11,72836048.090517
32.2509651184082,76.293926,7.96999979019165,1695.292969,2020-04-23,0.970005989074707,5,72836047.553335
32.250937,76.303322,10.65999984741211,1879.041992,2020-04-23,0.9616900086402893,6,72836047.598787
32.250696,76.31327819824219,18.56999969482422,2033.625732,2020-04-23,0.9875249862670898,8,72836048.045054
32.250846,76.283299,28.770000457763672,1448.935425,2020-04-23,0.9670910239219666,3,72836047.090517
32.250572204589844,76.302892,18.260000228881836,1875.292114,2020-04-23,0.9771400094032288,6,72836047.590523
32.250529,76.322414,34.740002,1989.712769,2020-04-23,0.9831910133361816,11,72836048.082251
32.250606,76.293505,7.96999979019165,1672.511719,2020-04-23,0.9603819847106934,5,72836047.545071
32.25033187866211,76.312849,18.75,2044.679443,2020-04-23,0.9706649780273438,8,72836048.036788
32.250161,76.321979,50.540001,1996.918823,2020-04-23,0.9828220009803772,11,72836048.073985
32.250481,76.282871,19.420000076293945,1458.111938,2020-04-23,0.9732879996299744,3,72836047.082251
32.250245,76.293081,19.420000076293945,1649.881226,2020-04-23,0.9682310223579407,5,72836047.536807
32.250205993652344,76.302462,8.9399995803833,1890.705078,2020-04-23,0.9841070175170898,6,72836047.582259
32.250115,76.282441,34.90999984741211,1450.940796,2020-04-23,0.976248025894165,3,72836047.073985
32.249967,76.312423,27.329999923706055,2027.14502,2020-04-23,0.9887660145759583,8,72836048.028522
32.249795,76.321547,33.060001,2026.930908,2020-04-23,0.9656640291213989,11,72836048.065719
32.2501220703125,76.272962,5.199999809265137,1099.910889,2020-04-23,0.9584800004959106,2,72836047.028522
32.249888,76.292662,10.479999542236328,1627.88269,2020-04-23,0.9597859978675842,5,72836047.528543
32.24984359741211,76.302037,7.03000020980835,1883.580322,2020-04-23,0.9884089827537537,6,72836047.573995
32.249606,76.311998,26.690001,2017.231812,2020-04-23,0.9877880215644836,8,72836048.020256
32.24943542480469,76.321125,36.200001,2000.560913,2020-04-23,0.9880899786949158,11,72836048.057453
32.249524,76.292234,22.639999,1616.652832,2020-04-23,0.9701330065727234,5,72836047.520279
32.24948501586914,76.301615,18.0,1853.282104,2020-04-23,0.9730380177497864,6,72836047.565731
32.249244689941406,76.311575,23.879999,2002.31189,2020-04-23,0.9892609715461731,8,72836048.01199
32.249075,76.320704,38.900002,1976.833008,2020-04-23,0.9901760220527649,11,72836048.049187
32.249162,76.291808,22.790001,1607.814331,2020-04-23,0.9886800050735474,5,72836047.512015
32.249127,76.301195,13.8100004196167,1830.908813,2020-04-23,0.9877169728279114,6,72836047.557467
32.248888,76.311158,35.34000015258789,1954.012329,2020-04-23,0.9910029768943787,8,72836048.003724
32.249064,76.281205,15.449999809265137,1330.721802,2020-04-23,0.9735280275344849,3,72836047.049187
32.24876403808594,76.300769,15.899999618530273,1825.196411,2020-04-23,0.9698280096054077,6,72836047.549203
32.248715,76.320282,31.18000030517578,1965.214844,2020-04-23,0.9890210032463074,11,72836048.040921
32.249022,76.271671,9.6899995803833,1118.058228,2020-04-23,0.9731519818305969,2,72836047.003724
32.248798,76.291382,14.670000076293945,1612.742554,2020-04-23,0.9634699821472168,5,72836047.503751
32.248538,76.31075286865234,29.649999618530273,1890.05957,2020-04-23,0.9878249764442444,8,72836047.995459
32.248355865478516,76.319862,33.169998,1937.813721,2020-04-23,0.9915949702262878,11,72836048.032655
32.24864959716797,76.271236,21.479999542236328,1131.60498,2020-04-23,0.9642080068588257,2,72836046.995459
32.248706,76.2807846069336,37.830002,1286.269897,2020-04-23,0.9778609871864319,3,72836047.040921
32.248438,76.290958,20.850000381469727,1592.201416,2020-04-23,0.962240993976593,5,72836047.495487
32.248403,76.300346,17.629999,1807.552368,2020-04-23,0.9731789827346802,6,72836047.540939
32.248351,76.280368,23.010000228881836,1269.492554,2020-04-23,0.9807279706001282,3,72836047.032655
32.248179,76.310331,41.560001,1849.488159,2020-04-23,0.98444002866745,8,72836047.987195
32.247996,76.319441,20.549999,1926.353271,2020-04-23,0.9885799884796143,11,72836048.024389
32.24827575683594,76.270797,21.889999,1164.922363,2020-04-23,0.9627050161361694,2,72836046.987195
32.248072,76.290528,23.129999,1597.221436,2020-04-23,0.9869740009307861,5,72836047.487223
32.248043060302734,76.299922,18.670000076293945,1792.301392,2020-04-23,0.9873639941215515,6,72836047.532675
32.24782180786133,76.3099136352539,28.639999,1839.070312,2020-04-23,0.9883959889411926,8,72836047.978931
32.24799728393555,76.279952,21.850000381469727,1236.540161,2020-04-23,0.982679009437561,3,72836047.024389
32.247682,76.299499,8.569999694824219,1786.976807,2020-04-23,0.9653699994087219,6,72836047.524411
32.247633,76.319014,30.770000457763672,1912.11731,2020-04-23,0.9875770211219788,11,72836048.016123
32.247645,76.279538,23.459999,1194.784668,2020-04-23,0.9730809926986694,3,72836047.016123
32.247709,76.290102,23.200001,1591.799072,2020-04-23,0.9835780262947083,5,72836047.478959
32.247459411621094,76.309488,38.34000015258789,1811.294922,2020-04-23,0.9851139783859253,8,72836047.970667
32.247275,76.31859588623047,38.220001,1873.560303,2020-04-23,0.989333987236023,11,72836048.007857
32.247346,76.289676,7.630000114440918,1601.171997,2020-04-23,0.9656569957733154,5,72836047.470695
32.247319,76.299073,10.890000343322754,1780.454834,2020-04-23,0.9713019728660583,6,72836047.516147
32.247099,76.309065,32.759998,1800.32251,2020-04-23,0.970100998878479,8,72836047.962403
32.247293,76.279124,17.620001,1160.108154,2020-04-23,0.9771320223808289,3,72836047.007857
32.246917724609375,76.318179,22.870001,1850.685425,2020-04-23,0.9910659790039062,11,72836047.999591
32.246941,76.2787094116211,16.719999,1121.000488,2020-04-23,0.9773340225219727,3,72836046.999591
32.24697494506836,76.28923797607422,24.520000457763672,1609.807495,2020-04-23,0.9590150117874146,5,72836047.462431
32.246959,76.29865264892578,7.480000019073486,1766.82312,2020-04-23,0.9723629951477051,6,72836047.507883
32.246737,76.30863952636719,23.170000076293945,1800.380615,2020-04-23,0.9859089851379395,8,72836047.954139
32.246552,76.317747,33.950001,1853.412109,2020-04-23,0.9882940053939819,11,72836047.991327
32.246607,76.288808,24.440001,1624.257568,2020-04-23,0.9872699975967407,5,72836047.454167
32.246598,76.298227,15.010000228881836,1743.839478,2020-04-23,0.9895390272140503,6,72836047.499619
32.246585,76.278292,12.869999885559082,1096.309448,2020-04-23,0.9721109867095947,3,72836046.991327
32.24637222290039,76.308211,23.65999984741211,1803.991333,2020-04-23,0.9720159769058228,8,72836047.945875
32.246181,76.317309,42.97999954223633,1878.987915,2020-04-23,0.9915540218353271,11,72836047.983063
32.246237,76.288373,23.5,1648.781738,2020-04-23,0.9718329906463623,5,72836047.445903
32.246237,76.297803,19.610001,1726.815552,2020-04-23,0.9728249907493591,6,72836047.491355
32.246011,76.307787,15.949999809265137,1799.212158,2020-04-23,0.953652024269104,8,72836047.937611
32.24587631225586,76.297379,15.1899995803833,1719.568237,2020-04-23,0.9637089967727661,6,72836047.483091
32.245813,76.316874,28.34000015258789,1919.592773,2020-04-23,0.9881539940834045,11,72836047.974799
32.245868,76.27745056152344,5.760000228881836,1066.54126,2020-04-23,0.9627119898796082,3,72836046.974799
32.245875,76.287948,26.760000228881836,1634.665039,2020-04-23,0.9866660237312317,5,72836047.437639
32.245648,76.307362,18.790001,1788.39856,2020-04-23,0.9825260043144226,8,72836047.929347
32.245451,76.316449,30.360001,1906.875366,2020-04-23,0.9895849823951721,11,72836047.966535
32.245521,76.287533,22.639999,1596.945679,2020-04-23,0.9621530175209045,5,72836047.429375
32.245513,76.296953,15.829999923706055,1714.831665,2020-04-23,0.9645059704780579,6,72836047.474827
32.245499,76.277017,24.43000030517578,1065.482788,2020-04-23,0.975941002368927,3,72836046.966535
32.245288,76.306941,16.620001,1768.481079,2020-04-23,0.9847729802131653,8,72836047.921083
32.24509048461914,76.316026,28.110001,1893.837891,2020-04-23,0.9756919741630554,11,72836047.958271
32.24516677856445,76.287117,15.529999732971191,1564.09729,2020-04-23,0.9664649963378906,5,72836047.421111
32.245155334472656,76.296533,23.020000457763672,1680.393433,2020-04-23,0.9671289920806885,6,72836047.466563
32.244927,76.306517,20.25,1753.330688,2020-04-23,0.9706860184669495,8,72836047.912819
32.244799,76.296116,19.15999984741211,1651.376709,2020-04-23,0.9845449924468994,6,72836047.458299
32.244731,76.315607,32.27000045776367,1861.654297,2020-04-23,0.9710019826889038,11,72836047.950007
32.244809,76.286698,19.239999771118164,1533.617554,2020-04-23,0.9892770051956177,5,72836047.412847
32.244567,76.306095,10.399999618530273,1741.732788,2020-04-23,0.9727799892425537,8,72836047.904555
32.2443733215332,76.315189,28.149999618530273,1835.537842,2020-04-23,0.987371027469635,11,72836047.941743
32.244451,76.286278,26.309999,1501.016724,2020-04-23,0.9885990023612976,5,72836047.404583
32.244436,76.29569244384766,19.690001,1645.30127,2020-04-23,0.9582430124282837,6,72836047.450035
32.244204,76.30567169189453,6.809999942779541,1739.024658,2020-04-23,0.9900050163269043,8,72836047.896291
32.244401,76.275729,17.139999,1090.241211,2020-04-23,0.9759960174560547,3,72836046.941743
32.24407196044922,76.295263,17.440001,1646.166016,2020-04-23,0.9879069924354553,6,72836047.441771
32.244014,76.314769,36.389999,1801.366943,2020-04-23,0.9904299974441528,11,72836047.933479
32.244094,76.285859,24.440001,1474.206299,2020-04-23,0.9605479836463928,5,72836047.396319
32.243839263916016,76.305243,19.43000030517578,1721.820312,2020-04-23,0.9883509874343872,8,72836047.888027
32.243655,76.31434631347656,26.879999,1782.141724,2020-04-23,0.9895009994506836,11,72836047.925215
32.2440299987793,76.275294,23.15999984741211,1105.609375,2020-04-23,0.9778349995613098,3,72836046.933479
32.243734,76.285437,34.919998,1443.601074,2020-04-23,0.9640020132064819,5,72836047.388055
32.243709,76.294838,19.870001,1634.496094,2020-04-23,0.98711097240448,6,72836047.433507
32.243658,76.274858,27.049999,1128.96106,2020-04-23,0.9706559777259827,3,72836046.925215
32.243478,76.304818,9.210000038146973,1724.071411,2020-04-23,0.9746800065040588,8,72836047.879763
32.243291,76.313923,36.049999,1773.947388,2020-04-23,0.9752690196037292,11,72836047.916951
32.243379,76.285021,23.389999,1419.449097,2020-04-23,0.9845340251922607,5,72836047.379791
32.243344,76.294408,26.760000228881836,1633.363159,2020-04-23,0.9809049963951111,6,72836047.425243
32.243113,76.304389,28.40999984741211,1711.248169,2020-04-23,0.9894279837608337,8,72836047.871499
32.24330520629883,76.274444,5.760000228881836,1111.957031,2020-04-23,0.9649379849433899,3,72836046.916951
32.242982,76.293984,22.379999,1626.367432,2020-04-23,0.9625110030174255,6,72836047.416979
32.24292755126953,76.313497,23.100000381469727,1780.539917,2020-04-23,0.9848189949989319,11,72836047.908687
32.243017,76.284596,29.639999,1401.506226,2020-04-23,0.9621570110321045,5,72836047.371527
32.242754,76.303968,6.960000038146973,1707.930786,2020-04-23,0.9687539935112,8,72836047.863235
32.242564,76.313069,17.370001,1788.229126,2020-04-23,0.97428297996521,11,72836047.900423
32.2426643371582,76.284183,21.780001,1361.459839,2020-04-23,0.9859480261802673,5,72836047.363263
32.242619,76.293558,25.790001,1619.099854,2020-04-23,0.9836180210113525,6,72836047.408715
32.242574,76.273587,18.780001,1106.270386,2020-04-23,0.9619010090827942,3,72836046.900423
32.242389,76.30354309082031,23.059999,1695.097412,2020-04-23,0.9879119992256165,8,72836047.854971
32.242202,76.312644,22.799999,1772.944336,2020-04-23,0.9769179821014404,11,72836047.892159
32.242312,76.28376770019531,6.809999942779541,1329.060181,2020-04-23,0.9889529943466187,5,72836047.354999
32.24225616455078,76.293133,21.520000457763672,1615.109131,2020-04-23,0.9880769848823547,6,72836047.400451
32.242029,76.303119,29.84000015258789,1664.548828,2020-04-23,0.9815790057182312,8,72836047.846707
32.242209,76.273159,17.25,1109.463501,2020-04-23,0.9838529825210571,3,72836046.892159
32.241951,76.283347,14.930000305175781,1305.991943,2020-04-23,0.9869629740715027,5,72836047.346735
32.241887,76.292699,21.739999771118164,1632.830566,2020-04-23,0.9620180130004883,6,72836047.392187
32.24184036254883,76.312221,28.940001,1753.65686,2020-04-23,0.9724360108375549,11,72836047.883895
32.24183654785156,76.272723,22.149999618530273,1133.008301,2020-04-23,0.9769780039787292,3,72836046.883895
32.241671,76.302699,39.869999,1627.863159,2020-04-23,0.9830030202865601,8,72836047.838443
32.241479,76.311798,13.319999694824219,1753.298462,2020-04-23,0.9895150065422058,11,72836047.875631
32.241587,76.28292083740234,9.279999732971191,1307.795044,2020-04-23,0.9701979756355286,5,72836047.338471
32.241519,76.292266,22.420000076293945,1647.846191,2020-04-23,0.9611780047416687,6,72836047.383923
32.241316,76.302285,42.869999,1577.525391,2020-04-23,0.981607973575592,8,72836047.830179
32.241465,76.272288,18.709999,1159.373413,2020-04-23,0.971373975276947,3,72836046.875631
32.241118,76.311375,19.239999771118164,1735.408203,2020-04-23,0.9661610126495361,11,72836047.867367
32.241224,76.282494,9.5,1303.397583,2020-04-23,0.969793975353241,5,72836047.330207
32.241156,76.291841,12.3100004196167,1650.753784,2020-04-23,0.9675629734992981,6,72836047.375659
32.240961,76.301872,31.260000228881836,1541.026123,2020-04-23,0.9872339963912964,8,72836047.821915
32.24075698852539,76.310953,10.220000267028809,1723.848389,2020-04-23,0.9876739978790283,11,72836047.859103
32.240863,76.282072,13.880000114440918,1281.954468,2020-04-23,0.9806150197982788,5,72836047.321943
32.24079513549805,76.291418,11.670000076293945,1635.922241,2020-04-23,0.9860780239105225,6,72836047.367395
32.240753173828125,76.271453,11.109999656677246,1111.362305,2020-04-23,0.9697160124778748,3,72836046.859103
32.240604400634766,76.301455,16.65999984741211,1518.182495,2020-04-23,0.9671090245246887,8,72836047.813651
32.240394592285156,76.310528,13.359999656677246,1714.791504,2020-04-23,0.9753130078315735,11,72836047.850839
32.240504,76.28164672851562,6.130000114440918,1270.180054,2020-04-23,0.968334972858429,5,72836047.313679
32.240432,76.290991,24.850000381469727,1620.05481,2020-04-23,0.984129011631012,6,72836047.359131
32.240244,76.301033,26.649999618530273,1489.6875,2020-04-23,0.9873120188713074,8,72836047.805387
32.240394592285156,76.271033,15.34000015258789,1087.117676,2020-04-23,0.9767429828643799,3,72836046.850839
32.24006652832031,76.290563,22.530001,1622.640503,2020-04-23,0.9882329702377319,6,72836047.350867
32.240031,76.310101,9.430000305175781,1713.941772,2020-04-23,0.9787870049476624,11,72836047.842575
32.240034,76.2706069946289,9.729999542236328,1082.778198,2020-04-23,0.9746360182762146,3,72836046.842575
32.240139,76.281223,22.870001,1251.512207,2020-04-23,0.9879950284957886,5,72836047.305415
32.239886,76.300614,28.040001,1454.941528,2020-04-23,0.9880130290985107,8,72836047.797123
32.239667,76.309674,11.449999809265137,1709.599609,2020-04-23,0.9809510111808777,11,72836047.834311
32.239781,76.280803,21.629999,1228.377686,2020-04-23,0.9837030172348022,5,72836047.297151
32.23970413208008,76.290138,22.379999,1615.483154,2020-04-23,0.9849979877471924,6,72836047.342603
32.239523,76.300189,26.649999618530273,1449.036255,2020-04-23,0.9859870076179504,8,72836047.788859
32.239306,76.30924987792969,19.239999771118164,1692.04126,2020-04-23,0.9871349930763245,11,72836047.826047
32.239422,76.280382,37.279999,1190.004028,2020-04-23,0.9869920015335083,5,72836047.288887
32.239352,76.289726,6.849999904632568,1584.067017,2020-04-23,0.9821209907531738,6,72836047.334339
32.23916244506836,76.299765,9.949999809265137,1451.241821,2020-04-23,0.9862220287322998,8,72836047.780595
32.239078,76.27998352050781,21.18000030517578,1124.513794,2020-04-23,0.9782620072364807,5,72836047.280623
32.238989,76.289301,25.190001,1556.434082,2020-04-23,0.9620620012283325,6,72836047.326075
32.238944,76.308827,8.039999961853027,1686.342651,2020-04-23,0.9898489713668823,11,72836047.817783
32.238798,76.299338,12.460000038146973,1445.153564,2020-04-23,0.9866039752960205,8,72836047.772331
32.238581,76.30840301513672,11.449999809265137,1681.682373,2020-04-23,0.9670159816741943,11,72836047.809519
32.238729,76.279571,9.350000381469727,1074.735596,2020-04-23,0.9699850082397461,5,72836047.272359
32.238638,76.28888702392578,8.420000076293945,1521.392456,2020-04-23,0.9545419812202454,6,72836047.317811
32.238433,76.298908,17.219999,1448.007935,2020-04-23,0.9577860236167908,8,72836047.764067
32.238368,76.279147,9.470000267028809,1061.340332,2020-04-23,0.9838939905166626,5,72836047.264095
32.23827362060547,76.288464,28.93000030517578,1494.587158,2020-04-23,0.9866799712181091,6,72836047.309547
32.238217,76.307972,19.690001,1674.566895,2020-04-23,0.9911410212516785,11,72836047.801255
32.238073,76.298487,45.040001,1397.198486,2020-04-23,0.9873830080032349,8,72836047.755803
32.237852,76.307543,25.079999923706055,1672.860962,2020-04-23,0.9883520007133484,11,72836047.792991
32.238006591796875,76.278724,6.809999942779541,1050.561035,2020-04-23,0.9541810154914856,5,72836047.255831
32.237914,76.288043,32.490002,1472.359009,2020-04-23,0.9806079864501953,6,72836047.301283
32.23772048950195,76.298074,39.009998,1348.267822,2020-04-23,0.9814839959144592,8,72836047.747539
32.237491,76.30712127685547,18.34000015258789,1663.484619,2020-04-23,0.975238025188446,11,72836047.784727
32.237643,76.278297,7.329999923706055,1046.800049,2020-04-23,0.9675080180168152,5,72836047.247567
32.237363,76.297658,40.31999969482422,1308.079712,2020-04-23,0.9805970191955566,8,72836047.739275
32.237277,76.277867,11.789999961853027,1048.464599609375,2020-04-23,0.982014000415802,5,72836047.239303
32.237205,76.287213,9.649999618530273,1417.050415,2020-04-23,0.9863269925117493,6,72836047.284755
32.237126,76.306692,19.579999923706055,1663.091431,2020-04-23,0.99024897813797,11,72836047.776463
32.237005,76.297239,23.059999,1293.265137,2020-04-23,0.987330973148346,8,72836047.731011
32.236762,76.306263,21.899999618530273,1662.543945,2020-04-23,0.9838629961013794,11,72836047.768199
32.23691177368164,76.277437,17.06999969482422,1052.760376,2020-04-23,0.9807969927787781,5,72836047.231039
32.236842,76.286787,18.040001,1401.090088,2020-04-23,0.9892150163650513,6,72836047.276491
32.23664093017578,76.296809,15.649999618530273,1309.050903,2020-04-23,0.9702330231666565,8,72836047.722747
32.23640441894531,76.305844,28.299999,1625.793213,2020-04-23,0.9910370111465454,11,72836047.759935
32.236549,76.277014,6.210000038146973,1048.333252,2020-04-23,0.9834489822387695,5,72836047.222773
32.236479,76.286362,16.170000076293945,1397.361938,2020-04-23,0.9642490148544312,6,72836047.268227
32.23627471923828,76.29637908935547,22.56999969482422,1304.805786,2020-04-23,0.9859359860420227,8,72836047.714483
32.23618698120117,76.276589,10.510000228881836,1033.904175,2020-04-23,0.9862480163574219,5,72836047.214507
32.236116,76.285937,25.81999969482422,1379.151245,2020-04-23,0.9854580163955688,6,72836047.259963
32.236044,76.305423,15.829999923706055,1616.810791,2020-04-23,0.9879710078239441,11,72836047.751671
32.235911,76.295952,7.150000095367432,1318.545044,2020-04-23,0.985418975353241,8,72836047.706219
32.23568344116211,76.30500030517578,12.350000381469727,1602.734985,2020-04-23,0.9901840090751648,11,72836047.743407
32.235828,76.276169,2.5399999618530273,1018.785522,2020-04-23,0.9718530178070068,5,72836047.206241
32.235755920410156,76.28551483154297,13.210000038146973,1372.118286,2020-04-23,0.970641016960144,6,72836047.251699
32.235548,76.295526,16.84000015258789,1301.791504,2020-04-23,0.9938719868659973,8,72836047.697955
32.23539733886719,76.285094,16.350000381469727,1349.109253,2020-04-23,0.9866769909858704,6,72836047.243435
32.235321,76.304577,23.850000381469727,1576.18042,2020-04-23,0.9882050156593323,11,72836047.735143
32.235465,76.275742,5.869999885559082,1011.055481,2020-04-23,0.9632419943809509,5,72836047.197975
32.235185,76.29509735107422,23.469999,1289.499268,2020-04-23,0.9899250268936157,8,72836047.689691
32.234962463378906,76.304156,8.270000457763672,1568.457642,2020-04-23,0.9760599732398987,11,72836047.726879
32.235103607177734,76.275319,7.03000020980835,995.238403,2020-04-23,0.9805160164833069,5,72836047.189709
32.235042,76.284679,23.920000076293945,1304.397461,2020-04-23,0.965038001537323,6,72836047.235171
32.234825134277344,76.294677,13.020000457763672,1280.309326,2020-04-23,0.9891489744186401,8,72836047.681427
32.23460006713867,76.303731,5.389999866485596,1562.297974,2020-04-23,0.9741650223731995,11,72836047.718615
32.234739,76.274891,5.949999809265137,996.445618,2020-04-23,0.9566130042076111,5,72836047.181443
32.23469161987305,76.284268,12.390000343322754,1262.196289,2020-04-23,0.9892129898071289,6,72836047.226906
32.234462,76.294251,20.549999,1265.561401,2020-04-23,0.9742540121078491,8,72836047.673163
32.234369,76.274455,11.039999961853027,1015.996216,2020-04-23,0.9818959832191467,5,72836047.173177
32.234335,76.283853,20.170000076293945,1214.651245,2020-04-23,0.9858890175819397,6,72836047.21864
32.234235,76.303303,16.510000228881836,1552.234863,2020-04-23,0.9742410182952881,11,72836047.710351
32.234102,76.293829,19.540001,1246.358032,2020-04-23,0.9857149720191956,8,72836047.664899
32.233872,76.302876,20.739999771118164,1541.48291,2020-04-23,0.9878090023994446,11,72836047.702087
32.23399353027344,76.274015,11.5600004196167,1058.214722,2020-04-23,0.9851239919662476,5,72836047.164911
32.23398208618164,76.283441,13.210000038146973,1174.206665,2020-04-23,0.9681259989738464,6,72836047.210374
32.233741,76.293405,28.450001,1222.290039,2020-04-23,0.9868530035018921,8,72836047.656635
32.23362731933594,76.283026,11.40999984741211,1137.634033,2020-04-23,0.9611719846725464,6,72836047.202108
32.233511,76.302452,9.470000267028809,1538.691162,2020-04-23,0.9900220036506653,11,72836047.693823
32.233622,76.273579,14.930000305175781,1082.548584,2020-04-23,0.9654920101165771,5,72836047.156645
32.233381,76.29298400878906,15.949999809265137,1210.33374,2020-04-23,0.9861270189285278,8,72836047.648371
32.233253479003906,76.273145,16.84000015258789,1097.575928,2020-04-23,0.9882240295410156,5,72836047.148379
32.233267,76.282603,4.599999904632568,1128.07959,2020-04-23,0.9844319820404053,6,72836047.193842
32.23314666748047,76.3020248413086,9.920000076293945,1535.816895,2020-04-23,0.9682530164718628,11,72836047.685559
32.2330207824707,76.29255676269531,10.970000267028809,1201.940918,2020-04-23,0.9729070067405701,8,72836047.640107
32.23278045654297,76.301592,11.449999809265137,1550.204468,2020-04-23,0.9752069711685181,11,72836047.677295
32.23288345336914,76.27271270751953,22.639999,1117.261353,2020-04-23,0.9528239965438843,5,72836047.140113
32.232907,76.282181,7.260000228881836,1107.975098,2020-04-23,0.9600669741630554,6,72836047.185576
32.232658,76.292136,18.489999771118164,1180.091553,2020-04-23,0.9867410063743591,8,72836047.631843
32.232543,76.281755,19.049999,1091.893921,2020-04-23,0.9841669797897339,6,72836047.17731
32.23241424560547,76.301161,14.859999656677246,1556.417725,2020-04-23,0.9811149835586548,11,72836047.669031
32.232518,76.272282,15.079999923706055,1125.385132,2020-04-23,0.9633939862251282,5,72836047.131847
32.232298,76.291713,28.979999542236328,1151.248169,2020-04-23,0.988743007183075,8,72836047.623579
32.23215103149414,76.271849,18.790001,1138.586914,2020-04-23,0.9814649820327759,5,72836047.123581
32.232182,76.281332,10.890000343322754,1086.133301,2020-04-23,0.9679610133171082,6,72836047.169044
32.231939,76.291294,10.520000457763672,1140.669189,2020-04-23,0.9857680201530457,8,72836047.615315
32.232051849365234,76.300732,17.670000076293945,1555.927368,2020-04-23,0.9753280282020569,11,72836047.660767
32.231822,76.280909,4.489999771118164,1076.73938,2020-04-23,0.9585729837417603,6,72836047.160778
32.231685638427734,76.300305,16.239999771118164,1552.907471,2020-04-23,0.987188994884491,11,72836047.652503
32.23177719116211,76.271411,24.479999542236328,1166.493896,2020-04-23,0.9554650187492371,5,72836047.115315
32.231571197509766,76.290858,24.739999771118164,1150.400513,2020-04-23,0.985614001750946,8,72836047.607051
32.231458,76.280482,3.809999942779541,1073.965942,2020-04-23,0.9648810029029846,6,72836047.152512
32.231322,76.299877,14.369999885559082,1555.124268,2020-04-23,0.9895020127296448,11,72836047.644239
32.231413,76.270984,31.700001,1156.727539,2020-04-23,0.9612219929695129,5,72836047.107049
32.231204986572266,76.290429,38.0,1142.375122,2020-04-23,0.9862790107727051,8,72836047.598787
32.230959,76.29945373535156,20.329999923706055,1545.008423,2020-04-23,0.9852489829063416,11,72836047.635975
32.231054,76.270563,23.770000457763672,1141.743896,2020-04-23,0.9848740100860596,5,72836047.098783
32.231097,76.280059,4.260000228881836,1058.276367,2020-04-23,0.96875,6,72836047.144246
32.230838,76.289996,22.389999,1173.126343,2020-04-23,0.9865509867668152,8,72836047.590523
32.230735778808594,76.279636,6.809999942779541,1042.160767,2020-04-23,0.9883689880371094,6,72836047.13598
32.230599,76.299029,36.15999984741211,1505.139282,2020-04-23,0.9695240259170532,11,72836047.627711
32.230472,76.289565,38.93000030517578,1166.146973,2020-04-23,0.9850059747695923,8,72836047.582259
32.230377197265625,76.279215,7.110000133514404,1022.013672,2020-04-23,0.96868497133255,6,72836047.127714
32.230241,76.298611,26.770000457763672,1481.776367,2020-04-23,0.9685879945755005,11,72836047.619447
32.2301139831543,76.289147,35.860001,1136.244507,2020-04-23,0.9877020120620728,8,72836047.573995
32.229881,76.298189,29.90999984741211,1459.437378,2020-04-23,0.9641649723052979,11,72836047.611183
32.230016,76.278792,12.119999885559082,999.611633,2020-04-23,0.9852709770202637,6,72836047.119448
32.229754,76.288726,29.389999,1120.315796,2020-04-23,0.9870579838752747,8,72836047.565731
32.229657,76.278371,6.429999828338623,987.273132,2020-04-23,0.9678729772567749,6,72836047.111182
32.229521,76.297769,28.530001,1432.603516,2020-04-23,0.9701719880104065,11,72836047.602919
32.229399,76.288312,15.609999656677246,1085.524292,2020-04-23,0.9839850068092346,8,72836047.557467
32.229162,76.297348,32.720001,1406.579834,2020-04-23,0.9865570068359375,11,72836047.594655
32.229296,76.277948,4.940000057220459,970.411072,2020-04-23,0.9656280279159546,6,72836047.102916
32.229037,76.287887,8.3100004196167,1080.9375,2020-04-23,0.9563720226287842,8,72836047.549203
32.228934,76.277523,5.119999885559082,962.937134,2020-04-23,0.959231972694397,6,72836047.09465
32.228803,76.296929,25.040001,1384.219238,2020-04-23,0.98682701587677,11,72836047.586391
32.228675,76.287463,16.389999,1060.211426,2020-04-23,0.9815279841423035,8,72836047.540939
32.228567,76.277091,19.610001,960.569397,2020-04-23,0.9852120280265808,6,72836047.086384
32.22844314575195,76.296509,22.950001,1363.924683,2020-04-23,0.9826499819755554,11,72836047.578127
32.228308,76.28703308105469,18.56999969482422,1075.414185,2020-04-23,0.9627060294151306,8,72836047.532675
32.228079,76.296081,28.110001,1356.642212,2020-04-23,0.9871910214424133,11,72836047.569863
32.228194,76.276653,13.850000381469727,1000.375732,2020-04-23,0.9666849970817566,6,72836047.078118
32.22793960571289,76.286598,29.5,1081.342041,2020-04-23,0.9844229817390442,8,72836047.524411
32.227829,76.276224,6.28000020980835,1008.917908,2020-04-23,0.9679369926452637,6,72836047.069852
32.227716,76.295654296875,24.030001,1358.199707,2020-04-23,0.9753010272979736,11,72836047.561599
32.227577209472656,76.286171,19.690001,1085.378174,2020-04-23,0.9659010171890259,8,72836047.516147
32.227464,76.275796,4.940000057220459,1014.669983,2020-04-23,0.9680100083351135,6,72836047.061586
32.227353,76.295228,15.079999923706055,1359.180786,2020-04-23,0.9889699816703796,11,72836047.553335
32.227210998535156,76.285739,27.780001,1091.534424,2020-04-23,0.9858580231666565,8,72836047.507883
32.22698974609375,76.294803,19.389999,1345.03833,2020-04-23,0.9745609760284424,11,72836047.545071
32.227098,76.275366,18.040001,1008.906067,2020-04-23,0.9865909814834595,6,72836047.05332
32.226838,76.285301,32.529999,1124.626587,2020-04-23,0.9844769835472107,8,72836047.499619
32.22673034667969,76.274933,13.699999809265137,1028.771118,2020-04-23,0.987417995929718,6,72836047.045054
32.226629,76.29438018798828,20.620001,1331.173096,2020-04-23,0.9856759905815125,11,72836047.536807
32.226476,76.284876,14.40999984741211,1130.895752,2020-04-23,0.9824320077896118,8,72836047.491355
32.226266,76.293954,14.039999961853027,1327.324463,2020-04-23,0.9892410039901733,11,72836047.528543
32.226363,76.274502,18.450001,1035.716064,2020-04-23,0.9849309921264648,6,72836047.036788
32.226107,76.28443908691406,25.639999,1148.068848,2020-04-23,0.9694679975509644,8,72836047.483091
32.22590255737305,76.293529,5.570000171661377,1330.450073,2020-04-23,0.977055013179779,11,72836047.520279
32.225999,76.274075,8.1899995803833,1042.938843,2020-04-23,0.9714000225067139,6,72836047.028522
32.225747,76.284019,26.129999,1123.810913,2020-04-23,0.9685459733009338,8,72836047.474827
32.225638,76.273652,3.0299999713897705,1036.591187,2020-04-23,0.9651489853858948,6,72836047.020256
32.22554016113281,76.293103,32.830002,1298.341797,2020-04-23,0.9907370209693909,11,72836047.512015
32.225386,76.283597,36.990002,1096.614746,2020-04-23,0.9830099940299988,8,72836047.466563
32.225179,76.292681,24.629999,1287.135986,2020-04-23,0.9877439737319946,11,72836047.503751
32.225274,76.273225,2.6500000953674316,1034.873413,2020-04-23,0.964497983455658,6,72836047.01199
32.225028,76.283179,14.149999618530273,1083.824707,2020-04-23,0.988752007484436,8,72836047.458299
32.224906,76.272793,23.799999,1027.883301,2020-04-23,0.9884349703788757,6,72836047.003724
32.224818,76.292257,38.81999969482422,1255.62085,2020-04-23,0.9842000007629395,11,72836047.495487
32.224664,76.282752,20.809999,1075.285645,2020-04-23,0.9883670210838318,8,72836047.450035
32.224553,76.27237701416016,12.010000228881836,994.5760498046875,2020-04-23,0.9877510070800781,6,72836046.995459
32.22446060180664,76.291841,31.93000030517578,1228.699585,2020-04-23,0.9859349727630615,11,72836047.487223
32.224302,76.282328,31.81999969482422,1050.738159,2020-04-23,0.9885640144348145,8,72836047.441771
32.22410202026367,76.291423,29.719999,1199.207642,2020-04-23,0.9695649743080139,11,72836047.478959
32.224193,76.271958,10.359999656677246,978.520874,2020-04-23,0.9878420233726501,6,72836046.987195
32.223943,76.281908,27.25,1028.801392,2020-04-23,0.9891189932823181,8,72836047.433507
32.223832,76.271536,7.889999866485596,965.696533,2020-04-23,0.9744709730148315,6,72836046.978931
32.2237434387207,76.291003,26.469999,1175.384033,2020-04-23,0.9866390228271484,11,72836047.470695
32.223584,76.281488,29.09000015258789,1001.375061,2020-04-23,0.9888110160827637,8,72836047.425243
32.223379,76.290577,22.09000015258789,1176.329224,2020-04-23,0.9861419796943665,11,72836047.462431
32.223474,76.271117,10.59000015258789,937.474304,2020-04-23,0.9896720051765442,6,72836046.970667
32.22322082519531,76.281062,38.220001,987.593018,2020-04-23,0.9867039918899536,8,72836047.416979
32.223014,76.290148,19.610001,1182.335571,2020-04-23,0.9869620203971863,11,72836047.454167
32.223112,76.270693,9.239999771118164,930.11969,2020-04-23,0.9756979942321777,6,72836046.962403
32.222851,76.280627,28.979999542236328,1021.798645,2020-04-23,0.9911760091781616,8,72836047.408715
32.222652435302734,76.289723,17.18000030517578,1175.321777,2020-04-23,0.9714639782905579,11,72836047.445903
32.22248458862305,76.280198,20.65999984741211,1034.013062,2020-04-23,0.9900699853897095,8,72836047.400451
32.222291,76.289302,22.200001,1149.495117,2020-04-23,0.9691439867019653,11,72836047.437639
32.222116,76.279762,31.370001,1050.98645,2020-04-23,0.9870539903640747,8,72836047.392187
32.221929,76.288878,32.90999984741211,1126.915894,2020-04-23,0.986956000328064,11,72836047.429375
32.221749,76.279332,30.879999,1060.672485,2020-04-23,0.9865729808807373,8,72836047.383923
32.2215690612793,76.288459,27.780001,1104.078247,2020-04-23,0.9893680214881897,11,72836047.421111
32.221385,76.278905,24.780001,1066.734497,2020-04-23,0.9845770001411438,8,72836047.375659
32.2212028503418,76.288027,32.830002,1111.554443,2020-04-23,0.9839349985122681,11,72836047.412847
32.221023,76.278481,31.520000457763672,1045.399902,2020-04-23,0.9897210001945496,8,72836047.367395
32.220839,76.28759765625,26.799999,1115.875488,2020-04-23,0.9822919964790344,11,72836047.404583
32.220661,76.278058,26.31999969482422,1035.473999,2020-04-23,0.9885380268096924,8,72836047.359131
32.220481872558594,76.287181,28.81999969482422,1085.766479,2020-04-23,0.9868540167808533,11,72836047.396319
32.220302,76.277639,24.93000030517578,1009.530823,2020-04-23,0.9842640161514282,8,72836047.350867
32.220119,76.286759,28.34000015258789,1068.783691,2020-04-23,0.9874150156974792,11,72836047.388055
32.219945,76.277222,32.419998,963.94458,2020-04-23,0.9841030240058899,8,72836047.342603
32.219754,76.286331,39.27000045776367,1060.477051,2020-04-23,0.9889839887619019,11,72836047.379791
32.219386,76.285897,37.619999,1081.022583,2020-04-23,0.9898070096969604,11,72836047.371527
32.219026,76.285478,29.350000381469727,1060.447632,2020-04-23,0.9917439818382263,11,72836047.363263
32.218848,76.275935,17.440001,995.446228,2020-04-23,0.9850379824638367,8,72836047.317811
32.218669,76.285062,25.079999923706055,1029.472900390625,2020-04-23,0.9884780049324036,11,72836047.354999
32.21848678588867,76.275512,5.119999885559082,992.149475,2020-04-23,0.9711329936981201,8,72836047.309547
32.21831130981445,76.284644,11.079999923706055,1011.555908,2020-04-23,0.9772170186042786,11,72836047.346735
32.21812438964844,76.275087,3.0299999713897705,985.147949,2020-04-23,0.9717550277709961,8,72836047.301283
32.217941,76.28421020507812,36.759998,1008.373169,2020-04-23,0.9665859937667847,11,72836047.338471
32.21775817871094,76.274661,3.549999952316284,979.159668,2020-04-23,0.9689120054244995,8,72836047.293019
32.21757507324219,76.28378295898438,26.770000457763672,1026.33313,2020-04-23,0.9867579936981201,11,72836047.330207
32.217395,76.274233,9.84000015258789,974.853699,2020-04-23,0.969415009021759,8,72836047.284755
32.217211,76.283353,22.5,1028.048584,2020-04-23,0.9666529893875122,11,72836047.321943
32.217031,76.273806,9.319999694824219,971.109314,2020-04-23,0.9727990031242371,8,72836047.276491
32.216841,76.282916,21.489999771118164,1060.940796,2020-04-23,0.9730409979820251,11,72836047.313679
32.216669,76.273383,2.880000114440918,967.219299,2020-04-23,0.9727159738540649,8,72836047.268227
32.216474,76.282485,29.5,1063.798584,2020-04-23,0.9701200127601624,11,72836047.305415
32.216304779052734,76.272956,3.3299999237060547,963.301025,2020-04-23,0.9633190035820007,8,72836047.259963
32.216112,76.282062,39.56999969482422,1038.388428,2020-04-23,0.9894049763679504,11,72836047.297151
32.215943,76.272532,28.040001,923.698914,2020-04-23,0.9846320152282715,8,72836047.251699
32.215753,76.281643,30.399999618530273,1020.112915,2020-04-23,0.9877039790153503,11,72836047.288887
32.215583,76.272112,33.77000045776367,892.833435,2020-04-23,0.9881359934806824,8,72836047.243435
32.215394,76.281224,32.080002,990.789368,2020-04-23,0.974918007850647,11,72836047.280623
32.215224,76.271692,20.399999618530273,881.823792,2020-04-23,0.9879050254821777,8,72836047.235171
32.215029,76.280796,18.719999,996.327271,2020-04-23,0.9902330040931702,11,72836047.272359
32.214864,76.271272,7.21999979019165,871.927246,2020-04-23,0.9790869951248169,8,72836047.226906
32.214659,76.280359,27.25,1020.70929,2020-04-23,0.9921020269393921,11,72836047.264095
32.214494,76.27083587646484,29.459999,876.310242,2020-04-23,0.9842939972877502,8,72836047.21864
32.214293,76.2799301147461,18.899999618530273,1041.689697,2020-04-23,0.9891679883003235,11,72836047.255831
32.214129,76.270408,13.170000076293945,893.148743,2020-04-23,0.9708150029182434,8,72836047.210374
32.213931,76.279506,15.649999618530273,1031.022583,2020-04-23,0.9895380139350891,11,72836047.247567
32.213565,76.279077,15.90999984741211,1036.687134,2020-04-23,0.9661870002746582,11,72836047.239303
32.213201,76.278649,9.279999732971191,1044.53418,2020-04-23,0.9692320227622986,11,72836047.231039
32.212839,76.278226,28.149999618530273,1009.864075,2020-04-23,0.9883930087089539,11,72836047.222773
32.212479,76.277806,20.850000381469727,993.825562,2020-04-23,0.9944030046463013,11,72836047.214507
32.212117,76.277383,17.440001,984.964417,2020-04-23,0.989300012588501,11,72836047.206241
32.211753845214844,76.276958,13.289999961853027,978.301697,2020-04-23,0.9757099747657776,11,72836047.197975
32.211391,76.276533,9.279999732971191,974.365845,2020-04-23,0.9655290246009827,11,72836047.189709
32.211027,76.276105,29.049999,954.320923,2020-04-23,0.9873989820480347,11,72836047.181443
32.21066665649414,76.275686,23.959999,934.50238,2020-04-23,0.9889640212059021,11,72836047.173177
32.210305,76.275262,24.18000030517578,920.756531,2020-04-23,0.9732289910316467,11,72836047.164911
32.209944,76.27484130859375,11.899999618530273,913.596863,2020-04-23,0.9753130078315735,11,72836047.156645
32.209582,76.274416,8.270000457763672,907.231201,2020-04-23,0.972557008266449,11,72836047.148379
32.209218,76.273989,7.260000228881836,903.356018,2020-04-23,0.977715015411377,11,72836047.140113
32.20885467529297,76.273564,6.210000038146973,898.25061,2020-04-23,0.9730049967765808,11,72836047.131847
32.20848846435547,76.273135,13.399999618530273,894.711304,2020-04-23,0.9930490255355835,11,72836047.123581
32.208127,76.272709,11.260000228881836,890.857971,2020-04-23,0.9729629755020142,11,72836047.115315
32.207763,76.272282,13.550000190734863,886.733643,2020-04-23,0.9685959815979004,11,72836047.107049
32.207401,76.27185821533203,2.7699999809265137,882.41803,2020-04-23,0.9782189726829529,11,72836047.098783
32.207038,76.271433,2.690000057220459,878.647705,2020-04-23,0.9792760014533997,11,72836047.090517
32.20667266845703,76.271006,5.690000057220459,875.8207397460938,2020-04-23,0.9727839827537537,11,72836047.082251
32.206308,76.270578,9.770000457763672,872.986633,2020-04-23,0.9854779839515686,11,72836047.073985
32.205945,76.270152,8.720000267028809,869.561523,2020-04-23,0.9598910212516785,11,72836047.065719
32.198326110839844,76.370513,7.690000057220459,1236.265259,2020-07-25,0.9701769948005676,0,80910858.448392
32.197965,76.37008666992188,5.519999980926514,1231.171143,2020-07-25,0.9598209857940674,0,80910858.440128
32.196875,76.368816,7.199999809265137,1220.019287,2020-07-25,0.9621379971504211,0,80910858.415336
32.196506,76.368388,14.220000267028809,1217.876099,2020-07-25,0.962041974067688,0,80910858.407072
32.194331,76.3658447265625,10.5600004196167,1194.733643,2020-07-25,0.9534509778022766,0,80910858.357488
32.193725,76.374578,6.190000057220459,1195.937866,2020-07-25,0.9821000099182129,1,80910858.386412
32.193242,76.364572,11.270000457763672,1181.277588,2020-07-25,0.9602829813957214,0,80910858.332695
32.19179153442383,76.362875,9.930000305175781,1167.628784,2020-07-25,0.9595239758491516,0,80910858.299631
32.190704345703125,76.361604,9.739999771118164,1150.372681,2020-07-25,0.9678930044174194,0,80910858.274833
32.189731,76.369911,5.340000152587891,1154.108276,2020-07-25,0.953840970993042,1,80910858.295498
32.189002990722656,76.36905670166016,6.079999923706055,1149.015137,2020-07-25,0.9542890191078186,1,80910858.278966
32.188636779785156,76.368634,9.890000343322754,1146.334351,2020-07-25,0.9647369980812073,1,80910858.2707
32.187547,76.36736297607422,10.600000381469727,1133.675659,2020-07-25,0.9652569890022278,1,80910858.245902
32.185935974121094,76.37398529052734,10.930000305175781,1147.39502,2020-07-25,0.9580240249633789,2,80910858.018609
32.185367,76.364813,9.369999885559082,1113.621826,2020-07-25,0.9667019844055176,1,80910858.196306
32.185211,76.373139,12.350000381469727,1135.764648,2020-07-25,0.9522349834442139,2,80910858.002081
32.184848,76.372714,15.34000015258789,1129.807129,2020-07-25,0.9520999789237976,2,80910857.993817
32.184271,76.363534,18.81999969482422,1104.04541,2020-07-25,0.9522690176963806,1,80910858.171508
32.183554,76.362692,5.070000171661377,1095.199707,2020-07-25,0.9604660272598267,1,80910858.154976
32.18194580078125,76.369327,18.889999,1088.823853,2020-07-25,0.9857569932937622,2,80910857.927705
32.181219,76.368479,12.989999771118164,1089.317017,2020-07-25,0.9810439944267273,2,80910857.911177
32.180484771728516,76.349682,16.90999984741211,1117.002197,2020-07-25,0.9566599726676941,0,80910858.043401
32.179915,76.358442,7.539999961853027,1066.394409,2020-07-25,0.9567710161209106,1,80910858.072325
32.17902755737305,76.347983,16.170000076293945,1107.764404,2020-07-25,0.9535920023918152,0,80910858.010345
32.178667,76.365506,9.930000305175781,1079.576294,2020-07-25,0.9797220230102539,2,80910857.853329
32.178289,76.36506652832031,18.290001,1089.997314,2020-07-25,0.9624059796333313,2,80910857.845065
32.178308,76.347139,12.210000038146973,1093.717285,2020-07-25,0.9587990045547485,0,80910857.993817
32.177946,76.346716,11.800000190734863,1088.138062,2020-07-25,0.9571290016174316,0,80910857.985553
32.177699,76.373821,10.779999732971191,1078.637939,2020-07-25,0.9546970129013062,3,80910857.873989
32.177337646484375,76.37339782714844,8.390000343322754,1073.538208,2020-07-25,0.9547560214996338,3,80910857.865725
32.17719650268555,76.363798,11.1899995803833,1088.44104,2020-07-25,0.9754530191421509,2,80910857.820273
32.176833,76.363373,17.729999542236328,1079.937866,2020-07-25,0.9658589959144592,2,80910857.812009
32.176609,76.37255096435547,17.84000015258789,1061.250977,2020-07-25,0.9684889912605286,3,80910857.849197
32.17613220214844,76.344599,7.539999961853027,1068.84729,2020-07-25,0.9577109813690186,0,80910857.944233
32.175724029541016,76.362087,16.5,1098.87793,2020-07-25,0.9826449751853943,2,80910857.787217
32.17552185058594,76.37127685546875,12.579999923706055,1054.080078,2020-07-25,0.9549580216407776,3,80910857.824405
32.17499923706055,76.361241,17.729999542236328,1086.704956,2020-07-25,0.9517629742622375,2,80910857.770689
32.174814,76.352494,12.170000076293945,1031.803467,2020-07-25,0.9679219722747803,1,80910857.956629
32.174059,76.369579,4.440000057220459,1058.197144,2020-07-25,0.9547920227050781,3,80910857.791349
32.174058,76.351624,19.420000076293945,1063.49231,2020-07-25,0.9533119797706604,1,80910857.940101
32.173895,76.359958,25.610001,1089.89917,2020-07-25,0.9570469856262207,2,80910857.745897
32.173693,76.369152,5.449999809265137,1058.882935,2020-07-25,0.9566220045089722,3,80910857.783085
32.173545837402344,76.359545,17.989999771118164,1072.553345,2020-07-25,0.9674239754676819,2,80910857.737633
32.264237,76.303533,13.770000457763672,1503.350342,2020-10-12,0.9696059823036194,0,87710853.003813
32.264006,76.321148,19.420000076293945,2019.922729,2020-10-12,0.9656149744987488,2,87710852.855061
32.263804,76.340772,2.619999885559082,2918.983398,2020-10-12,0.9697399735450745,5,87710853.355077
32.26354217529297,76.359925,41.150002,2449.963135,2020-10-12,0.9875180125236511,8,87710853.838532
32.263434,76.369107,7.179999828338623,2170.484619,2020-10-12,0.9546489715576172,11,87710853.87572
32.263871,76.303103,6.659999847412109,1518.701172,2020-10-12,0.9600780010223389,0,87710852.995549
32.263926,76.312609,34.06999969482422,1718.583008,2020-10-12,0.9669659733772278,1,87710853.041001
32.263652,76.320731,32.299999,1967.313721,2020-10-12,0.9674019813537598,2,87710852.846797
32.26371765136719,76.330238,14.220000267028809,2183.737305,2020-10-12,0.9685590267181396,3,87710852.892249
32.263441,76.340347,11.079999923706055,2901.286377,2020-10-12,0.9686089754104614,5,87710853.346811
32.263529,76.349819,23.84000015258789,2652.079102,2020-10-12,0.9891350269317627,6,87710853.392274
32.263552,76.312172,39.939999,1750.742554,2020-10-12,0.966500997543335,1,87710853.032737
32.263354,76.329809,28.520000457763672,2169.793945,2020-10-12,0.9675650000572205,3,87710852.883985
32.263167,76.34939575195312,28.75,2632.346436,2020-10-12,0.9878429770469666,6,87710853.384008
32.263179,76.359501,40.630001,2438.357178,2020-10-12,0.9923089742660522,8,87710853.830268
32.263069,76.368678,11.380000114440918,2166.355469,2020-10-12,0.9730499982833862,11,87710853.867456
32.263505,76.302672,19.879999,1513.71521,2020-10-12,0.9607020020484924,0,87710852.987285
32.263288,76.320303,17.25,1982.65332,2020-10-12,0.9656080007553101,2,87710852.838533
32.26308059692383,76.339924,29.09000015258789,2867.325928,2020-10-12,0.9626619815826416,5,87710853.338545
32.262812,76.359067,31.260000228881836,2467.123047,2020-10-12,0.9834219813346863,8,87710853.822004
32.262704,76.368249,10.59000015258789,2168.134766,2020-10-12,0.988044023513794,11,87710853.859192
32.263186,76.311742,11.489999771118164,1787.235962,2020-10-12,0.9537169933319092,1,87710853.024473
32.262987,76.329377,30.610001,2176.031982,2020-10-12,0.98300701379776,3,87710852.875721
32.262812,76.348984,7.519999980926514,2605.417969,2020-10-12,0.963096022605896,6,87710853.375742
32.26313018798828,76.302235,23.059999,1550.209717,2020-10-12,0.954230010509491,0,87710852.979021
32.26293182373047,76.31987762451172,20.549999,1958.215942,2020-10-12,0.9513829946517944,2,87710852.830269
32.262728,76.339514,29.719999,2808.02002,2020-10-12,0.9870790243148804,5,87710853.330279
32.262449,76.34855651855469,7.21999979019165,2596.430664,2020-10-12,0.9686790108680725,6,87710853.367476
32.262445,76.35863494873047,36.990002,2473.935791,2020-10-12,0.9884759783744812,8,87710853.81374
32.262338,76.367818,18.489999771118164,2170.032227,2020-10-12,0.9889310002326965,11,87710853.850928
32.262757,76.301799,5.800000190734863,1600.652344,2020-10-12,0.9622009992599487,0,87710852.970757
32.262827,76.31131744384766,39.790001,1738.983643,2020-10-12,0.9676229953765869,1,87710853.016209
32.262577056884766,76.319463,16.729999542236328,1921.973145,2020-10-12,0.960548996925354,2,87710852.822005
32.262617,76.32894134521484,27.280001,2203.934814,2020-10-12,0.9660990238189697,3,87710852.867457
32.262371,76.33909606933594,36.43000030517578,2764.760498,2020-10-12,0.9875820279121399,5,87710853.322013
32.262467,76.310896,29.540001,1732.845947,2020-10-12,0.9621099829673767,1,87710853.007945
32.262246,76.328504,17.739999771118164,2236.091797,2020-10-12,0.9772719740867615,3,87710852.859193
32.262079,76.348125,37.360001,2588.719727,2020-10-12,0.9824529886245728,6,87710853.35921
32.262078,76.358204,33.700001,2489.314209,2020-10-12,0.9711769819259644,8,87710853.805476
32.261971,76.367385,18.610001,2183.415527,2020-10-12,0.9868000149726868,11,87710853.842664
32.262388,76.301366,15.079999923706055,1611.869751,2020-10-12,0.9530060291290283,0,87710852.962493
32.262205,76.319027,16.389999,1949.539062,2020-10-12,0.9648370146751404,2,87710852.813741
32.262004,76.338666,29.719999,2782.852783,2020-10-12,0.9842349886894226,5,87710853.313747
32.261704,76.357759,38.380001,2545.594971,2020-10-12,0.9849629998207092,8,87710853.797212
32.261606,76.366956,14.9399995803833,2191.001953,2020-10-12,0.986847996711731,11,87710853.8344
32.262098,76.310463,35.22999954223633,1745.254028,2020-10-12,0.9622920155525208,1,87710852.999681
32.26189041137695,76.328084,23.84000015258789,2202.682617,2020-10-12,0.9696710109710693,3,87710852.850929
32.261716,76.34770202636719,32.040001,2588.235107,2020-10-12,0.9648540019989014,6,87710853.350944
32.262014,76.300928,34.139999,1630.001953,2020-10-12,0.9674310088157654,0,87710852.954229
32.26173400878906,76.3100357055664,33.880001,1745.086182,2020-10-12,0.9722719788551331,1,87710852.991417
32.261844635009766,76.318603,24.25,1926.730591,2020-10-12,0.956745982170105,2,87710852.805477
32.261643,76.338242,28.0,2770.938477,2020-10-12,0.9923400282859802,5,87710853.305481
32.261354,76.347276,26.799999,2580.644043,2020-10-12,0.9856529831886292,6,87710853.342678
32.261335,76.357324,26.059999,2586.20874,2020-10-12,0.9883779883384705,8,87710853.788948
32.261236,76.366518,31.600000381469727,2207.845703,2020-10-12,0.9720770120620728,11,87710853.826136
32.26163864135742,76.300491,26.879999,1675.454102,2020-10-12,0.9658370018005371,0,87710852.945965
32.26148986816406,76.318185,9.170000076293945,1906.256836,2020-10-12,0.9632920026779175,2,87710852.797213
32.261534,76.327665,20.920000076293945,2173.355225,2020-10-12,0.9779980182647705,3,87710852.842665
32.261283,76.337821,14.489999771118164,2760.423584,2020-10-12,0.9602720141410828,5,87710853.297215
32.261171,76.327238,18.790001,2169.888672,2020-10-12,0.9715009927749634,3,87710852.834401
32.260989,76.34684753417969,48.59000015258789,2556.653076,2020-10-12,0.9834510087966919,6,87710853.334412
32.26096725463867,76.356889,35.610001,2599.132568,2020-10-12,0.9856730103492737,8,87710853.780684
32.26087188720703,76.366087,26.729999542236328,2221.5271,2020-10-12,0.9890409708023071,11,87710853.817872
32.261269,76.300056,20.700001,1707.574097,2020-10-12,0.9680740237236023,0,87710852.937701
32.2611198425293,76.3177490234375,30.690001,1905.444702,2020-10-12,0.9591140151023865,2,87710852.788949
32.260923,76.33740234375,4.940000057220459,2749.919189,2020-10-12,0.9880290031433105,5,87710853.288949
32.260592,76.356443,55.529999,2646.911621,2020-10-12,0.9847880005836487,8,87710853.77242
32.260499,76.365647,31.0,2257.62915,2020-10-12,0.9706199765205383,11,87710853.809608
32.261009216308594,76.309183,22.120001,1740.558228,2020-10-12,0.96253901720047,1,87710852.974889
32.260749,76.31731414794922,33.5,1927.824463,2020-10-12,0.9703230261802673,2,87710852.780685
32.26081085205078,76.326813,17.18000030517578,2160.688965,2020-10-12,0.9771090149879456,3,87710852.826137
32.260562896728516,76.336978,5.570000171661377,2729.634521,2020-10-12,0.9866999983787537,5,87710853.280683
32.260627,76.346426,20.959999,2572.347656,2020-10-12,0.9657959938049316,6,87710853.326146
32.260907,76.299629,21.670000076293945,1697.033936,2020-10-12,0.9682340025901794,0,87710852.929437
32.260651,76.30876159667969,20.889999,1720.825195,2020-10-12,0.9617030024528503,1,87710852.966625
32.26044845581055,76.3263931274414,16.170000076293945,2144.755615,2020-10-12,0.972661018371582,3,87710852.817873
32.260264,76.34600067138672,25.639999,2562.459961,2020-10-12,0.9878090023994446,6,87710853.31788
32.260222,76.356005,39.880001,2700.621826,2020-10-12,0.9881880283355713,8,87710853.764156
32.260132,76.365214,10.699999809265137,2293.866455,2020-10-12,0.974793016910553,11,87710853.801344
32.260547,76.299204,23.129999,1681.579468,2020-10-12,0.9723089933395386,0,87710852.921173
32.260388,76.316889,8.640000343322754,1942.864014,2020-10-12,0.9551389813423157,2,87710852.772421
32.260205,76.336558,22.90999984741211,2686.038818,2020-10-12,0.9856910109519958,5,87710853.272417
32.260287,76.308332,20.399999618530273,1719.910767,2020-10-12,0.9649739861488342,1,87710852.958361
32.260091,76.325967,10.180000305175781,2132.714355,2020-10-12,0.9783840179443359,3,87710852.809609
32.259908,76.345585,25.190001,2519.487549,2020-10-12,0.9866960048675537,6,87710853.309614
32.259854,76.355572,18.760000228881836,2743.541748,2020-10-12,0.9831730127334595,8,87710853.755892
32.259769439697266,76.364789,23.31999969482422,2269.264404,2020-10-12,0.9930419921875,11,87710853.79308
32.260188,76.29878234863281,23.43000030517578,1659.846558,2020-10-12,0.9533759951591492,0,87710852.912909
32.260029,76.316467,32.900002,1898.826782,2020-10-12,0.970911979675293,2,87710852.764157
32.259849548339844,76.336143,30.729999542236328,2633.674805,2020-10-12,0.9867380261421204,5,87710853.264151
32.25955581665039,76.345175,19.200001,2468.596436,2020-10-12,0.9891290068626404,6,87710853.301348
32.259490966796875,76.355145,5.690000057220459,2755.042725,2020-10-12,0.9594069719314575,8,87710853.747628
32.259413,76.364376,33.72999954223633,2209.44458,2020-10-12,0.9867200255393982,11,87710853.784816
32.259826,76.298353,23.399999618530273,1652.976807,2020-10-12,0.9694560170173645,0,87710852.904645
32.259677,76.316053,18.229999542236328,1866.703003,2020-10-12,0.957306981086731,2,87710852.755893
32.259732,76.325545,23.020000457763672,2100.531738,2020-10-12,0.9760119915008545,3,87710852.801345
32.25949478149414,76.335728,23.100000381469727,2597.30542,2020-10-12,0.9865700006484985,5,87710853.255885
32.259578,76.307494,20.18000030517578,1643.610229,2020-10-12,0.9585899710655212,1,87710852.941833
32.259376,76.325126,15.75,2077.140137,2020-10-12,0.9691529870033264,3,87710852.793081
32.25920486450195,76.344767,16.059999,2407.626709,2020-10-12,0.9830930233001709,6,87710853.293082
32.259129,76.354722,11.270000457763672,2731.432373,2020-10-12,0.9874820113182068,8,87710853.739364
32.259057,76.363963,34.40999984741211,2156.342773,2020-10-12,0.9861400127410889,11,87710853.776552
32.259325,76.315638,11.520000457763672,1829.183228,2020-10-12,0.9704449772834778,2,87710852.747629
32.259133,76.335302,13.510000228881836,2599.496582,2020-10-12,0.987214982509613,5,87710853.247619
32.25869369506836,76.363536,44.47999954223633,2141.291748,2020-10-12,0.969855010509491,11,87710853.768288
32.259222,76.307073,27.030001,1606.216064,2020-10-12,0.9715589880943298,1,87710852.933569
32.258968,76.315217,19.15999984741211,1798.141846,2020-10-12,0.9663019776344299,2,87710852.739365
32.259017,76.324704,8.829999923706055,2063.973633,2020-10-12,0.969336986541748,3,87710852.784817
32.258783,76.334894,20.739999771118164,2525.375488,2020-10-12,0.9844359755516052,5,87710853.239353
32.258839,76.344337,11.979999542236328,2421.580322,2020-10-12,0.9810810089111328,6,87710853.284816
32.258766174316406,76.354297,43.02000045776367,2687.891846,2020-10-12,0.9654179811477661,8,87710853.7311
32.259092,76.29749298095703,23.729999542236328,1674.759033,2020-10-12,0.959272027015686,0,87710852.888117
32.258857,76.306644,24.81999969482422,1611.86145,2020-10-12,0.9549509882926941,1,87710852.925305
32.258657,76.32427978515625,13.130000114440918,2045.115845,2020-10-12,0.9677540063858032,3,87710852.776553
32.258468,76.34390258789062,25.75,2437.346436,2020-10-12,0.9865400195121765,6,87710853.27655
32.258405,76.353875,27.59000015258789,2682.872803,2020-10-12,0.9872940182685852,8,87710853.722836
32.258323669433594,76.363099,55.830002,2164.064209,2020-10-12,0.9881790280342102,11,87710853.760024
32.258718,76.297053,18.639999,1715.458496,2020-10-12,0.9712769985198975,0,87710852.879853
32.25860595703125,76.314792,7.630000114440918,1798.490845,2020-10-12,0.9579030275344849,2,87710852.731101
32.258433,76.334486,23.620001,2455.241943,2020-10-12,0.9852110147476196,5,87710853.231087
32.258481,76.306203,25.0,1657.472534,2020-10-12,0.9669870138168335,1,87710852.917041
32.258301,76.323862,25.940001,2001.075317,2020-10-12,0.9648110270500183,3,87710852.768289
32.25809860229492,76.343467,31.889999,2449.310547,2020-10-12,0.9831879734992981,6,87710853.268284
32.2580451965332,76.353453,49.389999,2641.140137,2020-10-12,0.9899600148200989,8,87710853.714572
32.257959,76.362669,27.40999984741211,2198.825439,2020-10-12,0.9872859716415405,11,87710853.75176
32.258081,76.334073,19.280001,2407.908447,2020-10-12,0.9857040047645569,5,87710853.222821
32.257686614990234,76.353037,44.630001,2605.044434,2020-10-12,0.9898840188980103,8,87710853.706308
32.257591247558594,76.362233,35.939999,2218.088623,2020-10-12,0.9886950254440308,11,87710853.743496
32.258111,76.305769,29.120001,1675.25,2020-10-12,0.955132007598877,1,87710852.908777
32.25787353515625,76.313932,25.600000381469727,1793.644043,2020-10-12,0.9725499749183655,2,87710852.714573
32.2579460144043,76.323444,19.200001,1975.442993,2020-10-12,0.96185702085495,3,87710852.760025
32.25772476196289,76.333657,20.629999,2366.059814,2020-10-12,0.9699919819831848,5,87710853.214555
32.257735,76.343038,5.610000133514404,2479.95752,2020-10-12,0.9809209704399109,6,87710853.260018
32.257991790771484,76.29619598388672,15.609999656677246,1717.314453,2020-10-12,0.9565989971160889,0,87710852.863325
32.257743,76.30533599853516,21.899999618530273,1699.074707,2020-10-12,0.9676259756088257,1,87710852.900513
32.257585,76.3230209350586,11.640000343322754,1970.826904,2020-10-12,0.9818699955940247,3,87710852.751761
32.25737762451172,76.342622,15.720000267028809,2431.749756,2020-10-12,0.9849939942359924,6,87710853.251752
32.257328033447266,76.352618,30.399999618530273,2588.312988,2020-10-12,0.9886630177497864,8,87710853.698044
32.25721740722656,76.361788,50.139999,2266.935547,2020-10-12,0.9824270009994507,11,87710853.735232
32.257634,76.295774,32.380001,1668.63623,2020-10-12,0.9681710004806519,0,87710852.855061
32.257521,76.313516,15.079999923706055,1763.775391,2020-10-12,0.9529010057449341,2,87710852.706309
32.257365,76.333235,26.84000015258789,2341.340576,2020-10-12,0.9817180037498474,5,87710853.206289
32.257227,76.32260131835938,28.329999923706055,1928.895386,2020-10-12,0.9789019823074341,3,87710852.743497
32.257013,76.332823,19.950001,2292.378174,2020-10-12,0.9892280101776123,5,87710853.198023
32.257022,76.342205,9.09000015258789,2403.455322,2020-10-12,0.9850710034370422,6,87710853.243486
32.256967,76.3521957397461,35.310001,2563.845947,2020-10-12,0.9852219820022583,8,87710853.68978
32.256839752197266,76.361337,56.580002,2337.489014,2020-10-12,0.9898480176925659,11,87710853.726968
32.257281,76.295356,25.190001,1632.959229,2020-10-12,0.963782012462616,0,87710852.846797
32.257165,76.313097,30.129999,1720.564697,2020-10-12,0.9746999740600586,2,87710852.698045
32.256872,76.322182,21.93000030517578,1902.349365,2020-10-12,0.9717220067977905,3,87710852.735233
32.256667,76.341792,17.440001,2348.302246,2020-10-12,0.9681680202484131,6,87710853.23522
32.256602,76.351769,17.0,2583.156738,2020-10-12,0.9846619963645935,8,87710853.681516
32.2564697265625,76.36090087890625,35.97999954223633,2394.526367,2020-10-12,0.9782969951629639,11,87710853.718704
32.256923,76.294933,14.40999984741211,1620.284546,2020-10-12,0.9655519723892212,0,87710852.838533
32.256995,76.304458,22.010000228881836,1776.425903,2020-10-12,0.9656550288200378,1,87710852.883985
32.256803,76.312672,19.459999,1722.212646,2020-10-12,0.9634810090065002,2,87710852.689781
32.256652,76.332401,42.450001,2253.88501,2020-10-12,0.9816309809684753,5,87710853.189757
32.256500244140625,76.321745,20.399999618530273,1933.676636,2020-10-12,0.9711719751358032,3,87710852.726969
32.25631332397461,76.341379,10.100000381469727,2308.525635,2020-10-12,0.9877020120620728,6,87710853.226954
32.256241,76.351347,39.84000015258789,2539.816162,2020-10-12,0.9888690114021301,8,87710853.673252
32.256102,76.36046600341797,38.189999,2415.669922,2020-10-12,0.9864550232887268,11,87710853.71044
32.256562,76.294507,23.31999969482422,1597.866943,2020-10-12,0.9649509787559509,0,87710852.830269
32.256432,76.312236,24.700001,1741.948486,2020-10-12,0.9748449921607971,2,87710852.681517
32.256284,76.331968,14.479999542236328,2299.987061,2020-10-12,0.9698079824447632,5,87710853.181491
32.255881,76.350928,31.450001,2521.362061,2020-10-12,0.9909570217132568,8,87710853.664988
32.256257,76.303591,20.18000030517578,1816.881348,2020-10-12,0.96561598777771,1,87710852.867457
32.256132,76.321313,29.899999618530273,1936.285767,2020-10-12,0.9603300094604492,3,87710852.718705
32.255926,76.331549,17.370001,2267.955811,2020-10-12,0.9851210117340088,5,87710853.173225
32.255961,76.340968,15.380000114440918,2245.650391,2020-10-12,0.9593539834022522,6,87710853.218688
32.255735,76.360034,31.0,2438.691162,2020-10-12,0.9927650094032288,11,87710853.702176
32.256057,76.311797,29.270000457763672,1773.793457,2020-10-12,0.9778010249137878,2,87710852.673253
32.255760192871094,76.320876,17.549999,1977.091553,2020-10-12,0.9845880270004272,3,87710852.710441
32.255595,76.340537,23.209999,2249.23584,2020-10-12,0.9864320158958435,6,87710853.210422
32.255519,76.350504,33.849998,2505.802734,2020-10-12,0.9874079823493958,8,87710853.656724
32.255361,76.359589,38.34000015258789,2494.34082,2020-10-12,0.9885119795799255,11,87710853.693912
32.25569534301758,76.31137084960938,16.620001,1782.953003,2020-10-12,0.9606580138206482,2,87710852.664989
32.255572,76.331136,21.489999771118164,2215.140381,2020-10-12,0.9901090264320374,5,87710853.16496
32.255514,76.302719,29.56999969482422,1864.351074,2020-10-12,0.9636110067367554,1,87710852.850929
32.255385,76.320434,29.870001,2006.802734,2020-10-12,0.9767360091209412,3,87710852.702177
32.25522232055664,76.330728,29.420000076293945,2143.211426,2020-10-12,0.9826610088348389,5,87710853.156696
32.255226135253906,76.340104,26.540001,2267.387451,2020-10-12,0.9638609886169434,6,87710853.202156
32.25516128540039,76.350086,25.950001,2481.702393,2020-10-12,0.9892110228538513,8,87710853.64846
32.25498962402344,76.359148,33.549999,2544.553223,2020-10-12,0.9880149960517883,11,87710853.685648
32.255477,76.293228,16.729999542236328,1578.03479,2020-10-12,0.9706699848175049,0,87710852.805477
32.254802,76.349671,27.629999,2436.410645,2020-10-12,0.9865970015525818,8,87710853.640196
32.254976,76.3105239868164,16.5,1747.999146,2020-10-12,0.9781450033187866,2,87710852.648461
32.254867,76.330312,29.5,2104.228027,2020-10-12,0.9944480061531067,5,87710853.148432
32.254854,76.339666,20.920000076293945,2308.898682,2020-10-12,0.987280011177063,6,87710853.19389
32.25461959838867,76.358711,22.129999,2590.565186,2020-10-12,0.9836490154266357,11,87710853.677384
32.25510787963867,76.292795,31.299999,1579.94397,2020-10-12,0.9671549797058105,0,87710852.797213
32.25466537475586,76.319589,30.350000381469727,1972.06665,2020-10-12,0.9784049987792969,3,87710852.685649
32.254484,76.3392333984375,16.09000015258789,2343.652344,2020-10-12,0.985601007938385,6,87710853.185624
32.25444412231445,76.349256,35.799999,2385.996582,2020-10-12,0.9890030026435852,8,87710853.631932
32.254252,76.358278,9.319999694824219,2626.961914,2020-10-12,0.9857079982757568,11,87710853.66912
32.254746,76.292369,19.540001,1583.274658,2020-10-12,0.9792429804801941,0,87710852.788949
32.254609,76.310092,20.209999,1756.53064,2020-10-12,0.9688429832458496,2,87710852.640197
32.254514,76.329899,12.800000190734863,2070.180176,2020-10-12,0.9818390011787415,5,87710853.140168
32.254416,76.301427,20.209999,1894.46167,2020-10-12,0.9599959850311279,1,87710852.826137
32.254297,76.319157,23.350000381469727,1993.101196,2020-10-12,0.9930530190467834,3,87710852.677385
32.254157,76.329482,5.869999885559082,2044.121948,2020-10-12,0.9608219861984253,5,87710853.131904
32.25411605834961,76.338797,15.199999809265137,2362.451416,2020-10-12,0.9644330143928528,6,87710853.177358
32.254083,76.348834,21.829999923706055,2383.297363,2020-10-12,0.9881939888000488,8,87710853.623668
32.253889,76.357854,13.8100004196167,2612.947266,2020-10-12,0.9661170244216919,11,87710853.660856
32.254382,76.291941,19.43000030517578,1582.519775,2020-10-12,0.9655900001525879,0,87710852.780685
32.25424575805664,76.309666,26.309999,1744.914795,2020-10-12,0.9773560166358948,2,87710852.631933
32.253724,76.348418,36.509998,2329.180908,2020-10-12,0.9850550293922424,8,87710853.615404
32.254064,76.301011,20.209999,1846.317261,2020-10-12,0.9665449857711792,1,87710852.817873
32.253884,76.30924224853516,17.93000030517578,1744.535767,2020-10-12,0.9682980179786682,2,87710852.623669
32.253927,76.318721,19.200001,2021.421387,2020-10-12,0.9681419730186462,3,87710852.669121
32.253797,76.329061,18.270000457763672,2011.850952,2020-10-12,0.9869059920310974,5,87710853.12364
32.253751,76.33837127685547,18.75,2358.423828,2020-10-12,0.9896379709243774,6,87710853.169092
32.253529,76.357434,21.530001,2579.789062,2020-10-12,0.9868860244750977,11,87710853.652592
32.254016,76.291511,15.649999618530273,1593.672974,2020-10-12,0.9646999835968018,0,87710852.772421
32.25370788574219,76.300591,7.179999828338623,1825.528931,2020-10-12,0.9660329818725586,1,87710852.809609
32.25355529785156,76.318283,24.209999,2045.580688,2020-10-12,0.9774320125579834,3,87710852.660857
32.253440856933594,76.328643,22.68000030517578,1975.303467,2020-10-12,0.9817879796028137,5,87710853.115376
32.253392,76.337949,10.699999809265137,2345.994141,2020-10-12,0.9867119789123535,6,87710853.160828
32.253368,76.348007,27.219999,2282.106201,2020-10-12,0.9871429800987244,8,87710853.60714
32.253167,76.357012,13.25,2572.177979,2020-10-12,0.9840480089187622,11,87710853.644328
32.253522,76.308813,19.799999,1737.470825,2020-10-12,0.965694010257721,2,87710852.615405
32.25300598144531,76.347586,18.379999,2272.578125,2020-10-12,0.9699770212173462,8,87710853.598876
32.253083,76.328225,11.899999618530273,1953.413574,2020-10-12,0.9820950031280518,5,87710853.107112
32.25303649902344,76.337533,9.84000015258789,2309.973389,2020-10-12,0.9877390265464783,6,87710853.152564
32.252803,76.356586,15.800000190734863,2566.258301,2020-10-12,0.985264003276825,11,87710853.636064
32.25267791748047,76.337115,6.769999980926514,2284.457031,2020-10-12,0.9620410203933716,6,87710853.1443
32.252646,76.347169,31.860001,2225.258057,2020-10-12,0.9866219758987427,8,87710853.590612
32.252925872802734,76.29022979736328,15.199999809265137,1580.959595,2020-10-12,0.9649029970169067,0,87710852.747629
32.252782,76.307942,15.9399995803833,1785.807251,2020-10-12,0.9844509959220886,2,87710852.598877
32.252723,76.327804,7.21999979019165,1936.416748,2020-10-12,0.9857820272445679,5,87710853.098848
32.252433,76.356151,21.190001,2590.011719,2020-10-12,0.9815009832382202,11,87710853.6278
32.2524528503418,76.316987,21.110001,2084.85791,2020-10-12,0.987417995929718,3,87710852.636065
32.25236129760742,76.327379,11.40999984741211,1927.042603,2020-10-12,0.9859139919281006,5,87710853.090584
32.252322,76.33670043945312,28.520000457763672,2222.476807,2020-10-12,0.9882479906082153,6,87710853.136036
32.252288818359375,76.34675598144531,34.06999969482422,2171.953369,2020-10-12,0.9848420023918152,8,87710853.582348
32.2520637512207,76.355717,15.270000457763672,2621.492188,2020-10-12,0.9795929789543152,11,87710853.619536
32.252414,76.30751037597656,11.9399995803833,1803.975708,2020-10-12,0.9608200192451477,2,87710852.590613
32.251933,76.346345,21.299999,2130.995605,2020-10-12,0.9839509725570679,8,87710853.574084
32.252085,76.316555,19.15999984741211,2099.297607,2020-10-12,0.9720439910888672,3,87710852.627801
32.251993,76.326948,16.620001,1933.952148,2020-10-12,0.9838420152664185,5,87710853.08232
32.25197219848633,76.336294,14.109999656677246,2169.253418,2020-10-12,0.9652990102767944,6,87710853.127772
32.251695,76.355284,22.799999,2639.137695,2020-10-12,0.989139974117279,11,87710853.611272
32.25220489501953,76.289381,23.920000076293945,1543.960083,2020-10-12,0.9643509984016418,0,87710852.731101
32.252044,76.307074,12.829999923706055,1824.773193,2020-10-12,0.9580289721488953,2,87710852.582349
32.251615,76.335876,3.7799999713897705,2149.144287,2020-10-12,0.9632279872894287,6,87710853.119508
32.251569,76.345921,5.869999885559082,2138.208496,2020-10-12,0.9691740274429321,8,87710853.56582
32.2513313293457,76.354857,17.969999,2644.889648,2020-10-12,0.9840869903564453,11,87710853.603008
32.251891,76.298453,15.979999542236328,1801.634399,2020-10-12,0.9767320156097412,1,87710852.768289
32.251672,76.306636,18.079999923706055,1850.93042,2020-10-12,0.9697880148887634,2,87710852.574085
32.251718,76.316122,16.09000015258789,2115.75293,2020-10-12,0.9793509840965271,3,87710852.619537
32.251619,76.326507,20.549999,1979.212036,2020-10-12,0.9861869812011719,5,87710853.074056
32.25153350830078,76.298032,11.489999771118164,1778.917847,2020-10-12,0.9565489888191223,1,87710852.760025
32.251355,76.315695,28.860001,2100.095215,2020-10-12,0.9775440096855164,3,87710852.611273
32.251254,76.32608032226562,7.369999885559082,1994.411987,2020-10-12,0.9799020290374756,5,87710853.065792
32.25125503540039,76.335456,9.239999771118164,2121.650391,2020-10-12,0.9849119782447815,6,87710853.111244
32.251203,76.345495,21.600000381469727,2121.508545,2020-10-12,0.9892039895057678,8,87710853.557556
32.250969,76.354437,14.710000038146973,2626.169189,2020-10-12,0.9874470233917236,11,87710853.594744
32.251486,76.288534,28.790001,1502.972168,2020-10-12,0.9593499898910522,0,87710852.714573
32.251303,76.306201,14.289999961853027,1873.176514,2020-10-12,0.9599739909172058,2,87710852.565821
32.250894,76.335034,25.0,2090.408447,2020-10-12,0.987608015537262,6,87710853.10298
32.250839,76.345071,22.459999,2115.20166,2020-10-12,0.9955329895019531,8,87710853.549292
32.251129,76.288113,12.130000114440918,1491.494019,2020-10-12,0.9572749733924866,0,87710852.706309
32.250993,76.315269,35.40999984741211,2083.453125,2020-10-12,0.9726399779319763,3,87710852.603009
32.250892639160156,76.325657,21.450001,1963.875488,2020-10-12,0.9586039781570435,5,87710853.057528
32.250606,76.354016,20.370001,2602.308594,2020-10-12,0.9648129940032959,11,87710853.58648
32.250814,76.297185,14.5600004196167,1741.525024,2020-10-12,0.972461998462677,1,87710852.743497
32.250638,76.314851,23.540001,2062.897705,2020-10-12,0.9689130187034607,3,87710852.594745
32.250541,76.325245,17.06999969482422,1912.735596,2020-10-12,0.9893100261688232,5,87710853.049264
32.250539,76.334619,16.579999923706055,2055.99585,2020-10-12,0.9808930158615112,6,87710853.094716
32.25048065185547,76.344657,30.889999,2060.890869,2020-10-12,0.9843479990959167,8,87710853.541028
32.250244140625,76.353595,12.279999732971191,2593.06665,2020-10-12,0.9879329800605774,11,87710853.578216
32.250757,76.287678,35.150002,1497.793945,2020-10-12,0.9523770213127136,0,87710852.698045
32.250579833984375,76.305348,9.579999923706055,1860.303833,2020-10-12,0.9681040048599243,2,87710852.549293
32.25011444091797,76.34423065185547,23.809999,2070.594238,2020-10-12,0.9870479702949524,8,87710853.532764
32.25045394897461,76.296761,14.0,1725.487061,2020-10-12,0.9509570002555847,1,87710852.735233
32.250276,76.314423,16.129999,2066.442871,2020-10-12,0.9600589871406555,3,87710852.586481
32.250173,76.324813,32.119999,1915.487671,2020-10-12,0.9516839981079102,5,87710853.041
32.250184,76.334205,15.760000228881836,2015.390625,2020-10-12,0.9835910201072693,6,87710853.086452
32.2498779296875,76.353169,14.449999809265137,2592.34668,2020-10-12,0.9828490018844604,11,87710853.569952
32.250394,76.287251,16.129999,1514.620361,2020-10-12,0.9584429860115051,0,87710852.689781
32.24983215332031,76.333794,15.640000343322754,1961.908325,2020-10-12,0.9700459837913513,6,87710853.078188
32.249747,76.343802,16.959999,2087.585449,2020-10-12,0.9919350147247314,8,87710853.5245
32.250024,76.286818,32.040001,1518.952271,2020-10-12,0.9560030102729797,0,87710852.681517
32.250092,76.296336,11.5600004196167,1719.037964,2020-10-12,0.9713879823684692,1,87710852.726969
32.249852,76.304489,15.680000305175781,1856.736206,2020-10-12,0.9565060138702393,2,87710852.532765
32.249922,76.314007,19.799999,2023.542603,2020-10-12,0.9690579771995544,3,87710852.578217
32.249807,76.324383,35.040001,1920.651001,2020-10-12,0.9858599901199341,5,87710853.032736
32.249514,76.35274505615234,6.769999980926514,2591.063965,2020-10-12,0.9637550115585327,11,87710853.561688
32.249731,76.295911,7.929999828338623,1709.114746,2020-10-12,0.9746410250663757,1,87710852.718705
32.249568,76.313588,25.0,1984.747192,2020-10-12,0.9598029851913452,3,87710852.569953
32.24944305419922,76.323955,42.56999969482422,1916.04541,2020-10-12,0.9788249731063843,5,87710853.024472
32.249476,76.33338165283203,15.90999984741211,1920.192871,2020-10-12,0.988336980342865,6,87710853.069924
32.249384,76.343383,18.68000030517578,2062.776367,2020-10-12,0.9919390082359314,8,87710853.516236
32.249151,76.352324,8.460000038146973,2574.165039,2020-10-12,0.9933450222015381,11,87710853.553424
32.249659,76.286389,25.229999542236328,1531.06897,2020-10-12,0.9503560066223145,0,87710852.673253
32.249494,76.304065,18.34000015258789,1834.655396,2020-10-12,0.9575639963150024,2,87710852.524501
32.24911880493164,76.332963,21.600000381469727,1880.874756,2020-10-12,0.9818249940872192,6,87710853.06166
32.2490234375,76.34296417236328,58.639999,1995.175293,2020-10-12,0.9711719751358032,8,87710853.507972
32.24907684326172,76.323525,31.75,1933.987671,2020-10-12,0.9512879848480225,5,87710853.016208
32.24878692626953,76.351901,4.53000020980835,2567.407715,2020-10-12,0.9647930264472961,11,87710853.54516
32.249298,76.285964,34.93000030517578,1508.259277,2020-10-12,0.9752640128135681,0,87710852.664989
32.248858,76.312751,26.229999542236328,1917.324951,2020-10-12,0.9752519726753235,3,87710852.553425
32.248763,76.332546,8.270000457763672,1860.364014,2020-10-12,0.9885680079460144,6,87710853.053396
32.248667,76.342556,28.420000076293945,1961.842041,2020-10-12,0.9886170029640198,8,87710853.499708
32.248777,76.303218,20.620001,1792.224731,2020-10-12,0.9709709882736206,2,87710852.507973
32.248714447021484,76.3230972290039,40.470001,1916.40918,2020-10-12,0.9809169769287109,5,87710853.007944
32.248422,76.351477,4.039999961853027,2560.785645,2020-10-12,0.9861850142478943,11,87710853.536896
32.24864196777344,76.294631,25.56999969482422,1677.951294,2020-10-12,0.9595500230789185,1,87710852.693913
32.248504,76.312333,17.920000076293945,1891.40271,2020-10-12,0.9672520160675049,3,87710852.545161
32.248359,76.322683,37.740002,1880.779053,2020-10-12,0.9587349891662598,5,87710852.99968
32.248402,76.332123,7.369999885559082,1845.145264,2020-10-12,0.9874839782714844,6,87710853.045132
32.248303,76.342133,23.18000030517578,1955.785156,2020-10-12,0.9869620203971863,8,87710853.491444
32.248059,76.351056,10.369999885559082,2539.377197,2020-10-12,0.9889039993286133,11,87710853.528632
32.24858856201172,76.28512573242188,23.469999,1441.454346,2020-10-12,0.9588770270347595,0,87710852.648461
32.24842071533203,76.30279541015625,15.720000267028809,1775.049072,2020-10-12,0.9617260098457336,2,87710852.499709
32.248042,76.331702,8.380000114440918,1823.511353,2020-10-12,0.9828230142593384,6,87710853.036868
32.247938,76.341708,13.739999771118164,1961.615479,2020-10-12,0.9715840220451355,8,87710853.48318
32.248236,76.284707,18.190001,1408.450806,2020-10-12,0.9748070240020752,0,87710852.640197
32.2482795715332,76.294206,17.290001,1676.200195,2020-10-12,0.9530990123748779,1,87710852.685649
32.248061,76.302371,15.529999732971191,1758.908447,2020-10-12,0.9613950252532959,2,87710852.491445
32.24800491333008,76.322269,12.3100004196167,1856.526978,2020-10-12,0.9832649827003479,5,87710852.991416
32.247698,76.35063934326172,25.760000228881836,2488.491211,2020-10-12,0.9896169900894165,11,87710853.520368
32.247914,76.293776,32.759998,1669.135986,2020-10-12,0.9556480050086975,1,87710852.677385
32.2477912902832,76.31149291992188,29.149999618530273,1830.320923,2020-10-12,0.9584140181541443,3,87710852.528633
32.247645,76.32184600830078,24.219999,1827.269775,2020-10-12,0.9868729710578918,5,87710852.983152
32.2476806640625,76.331277,6.429999828338623,1818.905029,2020-10-12,0.9864519834518433,6,87710853.028604
32.247571,76.341281,23.059999,1957.014038,2020-10-12,0.9877669811248779,8,87710853.474916
32.247339,76.350227,24.600000381469727,2445.372314,2020-10-12,0.9868599772453308,11,87710853.512104
32.247699,76.301944,24.59000015258789,1741.963623,2020-10-12,0.9653869867324829,2,87710852.483181
32.247317,76.330851,4.710000038146973,1815.584717,2020-10-12,0.9681469798088074,6,87710853.02034
32.247206,76.340856,10.930000305175781,1964.120239,2020-10-12,0.9873650074005127,8,87710853.466652
32.247557,76.293355,15.609999656677246,1655.710938,2020-10-12,0.9759389758110046,1,87710852.669121
32.247435,76.31107330322266,21.59000015258789,1801.908569,2020-10-12,0.9708849787712097,3,87710852.520369
32.247285,76.321423,25.979999542236328,1805.306274,2020-10-12,0.9848759770393372,5,87710852.974888
32.246978759765625,76.349812,19.31999969482422,2411.11792,2020-10-12,0.9914519786834717,11,87710853.50384
32.247518,76.283861,26.200001,1358.408447,2020-10-12,0.9603090286254883,0,87710852.623669
32.246954,76.330425,4.710000038146973,1807.956787,2020-10-12,0.9589939713478088,6,87710853.012076
32.246841,76.340431,27.219999,1945.501831,2020-10-12,0.9921370148658752,8,87710853.458388
32.247196197509766,76.29293060302734,12.949999809265137,1646.387451,2020-10-12,0.9672709703445435,1,87710852.660857
32.246984,76.301098,10.25,1712.303833,2020-10-12,0.9608740210533142,2,87710852.466653
32.246923,76.320998,22.309999,1798.762573,2020-10-12,0.9856430292129517,5,87710852.966624
32.246618,76.349394,17.889999,2386.919922,2020-10-12,0.990680992603302,11,87710853.495576
32.246709,76.310214,26.010000228881836,1795.666382,2020-10-12,0.9511169791221619,3,87710852.503841
32.24656295776367,76.320574,25.979999542236328,1778.952637,2020-10-12,0.964942991733551,5,87710852.95836
32.246592,76.33000183105469,10.369999885559082,1791.647095,2020-10-12,0.9844020009040833,6,87710853.003812
32.246481,76.340015,30.100000381469727,1903.993652,2020-10-12,0.984266996383667,8,87710853.450124
32.246253967285156,76.348972,34.450001,2355.182129,2020-10-12,0.9894139766693115,11,87710853.487312
32.24662399291992,76.300673,13.989999771118164,1694.273682,2020-10-12,0.9676200151443481,2,87710852.458389
32.246228,76.329572,14.859999656677246,1787.36731,2020-10-12,0.9627060294151306,6,87710852.995548
32.246121,76.339599,23.620001,1875.282959,2020-10-12,0.9700760245323181,8,87710853.44186
32.246463,76.292069,24.889999,1654.953369,2020-10-12,0.9627820253372192,1,87710852.644329
32.24620056152344,76.320148,32.080002,1764.305298,2020-10-12,0.9587929844856262,5,87710852.950096
32.245894,76.348556,29.690001,2327.174072,2020-10-12,0.9884250164031982,11,87710853.479048
32.246263,76.300246,12.979999542236328,1685.473389,2020-10-12,0.9771519899368286,2,87710852.450125
32.245994567871094,76.309371,20.31999969482422,1749.990967,2020-10-12,0.970333993434906,3,87710852.487313
32.245836,76.319718,31.520000457763672,1767.528564,2020-10-12,0.988461971282959,5,87710852.941832
32.24586486816406,76.329146,16.31999969482422,1780.189209,2020-10-12,0.9778500199317932,6,87710852.987284
32.245759,76.339179,19.020000457763672,1855.582275,2020-10-12,0.9857509732246399,8,87710853.433596
32.246107,76.282187,15.789999961853027,1197.035767,2020-10-12,0.9655460119247437,0,87710852.590613
32.245902,76.299819,17.440001,1672.618286,2020-10-12,0.955623984336853,2,87710852.441861
32.24553298950195,76.348139,17.479999542236328,2307.594971,2020-10-12,0.9865099787712097,11,87710853.470784
32.245635,76.30894470214844,24.059999,1734.704712,2020-10-12,0.9687790274620056,3,87710852.479049
32.245465,76.319281,19.049999,1811.472900390625,2020-10-12,0.9575530290603638,5,87710852.933568
32.245498,76.328713,35.790001,1774.799194,2020-10-12,0.9541199803352356,6,87710852.97902
32.245397,76.338759,20.93000030517578,1830.737915,2020-10-12,0.9747040271759033,8,87710853.425332
32.245172,76.347722,28.120001,2264.561768,2020-10-12,0.9891420006752014,11,87710853.46252
32.24574279785156,76.281759,17.93000030517578,1192.004517,2020-10-12,0.9600459933280945,0,87710852.582349
32.245128,76.328276,40.84000015258789,1798.250122,2020-10-12,0.9810159802436829,6,87710852.970756
32.24503707885742,76.338341,23.850000381469727,1795.314575,2020-10-12,0.9757840037345886,8,87710853.417068
32.245382,76.281332,18.34000015258789,1182.677124,2020-10-12,0.970408022403717,0,87710852.574085
32.245179,76.29896545410156,20.620001,1655.060669,2020-10-12,0.9558969736099243,2,87710852.425333
32.24527359008789,76.308519,16.389999,1732.402222,2020-10-12,0.9660009741783142,3,87710852.470785
32.245098,76.318849,25.010000228881836,1816.688354,2020-10-12,0.9857519865036011,5,87710852.925304
32.244813,76.347309,18.829999923706055,2229.463135,2020-10-12,0.9876260161399841,11,87710853.454256
32.245024,76.290373,14.149999618530273,1598.089722,2020-10-12,0.956017017364502,1,87710852.611273
32.244739,76.318426,22.979999542236328,1795.442139,2020-10-12,0.9840620160102844,5,87710852.91704
32.244758,76.327841,34.509998,1828.200806,2020-10-12,0.9802929759025574,6,87710852.962492
32.244678,76.337926,20.219999,1758.992798,2020-10-12,0.9770770072937012,8,87710853.408804
32.24445343017578,76.346892,31.379999,2185.456299,2020-10-12,0.9908549785614014,11,87710853.445992
32.245024,76.280908,17.479999542236328,1162.023315,2020-10-12,0.9659979939460754,0,87710852.565821
32.244822,76.298543,24.25,1624.474854,2020-10-12,0.9690330028533936,2,87710852.417069
32.244319,76.33750915527344,18.190001,1722.539307,2020-10-12,0.9859870076179504,8,87710853.40054
32.244665,76.280484,18.149999618530273,1139.562622,2020-10-12,0.9699550271034241,0,87710852.557557
32.244555,76.307669,12.569999694824219,1707.534058,2020-10-12,0.9626439809799194,3,87710852.454257
32.244382,76.318007,30.280001,1756.486206,2020-10-12,0.983115017414093,5,87710852.908776
32.244387,76.327402,27.329999923706055,1870.883667,2020-10-12,0.9593250155448914,6,87710852.954228
32.244092,76.346476,8.529999732971191,2173.271973,2020-10-12,0.9891340136528015,11,87710853.437728
32.244023,76.326973,30.059999,1868.23291,2020-10-12,0.9861140251159668,6,87710852.945964
32.243961334228516,76.337094,21.190001,1680.229248,2020-10-12,0.9825659990310669,8,87710853.392274
32.244307,76.28005981445312,11.829999923706055,1125.725098,2020-10-12,0.9668819904327393,0,87710852.549293
32.244308,76.289528,35.150002,1529.794678,2020-10-12,0.9652919769287109,1,87710852.594745
32.244023,76.317585,21.149999618530273,1739.511353,2020-10-12,0.9792609810829163,5,87710852.900512
32.24372863769531,76.346056,17.559999,2141.437988,2020-10-12,0.985319972038269,11,87710853.429464
32.243956,76.289111,13.850000381469727,1504.077759,2020-10-12,0.9744219779968262,1,87710852.586481
32.243832,76.30681610107422,7.110000133514404,1694.995605,2020-10-12,0.9526379704475403,3,87710852.437729
32.243661,76.317158,28.379999,1724.74585,2020-10-12,0.9605010151863098,5,87710852.892248
32.243662,76.326548,27.549999,1856.984619,2020-10-12,0.9818130135536194,6,87710852.9377
32.243599,76.336674,14.710000038146973,1660.898804,2020-10-12,0.9874680042266846,8,87710853.384008
32.243371,76.345641,9.920000076293945,2109.262207,2020-10-12,0.972877025604248,11,87710853.4212
32.243944,76.279632,15.380000114440918,1116.97937,2020-10-12,0.965149998664856,0,87710852.541029
32.243743,76.297269,24.59000015258789,1580.311401,2020-10-12,0.9597370028495789,2,87710852.392275
32.243301,76.326125,23.579999923706055,1844.131104,2020-10-12,0.9807209968566895,6,87710852.929436
32.243236,76.33625030517578,10.520000457763672,1652.97583,2020-10-12,0.9680129885673523,8,87710853.375742
32.243587493896484,76.279209,10.930000305175781,1096.280151,2020-10-12,0.963487982749939,0,87710852.532765
32.243595123291016,76.288686,17.700001,1486.797363,2020-10-12,0.9579570293426514,1,87710852.578217
32.243466,76.306383,28.739999771118164,1683.764771,2020-10-12,0.9638109803199768,3,87710852.429465
32.2432975769043,76.316731,19.459999,1726.883545,2020-10-12,0.989126980304718,5,87710852.883984
32.24300765991211,76.345221,12.170000076293945,2087.553955,2020-10-12,0.9880610108375549,11,87710853.412936
32.24323272705078,76.288259,35.189999,1460.46228,2020-10-12,0.9575809836387634,1,87710852.569953
32.243112,76.305964,6.099999904632568,1671.480347,2020-10-12,0.9523890018463135,3,87710852.421201
32.242939,76.325699,24.780001,1830.869141,2020-10-12,0.9833909869194031,6,87710852.921172
32.242866,76.335816,37.700001,1650.974487,2020-10-12,0.9859840273857117,8,87710853.367476
32.242647,76.344802,20.959999,2053.010986,2020-10-12,0.9903240203857422,11,87710853.404672
32.243017,76.296412,23.649999618530273,1575.6875,2020-10-12,0.9513850212097168,2,87710852.375743
32.242938,76.316307,9.619999885559082,1718.838257,2020-10-12,0.9651020169258118,5,87710852.87572
32.242873,76.287833,28.40999984741211,1455.569824,2020-10-12,0.9736620187759399,1,87710852.561689
32.242745,76.305531,22.639999,1667.427612,2020-10-12,0.9616950154304504,3,87710852.412937
32.242575,76.31587982177734,6.320000171661377,1717.797363,2020-10-12,0.9616559743881226,5,87710852.867456
32.242579,76.325275,24.370001,1815.682983,2020-10-12,0.9584890007972717,6,87710852.912908
32.242501,76.335389,13.329999923706055,1677.363037,2020-10-12,0.9836819767951965,8,87710853.35921
32.242289,76.344388,29.950001,1997.925293,2020-10-12,0.9845600128173828,11,87710853.396407
32.242658,76.295988,20.729999542236328,1562.598267,2020-10-12,0.9512789845466614,2,87710852.367477
32.242384,76.305105,25.040001,1655.460083,2020-10-12,0.9723730087280273,3,87710852.404673
32.242216,76.324849,20.18000030517578,1811.522583,2020-10-12,0.951619029045105,6,87710852.904644
32.242137,76.334963,20.670000076293945,1663.751831,2020-10-12,0.9848290085792542,8,87710853.350944
32.242509,76.277933,4.559999942779541,1051.340942,2020-10-12,0.9683930277824402,0,87710852.507973
32.242514,76.287409,23.959999,1439.849731,2020-10-12,0.964152991771698,1,87710852.553425
32.242296,76.295561,27.209999,1549.492432,2020-10-12,0.9521309733390808,2,87710852.359211
32.242208,76.315448,13.65999984741211,1721.172852,2020-10-12,0.9599210023880005,5,87710852.859192
32.24192810058594,76.343972,30.93000030517578,1960.907227,2020-10-12,0.9901620149612427,11,87710853.388141
32.242149353027344,76.28697967529297,23.469999,1441.158691,2020-10-12,0.9853050112724304,1,87710852.545161
32.24203109741211,76.304687,28.40999984741211,1616.105713,2020-10-12,0.9627519845962524,3,87710852.396408
32.241839,76.315013,23.959999,1734.438721,2020-10-12,0.9789590239524841,5,87710852.850928
32.24185562133789,76.32442474365234,32.610001,1780.681519,2020-10-12,0.9860780239105225,6,87710852.89638
32.241773,76.334537,18.56999969482422,1661.232544,2020-10-12,0.9872779846191406,8,87710853.342678
32.241573333740234,76.343561,22.719999,1914.952637,2020-10-12,0.9904500246047974,11,87710853.379875
32.241931,76.295131,24.209999,1556.693848,2020-10-12,0.9522629976272583,2,87710852.350945
32.24140930175781,76.334113,17.479999542236328,1650.866455,2020-10-12,0.9573150277137756,8,87710853.334412
32.241783142089844,76.277076,6.880000114440918,1041.916504,2020-10-12,0.9775050282478333,0,87710852.491445
32.241783142089844,76.286547,33.470001,1444.267822,2020-10-12,0.9593750238418579,1,87710852.536897
32.241676330566406,76.304269,23.239999771118164,1584.942871,2020-10-12,0.9768490195274353,3,87710852.388142
32.241477966308594,76.314587,13.890000343322754,1730.980103,2020-10-12,0.9814850091934204,5,87710852.842664
32.241501,76.324009,24.110001,1746.710083,2020-10-12,0.9689339995384216,6,87710852.888116
32.241211,76.3431396484375,25.229999542236328,1888.493896,2020-10-12,0.990444004535675,11,87710853.371609
32.241565,76.2947006225586,22.790001,1564.535522,2020-10-12,0.9669139981269836,2,87710852.342679
32.241144,76.32359313964844,26.950001,1711.947388,2020-10-12,0.9601669907569885,6,87710852.879852
32.241044,76.333684,14.149999618530273,1661.332642,2020-10-12,0.9813209772109985,8,87710853.326146
32.241418,76.286117,33.880001,1446.874756,2020-10-12,0.9706249833106995,1,87710852.528633
32.241202,76.294273,7.670000076293945,1574.945068,2020-10-12,0.9718419909477234,2,87710852.334413
32.241117,76.314164,23.549999,1703.442993,2020-10-12,0.9886329770088196,5,87710852.8344
32.240851,76.342722,21.790001,1862.724731,2020-10-12,0.9860420227050781,11,87710853.363343
32.240961,76.303426,19.870001,1540.859619,2020-10-12,0.975085973739624,3,87710852.37161
32.240753173828125,76.313735,24.559999,1700.82019,2020-10-12,0.9876620173454285,5,87710852.826136
32.240786,76.32317352294922,19.09000015258789,1688.842041,2020-10-12,0.9727339744567871,6,87710852.871588
32.240675,76.333248,22.950001,1682.233154,2020-10-12,0.9820460081100464,8,87710853.31788
32.240491,76.342304,8.789999961853027,1842.301636,2020-10-12,0.9872429966926575,11,87710853.355077
32.241048,76.27620697021484,8.869999885559082,1071.633423,2020-10-12,0.961093008518219,0,87710852.474917
32.240838,76.293844,23.170000076293945,1560.063232,2020-10-12,0.9552279710769653,2,87710852.326147
32.24042510986328,76.322747,19.690001,1671.096802,2020-10-12,0.9650099873542786,6,87710852.863324
32.24031066894531,76.33281707763672,16.43000030517578,1690.648193,2020-10-12,0.9792799949645996,8,87710853.309614
32.24068069458008,76.275777,14.039999961853027,1081.23291,2020-10-12,0.956991970539093,0,87710852.466653
32.240699,76.285266,25.829999923706055,1423.76355,2020-10-12,0.9572150111198425,1,87710852.512105
32.240484,76.293425,6.809999942779541,1541.209717,2020-10-12,0.963146984577179,2,87710852.317881
32.240392,76.31330871582031,14.670000076293945,1700.033813,2020-10-12,0.9542239904403687,5,87710852.817872
32.24012756347656,76.34188079833984,30.329999923706055,1810.23291,2020-10-12,0.9879360198974609,11,87710853.346811
32.24034118652344,76.284842,16.09000015258789,1411.692749,2020-10-12,0.9655129909515381,1,87710852.503841
32.240065,76.322323,21.81999969482422,1652.696045,2020-10-12,0.965578019618988,6,87710852.85506
32.239946,76.332394,13.4399995803833,1689.299927,2020-10-12,0.9921450018882751,8,87710853.301348
32.239769,76.341463,22.649999618530273,1782.36731,2020-10-12,0.9909589886665344,11,87710853.338545
32.240117,76.292993,20.360001,1538.168579,2020-10-12,0.9640589952468872,2,87710852.309615
32.240031,76.312886,3.700000047683716,1692.92688,2020-10-12,0.9852619767189026,5,87710852.809608
32.239977,76.284413,39.080002,1388.105713,2020-10-12,0.970333993434906,1,87710852.495577
32.239665,76.312455,10.59000015258789,1695.334106,2020-10-12,0.9596329927444458,5,87710852.801344
32.239706,76.321902,18.600000381469727,1627.684814,2020-10-12,0.9891449809074402,6,87710852.846796
32.239575,76.331956,29.020000457763672,1713.653809,2020-10-12,0.9847260117530823,8,87710853.293082
32.239405,76.341037,21.040001,1779.37854,2020-10-12,0.9842849969863892,11,87710853.330279
32.2397575378418,76.29257202148438,8.010000228881836,1533.814697,2020-10-12,0.9599320292472839,2,87710852.301349
32.239521,76.301729,9.539999961853027,1492.328125,2020-10-12,0.9624230265617371,3,87710852.338546
32.23934555053711,76.321478,21.75,1608.621338,2020-10-12,0.9677749872207642,6,87710852.838532
32.239209,76.331526,25.799999,1725.075562,2020-10-12,0.960893988609314,8,87710853.284816
32.239393,76.2921371459961,11.899999618530273,1535.113037,2020-10-12,0.9701949954032898,2,87710852.293083
32.239045,76.340618,24.040001,1746.105225,2020-10-12,0.9864370226860046,11,87710853.322013
32.23927688598633,76.283582,12.130000114440918,1307.927856,2020-10-12,0.9603139758110046,1,87710852.479049
32.239161,76.301304,9.470000267028809,1480.543579,2020-10-12,0.9509440064430237,3,87710852.33028
32.23898696899414,76.321057,14.149999618530273,1590.707153,2020-10-12,0.9853910207748413,6,87710852.830268
32.238848,76.331105,29.31999969482422,1697.025757,2020-10-12,0.9859920144081116,8,87710853.27655
32.238681,76.340192,22.950001,1744.194458,2020-10-12,0.9862759709358215,11,87710853.313747
32.2390251159668,76.291707,8.34000015258789,1552.781982,2020-10-12,0.9621319770812988,2,87710852.284817
32.238932,76.311592,4.900000095367432,1724.275391,2020-10-12,0.9888539910316467,5,87710852.784816
32.238628,76.320636,11.5600004196167,1569.576782,2020-10-12,0.9885600209236145,6,87710852.822004
32.238798,76.300877,15.979999542236328,1470.951782,2020-10-12,0.9526510238647461,3,87710852.322014
32.238492,76.3306884765625,12.319999694824219,1668.081421,2020-10-12,0.9849460124969482,8,87710853.268284
32.238322,76.33977508544922,22.350000381469727,1709.521729,2020-10-12,0.9851210117340088,11,87710853.305481
32.238869,76.273638,9.770000457763672,1054.074829,2020-10-12,0.9592949748039246,0,87710852.425333
32.238563,76.282737,18.790001,1246.993408,2020-10-12,0.9614689946174622,1,87710852.462521
32.238657,76.291274,19.5,1555.550781,2020-10-12,0.9595770239830017,2,87710852.276551
32.238269,76.320215,18.420000076293945,1538.204224,2020-10-12,0.9849629998207092,6,87710852.81374
32.238128662109375,76.330267,16.620001,1650.47168,2020-10-12,0.9828370213508606,8,87710853.260018
32.238299,76.290851,19.200001,1536.502075,2020-10-12,0.9655680060386658,2,87710852.268285
32.238202,76.310734,20.25,1715.119019,2020-10-12,0.9607099890708923,5,87710852.768288
32.237958,76.339348,17.329999923706055,1709.203491,2020-10-12,0.9733409881591797,11,87710853.297215
32.238201,76.282309,26.799999,1233.059204,2020-10-12,0.9657670259475708,1,87710852.454257
32.238088,76.30004119873047,29.0,1390.263184,2020-10-12,0.9676139950752258,3,87710852.305482
32.23783874511719,76.310309,21.639999,1701.333008,2020-10-12,0.9836270213127136,5,87710852.760024
32.237908,76.319791,17.629999,1522.329468,2020-10-12,0.9851679801940918,6,87710852.805476
32.237767,76.329842,12.880000114440918,1645.223389,2020-10-12,0.9644539952278137,8,87710853.251752
32.237592,76.338917,19.170000076293945,1722.753052,2020-10-12,0.9849569797515869,11,87710853.288949
32.238139,76.272777,16.959999,1057.056885,2020-10-12,0.9638559818267822,0,87710852.408805
32.237547,76.319366,14.970000267028809,1512.805054,2020-10-12,0.9816470146179199,6,87710852.797212
32.237407,76.329421,7.0,1624.802124,2020-10-12,0.9615569710731506,8,87710853.243486
32.237772,76.272345,7.409999847412109,1079.028687,2020-10-12,0.9580050110816956,0,87710852.400541
32.237849,76.281891,23.690001,1188.568726,2020-10-12,0.9629830121994019,1,87710852.445993
32.237578,76.290001,22.979999542236328,1509.136963,2020-10-12,0.9625959992408752,2,87710852.251753
32.237479,76.309885,7.260000228881836,1700.672363,2020-10-12,0.958558976650238,5,87710852.75176
32.23723220825195,76.338497,31.899999618530273,1682.095337,2020-10-12,0.9680529832839966,11,87710853.280683
32.237381,76.299207,20.31999969482422,1324.845703,2020-10-12,0.9689949750900269,3,87710852.28895
32.237185,76.318942,17.549999,1497.313965,2020-10-12,0.957319974899292,6,87710852.788948
32.23704528808594,76.328999,8.050000190734863,1607.271973,2020-10-12,0.9586790204048157,8,87710853.23522
32.236876,76.338087,9.510000228881836,1646.758057,2020-10-12,0.963234007358551,11,87710853.272417
32.237221,76.289579,29.420000076293945,1478.711914,2020-10-12,0.9673770070075989,2,87710852.243487
32.237144470214844,76.281055,12.050000190734863,1112.376587,2020-10-12,0.9545860290527344,1,87710852.429465
32.23701858520508,76.298782,29.489999771118164,1303.63147,2020-10-12,0.9551140069961548,3,87710852.280684
32.236822,76.318516,18.079999923706055,1489.37439,2020-10-12,0.9848330020904541,6,87710852.780684
32.236679,76.328569,14.220000267028809,1611.052246,2020-10-12,0.9850519895553589,8,87710853.226954
32.236515045166016,76.337665,15.720000267028809,1621.406128,2020-10-12,0.9881529808044434,11,87710853.264151
32.23678207397461,76.280627,5.460000038146973,1112.744995,2020-10-12,0.9590110182762146,1,87710852.421201
32.236872,76.289166,31.510000228881836,1424.575317,2020-10-12,0.9524340033531189,2,87710852.235221
32.236666,76.298364,30.43000030517578,1267.664917,2020-10-12,0.9633489847183228,3,87710852.272418
32.236457,76.318086,20.59000015258789,1489.63562,2020-10-12,0.9871810078620911,6,87710852.77242
32.23631286621094,76.328137,28.040001,1611.673218,2020-10-12,0.9798099994659424,8,87710853.218688
32.23651885986328,76.288751,22.040001,1388.688965,2020-10-12,0.9665459990501404,2,87710852.226955
32.236148834228516,76.337237,19.5,1619.672241,2020-10-12,0.9838160276412964,11,87710853.255885
32.236091,76.317655,18.530001,1503.851807,2020-10-12,0.9837219715118408,6,87710852.764156
32.235944,76.327702,35.380001,1631.101562,2020-10-12,0.9570760130882263,8,87710853.210422
32.23579025268555,76.336817,7.710000038146973,1606.102539,2020-10-12,0.9602670073509216,11,87710853.247619
32.236304,76.270617,4.940000057220459,1130.60791,2020-10-12,0.9637460112571716,0,87710852.367477
32.236163,76.288329,14.109999656677246,1373.989502,2020-10-12,0.9676030278205872,2,87710852.218689
32.2359504699707,76.29752349853516,5.800000190734863,1251.714355,2020-10-12,0.9773060083389282,3,87710852.255886
32.236021,76.308172,20.510000228881836,1694.227539,2020-10-12,0.9872400164604187,5,87710852.718704
32.235724,76.317223,22.15999984741211,1511.214966,2020-10-12,0.9853730201721191,6,87710852.755892
32.236059,76.279773,14.520000457763672,1086.092407,2020-10-12,0.9560310244560242,1,87710852.404673
32.235802,76.287903,14.40999984741211,1364.296753,2020-10-12,0.9513090252876282,2,87710852.210423
32.235660552978516,76.307749,17.969999,1678.65686,2020-10-12,0.9814199805259705,5,87710852.71044
32.23557662963867,76.327272,13.8100004196167,1667.634277,2020-10-12,0.9772260189056396,8,87710853.202156
32.23542785644531,76.336394,6.25,1592.098022,2020-10-12,0.9651880264282227,11,87710853.239353
32.235701,76.27935028076172,13.4399995803833,1064.695435,2020-10-12,0.9706060290336609,1,87710852.396408
32.235587,76.297093,6.510000228881836,1245.585083,2020-10-12,0.9654009938240051,3,87710852.24762
32.235364,76.316801,15.010000228881836,1497.464599609375,2020-10-12,0.9564560055732727,6,87710852.747628
32.235442,76.287478,27.65999984741211,1338.872559,2020-10-12,0.9707549810409546,2,87710852.202157
32.23529815673828,76.307326,23.700001,1654.061523,2020-10-12,0.9700899720191956,5,87710852.702176
32.235067,76.335972,19.799999,1558.029175,2020-10-12,0.9766259789466858,11,87710853.231087
32.235227,76.296668,8.010000228881836,1231.221069,2020-10-12,0.9547590017318726,3,87710852.239354
32.234939,76.306901,26.350000381469727,1640.294556,2020-10-12,0.984948992729187,5,87710852.693912
32.2349967956543,76.31636810302734,29.389999,1496.689209,2020-10-12,0.9809100031852722,6,87710852.739364
32.234840393066406,76.326403,18.760000228881836,1719.460449,2020-10-12,0.98888099193573,8,87710853.185624
32.23470687866211,76.335552,24.520000457763672,1528.255249,2020-10-12,0.9880210161209106,11,87710853.222821
32.234866,76.296242,5.119999885559082,1224.789307,2020-10-12,0.9512799978256226,3,87710852.231088
32.23463439941406,76.315943,21.670000076293945,1498.080688,2020-10-12,0.9834529757499695,6,87710852.7311
32.234733,76.28663635253906,13.210000038146973,1287.816406,2020-10-12,0.9661639928817749,2,87710852.185625
32.234576,76.306476,19.239999771118164,1639.822388,2020-10-12,0.9656429886817932,5,87710852.685648
32.234476,76.325977,21.829999923706055,1710.370972,2020-10-12,0.9818959832191467,8,87710853.177358
32.234345,76.33512878417969,9.170000076293945,1526.966797,2020-10-12,0.9878280162811279,11,87710853.214555
32.23450469970703,76.295816,9.09000015258789,1212.297729,2020-10-12,0.9612240195274353,3,87710852.222822
32.234269,76.315514,21.81999969482422,1503.597778,2020-10-12,0.9826809763908386,6,87710852.722836
32.234115,76.325556,20.93000030517578,1691.884766,2020-10-12,0.9814649820327759,8,87710853.169092
32.233984,76.334708,31.079999923706055,1486.819702,2020-10-12,0.9877189993858337,11,87710853.206289
32.234379,76.286221,24.290001,1241.621704,2020-10-12,0.9546989798545837,2,87710852.177359
32.234212,76.306048,17.370001,1639.18811,2020-10-12,0.9646620154380798,5,87710852.677384
32.234267,76.277656,4.820000171661377,988.433349609375,2020-10-12,0.9663789868354797,1,87710852.363344
32.23402786254883,76.285806,16.729999542236328,1202.96106,2020-10-12,0.9654459953308105,2,87710852.169093
32.233853,76.305627,11.5600004196167,1622.212402,2020-10-12,0.9767760038375854,5,87710852.66912
32.233901,76.315081,26.5,1514.490479,2020-10-12,0.955344021320343,6,87710852.714572
32.233752,76.325131,22.239999771118164,1684.866577,2020-10-12,0.9861329793930054,8,87710853.160828
32.233622,76.334284,33.31999969482422,1474.039185,2020-10-12,0.9929500222206116,11,87710853.198023
32.23353958129883,76.314657,21.899999618530273,1505.800415,2020-10-12,0.9810389876365662,6,87710852.706308
32.233391,76.324709,22.579999923706055,1665.672974,2020-10-12,0.9760850071907043,8,87710853.152564
32.233676,76.285389,26.200001,1154.918701,2020-10-12,0.973147988319397,2,87710852.160829
32.233489,76.305199,21.969999,1610.963745,2020-10-12,0.9917749762535095,5,87710852.660856
32.23325729370117,76.333857,27.889999,1479.980347,2020-10-12,0.9834539890289307,11,87710853.189757
32.233535,76.276795,10.520000457763672,996.724365,2020-10-12,0.9548410177230835,1,87710852.346812
32.23341369628906,76.2945327758789,22.68000030517578,1197.220825,2020-10-12,0.9702140092849731,3,87710852.198024
32.233176,76.314229,23.31999969482422,1503.960571,2020-10-12,0.9522680044174194,6,87710852.698044
32.233027,76.324283,15.90999984741211,1670.047241,2020-10-12,0.9852749705314636,8,87710853.1443
32.232892,76.333428,30.030001,1483.920898,2020-10-12,0.982699990272522,11,87710853.181491
32.233321,76.284969,13.850000381469727,1136.537842,2020-10-12,0.9721969962120056,2,87710852.152565
32.233055114746094,76.29410552978516,24.770000457763672,1181.298584,2020-10-12,0.9667810201644897,3,87710852.189758
32.233131408691406,76.304777,13.289999961853027,1599.249756,2020-10-12,0.9511139988899231,5,87710852.652592
32.2331657409668,76.276361,20.959999,1006.215332,2020-10-12,0.9565759897232056,1,87710852.338546
32.232767,76.304351,15.800000190734863,1589.404663,2020-10-12,0.9608650207519531,5,87710852.644328
32.232813,76.313804,21.40999984741211,1498.313354,2020-10-12,0.9584550261497498,6,87710852.68978
32.232662200927734,76.323855,20.81999969482422,1669.561035,2020-10-12,0.9568639993667603,8,87710853.136036
32.232529,76.333002,17.709999,1491.726318,2020-10-12,0.9863200187683105,11,87710853.173225
32.2327995300293,76.27593231201172,13.920000076293945,1020.126465,2020-10-12,0.956479012966156,1,87710852.33028
32.232449,76.313376,19.5,1499.203003,2020-10-12,0.951545000076294,6,87710852.681516
32.2322998046875,76.323432,23.65999984741211,1653.607666,2020-10-12,0.9883959889411926,8,87710853.127772
32.232402,76.303921,8.789999961853027,1601.787476,2020-10-12,0.9801210165023804,5,87710852.636064
32.232167,76.33258056640625,18.040001,1476.029297,2020-10-12,0.9880610108375549,11,87710853.16496
32.232423,76.275488,10.890000343322754,1077.05896,2020-10-12,0.9619539976119995,1,87710852.322014
32.232239,76.28369140625,18.299999,1103.297119,2020-10-12,0.9824730157852173,2,87710852.127773
32.232331,76.293251,30.579999923706055,1165.40686,2020-10-12,0.9701989889144897,3,87710852.173226
32.232038,76.303493,8.079999923706055,1601.888672,2020-10-12,0.9599220156669617,5,87710852.6278
32.232084,76.312947,18.829999923706055,1503.381836,2020-10-12,0.9605919718742371,6,87710852.673252
32.231938,76.32301330566406,15.420000076293945,1644.471436,2020-10-12,0.9847300052642822,8,87710853.119508
32.231806,76.33216094970703,11.34000015258789,1460.388062,2020-10-12,0.9916939735412598,11,87710853.156696
32.231719,76.312517,19.200001,1510.57605,2020-10-12,0.9809479713439941,6,87710852.664988
32.232061,76.275061,9.170000076293945,1070.842529,2020-10-12,0.9576979875564575,1,87710852.313748
32.2316780090332,76.30307006835938,20.59000015258789,1571.350098,2020-10-12,0.9858160018920898,5,87710852.619536
32.231576,76.32258605957031,21.530001,1628.437134,2020-10-12,0.9857069849967957,8,87710853.111244
32.231447,76.331742,19.540001,1422.510986,2020-10-12,0.9854779839515686,11,87710853.148432
32.231687,76.274623,18.709999,1101.110107,2020-10-12,0.9635699987411499,1,87710852.305482
32.231599,76.292387,10.289999961853027,1205.256104,2020-10-12,0.956840991973877,3,87710852.156697
32.231351,76.312084,29.420000076293945,1515.118042,2020-10-12,0.9835699796676636,6,87710852.656724
32.231217,76.322169,30.139999,1586.369995,2020-10-12,0.9897609949111938,8,87710853.10298
32.231086,76.331321,7.449999809265137,1412.945312,2020-10-12,0.9870889782905579,11,87710853.140168
32.231524,76.282844,11.789999961853027,1068.332642,2020-10-12,0.9717350006103516,2,87710852.111245
32.231321,76.302651,2.619999885559082,1557.382935,2020-10-12,0.9605709910392761,5,87710852.611272
32.231165,76.282419,11.34000015258789,1054.823242,2020-10-12,0.9637830257415771,2,87710852.102981
32.231227,76.291947,17.629999,1230.872803,2020-10-12,0.9686650037765503,3,87710852.148433
32.23095703125,76.302222,2.430000066757202,1557.141724,2020-10-12,0.9626290202140808,5,87710852.603008
32.230991,76.311661,21.149999618530273,1506.937378,2020-10-12,0.9784489870071411,6,87710852.64846
32.230857,76.321748,18.229999542236328,1575.75415,2020-10-12,0.9866510033607483,8,87710853.094716
32.230718,76.330888,31.75,1411.794678,2020-10-12,0.9903420209884644,11,87710853.131904
32.230856,76.29151153564453,21.440001,1252.716553,2020-10-12,0.9663529992103577,3,87710852.140169
32.23062515258789,76.31123352050781,22.760000228881836,1515.462646,2020-10-12,0.9574739933013916,6,87710852.640196
32.230497,76.321329,14.859999656677246,1551.626953,2020-10-12,0.9886890053749084,8,87710853.086452
32.230589,76.301788,22.309999,1558.163818,2020-10-12,0.9589880108833313,5,87710852.594744
32.230350494384766,76.330454,28.75,1439.180908,2020-10-12,0.9881079792976379,11,87710853.12364
32.230596,76.273338,11.640000343322754,1105.213867,2020-10-12,0.9555780291557312,1,87710852.280684
32.230447,76.28157043457031,13.470000267028809,1022.17572,2020-10-12,0.9587510228157043,2,87710852.086453
32.230502,76.291091,28.440001,1213.820801,2020-10-12,0.9718239903450012,3,87710852.131905
32.230261,76.310802,26.799999,1508.908936,2020-10-12,0.9571930170059204,6,87710852.631932
32.230134,76.320905,20.25,1534.967285,2020-10-12,0.9859830141067505,8,87710853.078188
32.229987,76.330029,19.620001,1442.881104,2020-10-12,0.9881500005722046,11,87710853.115376
32.230148,76.290673,20.280001,1187.136841,2020-10-12,0.9594339728355408,3,87710852.123641
32.230226,76.301361,12.390000343322754,1560.230835,2020-10-12,0.9876419901847839,5,87710852.58648
32.230226,76.272903,19.010000228881836,1121.874023,2020-10-12,0.9540240168571472,1,87710852.272418
32.229869,76.30094146728516,24.739999771118164,1519.333374,2020-10-12,0.9764019846916199,5,87710852.578216
32.229901,76.31037902832031,16.770000457763672,1497.808105,2020-10-12,0.9537680149078369,6,87710852.623668
32.229771,76.32048034667969,14.5600004196167,1532.029053,2020-10-12,0.9823089838027954,8,87710853.069924
32.229623,76.329604,17.709999,1441.393311,2020-10-12,0.9903180003166199,11,87710853.107112
32.229793548583984,76.290254,23.43000030517578,1151.526978,2020-10-12,0.9715849757194519,3,87710852.115377
32.229539,76.309953,10.699999809265137,1498.346069,2020-10-12,0.9537609815597534,6,87710852.615404
32.229411,76.320059,25.379999,1499.292236,2020-10-12,0.9886919856071472,8,87710853.06166
32.229729,76.280721,10.739999771118164,992.954895,2020-10-12,0.9577119946479797,2,87710852.069925
32.229513,76.300522,29.09000015258789,1476.786987,2020-10-12,0.9651470184326172,5,87710852.569952
32.2292594909668,76.329179,9.130000114440918,1444.038086,2020-10-12,0.9856629967689514,11,87710853.098848
32.229509,76.272057,31.81999969482422,1067.183838,2020-10-12,0.9511950016021729,1,87710852.255886
32.229368,76.280294,24.25,970.68457,2020-10-12,0.9552469849586487,2,87710852.061661
32.229438,76.289834,16.799999,1130.885864,2020-10-12,0.9643949866294861,3,87710852.107113
32.229156494140625,76.300102,29.15999984741211,1447.191406,2020-10-12,0.980597972869873,5,87710852.561688
32.229174,76.309524,20.059999,1492.641235,2020-10-12,0.97918301820755,6,87710852.60714
32.229051,76.319639,30.209999,1467.757812,2020-10-12,0.9872469902038574,8,87710853.053396
32.2288932800293,76.328748,16.31999969482422,1452.478882,2020-10-12,0.9886969923973083,11,87710853.090584
32.229078,76.289408,19.15999984741211,1115.668457,2020-10-12,0.967805027961731,3,87710852.098849
32.228816986083984,76.3091049194336,6.659999847412109,1474.572144,2020-10-12,0.9549750089645386,6,87710852.598876
32.229157,76.271639,11.489999771118164,1042.296875,2020-10-12,0.9669420123100281,1,87710852.24762
32.229012,76.279872,5.090000152587891,964.298889,2020-10-12,0.9645659923553467,2,87710852.053397
32.228799,76.299681,8.039999961853027,1438.101562,2020-10-12,0.9915940165519714,5,87710852.553424
32.228691,76.31922149658203,9.470000267028809,1460.162354,2020-10-12,0.9836450219154358,8,87710853.045132
32.228524,76.328312,27.850000381469727,1470.564331,2020-10-12,0.9839749932289124,11,87710853.08232
32.228722,76.288987,15.0,1095.895264,2020-10-12,0.9685980081558228,3,87710852.090585
32.228456,76.30867767333984,23.059999,1445.89502,2020-10-12,0.9846190214157104,6,87710852.590612
32.228329,76.318796,7.96999979019165,1452.070679,2020-10-12,0.9861360192298889,8,87710853.036868
32.22835922241211,76.288559,17.290001,1088.563599,2020-10-12,0.9580259919166565,3,87710852.082321
32.228432,76.299249,25.420000076293945,1432.763062,2020-10-12,0.9811549782752991,5,87710852.54516
32.228159,76.327883,14.5600004196167,1491.830933,2020-10-12,0.980584979057312,11,87710853.074056
32.228446,76.270799,11.710000038146973,975.4197998046875,2020-10-12,0.964913010597229,1,87710852.231088
32.228071,76.298823,21.639999,1423.529175,2020-10-12,0.9586150050163269,5,87710852.536896
32.228094,76.308255,16.510000228881836,1439.924927,2020-10-12,0.9667389988899231,6,87710852.582348
32.22796630859375,76.318371,25.270000457763672,1424.133789,2020-10-12,0.965254008769989,8,87710853.028604
32.227794,76.327454,19.649999618530273,1494.908203,2020-10-12,0.9919840097427368,11,87710853.065792
32.228087,76.270375,8.270000457763672,959.864502,2020-10-12,0.9687640070915222,1,87710852.222822
32.227731,76.307827,7.0,1445.469482,2020-10-12,0.9596740007400513,6,87710852.574084
32.227605,76.317949,20.219999,1410.232178,2020-10-12,0.9690039753913879,8,87710853.02034
32.227923,76.278585,8.680000305175781,958.677612,2020-10-12,0.9662950038909912,2,87710852.028605
32.227714,76.298403,9.09000015258789,1405.839722,2020-10-12,0.9576690196990967,5,87710852.528632
32.2274284362793,76.327028,12.649999618530273,1498.731689,2020-10-12,0.9855120182037354,11,87710853.057528
32.227556,76.278152,14.859999656677246,963.735352,2020-10-12,0.9766460061073303,2,87710852.020341
32.227628,76.287694,23.690001,1102.256836,2020-10-12,0.9736390113830566,3,87710852.065793
32.227355,76.29798126220703,9.770000457763672,1383.788696,2020-10-12,0.9882789850234985,5,87710852.520368
32.22736740112305,76.307398,29.200001,1425.258667,2020-10-12,0.9791790246963501,6,87710852.56582
32.227241,76.317522,31.40999984741211,1398.458862,2020-10-12,0.9651679992675781,8,87710853.012076
32.22706604003906,76.326602,11.0,1497.451416,2020-10-12,0.9662460088729858,11,87710853.049264
32.227258,76.287257,30.610001,1120.257324,2020-10-12,0.9783909916877747,3,87710852.057529
32.227197,76.277726,4.039999961853027,960.854248,2020-10-12,0.9632409811019897,2,87710852.012077
32.226995,76.297555,21.06999969482422,1355.759766,2020-10-12,0.984004020690918,5,87710852.512104
32.22700500488281,76.306971,30.280001,1417.855469,2020-10-12,0.9857980012893677,6,87710852.557556
32.226881,76.317101,20.549999,1386.069702,2020-10-12,0.9782480001449585,8,87710853.003812
32.226701,76.326173,10.699999809265137,1504.628174,2020-10-12,0.9731550216674805,11,87710853.041
32.22688674926758,76.286818,27.280001,1151.92627,2020-10-12,0.9585829973220825,3,87710852.049265
32.226639,76.306539,33.919998,1421.942749,2020-10-12,0.978863000869751,6,87710852.549292
32.22652053833008,76.316678,22.350000381469727,1365.05957,2020-10-12,0.9859020113945007,8,87710852.995548
32.226637,76.297132,9.84000015258789,1342.99585,2020-10-12,0.959089994430542,5,87710852.50384
32.226338,76.325747,13.359999656677246,1495.720215,2020-10-12,0.9771689772605896,11,87710853.032736
32.226465,76.276862,7.820000171661377,972.623352,2020-10-12,0.9608410000801086,2,87710851.995549
32.226524353027344,76.286389,19.56999969482422,1158.36731,2020-10-12,0.9566649794578552,3,87710852.041001
32.226278,76.296709,6.809999942779541,1325.224609,2020-10-12,0.9899160265922546,5,87710852.495576
32.22627639770508,76.306111,23.43000030517578,1429.447266,2020-10-12,0.9831140041351318,6,87710852.541028
32.226157,76.316252,33.59000015258789,1344.009521,2020-10-12,0.986814022064209,8,87710852.987284
32.226165,76.28596496582031,25.06999969482422,1137.218018,2020-10-12,0.9669240117073059,3,87710852.032737
32.225917,76.305688,31.81999969482422,1401.476074,2020-10-12,0.9882590174674988,6,87710852.532764
32.22591781616211,76.296284,10.25,1305.720947,2020-10-12,0.9860460162162781,5,87710852.487312
32.225797,76.315831,19.799999,1333.842041,2020-10-12,0.9845010042190552,8,87710852.97902
32.225608825683594,76.324894,22.56999969482422,1482.161621,2020-10-12,0.979794979095459,11,87710853.016208
32.225562,76.305271,12.949999809265137,1379.640869,2020-10-12,0.9812110066413879,6,87710852.5245
32.22543716430664,76.3154067993164,23.959999,1303.159424,2020-10-12,0.9858779907226562,8,87710852.970756
32.225558,76.295861,10.369999885559082,1283.860962,2020-10-12,0.9853360056877136,5,87710852.479048
32.225248,76.32447052001953,11.34000015258789,1480.083984,2020-10-12,0.9553830027580261,11,87710853.007944
32.225372314453125,76.27557373046875,16.469999,974.064575,2020-10-12,0.9787439703941345,2,87710851.970757
32.225196,76.295433,17.549999,1271.601929,2020-10-12,0.9521160125732422,5,87710852.470784
32.225199,76.304842,8.680000305175781,1380.186157,2020-10-12,0.9848759770393372,6,87710852.516236
32.225077,76.314988,11.489999771118164,1292.293335,2020-10-12,0.9884089827537537,8,87710852.962492
32.224884033203125,76.324043,32.720001,1457.470215,2020-10-12,0.9869710206985474,11,87710852.99968
32.2250862121582,76.284689,26.56999969482422,1092.926636,2020-10-12,0.9646850228309631,3,87710852.007945
32.22483444213867,76.304411,6.059999942779541,1389.401367,2020-10-12,0.9629719853401184,6,87710852.507972
32.224717,76.314566,17.18000030517578,1261.698853,2020-10-12,0.9879459738731384,8,87710852.954228
32.225004,76.275136,18.559999,984.771118,2020-10-12,0.9665679931640625,2,87710851.962493
32.224838,76.295011,18.299999,1243.049805,2020-10-12,0.9592570066452026,5,87710852.46252
32.224525451660156,76.323624,12.020000457763672,1445.492065,2020-10-12,0.9766669869422913,11,87710852.991416
32.224729,76.284267,17.440001,1079.363892,2020-10-12,0.9632269740104675,3,87710851.999681
32.224479,76.294588,25.190001,1215.635498,2020-10-12,0.9550430178642273,5,87710852.454256
32.224467,76.303978,8.3100004196167,1400.999878,2020-10-12,0.9856719970703125,6,87710852.499708
32.224355,76.314141,13.850000381469727,1249.935425,2020-10-12,0.9826099872589111,8,87710852.945964
32.224162,76.323197,13.289999961853027,1441.948242,2020-10-12,0.9620559811592102,11,87710852.983152
32.22464370727539,76.27471160888672,17.440001,974.9463500976562,2020-10-12,0.9627310037612915,2,87710851.954229
32.224369049072266,76.283842,20.809999,1061.059692,2020-10-12,0.9662200212478638,3,87710851.991417
32.224275,76.274275,25.670000076293945,984.523071,2020-10-12,0.9603670239448547,2,87710851.945965
32.224105,76.303551,16.360001,1383.721436,2020-10-12,0.9635649919509888,6,87710852.491444
32.223992,76.313715,17.889999,1236.376221,2020-10-12,0.9841390252113342,8,87710852.9377
32.223799,76.322771,14.149999618530273,1429.497437,2020-10-12,0.9859359860420227,11,87710852.974888
32.22374725341797,76.303129,15.050000190734863,1358.522827,2020-10-12,0.969165027141571,6,87710852.48318
32.223628997802734,76.31329345703125,15.539999961853027,1226.851196,2020-10-12,0.9782189726829529,8,87710852.929436
32.223906,76.273839,26.5,1002.835266,2020-10-12,0.9596790075302124,2,87710851.937701
32.223758697509766,76.29373931884766,30.809999,1172.527588,2020-10-12,0.9828500151634216,5,87710852.437728
32.223437,76.322346,23.920000076293945,1409.950073,2020-10-12,0.9598109722137451,11,87710852.966624
32.22365951538086,76.283003,18.670000076293945,996.732971,2020-10-12,0.9553729891777039,3,87710851.974889
32.223402,76.293318,20.510000228881836,1157.365967,2020-10-12,0.9790109992027283,5,87710852.429464
32.223389,76.302707,15.789999961853027,1333.950439,2020-10-12,0.9635689854621887,6,87710852.474916
32.223268,76.312864,8.680000305175781,1223.223755,2020-10-12,0.9714120030403137,8,87710852.921172
32.22307586669922,76.321924,25.90999984741211,1386.185913,2020-10-12,0.9850559830665588,11,87710852.95836
32.22329330444336,76.282569,19.200001,1010.007141,2020-10-12,0.9605759978294373,3,87710851.966625
32.223031,76.302285,15.869999885559082,1309.807251,2020-10-12,0.9842389822006226,6,87710852.466652
32.223042,76.292893,20.700001,1140.790161,2020-10-12,0.9553890228271484,5,87710852.4212
32.222904205322266,76.312436,20.520000457763672,1206.694092,2020-10-12,0.9827380180358887,8,87710852.912908
32.222714,76.32150268554688,20.850000381469727,1374.310669,2020-10-12,0.9830470085144043,11,87710852.950096
32.22291946411133,76.282128,17.770000457763672,1046.482056,2020-10-12,0.9613779783248901,3,87710851.958361
32.222681,76.292468,24.739999771118164,1125.818604,2020-10-12,0.9540240168571472,5,87710852.412936
32.222671,76.301861,22.200001,1285.029175,2020-10-12,0.981003999710083,6,87710852.458388
32.222543,76.312013,4.789999961853027,1201.945435,2020-10-12,0.9884629845619202,8,87710852.904644
32.222819,76.272554,27.700001,986.52771,2020-10-12,0.9572759866714478,2,87710851.912909
32.222548,76.281689,23.459999,1069.722900390625,2020-10-12,0.9742339849472046,3,87710851.950097
32.222351,76.321074,19.879999,1369.14209,2020-10-12,0.9811360239982605,11,87710852.941832
32.222464,76.272134,22.299999,959.316528,2020-10-12,0.9510319828987122,2,87710851.904645
32.22231674194336,76.292039,27.25,1122.325439,2020-10-12,0.9507889747619629,5,87710852.404672
32.222312,76.301439,28.110001,1256.500244,2020-10-12,0.9786959886550903,6,87710852.450124
32.2221794128418,76.311586,7.039999961853027,1192.960327,2020-10-12,0.9817619919776917,8,87710852.89638
32.221988,76.320647,10.069999694824219,1374.002319,2020-10-12,0.9539120197296143,11,87710852.933568
32.222178,76.281251,22.870001,1096.75354,2020-10-12,0.9678980112075806,3,87710851.941833
32.221952,76.301015,18.379999,1249.023315,2020-10-12,0.9614019989967346,6,87710852.44186
32.22181701660156,76.311158,10.140000343322754,1185.402954,2020-10-12,0.9831089973449707,8,87710852.888116
32.222103118896484,76.271708,21.780001,947.542358,2020-10-12,0.9664099812507629,2,87710851.896381
32.221954345703125,76.291611,22.90999984741211,1122.535156,2020-10-12,0.9766449928283691,5,87710852.396407
32.221624,76.320218,18.270000457763672,1363.355591,2020-10-12,0.9855650067329407,11,87710852.925304
32.221593,76.291186,19.950001,1112.178589,2020-10-12,0.980879008769989,5,87710852.388141
32.22159194946289,76.30059051513672,18.639999,1233.658203,2020-10-12,0.9636039733886719,6,87710852.433596
32.221454,76.310731,6.590000152587891,1181.68811,2020-10-12,0.9860270023345947,8,87710852.879852
32.221261,76.319791,20.520000457763672,1354.77063,2020-10-12,0.9803889989852905,11,87710852.91704
32.221457,76.280399,12.649999618530273,1081.576416,2020-10-12,0.9739480018615723,3,87710851.925305
32.221369,76.270842,29.120001,961.835754,2020-10-12,0.95557701587677,2,87710851.879853
32.221235,76.29076385498047,18.75,1087.928833,2020-10-12,0.984345018863678,5,87710852.379875
32.221232,76.300166,8.34000015258789,1225.64563,2020-10-12,0.9565849900245667,6,87710852.425332
32.22108840942383,76.310304,12.800000190734863,1171.41748,2020-10-12,0.976377010345459,8,87710852.871588
32.220899,76.319367,13.920000076293945,1347.862183,2020-10-12,0.9662740230560303,11,87710852.908776
32.220871,76.299741,7.96999979019165,1214.142334,2020-10-12,0.9634510278701782,6,87710852.417068
32.220726013183594,76.309874,4.150000095367432,1181.907959,2020-10-12,0.965408980846405,8,87710852.863324
32.221008,76.270414,13.65999984741211,968.822693,2020-10-12,0.9609339833259583,2,87710851.871589
32.220877,76.290343,21.969999,1057.179443,2020-10-12,0.9546570181846619,5,87710852.371609
32.22053527832031,76.318938,12.09000015258789,1348.580444,2020-10-12,0.9767109751701355,11,87710852.900512
32.22073745727539,76.279549,30.049999,1034.689087,2020-10-12,0.9543460011482239,3,87710851.908777
32.220518,76.2899169921875,20.920000076293945,1035.859253,2020-10-12,0.9822850227355957,5,87710852.363343
32.220509,76.299314,15.15999984741211,1200.068604,2020-10-12,0.965802013874054,6,87710852.408804
32.220362,76.309445,4.380000114440918,1181.694336,2020-10-12,0.9799389839172363,8,87710852.85506
32.220172,76.31851196289062,11.569999694824219,1344.973145,2020-10-12,0.9832180142402649,11,87710852.892248
32.220376,76.279123,24.700001,1029.431274,2020-10-12,0.9689210057258606,3,87710851.900513
32.220151,76.298893,11.859999656677246,1177.104736,2020-10-12,0.9913780093193054,6,87710852.40054
32.220148,76.289483,39.720001,1047.412598,2020-10-12,0.9808499813079834,5,87710852.355077
32.21999740600586,76.309016,16.059999,1172.150391,2020-10-12,0.9575610160827637,8,87710852.846796
32.219805,76.318077,22.049999,1349.836426,2020-10-12,0.9834920167922974,11,87710852.883984
32.220022,76.278704,17.920000076293945,1001.573853,2020-10-12,0.9701430201530457,3,87710851.892249
32.219782,76.289052,21.299999,1073.911377,2020-10-12,0.958611011505127,5,87710852.346811
32.219791,76.29846954345703,3.809999942779541,1164.603149,2020-10-12,0.9563360214233398,6,87710852.392274
32.219636,76.308592,4.150000095367432,1165.862915,2020-10-12,0.9601590037345886,8,87710852.838532
32.219663,76.27828216552734,10.890000343322754,990.127625,2020-10-12,0.9707720279693604,3,87710851.883985
32.219444274902344,76.317653,2.5,1351.362061,2020-10-12,0.9805480241775513,11,87710852.87572
32.21942901611328,76.298045,3.2899999618530273,1151.201416,2020-10-12,0.9704629778862,6,87710852.384008
32.219271,76.308162,9.359999656677246,1163.188477,2020-10-12,0.959833025932312,8,87710852.830268
32.219084,76.317233,27.559999,1294.868286,2020-10-12,0.9880989789962769,11,87710852.867456
32.219289,76.277839,32.81999969482422,1004.513428,2020-10-12,0.9717400074005127,3,87710851.875721
32.219068,76.297619,7.670000076293945,1137.598389,2020-10-12,0.961650013923645,6,87710852.375742
32.218909,76.307737,5.199999809265137,1155.081421,2020-10-12,0.9586589932441711,8,87710852.822004
32.21906280517578,76.288205,23.100000381469727,1034.791016,2020-10-12,0.9884859919548035,5,87710852.330279
32.218725,76.316812,8.15999984741211,1287.093994,2020-10-12,0.9561920166015625,11,87710852.859192
32.218699,76.287776,30.65999984741211,1028.112061,2020-10-12,0.9590299725532532,5,87710852.322013
32.218706,76.297192,12.989999771118164,1124.72937,2020-10-12,0.9556030035018921,6,87710852.367476
32.218547,76.307311,12.5,1136.444336,2020-10-12,0.9814980030059814,8,87710852.81374
32.218361,76.316384,13.210000038146973,1279.718384,2020-10-12,0.9828659892082214,11,87710852.850928
32.218572,76.276991,12.90999984741211,986.589111,2020-10-12,0.9639599919319153,3,87710851.859193
32.218345,76.296766,13.850000381469727,1112.994385,2020-10-12,0.9859049916267395,6,87710852.35921
32.218335,76.287348,29.200001,1027.396362,2020-10-12,0.9812039732933044,5,87710852.313747
32.218182,76.306883,20.700001,1129.838867,2020-10-12,0.9543179869651794,8,87710852.805476
32.217997,76.315955,20.290001,1270.429688,2020-10-12,0.9903849959373474,11,87710852.842664
32.21798324584961,76.29634094238281,17.329999923706055,1101.794312,2020-10-12,0.9870060086250305,6,87710852.350944
32.217973,76.286921,26.469999,1024.146118,2020-10-12,0.9604120254516602,5,87710852.305481
32.21784591674805,76.276134,11.5600004196167,979.92041,2020-10-12,0.9650179743766785,3,87710851.842665
32.217612,76.286497,32.610001,1000.942566,2020-10-12,0.9594169855117798,5,87710852.297215
32.217622,76.295915,11.260000228881836,1093.597900390625,2020-10-12,0.9841679930686951,6,87710852.342678
32.21745681762695,76.306031,20.889999,1111.376953,2020-10-12,0.9814649820327759,8,87710852.788948
32.217273,76.315106,22.799999,1239.634399,2020-10-12,0.9939730167388916,11,87710852.826136
32.217485,76.275708,7.369999885559082,974.09967,2020-10-12,0.9724429845809937,3,87710851.834401
32.217259,76.295489,18.420000076293945,1079.217896,2020-10-12,0.9842730164527893,6,87710852.334412
32.217257,76.28607940673828,13.140000343322754,980.266174,2020-10-12,0.9658939838409424,5,87710852.288949
32.217095,76.305606,12.460000038146973,1106.912109,2020-10-12,0.9553940296173096,8,87710852.780684
32.216912,76.314684,4.340000152587891,1235.447632,2020-10-12,0.965453028678894,11,87710852.817872
32.216896057128906,76.285655,15.010000228881836,967.740295,2020-10-12,0.9846029877662659,5,87710852.280683
32.216897,76.295062,22.459999,1069.354248,2020-10-12,0.9549160003662109,6,87710852.326146
32.216732025146484,76.30518341064453,14.789999961853027,1094.703125,2020-10-12,0.9805150032043457,8,87710852.77242
32.216549,76.314256,28.940001,1207.955811,2020-10-12,0.9864029884338379,11,87710852.809608
32.216525,76.285217,23.729999542236328,989.694763,2020-10-12,0.9846349954605103,5,87710852.272417
32.216536,76.294638,19.239999771118164,1056.712769,2020-10-12,0.9855260252952576,6,87710852.31788
32.21636962890625,76.304755,6.849999904632568,1091.91748,2020-10-12,0.9647229909896851,8,87710852.764156
32.216189,76.313836,7.519999980926514,1198.582764,2020-10-12,0.9747740030288696,11,87710852.801344
32.2161750793457,76.294213,18.489999771118164,1047.69751,2020-10-12,0.9650840163230896,6,87710852.309614
32.216156005859375,76.284782,23.059999,1016.286499,2020-10-12,0.9777889847755432,5,87710852.264151
32.216006,76.304328,8.199999809265137,1085.932251,2020-10-12,0.9829970002174377,8,87710852.755892
32.215822,76.313403,28.530001,1195.269775,2020-10-12,0.9904249906539917,11,87710852.79308
32.215798,76.28436279296875,15.199999809265137,997.298645,2020-10-12,0.9674069881439209,5,87710852.255885
32.215812,76.293786,20.510000228881836,1038.678711,2020-10-12,0.9823899865150452,6,87710852.301348
32.215641,76.303899,9.470000267028809,1088.806152,2020-10-12,0.950884997844696,8,87710852.747628
32.215464,76.312986,26.43000030517578,1157.432373,2020-10-12,0.9854900240898132,11,87710852.784816
32.215674,76.27356719970703,24.549999,926.406006,2020-10-12,0.9604660272598267,3,87710851.793081
32.215451,76.293361,27.59000015258789,1019.147766,2020-10-12,0.9818810224533081,6,87710852.293082
32.215437,76.283935546875,22.829999923706055,976.970642,2020-10-12,0.984408974647522,5,87710852.247619
32.215105,76.312567,9.170000076293945,1143.771973,2020-10-12,0.9899280071258545,11,87710852.776552
32.215318,76.273149,29.450001,892.696289,2020-10-12,0.9601160287857056,3,87710851.784817
32.215087890625,76.292934,13.020000457763672,1027.631714,2020-10-12,0.9857519865036011,6,87710852.284816
32.214914,76.303046,9.359999656677246,1079.519043,2020-10-12,0.9774630069732666,8,87710852.7311
32.215074,76.283508,25.489999771118164,970.622192,2020-10-12,0.9575549960136414,5,87710852.239353
32.214743,76.312142,14.069999694824219,1124.580933,2020-10-12,0.9881929755210876,11,87710852.768288
32.214967,76.272734,4.340000152587891,874.227661,2020-10-12,0.9588549733161926,3,87710851.776553
32.214715,76.283086,11.640000343322754,962.675598,2020-10-12,0.9884589910507202,5,87710852.231087
32.214725494384766,76.292506,22.829999923706055,1016.481079,2020-10-12,0.9828979969024658,6,87710852.27655
32.214379,76.311715,16.700001,1120.721191,2020-10-12,0.9860470294952393,11,87710852.760024
32.21436309814453,76.292081,19.729999542236328,1010.896423,2020-10-12,0.9600650072097778,6,87710852.268284
32.214349,76.282654,10.25,976.474426,2020-10-12,0.9903969764709473,5,87710852.222821
32.21418762207031,76.302194,5.130000114440918,1067.578491,2020-10-12,0.9618359804153442,8,87710852.714572
32.214017,76.311291,10.4399995803833,1112.877075,2020-10-12,0.9874079823493958,11,87710852.75176
32.214234,76.271869,23.540001,874.430115,2020-10-12,0.9802870154380798,3,87710851.760025
32.2139778137207,76.282215,24.559999,996.238464,2020-10-12,0.9671609997749329,5,87710852.214555
32.214004,76.291659,7.449999809265137,1000.482849,2020-10-12,0.9820749759674072,6,87710852.260018
32.21382522583008,76.301768,6.400000095367432,1061.746826,2020-10-12,0.9824159741401672,8,87710852.706308
32.213869,76.271438,19.90999984741211,883.421875,2020-10-12,0.954122006893158,3,87710851.751761
32.213653564453125,76.310865,7.21999979019165,1108.327271,2020-10-12,0.9856290221214294,11,87710852.743496
32.213613,76.281786,7.480000019073486,1016.392578,2020-10-12,0.970749020576477,5,87710852.206289
32.213461,76.301341,7.409999847412109,1055.909668,2020-10-12,0.9621570110321045,8,87710852.698044
32.213291,76.310439,4.53000020980835,1104.504272,2020-10-12,0.988860011100769,11,87710852.735232
32.213501,76.271004,26.079999923706055,893.094971,2020-10-12,0.9674230217933655,3,87710851.743497
32.21324920654297,76.281358,17.06999969482422,1004.393066,2020-10-12,0.9575920104980469,5,87710852.198023
32.213099,76.300916,2.7300000190734863,1050.588989,2020-10-12,0.9539859890937805,8,87710852.68978
32.212927,76.310012,4.260000228881836,1102.171875,2020-10-12,0.9684370160102844,11,87710852.726968
32.212885,76.280927,12.5,1015.052185,2020-10-12,0.9798849821090698,5,87710852.189757
32.212919,76.290381,8.760000228881836,971.910156,2020-10-12,0.9651970267295837,6,87710852.23522
32.212735,76.300489,4.789999961853027,1044.588135,2020-10-12,0.9671570062637329,8,87710852.681516
32.212554931640625,76.289952,12.869999885559082,969.848755,2020-10-12,0.9646289944648743,6,87710852.226954
32.212562,76.309583,11.529999732971191,1097.792969,2020-10-12,0.987733006477356,11,87710852.718704
32.212526,76.280503,7.630000114440918,1003.011902,2020-10-12,0.9638400077819824,5,87710852.181491
32.212372,76.300062,8.869999885559082,1037.679077,2020-10-12,0.9574270248413086,8,87710852.673252
32.212199,76.309157,10.739999771118164,1091.865601,2020-10-12,0.9682210087776184,11,87710852.71044
32.212189,76.28952026367188,18.530001,976.166565,2020-10-12,0.9578850269317627,6,87710852.218688
32.212008,76.299636,7.860000133514404,1032.756714,2020-10-12,0.9641510248184204,8,87710852.664988
32.21183395385742,76.308728,14.109999656677246,1092.296265,2020-10-12,0.9855679869651794,11,87710852.702176
32.211824,76.28909301757812,15.829999923706055,982.163513,2020-10-12,0.9646279811859131,6,87710852.210422
32.211644,76.299208,25.950001,1015.373718,2020-10-12,0.9825220108032227,8,87710852.656724
32.211469,76.308298,21.379999,1092.884399,2020-10-12,0.9625290036201477,11,87710852.693912
32.211467,76.288671,8.609999656677246,958.9598999023438,2020-10-12,0.959414005279541,6,87710852.202156
32.211441,76.279224,19.239999771118164,964.863464,2020-10-12,0.9642080068588257,5,87710852.156696
32.211282,76.298783,16.770000457763672,1011.742615,2020-10-12,0.9845150113105774,8,87710852.64846
32.211104,76.307869,30.25,1087.138062,2020-10-12,0.9837779998779297,11,87710852.685648
32.211082458496094,76.278801,5.050000190734863,960.760315,2020-10-12,0.9532849788665771,5,87710852.148432
32.211106,76.288245,10.069999694824219,947.302002,2020-10-12,0.9644190073013306,6,87710852.19389
32.21091842651367,76.298358,33.31999969482422,983.872437,2020-10-12,0.9861000180244446,8,87710852.640196
32.210739,76.30744171142578,24.81999969482422,1096.061768,2020-10-12,0.9875530004501343,11,87710852.677384
32.210718,76.27837371826172,10.25,960.910278,2020-10-12,0.9655600190162659,5,87710852.140168
32.210745,76.2878189086914,4.789999961853027,939.322571,2020-10-12,0.9613959789276123,6,87710852.185624
32.21055603027344,76.297931,32.799999,980.307922,2020-10-12,0.9807559847831726,8,87710852.631932
32.210375,76.307012,25.790001,1096.366699,2020-10-12,0.9605749845504761,11,87710852.66912
32.210383,76.287393,3.890000104904175,934.061951,2020-10-12,0.9561349749565125,6,87710852.177358
32.210355,76.277942,9.949999809265137,958.916016,2020-10-12,0.9598780274391174,5,87710852.131904
32.210193,76.297504,33.72999954223633,974.235657,2020-10-12,0.9559869766235352,8,87710852.623668
32.210009,76.306581,24.600000381469727,1107.318237,2020-10-12,0.9856060147285461,11,87710852.660856
32.209993,76.277515,8.15999984741211,954.8838500976562,2020-10-12,0.965569019317627,5,87710852.12364
32.210018157958984,76.286965,4.110000133514404,930.594604,2020-10-12,0.9617670178413391,6,87710852.169092
32.209829,76.297076,31.260000228881836,978.724976,2020-10-12,0.9819549918174744,8,87710852.615404
32.209658,76.286538,6.809999942779541,921.788757,2020-10-12,0.9633769989013672,6,87710852.160828
32.209643,76.30615234375,25.049999,1119.205811,2020-10-12,0.9806650280952454,11,87710852.652592
32.209629,76.277085,15.050000190734863,951.481384,2020-10-12,0.9756510257720947,5,87710852.115376
32.209467,76.2966537475586,22.540001,977.650391,2020-10-12,0.978983998298645,8,87710852.60714
32.209278,76.30571746826172,22.09000015258789,1126.802979,2020-10-12,0.9630749821662903,11,87710852.644328
32.209296,76.2861099243164,6.429999828338623,918.550049,2020-10-12,0.9555410146713257,6,87710852.152564
32.209104,76.296223,18.040001,975.479919,2020-10-12,0.9817860126495361,8,87710852.598876
32.209268,76.276658,10.479999542236328,948.016418,2020-10-12,0.9528909921646118,5,87710852.107112
32.208915,76.305294,19.950001,1121.729126,2020-10-12,0.9854840040206909,11,87710852.636064
32.208905,76.276229,15.9399995803833,942.011108,2020-10-12,0.9869930148124695,5,87710852.098848
32.208933,76.285681,9.6899995803833,916.035156,2020-10-12,0.9809209704399109,6,87710852.1443
32.208742,76.295798,16.360001,962.727661,2020-10-12,0.9891089797019958,8,87710852.590612
32.20856857299805,76.285254,4.940000057220459,916.452637,2020-10-12,0.9616879820823669,6,87710852.136036
32.208544,76.304853,45.869999,1141.472778,2020-10-12,0.9864150285720825,11,87710852.6278
32.208543,76.275803,10.890000343322754,938.274109,2020-10-12,0.9518550038337708,5,87710852.090584
32.20838165283203,76.295373,14.5600004196167,951.773499,2020-10-12,0.9636690020561218,8,87710852.582348
32.208179,76.304423,33.279999,1159.481689,2020-10-12,0.9564020037651062,11,87710852.619536
32.208205,76.284821,23.989999771118164,909.563416,2020-10-12,0.9848560094833374,6,87710852.127772
32.208018,76.294947,7.0,949.229736,2020-10-12,0.9578999876976013,8,87710852.574084
32.208179,76.275373,19.15999984741211,932.484497,2020-10-12,0.9847829937934875,5,87710852.08232
32.20781707763672,76.303998,19.920000076293945,1162.053101,2020-10-12,0.9832260012626648,11,87710852.611272
32.207822,76.274952,7.860000133514404,914.309937,2020-10-12,0.9637609720230103,5,87710852.074056
32.207842,76.284392,13.319999694824219,919.534363,2020-10-12,0.9830719828605652,6,87710852.119508
32.207649,76.29450988769531,26.579999923706055,960.784424,2020-10-12,0.9891300201416016,8,87710852.56582
32.207454,76.303571,7.369999885559082,1170.974487,2020-10-12,0.9844470024108887,11,87710852.603008
32.20747756958008,76.283963,12.6899995803833,920.446411,2020-10-12,0.966405987739563,6,87710852.111244
32.207464,76.274529,10.100000381469727,890.454102,2020-10-12,0.9793750047683716,5,87710852.065792
32.207278,76.2940673828125,17.559999,1010.629089,2020-10-12,0.9610670208930969,8,87710852.557556
32.207088470458984,76.303143,8.640000343322754,1166.774536,2020-10-12,0.98785400390625,11,87710852.594744
32.207115173339844,76.283534,11.380000114440918,922.068604,2020-10-12,0.9791510105133057,6,87710852.10298
32.206916,76.293643,12.319999694824219,1008.982361,2020-10-12,0.982375979423523,8,87710852.549292
32.206755,76.283109,2.950000047683716,916.295288,2020-10-12,0.9611930251121521,6,87710852.094716
32.206727,76.302715,7.449999809265137,1166.954834,2020-10-12,0.9625269770622253,11,87710852.58648
32.206742,76.273676,2.5799999237060547,876.849854,2020-10-12,0.9729040265083313,5,87710852.049264
32.2065544128418,76.293216,14.520000457763672,997.701355,2020-10-12,0.9845499992370605,8,87710852.541028
32.206363,76.302287,5.050000190734863,1161.870361,2020-10-12,0.9818390011787415,11,87710852.578216
32.206391,76.282679,7.739999771118164,914.613464,2020-10-12,0.965041995048523,6,87710852.086452
32.206379,76.273248,3.740000009536743,873.105103,2020-10-12,0.9570819735527039,5,87710852.041
32.206191,76.292789,15.050000190734863,989.930054,2020-10-12,0.9715120196342468,8,87710852.532764
32.206001,76.301862,3.2899999618530273,1155.673584,2020-10-12,0.9623039960861206,11,87710852.569952
32.206016540527344,76.27281951904297,2.5799999237060547,869.830688,2020-10-12,0.9592549800872803,5,87710852.032736
32.206029,76.282252,2.880000114440918,912.410156,2020-10-12,0.9664909839630127,6,87710852.078188
32.205829,76.292363,9.279999732971191,982.341003,2020-10-12,0.9622089862823486,8,87710852.5245
32.205665588378906,76.281824,2.799999952316284,911.111816,2020-10-12,0.9673219919204712,6,87710852.069924
32.205638,76.301433,14.970000267028809,1143.633545,2020-10-12,0.9806389808654785,11,87710852.561688
32.20565414428711,76.272391,2.690000057220459,867.090454,2020-10-12,0.9644079804420471,5,87710852.024472
32.205466,76.291935,13.25,975.927979,2020-10-12,0.9654170274734497,8,87710852.516236
32.20527648925781,76.301007,5.130000114440918,1141.783203,2020-10-12,0.9657959938049316,11,87710852.553424
32.205291,76.271962,2.8399999141693115,863.943176,2020-10-12,0.9570689797401428,5,87710852.016208
32.205302,76.281393,8.1899995803833,908.981201,2020-10-12,0.9637429714202881,6,87710852.06166
32.20510482788086,76.291509,7.630000114440918,969.910828,2020-10-12,0.986877977848053,8,87710852.507972
32.20491409301758,76.300581,32.68000030517578,1102.465942,2020-10-12,0.9874410033226013,11,87710852.54516
32.204929,76.271534,2.5,860.174561,2020-10-12,0.9505029916763306,5,87710852.007944
32.204941,76.280967,2.5399999618530273,904.728516,2020-10-12,0.9633209705352783,6,87710852.053396
32.204742431640625,76.291081,31.040001,940.77478,2020-10-12,0.9890639781951904,8,87710852.499708
32.204554,76.300159,20.809999,1090.048584,2020-10-12,0.9883720278739929,11,87710852.536896
32.204579,76.280538,5.119999885559082,899.227478,2020-10-12,0.9639700055122375,6,87710852.045132
32.204566,76.271105,2.5799999237060547,857.640808,2020-10-12,0.9556080102920532,5,87710851.99968
32.204381,76.290656,20.700001,935.255371,2020-10-12,0.986972987651825,8,87710852.491444
32.204188,76.299726,38.68000030517578,1086.105225,2020-10-12,0.9840379953384399,11,87710852.528632
32.204203,76.270677,2.5399999618530273,853.223083,2020-10-12,0.9607620239257812,5,87710851.991416
32.20421600341797,76.28011322021484,7.409999847412109,893.182312,2020-10-12,0.9572910070419312,6,87710852.036868
32.20402145385742,76.290232,17.81999969482422,921.168945,2020-10-12,0.9856320023536682,8,87710852.48318
32.203826,76.29930114746094,43.43000030517578,1069.851685,2020-10-12,0.9870669841766357,11,87710852.520368
32.203839,76.270247,6.809999942779541,850.5636596679688,2020-10-12,0.965391993522644,5,87710851.983152
32.203853,76.279681,6.960000038146973,891.826294,2020-10-12,0.978302001953125,6,87710852.028604
32.203657,76.289804,17.860001,916.544922,2020-10-12,0.9815499782562256,8,87710852.474916
32.203468,76.298881,34.0,1044.46814,2020-10-12,0.9832580089569092,11,87710852.512104
32.203492,76.279256,2.8399999141693115,884.108032,2020-10-12,0.9584829807281494,6,87710852.02034
32.203294,76.289377,15.420000076293945,911.981995,2020-10-12,0.965490996837616,8,87710852.466652
32.203105,76.298453,34.970001,1040.984863,2020-10-12,0.9806110262870789,11,87710852.50384
32.203125,76.27881622314453,14.149999618530273,889.874512,2020-10-12,0.9852039813995361,6,87710852.012076
32.202932,76.288949,13.779999732971191,906.664307,2020-10-12,0.988768994808197,8,87710852.458388
32.202758,76.278386,14.630000114440918,908.798706,2020-10-12,0.9818779826164246,6,87710852.003812
32.20274353027344,76.298028,27.889999,1031.25354,2020-10-12,0.9909840226173401,11,87710852.495576
32.202569,76.288521,14.039999961853027,901.794067,2020-10-12,0.9641640186309814,8,87710852.450124
32.20238494873047,76.297607,17.219999,1012.425781,2020-10-12,0.9886950254440308,11,87710852.487312
32.202394,76.277956,14.5600004196167,906.931946,2020-10-12,0.9698899984359741,6,87710851.995548
32.202205657958984,76.288093,15.119999885559082,897.598999,2020-10-12,0.9550129771232605,8,87710852.44186
32.202024,76.297183,18.530001,991.379150390625,2020-10-12,0.9750880002975464,11,87710852.479048
32.202033,76.277529,12.84000015258789,900.786438,2020-10-12,0.9699519872665405,6,87710851.987284
32.20184326171875,76.287665,15.010000228881836,894.274658,2020-10-12,0.9817420244216919,8,87710852.433596
32.201662,76.296757,18.420000076293945,984.410034,2020-10-12,0.9918519854545593,11,87710852.470784
32.201671,76.277103,11.899999618530273,892.760071,2020-10-12,0.969389021396637,6,87710851.97902
32.201479,76.287236,18.68000030517578,890.396118,2020-10-12,0.9589170217514038,8,87710852.425332
32.201297,76.29632568359375,21.860001,984.913391,2020-10-12,0.9931280016899109,11,87710852.46252
32.201307,76.276673,17.520000457763672,888.376953,2020-10-12,0.9875059723854065,6,87710851.970756
32.200934,76.295897,18.870001,987.403687,2020-10-12,0.9840400218963623,11,87710852.454256
32.20094299316406,76.276243,21.370001,884.88678,2020-10-12,0.979964017868042,6,87710851.962492
32.200754,76.286383,9.09000015258789,882.018982,2020-10-12,0.9609689712524414,8,87710852.408804
32.2005729675293,76.295474,20.06999969482422,964.135742,2020-10-12,0.9867429733276367,11,87710852.445992
32.200582,76.275816,16.360001,879.855957,2020-10-12,0.9638789892196655,6,87710851.954228
32.200212,76.295049,23.959999,946.461121,2020-10-12,0.9865350127220154,11,87710852.437728
32.200218200683594,76.275390625,10.59000015258789,874.073486,2020-10-12,0.9613990187644958,6,87710851.945964
32.200026,76.285524,18.379999,874.511353,2020-10-12,0.9561700224876404,8,87710852.392274
32.199859619140625,76.274965,2.6500000953674316,868.702637,2020-10-12,0.9762009978294373,6,87710851.9377
32.199849,76.294621,31.670000076293945,934.167053,2020-10-12,0.9839490056037903,11,87710852.429464
32.19966506958008,76.28510284423828,4.039999961853027,871.080505,2020-10-12,0.9624800086021423,8,87710852.384008
32.199485,76.294192,28.829999923706055,937.911438,2020-10-12,0.9833880066871643,11,87710852.4212
32.199496,76.274535,5.570000171661377,863.315125,2020-10-12,0.9652000069618225,6,87710851.929436
32.199301,76.28466796875,13.850000381469727,864.866638,2020-10-12,0.9563279747962952,8,87710852.375742
32.199122,76.293764,18.489999771118164,945.545166,2020-10-12,0.9893500208854675,11,87710852.412936
32.199132,76.274105,12.569999694824219,858.014771,2020-10-12,0.9755979776382446,6,87710851.921172
32.198756,76.29332733154297,21.299999,957.788818,2020-10-12,0.9869329929351807,11,87710852.404672
32.198769,76.273678,9.649999618530273,854.343994,2020-10-12,0.9633100032806396,6,87710851.912908
32.198575,76.283816,9.130000114440918,857.84613,2020-10-12,0.9580060243606567,8,87710852.35921
32.198394775390625,76.292906,15.09000015258789,948.249084,2020-10-12,0.9830399751663208,11,87710852.396407
32.198407,76.27324676513672,7.860000133514404,848.7264404296875,2020-10-12,0.9708750247955322,6,87710851.904644
32.198211,76.283388,9.920000076293945,855.126953,2020-10-12,0.9598299860954285,8,87710852.350944
32.198033,76.292481,25.90999984741211,924.077271,2020-10-12,0.9891790151596069,11,87710852.388141
32.198042,76.272819,21.709999,841.579468,2020-10-12,0.9814450144767761,6,87710851.89638
32.197848,76.282958984375,9.279999732971191,852.366821,2020-10-12,0.9705299735069275,8,87710852.342678
32.197673,76.292058,22.84000015258789,906.296631,2020-10-12,0.9854689836502075,11,87710852.379875
32.197681,76.272393,10.930000305175781,838.704102,2020-10-12,0.985073983669281,6,87710851.888116
32.197484,76.282531,12.390000343322754,851.269775,2020-10-12,0.9824650287628174,8,87710852.334412
32.19731140136719,76.291632,26.239999771118164,894.674438,2020-10-12,0.9872289896011353,11,87710852.371609
32.197318,76.27196502685547,6.619999885559082,837.126892,2020-10-12,0.9893929958343506,6,87710851.879852
32.197120666503906,76.282103,13.359999656677246,848.851929,2020-10-12,0.9623820185661316,8,87710852.326146
32.196954,76.271536,8.3100004196167,835.495849609375,2020-10-12,0.9648749828338623,6,87710851.871588
32.196949,76.291208,17.739999771118164,885.681396,2020-10-12,0.9893079996109009,11,87710852.363343
32.196757,76.281676,16.65999984741211,840.119019,2020-10-12,0.9844670295715332,8,87710852.31788
32.19658660888672,76.290782,25.350000381469727,868.540955,2020-10-12,0.9851639866828918,11,87710852.355077
32.196591,76.271107,10.890000343322754,831.713928,2020-10-12,0.9651299715042114,6,87710851.863324
32.196394,76.281249,24.489999771118164,826.473083,2020-10-12,0.982388973236084,8,87710852.309614
32.196225,76.290358,14.640000343322754,861.448914,2020-10-12,0.9672669768333435,11,87710852.346811
32.19622802734375,76.270679,6.360000133514404,828.760925,2020-10-12,0.959991991519928,6,87710851.85506
32.196034,76.280826,10.479999542236328,818.873108,2020-10-12,0.9827799797058105,8,87710852.301348
32.195863,76.289932,17.06999969482422,851.866943,2020-10-12,0.9708020091056824,11,87710852.338545
32.195864,76.270249,17.850000381469727,818.935059,2020-10-12,0.9884870052337646,6,87710851.846796
32.19567108154297,76.280398,9.319999694824219,819.691650390625,2020-10-12,0.962037980556488,8,87710852.293082
32.195501,76.289507,13.140000343322754,843.292664,2020-10-12,0.9662460088729858,11,87710852.330279
32.195306,76.279969,4.679999828338623,828.002258,2020-10-12,0.9611600041389465,8,87710852.284816
32.19513702392578,76.289079,16.700001,835.632629,2020-10-12,0.9654279947280884,11,87710852.322013
32.194941,76.279538,7.21999979019165,831.636841,2020-10-12,0.9672799706459045,8,87710852.27655
32.194773,76.28865051269531,12.239999771118164,841.744263,2020-10-12,0.9722359776496887,11,87710852.313747
32.194578,76.279112,2.5399999618530273,829.399475,2020-10-12,0.9557530283927917,8,87710852.268284
32.19440841674805,76.288223,10.739999771118164,839.520203,2020-10-12,0.9710670113563538,11,87710852.305481
32.194215,76.278685,2.430000066757202,826.455811,2020-10-12,0.9523389935493469,8,87710852.260018
32.19404602050781,76.287795,12.649999618530273,836.791321,2020-10-12,0.9725670218467712,11,87710852.297215
32.193849,76.278253,14.75,823.850403,2020-10-12,0.9806349873542786,8,87710852.251752
32.193683,76.287367,14.039999961853027,835.173035,2020-10-12,0.9708380103111267,11,87710852.288949
32.193487,76.277827,9.65999984741211,821.778992,2020-10-12,0.9666650295257568,8,87710852.243486
32.193321228027344,76.28694152832031,8.869999885559082,833.683167,2020-10-12,0.9674440026283264,11,87710852.280683
32.19312286376953,76.277399,10.220000267028809,819.004639,2020-10-12,0.9640870094299316,8,87710852.23522
32.192956,76.286512,12.579999923706055,829.397339,2020-10-12,0.9874060153961182,11,87710852.272417
32.192592,76.286083,15.979999542236328,826.503723,2020-10-12,0.9655770063400269,11,87710852.264151
32.19239807128906,76.276546,2.5,812.813965,2020-10-12,0.9643890261650085,8,87710852.218688
32.192230224609375,76.285657,10.4399995803833,822.930237,2020-10-12,0.9724379777908325,11,87710852.255885
32.192035,76.276118,2.619999885559082,809.501831,2020-10-12,0.9580100178718567,8,87710852.210422
32.191866,76.285229,13.890000343322754,820.595215,2020-10-12,0.9646109938621521,11,87710852.247619
32.191672,76.275691,2.7300000190734863,806.576904,2020-10-12,0.9581350088119507,8,87710852.202156
32.191503,76.284802,10.109999656677246,818.743713,2020-10-12,0.9822149872779846,11,87710852.239353
32.191309,76.275262,3.3299999237060547,803.990112,2020-10-12,0.9611480236053467,8,87710852.19389
32.191139221191406,76.284374,9.359999656677246,816.806213,2020-10-12,0.9671000242233276,11,87710852.231087
32.190946,76.274835,2.5,801.057922,2020-10-12,0.9561200141906738,8,87710852.185624
32.19077682495117,76.283946,9.579999923706055,814.822815,2020-10-12,0.9662500023841858,11,87710852.222821
32.190583,76.274406,4.300000190734863,797.736938,2020-10-12,0.9557769894599915,8,87710852.177358
32.190413,76.283518,10.029999732971191,811.751282,2020-10-12,0.9665229916572571,11,87710852.214555
32.190219,76.273976,12.390000343322754,794.439941,2020-10-12,0.9641960263252258,8,87710852.169092
32.19004821777344,76.283091,17.139999,802.258728,2020-10-12,0.9704729914665222,11,87710852.206289
32.189856,76.273548,11.229999542236328,791.769592,2020-10-12,0.96281898021698,8,87710852.160828
32.189688,76.282665,15.979999542236328,791.769165,2020-10-12,0.9673780202865601,11,87710852.198023
32.189494,76.273123,2.8399999141693115,788.761047,2020-10-12,0.957921028137207,8,87710852.152564
32.189328,76.282242,21.600000381469727,767.005859,2020-10-12,0.9853209853172302,11,87710852.189757
32.18912887573242,76.272692,14.710000038146973,785.746399,2020-10-12,0.9524469971656799,8,87710852.1443
32.188967,76.281818,12.350000381469727,761.613342,2020-10-12,0.982125997543335,11,87710852.181491
32.188768,76.272266,8.529999732971191,781.876404,2020-10-12,0.9620159864425659,8,87710852.136036
32.188597,76.281377,29.879999,784.496521,2020-10-12,0.9688990116119385,11,87710852.173225
32.18840408325195,76.271837,13.930000305175781,779.133057,2020-10-12,0.9552509784698486,8,87710852.127772
32.188235,76.280952,8.529999732971191,795.356567,2020-10-12,0.9625930190086365,11,87710852.16496
32.188042,76.271408,13.65999984741211,776.62323,2020-10-12,0.9580960273742676,8,87710852.119508
32.187872,76.280523,8.829999923706055,793.869507,2020-10-12,0.9636269807815552,11,87710852.156696
32.187679,76.270981,12.020000457763672,773.585754,2020-10-12,0.9673680067062378,8,87710852.111244
32.187509,76.280095,8.869999885559082,791.524902,2020-10-12,0.967756986618042,11,87710852.148432
32.18731689453125,76.270554,8.350000381469727,770.861267,2020-10-12,0.9524199962615967,8,87710852.10298
32.187146,76.279667,11.039999961853027,788.213806,2020-10-12,0.9757030010223389,11,87710852.140168
32.186954498291016,76.270125,9.960000038146973,768.204163,2020-10-12,0.9626259803771973,8,87710852.094716
32.186784,76.279239,10.369999885559082,784.819092,2020-10-12,0.9643210172653198,11,87710852.131904
32.186421,76.278812,3.809999942779541,782.350098,2020-10-12,0.9773769974708557,11,87710852.12364
32.186058044433594,76.278383,8.9399995803833,779.925781,2020-10-12,0.9545390009880066,11,87710852.115376
32.185695,76.277955,8.199999809265137,777.869446,2020-10-12,0.9783710241317749,11,87710852.107112
32.185332,76.277525,10.739999771118164,778.103821,2020-10-12,0.9614250063896179,11,87710852.098848
32.184969,76.277097,8.829999923706055,777.12323,2020-10-12,0.9630740284919739,11,87710852.090584
32.18460464477539,76.276667,13.920000076293945,774.919922,2020-10-12,0.9704700112342834,11,87710852.08232
32.184243,76.276239,12.130000114440918,772.286011,2020-10-12,0.9622030258178711,11,87710852.074056
32.183879,76.275808,21.790001,769.449097,2020-10-12,0.9689000248908997,11,87710852.065792
32.18351745605469,76.275382,14.220000267028809,767.000916,2020-10-12,0.9850339889526367,11,87710852.057528
32.183154,76.274954,14.489999771118164,763.567932,2020-10-12,0.9791169762611389,11,87710852.049264
32.182791,76.274526,13.210000038146973,761.584351,2020-10-12,0.9835420250892639,11,87710852.041
32.182428,76.274097,13.210000038146973,758.957642,2020-10-12,0.9836159944534302,11,87710852.032736
32.182065,76.273669,12.09000015258789,756.363037,2020-10-12,0.9609230160713196,11,87710852.024472
32.181702,76.27323913574219,15.050000190734863,753.765503,2020-10-12,0.9915779829025269,11,87710852.016208
32.181339,76.272812,14.149999618530273,750.389893,2020-10-12,0.9818440079689026,11,87710852.007944
32.180976,76.272383,14.220000267028809,748.029236,2020-10-12,0.9764580130577087,11,87710851.99968
32.18061447143555,76.271956,8.760000228881836,744.698547,2020-10-12,0.9754739999771118,11,87710851.991416
32.180251,76.271528,7.670000076293945,741.368286,2020-10-12,0.9641370177268982,11,87710851.983152
32.179888,76.27110290527344,22.420000076293945,720.197815,2020-10-12,0.986050009727478,11,87710851.974888
32.179526,76.270674,25.270000457763672,706.080627,2020-10-12,0.9839569926261902,11,87710851.966624
32.179167,76.270252,9.279999732971191,697.801758,2020-10-12,0.9683600068092346,11,87710851.95836
32.178804,76.269825,2.5399999618530273,696.481506,2020-10-12,0.9591630101203918,11,87710851.950096
32.261504,76.294036,22.020000457763672,1532.140015,2021-06-06,0.9688360095024109,6,108224119.86427
32.261138,76.294462,21.719999,1547.983032,2021-06-06,0.9790899753570557,6,108224119.872534
32.260653,76.317334,20.450001,1911.690308,2021-06-06,0.96424400806427,3,108224119.802291
32.260509,76.326471,21.690001,2161.980225,2021-06-06,0.9684169888496399,2,108224119.946911
32.260289,76.317761,16.479999542236328,1884.761841,2021-06-06,0.9607380032539368,3,108224119.810555
32.2601432800293,76.326896,23.600000381469727,2189.691406,2021-06-06,0.9568619728088379,2,108224119.955175
32.259065,76.283891,37.310001,1356.54541,2021-06-06,0.9647939801216125,8,108224120.136982
32.25871276855469,76.306287,17.829999923706055,1637.642944,2021-06-06,0.9815700054168701,5,108224120.066738
32.258699,76.284323,37.529999,1385.235596,2021-06-06,0.9601609706878662,8,108224120.145246
32.25835037231445,76.306713,14.079999923706055,1620.059814,2021-06-06,0.9561610221862793,5,108224120.075002
32.258333,76.284753,20.860001,1424.570312,2021-06-06,0.9529280066490173,8,108224120.15351
32.257601,76.28561401367188,26.520000457763672,1458.714478,2021-06-06,0.9739869832992554,8,108224120.170038
32.25685501098633,76.33072662353516,20.299999,2302.256104,2021-06-06,0.9612650275230408,2,108224120.029551
32.25648880004883,76.331157,21.879999,2297.967529,2021-06-06,0.9634280204772949,2,108224120.037815
32.255403,76.332439,8.6899995803833,2167.935303,2021-06-06,0.9588630199432373,2,108224120.062607
32.253577,76.334575,20.34000015258789,2215.904297,2021-06-06,0.9671159982681274,2,108224120.103927
32.253215,76.335003,27.610001,2151.202393,2021-06-06,0.9634960293769836,2,108224120.112191
32.247518,76.332674,15.770000457763672,1820.634155,2021-06-06,0.9592599868774414,3,108224120.099795
32.247153,76.333102,22.059999,1817.587646,2021-06-06,0.9655889868736267,3,108224120.108059
32.246424,76.333957,22.850000381469727,1804.222046,2021-06-06,0.9596440196037292,3,108224120.124587
32.246061,76.334385,20.260000228881836,1773.49292,2021-06-06,0.9638810157775879,3,108224120.132851
32.244241,76.336524,15.989999771118164,1680.525513,2021-06-06,0.9504269957542419,3,108224120.174171
32.220808,76.328758,10.369999885559082,1281.488403,2021-06-06,0.9758790135383606,8,108224121.004758
32.220441,76.329186,27.190001,1277.054565,2021-06-06,0.9625999927520752,8,108224121.013022
32.217512,76.332595,25.770000457763672,1275.984009,2021-06-06,0.9837110042572021,8,108224121.079134
32.217177,76.354981,14.90999984741211,1291.359375,2021-06-06,0.9580180048942566,5,108224121.00889
32.217147,76.333021,24.15999984741211,1270.057251,2021-06-06,0.9597179889678955,8,108224121.087398
32.21678161621094,76.333448,22.510000228881836,1280.783081,2021-06-06,0.9788920283317566,8,108224121.095662
32.216414,76.333873,18.010000228881836,1278.044312,2021-06-06,0.9723749756813049,8,108224121.103926
32.21568298339844,76.334722,7.670000076293945,1264.659912,2021-06-06,0.9811930060386658,8,108224121.120454
32.215318,76.335147,10.970000267028809,1251.379517,2021-06-06,0.9785760045051575,8,108224121.128718
32.214952,76.335572,9.8100004196167,1246.843384,2021-06-06,0.9762279987335205,8,108224121.136982
32.214586,76.335997,9.100000381469727,1237.36145,2021-06-06,0.9808729887008667,8,108224121.145246
32.2142219543457,76.336421,11.5,1217.690674,2021-06-06,0.9755640029907227,8,108224121.15351
32.2138557434082,76.336847,21.389999,1203.383545,2021-06-06,0.9786059856414795,8,108224121.161774
32.2134895324707,76.337272,18.579999923706055,1198.245972,2021-06-06,0.9800029993057251,8,108224121.170038
32.212758,76.338125,16.520000457763672,1204.456055,2021-06-06,0.981905996799469,8,108224121.186566
32.212392,76.338552,8.90999984741211,1214.827759,2021-06-06,0.9841129779815674,8,108224121.19483
32.212027,76.338977,5.989999771118164,1208.22998,2021-06-06,0.9628779888153076,8,108224121.203094
32.211661,76.339404,8.720000267028809,1208.474365,2021-06-06,0.9811210036277771,8,108224121.211358
32.209837,76.341533,6.590000152587891,1175.983521,2021-06-06,0.953432023525238,8,108224121.252678
32.2091064453125,76.342387,6.550000190734863,1178.463745,2021-06-06,0.9523490071296692,8,108224121.269206
32.209009,76.355512,16.139999,1248.856323,2021-06-06,0.9522640109062195,6,108224121.054342
32.208011,76.343669,5.239999771118164,1184.568726,2021-06-06,0.9520230293273926,8,108224121.293998
32.207646,76.344096,5.690000057220459,1182.733765,2021-06-06,0.9752650260925293,8,108224121.302262
32.207545,76.357215,6.210000038146973,1242.716797,2021-06-06,0.9674050211906433,6,108224121.087398
32.207178,76.357641,11.380000114440918,1242.092651,2021-06-06,0.9544640183448792,6,108224121.095662
32.207076,76.335882,7.639999866485596,1150.347168,2021-06-06,0.9870569705963135,11,108224121.17417
32.206916,76.344951,7.260000228881836,1186.994019,2021-06-06,0.9834740161895752,8,108224121.31879
32.206552,76.345377,6.480000019073486,1185.462524,2021-06-06,0.9567829966545105,8,108224121.327054
32.205979,76.337158203125,10.329999923706055,1136.005981,2021-06-06,0.9519889950752258,11,108224121.198962
32.205458,76.346658,5.349999904632568,1181.795044,2021-06-06,0.9772700071334839,8,108224121.351846
32.204729,76.347512,11.529999732971191,1170.629883,2021-06-06,0.9719719886779785,8,108224121.368374
32.20436477661133,76.347939,20.110001,1156.603027,2021-06-06,0.9790170192718506,8,108224121.376638
32.204001,76.3483657836914,16.969999,1155.79541,2021-06-06,0.9823629856109619,8,108224121.384902
32.262864,76.333509,36.959999,2474.492676,2021-09-02,0.9854099750518799,11,115789067.635551
32.262498,76.333942,28.799999,2505.21167,2021-09-02,0.9854009747505188,11,115789067.643815
32.26239013671875,76.343071,15.279999732971191,2722.777588,2021-09-02,0.9642680287361145,8,115789067.788435
32.261866,76.365761,17.110001,2306.776123,2021-09-02,0.9684240221977234,5,115789067.722323
32.262129,76.334387,49.959999,2552.065918,2021-09-02,0.9848430156707764,11,115789067.652079
32.262031,76.343485,30.290001,2658.89624,2021-09-02,0.9787189960479736,8,115789067.796699
32.261505126953125,76.366182,21.270000457763672,2272.741211,2021-09-02,0.9718350172042847,5,115789067.730587
32.261394,76.335267,28.350000381469727,2674.479004,2021-09-02,0.9816169738769531,11,115789067.668607
32.261313,76.344312,23.370001,2560.635254,2021-09-02,0.9839580059051514,8,115789067.813227
32.261028,76.335703,30.139999,2705.296143,2021-09-02,0.9699450135231018,11,115789067.676871
32.260949,76.34474182128906,32.240002,2555.650635,2021-09-02,0.9866979718208313,8,115789067.821491
32.260588,76.345161,32.200001,2531.682617,2021-09-02,0.9724010229110718,8,115789067.829755
32.260068,76.367849,10.0,2079.238037,2021-09-02,0.9550769925117493,5,115789067.763643
32.260222,76.345594,42.169998,2541.73999,2021-09-02,0.9764869809150696,8,115789067.838019
32.259861,76.346014,9.430000305175781,2546.564697,2021-09-02,0.9575830101966858,8,115789067.846283
32.259698,76.36829376220703,18.09000015258789,2145.380859,2021-09-02,0.9828029870986938,5,115789067.771907
32.259331,76.368724,39.060001,2161.664551,2021-09-02,0.9884260296821594,5,115789067.780171
32.259501,76.346433,24.34000015258789,2497.961914,2021-09-02,0.9715849757194519,8,115789067.854547
32.258966,76.369153,37.0,2172.011963,2021-09-02,0.9835829734802246,5,115789067.788435
32.25886154174805,76.338222,39.279999,2539.745117,2021-09-02,0.9866570234298706,11,115789067.726455
32.258599,76.369587,26.370001,2222.299316,2021-09-02,0.9657379984855652,5,115789067.796699
32.25849914550781,76.338634,42.02000045776367,2483.062988,2021-09-02,0.9798629879951477,11,115789067.734719
32.258231,76.370024,23.329999923706055,2275.781494,2021-09-02,0.9902700185775757,5,115789067.804963
32.258143,76.339041,11.979999542236328,2440.395996,2021-09-02,0.954459011554718,11,115789067.742983
32.257865,76.370454,14.119999885559082,2301.098389,2021-09-02,0.97052401304245,5,115789067.813227
32.25749588012695,76.370893,29.700001,2346.689941,2021-09-02,0.959164023399353,5,115789067.821491
32.257781982421875,76.339459,15.010000228881836,2404.724854,2021-09-02,0.9822739958763123,11,115789067.751247
32.257421,76.339877,21.079999923706055,2364.670898,2021-09-02,0.9794300198554993,11,115789067.759511
32.25712966918945,76.371326,23.81999969482422,2378.131592,2021-09-02,0.9904630184173584,5,115789067.829755
32.257059,76.340299,32.169998,2330.375244,2021-09-02,0.982200026512146,11,115789067.767775
32.256768,76.371748,25.920000076293945,2352.496826,2021-09-02,0.9803019762039185,5,115789067.838019
32.256697,76.340718,26.959999,2309.581055,2021-09-02,0.9826740026473999,11,115789067.776039
32.256335,76.341142,13.289999961853027,2314.151123,2021-09-02,0.9615010023117065,11,115789067.784303
32.255607,76.341998,24.190001,2310.049316,2021-09-02,0.9860879778862,11,115789067.800831
32.255242,76.342427,28.420000076293945,2310.41333,2021-09-02,0.9907910227775574,11,115789067.809095
32.254878,76.342855,8.649999618530273,2335.864746,2021-09-02,0.9876329898834229,11,115789067.817359
32.254515,76.34327697753906,8.420000076293945,2328.026855,2021-09-02,0.9728659987449646,11,115789067.825623
32.254212,76.37476348876953,11.380000114440918,2468.656494,2021-09-02,0.9825909733772278,5,115789067.895867
32.253852,76.375179,24.040001,2411.755615,2021-09-02,0.9876520037651062,5,115789067.904131
32.254152,76.343705,24.530001,2294.940186,2021-09-02,0.9735379815101624,11,115789067.833887
32.253792,76.3441162109375,20.219999,2258.087891,2021-09-02,0.984220027923584,11,115789067.842151
32.253491,76.37560272216797,28.690001,2376.268066,2021-09-02,0.9782660007476807,5,115789067.912395
32.253432,76.34453582763672,39.990002,2197.210449,2021-09-02,0.9816759824752808,11,115789067.850415
32.253132,76.376018,29.920000076293945,2325.166748,2021-09-02,0.9814680218696594,5,115789067.920659
32.253072,76.3449478149414,32.049999,2156.246826,2021-09-02,0.9754279851913452,11,115789067.858679
32.25277328491211,76.376435,46.709999,2250.793457,2021-09-02,0.9884970188140869,5,115789067.928923
32.252713,76.345364,34.900002,2099.646484,2021-09-02,0.9770690202713013,11,115789067.866943
32.252414,76.37684631347656,33.220001,2199.289307,2021-09-02,0.9838399887084961,5,115789067.937187
32.252347,76.3458023071289,54.0,2111.603271,2021-09-02,0.9673629999160767,11,115789067.875207
32.251983,76.346227,35.15999984741211,2129.357422,2021-09-02,0.9880520105361938,11,115789067.883471
32.251617431640625,76.3466567993164,30.479999542236328,2154.677734,2021-09-02,0.9869080185890198,11,115789067.891735
32.251487,76.355864,17.600000381469727,2577.776855,2021-09-02,0.9678440093994141,8,115789068.036378
32.251252,76.347093,18.760000228881836,2188.062744,2021-09-02,0.9686579704284668,11,115789067.899999
32.251126,76.356284,22.729999542236328,2541.979248,2021-09-02,0.9824399948120117,8,115789068.044644
32.250884,76.347535,41.56999969482422,2216.856689,2021-09-02,0.9853450059890747,11,115789067.908263
32.250765,76.356704,36.02000045776367,2496.484863,2021-09-02,0.9645310044288635,8,115789068.05291
32.250518,76.347969,14.489999771118164,2269.340576,2021-09-02,0.9838650226593018,11,115789067.916527
32.250406,76.357118,20.969999,2458.515381,2021-09-02,0.9872940182685852,8,115789068.061176
32.250414,76.370069,21.979999542236328,2014.98584,2021-09-02,0.9824119806289673,6,115789067.842151
32.25004577636719,76.370506,39.779999,2047.826172,2021-09-02,0.9869850277900696,6,115789067.850415
32.250149,76.348412,31.120001,2310.960938,2021-09-02,0.9887130260467529,11,115789067.924791
32.249682,76.370935,25.729999542236328,2067.543701,2021-09-02,0.9851840138435364,6,115789067.858679
32.249327,76.358366,8.609999656677246,2334.794678,2021-09-02,0.9779049754142761,8,115789068.085974
32.249315,76.37136840820312,28.84000015258789,2101.826416,2021-09-02,0.985388994216919,6,115789067.866943
32.248952,76.371797,21.760000228881836,2108.964599609375,2021-09-02,0.9842380285263062,6,115789067.875207
32.248964,76.358789,10.670000076293945,2313.220459,2021-09-02,0.9907609820365906,8,115789068.09424
32.248600006103516,76.359218,10.859999656677246,2315.658447,2021-09-02,0.9593570232391357,8,115789068.102506
32.248592376708984,76.372213,29.290001,2041.810913,2021-09-02,0.9868549704551697,6,115789067.883471
32.248232,76.37262725830078,51.84000015258789,1969.824707,2021-09-02,0.9912269711494446,6,115789067.891735
32.247871,76.373046875,44.380001,1937.864502,2021-09-02,0.9851019978523254,6,115789067.899999
32.247501373291016,76.36051940917969,23.959999,2372.037354,2021-09-02,0.9720699787139893,8,115789068.127304
32.24750900268555,76.373469,32.580002,1908.286377,2021-09-02,0.9871360063552856,6,115789067.908263
32.247148,76.373891,39.029999,1870.255493,2021-09-02,0.9899320006370544,6,115789067.916527
32.247222,76.351887,15.15999984741211,2518.515869,2021-09-02,0.9886559844017029,11,115789067.990915
32.247136,76.360949,25.239999771118164,2376.852295,2021-09-02,0.9777889847755432,8,115789068.13557
32.24686050415039,76.352308,20.260000228881836,2488.638184,2021-09-02,0.9806839823722839,11,115789067.999181
32.246768951416016,76.361381,23.219999,2393.858643,2021-09-02,0.9862149953842163,8,115789068.143836
32.246498,76.35272979736328,22.799999,2465.02417,2021-09-02,0.9795060157775879,11,115789068.007447
32.24640655517578,76.361806,9.770000457763672,2395.145996,2021-09-02,0.9810730218887329,8,115789068.152102
32.246137,76.353149,25.879999,2425.856689,2021-09-02,0.9856809973716736,11,115789068.015713
32.246045,76.362226,31.379999,2343.272217,2021-09-02,0.9860349893569946,8,115789068.160368
32.245776,76.353566,29.620001,2380.496826,2021-09-02,0.9841340184211731,11,115789068.023979
32.245685,76.362642,33.06999969482422,2295.80542,2021-09-02,0.9883430004119873,8,115789068.168634
32.24541473388672,76.353984,22.09000015258789,2350.753174,2021-09-02,0.9887890219688416,11,115789068.032245
32.245325,76.363058,37.93000030517578,2245.264648,2021-09-02,0.9883670210838318,8,115789068.176898
32.245052337646484,76.354409,32.540001,2329.059814,2021-09-02,0.9889619946479797,11,115789068.040511
32.244967,76.363469,31.940001,2187.128418,2021-09-02,0.971248984336853,8,115789068.185162
32.244955,76.376482,20.040001,2015.595337,2021-09-02,0.9631749987602234,6,115789067.966117
32.244691,76.354827,30.40999984741211,2291.082031,2021-09-02,0.9819549918174744,11,115789068.048777
32.24424743652344,76.36430358886719,35.43000030517578,2090.831787,2021-09-02,0.9858739972114563,8,115789068.20169
32.244331,76.355242,33.400002,2240.291504,2021-09-02,0.9854580163955688,11,115789068.057043
32.243971,76.355656,29.729999542236328,2193.593506,2021-09-02,0.9806240200996399,11,115789068.065309
32.243888,76.364712,21.75,2045.935181,2021-09-02,0.9868249893188477,8,115789068.209954
32.24361038208008,76.356073,34.0,2148.333008,2021-09-02,0.9817950129508972,11,115789068.073575
32.243528,76.36512756347656,24.40999984741211,2004.155151,2021-09-02,0.9823600053787231,8,115789068.218218
32.243249,76.356489,28.010000228881836,2107.980957,2021-09-02,0.9821479916572571,11,115789068.081841
32.24317169189453,76.365541,27.40999984741211,1936.055664,2021-09-02,0.9858239889144897,8,115789068.226482
32.242889,76.356905,21.979999542236328,2067.997559,2021-09-02,0.9830629825592041,11,115789068.090107
32.242808,76.36595916748047,25.010000228881836,1905.994141,2021-09-02,0.9826110005378723,8,115789068.234746
32.242526,76.357328,15.010000228881836,2056.875732,2021-09-02,0.9629240036010742,11,115789068.098373
32.242448,76.366377,36.290001,1854.749756,2021-09-02,0.9877189993858337,8,115789068.24301
32.242162,76.357756,14.380000114440918,2056.287354,2021-09-02,0.9738410115242004,11,115789068.106639
32.242086,76.366797,42.02000045776367,1818.799683,2021-09-02,0.9868360161781311,8,115789068.251274
32.241796,76.358188,24.68000030517578,2061.589355,2021-09-02,0.986506998538971,11,115789068.114905
32.241724,76.367218,39.169998,1796.377808,2021-09-02,0.9893800020217896,8,115789068.259538
32.241433,76.358613,24.260000228881836,2052.221191,2021-09-02,0.9861080050468445,11,115789068.123171
32.241366,76.367628,15.720000267028809,1755.193726,2021-09-02,0.9649279713630676,8,115789068.267802
32.24106979370117,76.359035,24.229999542236328,2032.216797,2021-09-02,0.9862859845161438,11,115789068.131437
32.241004,76.368047,21.079999923706055,1715.009644,2021-09-02,0.9748950004577637,8,115789068.276066
32.240708,76.359455,20.780001,2005.283325,2021-09-02,0.9810029864311218,11,115789068.139703
32.24064254760742,76.368466,9.210000038146973,1696.42981,2021-09-02,0.9702699780464172,8,115789068.28433
32.2403450012207,76.35987854003906,35.950001,1976.487061,2021-09-02,0.9868220090866089,11,115789068.147969
32.240269,76.368919,33.18000030517578,1766.774536,2021-09-02,0.9860140085220337,8,115789068.292594
32.23990249633789,76.369351,22.280001,1796.24353,2021-09-02,0.9868789911270142,8,115789068.300858
32.239982,76.360305,25.010000228881836,1977.46936,2021-09-02,0.9878820180892944,11,115789068.156235
32.23961639404297,76.360736,31.040001,1982.746826,2021-09-02,0.988303005695343,11,115789068.164501
32.239531,76.369796,51.189999,1832.290527,2021-09-02,0.9878339767456055,8,115789068.309122
32.239252,76.361162,33.400002,1976.297974,2021-09-02,0.9893040060997009,11,115789068.172766
32.239158630371094,76.370241,35.009998,1915.46521,2021-09-02,0.987309992313385,8,115789068.317386
32.238887786865234,76.361589,46.139999,1959.842041,2021-09-02,0.9846069812774658,11,115789068.18103
32.238792419433594,76.370678,38.5,1951.581665,2021-09-02,0.9843059778213501,8,115789068.32565
32.238528,76.362005,22.84000015258789,1935.80603,2021-09-02,0.9852150082588196,11,115789068.189294
32.238426208496094,76.371109,45.650002,1955.778687,2021-09-02,0.9842100143432617,8,115789068.333914
32.23816680908203,76.362418,19.059999,1886.878052,2021-09-02,0.987034022808075,11,115789068.197558
32.238058,76.371547,42.650002,1997.758911,2021-09-02,0.9645090103149414,8,115789068.342178
32.237807,76.362834,27.149999618530273,1835.444946,2021-09-02,0.9851559996604919,11,115789068.205822
32.237688,76.371987,34.939999,2053.640137,2021-09-02,0.9879630208015442,8,115789068.350442
32.23744583129883,76.363248,38.68000030517578,1771.585815,2021-09-02,0.9705560207366943,11,115789068.214086
32.23708724975586,76.363659,55.610001,1689.283325,2021-09-02,0.9862899780273438,11,115789068.22235
32.236957,76.372847,23.479999542236328,2086.391357,2021-09-02,0.9838259816169739,8,115789068.36697
32.23672866821289,76.364064,26.209999,1634.855225,2021-09-02,0.9833359718322754,11,115789068.230614
32.236589,76.373282,21.040001,2117.891113,2021-09-02,0.9877690076828003,8,115789068.375234
32.236368,76.364481,11.720000267028809,1611.391602,2021-09-02,0.9809899926185608,11,115789068.238878
32.23622512817383,76.373708,43.06999969482422,2089.816406,2021-09-02,0.9918010234832764,8,115789068.383498
32.235997,76.364929,36.439999,1663.067871,2021-09-02,0.9908990263938904,11,115789068.247142
32.235862,76.374132,28.049999,2090.141602,2021-09-02,0.9854919910430908,8,115789068.391762
32.235633,76.365358,3.5199999809265137,1700.079346,2021-09-02,0.9739320278167725,11,115789068.255406
32.235499,76.374555,27.219999,2075.970703,2021-09-02,0.9812359809875488,8,115789068.400026
32.235267639160156,76.365784,3.930000066757202,1694.627441,2021-09-02,0.9734629988670349,11,115789068.26367
32.235132,76.374989,39.919998,2087.538086,2021-09-02,0.9855599999427795,8,115789068.40829
32.234903,76.366213,15.239999771118164,1686.689453,2021-09-02,0.9815959930419922,11,115789068.271934
32.23453903198242,76.366635,20.739999771118164,1662.508423,2021-09-02,0.9860190153121948,11,115789068.280198
32.234397888183594,76.375855,25.760000228881836,2146.144775,2021-09-02,0.967087984085083,8,115789068.424818
32.23417663574219,76.36705780029297,15.130000114440918,1655.805664,2021-09-02,0.9921010136604309,11,115789068.288462
32.234033,76.376284,29.549999,2149.427246,2021-09-02,0.9833559989929199,8,115789068.433082
32.233812,76.367488,23.100000381469727,1651.973877,2021-09-02,0.9721429944038391,11,115789068.296726
32.23344421386719,76.367925,51.639999,1655.576538,2021-09-02,0.9886299967765808,11,115789068.30499
32.233079,76.36835479736328,30.290001,1688.851562,2021-09-02,0.9835619926452637,11,115789068.313254
32.232714,76.368783,32.130001,1686.526245,2021-09-02,0.9887660145759583,11,115789068.321518
32.232348,76.369214,26.100000381469727,1707.418213,2021-09-02,0.9859309792518616,11,115789068.329782
32.231979,76.369658,52.09000015258789,1742.629272,2021-09-02,0.9889940023422241,11,115789068.338046
32.231612,76.370093,46.099998,1780.565674,2021-09-02,0.9867240190505981,11,115789068.34631
32.231244,76.370532,50.330002,1817.146729,2021-09-02,0.9916340112686157,11,115789068.354574
32.23087692260742,76.370966,39.72999954223633,1851.701904,2021-09-02,0.9882619976997375,11,115789068.362838
32.230506896972656,76.37140655517578,40.139999,1915.064697,2021-09-02,0.9889330267906189,11,115789068.371102
32.230142,76.371838,42.619999,1916.381592,2021-09-02,0.9822949767112732,11,115789068.379366
32.229775,76.372274,45.84000015258789,1943.598022,2021-09-02,0.9878559708595276,11,115789068.38763
32.229408,76.372708,39.549999,1975.599487,2021-09-02,0.9693999886512756,11,115789068.395894
32.228673,76.373583,38.830002,2052.598633,2021-09-02,0.9807189702987671,11,115789068.412422
32.228305,76.374021,33.959999,2096.019287,2021-09-02,0.9900609850883484,11,115789068.420686
32.227935791015625,76.374462,28.350000381469727,2153.079346,2021-09-02,0.9878320097923279,11,115789068.42895
32.227569,76.374898,21.309999,2194.562012,2021-09-02,0.9747809767723083,11,115789068.437214
32.227201,76.37533569335938,25.5,2230.275635,2021-09-02,0.9662060141563416,11,115789068.445478
32.22683334350586,76.375772,28.079999923706055,2263.181641,2021-09-02,0.9740650057792664,11,115789068.453742
32.226468,76.376203,34.189999,2267.661865,2021-09-02,0.9819369912147522,11,115789068.462006
32.234718,76.323908,14.199999809265137,1650.365234,2021-11-12,0.9628419876098633,0,121994137.600172
32.234353,76.324335,6.199999809265137,1659.054321,2021-11-12,0.9639350175857544,0,121994137.608438
32.23396682739258,76.324767,28.06999969482422,1672.440674,2021-11-12,0.9553120136260986,0,121994137.616704
32.233598,76.3251953125,25.0,1681.845215,2021-11-12,0.9566490054130554,0,121994137.62497
32.233259,76.32561492919922,19.31999969482422,1644.166138,2021-11-12,0.9704869985580444,0,121994137.633236
32.232549,76.326464,12.4399995803833,1616.172241,2021-11-12,0.9681379795074463,0,121994137.649768
32.232199,76.326887,17.969999,1586.573975,2021-11-12,0.972121000289917,0,121994137.658034
32.231843,76.327311,15.100000381469727,1574.535522,2021-11-12,0.9621719717979431,0,121994137.6663
32.231491,76.327735,9.380000114440918,1557.830811,2021-11-12,0.959542989730835,0,121994137.674566
32.231126,76.328161,15.470000267028809,1552.056396,2021-11-12,0.9664300084114075,0,121994137.682832
32.230781,76.328583,20.06999969482422,1514.925781,2021-11-12,0.9677680134773254,0,121994137.691098
32.229734,76.32984924316406,21.0,1434.120483,2021-11-12,0.9657829999923706,0,121994137.715892
32.229383,76.330273,13.079999923706055,1418.427124,2021-11-12,0.9596620202064514,0,121994137.724156
32.228294372558594,76.322359,9.300000190734863,1594.432617,2021-11-12,0.9681749939918518,1,121994137.604305
32.228312,76.331546,11.770000457763672,1380.202271,2021-11-12,0.9733330011367798,0,121994137.748948
32.227954,76.33197021484375,14.3100004196167,1367.366089,2021-11-12,0.9727550148963928,0,121994137.757212
32.227927,76.322786,19.65999984741211,1587.164185,2021-11-12,0.9775050282478333,1,121994137.612571
32.227565,76.323213,14.569999694824219,1588.622925,2021-11-12,0.9661650061607361,1,121994137.620837
32.227586,76.332397,24.809999,1361.234375,2021-11-12,0.9564560055732727,0,121994137.765476
32.227209,76.332826,25.600000381469727,1380.302368,2021-11-12,0.956151008605957,0,121994137.77374
32.227208,76.323637,29.379999,1559.096558,2021-11-12,0.9674170017242432,1,121994137.629103
32.226869,76.324057,16.739999771118164,1527.833862,2021-11-12,0.9548559784889221,1,121994137.637369
32.226516,76.324481,16.370001,1506.989502,2021-11-12,0.9680730104446411,1,121994137.645635
32.226465,76.333681,14.569999694824219,1416.163452,2021-11-12,0.962352991104126,0,121994137.790268
32.225794,76.325332,17.940001,1491.601318,2021-11-12,0.9693229794502258,1,121994137.662167
32.225731,76.334534,11.470000267028809,1425.198364,2021-11-12,0.9755200147628784,0,121994137.806796
32.225440979003906,76.325756,16.370001,1474.14563,2021-11-12,0.9685570001602173,1,121994137.670433
32.225352,76.334963,16.399999618530273,1444.504761,2021-11-12,0.9778450131416321,0,121994137.81506
32.225093841552734,76.326177,19.920000076293945,1438.803955,2021-11-12,0.9518700242042542,1,121994137.678699
32.224744,76.32659912109375,10.460000038146973,1422.706055,2021-11-12,0.9612619876861572,1,121994137.686965
32.22460174560547,76.33582305908203,9.40999984741211,1486.884277,2021-11-12,0.971081018447876,0,121994137.831588
32.224388,76.327024,7.400000095367432,1409.740356,2021-11-12,0.9764819741249084,1,121994137.695231
32.22422409057617,76.336248,14.649999618530273,1499.604858,2021-11-12,0.9694859981536865,0,121994137.839852
32.224037170410156,76.327447,6.869999885559082,1386.800293,2021-11-12,0.96424400806427,1,121994137.703496
32.22385025024414,76.336676,9.899999618530273,1519.629517,2021-11-12,0.9580339789390564,0,121994137.848116
32.223678,76.327872,15.25,1368.118408,2021-11-12,0.9592790007591248,1,121994137.71176
32.22347640991211,76.337104,14.569999694824219,1529.631836,2021-11-12,0.9616090059280396,0,121994137.85638
32.223105,76.337531,12.550000190734863,1541.779297,2021-11-12,0.9617760181427002,0,121994137.864644
32.222972,76.328718,17.530001,1325.513306,2021-11-12,0.9665560126304626,1,121994137.728288
32.222368,76.338384,16.969999,1548.280273,2021-11-12,0.9522920250892639,0,121994137.881172
32.222257,76.329567,21.639999,1297.074097,2021-11-12,0.9584050178527832,1,121994137.744816
32.222017,76.33880615234375,21.110001,1519.387573,2021-11-12,0.9682940244674683,0,121994137.889436
32.22167205810547,76.339227,10.050000190734863,1496.955566,2021-11-12,0.9632859826087952,0,121994137.8977
32.221511,76.330423,19.620001,1326.934082,2021-11-12,0.9635940194129944,1,121994137.761344
32.221318,76.33965301513672,10.949999809265137,1477.093628,2021-11-12,0.955115020275116,0,121994137.905964
32.22111892700195,76.330856,21.489999771118164,1369.678833,2021-11-12,0.9707099795341492,1,121994137.769608
32.220603942871094,76.340496,9.9399995803833,1448.967041,2021-11-12,0.9608619809150696,0,121994137.922492
32.22100830078125,76.280675,24.030001,1074.374146,2021-11-12,0.9880369901657104,8,121994137.600171
32.220393,76.331707,24.40999984741211,1361.596924,2021-11-12,0.9736239910125732,1,121994137.786136
32.220626,76.281111,33.939999,1097.572632,2021-11-12,0.9877049922943115,8,121994137.608437
32.220025,76.332133,27.139999,1363.522949,2021-11-12,0.9765390157699585,1,121994137.7944
32.219886779785156,76.341344,15.100000381469727,1419.788452,2021-11-12,0.9616940021514893,0,121994137.93902
32.22026062011719,76.281539,16.329999923706055,1117.551758,2021-11-12,0.9895970225334167,8,121994137.616703
32.21965789794922,76.33255767822266,16.559999,1378.501953,2021-11-12,0.9676700234413147,1,121994137.802664
32.219526,76.341769,22.309999,1405.252319,2021-11-12,0.9721279740333557,0,121994137.947284
32.219905,76.281961,7.769999980926514,1110.542603,2021-11-12,0.9618729948997498,8,121994137.624969
32.219165,76.342193,16.629999,1402.856201,2021-11-12,0.9677299857139587,0,121994137.955548
32.219541,76.282388,28.520000457763672,1087.917236,2021-11-12,0.9855819940567017,8,121994137.633235
32.218924,76.333412,23.43000030517578,1377.456787,2021-11-12,0.9679120182991028,1,121994137.819192
32.218797,76.342619,24.549999,1398.499146,2021-11-12,0.9666950106620789,0,121994137.963812
32.219182,76.282812,29.0,1076.42395,2021-11-12,0.987388014793396,8,121994137.641501
32.218431,76.343045,11.399999618530273,1412.608643,2021-11-12,0.9513409733772278,0,121994137.972076
32.218814849853516,76.28324127197266,28.629999,1081.019165,2021-11-12,0.9846429824829102,8,121994137.649767
32.218194,76.334264,22.129999,1378.413818,2021-11-12,0.9723820090293884,1,121994137.83572
32.218461,76.283662,27.510000228881836,1062.918579,2021-11-12,0.9635180234909058,8,121994137.658033
32.218062,76.343471,13.34000015258789,1415.680664,2021-11-12,0.9694719910621643,0,121994137.98034
32.217844,76.334686,19.920000076293945,1355.620361,2021-11-12,0.9644259810447693,1,121994137.843984
32.218115,76.2840805053711,28.440001,1029.269287,2021-11-12,0.9835209846496582,8,121994137.666299
32.217485,76.33511352539062,32.290001,1332.518555,2021-11-12,0.9733229875564575,1,121994137.852248
32.21775436401367,76.284505,28.850000381469727,1021.289734,2021-11-12,0.9614499807357788,8,121994137.674565
32.217411041259766,76.284922,21.489999771118164,991.671814,2021-11-12,0.9829379916191101,8,121994137.682831
32.2171745300293,76.306967,4.519999980926514,1118.005981,2021-11-12,0.9617040157318115,5,121994137.604304
32.216766357421875,76.335958,23.059999,1321.108765,2021-11-12,0.9503369927406311,1,121994137.868776
32.216616,76.34516906738281,3.8499999046325684,1396.311401,2021-11-12,0.9813669919967651,0,121994138.013396
32.217053,76.285345,22.420000076293945,976.334839,2021-11-12,0.9822710156440735,8,121994137.691097
32.2168083190918,76.307394,18.43000030517578,1105.712524,2021-11-12,0.9547470211982727,5,121994137.61257
32.216699,76.285767,15.8100004196167,964.393921,2021-11-12,0.981590986251831,8,121994137.699363
32.215892,76.34602355957031,10.5,1376.235352,2021-11-12,0.9723060131072998,0,121994138.029924
32.216341,76.28618621826172,8.739999771118164,959.389465,2021-11-12,0.9554370045661926,8,121994137.707628
32.21607971191406,76.308247,2.8399999141693115,1120.60144,2021-11-12,0.9513109922409058,5,121994137.629102
32.215974,76.286618,14.460000038146973,957.832153,2021-11-12,0.964335024356842,8,121994137.715892
32.215529,76.346445,12.140000343322754,1369.668701,2021-11-12,0.962103009223938,0,121994138.038188
32.215712,76.308675,11.470000267028809,1118.256348,2021-11-12,0.9605739712715149,5,121994137.637368
32.215351,76.337648,10.460000038146973,1254.052979,2021-11-12,0.9568560123443604,1,121994137.901832
32.21516799926758,76.346869,15.960000038146973,1357.466187,2021-11-12,0.9597139954566956,0,121994138.046452
32.215604,76.287046,20.18000030517578,961.741089,2021-11-12,0.9850680232048035,8,121994137.724156
32.215348,76.309101,12.260000228881836,1114.991455,2021-11-12,0.954708993434906,5,121994137.645634
32.214994,76.338072,14.350000381469727,1236.977417,2021-11-12,0.9716899991035461,1,121994137.910096
32.214808,76.347294,24.670000076293945,1338.639771,2021-11-12,0.9570940136909485,0,121994138.054716
32.215248107910156,76.287468,16.18000030517578,945.992065,2021-11-12,0.9925150275230408,8,121994137.73242
32.214988,76.309526,7.699999809265137,1111.314575,2021-11-12,0.9585390090942383,5,121994137.6539
32.214630126953125,76.338497,6.420000076293945,1241.688965,2021-11-12,0.9554160237312317,1,121994137.91836
32.214461,76.347715,8.029999732971191,1323.885986,2021-11-12,0.9689109921455383,0,121994138.06298
32.214892,76.287891,4.699999809265137,947.084778,2021-11-12,0.9647669792175293,8,121994137.740684
32.214622497558594,76.309953,9.529999732971191,1111.369507,2021-11-12,0.9540989995002747,5,121994137.662166
32.21426773071289,76.338922,8.180000305175781,1234.171753,2021-11-12,0.9678429961204529,1,121994137.926624
32.214107513427734,76.348138,4.260000228881836,1306.034668,2021-11-12,0.9532600045204163,0,121994138.071244
32.214595794677734,76.27923583984375,9.640000343322754,1049.826416,2021-11-12,0.9538009762763977,11,121994137.604304
32.214508056640625,76.288326,12.220000267028809,972.892456,2021-11-12,0.9721140265464783,8,121994137.748948
32.214255,76.310381,14.6899995803833,1109.525269,2021-11-12,0.9570639729499817,5,121994137.670432
32.21389389038086,76.339349,22.690001,1233.935913,2021-11-12,0.9729210138320923,1,121994137.934888
32.214234,76.279662,9.789999961853027,1044.68457,2021-11-12,0.9835929870605469,11,121994137.61257
32.214141845703125,76.288754,14.239999771118164,975.997742,2021-11-12,0.986178994178772,8,121994137.757212
32.213899,76.310804,6.840000152587891,1101.763672,2021-11-12,0.9629999995231628,5,121994137.678698
32.213529,76.33977508544922,17.600000381469727,1238.898438,2021-11-12,0.9721289873123169,1,121994137.943152
32.213386,76.348987,7.210000038146973,1285.730835,2021-11-12,0.9572610259056091,0,121994138.087772
32.2138671875,76.28009033203125,21.149999618530273,1038.318481,2021-11-12,0.9730330109596252,11,121994137.620836
32.213775,76.28917694091797,12.40999984741211,978.609131,2021-11-12,0.9873449802398682,8,121994137.765476
32.213523864746094,76.311234,9.449999809265137,1117.261475,2021-11-12,0.9883530139923096,5,121994137.686964
32.213031,76.349411,2.950000047683716,1271.147583,2021-11-12,0.9588930010795593,0,121994138.096036
32.213509,76.280513,16.290001,1028.556152,2021-11-12,0.9947909712791443,11,121994137.629102
32.21340560913086,76.289608,12.930000305175781,985.46759,2021-11-12,0.9702479839324951,8,121994137.77374
32.213132,76.3116683959961,33.310001,1142.845459,2021-11-12,0.9862539768218994,5,121994137.69523
32.212798,76.340626,16.889999,1238.115967,2021-11-12,0.9700019955635071,1,121994137.95968
32.212669372558594,76.349835,9.229999542236328,1255.585083,2021-11-12,0.963113009929657,0,121994138.1043
32.213152,76.280937,13.9399995803833,1015.940063,2021-11-12,0.9685570001602173,11,121994137.637368
32.21304702758789,76.290031,12.289999961853027,976.535889,2021-11-12,0.9544010162353516,8,121994137.782004
32.2127571105957,76.31210327148438,26.239999771118164,1168.953491,2021-11-12,0.9848170280456543,5,121994137.703496
32.21231460571289,76.350259,2.950000047683716,1244.499023,2021-11-12,0.9731230139732361,0,121994138.112564
32.212794,76.28135681152344,23.620001,996.1427001953125,2021-11-12,0.9886620044708252,11,121994137.645634
32.212683,76.290457,15.550000190734863,972.622803,2021-11-12,0.9612619876861572,8,121994137.790268
32.212385,76.312529,26.129999,1181.809692,2021-11-12,0.9842749834060669,5,121994137.71176
32.212199,76.334853,6.690000057220459,1196.910522,2021-11-12,0.9604650139808655,2,121994137.633236
32.212076,76.341475,15.0600004196167,1224.252197,2021-11-12,0.9582859873771667,1,121994137.976208
32.211951,76.3506851196289,9.40999984741211,1234.554199,2021-11-12,0.9584259986877441,0,121994138.120828
32.212441,76.281781,15.850000381469727,980.161987,2021-11-12,0.9938880205154419,11,121994137.6539
32.212310791015625,76.290887,21.489999771118164,979.532166,2021-11-12,0.985709011554718,8,121994137.798532
32.212019,76.312955,16.0,1192.11853,2021-11-12,0.9724050164222717,5,121994137.720024
32.212085,76.282204,9.899999618530273,971.908203,2021-11-12,0.9913529753684998,11,121994137.662166
32.211927,76.291321,25.530001,1009.011414,2021-11-12,0.9869430065155029,8,121994137.806796
32.211646,76.313384,25.229999542236328,1198.56897,2021-11-12,0.9880849719047546,5,121994137.728288
32.211477,76.335704,2.9100000858306885,1185.675537,2021-11-12,0.9558870196342468,2,121994137.649768
32.211725,76.282629,16.709999,955.913879,2021-11-12,0.9908999800682068,11,121994137.670432
32.2115592956543,76.291748,13.0,1024.377319,2021-11-12,0.9886760115623474,8,121994137.81506
32.21126937866211,76.313814,37.790001,1207.244263,2021-11-12,0.9833959937095642,5,121994137.736552
32.210991,76.342748,7.46999979019165,1210.356567,2021-11-12,0.9640129804611206,1,121994138.001
32.211366,76.283052,12.739999771118164,949.947388,2021-11-12,0.9727129936218262,11,121994137.678698
32.211204528808594,76.292169,17.040001,997.416626,2021-11-12,0.9739009737968445,8,121994137.823324
32.211222,76.30487823486328,5.489999771118164,1048.742432,2021-11-12,0.9858310222625732,6,121994137.600171
32.21084213256836,76.305312,21.760000228881836,1060.62915,2021-11-12,0.9840490221977234,6,121994137.608437
32.210891,76.314245,24.709999,1246.364136,2021-11-12,0.9844239950180054,5,121994137.744816
32.211002349853516,76.283479,15.880000114440918,945.382324,2021-11-12,0.9820039868354797,11,121994137.686964
32.210858,76.292587,8.699999809265137,979.229248,2021-11-12,0.9696469902992249,8,121994137.831588
32.21051025390625,76.314677,22.950001,1276.856445,2021-11-12,0.963051974773407,5,121994137.75308
32.21038818359375,76.336982,8.369999885559082,1165.600342,2021-11-12,0.9812989830970764,2,121994137.674566
32.210119,76.352816,9.5600004196167,1237.625,2021-11-12,0.9630630016326904,0,121994138.162148
32.210642,76.283903,9.079999923706055,942.765076,2021-11-12,0.9820449948310852,11,121994137.69523
32.210497,76.293011,3.990000009536743,977.834717,2021-11-12,0.9593510031700134,8,121994137.839852
32.210462,76.305745,28.940001,1081.539429,2021-11-12,0.9846100211143494,6,121994137.616703
32.210147857666016,76.315102,17.270000457763672,1277.709351,2021-11-12,0.9884219765663147,5,121994137.761344
32.209754943847656,76.353242,3.1700000762939453,1241.689453,2021-11-12,0.9693300127983093,0,121994138.170412
32.210277,76.284329,13.1899995803833,939.075745,2021-11-12,0.9854599833488464,11,121994137.703496
32.210132,76.293437,2.799999952316284,979.0447998046875,2021-11-12,0.9618080258369446,8,121994137.848116
32.210086822509766,76.3061752319336,30.65999984741211,1098.388794,2021-11-12,0.9824939966201782,6,121994137.624969
32.209536,76.344449,3.7699999809265137,1199.103638,2021-11-12,0.9677469730377197,1,121994138.034056
32.209913,76.284755,15.25,935.893005,2021-11-12,0.9749580025672913,11,121994137.71176
32.209716,76.306604,24.81999969482422,1115.726929,2021-11-12,0.9618890285491943,6,121994137.633235
32.209788,76.315526,23.700001,1258.932495,2021-11-12,0.9876940250396729,5,121994137.769608
32.209764,76.293864,9.75,977.70282,2021-11-12,0.9529060125350952,8,121994137.85638
32.20941925048828,76.315953,22.649999618530273,1269.058228,2021-11-12,0.970736026763916,5,121994137.777872
32.209298,76.3382568359375,7.659999847412109,1161.029053,2021-11-12,0.9622349739074707,2,121994137.699364
32.209172,76.344874,3.1700000762939453,1195.273193,2021-11-12,0.9668949842453003,1,121994138.04232
32.209024,76.35409545898438,8.109999656677246,1236.386841,2021-11-12,0.9561020135879517,0,121994138.18694
32.209555,76.285179,9.899999618530273,929.690552,2021-11-12,0.9651569724082947,11,121994137.720024
32.209401,76.294289,24.93000030517578,956.259827,2021-11-12,0.986274003982544,8,121994137.864644
32.209337,76.307036,31.290001,1135.036743,2021-11-12,0.9803119897842407,6,121994137.641501
32.20906066894531,76.316378,29.459999,1252.805542,2021-11-12,0.9633179903030396,5,121994137.786136
32.208655,76.354522,8.180000305175781,1241.614502,2021-11-12,0.9577999711036682,0,121994138.195204
32.20919418334961,76.285603,15.470000267028809,917.385742,2021-11-12,0.9726409912109375,11,121994137.728288
32.209035,76.294715,25.969999,956.84082,2021-11-12,0.9873020052909851,8,121994137.872908
32.20895767211914,76.307468,36.40999984741211,1157.171021,2021-11-12,0.9545760154724121,6,121994137.649767
32.208705,76.31680297851562,16.860001,1247.066772,2021-11-12,0.9875839948654175,5,121994137.7944
32.208573,76.339111,6.800000190734863,1153.845093,2021-11-12,0.9596660137176514,2,121994137.715892
32.208833,76.286028,3.5799999237060547,922.861084,2021-11-12,0.9737409949302673,11,121994137.736552
32.208676,76.295138,15.729999542236328,957.642395,2021-11-12,0.9894300103187561,8,121994137.881172
32.208585,76.307897,28.940001,1178.633545,2021-11-12,0.9850419759750366,6,121994137.658033
32.208343,76.317225,5.570000171661377,1254.078979,2021-11-12,0.9669830203056335,5,121994137.802664
32.208072662353516,76.346152,5.230000019073486,1195.971802,2021-11-12,0.9642950296401978,1,121994138.067112
32.208465,76.286456,8.670000076293945,923.091492,2021-11-12,0.9702720046043396,11,121994137.744816
32.208314,76.295562,17.040001,951.118713,2021-11-12,0.9830390214920044,8,121994137.889436
32.208216,76.308325,5.230000019073486,1210.268921,2021-11-12,0.9682149887084961,6,121994137.666299
32.207981,76.3176498413086,11.729999542236328,1241.868774,2021-11-12,0.9797099828720093,5,121994137.810928
32.208099,76.286882,9.449999809265137,924.4151000976562,2021-11-12,0.9703770279884338,11,121994137.75308
32.207859,76.308749,14.84000015258789,1186.502319,2021-11-12,0.9860879778862,6,121994137.674565
32.20795440673828,76.295985,4.03000020980835,953.8348999023438,2021-11-12,0.9682850241661072,8,121994137.8977
32.207622,76.318074,9.720000267028809,1234.342163,2021-11-12,0.9534860253334045,5,121994137.819192
32.207339,76.347005,8.710000038146973,1195.961426,2021-11-12,0.9566900134086609,1,121994138.08364
32.207734,76.287309,11.399999618530273,922.389343,2021-11-12,0.9731670022010803,11,121994137.761344
32.207576751708984,76.296417,18.950001,959.800903,2021-11-12,0.9934059977531433,8,121994137.905964
32.20751190185547,76.309169,20.93000030517578,1150.390015,2021-11-12,0.986132025718689,6,121994137.682831
32.207109,76.340816,7.25,1160.50354,2021-11-12,0.9541730284690857,2,121994137.748948
32.207265,76.318497,9.380000114440918,1219.979004,2021-11-12,0.9893440008163452,5,121994137.827456
32.207371,76.287734,11.619999885559082,918.219604,2021-11-12,0.9719539880752563,11,121994137.769608
32.207193,76.296851,24.59000015258789,986.630066,2021-11-12,0.9881460070610046,8,121994137.914228
32.20714569091797,76.309596,26.579999923706055,1143.664795,2021-11-12,0.9799849987030029,6,121994137.691097
32.20690155029297,76.318922,29.270000457763672,1199.545532,2021-11-12,0.9856529831886292,5,121994137.83572
32.206612,76.34785461425781,7.019999980926514,1187.820679,2021-11-12,0.9730790257453918,1,121994138.100168
32.207011,76.288158,12.739999771118164,910.370178,2021-11-12,0.9758880138397217,11,121994137.777872
32.206798,76.310016,19.18000030517578,1119.685425,2021-11-12,0.9796199798583984,6,121994137.699363
32.206483,76.332459,11.65999984741211,1153.592041,2021-11-12,0.971750020980835,3,121994137.620837
32.206378,76.341669,10.199999809265137,1160.574097,2021-11-12,0.9618719816207886,2,121994137.765476
32.206816,76.297282,28.850000381469727,1004.596619,2021-11-12,0.9814010262489319,8,121994137.922492
32.2065544128418,76.319341,14.84000015258789,1177.947754,2021-11-12,0.9712449908256531,5,121994137.843984
32.206652,76.288581,4.889999866485596,906.118835,2021-11-12,0.959572970867157,11,121994137.786136
32.206431,76.297716,33.189999,1034.480591,2021-11-12,0.9797099828720093,8,121994137.930756
32.206424713134766,76.310445,17.639999,1136.816162,2021-11-12,0.986748993396759,6,121994137.707628
32.205888,76.348705,13.34000015258789,1167.418213,2021-11-12,0.964447021484375,1,121994138.116696
32.206283,76.289009,15.359999656677246,904.522217,2021-11-12,0.9764209985733032,11,121994137.7944
32.206052,76.31087493896484,12.40999984741211,1156.821777,2021-11-12,0.9851189851760864,6,121994137.715892
32.2060546875,76.298147,15.770000457763672,1070.367432,2021-11-12,0.9688140153884888,8,121994137.93902
32.205646,76.342521,6.800000190734863,1167.02478,2021-11-12,0.9636020064353943,2,121994137.782004
32.205519,76.349132,18.540001,1168.519287,2021-11-12,0.9574000239372253,1,121994138.12496
32.205909,76.289439,21.079999923706055,915.317383,2021-11-12,0.9864889979362488,11,121994137.802664
32.205681,76.298576,23.65999984741211,1077.967773,2021-11-12,0.9669690132141113,8,121994137.947284
32.205694,76.311298,12.039999961853027,1144.151001,2021-11-12,0.9861649870872498,6,121994137.724156
32.205393,76.333738,11.140000343322754,1144.623779,2021-11-12,0.9618899822235107,3,121994137.645635
32.205282,76.342946,6.880000114440918,1166.096069,2021-11-12,0.9612410068511963,2,121994137.790268
32.205459,76.320618,9.119999885559082,1183.838379,2021-11-12,0.9829930067062378,5,121994137.868776
32.205538,76.289868,14.430000305175781,932.43512,2021-11-12,0.9900019764900208,11,121994137.810928
32.205324,76.298998,29.75,1057.643555,2021-11-12,0.985850989818573,8,121994137.955548
32.205319,76.311728,14.6899995803833,1160.723389,2021-11-12,0.9874200224876404,6,121994137.73242
32.205091,76.321044921875,14.649999618530273,1183.091064,2021-11-12,0.9719330072402954,5,121994137.87704
32.205033,76.334163,4.260000228881836,1140.541626,2021-11-12,0.9698759913444519,3,121994137.653901
32.204916,76.343372,5.53000020980835,1168.671997,2021-11-12,0.9769219756126404,2,121994137.798532
32.204783,76.349986,9.5600004196167,1183.060303,2021-11-12,0.9637159705162048,1,121994138.141488
32.205175,76.290293,12.4399995803833,931.318665,2021-11-12,0.9740650057792664,11,121994137.819192
32.204948,76.312157,8.369999885559082,1179.018677,2021-11-12,0.9860290288925171,6,121994137.740684
32.204551,76.343798,9.079999923706055,1165.152588,2021-11-12,0.9618579745292664,2,121994137.806796
32.204959869384766,76.299423,26.15999984741211,1057.819336,2021-11-12,0.9727029800415039,8,121994137.963812
32.204731,76.321468,6.389999866485596,1182.433594,2021-11-12,0.9844930171966553,5,121994137.885304
32.204809,76.290719,13.9399995803833,931.214478,2021-11-12,0.9870830178260803,11,121994137.827456
32.20458221435547,76.299855,36.439999,1068.609497,2021-11-12,0.9857699871063232,8,121994137.972076
32.204577,76.312585,16.34000015258789,1183.450439,2021-11-12,0.9621080160140991,6,121994137.748948
32.204369,76.321893,5.119999885559082,1178.17749,2021-11-12,0.9581170082092285,5,121994137.893568
32.20405197143555,76.350838,4.78000020980835,1186.164673,2021-11-12,0.9715530276298523,1,121994138.158016
32.204431,76.291152,19.020000457763672,951.18219,2021-11-12,0.9899669885635376,11,121994137.83572
32.204217,76.313009,17.790001,1172.484985,2021-11-12,0.9836940169334412,6,121994137.757212
32.204204,76.300286,21.120001,1106.673584,2021-11-12,0.986503005027771,8,121994137.98034
32.204005,76.322318,8.260000228881836,1172.024292,2021-11-12,0.9650970101356506,5,121994137.901832
32.203943,76.335441,7.210000038146973,1128.033447,2021-11-12,0.9694669842720032,3,121994137.678699
32.20406723022461,76.291577,12.739999771118164,954.24353,2021-11-12,0.9719070196151733,11,121994137.843984
32.20384979248047,76.313436,13.34000015258789,1180.330078,2021-11-12,0.9682610034942627,6,121994137.765476
32.203635,76.322745,14.649999618530273,1172.909302,2021-11-12,0.9828900098800659,5,121994137.910096
32.203584,76.335866,4.519999980926514,1120.151978,2021-11-12,0.9654160141944885,3,121994137.686965
32.203834533691406,76.300713,5.75,1128.121094,2021-11-12,0.9731699824333191,8,121994137.988604
32.203706,76.292001,7.849999904632568,951.842773,2021-11-12,0.9757999777793884,11,121994137.852248
32.203474,76.301137,19.469999,1105.821533,2021-11-12,0.9902259707450867,8,121994137.996868
32.203492,76.31385803222656,15.550000190734863,1165.657715,2021-11-12,0.9875620007514954,6,121994137.77374
32.203272,76.32317352294922,4.480000019073486,1174.232178,2021-11-12,0.9732949733734131,5,121994137.91836
32.203341,76.292427,13.789999961853027,947.528442,2021-11-12,0.9713199734687805,11,121994137.860512
32.203126,76.314286,7.849999904632568,1176.174438,2021-11-12,0.9673100113868713,6,121994137.782004
32.203112,76.301561,14.979999542236328,1103.954956,2021-11-12,0.9688339829444885,8,121994138.005132
32.202901,76.323597,26.239999771118164,1168.229248,2021-11-12,0.957414984703064,5,121994137.926624
32.20258712768555,76.352544,9.300000190734863,1186.252808,2021-11-12,0.9693269729614258,1,121994138.191072
32.202977,76.292852,27.579999923706055,930.687683,2021-11-12,0.96738201379776,11,121994137.868776
32.202745,76.301988,7.099999904632568,1113.929443,2021-11-12,0.9681450128555298,8,121994138.013396
32.202756,76.314714,12.039999961853027,1182.026855,2021-11-12,0.9686669707298279,6,121994137.790268
32.202544,76.32402038574219,14.430000305175781,1164.551392,2021-11-12,0.9563339948654175,5,121994137.934888
32.202485,76.337146,15.479999542236328,1117.481323,2021-11-12,0.9563519954681396,3,121994137.71176
32.202369689941406,76.346349,9.420000076293945,1146.292236,2021-11-12,0.9744669795036316,2,121994137.85638
32.20222473144531,76.352969,4.889999866485596,1184.753174,2021-11-12,0.9540939927101135,1,121994138.199336
32.202621,76.293273,25.120001,916.8171997070312,2021-11-12,0.9863759875297546,11,121994137.87704
32.202388763427734,76.31513977050781,16.40999984741211,1177.661011,2021-11-12,0.9705389738082886,6,121994137.798532
32.20238494873047,76.302411,7.730000019073486,1102.963867,2021-11-12,0.9677709937095642,8,121994138.02166
32.202181,76.324445,14.6899995803833,1159.765259,2021-11-12,0.9649829864501953,5,121994137.943152
32.2020149230957,76.346773,2.4600000381469727,1136.03894,2021-11-12,0.9536129832267761,2,121994137.864644
32.202252,76.293701,27.549999,921.218384,2021-11-12,0.9687470197677612,11,121994137.885304
32.202032,76.315563,16.93000030517578,1165.453491,2021-11-12,0.9747200012207031,6,121994137.806796
32.201821,76.324868,13.899999618530273,1149.202759,2021-11-12,0.9856709837913513,5,121994137.951416
32.201753,76.337999,14.619999885559082,1123.663086,2021-11-12,0.9618420004844666,3,121994137.728288
32.202027,76.302833,13.449999809265137,1084.310791,2021-11-12,0.9664210081100464,8,121994138.029924
32.201884,76.294128,30.950001,922.36908,2021-11-12,0.9891800284385681,11,121994137.893568
32.201671,76.303255,17.190001,1063.238159,2021-11-12,0.9878079891204834,8,121994138.038188
32.201669,76.315988,12.449999809265137,1166.043701,2021-11-12,0.971019983291626,6,121994137.81506
32.201482,76.325285,23.399999618530273,1093.446045,2021-11-12,0.9711819887161255,5,121994137.95968
32.20126724243164,76.347627,19.440001,1148.570435,2021-11-12,0.9666439890861511,2,121994137.881172
32.201513,76.2945556640625,32.709999,930.469177,2021-11-12,0.9881319999694824,11,121994137.901832
32.201297760009766,76.316416,16.0,1173.69165,2021-11-12,0.982234001159668,6,121994137.823324
32.201026,76.33885192871094,8.670000076293945,1123.305054,2021-11-12,0.9695109724998474,3,121994137.744816
32.201307,76.30368041992188,14.760000228881836,1061.391968,2021-11-12,0.9696239829063416,8,121994138.046452
32.201141357421875,76.294985,24.739999771118164,953.031311,2021-11-12,0.9868109822273254,11,121994137.910096
32.200953,76.3041000366211,22.270000457763672,1031.551025,2021-11-12,0.9889209866523743,8,121994138.054716
32.200934,76.316841,15.100000381469727,1172.890259,2021-11-12,0.9626550078392029,6,121994137.831588
32.200763,76.326132,2.690000057220459,1092.203857,2021-11-12,0.9559599757194519,5,121994137.976208
32.200767,76.295415,16.06999969482422,975.852844,2021-11-12,0.9877669811248779,11,121994137.91836
32.200572,76.317266,23.290001,1158.735352,2021-11-12,0.9808980226516724,6,121994137.839852
32.200604,76.304519,12.109999656677246,1012.993958,2021-11-12,0.9705520272254944,8,121994138.06298
32.200396,76.326558,10.460000038146973,1085.89563,2021-11-12,0.984013020992279,5,121994137.984472
32.200295,76.339702,7.960000038146973,1126.23877,2021-11-12,0.9527069926261902,3,121994137.761344
32.200404,76.295839,19.620001,969.034729,2021-11-12,0.9913930296897888,11,121994137.926624
32.200247,76.304941,17.489999771118164,989.931396,2021-11-12,0.9916200041770935,8,121994138.071244
32.200215,76.317689,27.93000030517578,1138.306274,2021-11-12,0.9861119985580444,6,121994137.848116
32.200031,76.326984,5.940000057220459,1089.311523,2021-11-12,0.9862800240516663,5,121994137.992736
32.199858,76.318112,31.739999771118164,1119.925293,2021-11-12,0.9878960251808167,6,121994137.85638
32.200033,76.296268,27.65999984741211,970.422302,2021-11-12,0.973563015460968,11,121994137.934888
32.199884,76.305366,17.260000228881836,985.919373,2021-11-12,0.9705700278282166,8,121994138.079508
32.199671,76.327407,3.430000066757202,1081.746094,2021-11-12,0.9612249732017517,5,121994138.001
32.19956588745117,76.340553,7.440000057220459,1125.44751,2021-11-12,0.9637719988822937,3,121994137.777872
32.199661,76.296696,37.189999,973.436584,2021-11-12,0.969461977481842,11,121994137.943152
32.199504,76.318533,27.329999923706055,1103.336792,2021-11-12,0.9821879863739014,6,121994137.864644
32.199514,76.305793,10.199999809265137,1000.272827,2021-11-12,0.9849900007247925,8,121994138.087772
32.199285,76.297127,29.530001,1000.026245,2021-11-12,0.976032018661499,11,121994137.951416
32.19913864135742,76.306223,20.030001,1005.563538,2021-11-12,0.9831010103225708,8,121994138.096036
32.199155,76.318953,2.8399999141693115,1098.321777,2021-11-12,0.9726970195770264,6,121994137.872908
32.198768,76.319386,41.310001,1099.759644,2021-11-12,0.9882969856262207,6,121994137.881172
32.198905,76.29756164550781,33.639999,1021.779846,2021-11-12,0.9707279801368713,11,121994137.95968
32.198764,76.306654,5.489999771118164,1037.715454,2021-11-12,0.9857689738273621,8,121994138.1043
32.19858169555664,76.328682,6.5,1066.603516,2021-11-12,0.9649869799613953,5,121994138.025792
32.198542,76.297984,17.0,1034.151001,2021-11-12,0.9873700141906738,11,121994137.967944
32.198394775390625,76.307082,13.5600004196167,1035.427856,2021-11-12,0.9650890231132507,8,121994138.112564
32.198402404785156,76.319812,30.280001,1113.458862,2021-11-12,0.9824100136756897,6,121994137.889436
32.198201,76.329113,20.709999,1075.764038,2021-11-12,0.9831510186195374,5,121994138.034056
32.19810485839844,76.342257,10.430000305175781,1123.865356,2021-11-12,0.9621149897575378,3,121994137.810928
32.198036193847656,76.320238,28.0,1115.995361,2021-11-12,0.9814299941062927,6,121994137.8977
32.198191,76.298403,23.059999,1002.075562,2021-11-12,0.9885219931602478,11,121994137.976208
32.198005,76.307519,38.419998,1052.822388,2021-11-12,0.9860090017318726,8,121994138.120828
32.197743,76.342682,18.65999984741211,1110.888306,2021-11-12,0.9672690033912659,3,121994137.819192
32.197836,76.298824,15.65999984741211,989.361816,2021-11-12,0.9901080131530762,11,121994137.984472
32.197673,76.320663,20.149999618530273,1118.774048,2021-11-12,0.9507719874382019,6,121994137.905964
32.197467,76.329965,17.790001,1081.117065,2021-11-12,0.9661840200424194,5,121994138.050584
32.197625,76.307952,43.060001,1074.769043,2021-11-12,0.9837390184402466,8,121994138.129092
32.197478,76.299246,18.15999984741211,972.948181,2021-11-12,0.9742140173912048,11,121994137.992736
32.197262,76.308376,31.920000076293945,1077.751953,2021-11-12,0.987384021282196,8,121994138.137356
32.19731140136719,76.321087,19.360001,1115.850586,2021-11-12,0.963083028793335,6,121994137.914228
32.19710922241211,76.330388,6.840000152587891,1076.611084,2021-11-12,0.970766007900238,5,121994138.058848
32.197123,76.299666,14.800000190734863,956.268494,2021-11-12,0.9757590293884277,11,121994138.001
32.196949,76.321511,20.149999618530273,1106.585693,2021-11-12,0.9552310109138489,6,121994137.922492
32.1966552734375,76.343957,6.730000019073486,1109.106201,2021-11-12,0.9523400068283081,3,121994137.843984
32.196895,76.308804,19.170000076293945,1095.837036,2021-11-12,0.9689840078353882,8,121994138.14562
32.196746826171875,76.330813,5.980000019073486,1072.193481,2021-11-12,0.9631810188293457,5,121994138.067112
32.196749,76.300096,15.510000228881836,970.780334,2021-11-12,0.9866679906845093,11,121994138.009264
32.196378,76.331239,13.010000228881836,1069.120483,2021-11-12,0.9821929931640625,5,121994138.075376
32.196154,76.353583,13.829999923706055,1143.138916,2021-11-12,0.9743620157241821,2,121994137.996868
32.196522,76.309233,18.690001,1106.851074,2021-11-12,0.9703620076179504,8,121994138.153884
32.196219,76.322362,15.8100004196167,1110.488281,2021-11-12,0.96110600233078,6,121994137.93902
32.196376,76.300525,22.649999618530273,976.45929,2021-11-12,0.9927250146865845,11,121994138.017528
32.196159,76.309658,20.969999,1102.108887,2021-11-12,0.9671769738197327,8,121994138.162148
32.196013,76.3316650390625,12.449999809265137,1069.579346,2021-11-12,0.9586179852485657,5,121994138.08364
32.195789,76.354008,11.359999656677246,1146.096436,2021-11-12,0.9779009819030762,2,121994138.005132
32.19599914550781,76.300956,24.370001,994.1686401367188,2021-11-12,0.9880759716033936,11,121994138.025792
32.19586181640625,76.322785,6.800000190734863,1105.942749,2021-11-12,0.9821169972419739,6,121994137.947284
32.195649,76.332091,10.5,1068.607666,2021-11-12,0.9722179770469666,5,121994138.091904
32.195555,76.345234,8.069999694824219,1114.713379,2021-11-12,0.9625309705734253,3,121994137.868776
32.195422,76.354434,12.600000381469727,1146.627319,2021-11-12,0.9719650149345398,2,121994138.013396
32.19580078125,76.310081,26.459999,1083.29895,2021-11-12,0.9887019991874695,8,121994138.170412
32.19562530517578,76.301387,29.870001,1004.963501,2021-11-12,0.9874579906463623,11,121994138.034056
32.195447,76.310502,36.029999,1051.63147,2021-11-12,0.9852420091629028,8,121994138.178676
32.19549560546875,76.32321166992188,10.460000038146973,1099.838867,2021-11-12,0.961762011051178,6,121994137.955548
32.195283,76.332516,11.65999984741211,1065.7677001953125,2021-11-12,0.9670479893684387,5,121994138.100168
32.195054,76.3548583984375,11.399999618530273,1152.01709,2021-11-12,0.9638299942016602,2,121994138.02166
32.19482421875,76.34608459472656,8.899999618530273,1115.13147,2021-11-12,0.985040009021759,3,121994137.885304
32.195277,76.301804,11.65999984741211,991.841064,2021-11-12,0.9743779897689819,11,121994138.04232
32.195097,76.310921,19.989999771118164,1039.399292,2021-11-12,0.9885010123252869,8,121994138.18694
32.194924,76.33293914794922,5.789999961853027,1060.112183,2021-11-12,0.980197012424469,5,121994138.108432
32.194691,76.355285,7.059999942779541,1149.589233,2021-11-12,0.9654139876365662,2,121994138.029924
32.194921,76.302225,13.420000076293945,970.601196,2021-11-12,0.9776899814605713,11,121994138.050584
32.194742,76.311343,27.84000015258789,1013.198486,2021-11-12,0.9580810070037842,8,121994138.195204
32.19476318359375,76.324062,16.969999,1096.374756,2021-11-12,0.9657229781150818,6,121994137.972076
32.194551,76.333369,8.779999732971191,1069.620605,2021-11-12,0.9836249947547913,5,121994138.116696
32.1944580078125,76.346511,9.119999885559082,1115.641968,2021-11-12,0.9666839838027954,3,121994137.893568
32.194321,76.355712,9.829999923706055,1154.0802001953125,2021-11-12,0.9777849912643433,2,121994138.038188
32.194403,76.3244857788086,10.760000228881836,1092.494141,2021-11-12,0.9598619937896729,6,121994137.98034
32.19457244873047,76.302643,19.139999,934.741272,2021-11-12,0.9905570149421692,11,121994138.058848
32.19418716430664,76.333794,4.559999942779541,1069.776001,2021-11-12,0.957506000995636,5,121994138.12496
32.194092,76.346936,13.649999618530273,1112.89856,2021-11-12,0.9735130071640015,3,121994137.901832
32.193958,76.356137,8.930000305175781,1149.111938,2021-11-12,0.9631230235099792,2,121994138.046452
32.194215,76.303065,5.300000190734863,932.046509,2021-11-12,0.975458025932312,11,121994138.067112
32.194038,76.324911,18.170000076293945,1084.05249,2021-11-12,0.9616519808769226,6,121994137.988604
32.193819,76.334221,8.069999694824219,1070.052246,2021-11-12,0.9618189930915833,5,121994138.133224
32.193834,76.303498,26.389999,938.643738,2021-11-12,0.9878140091896057,11,121994138.075376
32.193675,76.325336,24.520000457763672,1072.339966,2021-11-12,0.9836900234222412,6,121994137.996868
32.193456,76.334646,6.309999942779541,1066.968384,2021-11-12,0.9603819847106934,5,121994138.141488
32.193453,76.303931,32.18000030517578,960.081848,2021-11-12,0.9905629754066467,11,121994138.08364
32.193311,76.325761,26.020000457763672,1067.852783,2021-11-12,0.9832190275192261,6,121994138.005132
32.193003,76.348211,7.139999866485596,1105.125366,2021-11-12,0.9629849791526794,3,121994137.926624
32.193089,76.335073,5.789999961853027,1068.236572,2021-11-12,0.9667260050773621,5,121994138.149752
32.19306945800781,76.304366,39.169998,985.923401,2021-11-12,0.9884920120239258,11,121994138.091904
32.192959,76.326181,19.100000381469727,1048.303589,2021-11-12,0.9679359793663025,6,121994138.013396
32.192724,76.335499,7.550000190734863,1066.702026,2021-11-12,0.9551669955253601,5,121994138.158016
32.192634,76.348637,9.420000076293945,1109.75,2021-11-12,0.9589080214500427,3,121994137.934888
32.192496,76.357839,10.170000076293945,1143.04248,2021-11-12,0.972927987575531,2,121994138.079508
32.192609,76.326602,2.609999895095825,1036.239136,2021-11-12,0.9573410153388977,6,121994138.02166
32.192695,76.304796,22.010000228881836,1019.335205,2021-11-12,0.990805983543396,11,121994138.100168
32.19235610961914,76.335926,8.479999542236328,1068.613159,2021-11-12,0.9621130228042603,5,121994138.16628
32.192131,76.358265,11.140000343322754,1140.136841,2021-11-12,0.9691830277442932,2,121994138.087772
32.192317,76.305228,28.0,1035.739746,2021-11-12,0.9833539724349976,11,121994138.108432
32.192244,76.327027,3.809999942779541,1031.680298,2021-11-12,0.9620239734649658,6,121994138.029924
32.191904,76.349487,4.889999866485596,1110.340576,2021-11-12,0.971651017665863,3,121994137.951416
32.19188690185547,76.32745361328125,2.690000057220459,1017.979431,2021-11-12,0.9585490226745605,6,121994138.038188
32.191993713378906,76.336351,2.4600000381469727,1068.369995,2021-11-12,0.9631609916687012,5,121994138.174544
32.191966,76.305647,15.850000381469727,1020.056702,2021-11-12,0.9853050112724304,11,121994138.116696
32.191627502441406,76.336777,15.210000038146973,1056.158691,2021-11-12,0.9671099781990051,5,121994138.182808
32.191537,76.349913,7.550000190734863,1111.732666,2021-11-12,0.9522809982299805,3,121994137.95968
32.191612243652344,76.306068,18.309999,995.433289,2021-11-12,0.989579975605011,11,121994138.12496
32.191269,76.337201,3.25,1055.489746,2021-11-12,0.9615880250930786,5,121994138.191072
32.19124221801758,76.3064956665039,29.75,992.569214,2021-11-12,0.9924290180206299,11,121994138.133224
32.191145,76.328305,7.019999980926514,1031.207275,2021-11-12,0.9567649960517883,6,121994138.054716
32.190902,76.337628,14.90999984741211,1046.929321,2021-11-12,0.9826220273971558,5,121994138.199336
32.19066619873047,76.359969,11.329999923706055,1141.963379,2021-11-12,0.966284990310669,2,121994138.120828
32.190774,76.328732,13.420000076293945,1033.963257,2021-11-12,0.9577080011367798,6,121994138.06298
32.19086456298828,76.306927,34.799999,1006.956665,2021-11-12,0.9862179756164551,11,121994138.141488
32.190439,76.35118865966797,12.220000267028809,1106.713013,2021-11-12,0.9851909875869751,3,121994137.984472
32.190299,76.360395,14.470000267028809,1140.16626,2021-11-12,0.9748259782791138,2,121994138.129092
32.190509,76.307349,20.559999,1003.358521,2021-11-12,0.9901160001754761,11,121994138.149752
32.19041061401367,76.329158,11.65999984741211,1032.396851,2021-11-12,0.9635409712791443,6,121994138.071244
32.190155029296875,76.30776977539062,29.979999542236328,971.917175,2021-11-12,0.9925690293312073,11,121994138.158016
32.189708,76.352041,6.320000171661377,1112.226562,2021-11-12,0.9606649875640869,3,121994138.001
32.189795,76.308194,31.139999,960.907532,2021-11-12,0.9880610108375549,11,121994138.16628
32.189679,76.330009,9.15999984741211,1031.060425,2021-11-12,0.9626139998435974,6,121994138.087772
32.189341,76.352466,7.809999942779541,1112.999146,2021-11-12,0.9566289782524109,3,121994138.009264
32.189207,76.361672,7.920000076293945,1136.9375,2021-11-12,0.9514520168304443,2,121994138.153884
32.189443,76.308614,21.829999923706055,945.351318,2021-11-12,0.9911580085754395,11,121994138.174544
32.18931579589844,76.330434,7.139999866485596,1029.056763,2021-11-12,0.971114993095398,6,121994138.096036
32.1889762878418,76.352892,5.789999961853027,1113.486694,2021-11-12,0.9683949947357178,3,121994138.017528
32.188948,76.330861,9.569999694824219,1030.398682,2021-11-12,0.9569640159606934,6,121994138.1043
32.189089,76.309035,16.93000030517578,928.468811,2021-11-12,0.9892150163650513,11,121994138.182808
32.1886100769043,76.353317,8.670000076293945,1109.885742,2021-11-12,0.9826599955558777,3,121994138.025792
32.188474,76.362524,13.3100004196167,1133.154053,2021-11-12,0.9589719772338867,2,121994138.170412
32.1887321472168,76.309457,11.319999694824219,918.432495,2021-11-12,0.973904013633728,11,121994138.191072
32.188585,76.331286,6.730000019073486,1028.198242,2021-11-12,0.9603430032730103,6,121994138.112564
32.1882209777832,76.331712,5.380000114440918,1028.207031,2021-11-12,0.9571449756622314,6,121994138.120828
32.188346,76.309893,33.75,933.064331,2021-11-12,0.9904699921607971,11,121994138.199336
32.187884,76.354167,9.829999923706055,1096.72644,2021-11-12,0.9668530225753784,3,121994138.04232
32.187853,76.332138,7.590000152587891,1026.74231,2021-11-12,0.9693080186843872,6,121994138.129092
32.187514,76.354594,15.369999885559082,1098.493286,2021-11-12,0.9716929793357849,3,121994138.050584
32.187491,76.332563,7.059999942779541,1019.624573,2021-11-12,0.9627959728240967,6,121994138.137356
32.186777,76.3554458618164,10.649999618530273,1112.659546,2021-11-12,0.9633769989013672,3,121994138.067112
32.186758,76.333415,12.40999984741211,1017.173157,2021-11-12,0.9606760144233704,6,121994138.153884
32.186392,76.333842,10.84000015258789,1018.612488,2021-11-12,0.9500640034675598,6,121994138.162148
32.186029,76.334267,4.03000020980835,1020.023193,2021-11-12,0.9535580277442932,6,121994138.170412
32.185662,76.3346939086914,4.300000190734863,1022.4598999023438,2021-11-12,0.964264988899231,6,121994138.178676
32.185293,76.335121,10.020000457763672,1022.319946,2021-11-12,0.9851750135421753,6,121994138.18694
32.18492889404297,76.335547,5.190000057220459,1023.025085,2021-11-12,0.9541329741477966,6,121994138.195204
32.181669,76.361406,12.40999984741211,1080.045044,2021-11-12,0.9777960181236267,3,121994138.182808
32.181306,76.361832,8.369999885559082,1079.341064,2021-11-12,0.9692879915237427,3,121994138.191072
32.264221,76.277812,18.84000015258789,1375.697754,2022-03-16,0.9797499775886536,5,132675478.596111
32.264074,76.297315,38.919998,1458.099243,2022-03-16,0.9845110177993774,8,132675479.087819
32.263915,76.306467,40.860001,1565.890747,2022-03-16,0.9871749877929688,11,132675479.125007
32.26387023925781,76.286831,8.420000076293945,1263.617676,2022-03-16,0.9866889715194702,6,132675478.633299
32.263708,76.296886,30.489999771118164,1451.556885,2022-03-16,0.986178994178772,8,132675479.079555
32.263858,76.277388,27.450001,1398.02124,2022-03-16,0.9807080030441284,5,132675478.587847
32.263545989990234,76.306033,55.31999969482422,1504.081543,2022-03-16,0.9812290072441101,11,132675479.116743
32.263495,76.276965,27.75,1426.880493,2022-03-16,0.9816570281982422,5,132675478.579583
32.263505,76.286402,23.559999,1239.770264,2022-03-16,0.9741929769515991,6,132675478.625035
32.263345,76.296459,34.200001,1457.403687,2022-03-16,0.9841039776802063,8,132675479.071291
32.263175,76.305599,17.68000030517578,1490.722534,2022-03-16,0.9820799827575684,11,132675479.108479
32.26313781738281,76.285973,5.579999923706055,1237.234863,2022-03-16,0.9792439937591553,6,132675478.616771
32.263129,76.27653503417969,30.379999,1405.952881,2022-03-16,0.9776700139045715,5,132675478.571319
32.262981,76.296032,30.110001,1465.208862,2022-03-16,0.9871249794960022,8,132675479.063027
32.262813,76.305173,26.520000457763672,1497.99292,2022-03-16,0.9781010150909424,11,132675479.100215
32.262774,76.285546,5.429999828338623,1240.368408,2022-03-16,0.9528459906578064,6,132675478.608507
32.262616,76.295603,22.770000457763672,1462.788452,2022-03-16,0.9845309853553772,8,132675479.054763
32.262456,76.304753,34.380001,1545.720215,2022-03-16,0.981365978717804,11,132675479.091951
32.262393951416016,76.27567291259766,12.319999694824219,1339.126343,2022-03-16,0.9857900142669678,5,132675478.554791
32.262409,76.285119,3.140000104904175,1245.249756,2022-03-16,0.9589849710464478,6,132675478.600243
32.26225280761719,76.295177,33.110001,1464.953613,2022-03-16,0.9803199768066406,8,132675479.046499
32.2620964050293,76.304329,24.010000228881836,1593.814941,2022-03-16,0.9866499900817871,11,132675479.083687
32.262044,76.284692,22.31999969482422,1235.154297,2022-03-16,0.962037980556488,6,132675478.591979
32.261893,76.29475402832031,33.029999,1498.14502,2022-03-16,0.9839980006217957,8,132675479.038235
32.262027740478516,76.275242,28.389999,1318.921143,2022-03-16,0.9841949939727783,5,132675478.546527
32.261736,76.303906,26.93000030517578,1626.790771,2022-03-16,0.9890810251235962,11,132675479.075423
32.261662,76.274812,30.530001,1293.33728,2022-03-16,0.9779090285301208,5,132675478.538262
32.261679,76.284264,4.75,1243.60437,2022-03-16,0.9823449850082397,6,132675478.583715
32.261531829833984,76.294328,21.610001,1523.308228,2022-03-16,0.9881489872932434,8,132675479.029971
32.261376,76.303482,32.290001,1656.848389,2022-03-16,0.9855160117149353,11,132675479.067159
32.261314392089844,76.283837,8.760000228881836,1243.886963,2022-03-16,0.9538490176200867,6,132675478.575451
32.261169,76.293904,31.270000457763672,1546.844238,2022-03-16,0.9823570251464844,8,132675479.021707
32.261016,76.303059,29.209999,1697.215332,2022-03-16,0.9900389909744263,11,132675479.058895
32.260951,76.283413,30.299999,1247.642456,2022-03-16,0.9785280227661133,6,132675478.567187
32.26081085205078,76.293482,32.919998,1586.339478,2022-03-16,0.9755719900131226,8,132675479.013443
32.260929107666016,76.273954,17.899999618530273,1275.902099609375,2022-03-16,0.9578369855880737,5,132675478.52173
32.26065444946289,76.302633,14.489999771118164,1729.849487,2022-03-16,0.9907209873199463,11,132675479.050631
32.260566,76.273528,18.760000228881836,1286.634521,2022-03-16,0.9805939793586731,5,132675478.513464
32.260442,76.29305267333984,40.040001,1551.581909,2022-03-16,0.9879950284957886,8,132675479.005179
32.260293,76.302208,24.229999542236328,1743.213379,2022-03-16,0.9876109957695007,11,132675479.042367
32.260222,76.28256225585938,37.349998,1260.557617,2022-03-16,0.9813209772109985,6,132675478.550659
32.260202,76.273104,18.579999923706055,1310.53894,2022-03-16,0.950984001159668,5,132675478.505198
32.260071,76.292614,20.520000457763672,1509.235962,2022-03-16,0.9782770276069641,8,132675478.996915
32.25993347167969,76.301785,24.489999771118164,1781.708374,2022-03-16,0.9880790114402771,11,132675479.034103
32.259857177734375,76.282132,26.40999984741211,1262.604614,2022-03-16,0.9663000106811523,6,132675478.542395
32.25970458984375,76.292184,44.869999,1468.719482,2022-03-16,0.9829519987106323,8,132675478.988651
32.259571,76.30136108398438,16.18000030517578,1811.237549,2022-03-16,0.9900889992713928,11,132675479.025839
32.259838,76.272678,23.670000076293945,1314.629028,2022-03-16,0.9761890172958374,5,132675478.496932
32.259473,76.272252,27.56999969482422,1319.745728,2022-03-16,0.9830660223960876,5,132675478.488666
32.259493,76.281708,24.610001,1292.199219,2022-03-16,0.9790120124816895,6,132675478.534129
32.259337,76.291751,8.3100004196167,1467.818237,2022-03-16,0.9837499856948853,8,132675478.980387
32.259207,76.300932,15.050000190734863,1813.846558,2022-03-16,0.9891449809074402,11,132675479.017575
32.259128,76.281279,22.920000076293945,1284.338013,2022-03-16,0.9784770011901855,6,132675478.525863
32.259108,76.271823,34.610001,1304.495117,2022-03-16,0.9781749844551086,5,132675478.4804
32.258971,76.291321,10.779999732971191,1450.159668,2022-03-16,0.9821299910545349,8,132675478.972123
32.25884246826172,76.300504,26.969999,1795.409912,2022-03-16,0.9707199931144714,11,132675479.009311
32.258763,76.280852,32.439999,1273.508179,2022-03-16,0.9764270186424255,6,132675478.517597
32.258608,76.290894,13.180000305175781,1456.002441,2022-03-16,0.9659690260887146,8,132675478.963859
32.258475,76.300072,25.170000076293945,1769.540771,2022-03-16,0.9867929816246033,11,132675479.001047
32.258376,76.270965,23.110001,1286.796265,2022-03-16,0.9531069993972778,5,132675478.463868
32.25839614868164,76.280423,26.030001,1262.782471,2022-03-16,0.9807429909706116,6,132675478.509331
32.258243,76.290466,11.680000305175781,1456.539795,2022-03-16,0.9858739972114563,8,132675478.955595
32.258108,76.299642,8.569999694824219,1768.046753,2022-03-16,0.9692580103874207,11,132675478.992783
32.258029,76.279991,11.420000076293945,1236.233765,2022-03-16,0.9816790223121643,6,132675478.501065
32.257877349853516,76.290036,8.460000038146973,1443.294556,2022-03-16,0.9872909784317017,8,132675478.947331
32.257746,76.299216,15.430000305175781,1772.437256,2022-03-16,0.9712349772453308,11,132675478.984519
32.25766372680664,76.2795639038086,13.859999656677246,1234.034912,2022-03-16,0.9825699925422668,6,132675478.492799
32.25751495361328,76.289611,35.31999969482422,1438.490356,2022-03-16,0.9807090163230896,8,132675478.939067
32.257387,76.298793,37.459999,1794.340576,2022-03-16,0.9855809807777405,11,132675478.976255
32.257299,76.279136,7.900000095367432,1233.212402,2022-03-16,0.9629160165786743,6,132675478.484533
32.257152,76.2891845703125,36.029999,1448.55542,2022-03-16,0.9808419942855835,8,132675478.930803
32.25701904296875,76.298363,26.290001,1787.016602,2022-03-16,0.9895539879798889,11,132675478.967991
32.256933,76.278708,10.029999732971191,1221.613403,2022-03-16,0.9850379824638367,6,132675478.476267
32.256791,76.28875732421875,35.43000030517578,1471.781372,2022-03-16,0.9545689821243286,8,132675478.922539
32.256651,76.29792785644531,39.959999,1729.369141,2022-03-16,0.9905319809913635,11,132675478.959727
32.256569,76.278282,23.629999,1217.464722,2022-03-16,0.9555280208587646,6,132675478.468001
32.256427,76.288332,19.059999,1489.076172,2022-03-16,0.9503989815711975,8,132675478.914275
32.256282,76.297498,26.100000381469727,1706.989136,2022-03-16,0.9870499968528748,11,132675478.951463
32.256202697753906,76.277853,21.09000015258789,1206.138428,2022-03-16,0.9689670205116272,6,132675478.459735
32.256065368652344,76.287908,28.90999984741211,1501.846802,2022-03-16,0.9595540165901184,8,132675478.906011
32.255914,76.29706573486328,22.65999984741211,1677.590942,2022-03-16,0.9841369986534119,11,132675478.943199
32.255699157714844,76.287479,22.510000228881836,1504.636841,2022-03-16,0.9618890285491943,8,132675478.897747
32.255551,76.296638,25.129999,1679.842407,2022-03-16,0.9727230072021484,11,132675478.934935
32.25547790527344,76.277006,27.899999618530273,1269.473755,2022-03-16,0.9574620127677917,6,132675478.443203
32.255336,76.287052,23.479999542236328,1505.616943,2022-03-16,0.9824140071868896,8,132675478.889483
32.255183,76.296207,22.280001,1654.679443,2022-03-16,0.9645360112190247,11,132675478.926671
32.255109,76.276572,12.430000305175781,1227.128296,2022-03-16,0.980102002620697,6,132675478.434937
32.254975,76.286628,30.110001,1526.032227,2022-03-16,0.9797459840774536,8,132675478.881219
32.254819,76.295779,18.43000030517578,1659.463623,2022-03-16,0.9868090152740479,11,132675478.918407
32.254743,76.276142,25.579999923706055,1184.893921,2022-03-16,0.9796590209007263,6,132675478.426671
32.254611,76.286201,33.970001,1527.262939,2022-03-16,0.9773979783058167,8,132675478.872955
32.254455,76.295352,9.319999694824219,1670.462891,2022-03-16,0.9855960011482239,11,132675478.910143
32.25437545776367,76.275711,13.4399995803833,1158.722900390625,2022-03-16,0.9785209894180298,6,132675478.418405
32.254243,76.285768,28.610001,1497.648438,2022-03-16,0.9835410118103027,8,132675478.864691
32.254091,76.294924,15.319999694824219,1665.661743,2022-03-16,0.9892269968986511,11,132675478.901879
32.254009,76.275281,3.180000066757202,1148.274414,2022-03-16,0.9595080018043518,6,132675478.410139
32.253874,76.285335,11.420000076293945,1473.269287,2022-03-16,0.9824780225753784,8,132675478.856427
32.253729,76.294499,29.889999,1671.645386,2022-03-16,0.9861770272254944,11,132675478.893615
32.253644,76.274853,16.06999969482422,1126.585938,2022-03-16,0.951295018196106,6,132675478.401873
32.253508,76.28490447998047,5.650000095367432,1461.813965,2022-03-16,0.9636390209197998,8,132675478.848163
32.253367,76.294073,28.129999,1692.144043,2022-03-16,0.9839010238647461,11,132675478.885351
32.253142,76.284475,9.319999694824219,1444.78479,2022-03-16,0.9599339962005615,8,132675478.839899
32.25300216674805,76.293645,21.200001,1693.325928,2022-03-16,0.9665930271148682,11,132675478.877087
32.252913,76.273997,5.239999771118164,1120.593262,2022-03-16,0.9684339761734009,6,132675478.385341
32.252776,76.284046,5.239999771118164,1440.786011,2022-03-16,0.9638959765434265,8,132675478.831635
32.252634,76.293212,15.989999771118164,1662.615845,2022-03-16,0.991208016872406,11,132675478.868823
32.252549,76.273569,5.989999771118164,1117.33606,2022-03-16,0.9820560216903687,6,132675478.377075
32.252411,76.283618,21.229999542236328,1419.83313,2022-03-16,0.9850419759750366,8,132675478.823371
32.25226974487305,76.292785,30.860001,1648.531738,2022-03-16,0.985418975353241,11,132675478.860559
32.252046,76.283189,13.4399995803833,1419.36853,2022-03-16,0.9845770001411438,8,132675478.815107
32.251901,76.292353,30.260000228881836,1616.020386,2022-03-16,0.9880629777908325,11,132675478.852295
32.251684,76.282764,34.200001,1421.309692,2022-03-16,0.988053023815155,8,132675478.806843
32.251535,76.291924,29.329999923706055,1603.79248,2022-03-16,0.9866769909858704,11,132675478.844031
32.251455,76.272287,9.890000343322754,1112.81543,2022-03-16,0.9812620282173157,6,132675478.352277
32.251319,76.282336,36.669998,1417.690796,2022-03-16,0.9839900135993958,8,132675478.798579
32.251169,76.291493,28.540001,1584.74646,2022-03-16,0.9911230206489563,11,132675478.835767
32.251092,76.271862,15.770000457763672,1126.103882,2022-03-16,0.9839709997177124,6,132675478.344011
32.250953,76.281907,35.919998,1407.068726,2022-03-16,0.9792829751968384,8,132675478.790315
32.25080108642578,76.291062,28.09000015258789,1553.497681,2022-03-16,0.9865520000457764,11,132675478.827503
32.250728,76.271437,17.079999923706055,1148.13208,2022-03-16,0.9748209714889526,6,132675478.335745
32.250582,76.281472,28.280001,1359.081055,2022-03-16,0.98300701379776,8,132675478.782051
32.25043487548828,76.290633,24.420000076293945,1545.539673,2022-03-16,0.9855980277061462,11,132675478.819239
32.250364,76.27101135253906,11.680000305175781,1158.158447,2022-03-16,0.9810969829559326,6,132675478.327479
32.250213,76.281039,19.170000076293945,1330.62561,2022-03-16,0.9814370274543762,8,132675478.773787
32.25006866455078,76.290205,23.81999969482422,1542.706299,2022-03-16,0.9856690168380737,11,132675478.810975
32.249845,76.280607,18.280001,1296.916016,2022-03-16,0.9819620251655579,8,132675478.765523
32.249704,76.289776,13.069999694824219,1544.800659,2022-03-16,0.9827510118484497,11,132675478.802711
32.249476,76.2801742553711,25.770000457763672,1251.280273,2022-03-16,0.9894940257072449,8,132675478.757259
32.249342,76.28935241699219,20.670000076293945,1555.575562,2022-03-16,0.9873300194740295,11,132675478.794447
32.249106,76.27973937988281,21.420000076293945,1212.45166,2022-03-16,0.9595460295677185,8,132675478.748995
32.24898147583008,76.28892517089844,30.450001,1567.766602,2022-03-16,0.9871760010719299,11,132675478.786183
32.24873733520508,76.279308,23.969999,1174.677246,2022-03-16,0.9858899712562561,8,132675478.740731
32.248617,76.28849792480469,29.25,1587.568481,2022-03-16,0.963808000087738,11,132675478.777919
32.248368,76.278875,30.600000381469727,1128.933716,2022-03-16,0.9886350035667419,8,132675478.732467
32.248254,76.288074,18.309999,1611.901733,2022-03-16,0.9673900008201599,11,132675478.769655
32.247998,76.278441,27.979999542236328,1087.074951,2022-03-16,0.982558012008667,8,132675478.724203
32.247892,76.287649,24.90999984741211,1630.597046,2022-03-16,0.9884979724884033,11,132675478.761391
32.247629,76.278008,3.4000000953674316,1074.38562,2022-03-16,0.9766299724578857,8,132675478.715939
32.247525,76.287219,39.369999,1589.461426,2022-03-16,0.9817010164260864,11,132675478.753127
32.247153,76.286784,32.65999984741211,1539.213989,2022-03-16,0.9693930149078369,11,132675478.744863
32.24690246582031,76.277158,17.190001,1087.503052,2022-03-16,0.9807299971580505,8,132675478.699411
32.24678421020508,76.286352,40.900002,1490.422119,2022-03-16,0.9830769896507263,11,132675478.736599
32.246539,76.276732,12.319999694824219,1110.512451,2022-03-16,0.9840750098228455,8,132675478.691147
32.246416,76.285922,43.299999,1468.434082,2022-03-16,0.9839730262756348,11,132675478.728335
32.246176,76.276307,18.90999984741211,1119.746582,2022-03-16,0.9868050217628479,8,132675478.682883
32.24604797363281,76.285491,41.950001,1440.994507,2022-03-16,0.9865260124206543,11,132675478.720071
32.245813,76.275883,13.029999732971191,1146.785889,2022-03-16,0.9609799981117249,8,132675478.674619
32.245681,76.285061,53.490002,1410.861084,2022-03-16,0.9867209792137146,11,132675478.711807
32.245451,76.275459,24.56999969482422,1159.335083,2022-03-16,0.983942985534668,8,132675478.666355
32.245314,76.284632,47.419998,1399.464478,2022-03-16,0.986965000629425,11,132675478.703543
32.245086669921875,76.275033,23.06999969482422,1171.55835,2022-03-16,0.9888309836387634,8,132675478.658091
32.244947,76.284202,40.40999984741211,1387.625854,2022-03-16,0.9793649911880493,11,132675478.695279
32.244719,76.274602,23.219999,1147.082397,2022-03-16,0.9586769938468933,8,132675478.649827
32.244581,76.283774,43.790001,1379.337769,2022-03-16,0.9879909753799438,11,132675478.687015
32.244352,76.274172,22.700001,1124.800537,2022-03-16,0.9767709970474243,8,132675478.641563
32.244214,76.283344,38.77000045776367,1360.859619,2022-03-16,0.974698007106781,11,132675478.678751
32.243986,76.273744,17.860001,1126.717163,2022-03-16,0.9504389762878418,8,132675478.633299
32.243844,76.282911,44.720001,1310.126343,2022-03-16,0.9877439737319946,11,132675478.670487
32.243625,76.273322,33.560001,1148.265747,2022-03-16,0.9804610013961792,8,132675478.625035
32.243472,76.282477,15.020000457763672,1286.937866,2022-03-16,0.9916279911994934,11,132675478.662223
32.24325942993164,76.272894,16.629999,1158.991211,2022-03-16,0.9797710180282593,8,132675478.616771
32.24310302734375,76.282046,34.200001,1237.609497,2022-03-16,0.9859809875488281,11,132675478.653959
32.242894,76.272466,23.81999969482422,1145.567993,2022-03-16,0.9554370045661926,8,132675478.608507
32.242733001708984,76.281613,21.270000457763672,1204.522705,2022-03-16,0.9831129908561707,11,132675478.645695
32.24252700805664,76.272037,25.620001,1126.315796,2022-03-16,0.9802200198173523,8,132675478.600243
32.242366790771484,76.281185,14.640000343322754,1203.477173,2022-03-16,0.9921960234642029,11,132675478.637431
32.24216079711914,76.271607,20.219999,1113.964722,2022-03-16,0.9843659996986389,8,132675478.591979
32.241999,76.280755,29.65999984741211,1164.311523,2022-03-16,0.9833109974861145,11,132675478.629167
32.241791,76.271175,4.53000020980835,1097.924316,2022-03-16,0.9552559852600098,8,132675478.583715
32.241629,76.280323,41.5,1109.558228,2022-03-16,0.9833859801292419,11,132675478.620903
32.241429,76.270752,29.18000030517578,1097.907349,2022-03-16,0.9856730103492737,8,132675478.575451
32.241259,76.279891,35.02000045776367,1078.052856,2022-03-16,0.9830549955368042,11,132675478.612639
32.240889,76.279458,19.700001,1044.3125,2022-03-16,0.9583830237388611,11,132675478.604375
32.240156,76.27860260009766,7.070000171661377,1033.105103,2022-03-16,0.9906690120697021,11,132675478.587847
32.23979187011719,76.278173,3.8499999046325684,1033.837158,2022-03-16,0.9689409732818604,11,132675478.579583
32.239425,76.277745,10.75,1022.232178,2022-03-16,0.9661840200424194,11,132675478.571319
32.239059,76.277317,5.199999809265137,1020.031555,2022-03-16,0.9850640296936035,11,132675478.563055
32.238694,76.27689361572266,8.84000015258789,1015.318237,2022-03-16,0.9551500082015991,11,132675478.554791
32.237962,76.276035,6.25,1007.286499,2022-03-16,0.9836840033531189,11,132675478.538262
32.237231,76.27517700195312,2.799999952316284,1003.829224,2022-03-16,0.9808899760246277,11,132675478.52173
32.236871,76.274757,37.189999,1008.858459,2022-03-16,0.9849650263786316,11,132675478.513464
32.236507415771484,76.274331,5.309999942779541,1050.246338,2022-03-16,0.9687290191650391,11,132675478.505198
32.236144,76.273906,10.260000228881836,1059.782959,2022-03-16,0.9661129713058472,11,132675478.496932
32.235782623291016,76.273483,22.360001,1081.314209,2022-03-16,0.9656050205230713,11,132675478.488666
32.235418,76.27305603027344,3.549999952316284,1098.827393,2022-03-16,0.9694709777832031,11,132675478.4804
32.23505401611328,76.27262878417969,11.760000228881836,1099.470581,2022-03-16,0.99030601978302,11,132675478.472134
32.234692,76.272205,14.119999885559082,1119.754028,2022-03-16,0.9879810214042664,11,132675478.463868
32.23432922363281,76.271781,32.810001,1123.879761,2022-03-16,0.9809539914131165,11,132675478.455602
32.233966,76.27135467529297,18.43000030517578,1147.388672,2022-03-16,0.9842129945755005,11,132675478.447336
32.23360061645508,76.270927,30.110001,1128.22998,2022-03-16,0.9895009994506836,11,132675478.43907
32.233232,76.270497,24.420000076293945,1107.161621,2022-03-16,0.9877840280532837,11,132675478.430804
32.26191711425781,76.271537,25.09000015258789,1385.695435,2022-04-13,0.9631749987602234,11,135083863.292266
32.261564,76.2719497680664,29.56999969482422,1357.907471,2022-04-13,0.9585549831390381,11,135083863.30053
32.24739074707031,76.297521,13.920000076293945,1743.661499,2022-04-13,0.9602180123329163,8,135083863.759237
32.247032165527344,76.297941,13.890000343322754,1732.23645,2022-04-13,0.9683629870414734,8,135083863.767501
32.228779,76.332264,13.479999542236328,1391.521362,2022-04-13,0.9622889757156372,6,135083863.965837
32.228416442871094,76.33268737792969,5.820000171661377,1396.698486,2022-04-13,0.9666900038719177,6,135083863.974101
32.227298,76.33399963378906,21.139999,1430.130493,2022-04-13,0.9711210131645203,6,135083863.998893
32.226931,76.334429,8.289999961853027,1447.078247,2022-04-13,0.9710569977760315,6,135083864.007157
32.2265625,76.334861,9.930000305175781,1453.555054,2022-04-13,0.9728289842605591,6,135083864.015421
32.226195,76.335291,7.5,1460.249634,2022-04-13,0.972370982170105,6,135083864.023685
32.225826263427734,76.335723,5.75,1470.293701,2022-04-13,0.9682319760322571,6,135083864.031949
32.225453,76.3361587524414,14.710000038146973,1478.27124,2022-04-13,0.9716269969940186,6,135083864.040213
32.223211,76.338786,7.320000171661377,1595.234985,2022-04-13,0.9772430062294006,6,135083864.089797
32.197505950927734,76.368913,3.4700000286102295,1226.562866,2022-04-13,0.9552209973335266,6,135083864.676597
32.173491,76.375212,25.43000030517578,1047.579834,2022-04-13,0.9652820229530334,11,135083865.300529
32.26423263549805,76.300044,39.610001,1503.213379,2023-01-16,0.9888290166854858,11,159138220.114453
32.264019,76.309182,21.0,1739.771729,2023-01-16,0.98225998878479,8,159138220.259073
32.263859,76.331163,25.420000076293945,2255.967041,2023-01-16,0.9808520078659058,5,159138220.180565
32.263826,76.344236,48.529999,2780.588867,2023-01-16,0.9646639823913574,3,159138219.957437
32.263675689697266,76.353412,20.370001,2817.032715,2023-01-16,0.9632480144500732,2,159138220.102057
32.263865,76.30047607421875,35.68000030517578,1524.568115,2023-01-16,0.9895489811897278,11,159138220.122717
32.263816,76.322238,24.0,1946.394653,2023-01-16,0.9873579740524292,6,159138220.044209
32.26347351074219,76.344656,23.889999,2747.507812,2023-01-16,0.9600329995155334,3,159138219.965701
32.263314,76.353839,4.559999942779541,2824.407471,2023-01-16,0.967166006565094,2,159138220.110321
32.263651,76.309612,35.299999,1736.146606,2023-01-16,0.9832519888877869,8,159138220.267337
32.263461,76.322659,44.560001,1888.446777,2023-01-16,0.9830800294876099,6,159138220.052473
32.263481,76.33159637451172,35.720001,2296.537598,2023-01-16,0.9826809763908386,5,159138220.188829
32.26349639892578,76.300908,35.68000030517578,1540.400513,2023-01-16,0.9844300150871277,11,159138220.130981
32.26310348510742,76.332037,31.0,2356.977783,2023-01-16,0.9788169860839844,5,159138220.197093
32.263112,76.345082,25.56999969482422,2733.921631,2023-01-16,0.9767940044403076,3,159138219.973965
32.262953,76.354265,14.9399995803833,2797.355713,2023-01-16,0.9593989849090576,2,159138220.118585
32.262779,76.360885,17.440001,2438.015137,2023-01-16,0.9514489769935608,1,159138220.461541
32.263291,76.310035,30.770000457763672,1720.568237,2023-01-16,0.9842849969863892,8,159138220.275601
32.263111,76.323075,16.209999,1857.185669,2023-01-16,0.9771199822425842,6,159138220.060737
32.262746,76.34551239013672,29.510000228881836,2736.907227,2023-01-16,0.9719039797782898,3,159138219.982229
32.263129,76.301339,5.989999771118164,1583.332153,2023-01-16,0.9895340204238892,11,159138220.139245
32.262929,76.31046295166016,27.25,1715.837769,2023-01-16,0.9864590167999268,8,159138220.283865
32.262732,76.323514,29.049999,1902.54895,2023-01-16,0.9820960164070129,6,159138220.069001
32.26272964477539,76.332471,23.469999,2398.273438,2023-01-16,0.9830309748649597,5,159138220.205357
32.262595,76.354689,4.860000133514404,2782.010498,2023-01-16,0.9718179702758789,2,159138220.126849
32.262411,76.361314,18.34000015258789,2450.18042,2023-01-16,0.9547590017318726,1,159138220.469805
32.262760162353516,76.30177307128906,20.510000228881836,1584.601685,2023-01-16,0.9760270118713379,11,159138220.147509
32.262384,76.345935,28.870001,2725.088623,2023-01-16,0.9738479852676392,3,159138219.990493
32.262232,76.355116,26.920000076293945,2751.895264,2023-01-16,0.9701169729232788,2,159138220.135113
32.2625617980957,76.310892,33.200001,1729.568237,2023-01-16,0.9854310154914856,8,159138220.292129
32.262358,76.323949,13.4399995803833,1960.096069,2023-01-16,0.9830440282821655,6,159138220.077265
32.26234817504883,76.332908,31.219999,2448.515869,2023-01-16,0.9779109954833984,5,159138220.213621
32.262023,76.346361,38.200001,2698.450439,2023-01-16,0.9570770263671875,3,159138219.998757
32.262057,76.361736,29.309999,2402.280029,2023-01-16,0.9663739800453186,1,159138220.478069
32.262386322021484,76.302208,36.459999,1605.615601,2023-01-16,0.984745979309082,11,159138220.155773
32.262185,76.311329,31.629999,1771.665649,2023-01-16,0.9834709763526917,8,159138220.300393
32.261969,76.333348,35.869999,2510.480713,2023-01-16,0.9841079711914062,5,159138220.221885
32.261876,76.35553741455078,27.899999618530273,2716.344971,2023-01-16,0.9741399884223938,2,159138220.143377
32.261706,76.362157,18.75,2362.852539,2023-01-16,0.9778119921684265,1,159138220.486333
32.261978,76.324388,17.520000457763672,2021.234863,2023-01-16,0.981997013092041,6,159138220.085529
32.261526,76.35595703125,26.510000228881836,2655.258301,2023-01-16,0.9740430116653442,2,159138220.151641
32.262018,76.302639,30.209999,1628.557007,2023-01-16,0.9850929975509644,11,159138220.164037
32.26181411743164,76.311762,20.059999,1807.58313,2023-01-16,0.9834229946136475,8,159138220.308657
32.261607,76.324821,28.379999,2037.132935,2023-01-16,0.9811879992485046,6,159138220.093793
32.261595,76.333782,26.729999542236328,2556.507568,2023-01-16,0.9645969867706299,5,159138220.230149
32.261352,76.36257934570312,16.809999,2330.497314,2023-01-16,0.9705320000648499,1,159138220.494597
32.261649,76.303072,31.969999,1647.128418,2023-01-16,0.987762987613678,11,159138220.172301
32.261323,76.34719848632812,30.629999,2577.363037,2023-01-16,0.9672160148620605,3,159138220.015285
32.261164,76.356387,31.0,2641.592773,2023-01-16,0.9734479784965515,2,159138220.159905
32.26099395751953,76.363004,24.969999,2297.248047,2023-01-16,0.9629330039024353,1,159138220.502861
32.261436462402344,76.312202,42.490002,1836.479858,2023-01-16,0.9791210293769836,8,159138220.316921
32.261233,76.325255,18.190001,2086.427246,2023-01-16,0.984175980091095,6,159138220.102057
32.261217,76.334218,34.18000030517578,2600.574219,2023-01-16,0.9833009839057922,5,159138220.238413
32.26096725463867,76.347623,21.68000030517578,2549.945801,2023-01-16,0.9694539904594421,3,159138220.023549
32.260809,76.3568115234375,27.370001,2603.979492,2023-01-16,0.9722049832344055,2,159138220.168169
32.261281,76.303503,33.31999969482422,1658.121338,2023-01-16,0.9877169728279114,11,159138220.180565
32.261061,76.312639,29.530001,1888.307373,2023-01-16,0.9811850190162659,8,159138220.325185
32.260847,76.334649,30.850000381469727,2624.932617,2023-01-16,0.9849230051040649,5,159138220.246677
32.260642,76.363426,17.260000228881836,2263.314453,2023-01-16,0.9752330183982849,1,159138220.511125
32.26091384887695,76.303933,22.870001,1681.011597,2023-01-16,0.9856230020523071,11,159138220.188829
32.260862,76.325688,12.880000114440918,2118.777832,2023-01-16,0.9864479899406433,6,159138220.110321
32.260611,76.348046,19.579999923706055,2513.907715,2023-01-16,0.9560959935188293,3,159138220.031813
32.260454,76.357233,24.40999984741211,2567.85376,2023-01-16,0.9628940224647522,2,159138220.176433
32.260276794433594,76.363853,18.75,2262.174805,2023-01-16,0.9514470100402832,1,159138220.519389
32.260692,76.313071,21.110001,1913.177734,2023-01-16,0.9842590093612671,8,159138220.333449
32.260491,76.326121,11.9399995803833,2146.660645,2023-01-16,0.9807959794998169,6,159138220.118585
32.260474,76.335083,19.920000076293945,2671.148193,2023-01-16,0.9849990010261536,5,159138220.254941
32.26026153564453,76.348467,28.010000228881836,2446.64917,2023-01-16,0.9592570066452026,3,159138220.040077
32.260552,76.304358,31.329999923706055,1659.069824,2023-01-16,0.9863100051879883,11,159138220.197093
32.260108,76.335511,30.059999,2665.12793,2023-01-16,0.988752007484436,5,159138220.263205
32.259912,76.364281,31.299999,2251.349609,2023-01-16,0.9761030077934265,1,159138220.527653
32.260196,76.304777,27.549999,1629.638306,2023-01-16,0.9697650074958801,11,159138220.205357
32.260331,76.313495,21.110001,1901.625122,2023-01-16,0.9737679958343506,8,159138220.341713
32.260119,76.326554,19.239999771118164,2173.309814,2023-01-16,0.9811699986457825,6,159138220.126849
32.259906,76.348888,10.670000076293945,2413.456787,2023-01-16,0.962319016456604,3,159138220.048341
32.259734,76.358084,28.010000228881836,2527.547119,2023-01-16,0.9602969884872437,2,159138220.192961
32.259976,76.313913,24.739999771118164,1861.187378,2023-01-16,0.9804099798202515,8,159138220.349977
32.259746,76.326988,15.3100004196167,2211.711914,2023-01-16,0.9781479835510254,6,159138220.135113
32.2597541809082,76.33592987060547,29.020000457763672,2622.810059,2023-01-16,0.9844880104064941,5,159138220.271469
32.259549,76.349312,25.200001,2369.309082,2023-01-16,0.971805989742279,3,159138220.056605
32.259551,76.364707,25.719999,2246.944824,2023-01-16,0.9637489914894104,1,159138220.535917
32.259334,76.37393951416016,19.950001,2545.908447,2023-01-16,0.9616619944572449,0,159138220.680537
32.25983428955078,76.305203,30.209999,1620.126953,2023-01-16,0.9839680194854736,11,159138220.213621
32.259374,76.358509,24.079999923706055,2512.956787,2023-01-16,0.9648339748382568,2,159138220.201225
32.259194,76.365131,31.450001,2216.312012,2023-01-16,0.9869250059127808,1,159138220.544181
32.259619,76.314334,25.56999969482422,1832.16748,2023-01-16,0.9867650270462036,8,159138220.358241
32.259372,76.327423,5.28000020980835,2263.262451,2023-01-16,0.9859200119972229,6,159138220.143377
32.25939178466797,76.336357,22.690001,2626.746826,2023-01-16,0.9809010028839111,5,159138220.279733
32.259173,76.349745,27.06999969482422,2413.921631,2023-01-16,0.9809539914131165,3,159138220.064869
32.259012,76.358935,25.309999,2498.971436,2023-01-16,0.9720439910888672,2,159138220.209489
32.259472,76.305627,12.989999771118164,1624.325562,2023-01-16,0.9857270121574402,11,159138220.221885
32.25926208496094,76.314754,21.899999618530273,1806.359985,2023-01-16,0.9834259748458862,8,159138220.366505
32.259028,76.336783,10.890000343322754,2627.679443,2023-01-16,0.9860529899597168,5,159138220.287997
32.258839,76.365554,31.190001,2183.08252,2023-01-16,0.9646419882774353,1,159138220.552445
32.25910568237305,76.306056,20.209999,1623.396362,2023-01-16,0.9679309725761414,11,159138220.230149
32.259001,76.327856,14.34000015258789,2279.103516,2023-01-16,0.9845190048217773,6,159138220.151641
32.25880813598633,76.350172,17.040001,2416.538818,2023-01-16,0.9779279828071594,3,159138220.073133
32.258493,76.365973,21.489999771118164,2128.538574,2023-01-16,0.9570959806442261,1,159138220.560709
32.258898,76.315181,25.190001,1800.661377,2023-01-16,0.9794260263442993,8,159138220.374769
32.258628845214844,76.328288,15.15999984741211,2305.799316,2023-01-16,0.9847480058670044,6,159138220.159905
32.258671,76.337205,4.559999942779541,2607.015381,2023-01-16,0.9554060101509094,5,159138220.296261
32.258303,76.359781,23.139999,2419.285645,2023-01-16,0.9650310277938843,2,159138220.226017
32.258201599121094,76.375242,15.90999984741211,2690.037842,2023-01-16,0.9761840105056763,0,159138220.705329
32.25873947143555,76.306485,28.450001,1622.281982,2023-01-16,0.9872469902038574,11,159138220.238413
32.258541107177734,76.315602,17.329999923706055,1782.010376,2023-01-16,0.9773539900779724,8,159138220.383033
32.258141,76.366395,26.620001,2080.670898,2023-01-16,0.9563140273094177,1,159138220.568973
32.258379,76.306909,27.700001,1606.249878,2023-01-16,0.9859690070152283,11,159138220.246677
32.258269,76.328713,14.300000190734863,2291.229492,2023-01-16,0.9858360290527344,6,159138220.168169
32.258063,76.35103607177734,20.670000076293945,2494.628174,2023-01-16,0.9737499952316284,3,159138220.089661
32.257948,76.360203,27.670000076293945,2373.553955,2023-01-16,0.956387996673584,2,159138220.234281
32.2578010559082,76.366811,6.699999809265137,2018.922119,2023-01-16,0.950098991394043,1,159138220.577237
32.257839,76.375668,10.779999732971191,2686.447021,2023-01-16,0.96418297290802,0,159138220.713593
32.258178,76.316028,29.309999,1761.607788,2023-01-16,0.9839379787445068,8,159138220.391297
32.257961,76.338046,23.959999,2510.138672,2023-01-16,0.9823349714279175,5,159138220.312789
32.257695,76.351465,20.520000457763672,2507.796387,2023-01-16,0.9646999835968018,3,159138220.097925
32.257596,76.360625,28.420000076293945,2320.093994,2023-01-16,0.9623240232467651,2,159138220.242545
32.257484436035156,76.376092,21.670000076293945,2644.696045,2023-01-16,0.9715219736099243,0,159138220.721859
32.25801467895508,76.307336,34.400002,1597.361572,2023-01-16,0.9773600101470947,11,159138220.254941
32.257905,76.32913970947266,17.780001,2286.785400390625,2023-01-16,0.980322003364563,6,159138220.176433
32.25761032104492,76.338463,28.719999,2449.508057,2023-01-16,0.9871209859848022,5,159138220.321053
32.257429,76.367242,19.129999,2031.268188,2023-01-16,0.9704359769821167,1,159138220.585501
32.2578239440918,76.316445,7.179999828338623,1743.484497,2023-01-16,0.9645000100135803,8,159138220.399561
32.257531,76.32957458496094,11.079999923706055,2333.06543,2023-01-16,0.9562690258026123,6,159138220.184697
32.25731658935547,76.351899,32.919998,2555.619629,2023-01-16,0.9754250049591064,3,159138220.106189
32.257239,76.361049,20.780001,2296.229004,2023-01-16,0.9522989988327026,2,159138220.250809
32.257058,76.367673,26.059999,2049.058838,2023-01-16,0.9688270092010498,1,159138220.593765
32.257132,76.376514,25.379999,2600.164062,2023-01-16,0.9653159976005554,0,159138220.730125
32.25764465332031,76.307769,24.110001,1631.293701,2023-01-16,0.9858279824256897,11,159138220.263205
32.257450103759766,76.316882,24.670000076293945,1763.853882,2023-01-16,0.9839199781417847,8,159138220.407825
32.257259,76.338881,19.469999,2404.021484,2023-01-16,0.982899010181427,5,159138220.329317
32.25727081298828,76.308207,32.56999969482422,1666.759277,2023-01-16,0.9900879859924316,11,159138220.271469
32.257167,76.330002,6.809999942779541,2335.380859,2023-01-16,0.9624080061912537,6,159138220.192961
32.256945,76.35233306884766,42.580002,2576.965332,2023-01-16,0.9842529892921448,3,159138220.114453
32.256864,76.36148071289062,29.920000076293945,2329.737305,2023-01-16,0.9701460003852844,2,159138220.259073
32.256681,76.368107,22.719999,2096.953125,2023-01-16,0.9664409756660461,1,159138220.602029
32.257077,76.317317,33.02000045776367,1786.188354,2023-01-16,0.9800140261650085,8,159138220.416089
32.256809,76.330425,23.31999969482422,2289.563721,2023-01-16,0.9861360192298889,6,159138220.201225
32.25690460205078,76.339301,10.329999923706055,2370.599365,2023-01-16,0.962568998336792,5,159138220.337581
32.25657272338867,76.352761,36.169998,2614.066406,2023-01-16,0.9740579724311829,3,159138220.122717
32.256505,76.361905,23.18000030517578,2310.678711,2023-01-16,0.9705460071563721,2,159138220.267337
32.256895,76.308645,32.27000045776367,1708.055298,2023-01-16,0.9879580140113831,11,159138220.279733
32.25670623779297,76.3177490234375,22.870001,1821.294434,2023-01-16,0.9692909717559814,8,159138220.424353
32.256551,76.339721,11.229999542236328,2329.133789,2023-01-16,0.9818810224533081,5,159138220.345845
32.256305,76.368541,27.25,2135.394531,2023-01-16,0.969415009021759,1,159138220.610293
32.256451,76.330847,24.600000381469727,2261.416992,2023-01-16,0.9809200167655945,6,159138220.209489
32.256198,76.353194,37.93000030517578,2660.850586,2023-01-16,0.9682790040969849,3,159138220.130981
32.256142,76.362331,25.690001,2300.509521,2023-01-16,0.9606750011444092,2,159138220.275601
32.255932,76.368973,19.129999,2176.388916,2023-01-16,0.9676799774169922,1,159138220.618557
32.25653076171875,76.309073,32.68000030517578,1711.174438,2023-01-16,0.9910510182380676,11,159138220.287997
32.25632858276367,76.318189,37.02000045776367,1853.119995,2023-01-16,0.9824849963188171,8,159138220.432617
32.256195068359375,76.340142,16.43000030517578,2288.856689,2023-01-16,0.9863569736480713,5,159138220.354109
32.256175,76.30948638916016,29.989999771118164,1673.129395,2023-01-16,0.9675160050392151,11,159138220.296261
32.25608444213867,76.3312759399414,27.290001,2267.963379,2023-01-16,0.983227014541626,6,159138220.217753
32.25584030151367,76.340563,16.25,2254.373291,2023-01-16,0.9822919964790344,5,159138220.362373
32.255829,76.353624,21.829999923706055,2693.065674,2023-01-16,0.9784280061721802,3,159138220.139245
32.25557327270508,76.369398,19.020000457763672,2157.651123,2023-01-16,0.9679840207099915,1,159138220.626821
32.2557258605957,76.331699,18.56999969482422,2251.514648,2023-01-16,0.98329097032547,6,159138220.226017
32.25545883178711,76.354054,21.270000457763672,2712.907471,2023-01-16,0.9765740036964417,3,159138220.147509
32.255423,76.363181,31.190001,2253.565918,2023-01-16,0.9678170084953308,2,159138220.292129
32.255803,76.309925,36.990002,1697.251343,2023-01-16,0.989126980304718,11,159138220.304525
32.25547790527344,76.340988,40.209999,2218.37085,2023-01-16,0.9860849976539612,5,159138220.370637
32.255069732666016,76.363603,23.479999542236328,2211.885986,2023-01-16,0.9680709838867188,2,159138220.300393
32.255210876464844,76.369826,18.899999618530273,2156.776367,2023-01-16,0.9550650119781494,1,159138220.635085
32.25543212890625,76.31036376953125,29.389999,1731.183105,2023-01-16,0.9860090017318726,11,159138220.312789
32.255374,76.332116,25.200001,2189.166016,2023-01-16,0.9864130020141602,6,159138220.234281
32.255114,76.34141540527344,32.349998,2225.003906,2023-01-16,0.9861909747123718,5,159138220.378901
32.254832,76.3702621459961,27.219999,2197.44458,2023-01-16,0.9612799882888794,1,159138220.643349
32.255205,76.319501,40.619999,1968.132812,2023-01-16,0.987293004989624,8,159138220.457409
32.255023,76.332533,17.520000457763672,2139.572021,2023-01-16,0.9851080179214478,6,159138220.242545
32.25472640991211,76.354911,12.350000381469727,2743.394043,2023-01-16,0.9695919752120972,3,159138220.164037
32.254727,76.36402130126953,30.549999,2116.351807,2023-01-16,0.9615259766578674,2,159138220.308657
32.25505828857422,76.310794,28.530001,1763.737305,2023-01-16,0.987030029296875,11,159138220.321053
32.254747,76.341844,20.329999923706055,2243.975342,2023-01-16,0.9681140184402466,5,159138220.387165
32.254458,76.370693,22.799999,2239.299316,2023-01-16,0.9629499912261963,1,159138220.651613
32.254835,76.319934,25.870001,2005.163086,2023-01-16,0.9812859892845154,8,159138220.465673
32.254649,76.332968,26.469999,2169.462646,2023-01-16,0.9846810102462769,6,159138220.250809
32.254371643066406,76.355334,11.609999656677246,2706.534424,2023-01-16,0.9775429964065552,3,159138220.172301
32.254361,76.364447,30.700001,2119.61792,2023-01-16,0.9683550000190735,2,159138220.316921
32.254686,76.311231,31.0,1799.27124,2023-01-16,0.983814001083374,11,159138220.329317
32.254461,76.320371,35.380001,2033.045532,2023-01-16,0.9834079742431641,8,159138220.473937
32.2542724609375,76.333404,20.290001,2228.228027,2023-01-16,0.9825999736785889,6,159138220.259073
32.254378,76.342274,18.190001,2264.866943,2023-01-16,0.9851840138435364,5,159138220.395429
32.253995,76.364875,39.540001,2116.862793,2023-01-16,0.9664750099182129,2,159138220.325185
32.254082,76.371126,20.629999,2282.532471,2023-01-16,0.9568250179290771,1,159138220.659877
32.254312,76.311668,39.830002,1828.593384,2023-01-16,0.9858239889144897,11,159138220.337581
32.254012,76.342703,10.699999809265137,2278.336914,2023-01-16,0.9594860076904297,5,159138220.403693
32.2540168762207,76.355756,19.540001,2650.146729,2023-01-16,0.9623460173606873,3,159138220.180565
32.253714,76.371556,35.189999,2283.27417,2023-01-16,0.9717980027198792,1,159138220.668141
32.254088,76.320807,52.369999,2049.69751,2023-01-16,0.9871950149536133,8,159138220.482201
32.253903,76.333835,19.729999542236328,2246.605713,2023-01-16,0.9852200150489807,6,159138220.267337
32.253661,76.356179,16.920000076293945,2612.14624,2023-01-16,0.9682400226593018,3,159138220.188829
32.253637,76.365299,25.049999,2104.164062,2023-01-16,0.9588800072669983,2,159138220.333449
32.253936767578125,76.312106,41.549999,1870.777222,2023-01-16,0.9863380193710327,11,159138220.345845
32.253714,76.321243,28.34000015258789,2110.621338,2023-01-16,0.9855719804763794,8,159138220.490465
32.2536506652832,76.343128,4.230000019073486,2276.074463,2023-01-16,0.9582939743995667,5,159138220.411957
32.253281,76.365722,16.809999,2074.330811,2023-01-16,0.9649149775505066,2,159138220.341713
32.253346,76.371986,23.65999984741211,2308.444092,2023-01-16,0.9675390124320984,1,159138220.676405
32.253543853759766,76.334258,7.300000190734863,2238.297607,2023-01-16,0.9799060225486755,6,159138220.275601
32.2532958984375,76.343548,19.239999771118164,2217.492676,2023-01-16,0.9891250133514404,5,159138220.420221
32.253302,76.356603,18.010000228881836,2585.269287,2023-01-16,0.9697459936141968,3,159138220.197093
32.25297546386719,76.372417,14.489999771118164,2344.36499,2023-01-16,0.9691900014877319,1,159138220.684669
32.253562,76.312544,41.290001,1912.074219,2023-01-16,0.9648929834365845,11,159138220.354109
32.253347,76.321674,16.879999,2133.669189,2023-01-16,0.9842569828033447,8,159138220.498729
32.253188,76.334679,21.120001,2187.881104,2023-01-16,0.9854840040206909,6,159138220.283865
32.252947,76.357026,16.360001,2547.208984,2023-01-16,0.963146984577179,3,159138220.205357
32.2529182434082,76.366148,23.209999,2053.803955,2023-01-16,0.9799379706382751,2,159138220.349977
32.25319290161133,76.312975,28.190001,1942.146973,2023-01-16,0.9847890138626099,11,159138220.362373
32.252943,76.343968,17.030001,2173.756836,2023-01-16,0.9622309803962708,5,159138220.428485
32.252569,76.366569,31.68000030517578,1990.194702,2023-01-16,0.9630510210990906,2,159138220.358241
32.252609,76.372845,23.25,2341.648193,2023-01-16,0.9632819890975952,1,159138220.692933
32.252989,76.322095,24.40999984741211,2101.373535,2023-01-16,0.9819380044937134,8,159138220.506993
32.252839,76.335094,11.380000114440918,2129.066162,2023-01-16,0.987296998500824,6,159138220.292129
32.252585,76.34439086914062,30.59000015258789,2133.453125,2023-01-16,0.9870409965515137,5,159138220.436749
32.252589,76.35745239257812,15.760000228881836,2515.977783,2023-01-16,0.9709939956665039,3,159138220.213621
32.2528190612793,76.313412,43.72999954223633,1961.476074,2023-01-16,0.9890720248222351,11,159138220.370637
32.252633,76.322515,39.310001,2055.152588,2023-01-16,0.9809039831161499,8,159138220.515257
32.252468,76.33552551269531,24.670000076293945,2141.758545,2023-01-16,0.9866690039634705,6,159138220.300393
32.252229,76.357874,12.390000343322754,2498.502197,2023-01-16,0.9657589793205261,3,159138220.221885
32.252248,76.373272,24.06999969482422,2332.718994,2023-01-16,0.9629449844360352,1,159138220.701197
32.252449,76.313846,40.240002,1992.619385,2023-01-16,0.9837809801101685,11,159138220.378901
32.252238,76.344806,32.349998,2064.035645,2023-01-16,0.9565389752388,5,159138220.445013
32.251888275146484,76.373696,11.600000381469727,2321.987061,2023-01-16,0.9728789925575256,1,159138220.709461
32.252279,76.322934,38.75,2016.63623,2023-01-16,0.9540460109710693,8,159138220.523521
32.252101,76.335955,9.989999771118164,2165.669189,2023-01-16,0.9855899810791016,6,159138220.308657
32.251866,76.358301,12.050000190734863,2491.087402,2023-01-16,0.9710260033607483,3,159138220.230149
32.252076,76.314281,36.84000015258789,2027.113159,2023-01-16,0.9875620007514954,11,159138220.387165
32.251924,76.323353,29.15999984741211,1991.46582,2023-01-16,0.9768980145454407,8,159138220.531785
32.251869,76.345237,22.610001,2092.649658,2023-01-16,0.9825819730758667,5,159138220.453277
32.251533,76.374121,21.530001,2289.439209,2023-01-16,0.9635570049285889,1,159138220.717726
32.251731872558594,76.336387,21.450001,2181.071777,2023-01-16,0.9844509959220886,6,159138220.316921
32.251498,76.345669,8.9399995803833,2132.353027,2023-01-16,0.9855610132217407,5,159138220.461541
32.251508,76.358725,19.170000076293945,2457.024902,2023-01-16,0.9720060229301453,3,159138220.238413
32.25117874145508,76.374543,25.530001,2247.604004,2023-01-16,0.9623069763183594,1,159138220.725992
32.251706,76.314714,30.850000381469727,2058.520264,2023-01-16,0.9905779957771301,11,159138220.395429
32.251566,76.323775,31.479999542236328,1964.987183,2023-01-16,0.9838410019874573,8,159138220.540049
32.25136947631836,76.336811,18.68000030517578,2164.700195,2023-01-16,0.982371985912323,6,159138220.325185
32.25114059448242,76.359154,18.350000381469727,2472.05249,2023-01-16,0.9813269972801208,3,159138220.246677
32.251139,76.368265,5.130000114440918,1899.125854,2023-01-16,0.9691810011863708,2,159138220.391297
32.251333,76.31514739990234,24.81999969482422,2097.380859,2023-01-16,0.973442018032074,11,159138220.403693
32.251208,76.324197,23.129999,1951.107178,2023-01-16,0.9602950215339661,8,159138220.548313
32.251126,76.346102,9.619999885559082,2162.707764,2023-01-16,0.9869750142097473,5,159138220.469805
32.25077438354492,76.368692,10.5600004196167,1895.166748,2023-01-16,0.9531890153884888,2,159138220.399561
32.25082778930664,76.374964,26.620001,2201.262939,2023-01-16,0.9522629976272583,1,159138220.734258
32.25101852416992,76.337227,23.770000457763672,2099.73999,2023-01-16,0.9781270027160645,6,159138220.333449
32.250753,76.3465347290039,9.239999771118164,2197.06543,2023-01-16,0.981016993522644,5,159138220.478069
32.250475,76.375386,24.030001,2165.005371,2023-01-16,0.9598209857940674,1,159138220.742524
32.250963,76.315583,28.260000228881836,2116.039795,2023-01-16,0.9868540167808533,11,159138220.411957
32.250662,76.337649,4.75,2092.470947,2023-01-16,0.9839410185813904,6,159138220.341713
32.250411,76.360008,15.5,2470.455322,2023-01-16,0.9665369987487793,3,159138220.263205
32.250403,76.369122,16.65999984741211,1915.985107,2023-01-16,0.9514240026473999,2,159138220.407825
32.250381,76.346968,8.720000267028809,2225.255371,2023-01-16,0.9774929881095886,5,159138220.486333
32.250128,76.375806,21.110001,2109.016113,2023-01-16,0.9600210189819336,1,159138220.75079
32.250597,76.316012,19.729999542236328,2131.436523,2023-01-16,0.9855700135231018,11,159138220.420221
32.250492095947266,76.325042,14.600000381469727,1913.300293,2023-01-16,0.9837700128555298,8,159138220.564841
32.250299,76.338075,30.959999,2055.808105,2023-01-16,0.9877510070800781,6,159138220.349977
32.25004577636719,76.36043548583984,20.370001,2467.794922,2023-01-16,0.9612339735031128,3,159138220.271469
32.250031,76.369553,18.5,1941.750122,2023-01-16,0.9681419730186462,2,159138220.416089
32.249778747558594,76.376225,16.100000381469727,2057.282471,2023-01-16,0.959043025970459,1,159138220.759056
32.250236,76.316437,31.629999,2107.338623,2023-01-16,0.9932169914245605,11,159138220.428485
32.250127,76.32546997070312,41.47999954223633,1891.36853,2023-01-16,0.9799550175666809,8,159138220.573105
32.249944,76.338495,20.739999771118164,2026.914307,2023-01-16,0.9823470115661621,6,159138220.358241
32.250009,76.347401,6.880000114440918,2257.927246,2023-01-16,0.9796789884567261,5,159138220.494597
32.249658,76.369984,36.130001,1959.700806,2023-01-16,0.9670029878616333,2,159138220.424353
32.249632,76.347837,7.480000019073486,2309.075195,2023-01-16,0.9666240215301514,5,159138220.502861
32.249681,76.360862,14.680000305175781,2472.266113,2023-01-16,0.9738770127296448,3,159138220.279733
32.249433,76.376645,26.020000457763672,1988.166382,2023-01-16,0.9674969911575317,1,159138220.767322
32.249882,76.316853,33.689999,2060.690674,2023-01-16,0.9887139797210693,11,159138220.436749
32.24977111816406,76.325892,33.919998,1872.498169,2023-01-16,0.9538519978523254,8,159138220.581369
32.249591,76.338913,32.990002,1963.642578,2023-01-16,0.9829210042953491,6,159138220.366505
32.249281,76.370417,24.639999,2024.119263,2023-01-16,0.9647030234336853,2,159138220.432617
32.249528,76.317271,33.02000045776367,2021.115601,2023-01-16,0.9735950231552124,11,159138220.445013
32.249407,76.326318,34.93000030517578,1866.807373,2023-01-16,0.9755759835243225,8,159138220.589633
32.249255,76.34827423095703,24.670000076293945,2339.942871,2023-01-16,0.9855859875679016,5,159138220.511125
32.249235,76.339334,13.65999984741211,1950.727051,2023-01-16,0.9803509712219238,6,159138220.374769
32.24895477294922,76.361714,16.059999,2455.839844,2023-01-16,0.9688339829444885,3,159138220.296261
32.249173,76.317689,36.5,1977.448486,2023-01-16,0.9820359945297241,11,159138220.453277
32.249051,76.326739,21.370001,1847.952637,2023-01-16,0.9643229842185974,8,159138220.597897
32.248887,76.339748,28.379999,1863.192505,2023-01-16,0.9587399959564209,6,159138220.383033
32.24888229370117,76.348708,25.350000381469727,2374.991699,2023-01-16,0.9876390099525452,5,159138220.519389
32.24854278564453,76.371276,19.129999,2065.213379,2023-01-16,0.9663540124893188,2,159138220.449145
32.248819,76.318106,36.84000015258789,1934.667847,2023-01-16,0.9857919812202454,11,159138220.461541
32.248694,76.327161,11.9399995803833,1834.695923,2023-01-16,0.9586849808692932,8,159138220.606161
32.248504638671875,76.3491439819336,15.15999984741211,2436.041992,2023-01-16,0.9855449795722961,5,159138220.527653
32.248525,76.340174,17.479999542236328,1864.011963,2023-01-16,0.9862120151519775,6,159138220.391297
32.248233795166016,76.362565,16.700001,2420.626221,2023-01-16,0.9726979732513428,3,159138220.312789
32.24818420410156,76.371701,24.81999969482422,2036.57666,2023-01-16,0.979000985622406,2,159138220.457409
32.248465,76.318524,28.940001,1903.139038,2023-01-16,0.9684029817581177,11,159138220.469805
32.248334,76.327585,11.449999809265137,1821.09082,2023-01-16,0.9786819815635681,8,159138220.614425
32.248152,76.340608,9.430000305175781,1907.743042,2023-01-16,0.9778299927711487,6,159138220.399561
32.248136,76.349575,7.260000228881836,2463.434814,2023-01-16,0.986935019493103,5,159138220.535917
32.247872,76.36299133300781,14.260000228881836,2408.102295,2023-01-16,0.9684810042381287,3,159138220.321053
32.247833251953125,76.372122,12.920000076293945,1992.274536,2023-01-16,0.96322101354599,2,159138220.465673
32.24810791015625,76.318944,25.68000030517578,1876.426514,2023-01-16,0.9822580218315125,11,159138220.478069
32.24797058105469,76.328013,12.6899995803833,1821.157349,2023-01-16,0.9651380181312561,8,159138220.622689
32.247777,76.341043,22.309999,1939.561646,2023-01-16,0.985971987247467,6,159138220.407825
32.24776840209961,76.350004,14.640000343322754,2463.142334,2023-01-16,0.9897800087928772,5,159138220.544181
32.247512,76.363415,22.350000381469727,2378.014404,2023-01-16,0.9594939947128296,3,159138220.329317
32.247478,76.372545,30.780001,1934.439331,2023-01-16,0.9588540196418762,2,159138220.473937
32.247745,76.319369,23.209999,1871.230347,2023-01-16,0.9717299938201904,11,159138220.486333
32.247608,76.328439,6.960000038146973,1818.501709,2023-01-16,0.9622889757156372,8,159138220.630953
32.247401,76.350435,21.379999,2475.064209,2023-01-16,0.9814820289611816,5,159138220.552445
32.24712371826172,76.372968,40.81999969482422,1884.254272,2023-01-16,0.9602460265159607,2,159138220.482201
32.24740219116211,76.341479,14.899999618530273,1992.131348,2023-01-16,0.9622570276260376,6,159138220.416089
32.247388,76.31979370117188,26.43000030517578,1840.923706,2023-01-16,0.9866089820861816,11,159138220.494597
32.247245,76.328866,11.449999809265137,1811.758301,2023-01-16,0.9846529960632324,8,159138220.639217
32.24702835083008,76.341912,12.800000190734863,2025.604492,2023-01-16,0.9876530170440674,6,159138220.424353
32.247034,76.350865,14.970000267028809,2492.505615,2023-01-16,0.9833070039749146,5,159138220.560709
32.247029,76.320212,23.399999618530273,1819.168945,2023-01-16,0.9861660003662109,11,159138220.502861
32.246884,76.329291,8.609999656677246,1802.140869,2023-01-16,0.9816529750823975,8,159138220.647481
32.24666976928711,76.351292,5.760000228881836,2501.706299,2023-01-16,0.9601719975471497,5,159138220.568973
32.246393,76.373823,33.700001,1899.059448,2023-01-16,0.9552549719810486,2,159138220.498729
32.246659,76.342344,6.550000190734863,2059.209473,2023-01-16,0.9578920006752014,6,159138220.432617
32.246673,76.320633,26.729999542236328,1787.00293,2023-01-16,0.9809370040893555,11,159138220.511125
32.246522,76.329717,11.899999618530273,1792.821167,2023-01-16,0.9577429890632629,8,159138220.655745
32.246289,76.342775,5.050000190734863,2082.337158,2023-01-16,0.9856129884719849,6,159138220.440881
32.246107,76.365096,16.059999,2151.758301,2023-01-16,0.9538480043411255,3,159138220.362373
32.24602127075195,76.374255,27.709999,1941.253906,2023-01-16,0.9694799780845642,2,159138220.506993
32.246315002441406,76.321053,29.799999,1756.452271,2023-01-16,0.9890829920768738,11,159138220.519389
32.245958,76.352136,6.769999980926514,2436.009277,2023-01-16,0.9651679992675781,5,159138220.585501
32.24616241455078,76.330142,5.159999847412109,1788.200684,2023-01-16,0.9843699932098389,8,159138220.664009
32.245923,76.343204,8.420000076293945,2084.926758,2023-01-16,0.9849330186843872,6,159138220.449145
32.245756,76.365516,18.760000228881836,2085.872803,2023-01-16,0.9809839725494385,3,159138220.370637
32.245643615722656,76.374687,26.700001,1988.65564,2023-01-16,0.9652860164642334,2,159138220.515257
32.245952,76.32147979736328,28.190001,1753.684814,2023-01-16,0.9851300120353699,11,159138220.527653
32.24580001831055,76.330568,11.489999771118164,1774.400879,2023-01-16,0.9829069972038269,8,159138220.672273
32.245601654052734,76.3525619506836,20.290001,2400.843262,2023-01-16,0.9849249720573425,5,159138220.593765
32.24559020996094,76.321906,20.549999,1754.731567,2023-01-16,0.9889619946479797,11,159138220.535917
32.245558,76.343632,5.71999979019165,2090.609131,2023-01-16,0.9584190249443054,6,159138220.457409
32.24543762207031,76.330995,14.109999656677246,1766.357544,2023-01-16,0.9832000136375427,8,159138220.680537
32.245194,76.34406280517578,7.480000019073486,2089.162109,2023-01-16,0.9662969708442688,6,159138220.465673
32.2452392578125,76.352984,14.75,2387.848389,2023-01-16,0.9839789867401123,5,159138220.602029
32.245047,76.36636352539062,24.379999,1990.26416,2023-01-16,0.9709259867668152,3,159138220.387165
32.244903564453125,76.375548,26.43000030517578,2035.134766,2023-01-16,0.9731780290603638,2,159138220.531785
32.245226,76.322333,25.639999,1745.956177,2023-01-16,0.9821720123291016,11,159138220.544181
32.24507522583008,76.331421,18.34000015258789,1757.29248,2023-01-16,0.9794309735298157,8,159138220.688801
32.244886,76.353406,17.329999923706055,2349.314941,2023-01-16,0.9822369813919067,5,159138220.610293
32.244692,76.366783,18.90999984741211,1956.096802,2023-01-16,0.9534879922866821,3,159138220.395429
32.244826,76.34449005126953,15.09000015258789,2094.383789,2023-01-16,0.9826170206069946,6,159138220.473937
32.24453353881836,76.375978,24.670000076293945,2061.876221,2023-01-16,0.9708459973335266,2,159138220.540049
32.244864,76.322759,36.130001,1727.752197,2023-01-16,0.9816470146179199,11,159138220.552445
32.244714,76.331847,19.239999771118164,1749.204712,2023-01-16,0.9845319986343384,8,159138220.697065
32.24445724487305,76.344921,5.420000076293945,2124.086426,2023-01-16,0.9612360000610352,6,159138220.482201
32.24453353881836,76.353824,28.270000457763672,2288.101562,2023-01-16,0.9871029853820801,5,159138220.618557
32.244338,76.367205,40.18000030517578,1887.361084,2023-01-16,0.9863690137863159,3,159138220.403693
32.244159,76.37641143798828,21.379999,2108.706299,2023-01-16,0.9641609787940979,2,159138220.548313
32.244502,76.323185,28.559999,1728.65332,2023-01-16,0.965021014213562,11,159138220.560709
32.24418640136719,76.354241,9.510000228881836,2246.496094,2023-01-16,0.9836000204086304,5,159138220.626821
32.243993,76.367622,21.56999969482422,1820.426514,2023-01-16,0.96322101354599,3,159138220.411957
32.24409103393555,76.34535217285156,5.800000190734863,2134.192383,2023-01-16,0.955128014087677,6,159138220.490465
32.24413299560547,76.323617,32.459999,1743.577759,2023-01-16,0.9625399708747864,11,159138220.568973
32.243995,76.33269500732422,2.880000114440918,1733.136963,2023-01-16,0.965366005897522,8,159138220.713593
32.243829,76.354664,23.100000381469727,2203.455078,2023-01-16,0.9866459965705872,5,159138220.635085
32.243761,76.324053,28.670000076293945,1778.855957,2023-01-16,0.9638800024986267,11,159138220.577237
32.24372482299805,76.345779,16.850000381469727,2128.735352,2023-01-16,0.9836879968643188,6,159138220.498729
32.243476,76.355084,30.700001,2155.857666,2023-01-16,0.9854750037193298,5,159138220.643349
32.243632,76.333122,11.899999618530273,1721.744995,2023-01-16,0.9789689779281616,8,159138220.721859
32.243359,76.346208,9.319999694824219,2143.789795,2023-01-16,0.981797993183136,6,159138220.506993
32.24327850341797,76.368469,28.270000457763672,1742.711548,2023-01-16,0.9671199917793274,3,159138220.428485
32.24339294433594,76.324485,28.670000076293945,1795.138672,2023-01-16,0.9827929735183716,11,159138220.585501
32.24327087402344,76.333548,16.920000076293945,1710.275879,2023-01-16,0.9695259928703308,8,159138220.730125
32.243124,76.355504,12.430000305175781,2127.352295,2023-01-16,0.9568380117416382,5,159138220.651613
32.242906,76.368901,24.110001,1786.220215,2023-01-16,0.966966986656189,3,159138220.436749
32.24299240112305,76.346637,6.46999979019165,2156.07959,2023-01-16,0.9805319905281067,6,159138220.515257
32.242766,76.355927,11.079999923706055,2104.2771,2023-01-16,0.9562410116195679,5,159138220.659877
32.243025,76.324917,33.799999,1807.726685,2023-01-16,0.9790670275688171,11,159138220.593765
32.242909,76.333972,13.359999656677246,1700.341797,2023-01-16,0.9595119953155518,8,159138220.738391
32.24262237548828,76.347069,18.940001,2166.730225,2023-01-16,0.9879869818687439,6,159138220.523521
32.242537,76.369331,18.270000457763672,1815.819458,2023-01-16,0.9587759971618652,3,159138220.445013
32.242662,76.325344,23.059999,1817.326904,2023-01-16,0.9564610123634338,11,159138220.602029
32.242551,76.334395,6.849999904632568,1687.595459,2023-01-16,0.9526879787445068,8,159138220.746657
32.24240493774414,76.356353,5.389999866485596,2099.079834,2023-01-16,0.9614520072937012,5,159138220.668141
32.242166,76.369761,22.729999542236328,1838.026611,2023-01-16,0.9664949774742126,3,159138220.453277
32.242253,76.347501,15.460000038146973,2193.466553,2023-01-16,0.9869549870491028,6,159138220.531785
32.242299,76.325771,31.40999984741211,1803.048584,2023-01-16,0.982571005821228,11,159138220.610293
32.2421875,76.334822,31.260000228881836,1657.9197998046875,2023-01-16,0.9793649911880493,8,159138220.754923
32.24204635620117,76.356777,8.789999961853027,2077.19873,2023-01-16,0.9605559706687927,5,159138220.676405
32.241941,76.326193,33.5,1777.463135,2023-01-16,0.9830470085144043,11,159138220.618557
32.241883,76.347932,13.359999656677246,2216.852783,2023-01-16,0.9851620197296143,6,159138220.540049
32.2416877746582,76.357201,4.0,2060.953369,2023-01-16,0.981374979019165,5,159138220.684669
32.24182891845703,76.335244,38.330002,1628.452148,2023-01-16,0.9848870038986206,8,159138220.763189
32.241517,76.348362,6.46999979019165,2234.673096,2023-01-16,0.9796460270881653,6,159138220.548313
32.241422,76.370623,35.56999969482422,1891.994385,2023-01-16,0.9599559903144836,3,159138220.469805
32.24158477783203,76.326613,16.170000076293945,1765.668335,2023-01-16,0.9609389901161194,11,159138220.626821
32.241477966308594,76.33566284179688,6.880000114440918,1616.393311,2023-01-16,0.9711769819259644,8,159138220.771455
32.241328,76.357626,16.510000228881836,2031.262207,2023-01-16,0.9878299832344055,5,159138220.692933
32.241044,76.371057,40.330002,1945.690308,2023-01-16,0.964398980140686,3,159138220.478069
32.241146087646484,76.348794,9.430000305175781,2259.570068,2023-01-16,0.9793599843978882,6,159138220.556577
32.240970611572266,76.358049,16.510000228881836,2010.709351,2023-01-16,0.97639000415802,5,159138220.701197
32.241219,76.327043,22.719999,1769.289185,2023-01-16,0.9551979899406433,11,159138220.635085
32.241109,76.336093,28.75,1612.772949,2023-01-16,0.9830330014228821,8,159138220.779721
32.240675,76.371487,23.25,1983.168335,2023-01-16,0.9702839851379395,3,159138220.486333
32.240854,76.327473,25.270000457763672,1771.161987,2023-01-16,0.9805139899253845,11,159138220.643349
32.240739,76.3365249633789,25.639999,1637.954468,2023-01-16,0.9797329902648926,8,159138220.787987
32.240787,76.349218,35.119999,2212.565918,2023-01-16,0.9763519763946533,6,159138220.564841
32.240613,76.358472,10.739999771118164,1989.313965,2023-01-16,0.9732959866523743,5,159138220.709461
32.240436,76.349636,9.020000457763672,2183.134277,2023-01-16,0.9626190066337585,6,159138220.573105
32.24025344848633,76.358897,15.680000305175781,1967.747803,2023-01-16,0.9828140139579773,5,159138220.717726
32.240308,76.371916,19.920000076293945,1999.616333,2023-01-16,0.9697890281677246,3,159138220.494597
32.24049377441406,76.32789611816406,25.68000030517578,1753.642334,2023-01-16,0.9814029932022095,11,159138220.651613
32.240362,76.336965,33.389999,1681.829956,2023-01-16,0.9890829920768738,8,159138220.796253
32.239928,76.372351,21.68000030517578,2064.562744,2023-01-16,0.9731889963150024,3,159138220.502861
32.240137,76.328317,20.920000076293945,1730.775391,2023-01-16,0.9887409806251526,11,159138220.659877
32.240075,76.350061,17.0,2161.493164,2023-01-16,0.9824820160865784,6,159138220.581369
32.239896,76.35932159423828,8.760000228881836,1947.564697,2023-01-16,0.9788900017738342,5,159138220.725992
32.239996,76.337394,30.100000381469727,1692.214599609375,2023-01-16,0.981548011302948,8,159138220.804519
32.239717,76.350484,9.130000114440918,2143.427002,2023-01-16,0.9631710052490234,6,159138220.589633
32.239559173583984,76.3727798461914,16.100000381469727,2084.471924,2023-01-16,0.9624800086021423,3,159138220.511125
32.239775,76.328743,33.130001,1712.61084,2023-01-16,0.9501019716262817,11,159138220.668141
32.239633,76.33782196044922,26.649999618530273,1690.346313,2023-01-16,0.9867560267448425,8,159138220.812785
32.23953628540039,76.359744,14.75,1925.362305,2023-01-16,0.9785330295562744,5,159138220.734258
32.239192962646484,76.373209,15.010000228881836,2100.015625,2023-01-16,0.9671329855918884,3,159138220.519389
32.23935317993164,76.350912,16.879999,2137.085693,2023-01-16,0.9838879704475403,6,159138220.597897
32.239173,76.360171,15.5,1921.15564,2023-01-16,0.9619259834289551,5,159138220.742524
32.239419,76.329163,9.84000015258789,1704.123901,2023-01-16,0.9549360275268555,11,159138220.676405
32.239269,76.338247,5.570000171661377,1710.952026,2023-01-16,0.9570639729499817,8,159138220.821051
32.238991,76.351338,15.569999694824219,2131.397217,2023-01-16,0.9631630182266235,6,159138220.606161
32.23881912231445,76.373641,34.0,2119.512207,2023-01-16,0.9759420156478882,3,159138220.527653
32.23905563354492,76.32958984375,25.120001,1682.343018,2023-01-16,0.9836469888687134,11,159138220.684669
32.238904,76.338675,10.220000267028809,1710.222656,2023-01-16,0.9872959852218628,8,159138220.829317
32.238807,76.360601,24.110001,1922.567261,2023-01-16,0.9809799790382385,5,159138220.75079
32.23863220214844,76.351762,22.239999771118164,2104.354492,2023-01-16,0.9811490178108215,6,159138220.614425
32.238448,76.361024,13.210000038146973,1910.696045,2023-01-16,0.9830269813537598,5,159138220.759056
32.238443,76.374075,29.84000015258789,2177.865234,2023-01-16,0.9686170220375061,3,159138220.535917
32.238698,76.330012,11.1899995803833,1678.30603,2023-01-16,0.9806540012359619,11,159138220.692933
32.238538,76.339104,9.770000457763672,1715.973877,2023-01-16,0.9818980097770691,8,159138220.837583
32.238072,76.374506,14.899999618530273,2222.233154,2023-01-16,0.9610180258750916,3,159138220.544181
32.238337,76.330437,10.520000457763672,1667.722656,2023-01-16,0.9725350141525269,11,159138220.701197
32.238277435302734,76.352182,6.809999942779541,2078.658936,2023-01-16,0.9842050075531006,6,159138220.622689
32.23809051513672,76.361447,10.140000343322754,1891.178467,2023-01-16,0.9858059883117676,5,159138220.767322
32.2381706237793,76.339534,18.75,1720.189941,2023-01-16,0.9803580045700073,8,159138220.845849
32.237921,76.352604,9.619999885559082,2042.944336,2023-01-16,0.9829099774360657,6,159138220.630953
32.23773193359375,76.36186981201172,11.0,1865.894897,2023-01-16,0.9830290079116821,5,159138220.775588
32.237701416015625,76.374938,18.229999542236328,2254.614014,2023-01-16,0.9652199745178223,3,159138220.552445
32.23797607421875,76.330862,17.969999,1650.340332,2023-01-16,0.9810870289802551,11,159138220.709461
32.237807,76.339961,11.449999809265137,1724.958008,2023-01-16,0.9823669791221619,8,159138220.854115
32.237615,76.331287,10.819999694824219,1645.420898,2023-01-16,0.9835969805717468,11,159138220.717726
32.23756408691406,76.353027,20.549999,2005.151001,2023-01-16,0.983709990978241,6,159138220.639217
32.237379,76.36228942871094,16.510000228881836,1819.16272,2023-01-16,0.9867560267448425,5,159138220.783854
32.237333,76.375366,22.649999618530273,2261.349365,2023-01-16,0.9680060148239136,3,159138220.560709
32.23720932006836,76.353447,7.519999980926514,1978.349976,2023-01-16,0.9833260178565979,6,159138220.647481
32.236967,76.375795,36.59000015258789,2255.278076,2023-01-16,0.9668350219726562,3,159138220.568973
32.237257,76.331709,9.989999771118164,1623.566528,2023-01-16,0.966621994972229,11,159138220.725992
32.237066,76.340826,21.600000381469727,1758.674561,2023-01-16,0.9853370189666748,8,159138220.870647
32.237028,76.362708,11.680000305175781,1769.497192,2023-01-16,0.9832519888877869,5,159138220.79212
32.236854,76.353868,27.030001,1925.202515,2023-01-16,0.962427020072937,6,159138220.655745
32.236679,76.363125,24.329999923706055,1698.907104,2023-01-16,0.9825260043144226,5,159138220.800386
32.236613,76.376217,23.739999771118164,2222.731934,2023-01-16,0.9626910090446472,3,159138220.577237
32.236898,76.332132,13.699999809265137,1602.540649,2023-01-16,0.9655809998512268,11,159138220.734258
32.236695,76.341259,9.0600004196167,1798.027466,2023-01-16,0.9545350074768066,8,159138220.878913
32.23649215698242,76.354295,8.869999885559082,1935.874878,2023-01-16,0.9821079969406128,6,159138220.664009
32.23653793334961,76.332556,14.369999885559082,1586.861572,2023-01-16,0.966517984867096,11,159138220.742524
32.236329,76.363542,13.25,1654.042236,2023-01-16,0.9881259799003601,5,159138220.808652
32.236323,76.341693,16.579999923706055,1817.949219,2023-01-16,0.9803190231323242,8,159138220.887179
32.236129,76.354722,6.739999771118164,1935.801514,2023-01-16,0.9614199995994568,6,159138220.672273
32.23617935180664,76.332978,6.960000038146973,1570.876587,2023-01-16,0.9635459780693054,11,159138220.75079
32.235946,76.342131,18.600000381469727,1862.270996,2023-01-16,0.9860600233078003,8,159138220.895445
32.235818,76.333404,6.429999828338623,1563.446045,2023-01-16,0.9579579830169678,11,159138220.759056
32.235768,76.355147,7.110000133514404,1920.533081,2023-01-16,0.980239987373352,6,159138220.680537
32.235606,76.364392,11.600000381469727,1632.167114,2023-01-16,0.9625189900398254,5,159138220.825184
32.235579,76.34255981445312,14.930000305175781,1876.790039,2023-01-16,0.9792889952659607,8,159138220.903711
32.23541259765625,76.355568,9.729999542236328,1883.7322998046875,2023-01-16,0.9859880208969116,6,159138220.688801
32.235231,76.364827,17.329999923706055,1668.309448,2023-01-16,0.9867569804191589,5,159138220.83345
32.23545837402344,76.333825,33.72999954223633,1510.669434,2023-01-16,0.9866139888763428,11,159138220.767322
32.235215,76.342987,13.59000015258789,1878.495972,2023-01-16,0.9845460057258606,8,159138220.911977
32.235055,76.355991,15.869999885559082,1852.204834,2023-01-16,0.9856399893760681,6,159138220.697065
32.234868,76.365253,38.110001,1641.989624,2023-01-16,0.9854289889335632,5,159138220.841716
32.234854,76.343411,7.0,1871.474243,2023-01-16,0.9507820010185242,8,159138220.920243
32.234697,76.356414,10.970000267028809,1832.521118,2023-01-16,0.9818639755249023,6,159138220.705329
32.234738,76.334674,7.78000020980835,1514.099976,2023-01-16,0.9609379768371582,11,159138220.783854
32.234511,76.365675,36.389999,1616.422241,2023-01-16,0.9770969748497009,5,159138220.849982
32.2344970703125,76.343831,8.90999984741211,1839.11792,2023-01-16,0.9561910033226013,8,159138220.928509
32.234342,76.3568344116211,4.53000020980835,1800.691284,2023-01-16,0.9761090278625488,6,159138220.713593
32.234153747558594,76.366096,11.75,1610.856445,2023-01-16,0.9710509777069092,5,159138220.858248
32.23436737060547,76.335109,24.59000015258789,1526.324829,2023-01-16,0.9867330193519592,11,159138220.79212
32.233987,76.357256,11.600000381469727,1760.23291,2023-01-16,0.9726079702377319,6,159138220.721859
32.233996,76.335543,20.25,1557.380981,2023-01-16,0.9821410179138184,11,159138220.800386
32.233794,76.366521,6.400000095367432,1600.75647,2023-01-16,0.9601839780807495,5,159138220.866514
32.233768463134766,76.344683,17.479999542236328,1823.771362,2023-01-16,0.9806680083274841,8,159138220.94504
32.233633,76.357676,10.970000267028809,1717.375977,2023-01-16,0.9789400100708008,6,159138220.730125
32.233431,76.366946,6.769999980926514,1592.291748,2023-01-16,0.9663379788398743,5,159138220.87478
32.23362350463867,76.335978,27.65999984741211,1582.409302,2023-01-16,0.9847620129585266,11,159138220.808652
32.233407,76.345108,8.079999923706055,1827.352539,2023-01-16,0.9836030006408691,8,159138220.953304
32.233279,76.358096,14.34000015258789,1672.918579,2023-01-16,0.9791679978370667,6,159138220.738391
32.233057,76.367379,13.399999618530273,1622.639893,2023-01-16,0.9833539724349976,5,159138220.883046
32.233251,76.336414,25.379999,1619.236938,2023-01-16,0.9842450022697449,11,159138220.816918
32.233043,76.34553527832031,5.989999771118164,1827.761719,2023-01-16,0.9745960235595703,8,159138220.961568
32.232924,76.358516,8.529999732971191,1641.895386,2023-01-16,0.972046971321106,6,159138220.746657
32.232885,76.336843,8.270000457763672,1643.449585,2023-01-16,0.98403400182724,11,159138220.825184
32.232692,76.367807,33.360001,1607.068726,2023-01-16,0.9736289978027344,5,159138220.891312
32.232564,76.358941,14.449999809265137,1619.022095,2023-01-16,0.9822220206260681,6,159138220.754923
32.232330322265625,76.368232,19.280001,1610.270508,2023-01-16,0.9745090007781982,5,159138220.899578
32.232519,76.337272,14.520000457763672,1647.62207,2023-01-16,0.9845880270004272,11,159138220.83345
32.232314,76.346389,6.920000076293945,1827.207275,2023-01-16,0.9812970161437988,8,159138220.978096
32.232201,76.359367,9.130000114440918,1616.954346,2023-01-16,0.98471599817276,6,159138220.763189
32.232154846191406,76.337699,13.920000076293945,1646.650146,2023-01-16,0.9806579947471619,11,159138220.841716
32.231959,76.368664,21.75,1635.353882,2023-01-16,0.9700620174407959,5,159138220.907844
32.2319450378418,76.34681701660156,12.460000038146973,1837.427124,2023-01-16,0.9839839935302734,8,159138220.98636
32.231845,76.359788,11.380000114440918,1581.807495,2023-01-16,0.9778069853782654,6,159138220.771455
32.23158645629883,76.369096,16.579999923706055,1670.93811,2023-01-16,0.9821609854698181,5,159138220.91611
32.231786,76.338131,21.06999969482422,1657.324951,2023-01-16,0.9780309796333313,11,159138220.849982
32.231576,76.347251,14.520000457763672,1854.277466,2023-01-16,0.978859007358551,8,159138220.994624
32.23148727416992,76.360211,29.84000015258789,1539.932861,2023-01-16,0.9773150086402893,6,159138220.779721
32.231204,76.369535,14.789999961853027,1743.091431,2023-01-16,0.9746299982070923,5,159138220.924376
32.231424,76.338555,15.380000114440918,1653.6427001953125,2023-01-16,0.9862059950828552,11,159138220.858248
32.231212,76.347678,9.6899995803833,1857.84668,2023-01-16,0.9761769771575928,8,159138221.002888
32.231138,76.360627,37.290001,1467.135986,2023-01-16,0.958869993686676,6,159138220.787987
32.231063,76.338979,20.889999,1633.751831,2023-01-16,0.9793689846992493,11,159138220.866514
32.230829,76.369969,15.380000114440918,1782.194946,2023-01-16,0.9787309765815735,5,159138220.932642
32.230853,76.34809875488281,13.020000457763672,1832.551147,2023-01-16,0.9835180044174194,8,159138221.011152
32.230449,76.370407,35.720001,1823.582275,2023-01-16,0.9837419986724854,5,159138220.940908
32.230699,76.339405,19.579999923706055,1632.92627,2023-01-16,0.9843779802322388,11,159138220.87478
32.23048782348633,76.348528,15.460000038146973,1832.737427,2023-01-16,0.981086015701294,8,159138221.019416
32.230413,76.361479,12.390000343322754,1479.993408,2023-01-16,0.9651340246200562,6,159138220.804519
32.230334,76.339833,11.600000381469727,1644.29834,2023-01-16,0.9786199927330017,11,159138220.883046
32.230081,76.370836,16.729999542236328,1854.886719,2023-01-16,0.9838150143623352,5,159138220.949172
32.230124,76.348954,19.280001,1824.33728,2023-01-16,0.9837909936904907,8,159138221.02768
32.229963,76.340266,21.149999618530273,1658.853394,2023-01-16,0.9860879778862,11,159138220.891312
32.229765,76.349377,14.75,1810.648193,2023-01-16,0.978272020816803,8,159138221.035944
32.229705,76.371271,24.709999,1891.29541,2023-01-16,0.9861680269241333,5,159138220.957436
32.229323,76.37171173095703,31.34000015258789,1953.182617,2023-01-16,0.9877520203590393,5,159138220.9657
32.229591,76.340701,23.170000076293945,1688.366455,2023-01-16,0.9794859886169434,11,159138220.899578
32.229405,76.34980010986328,22.350000381469727,1785.554321,2023-01-16,0.9777169823646545,8,159138221.044208
32.229219,76.341136,28.379999,1714.732178,2023-01-16,0.9777600169181824,11,159138220.907844
32.228949,76.363192,13.510000228881836,1508.407715,2023-01-16,0.976502001285553,6,159138220.837583
32.228946,76.372145,22.350000381469727,2012.10437,2023-01-16,0.9884459972381592,5,159138220.973964
32.229049,76.350219,16.84000015258789,1758.945557,2023-01-16,0.9824770092964172,8,159138221.052472
32.228851,76.341566,12.800000190734863,1744.290894,2023-01-16,0.9780089855194092,11,159138220.91611
32.22869110107422,76.350642,22.979999542236328,1733.256958,2023-01-16,0.9855700135231018,8,159138221.060736
32.228574,76.363627,26.25,1539.704956,2023-01-16,0.9777699708938599,6,159138220.845849
32.228572845458984,76.372578,24.299999,2045.334351,2023-01-16,0.9863399863243103,5,159138220.982228
32.228492736816406,76.341987,13.619999885559082,1718.905273,2023-01-16,0.985539972782135,11,159138220.924376
32.228197,76.373013,29.649999618530273,2085.010986,2023-01-16,0.9565749764442444,5,159138220.990492
32.228331,76.351064,7.03000020980835,1728.244629,2023-01-16,0.9508069753646851,8,159138221.069
32.228192,76.364068,25.649999618530273,1615.236328,2023-01-16,0.9821850061416626,6,159138220.854115
32.228135,76.342407,8.640000343322754,1696.383057,2023-01-16,0.9649999737739563,11,159138220.932642
32.227971,76.351487,16.729999542236328,1701.510254,2023-01-16,0.9858319759368896,8,159138221.077264
32.227817,76.364503,14.5600004196167,1667.86438,2023-01-16,0.9825850129127502,6,159138220.862381
32.227822,76.373447,28.079999923706055,2126.196289,2023-01-16,0.9824429750442505,5,159138220.998756
32.22744369506836,76.373884,27.629999,2179.300293,2023-01-16,0.983680009841919,5,159138221.00702
32.227774,76.34282684326172,11.300000190734863,1677.155396,2023-01-16,0.9836329817771912,11,159138220.940908
32.227445,76.364936,20.670000076293945,1696.075684,2023-01-16,0.9847130179405212,6,159138220.870647
32.227412,76.343255,7.0,1672.474609,2023-01-16,0.9873740077018738,11,159138220.949172
32.227252,76.352334,19.129999,1663.650269,2023-01-16,0.9768000245094299,8,159138221.093792
32.227072,76.374316,15.90999984741211,2222.133301,2023-01-16,0.9840829968452454,5,159138221.015284
32.227076,76.365366,22.579999923706055,1711.521362,2023-01-16,0.9830399751663208,6,159138220.878913
32.227051,76.343678,13.850000381469727,1652.864502,2023-01-16,0.9582189917564392,11,159138220.957436
32.226891,76.352758,24.520000457763672,1645.670166,2023-01-16,0.9781479835510254,8,159138221.102056
32.226706,76.365797,31.670000076293945,1725.827881,2023-01-16,0.9811429977416992,6,159138220.887179
32.22670364379883,76.374746,28.190001,2224.042969,2023-01-16,0.9613860249519348,5,159138221.023548
32.226686,76.344105,19.90999984741211,1647.170166,2023-01-16,0.9819999933242798,11,159138220.9657
32.226342,76.375171,31.06999969482422,2208.798096,2023-01-16,0.9845160245895386,5,159138221.031812
32.226529,76.353184,19.90999984741211,1642.172241,2023-01-16,0.98294597864151,8,159138221.11032
32.226342,76.366223,22.90999984741211,1731.893799,2023-01-16,0.9883859753608704,6,159138220.895445
32.226322174072266,76.344532,20.700001,1644.585571,2023-01-16,0.9823259711265564,11,159138220.973964
32.226163,76.353613,13.890000343322754,1657.245239,2023-01-16,0.9777500033378601,8,159138221.118584
32.22597885131836,76.375596,28.530001,2201.897461,2023-01-16,0.9555249810218811,5,159138221.040076
32.225958,76.344958,12.350000381469727,1650.958862,2023-01-16,0.9606530070304871,11,159138220.982228
32.225801,76.354038,8.039999961853027,1652.133301,2023-01-16,0.9820380210876465,8,159138221.126848
32.225616455078125,76.367075,9.920000076293945,1733.914795,2023-01-16,0.9720349907875061,6,159138220.911977
32.225611,76.376026,30.440001,2219.107178,2023-01-16,0.9898390173912048,5,159138221.04834
32.225592,76.345387,14.039999961853027,1657.084839,2023-01-16,0.9824730157852173,11,159138220.990492
32.225439,76.354465,8.720000267028809,1645.383789,2023-01-16,0.9835590124130249,8,159138221.135112
32.225253,76.376449,29.459999,2193.869873,2023-01-16,0.9846619963645935,5,159138221.056604
32.225249,76.367503,13.850000381469727,1738.867676,2023-01-16,0.9759860038757324,6,159138220.920243
32.225229,76.345813,6.139999866485596,1658.490723,2023-01-16,0.984840989112854,11,159138220.998756
32.22508239746094,76.354886,24.59000015258789,1602.509644,2023-01-16,0.9882270097732544,8,159138221.143376
32.224882,76.367932,19.950001,1743.080566,2023-01-16,0.978302001953125,6,159138220.928509
32.224867,76.346237,10.930000305175781,1640.330444,2023-01-16,0.9637719988822937,11,159138221.00702
32.224727,76.355305,24.780001,1569.069702,2023-01-16,0.9807100296020508,8,159138221.15164
32.224508,76.346659,7.260000228881836,1624.508179,2023-01-16,0.9586380124092102,11,159138221.015284
32.22437286376953,76.355724,27.360001,1529.325806,2023-01-16,0.9815679788589478,8,159138221.159904
32.224147,76.347082,17.139999,1600.063965,2023-01-16,0.9643719792366028,11,159138221.023548
32.224018,76.356144,20.809999,1502.277832,2023-01-16,0.9780380129814148,8,159138221.168168
32.223771,76.369226,17.299999,1817.600098,2023-01-16,0.9815899729728699,6,159138220.953304
32.223785400390625,76.347507,18.420000076293945,1587.786011,2023-01-16,0.9822099804878235,11,159138221.031812
32.223659,76.356567,22.15999984741211,1480.442383,2023-01-16,0.9852089881896973,8,159138221.176432
32.223402,76.369656,24.260000228881836,1833.027099609375,2023-01-16,0.9573420286178589,6,159138220.961568
32.223426,76.347929,13.920000076293945,1573.510742,2023-01-16,0.9639689922332764,11,159138221.040076
32.223035,76.370085,17.219999,1849.539551,2023-01-16,0.9846569895744324,6,159138220.969832
32.223065,76.348353,24.739999771118164,1544.610352,2023-01-16,0.983443021774292,11,159138221.04834
32.222941,76.357413,20.469999,1446.601929,2023-01-16,0.9832170009613037,8,159138221.19296
32.222669,76.370512,17.559999,1852.405396,2023-01-16,0.9831590056419373,6,159138220.978096
32.222704,76.348777,20.889999,1537.500854,2023-01-16,0.9836390018463135,11,159138221.056604
32.222582,76.357837,20.209999,1430.303955,2023-01-16,0.9552140235900879,8,159138221.201224
32.222308,76.370937,21.559999,1836.151245,2023-01-16,0.9784259796142578,6,159138220.98636
32.222342,76.349202,22.950001,1526.714722,2023-01-16,0.984932005405426,11,159138221.064868
32.222222,76.358262,26.690001,1408.87439,2023-01-16,0.9815289974212646,8,159138221.209488
32.221946,76.371361,25.799999,1818.52356,2023-01-16,0.9821889996528625,6,159138220.994624
32.22197723388672,76.3496322631836,19.350000381469727,1532.810547,2023-01-16,0.9851059913635254,11,159138221.073132
32.22187042236328,76.358679,6.960000038146973,1384.062866,2023-01-16,0.9810519814491272,8,159138221.217752
32.221585,76.371786,16.43000030517578,1816.111328,2023-01-16,0.9812459945678711,6,159138221.002888
32.221613,76.350057,21.600000381469727,1531.693237,2023-01-16,0.9788169860839844,11,159138221.081396
32.22151184082031,76.359103,7.369999885559082,1369.825439,2023-01-16,0.9525179862976074,8,159138221.226016
32.221228,76.372207,18.790001,1780.119263,2023-01-16,0.9593769907951355,6,159138221.011152
32.221251,76.350483,18.600000381469727,1525.263916,2023-01-16,0.982666015625,11,159138221.08966
32.221148,76.359531,15.979999542236328,1358.892578,2023-01-16,0.975292980670929,8,159138221.23428
32.220890045166016,76.350906,18.979999542236328,1509.967651,2023-01-16,0.9862509965896606,11,159138221.097924
32.220789,76.359954,7.329999923706055,1350.015503,2023-01-16,0.9559720158576965,8,159138221.242544
32.220501,76.373059,33.700001,1754.457886,2023-01-16,0.982109010219574,6,159138221.02768
32.220532,76.351327,18.940001,1483.588257,2023-01-16,0.9837899804115295,11,159138221.106188
32.220429,76.360379,6.579999923706055,1334.222168,2023-01-16,0.9811390042304993,8,159138221.250808
32.220134,76.373489,10.369999885559082,1790.324707,2023-01-16,0.9827449917793274,6,159138221.035944
32.220171,76.351752,15.380000114440918,1474.157349,2023-01-16,0.967585027217865,11,159138221.114452
32.220071,76.360803,8.1899995803833,1317.295776,2023-01-16,0.9732800126075745,8,159138221.259072
32.219810485839844,76.352176,28.969999,1448.029053,2023-01-16,0.9852280020713806,11,159138221.122716
32.219709,76.361229,12.050000190734863,1308.73938,2023-01-16,0.9678940176963806,8,159138221.267336
32.219773,76.373913,8.010000228881836,1777.136475,2023-01-16,0.9751909971237183,6,159138221.044208
32.219408,76.374341,21.0,1767.536133,2023-01-16,0.9848629832267761,6,159138221.052472
32.219452,76.352598,29.350000381469727,1424.736206,2023-01-16,0.9821169972419739,11,159138221.13098
32.219342,76.361661,7.0,1326.373413,2023-01-16,0.9823319911956787,8,159138221.2756
32.219051,76.374762,8.609999656677246,1747.92395,2023-01-16,0.9846140146255493,6,159138221.060736
32.219096,76.353018,20.290001,1401.483398,2023-01-16,0.9825140237808228,11,159138221.139244
32.218972,76.362095,14.0,1343.365356,2023-01-16,0.9500409960746765,8,159138221.283864
32.218689,76.375188,12.649999618530273,1734.665283,2023-01-16,0.9850080013275146,6,159138221.069
32.218736,76.353441,24.59000015258789,1379.55188,2023-01-16,0.9820820093154907,11,159138221.147508
32.218603,76.362528,19.049999,1359.535156,2023-01-16,0.9799309968948364,8,159138221.292128
32.218322,76.375616,18.68000030517578,1737.534912,2023-01-16,0.9818480014801025,6,159138221.077264
32.218381,76.3538589477539,11.829999923706055,1358.973633,2023-01-16,0.9622510075569153,11,159138221.155772
32.218236,76.36296081542969,5.199999809265137,1388.542969,2023-01-16,0.9922379851341248,8,159138221.300392
32.21795654296875,76.376044,9.430000305175781,1751.22229,2023-01-16,0.9867879748344421,6,159138221.085528
32.218019,76.354286,20.549999,1340.916016,2023-01-16,0.9801949858665466,11,159138221.164036
32.217872,76.363389,8.1899995803833,1389.455811,2023-01-16,0.9669780135154724,8,159138221.308656
32.217659,76.3547134399414,27.100000381469727,1319.463623,2023-01-16,0.9583860039710999,11,159138221.1723
32.217509,76.363817,4.860000133514404,1392.678101,2023-01-16,0.9679099917411804,8,159138221.31692
32.217303,76.355129,12.579999923706055,1301.243164,2023-01-16,0.9745659828186035,11,159138221.180564
32.21694564819336,76.355551,7.519999980926514,1280.692261,2023-01-16,0.9815139770507812,11,159138221.188828
32.21678161621094,76.364675,21.670000076293945,1384.376831,2023-01-16,0.9794059991836548,8,159138221.333448
32.216581,76.3559799194336,12.5,1279.791992,2023-01-16,0.981531023979187,11,159138221.197092
32.216407,76.365112,27.809999,1413.716309,2023-01-16,0.9824439883232117,8,159138221.341712
32.21622085571289,76.356406,5.309999942779541,1278.435913,2023-01-16,0.9782310128211975,11,159138221.205356
32.2160530090332,76.365532,8.680000305175781,1399.002441,2023-01-16,0.9794409871101379,8,159138221.349976
32.215854,76.356836,17.780001,1275.355835,2023-01-16,0.980588972568512,11,159138221.21362
32.2156867980957,76.365962,9.130000114440918,1404.81189,2023-01-16,0.983269989490509,8,159138221.35824
32.215319,76.366395,31.030001,1403.360962,2023-01-16,0.9838579893112183,8,159138221.366504
32.215123,76.357696,42.040001,1267.828369,2023-01-16,0.9840520024299622,11,159138221.230148
32.214955,76.366824,26.350000381469727,1410.154785,2023-01-16,0.9555400013923645,8,159138221.374768
32.21475601196289,76.358127,3.700000047683716,1321.277588,2023-01-16,0.9823840260505676,11,159138221.238412
32.214591,76.367252,20.31999969482422,1416.865479,2023-01-16,0.962086021900177,8,159138221.383032
32.214393,76.358555,3.440000057220459,1320.514038,2023-01-16,0.9702519774436951,11,159138221.246676
32.214232,76.36767578125,13.960000038146973,1407.97168,2023-01-16,0.979544997215271,8,159138221.391296
32.214029,76.358984,8.3100004196167,1318.184204,2023-01-16,0.980193018913269,11,159138221.25494
32.213868,76.368105,20.620001,1403.002686,2023-01-16,0.9741460084915161,8,159138221.39956
32.213666,76.359411,3.2899999618530273,1319.582886,2023-01-16,0.9645000100135803,11,159138221.263204
32.213506,76.368531,11.789999961853027,1403.994141,2023-01-16,0.9796159863471985,8,159138221.407824
32.213301,76.359841,15.680000305175781,1313.422607,2023-01-16,0.9867870211601257,11,159138221.271468
32.213143,76.368958,16.170000076293945,1397.156494,2023-01-16,0.9795699715614319,8,159138221.416088
32.212939,76.360268,6.579999923706055,1318.733521,2023-01-16,0.9675329923629761,11,159138221.279732
32.212783,76.369383,5.949999809265137,1392.188599,2023-01-16,0.9796249866485596,8,159138221.424352
32.212575,76.360696,8.489999771118164,1318.833862,2023-01-16,0.9622160196304321,11,159138221.287996
32.21242141723633,76.369811,9.989999771118164,1386.958252,2023-01-16,0.9716339707374573,8,159138221.432616
32.212214,76.361123,6.059999942779541,1314.223511,2023-01-16,0.9766989946365356,11,159138221.29626
32.212059,76.370236,6.619999885559082,1380.745972,2023-01-16,0.9505370259284973,8,159138221.44088
32.211851,76.361551,6.809999942779541,1312.806763,2023-01-16,0.9863600134849548,11,159138221.304524
32.211701,76.370659,18.709999,1346.865845,2023-01-16,0.9739059805870056,8,159138221.449144
32.211488,76.361978,9.279999732971191,1307.173584,2023-01-16,0.9811030030250549,11,159138221.312788
32.211339,76.371085,13.850000381469727,1344.203125,2023-01-16,0.972985029220581,8,159138221.457408
32.211124420166016,76.362406,10.069999694824219,1307.615479,2023-01-16,0.9886170029640198,11,159138221.321052
32.210973,76.371515,16.389999,1346.085449,2023-01-16,0.9830499887466431,8,159138221.465672
32.210761,76.362834,16.280001,1301.372803,2023-01-16,0.9785299897193909,11,159138221.329316
32.210611,76.371941,11.829999923706055,1345.100586,2023-01-16,0.9543570280075073,8,159138221.473936
32.210397,76.363263,9.579999923706055,1312.338257,2023-01-16,0.9521229863166809,11,159138221.33758
32.210246,76.37236785888672,25.530001,1335.175293,2023-01-16,0.989175021648407,8,159138221.4822
32.209879,76.372801,3.440000057220459,1368.676392,2023-01-16,0.9623950123786926,8,159138221.490464
32.20967102050781,76.36412048339844,10.100000381469727,1312.776489,2023-01-16,0.9674760103225708,11,159138221.354108
32.209306,76.364549,16.540001,1309.226318,2023-01-16,0.9560739994049072,11,159138221.362372
32.208944,76.36497497558594,13.770000457763672,1305.617798,2023-01-16,0.9803500175476074,11,159138221.370636
32.20878219604492,76.374089,12.010000228881836,1375.710938,2023-01-16,0.971331000328064,8,159138221.515256
32.208579,76.365406,11.5600004196167,1316.297974,2023-01-16,0.9857050180435181,11,159138221.3789
32.208414,76.374521,5.610000133514404,1398.029663,2023-01-16,0.9797459840774536,8,159138221.52352
32.208215,76.365834,12.390000343322754,1316.928589,2023-01-16,0.9826189875602722,11,159138221.387164
32.208047,76.37494659423828,14.329999923706055,1396.901123,2023-01-16,0.9802179932594299,8,159138221.531784
32.20785140991211,76.36626434326172,15.829999923706055,1319.459473,2023-01-16,0.9644889831542969,11,159138221.395428
32.207679748535156,76.375381,16.84000015258789,1404.094849,2023-01-16,0.9767230153083801,8,159138221.540048
32.207487,76.366691,14.180000305175781,1319.592041,2023-01-16,0.9810529947280884,11,159138221.403692
32.207313537597656,76.375811,28.520000457763672,1401.366333,2023-01-16,0.9804959893226624,8,159138221.548312
32.207122,76.36711883544922,16.540001,1320.828369,2023-01-16,0.9826520085334778,11,159138221.411956
32.206398010253906,76.367974,8.760000228881836,1316.110718,2023-01-16,0.9534620046615601,11,159138221.428484
32.206034,76.368402,5.539999961853027,1319.432983,2023-01-16,0.9735130071640015,11,159138221.436748
32.20567321777344,76.368827,17.440001,1296.765015,2023-01-16,0.9508879780769348,11,159138221.445012
32.205312,76.369252,14.039999961853027,1288.778076,2023-01-16,0.9800009727478027,11,159138221.453276
32.204952239990234,76.369676,17.260000228881836,1268.813477,2023-01-16,0.978905975818634,11,159138221.46154
32.204218,76.370538,20.850000381469727,1289.72522,2023-01-16,0.9772369861602783,11,159138221.478068
32.2034912109375,76.371393,7.670000076293945,1298.881592,2023-01-16,0.9846869707107544,11,159138221.494596
32.203126,76.371821,12.279999732971191,1294.796753,2023-01-16,0.9560549855232239,11,159138221.50286
32.202764,76.372247,7.070000171661377,1290.040771,2023-01-16,0.9546689987182617,11,159138221.511124
32.20240020751953,76.372675,9.880000114440918,1289.012817,2023-01-16,0.9755579829216003,11,159138221.519388
32.202031,76.373108,32.119999,1285.735718,2023-01-16,0.9841729998588562,11,159138221.527652
32.201667,76.37353515625,17.370001,1297.291138,2023-01-16,0.9619489908218384,11,159138221.535916
32.201306,76.37396240234375,6.659999847412109,1295.305786,2023-01-16,0.981453001499176,11,159138221.54418
32.200942,76.374387,10.25,1289.178589,2023-01-16,0.9783089756965637,11,159138221.552444
32.200575,76.374817,8.229999542236328,1301.458496,2023-01-16,0.964093029499054,11,159138221.560708
32.20021057128906,76.375246,13.4399995803833,1302.065063,2023-01-16,0.9555990099906921,11,159138221.568972
32.199845,76.375674,21.600000381469727,1295.126831,2023-01-16,0.9630770087242126,11,159138221.577236
32.263473,76.365926,15.380000114440918,2352.736816,2024-06-24,0.9573040008544922,0,204498502.294653
32.263127,76.365525,11.239999771118164,2398.63623,2024-06-24,0.9618849754333496,0,204498502.286389
32.262763,76.365098,26.469999,2383.971436,2024-06-24,0.9650999903678894,0,204498502.278125
32.262407,76.364684,23.0,2408.440186,2024-06-24,0.9619929790496826,0,204498502.269861
32.262049,76.36426544189453,13.510000228881836,2431.650635,2024-06-24,0.9518319964408875,0,204498502.261597
32.261663,76.363811,20.56999969482422,2382.332764,2024-06-24,0.9567760229110718,0,204498502.253333
32.261268,76.363343,30.31999969482422,2308.736328,2024-06-24,0.9531660079956055,0,204498502.245069
32.260518,76.362463,32.369999,2266.197754,2024-06-24,0.9633659720420837,0,204498502.228541
32.260339,76.37155151367188,30.399999618530273,2356.825684,2024-06-24,0.9557949900627136,1,204498502.265729
32.259787,76.361608,21.020000457763672,2276.592041,2024-06-24,0.9612330198287964,0,204498502.212013
32.259573,76.37065124511719,28.459999,2284.827881,2024-06-24,0.9624450206756592,1,204498502.249201
32.259101,76.360813,21.690001,2369.661133,2024-06-24,0.9694160223007202,0,204498502.195485
32.258752,76.360406,22.809999,2401.572754,2024-06-24,0.9723770022392273,0,204498502.187221
32.2588005065918,76.369742,21.469999,2203.920898,2024-06-24,0.9594749808311462,1,204498502.232673
32.258395,76.359991,22.959999,2420.022461,2024-06-24,0.962486982345581,0,204498502.178957
32.25804138183594,76.368849,39.549999,2123.197266,2024-06-24,0.9624329805374146,1,204498502.216145
32.25765609741211,76.368398,26.920000076293945,2097.082275,2024-06-24,0.9593250155448914,1,204498502.207881
32.257564,76.376722,21.850000381469727,2632.861328,2024-06-24,0.9672489762306213,2,204498502.013677
32.257198,76.376293,12.289999961853027,2639.380371,2024-06-24,0.9756119847297668,2,204498502.005411
32.257342,76.358766,15.9399995803833,2516.510986,2024-06-24,0.9733309745788574,0,204498502.154165
32.256996154785156,76.358364,17.510000228881836,2555.883301,2024-06-24,0.9663389921188354,0,204498502.145901
32.256903,76.367514,50.450001,2025.979248,2024-06-24,0.9597079753875732,1,204498502.191353
32.256652,76.357964,20.649999618530273,2595.873535,2024-06-24,0.9586129784584045,0,204498502.137637
32.256514,76.367057,25.579999923706055,2002.201294,2024-06-24,0.9647200107574463,1,204498502.183089
32.256458,76.375426,17.629999,2613.143799,2024-06-24,0.9661229848861694,2,204498501.988879
32.256302,76.357557,8.960000038146973,2639.778564,2024-06-24,0.959542989730835,0,204498502.129373
32.256085,76.374989,19.979999542236328,2595.163086,2024-06-24,0.9701709747314453,2,204498501.980613
32.25593948364258,76.357135,14.970000267028809,2641.778809,2024-06-24,0.9735320210456848,0,204498502.121109
32.255776,76.366193,21.129999,1991.004517,2024-06-24,0.9623640179634094,1,204498502.166561
32.255587,76.356723,19.75,2661.630371,2024-06-24,0.9570379853248596,0,204498502.112845
32.255427,76.365786,23.940001,2021.387939,2024-06-24,0.9526249766349792,1,204498502.158297
32.255235,76.356314,26.440001,2682.950439,2024-06-24,0.978863000869751,0,204498502.104581
32.25508499145508,76.365389,18.06999969482422,2076.375732,2024-06-24,0.9598379731178284,1,204498502.150033
32.254938,76.373642,24.729999542236328,2476.898926,2024-06-24,0.9821270108222961,2,204498501.955815
32.254716,76.364957,21.280001,2065.449219,2024-06-24,0.9553049802780151,1,204498502.141769
32.254511,76.355468,13.220000267028809,2710.1521,2024-06-24,0.9636309742927551,0,204498502.088053
32.254379,76.364565,19.15999984741211,2125.943848,2024-06-24,0.9625229835510254,1,204498502.133505
32.254169,76.372739,39.34000015258789,2378.432617,2024-06-24,0.9607459902763367,2,204498501.939283
32.254146,76.355042,11.760000228881836,2713.679199,2024-06-24,0.9670330286026001,0,204498502.079789
32.254053,76.364188,29.540001,2196.604004,2024-06-24,0.9619690179824829,1,204498502.125241
32.253769,76.372269,35.34000015258789,2307.304688,2024-06-24,0.9599810242652893,2,204498501.931017
32.253711,76.3637924194336,31.0,2243.460938,2024-06-24,0.9676899909973145,1,204498502.116977
32.253413,76.354184,20.420000076293945,2698.569336,2024-06-24,0.971638023853302,0,204498502.063261
32.253382,76.371814,20.620001,2273.608887,2024-06-24,0.972245991230011,2,204498501.922751
32.253004,76.371371,25.93000030517578,2240.939453,2024-06-24,0.9675220251083374,2,204498501.914485
32.253022,76.362989,19.34000015258789,2341.257324,2024-06-24,0.9556090235710144,1,204498502.100449
32.252664,76.362571,27.600000381469727,2348.13916,2024-06-24,0.9519010186195374,1,204498502.092185
32.252657,76.353296,27.0,2639.052979,2024-06-24,0.964713990688324,0,204498502.046733
32.252301,76.362147,24.15999984741211,2357.626709,2024-06-24,0.9685959815979004,1,204498502.083921
32.252221,76.37045288085938,30.629999,2121.687012,2024-06-24,0.96881502866745,2,204498501.897953
32.252276,76.352847,41.81999969482422,2590.574219,2024-06-24,0.9620000123977661,0,204498502.038469
32.251889,76.352392,28.790001,2558.788818,2024-06-24,0.9736160039901733,0,204498502.030205
32.2519416809082,76.36172485351562,21.549999,2369.431152,2024-06-24,0.9639480113983154,1,204498502.075657
32.251424,76.369512,15.430000305175781,1992.005127,2024-06-24,0.9560629725456238,2,204498501.881421
32.25150680541992,76.351943,24.379999,2528.917236,2024-06-24,0.9552500247955322,0,204498502.021941
32.251246,76.360918,13.220000267028809,2454.244141,2024-06-24,0.957493007183075,1,204498502.059129
32.25111389160156,76.351478,17.31999969482422,2477.177246,2024-06-24,0.9660699963569641,0,204498502.013677
32.250901,76.360515,15.789999961853027,2492.147461,2024-06-24,0.9663000106811523,1,204498502.050865
32.250731,76.351027,13.180000305175781,2443.706543,2024-06-24,0.9503179788589478,0,204498502.005411
32.250377,76.350615,27.450001,2453.342529,2024-06-24,0.9739620089530945,0,204498501.997145
32.250295,76.368188,21.399999618530273,1912.932861,2024-06-24,0.9555259943008423,2,204498501.856623
32.250136,76.359617,22.629999,2414.558838,2024-06-24,0.9602029919624329,1,204498502.034337
32.25000762939453,76.350183,18.06999969482422,2456.417969,2024-06-24,0.9664409756660461,0,204498501.988879
32.2497444152832,76.359155,19.829999923706055,2361.357422,2024-06-24,0.959309995174408,1,204498502.026073
32.24961853027344,76.367399,25.290001,2027.958862,2024-06-24,0.9681519865989685,2,204498501.840091
32.249357,76.358701,8.359999656677246,2328.732178,2024-06-24,0.969165027141571,1,204498502.017809
32.2492790222168,76.367003,30.149999618530273,2079.808594,2024-06-24,0.969307005405426,2,204498501.831825
32.249267,76.349314,21.25,2430.633057,2024-06-24,0.9532880187034607,0,204498501.972347
32.249034,76.376006,33.77000045776367,2000.782837,2024-06-24,0.9633880257606506,3,204498501.869022
32.248918,76.366579,22.489999771118164,2093.624023,2024-06-24,0.9551950097084045,2,204498501.823559
32.248661,76.37557220458984,18.229999542236328,2001.297363,2024-06-24,0.9739890098571777,3,204498501.860756
32.248874,76.34884643554688,20.239999771118164,2373.518555,2024-06-24,0.9608929753303528,0,204498501.964081
32.248632,76.357853,16.540001,2331.79834,2024-06-24,0.9515100121498108,1,204498502.001278
32.248512268066406,76.348427,13.029999732971191,2387.888428,2024-06-24,0.9556300044059753,0,204498501.955815
32.248293,76.375138,15.3100004196167,1997.090576,2024-06-24,0.9692509770393372,3,204498501.85249
32.248275,76.357436,10.75,2354.166748,2024-06-24,0.9690639972686768,1,204498501.993012
32.248131,76.347978,10.529999732971191,2356.344482,2024-06-24,0.9547340273857117,0,204498501.947549
32.247878,76.365363,23.829999923706055,2212.824951,2024-06-24,0.9521359801292419,2,204498501.798761
32.247904,76.374682,29.18000030517578,1931.472778,2024-06-24,0.9624620079994202,3,204498501.844224
32.247901916503906,76.356999,18.709999,2331.109375,2024-06-24,0.9508879780769348,1,204498501.984746
32.247748,76.347528,19.75,2311.193359,2024-06-24,0.9577530026435852,0,204498501.939283
32.24752426147461,76.374236,20.25,1908.204956,2024-06-24,0.9567729830741882,3,204498501.835958
32.247153,76.373802,20.700001,1895.483154,2024-06-24,0.9699640274047852,3,204498501.827692
32.24714660644531,76.356112,11.569999694824219,2286.375244,2024-06-24,0.9614409804344177,1,204498501.968214
32.246979,76.346621,15.199999809265137,2234.991211,2024-06-24,0.9660599827766418,0,204498501.922751
32.246805,76.355714,19.899999618530273,2325.5979,2024-06-24,0.9610109925270081,1,204498501.959948
32.246459,76.355311,10.149999618530273,2375.608398,2024-06-24,0.9757599830627441,1,204498501.951682
32.246405,76.372926,26.260000228881836,1853.328613,2024-06-24,0.9677109718322754,3,204498501.81116
32.246049,76.372508,25.219999,1872.376831,2024-06-24,0.9772639870643616,3,204498501.802894
32.246211,76.345716,9.970000267028809,2161.266602,2024-06-24,0.9677879810333252,0,204498501.906219
32.245738,76.354468,20.309999,2384.489014,2024-06-24,0.9542490243911743,1,204498501.93515
32.245723,76.362843,23.979999542236328,2294.200684,2024-06-24,0.967428982257843,2,204498501.749173
32.245685,76.372082,24.360001,1877.620117,2024-06-24,0.9648299813270569,3,204498501.794628
32.245322,76.371656,33.25,1871.813843,2024-06-24,0.9706779718399048,3,204498501.786362
32.245456,76.344829,9.890000343322754,2109.589111,2024-06-24,0.9544810056686401,0,204498501.889687
32.245368,76.362428,18.829999923706055,2322.089599609375,2024-06-24,0.9791960120201111,2,204498501.740909
32.245001,76.361998,16.059999,2321.01123,2024-06-24,0.951026976108551,2,204498501.732645
32.244936,76.371205,26.229999542236328,1836.494629,2024-06-24,0.9586089849472046,3,204498501.778097
32.245079040527344,76.344386,15.569999694824219,2081.170898,2024-06-24,0.9566059708595276,0,204498501.881421
32.244993,76.353594,15.529999732971191,2358.794678,2024-06-24,0.9623000025749207,1,204498501.918618
32.244708,76.34394836425781,14.220000267028809,2068.78833,2024-06-24,0.9568960070610046,0,204498501.873155
32.244612,76.353147,16.200001,2326.707031,2024-06-24,0.9738749861717224,1,204498501.910352
32.24463653564453,76.361572,8.890000343322754,2332.381104,2024-06-24,0.9534760117530823,2,204498501.724381
32.244586,76.370795,26.260000228881836,1868.953979,2024-06-24,0.9566559791564941,3,204498501.769833
32.244203,76.37034606933594,22.600000381469727,1833.446899,2024-06-24,0.9686930179595947,3,204498501.761569
32.244338,76.343516,23.190001,2049.378662,2024-06-24,0.9714000225067139,0,204498501.864889
32.244249,76.352722,12.920000076293945,2334.461914,2024-06-24,0.9560549855232239,1,204498501.902086
32.244261,76.361131,20.65999984741211,2295.971436,2024-06-24,0.9547060132026672,2,204498501.716117
32.24387741088867,76.360681,20.399999618530273,2257.170654,2024-06-24,0.9630119800567627,2,204498501.707853
32.243839,76.369919,23.200001,1835.129761,2024-06-24,0.9675999879837036,3,204498501.753305
32.243878,76.352287,13.069999694824219,2322.6521,2024-06-24,0.9563149809837341,1,204498501.89382
32.24358367919922,76.342629,19.940001,2003.196167,2024-06-24,0.9580579996109009,0,204498501.848357
32.24350357055664,76.351848,13.069999694824219,2304.464599609375,2024-06-24,0.9515560269355774,1,204498501.885554
32.24349594116211,76.360234,17.969999,2225.520996,2024-06-24,0.9719870090484619,2,204498501.699589
32.243080139160156,76.36903381347656,16.469999,1781.776123,2024-06-24,0.9569560289382935,3,204498501.736777
32.243119,76.359792,33.700001,2186.098389,2024-06-24,0.9609150290489197,2,204498501.691325
32.24282455444336,76.34173583984375,7.610000133514404,1955.861938,2024-06-24,0.9531639814376831,0,204498501.831825
32.242774963378906,76.350994,6.159999847412109,2312.667236,2024-06-24,0.9503470063209534,1,204498501.869022
32.242411,76.350568,3.059999942779541,2318.43042,2024-06-24,0.9685389995574951,1,204498501.860756
32.242346,76.358886,22.379999,2106.78833,2024-06-24,0.957476019859314,2,204498501.674797
32.242327,76.36814880371094,19.200001,1732.889038,2024-06-24,0.9547410011291504,3,204498501.720249
32.242449,76.341294,16.540001,1923.985352,2024-06-24,0.9746540188789368,0,204498501.823559
32.241981506347656,76.367743,21.290001,1770.120361,2024-06-24,0.9668350219726562,3,204498501.711985
32.2420654296875,76.340842,14.0,1888.008057,2024-06-24,0.9667069911956787,0,204498501.815293
32.241966247558594,76.358441,18.489999771118164,2079.950439,2024-06-24,0.9636660218238831,2,204498501.666533
32.241629,76.367333,25.670000076293945,1797.772949,2024-06-24,0.9684829711914062,3,204498501.703721
32.241672,76.349701,15.050000190734863,2289.179932,2024-06-24,0.9677190184593201,1,204498501.844224
32.241574,76.35797882080078,13.40999984741211,2027.544312,2024-06-24,0.9518370032310486,2,204498501.658269
32.241296,76.34925842285156,17.209999,2264.108887,2024-06-24,0.9562119841575623,1,204498501.835958
32.241214752197266,76.357561,4.519999980926514,2051.97876,2024-06-24,0.9591879844665527,2,204498501.650005
32.240924,76.366508,21.030001,1858.437134,2024-06-24,0.9643489718437195,3,204498501.687193
32.240570068359375,76.376263,4.550000190734863,2314.98877,2024-06-24,0.9571130275726318,5,204498502.125241
32.240549,76.366069,23.979999542236328,1834.640015,2024-06-24,0.9735590219497681,3,204498501.678929
32.24053955078125,76.339047,18.629999,1750.390625,2024-06-24,0.9537799954414368,0,204498501.782229
32.240179,76.365637,14.420000076293945,1836.489136,2024-06-24,0.9612780213356018,3,204498501.670665
32.240196228027344,76.375825,24.68000030517578,2277.129639,2024-06-24,0.9836369752883911,5,204498502.116977
32.240155,76.347919,9.930000305175781,2177.679443,2024-06-24,0.9636179804801941,1,204498501.81116
32.24016189575195,76.338599,26.920000076293945,1710.431274,2024-06-24,0.9545890092849731,0,204498501.773965
32.239813,76.365208,19.950001,1828.584595,2024-06-24,0.9571560025215149,3,204498501.662401
32.239827,76.375394,29.610001,2265.331299,2024-06-24,0.9823009967803955,5,204498502.108713
32.239776611328125,76.355882,6.269999980926514,2105.356689,2024-06-24,0.9589719772338867,2,204498501.616949
32.239453,76.374957,22.440001,2255.555664,2024-06-24,0.9807270169258118,5,204498502.100449
32.239784240722656,76.338158,23.520000457763672,1692.770264,2024-06-24,0.9604600071907043,0,204498501.765701
32.239457,76.364792,16.770000457763672,1853.060181,2024-06-24,0.9620450139045715,3,204498501.654137
32.23908996582031,76.364363,16.469999,1851.374268,2024-06-24,0.9596989750862122,3,204498501.645873
32.239070892333984,76.37451171875,14.520000457763672,2227.963379,2024-06-24,0.961467981338501,5,204498502.092185
32.239059,76.355044,7.130000114440918,2135.293457,2024-06-24,0.9663980007171631,2,204498501.600421
32.239007,76.34657287597656,16.620001,2064.213867,2024-06-24,0.9525499939918518,1,204498501.786362
32.238742,76.363957,16.360001,1890.459961,2024-06-24,0.9544510245323181,3,204498501.637609
32.238673,76.374047,29.90999984741211,2152.141846,2024-06-24,0.9801729917526245,5,204498502.083921
32.238677978515625,76.354599,20.129999,2090.050537,2024-06-24,0.9697170257568359,2,204498501.592157
32.238661,76.33683776855469,19.790001,1640.257324,2024-06-24,0.9538350105285645,0,204498501.740909
32.23830032348633,76.354157,14.15999984741211,2071.352051,2024-06-24,0.9666690230369568,2,204498501.583893
32.238375,76.363527,27.5,1876.418091,2024-06-24,0.9523389935493469,3,204498501.629345
32.238278,76.373586,10.5600004196167,2113.04248,2024-06-24,0.9803209900856018,5,204498502.075657
32.238234,76.345661,22.370001,1970.337402,2024-06-24,0.9537169933319092,1,204498501.769833
32.237987,76.363074,15.130000114440918,1842.745239,2024-06-24,0.9505980014801025,3,204498501.621081
32.237922,76.373169,21.959999,2120.226562,2024-06-24,0.9646180272102356,5,204498502.067393
32.237847,76.345205,17.809999,1928.914795,2024-06-24,0.9561499953269958,1,204498501.761569
32.23761749267578,76.362642,20.25,1828.174194,2024-06-24,0.957135021686554,3,204498501.612817
32.237552,76.372736,25.770000457763672,2106.605225,2024-06-24,0.9799699783325195,5,204498502.059129
32.237525,76.335504,13.100000381469727,1563.474121,2024-06-24,0.9561120271682739,0,204498501.716117
32.237247467041016,76.36221313476562,14.640000343322754,1826.412476,2024-06-24,0.95271897315979,3,204498501.604553
32.237168,76.372288,19.299999,2077.625488,2024-06-24,0.9830189943313599,5,204498502.050865
32.237094,76.344322,16.690001,1885.138794,2024-06-24,0.9615349769592285,1,204498501.745041
32.237155,76.352818,21.030001,1964.380371,2024-06-24,0.9596059918403625,2,204498501.559101
32.236864,76.361762,12.890000343322754,1790.940674,2024-06-24,0.9553980231285095,3,204498501.596289
32.236778,76.371832,22.479999542236328,2025.143311,2024-06-24,0.9774309992790222,5,204498502.042601
32.23670959472656,76.343871,22.06999969482422,1840.801758,2024-06-24,0.9543470144271851,1,204498501.736777
32.236479,76.361312,15.239999771118164,1747.876831,2024-06-24,0.9517109990119934,3,204498501.588025
32.236394,76.371385,6.050000190734863,2006.77356,2024-06-24,0.9706779718399048,5,204498502.034337
32.23638916015625,76.351923,24.059999,1890.635742,2024-06-24,0.9582229852676392,2,204498501.542573
32.236128,76.360902,16.31999969482422,1778.973389,2024-06-24,0.9636639952659607,3,204498501.579761
32.23600769042969,76.370934,23.559999,1948.846558,2024-06-24,0.9781690239906311,5,204498502.026073
32.236061096191406,76.33379364013672,12.0600004196167,1558.408081,2024-06-24,0.9519839882850647,0,204498501.683061
32.235776,76.360492,13.479999542236328,1812.392456,2024-06-24,0.9585369825363159,3,204498501.571497
32.235618,76.370479,11.119999885559082,1913.225464,2024-06-24,0.9809839725494385,5,204498502.017809
32.235628,76.34260559082031,4.139999866485596,1888.673462,2024-06-24,0.9729509949684143,1,204498501.711985
32.235422,76.360079,18.75,1834.318726,2024-06-24,0.9715380072593689,3,204498501.563233
32.235236,76.370032,18.709999,1872.124878,2024-06-24,0.9784510135650635,5,204498502.009544
32.235255,76.342169,16.84000015258789,1860.994263,2024-06-24,0.951665997505188,1,204498501.703721
32.23525619506836,76.350598,18.530001,1819.739014,2024-06-24,0.9645820260047913,2,204498501.517781
32.23483657836914,76.369567,39.209999,1787.058838,2024-06-24,0.9802849888801575,5,204498502.001278
32.234664,76.359194,15.170000076293945,1783.316406,2024-06-24,0.953029990196228,3,204498501.546705
32.234492,76.349705,11.949999809265137,1759.220459,2024-06-24,0.9543610215187073,2,204498501.501253
32.234427,76.369089,20.239999771118164,1719.027832,2024-06-24,0.9751669764518738,5,204498501.993012
32.234504,76.341288,8.319999694824219,1828.078125,2024-06-24,0.9582800269126892,1,204498501.687193
32.23428726196289,76.358755,13.5600004196167,1762.366699,2024-06-24,0.9734539985656738,3,204498501.538441
32.234056,76.368655,15.529999732971191,1712.804199,2024-06-24,0.9835879802703857,5,204498501.984746
32.234127044677734,76.340846,15.15999984741211,1797.520264,2024-06-24,0.9555050134658813,1,204498501.678929
32.23390579223633,76.35830688476562,16.959999,1727.485596,2024-06-24,0.9664530158042908,3,204498501.530177
32.233694,76.36823272705078,20.719999,1712.559937,2024-06-24,0.9809319972991943,5,204498501.97648
32.233768463134766,76.348862,14.489999771118164,1778.107666,2024-06-24,0.953777015209198,2,204498501.484725
32.233423,76.348459,21.06999969482422,1815.144775,2024-06-24,0.9598209857940674,2,204498501.476461
32.233282,76.367751,10.039999961853027,1634.140381,2024-06-24,0.950855016708374,5,204498501.968214
32.233169,76.35745239257812,19.90999984741211,1716.002808,2024-06-24,0.9562540054321289,3,204498501.513649
32.233073,76.348051,12.100000381469727,1859.078491,2024-06-24,0.966588020324707,2,204498501.468197
32.232884,76.367286,13.930000305175781,1565.949341,2024-06-24,0.964398980140686,5,204498501.959948
32.232805,76.35702514648438,22.34000015258789,1717.656128,2024-06-24,0.9520509839057922,3,204498501.505385
32.232549,76.376141,24.649999618530273,2211.383301,2024-06-24,0.9846540093421936,6,204498501.988879
32.2324333190918,76.356591,15.350000381469727,1712.300659,2024-06-24,0.9706100225448608,3,204498501.497121
32.232186,76.375716,18.040001,2221.344727,2024-06-24,0.9820430278778076,6,204498501.980613
32.232172,76.366452,16.170000076293945,1600.525879,2024-06-24,0.9528359770774841,5,204498501.943416
32.232249,76.3386459350586,22.780001,1688.60498,2024-06-24,0.9500560164451599,1,204498501.637609
32.231828,76.375296,5.110000133514404,2248.645264,2024-06-24,0.9807310104370117,6,204498501.972347
32.232012,76.329058,12.920000076293945,1512.278809,2024-06-24,0.9528539776802063,0,204498501.592157
32.231959,76.34674835205078,15.84000015258789,1821.797729,2024-06-24,0.9527140259742737,2,204498501.443405
32.231447,76.365602,24.270000457763672,1600.479492,2024-06-24,0.9664419889450073,5,204498501.926884
32.231448,76.374853,37.15999984741211,2188.835938,2024-06-24,0.9822530150413513,6,204498501.964081
32.231079,76.37442016601562,33.759998,2184.335449,2024-06-24,0.9794750213623047,6,204498501.955815
32.231066,76.365157,8.470000267028809,1586.325317,2024-06-24,0.9702240228652954,5,204498501.918618
32.231296,76.3282241821289,7.170000076293945,1551.034424,2024-06-24,0.9637349843978882,0,204498501.575629
32.230682373046875,76.373959,51.049999,2106.413818,2024-06-24,0.9858779907226562,6,204498501.947549
32.230697,76.364725,14.75,1572.426025,2024-06-24,0.9718930125236511,5,204498501.910352
32.230539,76.354379,17.860001,1574.987793,2024-06-24,0.9509860277175903,3,204498501.455801
32.230323791503906,76.364288,6.639999866485596,1565.330078,2024-06-24,0.9581620097160339,5,204498501.902086
32.230284,76.373495,35.549999,2058.346191,2024-06-24,0.9750909805297852,6,204498501.939283
32.229948,76.363848,12.84000015258789,1537.477783,2024-06-24,0.9783409833908081,5,204498501.89382
32.229906,76.37305450439453,32.080002,2038.67334,2024-06-24,0.9507920145988464,6,204498501.931017
32.229838,76.35356140136719,15.020000457763672,1644.341919,2024-06-24,0.9690809845924377,3,204498501.439273
32.22984313964844,76.326532,11.460000038146973,1574.026489,2024-06-24,0.9562360048294067,0,204498501.542573
32.229715,76.344123,5.710000038146973,1725.937866,2024-06-24,0.9708769917488098,2,204498501.393821
32.229495,76.372577,28.15999984741211,1953.905396,2024-06-24,0.9838370084762573,6,204498501.922751
32.229459,76.353117,15.3100004196167,1616.640503,2024-06-24,0.9651439785957336,3,204498501.431009
32.22914505004883,76.372166,31.850000381469727,1978.774292,2024-06-24,0.9814770221710205,6,204498501.914485
32.229353,76.343699,16.43000030517578,1722.879517,2024-06-24,0.9618020057678223,2,204498501.385557
32.229089,76.3526840209961,12.850000381469727,1609.64624,2024-06-24,0.9565489888191223,3,204498501.422745
32.22883987426758,76.362552,12.359999656677246,1514.17395,2024-06-24,0.9554780125617981,5,204498501.869022
32.228772,76.371729,31.290001,1962.942139,2024-06-24,0.975246012210846,6,204498501.906219
32.228751,76.325259,13.329999923706055,1586.546509,2024-06-24,0.9566940069198608,0,204498501.517781
32.22846221923828,76.36210632324219,21.879999,1481.090576,2024-06-24,0.9692180156707764,5,204498501.860756
32.228396,76.37129211425781,34.470001,1939.804321,2024-06-24,0.9787899851799011,6,204498501.897953
32.228074,76.361656,14.220000267028809,1443.576172,2024-06-24,0.9751530289649963,5,204498501.85249
32.22802734375,76.370858,19.079999923706055,1946.823853,2024-06-24,0.9850299954414368,6,204498501.889687
32.228242,76.342398,6.53000020980835,1702.006104,2024-06-24,0.9526090025901794,2,204498501.360765
32.228082,76.333768,19.120001,1404.636353,2024-06-24,0.9540280103683472,1,204498501.546705
32.227885,76.34197998046875,13.069999694824219,1714.060425,2024-06-24,0.9735890030860901,2,204498501.352501
32.227661,76.370429,26.440001,1938.020508,2024-06-24,0.9818519949913025,6,204498501.881421
32.227645,76.350996,25.809999,1638.493652,2024-06-24,0.9550619721412659,3,204498501.389689
32.227653,76.323979,14.779999732971191,1588.103394,2024-06-24,0.959231972694397,0,204498501.492989
32.227519,76.341552734375,8.890000343322754,1715.664185,2024-06-24,0.9689350128173828,2,204498501.344237
32.227305,76.360757,15.979999542236328,1367.002075,2024-06-24,0.9701589941978455,5,204498501.835958
32.227273,76.369977,16.170000076293945,1905.668701,2024-06-24,0.954334020614624,6,204498501.873155
32.226943,76.360334,4.659999847412109,1385.766479,2024-06-24,0.9775090217590332,5,204498501.827692
32.22691345214844,76.369555,26.809999,1904.994995,2024-06-24,0.9631929993629456,6,204498501.864889
32.22688293457031,76.350104,10.90999984741211,1588.498291,2024-06-24,0.9673539996147156,3,204498501.373161
32.22660446166992,76.359935,20.09000015258789,1420.106201,2024-06-24,0.9714589715003967,5,204498501.819426
32.226523,76.369101,12.579999923706055,1871.996094,2024-06-24,0.9528679847717285,6,204498501.856623
32.22652053833008,76.349678,12.180000305175781,1591.436035,2024-06-24,0.9670940041542053,3,204498501.364897
32.22642135620117,76.340263,16.579999923706055,1702.325806,2024-06-24,0.9600690007209778,2,204498501.319445
32.22614669799805,76.349241,12.100000381469727,1574.80896,2024-06-24,0.965533971786499,3,204498501.356633
32.226139,76.368653,16.799999,1831.105469,2024-06-24,0.9813629984855652,6,204498501.848357
32.226216,76.331588,5.559999942779541,1347.516724,2024-06-24,0.957427978515625,1,204498501.505385
32.225749,76.368198,13.220000267028809,1786.613281,2024-06-24,0.9526529908180237,6,204498501.840091
32.225573,76.358725,22.440001,1542.972656,2024-06-24,0.975479006767273,5,204498501.794628
32.225359,76.367743,8.65999984741211,1743.97229,2024-06-24,0.956587016582489,6,204498501.831825
32.225488,76.33074188232422,5.21999979019165,1358.966797,2024-06-24,0.9622129797935486,1,204498501.488857
32.225405,76.348372,15.6899995803833,1548.51001,2024-06-24,0.976252019405365,3,204498501.340105
32.225223541259766,76.358316,17.770000457763672,1579.832642,2024-06-24,0.974511981010437,5,204498501.786362
32.224969,76.367289,12.170000076293945,1692.911621,2024-06-24,0.9687240123748779,6,204498501.823559
32.224912,76.338492,18.68000030517578,1597.779297,2024-06-24,0.96247398853302,2,204498501.286389
32.2248420715332,76.357869,18.969999,1546.973267,2024-06-24,0.9606850147247314,5,204498501.778097
32.225029,76.320908,14.039999961853027,1463.52124,2024-06-24,0.9580129981040955,0,204498501.435141
32.224696,76.347541,8.59000015258789,1601.62561,2024-06-24,0.9553099870681763,3,204498501.323577
32.224578,76.366833,16.389999,1639.824341,2024-06-24,0.9593889713287354,6,204498501.815293
32.224455,76.357417,14.520000457763672,1508.068726,2024-06-24,0.9788010120391846,5,204498501.769833
32.224191,76.366381,14.109999656677246,1598.304077,2024-06-24,0.9769200086593628,6,204498501.807027
32.224334,76.347116,14.489999771118164,1602.090576,2024-06-24,0.9655029773712158,3,204498501.315313
32.224079,76.356977,12.949999809265137,1488.688843,2024-06-24,0.9790030121803284,5,204498501.761569
32.223883,76.376001,43.599998,2037.750732,2024-06-24,0.9843890070915222,8,204498502.236805
32.22427749633789,76.320027,12.130000114440918,1424.367554,2024-06-24,0.9635739922523499,0,204498501.418613
32.223978,76.346699,15.989999771118164,1620.784058,2024-06-24,0.9544010162353516,3,204498501.307049
32.223817,76.365945,13.329999923706055,1583.9197998046875,2024-06-24,0.9836519956588745,6,204498501.798761
32.223714,76.35655212402344,11.760000228881836,1491.702759,2024-06-24,0.9683099985122681,5,204498501.753305
32.223491,76.375545,54.540001,1979.040649,2024-06-24,0.985164999961853,8,204498502.228541
32.223899841308594,76.319584,13.289999961853027,1398.427124,2024-06-24,0.9578490257263184,0,204498501.410349
32.223784,76.337168,14.1899995803833,1532.356567,2024-06-24,0.9626230001449585,2,204498501.261597
32.223619,76.346278,11.949999809265137,1636.814087,2024-06-24,0.9661700129508972,3,204498501.298785
32.22344207763672,76.365506,19.600000381469727,1557.900635,2024-06-24,0.9785100221633911,6,204498501.790495
32.223414,76.336734,23.420000076293945,1512.625854,2024-06-24,0.9518409967422485,2,204498501.253333
32.22335433959961,76.356128,13.4399995803833,1500.281616,2024-06-24,0.9795349836349487,5,204498501.745041
32.223075,76.375065,25.56999969482422,1920.75415,2024-06-24,0.9733899831771851,8,204498502.220277
32.22324752807617,76.345842,20.620001,1615.362915,2024-06-24,0.9524790048599243,3,204498501.290521
32.222989,76.355701,13.8100004196167,1501.681763,2024-06-24,0.9724019765853882,5,204498501.736777
32.223052,76.365052,27.709999,1502.442017,2024-06-24,0.9802389740943909,6,204498501.782229
32.222665,76.364601,17.59000015258789,1471.272095,2024-06-24,0.9771530032157898,6,204498501.773965
32.222924,76.327747,6.420000076293945,1356.727905,2024-06-24,0.9564549922943115,1,204498501.431009
32.222299,76.374163,35.009998,1830.551758,2024-06-24,0.9623950123786926,8,204498502.203749
32.22248840332031,76.344954,15.949999809265137,1562.594849,2024-06-24,0.9535369873046875,3,204498501.273993
32.222311,76.364185,20.870001,1489.872314,2024-06-24,0.9754649996757507,6,204498501.765701
32.222249,76.354835,17.959999,1478.364624,2024-06-24,0.9743930101394653,5,204498501.720249
32.221908,76.373709,20.229999542236328,1799.990723,2024-06-24,0.9681069850921631,8,204498502.195485
32.221868,76.3543930053711,20.979999542236328,1445.369629,2024-06-24,0.9716029763221741,5,204498501.711985
32.221933,76.363744,22.850000381469727,1463.563599,2024-06-24,0.9673680067062378,6,204498501.757437
32.221927,76.334989,9.40999984741211,1468.849121,2024-06-24,0.9779899716377258,2,204498501.220277
32.221742,76.344077,12.850000381469727,1526.474976,2024-06-24,0.9549940228462219,3,204498501.257465
32.221548,76.363295,22.329999923706055,1426.964355,2024-06-24,0.9807170033454895,6,204498501.749173
32.221534,76.373272,28.100000381469727,1775.807129,2024-06-24,0.9786099791526794,8,204498502.187221
32.221819,76.326455,13.069999694824219,1334.983032,2024-06-24,0.956080973148346,1,204498501.406217
32.221569,76.334571,12.4399995803833,1484.348755,2024-06-24,0.9556139707565308,2,204498501.212013
32.221368,76.343638,7.539999961853027,1512.750244,2024-06-24,0.9543449878692627,3,204498501.249201
32.221161,76.362843,6.789999961853027,1400.203247,2024-06-24,0.9658120274543762,6,204498501.740909
32.221152,76.372828,33.81999969482422,1742.107422,2024-06-24,0.9890739917755127,8,204498502.178957
32.221114,76.35350799560547,10.1899995803833,1413.913086,2024-06-24,0.9643279910087585,5,204498501.695457
32.220773,76.372387,21.350000381469727,1729.985718,2024-06-24,0.9817439913749695,8,204498502.170693
32.220994,76.34320068359375,15.949999809265137,1485.991577,2024-06-24,0.9556679725646973,3,204498501.240937
32.220777,76.353113,20.389999,1457.482056,2024-06-24,0.9658560156822205,5,204498501.687193
32.22077941894531,76.362399,19.979999542236328,1358.361084,2024-06-24,0.9710630178451538,6,204498501.732645
32.220828,76.333703,16.139999,1458.517944,2024-06-24,0.9756389856338501,2,204498501.195485
32.220619201660156,76.342761,7.059999942779541,1476.062866,2024-06-24,0.9611849784851074,3,204498501.232673
32.220397,76.361952,9.779999732971191,1334.566162,2024-06-24,0.9667670130729675,6,204498501.724381
32.22039031982422,76.371941,21.90999984741211,1697.918945,2024-06-24,0.9877219796180725,8,204498502.162429
32.220426,76.352702,16.950001,1489.357666,2024-06-24,0.9713450074195862,5,204498501.678929
32.220009,76.371497,23.25,1668.584473,2024-06-24,0.9813339710235596,8,204498502.154165
32.220075,76.33281707763672,20.170000076293945,1405.915649,2024-06-24,0.9691789746284485,2,204498501.178957
32.219629,76.371055,23.06999969482422,1644.044189,2024-06-24,0.984952986240387,8,204498502.145901
32.22017288208008,76.315211,27.370001,1236.546265,2024-06-24,0.951187014579773,0,204498501.327709
32.219869,76.341882,14.9399995803833,1425.753296,2024-06-24,0.957597017288208,3,204498501.216145
32.219669342041016,76.351819,12.170000076293945,1446.724609,2024-06-24,0.9817649722099304,5,204498501.662401
32.2194938659668,76.341443,20.469999,1399.219604,2024-06-24,0.9608979821205139,3,204498501.207881
32.219292,76.360661,4.849999904632568,1324.37085,2024-06-24,0.9675719738006592,6,204498501.699589
32.2192497253418,76.370614,10.069999694824219,1633.151123,2024-06-24,0.9777939915657043,8,204498502.137637
32.219305,76.351393,19.530001,1441.672363,2024-06-24,0.9667419791221619,5,204498501.654137
32.219233,76.323426,18.06999969482422,1274.573975,2024-06-24,0.9666919708251953,1,204498501.348369
32.218935,76.360242,13.479999542236328,1331.389282,2024-06-24,0.9770370125770569,6,204498501.691325
32.218924,76.331472,15.90999984741211,1294.707886,2024-06-24,0.959214985370636,2,204498501.154165
32.218504,76.369743,28.780001,1586.950317,2024-06-24,0.9780269861221313,8,204498502.121109
32.218564,76.350527,16.09000015258789,1427.353638,2024-06-24,0.9713429808616638,5,204498501.637609
32.218577,76.359822,26.059999,1332.813599,2024-06-24,0.9715420007705688,6,204498501.683061
32.218201,76.359383,18.479999542236328,1320.770508,2024-06-24,0.965499997138977,6,204498501.674797
32.218116,76.369292,19.110001,1556.696289,2024-06-24,0.9669129848480225,8,204498502.112845
32.218202,76.350104,18.030001,1432.648193,2024-06-24,0.9679319858551025,5,204498501.629345
32.218175,76.330596,4.550000190734863,1268.646973,2024-06-24,0.9674109816551208,2,204498501.137637
32.217736,76.36885070800781,22.649999618530273,1528.584839,2024-06-24,0.9806339740753174,8,204498502.104581
32.217367,76.368419,22.129999,1522.106079,2024-06-24,0.9729419946670532,8,204498502.096317
32.217086,76.348801,19.120001,1397.02124,2024-06-24,0.9800770282745361,5,204498501.604553
32.217195,76.311713,8.510000228881836,1138.336426,2024-06-24,0.952709972858429,0,204498501.261597
32.21706771850586,76.329302,11.350000381469727,1241.393799,2024-06-24,0.9558389782905579,2,204498501.112845
32.216722,76.348376,16.729999542236328,1402.640259,2024-06-24,0.9783110022544861,5,204498501.596289
32.216605,76.367532,18.030001,1472.332031,2024-06-24,0.9656299948692322,8,204498502.079789
32.216195,76.376214,12.609999656677246,1643.693237,2024-06-24,0.9834070205688477,11,204498502.108713
32.216349,76.347942,18.479999542236328,1389.339233,2024-06-24,0.9760680198669434,5,204498501.588025
32.216237,76.367102,27.399999618530273,1457.473877,2024-06-24,0.9799240231513977,8,204498502.071525
32.216142,76.337522,11.84000015258789,1277.101685,2024-06-24,0.9654939770698547,3,204498501.133505
32.215976,76.356786,4.139999866485596,1279.615356,2024-06-24,0.9596530199050903,6,204498501.625213
32.215851,76.366653,27.510000228881836,1419.581055,2024-06-24,0.9728909730911255,8,204498502.063261
32.215823,76.37577819824219,28.780001,1615.834961,2024-06-24,0.9849119782447815,11,204498502.100449
32.215972,76.347502,16.5,1370.027344,2024-06-24,0.9708099961280823,5,204498501.579761
32.215604,76.347072,17.770000457763672,1365.027588,2024-06-24,0.9625999927520752,5,204498501.571497
32.215612,76.356359,18.299999,1267.106812,2024-06-24,0.9534339904785156,6,204498501.616949
32.215469,76.366209,23.549999,1396.259399,2024-06-24,0.9746360182762146,8,204498502.054997
32.2154426574707,76.375338,21.799999,1597.030151,2024-06-24,0.9858419895172119,11,204498502.092185
32.21572494506836,76.309989,6.159999847412109,1122.037598,2024-06-24,0.9571020007133484,0,204498501.228541
32.215234,76.346641,17.59000015258789,1358.645874,2024-06-24,0.9621419906616211,5,204498501.563233
32.215087,76.365764,8.470000267028809,1379.992065,2024-06-24,0.976347029209137,8,204498502.046733
32.215051,76.374884,27.399999618530273,1544.813354,2024-06-24,0.9755290150642395,11,204498502.083921
32.215031,76.336224,6.159999847412109,1254.217285,2024-06-24,0.9530360102653503,3,204498501.108713
32.214662,76.374433,13.699999809265137,1517.522827,2024-06-24,0.9550089836120605,11,204498502.075657
32.21486282348633,76.346208,19.829999923706055,1346.342407,2024-06-24,0.9603130221366882,5,204498501.554969
32.214658,76.335789,17.59000015258789,1228.401367,2024-06-24,0.9623960256576538,3,204498501.100449
32.214487,76.34577178955078,18.110001,1330.130981,2024-06-24,0.9746659994125366,5,204498501.546705
32.214282,76.335349,8.399999618530273,1215.01001,2024-06-24,0.9643740057945251,3,204498501.092185
32.214111,76.345331,6.340000152587891,1322.541626,2024-06-24,0.9631670117378235,5,204498501.538441
32.213916,76.373563,34.709999,1469.66748,2024-06-24,0.9788830280303955,11,204498502.059129
32.213919,76.334925,19.5,1210.896851,2024-06-24,0.9508649706840515,3,204498501.083921
32.213605,76.364034,8.0600004196167,1345.556152,2024-06-24,0.9687460064888,8,204498502.013677
32.213527,76.373112,20.489999771118164,1442.736816,2024-06-24,0.9811710119247437,11,204498502.050865
32.21337127685547,76.344468,19.420000076293945,1294.892456,2024-06-24,0.9547650218009949,5,204498501.521913
32.213236,76.363602,10.109999656677246,1336.097412,2024-06-24,0.9641119837760925,8,204498502.005411
32.213159,76.372682,36.31999969482422,1422.733398,2024-06-24,0.9753649830818176,11,204498502.042601
32.213381,76.316567,13.739999771118164,1263.814209,2024-06-24,0.9524350166320801,1,204498501.216145
32.213178,76.33406066894531,2.9800000190734863,1208.133789,2024-06-24,0.9653810262680054,3,204498501.067393
32.212991,76.344026,13.069999694824219,1276.123535,2024-06-24,0.9748539924621582,5,204498501.513649
32.21287155151367,76.36317443847656,10.670000076293945,1334.139404,2024-06-24,0.9740880131721497,8,204498501.997145
32.212764739990234,76.372226,10.039999961853027,1398.709961,2024-06-24,0.9850419759750366,11,204498502.034337
32.212399,76.371798,30.350000381469727,1377.466187,2024-06-24,0.989404022693634,11,204498502.026073
32.212239,76.34314727783203,5.0,1247.058716,2024-06-24,0.9700270295143127,5,204498501.497121
32.21229553222656,76.352491,13.930000305175781,1234.197144,2024-06-24,0.9681469798088074,6,204498501.542573
32.212133,76.362313,13.359999656677246,1319.684082,2024-06-24,0.9759060144424438,8,204498501.980613
32.21201705932617,76.371354,24.379999,1353.337524,2024-06-24,0.9855049848556519,11,204498502.017809
32.212078,76.332775,3.4000000953674316,1202.573242,2024-06-24,0.9639120101928711,3,204498501.042601
32.211868,76.342718,11.6899995803833,1231.744019,2024-06-24,0.9759560227394104,5,204498501.488857
32.211759,76.361877,7.050000190734863,1311.53894,2024-06-24,0.9502530097961426,8,204498501.972347
32.21164321899414,76.370918,17.510000228881836,1345.436523,2024-06-24,0.950531005859375,11,204498502.009544
32.211392,76.361447,17.729999542236328,1297.400269,2024-06-24,0.9749569892883301,8,204498501.964081
32.211273193359375,76.370486,12.729999542236328,1341.973511,2024-06-24,0.9561529755592346,11,204498502.001278
32.211497,76.34228515625,10.270000457763672,1223.466675,2024-06-24,0.9714739918708801,5,204498501.480593
32.211122,76.341848,9.859999656677246,1207.666626,2024-06-24,0.9751489758491516,5,204498501.472329
32.211022,76.36101531982422,20.379999,1286.140259,2024-06-24,0.9689459800720215,8,204498501.955815
32.210906982421875,76.370058,12.319999694824219,1341.136841,2024-06-24,0.9833340048789978,11,204498501.993012
32.210195,76.369221,26.950001,1358.183594,2024-06-24,0.9787060022354126,11,204498501.97648
32.210379,76.340981,9.109999656677246,1188.293213,2024-06-24,0.9660210013389587,5,204498501.455801
32.209911,76.359716,7.090000152587891,1271.777832,2024-06-24,0.9790710210800171,8,204498501.931017
32.209639,76.340117,10.720000267028809,1171.894531,2024-06-24,0.9573150277137756,5,204498501.439273
32.209453,76.36835479736328,8.359999656677246,1355.946533,2024-06-24,0.9753440022468567,11,204498501.959948
32.209352,76.349058,7.019999980926514,1215.960571,2024-06-24,0.9789929986000061,6,204498501.476461
32.209086,76.367926,12.170000076293945,1349.475586,2024-06-24,0.9519339799880981,11,204498501.951682
32.20914077758789,76.329344,21.440001,1163.125,2024-06-24,0.9687650203704834,3,204498500.97648
32.208898,76.339252,7.909999847412109,1156.989136,2024-06-24,0.9669960141181946,5,204498501.422745
32.208984375,76.348629,7.28000020980835,1212.484985,2024-06-24,0.9660109877586365,6,204498501.468197
32.208808,76.358426,11.869999885559082,1254.565918,2024-06-24,0.9737070202827454,8,204498501.906219
32.20897674560547,76.31141662597656,21.399999618530273,1227.624634,2024-06-24,0.9643440246582031,1,204498501.116977
32.208998,76.319874,17.559999,1193.22644,2024-06-24,0.9586549997329712,2,204498500.931017
32.208346,76.367061,15.420000076293945,1328.806885,2024-06-24,0.9618099927902222,11,204498501.93515
32.208247,76.347769,7.050000190734863,1204.060913,2024-06-24,0.9712100028991699,6,204498501.451669
32.207975,76.366628,11.979999542236328,1322.00647,2024-06-24,0.9899129867553711,11,204498501.926884
32.208219,76.310532,20.610001,1173.738037,2024-06-24,0.9536139965057373,1,204498501.100449
32.207602,76.366193,12.390000343322754,1309.283813,2024-06-24,0.9618290066719055,11,204498501.918618
32.207909,76.318602,13.40999984741211,1216.251465,2024-06-24,0.9548140168190002,2,204498500.906219
32.207341,76.3567123413086,14.329999923706055,1239.726196,2024-06-24,0.9510959982872009,8,204498501.873155
32.207234,76.365763,15.75,1300.658081,2024-06-24,0.9501090049743652,11,204498501.910352
32.207141,76.346478,4.289999961853027,1192.060791,2024-06-24,0.9661710262298584,6,204498501.426877
32.206972,76.356278,11.199999809265137,1236.236572,2024-06-24,0.9782580137252808,8,204498501.864889
32.206487,76.3648910522461,6.010000228881836,1280.512085,2024-06-24,0.9775350093841553,11,204498501.89382
32.206408,76.345621,7.349999904632568,1186.514893,2024-06-24,0.968375027179718,6,204498501.410349
32.206122,76.364463,15.529999732971191,1271.379639,2024-06-24,0.9772319793701172,11,204498501.885554
32.206363677978516,76.30836486816406,11.390000343322754,1133.286987,2024-06-24,0.9651119709014893,1,204498501.059129
32.206039,76.3451919555664,5.110000133514404,1183.534912,2024-06-24,0.9624059796333313,6,204498501.402085
32.205754,76.364033,13.739999771118164,1267.999512,2024-06-24,0.9837110042572021,11,204498501.877288
32.205964,76.335819,4.550000190734863,1142.917358,2024-06-24,0.9725900292396545,5,204498501.356633
32.205385,76.363602,19.079999923706055,1257.153076,2024-06-24,0.9640100002288818,11,204498501.869022
32.205129,76.354123,7.760000228881836,1211.691895,2024-06-24,0.9680020213127136,8,204498501.823559
32.204936,76.34390258789062,7.909999847412109,1168.800171,2024-06-24,0.9612450003623962,6,204498501.377293
32.204761,76.353692,7.460000038146973,1206.399658,2024-06-24,0.9700049757957458,8,204498501.815293
32.204866,76.334533,6.230000019073486,1137.476074,2024-06-24,0.9692080020904541,5,204498501.331841
32.204568,76.343469,6.829999923706055,1165.100586,2024-06-24,0.964152991771698,6,204498501.369029
32.204498291015625,76.334105,7.730000019073486,1136.029785,2024-06-24,0.9655010104179382,5,204498501.323577
32.204278,76.362307,16.719999,1239.327881,2024-06-24,0.977304995059967,11,204498501.844224
32.20439147949219,76.323789,19.200001,1173.763428,2024-06-24,0.9594060182571411,3,204498500.869022
32.204199,76.343038,4.889999866485596,1160.731445,2024-06-24,0.9550979733467102,6,204498501.360765
32.204017,76.323352,2.799999952316284,1174.646973,2024-06-24,0.9511460065841675,3,204498500.860756
32.203768,76.333246,8.65999984741211,1131.452759,2024-06-24,0.9689559936523438,5,204498501.307049
32.203654,76.352398,3.4700000286102295,1191.296631,2024-06-24,0.9681529998779297,8,204498501.790495
32.203541,76.361445,11.09000015258789,1231.314697,2024-06-24,0.9873340129852295,11,204498501.827692
32.20346450805664,76.342177,4.369999885559082,1153.376587,2024-06-24,0.9659759998321533,6,204498501.344237
32.203288,76.351969,6.940000057220459,1186.325439,2024-06-24,0.9517300128936768,8,204498501.782229
32.203169,76.361011,5.670000076293945,1226.142944,2024-06-24,0.9522709846496582,11,204498501.819426
32.202926,76.351545,20.079999923706055,1179.238403,2024-06-24,0.9738439917564392,8,204498501.773965
32.203128,76.313007,20.920000076293945,1149.824219,2024-06-24,0.9670910239219666,2,204498500.798761
32.20292282104492,76.322072,23.09000015258789,1160.764648,2024-06-24,0.959322988986969,3,204498500.835958
32.202757,76.312573,12.4399995803833,1147.274536,2024-06-24,0.9751620292663574,2,204498500.790495
32.202299,76.331524,5.639999866485596,1118.398193,2024-06-24,0.9677990078926086,5,204498501.273993
32.202063,76.359718,3.6500000953674316,1211.33667,2024-06-24,0.9535419940948486,11,204498501.794628
32.202186,76.32121276855469,19.09000015258789,1152.790527,2024-06-24,0.9710220098495483,3,204498500.819426
32.2020263671875,76.311717,10.199999809265137,1149.456543,2024-06-24,0.9608590006828308,2,204498500.773965
32.201931,76.331093,7.989999771118164,1111.331543,2024-06-24,0.9584739804267883,5,204498501.265729
32.201628,76.340025,4.400000095367432,1132.935303,2024-06-24,0.9585400223731995,6,204498501.302917
32.20132827758789,76.35885620117188,9.140000343322754,1200.599609,2024-06-24,0.9792770147323608,11,204498501.778097
32.201439,76.320336,13.819999694824219,1125.601196,2024-06-24,0.9593989849090576,3,204498500.802894
32.200899,76.339171,18.860001,1122.027344,2024-06-24,0.9802500009536743,6,204498501.286389
32.200712,76.348957,5.75,1156.529785,2024-06-24,0.9822779893875122,8,204498501.724381
32.200827,76.30189514160156,17.25,1029.797729,2024-06-24,0.9606369733810425,1,204498500.93515
32.200705,76.319477,12.470000267028809,1120.315552,2024-06-24,0.958732008934021,3,204498500.786362
32.200526,76.338734,8.65999984741211,1117.451904,2024-06-24,0.9623730182647705,6,204498501.278125
32.200347,76.3485336303711,10.380000114440918,1152.191162,2024-06-24,0.9580510258674622,8,204498501.716117
32.200223,76.357566,4.329999923706055,1187.43457,2024-06-24,0.9830570220947266,11,204498501.753305
32.200559,76.310001,8.25,1142.77771,2024-06-24,0.9655910134315491,2,204498500.740909
32.200346,76.319057,21.93000030517578,1125.42627,2024-06-24,0.9590820074081421,3,204498500.778097
32.199982,76.3186264038086,34.06999969482422,1115.718384,2024-06-24,0.9592829942703247,3,204498500.769833
32.199491,76.356709,14.1899995803833,1175.018433,2024-06-24,0.9824900031089783,11,204498501.736777
32.199613,76.318199,29.920000076293945,1113.593872,2024-06-24,0.9546599984169006,3,204498500.761569
32.199354,76.328075,9.600000381469727,1070.845703,2024-06-24,0.9772610068321228,5,204498501.207881
32.199427,76.337446,10.460000038146973,1108.824463,2024-06-24,0.9591289758682251,6,204498501.253333
32.199429,76.308677,17.260000228881836,1062.479004,2024-06-24,0.9679750204086304,2,204498500.716117
32.199346,76.300162,7.840000152587891,1001.146301,2024-06-24,0.9619110226631165,1,204498500.902086
32.198756,76.355851,12.649999618530273,1169.859009,2024-06-24,0.9722660183906555,11,204498501.720249
32.198981,76.29973602294922,13.289999961853027,998.769897,2024-06-24,0.9669129848480225,1,204498500.89382
32.19869613647461,76.33659362792969,16.65999984741211,1101.851562,2024-06-24,0.9658070206642151,6,204498501.236805
32.198509,76.346381,20.200001,1124.48999,2024-06-24,0.950219988822937,8,204498501.674797
32.198388,76.35542297363281,11.9399995803833,1165.942261,2024-06-24,0.9523730278015137,11,204498501.711985
32.19877243041992,76.290167,10.010000228881836,864.740356,2024-06-24,0.950685977935791,0,204498500.848357
32.198141,76.345952,16.870001,1124.133423,2024-06-24,0.9550819993019104,8,204498501.666533
32.198019,76.354989,10.819999694824219,1162.047852,2024-06-24,0.9508669972419739,11,204498501.703721
32.19776916503906,76.345519,11.079999923706055,1121.237793,2024-06-24,0.9609090089797974,8,204498501.658269
32.197649,76.354557,7.650000095367432,1157.731934,2024-06-24,0.9807450175285339,11,204498501.695457
32.197547,76.325962,2.5399999618530273,1120.47583,2024-06-24,0.9557859897613525,5,204498501.166561
32.197398,76.34508514404297,4.659999847412109,1117.670898,2024-06-24,0.963683009147644,8,204498501.650005
32.197284,76.354129,14.369999885559082,1150.535522,2024-06-24,0.9794579744338989,11,204498501.687193
32.197223,76.334866,8.479999542236328,1087.666504,2024-06-24,0.9821699857711792,6,204498501.203749
32.197021484375,76.315165,8.850000381469727,1063.54895,2024-06-24,0.9570090174674988,3,204498500.703721
32.196856,76.334437,9.819999694824219,1084.435669,2024-06-24,0.9765300154685974,6,204498501.195485
32.196816,76.325107,6.789999961853027,1116.357178,2024-06-24,0.956292986869812,5,204498501.150033
32.1966438293457,76.314726,12.890000343322754,1037.851562,2024-06-24,0.9519140124320984,3,204498500.695457
32.196303,76.343804,18.739999771118164,1107.134399,2024-06-24,0.9748709797859192,8,204498501.625213
32.19618225097656,76.352842,22.770000457763672,1135.435425,2024-06-24,0.9803379774093628,11,204498501.662401
32.196118,76.333574,12.100000381469727,1068.372559,2024-06-24,0.9571549892425537,6,204498501.178957
32.19593048095703,76.34336853027344,13.140000343322754,1101.759277,2024-06-24,0.9788429737091064,8,204498501.616949
32.195906,76.313863,21.149999618530273,1015.270813,2024-06-24,0.9521539807319641,3,204498500.678929
32.195560455322266,76.342939,12.90999984741211,1095.58728,2024-06-24,0.9695900082588196,8,204498501.608685
32.195721,76.30433654785156,13.0,958.241272,2024-06-24,0.95551997423172,2,204498500.633477
32.195711,76.323817,6.349999904632568,1103.563843,2024-06-24,0.9505379796028137,5,204498501.125241
32.195443,76.351979,10.640000343322754,1134.095581,2024-06-24,0.9750530123710632,11,204498501.645873
32.195345,76.3233871459961,12.510000228881836,1096.431274,2024-06-24,0.9615129828453064,5,204498501.116977
32.195383,76.332715,5.449999809265137,1068.114502,2024-06-24,0.9726439714431763,6,204498501.162429
32.1951904296875,76.342507,6.380000114440918,1093.992554,2024-06-24,0.962378978729248,8,204498501.600421
32.195072174072266,76.351547,4.25,1132.240112,2024-06-24,0.9540839791297913,11,204498501.637609
32.195014,76.332285,3.7300000190734863,1064.724731,2024-06-24,0.9657379984855652,6,204498501.154165
32.194976806640625,76.322961,9.479999542236328,1096.900757,2024-06-24,0.9632220268249512,5,204498501.108713
32.19482421875,76.34207916259766,9.819999694824219,1091.98645,2024-06-24,0.9603970050811768,8,204498501.592157
32.194705,76.351119,5.449999809265137,1129.457031,2024-06-24,0.975238025188446,11,204498501.629345
32.19465255737305,76.331863,23.270000457763672,1054.85791,2024-06-24,0.9702510237693787,6,204498501.145901
32.194339,76.350691,7.650000095367432,1127.218872,2024-06-24,0.9693490266799927,11,204498501.621081
32.194609,76.322532,9.369999885559082,1093.457764,2024-06-24,0.9588940143585205,5,204498501.100449
32.194242,76.322102,8.65999984741211,1090.359009,2024-06-24,0.96909499168396,5,204498501.092185
32.194278717041016,76.331427,11.199999809265137,1052.31665,2024-06-24,0.9695050120353699,6,204498501.137637
32.194087982177734,76.341222,19.969999,1076.111938,2024-06-24,0.9682180285453796,8,204498501.575629
32.193968,76.350258,7.090000152587891,1118.194214,2024-06-24,0.9752439856529236,11,204498501.612817
32.194242,76.302612,9.789999961853027,929.514038,2024-06-24,0.9616199731826782,2,204498500.600421
32.193601,76.349829,5.519999980926514,1117.623169,2024-06-24,0.9797189831733704,11,204498501.604553
32.193822,76.293697,14.300000190734863,914.749146,2024-06-24,0.952426016330719,1,204498500.778097
32.193548,76.330572,9.40999984741211,1054.339966,2024-06-24,0.9671649932861328,6,204498501.121109
32.19335174560547,76.340361,15.529999732971191,1070.22998,2024-06-24,0.96219801902771,8,204498501.559101
32.193137,76.320814,12.880000114440918,1074.578369,2024-06-24,0.9661200046539307,5,204498501.067393
32.19298553466797,76.339937,10.9399995803833,1079.106567,2024-06-24,0.9524509906768799,8,204498501.550837
32.192769,76.320384,5.900000095367432,1076.435791,2024-06-24,0.9781870245933533,5,204498501.059129
32.19261932373047,76.339509,15.720000267028809,1073.954712,2024-06-24,0.9703940153121948,8,204498501.542573
32.192251,76.339079,14.369999885559082,1070.898926,2024-06-24,0.982574999332428,8,204498501.534309
32.192408,76.300473,22.309999,909.802917,2024-06-24,0.9609289765357971,2,204498500.559101
32.19207763671875,76.328856,10.720000267028809,1040.102661,2024-06-24,0.968824028968811,6,204498501.088053
32.191763,76.347686,15.420000076293945,1096.798828,2024-06-24,0.9805240035057068,11,204498501.563233
32.19150924682617,76.338217,11.609999656677246,1059.350708,2024-06-24,0.9805709719657898,8,204498501.517781
32.1913948059082,76.347257,8.510000228881836,1100.433105,2024-06-24,0.9829530119895935,11,204498501.554969
32.191671,76.29961395263672,9.34000015258789,913.176025,2024-06-24,0.9535499811172485,2,204498500.542573
32.191507,76.308726,13.149999618530273,1008.580811,2024-06-24,0.953374981880188,3,204498500.579761
32.191292,76.318662,3.5799999237060547,1055.510498,2024-06-24,0.9651190042495728,5,204498501.026073
32.191139,76.337785,16.90999984741211,1047.582397,2024-06-24,0.9730349779129028,8,204498501.509517
32.191028,76.34683227539062,12.470000267028809,1096.274658,2024-06-24,0.9792609810829163,11,204498501.546705
32.190973,76.327568,12.920000076293945,1026.447876,2024-06-24,0.9545069932937622,6,204498501.063261
32.190927,76.318236,26.219999,1034.475708,2024-06-24,0.9678490161895752,5,204498501.017809
32.190661,76.346401,21.5,1084.725342,2024-06-24,0.9728749990463257,11,204498501.538441
32.190875,76.290249,10.229999542236328,875.6061401367188,2024-06-24,0.9595100283622742,1,204498500.711985
32.190293,76.345972,15.3100004196167,1088.736938,2024-06-24,0.977977991104126,11,204498501.530177
32.19019317626953,76.317378,6.010000228881836,1050.498291,2024-06-24,0.9644610285758972,5,204498501.001278
32.190237,76.326709,10.34000015258789,1020.052612,2024-06-24,0.9678930044174194,6,204498501.046733
32.18992233276367,76.345541,13.619999885559082,1083.393066,2024-06-24,0.9673449993133545,11,204498501.521913
32.189869,76.32627868652344,15.800000190734863,1011.541321,2024-06-24,0.968487024307251,6,204498501.038469
32.18966293334961,76.336065,7.989999771118164,1037.049438,2024-06-24,0.9611999988555908,8,204498501.476461
32.189551,76.345109,9.109999656677246,1079.168091,2024-06-24,0.975242018699646,11,204498501.513649
32.189498,76.325847,10.720000267028809,1006.579102,2024-06-24,0.9682390093803406,6,204498501.030205
32.189090728759766,76.31609344482422,8.550000190734863,1037.977661,2024-06-24,0.9734730124473572,5,204498500.97648
32.188721,76.31565856933594,6.639999866485596,1034.724854,2024-06-24,0.9565359950065613,5,204498500.968214
32.188403,76.324569,20.510000228881836,1002.4505004882812,2024-06-24,0.9557380080223083,6,204498501.005411
32.188194274902344,76.334351,10.149999618530273,1028.138794,2024-06-24,0.9783899784088135,8,204498501.443405
32.188661,76.28765869140625,16.129999,831.001648,2024-06-24,0.95415198802948,1,204498500.662401
32.188356,76.315233,11.279999732971191,1030.012817,2024-06-24,0.9786419868469238,5,204498500.959948
32.187825,76.33392333984375,13.180000305175781,1019.334229,2024-06-24,0.9750069975852966,8,204498501.435141
32.187707,76.34295654296875,5.449999809265137,1061.319336,2024-06-24,0.9692260026931763,11,204498501.472329
32.188008,76.295345,13.369999885559082,907.957153,2024-06-24,0.9507459998130798,2,204498500.459933
32.18745422363281,76.333488,6.53000020980835,1018.923279,2024-06-24,0.9619519710540771,8,204498501.426877
32.187338,76.342529296875,6.829999923706055,1055.247803,2024-06-24,0.9601619839668274,11,204498501.464065
32.187757,76.277288,3.5399999618530273,788.080566,2024-06-24,0.9649990200996399,0,204498500.600421
32.187636,76.29490661621094,15.170000076293945,892.897278,2024-06-24,0.9513919949531555,2,204498500.451669
32.186885,76.313514,14.300000190734863,1012.325989,2024-06-24,0.9675940275192261,5,204498500.926884
32.18690872192383,76.322827,5.409999847412109,961.786011,2024-06-24,0.9547190070152283,6,204498500.972347
32.18660354614258,76.341673,11.800000190734863,1047.285156,2024-06-24,0.9790350198745728,11,204498501.447537
32.186351,76.332199,4.510000228881836,1010.363403,2024-06-24,0.9560369849205017,8,204498501.402085
32.186235,76.341243,6.380000114440918,1047.42688,2024-06-24,0.9707909822463989,11,204498501.439273
32.185991,76.331779,16.049999,1009.956604,2024-06-24,0.9653339982032776,8,204498501.393821
32.1861457824707,76.312651,10.3100004196167,1001.719299,2024-06-24,0.95517897605896,5,204498500.910352
32.185823,76.3215560913086,22.110001,964.363342,2024-06-24,0.9711589813232422,6,204498500.947549
32.18562316894531,76.331348,14.970000267028809,1006.229797,2024-06-24,0.9730589985847473,8,204498501.385557
32.185499,76.340384,9.069999694824219,1037.970459,2024-06-24,0.9756789803504944,11,204498501.422745
32.185454,76.321125,18.75,961.646057,2024-06-24,0.9688670039176941,6,204498500.939283
32.184763,76.339524,8.880000114440918,1030.688354,2024-06-24,0.9504849910736084,11,204498501.406217
32.184518,76.330056,11.3100004196167,995.639099,2024-06-24,0.976173996925354,8,204498501.360765
32.18453598022461,76.300597,8.140000343322754,983.010986,2024-06-24,0.9521589875221252,3,204498500.422745
32.18435287475586,76.319839,24.610001,948.724915,2024-06-24,0.968396008014679,6,204498500.914485
32.184146881103516,76.329622,10.149999618530273,986.589417,2024-06-24,0.9684439897537231,8,204498501.352501
32.184028,76.338665,7.159999847412109,1026.720825,2024-06-24,0.9719280004501343,11,204498501.389689
32.183973,76.319396,18.670000076293945,927.762024,2024-06-24,0.965694010257721,6,204498500.906219
32.183239,76.318537,13.329999923706055,927.152099609375,2024-06-24,0.9794179797172546,6,204498500.889687
32.183204,76.309211,6.760000228881836,974.201111,2024-06-24,0.9571499824523926,5,204498500.844224
32.183051,76.328338,14.670000076293945,982.607788,2024-06-24,0.9671990275382996,8,204498501.327709
32.18305969238281,76.298873,8.329999923706055,954.609375,2024-06-24,0.9675379991531372,3,204498500.389689
32.182872,76.318108,16.510000228881836,921.73053,2024-06-24,0.9671289920806885,6,204498500.881421
32.182685,76.327909,13.850000381469727,980.905884,2024-06-24,0.9758989810943604,8,204498501.319445
32.182471,76.308354,11.539999961853027,966.303711,2024-06-24,0.9628880023956299,5,204498500.827692
32.182318,76.298005,4.630000114440918,935.568359,2024-06-24,0.9603919982910156,3,204498500.373161
32.181949,76.327047,9.220000267028809,976.456909,2024-06-24,0.9677460193634033,8,204498501.302917
32.182116,76.288458,3.1700000762939453,832.178101,2024-06-24,0.9636330008506775,2,204498500.327709
32.1817626953125,76.316812,5.639999866485596,909.114319,2024-06-24,0.9689159989356995,6,204498500.856623
32.181585,76.32662200927734,14.40999984741211,973.783936,2024-06-24,0.9636719822883606,8,204498501.294653
32.18164825439453,76.279479,3.619999885559082,732.331421,2024-06-24,0.9556609988212585,1,204498500.505385
32.181378,76.307074,21.700001,962.740295,2024-06-24,0.9754949808120728,5,204498500.802894
32.18122100830078,76.326193,18.290001,970.670776,2024-06-24,0.968297004699707,8,204498501.286389
32.18109130859375,76.335228,6.679999828338623,1002.841919,2024-06-24,0.9754120111465454,11,204498501.323577
32.181228,76.296729,13.079999923706055,940.8313598632812,2024-06-24,0.9533860087394714,3,204498500.348369
32.180848,76.325757,7.800000190734863,967.866882,2024-06-24,0.9684330224990845,8,204498501.278125
32.18129348754883,76.279064,22.93000030517578,732.038452,2024-06-24,0.9641010165214539,1,204498500.497121
32.180478,76.325324,5.260000228881836,962.51947,2024-06-24,0.9641510248184204,8,204498501.269861
32.180497,76.295874,10.90999984741211,944.488525,2024-06-24,0.9573569893836975,3,204498500.331841
32.180113,76.324897,10.970000267028809,958.44989,2024-06-24,0.9538589715957642,8,204498501.261597
32.179992,76.333941,9.220000267028809,995.155762,2024-06-24,0.9742879867553711,11,204498501.298785
32.179747,76.324468,9.630000114440918,957.910583,2024-06-24,0.9806399941444397,8,204498501.253333
32.179907,76.305354,17.06999969482422,951.412292,2024-06-24,0.9733250141143799,5,204498500.769833
32.179622650146484,76.333509,6.230000019073486,991.937134,2024-06-24,0.9772719740867615,11,204498501.290521
32.179762,76.295014,7.400000095367432,939.568481,2024-06-24,0.9598389863967896,3,204498500.315313
32.17953872680664,76.304925,10.010000228881836,956.076721,2024-06-24,0.9707409739494324,5,204498500.761569
32.179559,76.314235,5.260000228881836,890.824951,2024-06-24,0.9668369889259338,6,204498500.807027
32.179213,76.313828,10.899999618530273,922.322937,2024-06-24,0.9679059982299805,6,204498500.798761
32.179179,76.304503,18.299999,957.922424,2024-06-24,0.9675830006599426,5,204498500.753305
32.179014,76.3236083984375,12.5,951.037476,2024-06-24,0.9656299948692322,8,204498501.236805
32.17888641357422,76.332647,3.359999895095825,984.021973,2024-06-24,0.9705550074577332,11,204498501.273993
32.178438,76.303636,17.780001,938.342529,2024-06-24,0.9747009873390198,5,204498500.736777
32.178476,76.312966,15.979999542236328,906.815552,2024-06-24,0.9691010117530823,6,204498500.782229
32.178281,76.322752,18.290001,940.597778,2024-06-24,0.9661099910736084,8,204498501.220277
32.178076,76.303212,10.899999618530273,952.728759765625,2024-06-24,0.9733160138130188,5,204498500.728513
32.17791748046875,76.322326,26.510000228881836,935.582214,2024-06-24,0.9692909717559814,8,204498501.212013
32.178092,76.28374481201172,21.709999,805.649231,2024-06-24,0.9518610239028931,2,204498500.236805
32.177928,76.292866,12.220000267028809,920.704956,2024-06-24,0.9637460112571716,3,204498500.273993
32.177711486816406,76.302785,7.170000076293945,957.447998,2024-06-24,0.9609519839286804,5,204498500.720249
32.177541,76.321887,7.650000095367432,935.399902,2024-06-24,0.9697049856185913,8,204498501.203749
32.177721,76.283311,9.75,805.762817,2024-06-24,0.9585109949111938,2,204498500.228541
32.17733383178711,76.3023452758789,8.140000343322754,935.632629,2024-06-24,0.9678500294685364,5,204498500.711985
32.17717742919922,76.321461,13.619999885559082,933.127808,2024-06-24,0.9714660048484802,8,204498501.195485
32.176806,76.321028,14.449999809265137,922.512207,2024-06-24,0.9720349907875061,8,204498501.187221
32.17659378051758,76.301481,11.430000305175781,916.430725,2024-06-24,0.9650310277938843,5,204498500.695457
32.176441,76.320601,15.270000457763672,922.766113,2024-06-24,0.9704560041427612,8,204498501.178957
32.176619,76.28202056884766,3.9600000381469727,799.1114501953125,2024-06-24,0.95415198802948,2,204498500.203749
32.17646026611328,76.291147,15.390000343322754,903.626038,2024-06-24,0.9501670002937317,3,204498500.240937
32.176225,76.3010482788086,17.65999984741211,904.684265,2024-06-24,0.960316002368927,5,204498500.687193
32.175955,76.329215,16.350000381469727,956.038025,2024-06-24,0.9520949721336365,11,204498501.207881
32.175921,76.309977,20.170000076293945,912.037598,2024-06-24,0.9715219736099243,6,204498500.724381
32.175891,76.281168,12.25,796.924438,2024-06-24,0.9604719877243042,2,204498500.187221
32.175852,76.300614,15.390000343322754,892.094238,2024-06-24,0.9705979824066162,5,204498500.678929
32.175479888916016,76.300179,13.140000343322754,883.102234,2024-06-24,0.9693869948387146,5,204498500.670665
32.175541,76.309534,41.990002,863.234558,2024-06-24,0.9795960187911987,6,204498500.716117
32.175357,76.289855,6.800000190734863,898.495789,2024-06-24,0.9515060186386108,3,204498500.216145
32.175173,76.309103,14.899999618530273,885.515747,2024-06-24,0.9748719930648804,6,204498500.707853
32.175113677978516,76.299751,17.219999,878.002075,2024-06-24,0.9672650098800659,5,204498500.662401
32.174979,76.318894,15.529999732971191,925.10498,2024-06-24,0.9779999852180481,8,204498501.145901
32.174855,76.327929,17.360001,948.972961,2024-06-24,0.9729290008544922,11,204498501.183089
32.174811,76.308681,20.209999,889.048706,2024-06-24,0.9594200253486633,6,204498500.699589
32.174611,76.318464,14.109999656677246,922.434082,2024-06-24,0.9603099822998047,8,204498501.137637
32.174748,76.29932403564453,14.979999542236328,880.490356,2024-06-24,0.9761040210723877,5,204498500.654137
32.174485,76.327497,12.770000457763672,945.822144,2024-06-24,0.980538010597229,11,204498501.174825
32.17424392700195,76.318036,12.880000114440918,922.341797,2024-06-24,0.9791510105133057,8,204498501.129373
