lat,lon,rh98,elev_lowestmode,date,sensitivity,beam,delta_time
15.50214672088623,73.873218,16.360001,-77.954483,2019-11-17,0.9627900123596191,0,59232801.203969
15.489812850952148,73.863562,6.769999980926514,-80.876678,2019-11-17,0.9790809750556946,0,59232800.956049
15.48898983001709,73.862918,6.769999980926514,-80.648666,2019-11-17,0.9529229998588562,0,59232800.939521
15.488577842712402,73.862594,10.850000381469727,-77.721435546875,2019-11-17,0.9554029703140259,0,59232800.931257
15.488165855407715,73.862271,11.680000305175781,-75.129318,2019-11-17,0.9629759788513184,0,59232800.922993
15.487656593322754,73.869262,7.599999904632568,-81.335953,2019-11-17,0.9578620195388794,1,59232800.935389
15.486927032470703,73.861296,14.34000015258789,-52.40371322631836,2019-11-17,0.9523670077323914,0,59232800.898201
15.486102104187012,73.860648,10.739999771118164,-37.045387268066406,2019-11-17,0.9646220207214355,0,59232800.881673
15.485692024230957,73.8603286743164,15.460000038146973,-53.25431442260742,2019-11-17,0.987525999546051,0,59232800.873409
15.485186576843262,73.867328,10.479999542236328,-76.443993,2019-11-17,0.968891978263855,1,59232800.885805
15.484872817993164,73.85969543457031,9.949999809265137,-71.082687,2019-11-17,0.9613450169563293,0,59232800.856881
15.48436164855957,73.866681,12.420000076293945,-69.570702,2019-11-17,0.9603310227394104,1,59232800.869277
15.484049797058105,73.859051,12.869999885559082,-73.631943,2019-11-17,0.956475019454956,0,59232800.840353
15.483634948730469,73.872981,19.309999,-71.89188385009766,2019-11-17,0.9531819820404053,2,59232800.650265
15.483227729797363,73.85841369628906,4.900000095367432,-74.287842,2019-11-17,0.9732030034065247,0,59232800.823825
15.483126640319824,73.865713,7.150000095367432,-59.32731246948242,2019-11-17,0.9613609910011292,1,59232800.844485
15.482815742492676,73.858087,11.039999961853027,-74.788139,2019-11-17,0.9661610126495361,0,59232800.815561
15.48271369934082,73.865387,9.350000381469727,-48.877609,2019-11-17,0.9595829844474792,1,59232800.836221
15.482399940490723,73.872012,12.350000381469727,-58.49101638793945,2019-11-17,0.9603959918022156,2,59232800.625467
15.4822998046875,73.86505889892578,13.65999984741211,-39.36366271972656,2019-11-17,0.9731680154800415,1,59232800.827957
15.481987953186035,73.871687,13.0600004196167,-51.19923400878906,2019-11-17,0.9631379842758179,2,59232800.617201
15.481887817382812,73.864736,4.110000133514404,-25.96802520751953,2019-11-17,0.9603930115699768,1,59232800.819693
15.481574058532715,73.8713607788086,6.989999771118164,-34.005027770996094,2019-11-17,0.9743980169296265,2,59232800.608935
15.481161117553711,73.871032,15.829999923706055,-27.996721267700195,2019-11-17,0.9726459980010986,2,59232800.600669
15.480244636535645,73.863456,9.989999771118164,-49.83438491821289,2019-11-17,0.9613860249519348,1,59232800.786637
15.480338096618652,73.870386,6.699999809265137,-15.490245819091797,2019-11-17,0.9572640061378479,2,59232800.584137
15.479523658752441,73.85550689697266,18.530001,-76.72996520996094,2019-11-17,0.9601529836654663,0,59232800.749449
15.479104042053223,73.869421,2.990000009536743,-13.24057388305664,2019-11-17,0.9551979899406433,2,59232800.559339
15.478289604187012,73.854543,20.780001,-74.68902587890625,2019-11-17,0.9594839811325073,0,59232800.724657
15.47746753692627,73.85389709472656,16.959999,-76.289001,2019-11-17,0.9527000188827515,0,59232800.708127
15.477057456970215,73.853578,19.459999,-76.004150390625,2019-11-17,0.9506800174713135,0,59232800.699861
15.476635932922363,73.867486,4.940000057220459,-11.498459815979004,2019-11-17,0.9507139921188354,2,59232800.509743
15.476133346557617,73.860237,10.100000381469727,-52.157596588134766,2019-11-17,0.9630500078201294,1,59232800.703994
15.476129531860352,73.874476,19.639999,-16.0523681640625,2019-11-17,0.9683420062065125,3,59232800.522142
15.475404739379883,73.866525,4.639999866485596,-24.7285213470459,2019-11-17,0.9617429971694946,2,59232800.484946
15.474898338317871,73.859269,5.650000095367432,-41.147735595703125,2019-11-17,0.9504609704017639,1,59232800.679196
15.474900245666504,73.873517,2.5,-15.081535339355469,2019-11-17,0.951117992401123,3,59232800.497344
15.474488258361816,73.858949,11.229999542236328,-53.14441680908203,2019-11-17,0.958761990070343,1,59232800.67093
15.47458267211914,73.865881,5.269999980926514,-25.741182327270508,2019-11-17,0.9562810063362122,2,59232800.468418
15.4744873046875,73.873191,10.329999923706055,-14.778942108154297,2019-11-17,0.9762409925460815,3,59232800.489078
15.474170684814453,73.865558,5.570000171661377,-22.40806007385254,2019-11-17,0.9661329984664917,2,59232800.460154
15.47366714477539,73.858308,13.890000343322754,-63.794209,2019-11-17,0.9619979858398438,1,59232800.654398
15.473666191101074,73.872549,2.8399999141693115,-12.75732421875,2019-11-17,0.9533960223197937,3,59232800.47255
15.473345756530762,73.864909,6.170000076293945,-12.009553909301758,2019-11-17,0.9825270175933838,2,59232800.443626
15.47325611114502,73.857988,12.050000190734863,-67.906158,2019-11-17,0.9529240131378174,1,59232800.646132
15.472845077514648,73.857667,11.640000343322754,-70.477043,2019-11-17,0.9684100151062012,1,59232800.637866
15.472843170166016,73.871904,2.7300000190734863,-10.892905235290527,2019-11-17,0.9608410000801086,3,59232800.456022
15.472524642944336,73.864266,7.03000020980835,-15.862386703491211,2019-11-17,0.9648020267486572,2,59232800.427098
15.471613883972168,73.856706,4.079999923706055,-75.09185028076172,2019-11-17,0.9588119983673096,1,59232800.613068
15.47160816192627,73.870934,4.300000190734863,-4.258434772491455,2019-11-17,0.9514999985694885,3,59232800.43123
15.471196174621582,73.87061309814453,5.679999828338623,-2.0433011054992676,2019-11-17,0.950963020324707,3,59232800.422966
15.4708890914917,73.84874725341797,10.289999961853027,-74.603233,2019-11-17,0.9536340236663818,0,59232800.575871
15.470379829406738,73.855739,6.139999866485596,-75.131851,2019-11-17,0.9727500081062317,1,59232800.58827
15.469966888427734,73.855414,12.050000190734863,-73.86676025390625,2019-11-17,0.9519640207290649,1,59232800.580004
15.469244003295898,73.847461,12.649999618530273,-74.115501,2019-11-17,0.9743480086326599,0,59232800.542807
15.46914291381836,73.854767,5.949999809265137,-59.077964782714844,2019-11-17,0.9532549977302551,1,59232800.563472
15.468008995056152,73.846493,22.90999984741211,-78.690659,2019-11-17,0.9581530094146729,0,59232800.518009
15.46749496459961,73.85346984863281,4.940000057220459,-36.172393798828125,2019-11-17,0.9548900127410889,1,59232800.530408
15.466670989990234,73.852821,10.550000190734863,-28.368852615356445,2019-11-17,0.9668430089950562,1,59232800.513876
15.466363906860352,73.845205,17.81999969482422,-77.332619,2019-11-17,0.9558860063552856,0,59232800.484946
15.466363906860352,73.874598,12.270000457763672,-22.670488357543945,2019-11-17,0.9818369746208191,5,59232800.753581
15.465951919555664,73.874276,10.550000190734863,-18.931184768676758,2019-11-17,0.9713600277900696,5,59232800.745317
15.465542793273926,73.873958,6.28000020980835,-26.664453506469727,2019-11-17,0.9716119766235352,5,59232800.737053
15.464312553405762,73.873006,14.369999885559082,-68.001228,2019-11-17,0.976622998714447,5,59232800.712259
15.463897705078125,73.843275,7.559999942779541,-74.256859,2019-11-17,0.961322009563446,0,59232800.435362
15.463902473449707,73.872684,12.15999984741211,-67.228943,2019-11-17,0.9836639761924744,5,59232800.703993
15.463484764099121,73.842949,18.940001,-72.016357,2019-11-17,0.9526050090789795,0,59232800.427098
15.463489532470703,73.872361,9.390000343322754,-61.437389,2019-11-17,0.952210009098053,5,59232800.695727
15.463072776794434,73.842624,18.979999542236328,-64.86436462402344,2019-11-17,0.9544000029563904,0,59232800.418834
15.463080406188965,73.872041,4.710000038146973,-62.406837463378906,2019-11-17,0.9809600114822388,5,59232800.687461
15.46265983581543,73.842299,4.150000095367432,-41.93765640258789,2019-11-17,0.9594129920005798,0,59232800.41057
15.462667465209961,73.871714,7.110000133514404,-51.67710494995117,2019-11-17,0.9837790131568909,5,59232800.679195
15.461840629577637,73.871059,4.449999809265137,-21.613117218017578,2019-11-17,0.9540519714355469,5,59232800.662663
15.46142864227295,73.87073516845703,6.400000095367432,-17.332048416137695,2019-11-17,0.9502459764480591,5,59232800.654397
15.461017608642578,73.870411,6.059999942779541,-14.48989200592041,2019-11-17,0.9801779985427856,5,59232800.646131
15.460195541381836,73.869772,6.25,-26.349071502685547,2019-11-17,0.9779829978942871,5,59232800.629599
15.459376335144043,73.869136,6.659999847412109,-47.223942,2019-11-17,0.951196014881134,5,59232800.613067
15.458965301513672,73.868813,12.050000190734863,-50.46501541137695,2019-11-17,0.9776650071144104,5,59232800.604801
15.458553314208984,73.86849212646484,9.199999809265137,-43.911831,2019-11-17,0.9844849705696106,5,59232800.596535
15.458141326904297,73.868165,8.1899995803833,-37.50177764892578,2019-11-17,0.9512109756469727,5,59232800.588269
15.45772933959961,73.867839,6.360000133514404,-24.753639,2019-11-17,0.9805560111999512,5,59232800.580003
15.457317352294922,73.867514,5.840000152587891,-17.677473068237305,2019-11-17,0.9736829996109009,5,59232800.571737
15.45690631866455,73.867193,4.489999771118164,-18.722572326660156,2019-11-17,0.9534689784049988,5,59232800.563471
15.456494331359863,73.86686706542969,3.509999990463257,-16.04969024658203,2019-11-17,0.953482985496521,5,59232800.555205
15.456304550170898,73.87409973144531,5.010000228881836,-80.510109,2019-11-17,0.9733780026435852,6,59232800.575871
15.45608139038086,73.866542,15.1899995803833,-12.652742385864258,2019-11-17,0.952564001083374,5,59232800.546939
15.455894470214844,73.873779,2.8399999141693115,-80.387421,2019-11-17,0.9673789739608765,6,59232800.567605
15.455259323120117,73.865898,14.819999694824219,-10.80031681060791,2019-11-17,0.9505419731140137,5,59232800.530407
15.453836441040039,73.872163,13.170000076293945,-78.866989,2019-11-17,0.9756320118904114,6,59232800.526275
15.453203201293945,73.864289,19.010000228881836,-20.511842727661133,2019-11-17,0.9701169729232788,5,59232800.489077
15.45301342010498,73.871516,10.550000190734863,-67.463081,2019-11-17,0.9539570212364197,6,59232800.509743
15.450738906860352,73.862365,3.3299999237060547,-26.180805206298828,2019-11-17,0.9542710185050964,5,59232800.439493
15.53601360321045,73.80305480957031,16.290001,-17.38132667541504,2020-02-10,0.9552760124206543,5,66542674.022246
15.536219596862793,73.87372589111328,13.5600004196167,-81.24679565429688,2020-02-25,0.9592130184173584,6,67902603.880421
15.535602569580078,73.802735,15.579999923706055,-23.069955825805664,2020-02-10,0.9821280241012573,5,66542674.013982
15.536025047302246,73.858395,8.869999885559082,-54.313049,2020-02-25,0.9575340151786804,3,67902603.421758
15.536009788513184,73.866197,12.399999618530273,-76.737762,2020-02-25,0.9513239860534668,5,67902603.851497
15.535694122314453,73.836499,15.579999923706055,-58.850006103515625,2020-02-25,0.9583600163459778,0,67902603.574653
15.53519058227539,73.802417,16.329999923706055,-35.970455169677734,2020-02-10,0.9798660278320312,5,66542674.005718
15.535388946533203,73.810007,6.099999904632568,-14.10250473022461,2020-02-10,0.9587550163269043,6,66542674.034642
15.535613059997559,73.858072,12.65999984741211,-50.64863967895508,2020-02-25,0.9698569774627686,3,67902603.413492
15.535598754882812,73.86587524414062,13.899999618530273,-75.284309,2020-02-25,0.9578779935836792,5,67902603.843233
15.534977912902832,73.809686,7.449999809265137,-19.13118553161621,2020-02-10,0.953944981098175,6,66542674.026378
15.535282135009766,73.836177,12.920000076293945,-46.749385833740234,2020-02-25,0.9579439759254456,0,67902603.566389
15.535200119018555,73.857749,10.109999656677246,-41.951141,2020-02-25,0.9648900032043457,3,67902603.405226
15.53477954864502,73.802099,14.529999732971191,-45.719547271728516,2020-02-10,0.9862030148506165,5,66542673.997454
15.535188674926758,73.865554,13.029999732971191,-73.867554,2020-02-25,0.9869179725646973,5,67902603.834969
15.534565925598145,73.809369,5.050000190734863,-32.795769,2020-02-10,0.9530280232429504,6,66542674.018114
15.534367561340332,73.801781,14.489999771118164,-59.701759,2020-02-10,0.9552140235900879,5,66542673.98919
15.534459114074707,73.835534,10.069999694824219,-31.70284652709961,2020-02-25,0.9524160027503967,0,67902603.549861
15.534777641296387,73.865232,14.380000114440918,-65.868462,2020-02-25,0.985863983631134,5,67902603.826705
15.534149169921875,73.793746,8.270000457763672,-4.853607177734375,2020-02-10,0.9573990106582642,3,66542673.55119
15.534154891967773,73.80905151367188,11.229999542236328,-48.06745529174805,2020-02-10,0.9636650085449219,6,66542674.00985
15.53437614440918,73.857102,12.279999732971191,-29.008838653564453,2020-02-25,0.9723479747772217,3,67902603.388694
15.534366607666016,73.864911,13.5600004196167,-64.187599,2020-02-25,0.9827190041542053,5,67902603.818441
15.533846855163574,73.786047,8.390000343322754,-30.376117706298828,2020-02-10,0.9704890251159668,2,66542673.522259
15.533955574035645,73.801462,10.449999809265137,-64.61526489257812,2020-02-10,0.9606969952583313,5,66542673.980926
15.534168243408203,73.872118,5.650000095367432,-81.288353,2020-02-25,0.9500669836997986,6,67902603.839101
15.533743858337402,73.808732,13.670000076293945,-61.82356262207031,2020-02-10,0.9592310190200806,6,66542674.001586
15.533966064453125,73.856779,13.289999961853027,-35.337742,2020-02-25,0.9702690243721008,3,67902603.380428
15.533956527709961,73.864589,14.720000267028809,-67.717972,2020-02-25,0.9775050282478333,5,67902603.810177
15.533544540405273,73.801141,8.609999656677246,-66.000648,2020-02-10,0.9862059950828552,5,66542673.972662
15.533637046813965,73.83489227294922,13.59000015258789,-26.468923568725586,2020-02-25,0.9568979740142822,0,67902603.533333
15.533539772033691,73.842204,25.700001,-79.678177,2020-02-25,0.9675620198249817,1,67902603.553993
15.533757209777832,73.87179565429688,10.1899995803833,-81.209358,2020-02-25,0.9817870259284973,6,67902603.830837
15.533025741577148,73.785398,13.100000381469727,-22.337543487548828,2020-02-10,0.9686669707298279,2,66542673.505727
15.533331871032715,73.808414,9.510000228881836,-68.191559,2020-02-10,0.9514300227165222,6,66542673.993322
15.533557891845703,73.856457,9.4399995803833,-52.858372,2020-02-25,0.9627959728240967,3,67902603.372162
15.533548355102539,73.864268,13.449999809265137,-72.87623596191406,2020-02-25,0.954505980014801,5,67902603.801913
15.532920837402344,73.808093,10.289999961853027,-72.235229,2020-02-10,0.9504870176315308,6,66542673.985058
15.533127784729004,73.841882,22.510000228881836,-72.395767,2020-02-25,0.9672620296478271,1,67902603.545729
15.533248901367188,73.848811,2.619999885559082,-82.464317,2020-02-25,0.9565780162811279,2,67902603.343231
15.533347129821777,73.871474,15.84000015258789,-80.95314025878906,2020-02-25,0.9861770272254944,6,67902603.822573
15.532723426818848,73.800492,9.8100004196167,-49.62169647216797,2020-02-10,0.9820759892463684,5,66542673.956134
15.533151626586914,73.856134,3.440000057220459,-73.478241,2020-02-25,0.9699090123176575,3,67902603.363896
15.533138275146484,73.863946,18.350000381469727,-78.990387,2020-02-25,0.9752359986305237,5,67902603.793649
15.532506942749023,73.7924575805664,18.649999618530273,-23.217489,2020-02-10,0.959634006023407,3,66542673.518126
15.53273868560791,73.855811,16.969999,-78.80038452148438,2020-02-25,0.9660080075263977,3,67902603.35563
15.532936096191406,73.871152,17.639999,-81.435204,2020-02-25,0.9663069844245911,6,67902603.814309
15.532312393188477,73.800169,7.0,-42.084327697753906,2020-02-10,0.9544910192489624,5,66542673.94787
15.53272819519043,73.8636245727539,20.56999969482422,-80.094994,2020-02-25,0.9571620225906372,5,67902603.785385
15.532238006591797,73.815238,9.850000381469727,-30.2115478515625,2020-02-10,0.980629026889801,8,66542674.398268
15.532526969909668,73.870831,9.359999656677246,-81.283508,2020-02-25,0.9641789793968201,6,67902603.806045
15.531685829162598,73.791816,16.809999,-20.058048248291016,2020-02-10,0.9579769968986511,3,66542673.501594
15.531901359558105,73.799845,8.800000190734863,-38.229976654052734,2020-02-10,0.9778130054473877,5,66542673.939606
15.531826972961426,73.814914,8.5,-24.21383285522461,2020-02-10,0.9889019727706909,8,66542674.390002
15.531685829162598,73.807132,2.5799999237060547,-79.73567962646484,2020-02-10,0.9577479958534241,6,66542673.960266
15.531895637512207,73.840916,10.600000381469727,-55.294105529785156,2020-02-25,0.9710270166397095,1,67902603.520937
15.531909942626953,73.862982,2.509999990463257,-82.40314483642578,2020-02-25,0.9580910205841064,5,67902603.768857
15.531275749206543,73.791494,8.460000038146973,-14.526541709899902,2020-02-10,0.9518719911575317,3,66542673.493328
15.53158187866211,73.83328247070312,13.479999542236328,-16.884359,2020-02-25,0.9679639935493469,0,67902603.492013
15.531707763671875,73.870188,2.5399999618530273,-81.591476,2020-02-25,0.9605309963226318,6,67902603.789517
15.531078338623047,73.799199,11.680000305175781,-32.485142,2020-02-10,0.9874150156974792,5,66542673.923078
15.531484603881836,73.840593,20.260000228881836,-64.74911499023438,2020-02-25,0.9675859808921814,1,67902603.512673
15.530863761901855,73.806483,17.899999618530273,-78.65652465820312,2020-02-10,0.9777010083198547,6,66542673.943738
15.531005859375,73.814268,6.889999866485596,-18.205135345458984,2020-02-10,0.9846190214157104,8,66542674.37347
15.531170845031738,73.832957,14.380000114440918,-15.696489334106445,2020-02-25,0.9509620070457458,0,67902603.483749
15.530667304992676,73.798875,8.979999542236328,-22.84960174560547,2020-02-10,0.9531559944152832,5,66542673.914814
15.530452728271484,73.806161,21.079999923706055,-80.11116027832031,2020-02-10,0.9535199999809265,6,66542673.935474
15.530594825744629,73.813946,6.099999904632568,-19.343847274780273,2020-02-10,0.9556000232696533,8,66542674.365204
15.53056526184082,73.821292,9.880000114440918,-31.178379,2020-02-10,0.9502440094947815,11,66542674.385869
15.530781745910645,73.846872,2.619999885559082,-82.632042,2020-02-25,0.9572439789772034,2,67902603.293635
15.530256271362305,73.798552,12.319999694824219,-20.786008834838867,2020-02-10,0.9539030194282532,5,66542673.90655
15.530349731445312,73.832312,7.820000171661377,-15.258840560913086,2020-02-25,0.9637110233306885,0,67902603.467221
15.530155181884766,73.820969,14.529999732971191,-33.468971,2020-02-10,0.9750679731369019,11,66542674.377603
15.53027057647705,73.861697,2.6600000858306885,-82.42897033691406,2020-02-25,0.9506580233573914,5,67902603.735801
15.529773712158203,73.813299,8.979999542236328,-15.315694808959961,2020-02-10,0.9860209822654724,8,66542674.348674
15.529938697814941,73.83199310302734,10.710000038146973,-15.676172256469727,2020-02-25,0.9513499736785889,0,67902603.458955
15.529629707336426,73.805522,5.130000114440918,-80.289299,2020-02-10,0.9560199975967407,6,66542673.918946
15.529744148254395,73.820647,14.680000305175781,-36.44804382324219,2020-02-10,0.9647600054740906,11,66542674.369337
15.529842376708984,73.839304,19.93000030517578,-63.676963806152344,2020-02-25,0.9617199897766113,1,67902603.479617
15.52985954284668,73.861375,7.260000228881836,-82.23440551757812,2020-02-25,0.9504740238189697,5,67902603.727537
15.529362678527832,73.812977,5.730000019073486,-12.585119247436523,2020-02-10,0.9503369927406311,8,66542674.34041
15.529217720031738,73.805201,2.4700000286102295,-80.56631469726562,2020-02-10,0.9500120282173157,6,66542673.910682
15.529332160949707,73.820328,11.270000457763672,-44.32876968383789,2020-02-10,0.9664689898490906,11,66542674.361071
15.529450416564941,73.861054,6.329999923706055,-82.022179,2020-02-25,0.9651250243186951,5,67902603.719273
15.528951644897461,73.812656,4.639999866485596,-17.503141403198242,2020-02-10,0.9721890091896057,8,66542674.332146
15.52892017364502,73.820008,18.950001,-60.562252044677734,2020-02-10,0.9814919829368591,11,66542674.352806
15.5291166305542,73.83134460449219,11.079999923706055,-17.19270133972168,2020-02-25,0.968388020992279,0,67902603.442423
15.529017448425293,73.83866119384766,8.050000190734863,-28.931928634643555,2020-02-25,0.9541260004043579,1,67902603.463088
15.528510093688965,73.781855,6.139999866485596,-14.106184005737305,2020-02-10,0.9697790145874023,2,66542673.414801
15.528610229492188,73.797266,6.590000152587891,-20.340084075927734,2020-02-10,0.9566019773483276,5,66542673.873494
15.528806686401367,73.804879,2.5,-80.68661499023438,2020-02-10,0.9569799900054932,6,66542673.902418
15.52839469909668,73.804557,2.5,-80.702377,2020-02-10,0.9582250118255615,6,66542673.894154
15.528539657592773,73.812337,7.0,-32.846329,2020-02-10,0.977528989315033,8,66542674.323882
15.528509140014648,73.819686,13.960000038146973,-57.81830978393555,2020-02-10,0.956728994846344,11,66542674.344542
15.528837203979492,73.867938,11.720000267028809,-81.42023468017578,2020-02-25,0.9746299982070923,6,67902603.731669
15.528294563293457,73.830699,11.270000457763672,-20.58977699279785,2020-02-25,0.9602550268173218,0,67902603.425891
15.527983665466309,73.804235,2.4700000286102295,-80.864014,2020-02-10,0.9562829732894897,6,66542673.88589
15.528127670288086,73.812018,7.340000152587891,-44.567283630371094,2020-02-10,0.9731230139732361,8,66542674.315618
15.528098106384277,73.819363,13.59000015258789,-56.959529876708984,2020-02-10,0.9902639985084534,11,66542674.336278
15.528306007385254,73.844933,12.579999923706055,-54.098598,2020-02-25,0.9690110087394714,2,67902603.244039
15.528221130371094,73.86009216308594,2.4700000286102295,-81.932159,2020-02-25,0.9916329979896545,5,67902603.694481
15.528427124023438,73.867617,15.279999732971191,-81.37968444824219,2020-02-25,0.9692230224609375,6,67902603.723405
15.527787208557129,73.796623,10.890000343322754,-27.585630416870117,2020-02-10,0.9581800103187561,5,66542673.856966
15.527715682983398,73.811697,14.979999542236328,-57.48382568359375,2020-02-10,0.9839500188827515,8,66542674.307354
15.527687072753906,73.819041,18.5,-60.39219665527344,2020-02-10,0.9854549765586853,11,66542674.328014
15.52778434753418,73.837692,4.53000020980835,-24.502399,2020-02-25,0.965487003326416,1,67902603.43829
15.527894020080566,73.84461212158203,8.6899995803833,-44.399639,2020-02-25,0.9619939923286438,2,67902603.235774
15.527376174926758,73.796301,7.940000057220459,-24.53493309020996,2020-02-10,0.9533920288085938,5,66542673.848702
15.527304649353027,73.811377,18.010000228881836,-69.26749420166016,2020-02-10,0.988681972026825,8,66542674.29909
15.526965141296387,73.795979,11.609999656677246,-28.32470703125,2020-02-10,0.951786994934082,5,66542673.840438
15.52716064453125,73.803591,2.4700000286102295,-80.851723,2020-02-10,0.9562889933586121,6,66542673.869362
15.527276039123535,73.81871795654297,15.869999885559082,-61.423161,2020-02-10,0.9835990071296692,11,66542674.31975
15.526893615722656,73.811053,20.0,-64.794243,2020-02-10,0.9627659916877747,8,66542674.290826
15.52686595916748,73.818397,19.059999,-64.242188,2020-02-10,0.9848150014877319,11,66542674.311486
15.526961326599121,73.837046,11.649999618530273,-27.456851959228516,2020-02-25,0.9799460172653198,1,67902603.421758
15.527068138122559,73.843965,9.020000457763672,-30.89255714416504,2020-02-25,0.9730479717254639,2,67902603.219246
15.5265531539917,73.795658,6.139999866485596,-24.092421,2020-02-10,0.9608049988746643,5,66542673.832174
15.52699089050293,73.859126,2.4700000286102295,-82.002647,2020-02-25,0.9903349876403809,5,67902603.669689
15.527134895324707,73.874236,2.319999933242798,-81.39120483398438,2020-02-25,0.984250009059906,8,67902604.120077
15.526482582092285,73.810733,12.5,-64.99415588378906,2020-02-10,0.9780269861221313,8,66542674.282562
15.526653289794922,73.829407,6.960000038146973,-27.881389617919922,2020-02-25,0.9554669857025146,0,67902603.392827
15.526657104492188,73.843642,9.890000343322754,-31.797048568725586,2020-02-25,0.973235011100769,2,67902603.210982
15.52672290802002,73.873912,9.029999732971191,-81.3928451538086,2020-02-25,0.983581006526947,8,67902604.111813
15.526580810546875,73.858804,2.509999990463257,-82.0110855102539,2020-02-25,0.9934340119361877,5,67902603.661425
15.526071548461914,73.81040954589844,16.59000015258789,-67.52857971191406,2020-02-10,0.9816280007362366,8,66542674.274298
15.526042938232422,73.817754,15.760000228881836,-66.959358,2020-02-10,0.9597309827804565,11,66542674.294958
15.52617073059082,73.858483,2.4700000286102295,-81.95392608642578,2020-02-25,0.9923890233039856,5,67902603.653161
15.526310920715332,73.873589,8.90999984741211,-81.287666,2020-02-25,0.9767929911613464,8,67902604.103549
15.52566146850586,73.810089,18.649999618530273,-71.111816,2020-02-10,0.9581890106201172,8,66542674.266034
15.52563190460205,73.817433,16.510000228881836,-72.074112,2020-02-10,0.9831680059432983,11,66542674.286694
15.525832176208496,73.842997,12.020000457763672,-23.707701,2020-02-25,0.9735950231552124,2,67902603.194454
15.525760650634766,73.858161,6.480000019073486,-80.808617,2020-02-25,0.9519150257110596,5,67902603.644897
15.525968551635742,73.865689,2.4700000286102295,-81.483742,2020-02-25,0.9736930131912231,6,67902603.673821
15.525897979736328,73.873266,13.300000190734863,-80.07707977294922,2020-02-25,0.9623349905014038,8,67902604.095285
15.525103569030762,73.801982,2.5,-80.34473419189453,2020-02-10,0.9514570236206055,6,66542673.828042
15.52522087097168,73.817112,13.59000015258789,-73.123596,2020-02-10,0.9630749821662903,11,66542674.27843
15.525349617004395,73.85784149169922,14.3100004196167,-81.200989,2020-02-25,0.962723970413208,5,67902603.636633
15.52548599243164,73.872943,16.629999,-79.332047,2020-02-25,0.9873530268669128,8,67902604.087021
15.524909019470215,73.79437255859375,2.5799999237060547,-15.846485137939453,2020-02-10,0.9547290205955505,5,66542673.799118
15.525009155273438,73.842353,23.0,-35.7113037109375,2020-02-25,0.9701169729232788,2,67902603.177926
15.525148391723633,73.865046,8.989999771118164,-81.237442,2020-02-25,0.983322024345398,6,67902603.657293
15.524497985839844,73.794048,3.4800000190734863,-16.579946517944336,2020-02-10,0.9513720273971558,5,66542673.790854
15.524694442749023,73.801654,18.09000015258789,-77.346451,2020-02-10,0.9586780071258545,6,66542673.819778
15.524809837341309,73.816791,9.8100004196167,-73.761612,2020-02-10,0.9535509943962097,11,66542674.270166
15.52492618560791,73.849674,2.6600000858306885,-82.581841,2020-02-25,0.9734050035476685,3,67902603.198586
15.525073051452637,73.872619,23.079999923706055,-67.90036010742188,2020-02-25,0.9840739965438843,8,67902604.078757
15.524295806884766,73.786035,12.390000343322754,-66.864502,2020-02-10,0.9722989797592163,3,66542673.352807
15.524283409118652,73.801333,18.420000076293945,-77.780128,2020-02-10,0.9587709903717041,6,66542673.811514
15.524399757385254,73.816467,15.729999542236328,-73.848846,2020-02-10,0.9813569784164429,11,66542674.261902
15.5246000289917,73.842031,16.520000457763672,-48.89010238647461,2020-02-25,0.9720190167427063,2,67902603.169662
15.524738311767578,73.864724,13.710000038146973,-80.51309967041016,2020-02-25,0.9931460022926331,6,67902603.649029
15.52466106414795,73.872296,13.5600004196167,-60.602989,2020-02-25,0.9507399797439575,8,67902604.070493
15.524531364440918,73.857197,2.430000066757202,-81.584709,2020-02-25,0.9897249937057495,5,67902603.620105
15.523872375488281,73.801012,9.359999656677246,-73.741707,2020-02-10,0.9565749764442444,6,66542673.80325
15.523988723754883,73.816146,13.670000076293945,-72.84119415283203,2020-02-10,0.9593769907951355,11,66542674.253638
15.524185180664062,73.827468,11.800000190734863,-27.234411239624023,2020-02-25,0.9581890106201172,0,67902603.343231
15.52408218383789,73.834786,14.979999542236328,-19.918041229248047,2020-02-25,0.9568420052528381,1,67902603.363896
15.524192810058594,73.841709,11.609999656677246,-64.93358612060547,2020-02-25,0.9642930030822754,2,67902603.161398
15.524328231811523,73.864403,10.5600004196167,-81.22064971923828,2020-02-25,0.9772899746894836,6,67902603.640765
15.524249076843262,73.871973,18.799999,-69.140518,2020-02-25,0.9814059734344482,8,67902604.062229
15.523675918579102,73.793406,7.039999961853027,-26.463226318359375,2020-02-10,0.9688559770584106,5,66542673.774326
15.523774147033691,73.827145,10.34000015258789,-29.119468688964844,2020-02-25,0.9603080153465271,0,67902603.334965
15.524121284484863,73.856875,2.4700000286102295,-81.583427,2020-02-25,0.9739120006561279,5,67902603.611841
15.52346134185791,73.800693,6.139999866485596,-76.654129,2020-02-10,0.9630140066146851,6,66542673.794986
15.523577690124512,73.815824,12.6899995803833,-74.16199493408203,2020-02-10,0.9743710160255432,11,66542674.245374
15.52367115020752,73.834462,13.4399995803833,-19.104032516479492,2020-02-25,0.9510729908943176,1,67902603.35563
15.523780822753906,73.841387,23.299999,-77.204826,2020-02-25,0.9652280211448669,2,67902603.153134
15.523063659667969,73.785076,3.819999933242798,-79.94520568847656,2020-02-10,0.9534620046615601,3,66542673.328015
15.523195266723633,73.808164,2.4700000286102295,-81.253342,2020-02-10,0.9506490230560303,8,66542674.21645
15.523370742797852,73.841065,12.279999732971191,-76.99744415283203,2020-02-25,0.9634640216827393,2,67902603.14487
15.523508071899414,73.86376190185547,7.039999961853027,-81.395752,2020-02-25,0.9603520035743713,6,67902603.624237
15.523050308227539,73.800371,6.619999885559082,-75.117554,2020-02-10,0.9504600167274475,6,66542673.786722
15.52316665649414,73.815502,16.59000015258789,-76.66851043701172,2020-02-10,0.9805790185928345,11,66542674.23711
15.52327823638916,73.848385,9.0600004196167,-78.288673,2020-02-25,0.9660300016403198,3,67902603.16553
15.523300170898438,73.856232,2.7300000190734863,-81.55685424804688,2020-02-25,0.9879050254821777,5,67902603.595313
15.52285385131836,73.792768,10.819999694824219,-48.400398,2020-02-10,0.9503669738769531,5,66542673.757798
15.522957801818848,73.840743,15.430000305175781,-73.440567,2020-02-25,0.9509980082511902,2,67902603.136606
15.52309799194336,73.863438,4.679999828338623,-76.01729583740234,2020-02-25,0.9658660292625427,6,67902603.615973
15.522442817687988,73.79244995117188,15.09000015258789,-62.35111618041992,2020-02-10,0.9565039873123169,5,66542673.749534
15.522640228271484,73.800045,16.209999,-72.09552001953125,2020-02-10,0.9538660049438477,6,66542673.778458
15.52275562286377,73.815181,11.489999771118164,-77.52033996582031,2020-02-10,0.9629939794540405,11,66542674.228846
15.522863388061523,73.848062,23.81999969482422,-72.944351,2020-02-25,0.9660450220108032,3,67902603.157266
15.522889137268066,73.85591125488281,15.470000267028809,-81.486969,2020-02-25,0.9663329720497131,5,67902603.587049
15.523014068603516,73.871003,10.970000267028809,-74.98057556152344,2020-02-25,0.9798790216445923,8,67902604.037437
15.522242546081543,73.784428,18.5,-78.592484,2020-02-10,0.957410991191864,3,66542673.311487
15.522345542907715,73.814858,14.710000038146973,-78.482712,2020-02-10,0.9713749885559082,11,66542674.220582
15.522439002990723,73.833493,8.199999809265137,-24.219135284423828,2020-02-25,0.9549940228462219,1,67902603.330832
15.52254581451416,73.840421,17.639999,-73.8554458618164,2020-02-25,0.9685860276222229,2,67902603.128342
15.522686958312988,73.863117,14.609999656677246,-81.41141510009766,2020-02-25,0.9623209834098816,6,67902603.607709
15.522229194641113,73.799723,18.049999,-71.035454,2020-02-10,0.9536449909210205,6,66542673.770194
15.52245044708252,73.84774017333984,17.870001,-61.534351,2020-02-25,0.9588770270347595,3,67902603.149002
15.522479057312012,73.855588,13.859999656677246,-81.34280395507812,2020-02-25,0.9556670188903809,5,67902603.578785
15.522602081298828,73.87068176269531,9.100000381469727,-76.042282,2020-02-25,0.9572110176086426,8,67902604.029173
15.521819114685059,73.79940032958984,14.300000190734863,-64.125839,2020-02-10,0.9605420231819153,6,66542673.76193
15.52193546295166,73.814536,17.670000076293945,-79.222679,2020-02-10,0.9551950097084045,11,66542674.212318
15.522130012512207,73.825852,13.329999923706055,-39.63043975830078,2020-02-25,0.9617660045623779,0,67902603.301901
15.522038459777832,73.847418,9.359999656677246,-51.70271301269531,2020-02-25,0.968559980392456,3,67902603.140738
15.522276878356934,73.862795,14.270000457763672,-81.37734985351562,2020-02-25,0.9635710120201111,6,67902603.599445
15.52219009399414,73.870357,13.300000190734863,-76.257942,2020-02-25,0.955482006072998,8,67902604.020909
15.52206802368164,73.855266,15.619999885559082,-81.28816986083984,2020-02-25,0.9537739753723145,5,67902603.570521
15.521408081054688,73.799077,14.640000343322754,-58.799549,2020-02-10,0.9564149975776672,6,66542673.753666
15.521615028381348,73.832846,13.180000305175781,-24.13088035583496,2020-02-25,0.9520120024681091,1,67902603.3143
15.521626472473145,73.847096,7.300000190734863,-45.397438049316406,2020-02-25,0.9677500128746033,3,67902603.132474
15.521657943725586,73.854944,15.84000015258789,-81.188316,2020-02-25,0.9518200159072876,5,67902603.562257
15.521866798400879,73.862473,14.979999542236328,-81.551331,2020-02-25,0.9837570190429688,6,67902603.591181
15.52177906036377,73.870034,8.649999618530273,-76.517982,2020-02-25,0.9574620127677917,8,67902604.012645
15.521307945251465,73.825205,18.950001,-50.40211486816406,2020-02-25,0.9689149856567383,0,67902603.285369
15.521456718444824,73.862151,12.510000228881836,-81.037422,2020-02-25,0.9863240122795105,6,67902603.582917
15.521011352539062,73.783465,14.710000038146973,-79.130157,2020-02-10,0.967195987701416,3,66542673.286695
15.521112442016602,73.813897,2.4700000286102295,-80.652481,2020-02-10,0.9594709873199463,11,66542674.19579
15.521203994750977,73.832523,14.1899995803833,-21.75643539428711,2020-02-25,0.951341986656189,1,67902603.306034
15.521308898925781,73.839456,24.649999618530273,-70.0015640258789,2020-02-25,0.9668390154838562,2,67902603.10355
15.521366119384766,73.869711,17.790001,-76.505096,2020-02-25,0.9560499787330627,8,67902604.004381
15.520601272583008,73.783142,19.170000076293945,-79.2796859741211,2020-02-10,0.9700949788093567,3,66542673.278431
15.52079963684082,73.791173,2.5,-81.14159393310547,2020-02-10,0.95803302526474,5,66542673.716478
15.520730972290039,73.806232,2.390000104904175,-81.14039611816406,2020-02-10,0.9557570219039917,8,66542674.166866
15.52089786529541,73.8391342163086,21.200001,-72.002083,2020-02-25,0.9672399759292603,2,67902603.095286
15.521045684814453,73.86183166503906,15.65999984741211,-81.259399,2020-02-25,0.9640129804611206,6,67902603.574653
15.520389556884766,73.790851,2.5399999618530273,-81.11837005615234,2020-02-10,0.979200005531311,5,66542673.708214
15.520587921142578,73.79843139648438,10.819999694824219,-43.170238,2020-02-10,0.9528480172157288,6,66542673.737138
15.520702362060547,73.813575,2.390000104904175,-80.919159,2020-02-10,0.9551569819450378,11,66542674.187526
15.520806312561035,73.846453,10.449999809265137,-71.65217590332031,2020-02-25,0.9680780172348022,3,67902603.115946
15.52083683013916,73.85430145263672,15.6899995803833,-81.031837,2020-02-25,0.9592009782791138,5,67902603.545729
15.520955085754395,73.869388,11.989999771118164,-76.241364,2020-02-25,0.9642289876937866,8,67902603.996117
15.520190238952637,73.782822,13.289999961853027,-78.787209,2020-02-10,0.9724739789962769,3,66542673.270167
15.520291328430176,73.813254,2.390000104904175,-81.10675048828125,2020-02-10,0.9567130208015442,11,66542674.179262
15.520486831665039,73.824559,23.260000228881836,-69.479713,2020-02-25,0.9656779766082764,0,67902603.268837
15.520380973815918,73.831877,13.520000457763672,-21.340782165527344,2020-02-25,0.9764329791069031,1,67902603.289502
15.520487785339355,73.838813,20.40999984741211,-75.64081573486328,2020-02-25,0.9816420078277588,2,67902603.087022
15.520635604858398,73.861508,14.050000190734863,-81.395119,2020-02-25,0.9676179885864258,6,67902603.566389
15.520177841186523,73.798108,9.65999984741211,-39.618961,2020-02-10,0.9595980048179626,6,66542673.728874
15.520394325256348,73.846131,21.389999,-78.691139,2020-02-25,0.9642120003700256,3,67902603.107682
15.520425796508789,73.853978,15.130000114440918,-81.36540985107422,2020-02-25,0.9670469760894775,5,67902603.537465
15.520544052124023,73.869065,5.170000076293945,-76.46905517578125,2020-02-25,0.9576560258865356,8,67902603.987853
15.519780158996582,73.782502,8.760000228881836,-79.606987,2020-02-10,0.970412015914917,3,66542673.261903
15.519766807556152,73.797787,8.050000190734863,-37.46357345581055,2020-02-10,0.9600890278816223,6,66542673.72061
15.519881248474121,73.812932,2.319999933242798,-81.256859,2020-02-10,0.9534810185432434,11,66542674.170998
15.520076751708984,73.824235,16.440001,-69.726562,2020-02-25,0.969959020614624,0,67902603.260571
15.519969940185547,73.831554,14.529999732971191,-24.04484748840332,2020-02-25,0.9642940163612366,1,67902603.281236
15.520225524902344,73.861186,13.449999809265137,-81.30241394042969,2020-02-25,0.9844509959220886,6,67902603.558125
15.52013111114502,73.868742,23.0,-76.708237,2020-02-25,0.9838749766349792,8,67902603.979589
15.519664764404297,73.823912,20.379999,-72.67943572998047,2020-02-25,0.9520249962806702,0,67902603.252305
15.519984245300293,73.84580993652344,15.279999732971191,-81.7168960571289,2020-02-25,0.9686229825019836,3,67902603.099418
15.520015716552734,73.853656,15.729999542236328,-81.408508,2020-02-25,0.9678530097007751,5,67902603.529201
15.519558906555176,73.831231,12.359999656677246,-24.428163528442383,2020-02-25,0.9542859792709351,1,67902603.27297
15.519660949707031,73.838169,18.5,-56.50948715209961,2020-02-25,0.9612089991569519,2,67902603.070494
15.519573211669922,73.845488,11.119999885559082,-82.048233,2020-02-25,0.9724649786949158,3,67902603.091154
15.519604682922363,73.853334,14.460000038146973,-81.420883,2020-02-25,0.9828649759292603,5,67902603.520937
15.519815444946289,73.860864,14.609999656677246,-81.34859466552734,2020-02-25,0.9662789702415466,6,67902603.549861
15.519405364990234,73.860542,15.170000076293945,-81.471184,2020-02-25,0.9839109778404236,6,67902603.541597
15.519247055053711,73.837848,19.65999984741211,-44.423481,2020-02-25,0.9523749947547913,2,67902603.06223
15.519161224365234,73.845167,13.0,-82.277206,2020-02-25,0.9689379930496216,3,67902603.08289
15.519194602966309,73.853012,11.720000267028809,-81.432114,2020-02-25,0.9777529835700989,5,67902603.512673
15.519309043884277,73.868097,15.960000038146973,-80.64352416992188,2020-02-25,0.9837570190429688,8,67902603.963061
15.518749237060547,73.789564,6.849999904632568,-79.461319,2020-02-10,0.952081024646759,5,66542673.675158
15.518834114074707,73.837526,17.639999,-31.8651123046875,2020-02-25,0.9650920033454895,2,67902603.053966
15.518994331359863,73.86022186279297,14.229999542236328,-81.388573,2020-02-25,0.9587540030479431,6,67902603.533333
15.518749237060547,73.844845,12.210000038146973,-80.047791,2020-02-25,0.963513970375061,3,67902603.074626
15.51878547668457,73.85269165039062,10.0,-81.226448,2020-02-25,0.9821280241012573,5,67902603.504409
15.518898963928223,73.8677749633789,2.430000066757202,-81.341347,2020-02-25,0.9868040084838867,8,67902603.954797
15.518339157104492,73.789242,8.649999618530273,-79.71998596191406,2020-02-10,0.9673879742622375,5,66542673.666894
15.518271446228027,73.804297,15.949999809265137,-77.023323,2020-02-10,0.9580609798431396,8,66542674.117282
15.51823902130127,73.811645,2.799999952316284,-81.2790298461914,2020-02-10,0.9556159973144531,11,66542674.137942
15.518430709838867,73.822944,22.290001,-72.664108,2020-02-25,0.9664620161056519,0,67902603.22751
15.518421173095703,73.837205,13.779999732971191,-21.738027572631836,2020-02-25,0.954200029373169,2,67902603.045702
15.518584251403809,73.859898,14.050000190734863,-81.293533,2020-02-25,0.9775859713554382,6,67902603.525069
15.518336296081543,73.844523,16.219999,-75.339127,2020-02-25,0.9695010185241699,3,67902603.066362
15.5183744430542,73.852367,10.819999694824219,-81.22513580322266,2020-02-25,0.9808040261268616,5,67902603.496145
15.518487930297852,73.867452,5.989999771118164,-80.90839385986328,2020-02-25,0.9745969772338867,8,67902603.946533
15.517715454101562,73.796187,16.959999,-71.9883041381836,2020-02-10,0.9511399865150452,6,66542673.67929
15.517860412597656,73.803977,11.760000228881836,-79.64225006103516,2020-02-10,0.9548889994621277,8,66542674.109018
15.517828941345215,73.811322,7.070000171661377,-81.225281,2020-02-10,0.9833089709281921,11,66542674.129678
15.51801872253418,73.822622,27.010000228881836,-74.915749,2020-02-25,0.9587860107421875,0,67902603.219246
15.518009185791016,73.836883,15.770000457763672,-19.828676223754883,2020-02-25,0.9776750206947327,2,67902603.037438
15.518173217773438,73.859575,13.149999618530273,-81.073967,2020-02-25,0.9867119789123535,6,67902603.516805
15.51807689666748,73.86712646484375,6.210000038146973,-81.032494,2020-02-25,0.975337028503418,8,67902603.938269
15.517963409423828,73.852045,10.640000343322754,-80.427437,2020-02-25,0.9881290197372437,5,67902603.487881
15.517448425292969,73.803658,2.990000009536743,-79.96376037597656,2020-02-10,0.959617018699646,8,66542674.100754
15.51741886138916,73.81099700927734,3.6700000762939453,-77.235008,2020-02-10,0.9550729990005493,11,66542674.121414
15.517607688903809,73.822299,22.889999,-75.388382,2020-02-25,0.9536759853363037,0,67902603.210982
15.517499923706055,73.829616,15.579999923706055,-22.295401,2020-02-25,0.9518579840660095,1,67902603.231642
15.517552375793457,73.851723,12.130000114440918,-81.192047,2020-02-25,0.9817370176315308,5,67902603.479617
15.517763137817383,73.859253,4.599999904632568,-73.001518,2020-02-25,0.9665129780769348,6,67902603.508541
15.517107963562012,73.788278,4.230000019073486,-79.102928,2020-02-10,0.9582160115242004,5,66542673.642102
15.517195701599121,73.82197570800781,16.030001,-69.690231,2020-02-25,0.9747229814529419,0,67902603.202718
15.517352104187012,73.858931,10.039999961853027,-80.703163,2020-02-25,0.9572409987449646,6,67902603.500277
15.517038345336914,73.803335,8.199999809265137,-79.906113,2020-02-10,0.9561589956283569,8,66542674.09249
15.517099380493164,73.843558,13.069999694824219,-57.378849,2020-02-25,0.9818419814109802,3,67902603.04157
15.517141342163086,73.85140228271484,14.350000381469727,-81.36986541748047,2020-02-25,0.9590839743614197,5,67902603.471353
15.516698837280273,73.787953,16.209999,-76.553162,2020-02-10,0.9506570100784302,5,66542673.633838
15.51662826538086,73.803013,11.34000015258789,-80.783752,2020-02-10,0.9632189869880676,8,66542674.084226
15.51678466796875,73.821654,13.970000267028809,-67.6123046875,2020-02-25,0.9599869847297668,0,67902603.194454
15.51694107055664,73.858608,12.359999656677246,-81.009613,2020-02-25,0.9912329912185669,6,67902603.492013
15.516483306884766,73.795229,2.5399999618530273,-79.915207,2020-02-10,0.9580289721488953,6,66542673.654498
15.516597747802734,73.810357,6.25,-80.747528,2020-02-10,0.9795600175857544,11,66542674.104886
15.516684532165527,73.843236,18.200001,-46.22138977050781,2020-02-25,0.9763810038566589,3,67902603.033306
15.516730308532715,73.851078,12.359999656677246,-81.08185577392578,2020-02-25,0.9831209778785706,5,67902603.463087
15.516843795776367,73.866163,9.550000190734863,-81.40182495117188,2020-02-25,0.992251992225647,8,67902603.913477
15.516216278076172,73.802694,2.5399999618530273,-80.997437,2020-02-10,0.9688079953193665,8,66542674.075962
15.516530990600586,73.858286,8.649999618530273,-81.034027,2020-02-25,0.9754869937896729,6,67902603.483749
15.51618766784668,73.810035,2.880000114440918,-77.386879,2020-02-10,0.9569479823112488,11,66542674.096622
15.516265869140625,73.828648,15.239999771118164,-23.339309692382812,2020-02-25,0.9554970264434814,1,67902603.20685
15.516270637512207,73.842915,12.920000076293945,-30.700021743774414,2020-02-25,0.9733759760856628,3,67902603.025042
15.51632022857666,73.850755,12.8100004196167,-81.477249,2020-02-25,0.9608669877052307,5,67902603.454821
15.516432762145996,73.865841,11.869999885559082,-81.41374969482422,2020-02-25,0.9752330183982849,8,67902603.905213
15.51641845703125,73.873118,2.359999895095825,-81.82040405273438,2020-02-25,0.9656080007553101,11,67902603.925873
15.516119956970215,73.857964,9.100000381469727,-81.051247,2020-02-25,0.9785829782485962,6,67902603.475485
15.515467643737793,73.786987,15.989999771118164,-76.34041595458984,2020-02-10,0.9589369893074036,5,66542673.609046
15.515909194946289,73.850432,12.550000190734863,-80.839821,2020-02-25,0.9842979907989502,5,67902603.446555
15.516021728515625,73.865519,12.550000190734863,-81.459793,2020-02-25,0.9888920187950134,8,67902603.896949
15.516007423400879,73.872796,2.359999895095825,-81.973831,2020-02-25,0.9919559955596924,11,67902603.917609
15.515396118164062,73.80204772949219,5.690000057220459,-79.4352798461914,2020-02-10,0.9564020037651062,8,66542674.059434
15.515366554260254,73.809391,7.599999904632568,-79.68030548095703,2020-02-10,0.9517179727554321,11,66542674.080094
15.51555061340332,73.820687,19.100000381469727,-78.682999,2020-02-25,0.9656820297241211,0,67902603.169662
15.515708923339844,73.857641,10.859999656677246,-81.07612609863281,2020-02-25,0.9524109959602356,6,67902603.46722
15.515610694885254,73.865197,11.119999885559082,-81.477219,2020-02-25,0.9868699908256531,8,67902603.888685
15.515498161315918,73.85011291503906,12.8100004196167,-81.35832977294922,2020-02-25,0.9806920289993286,5,67902603.438289
15.515596389770508,73.872474,2.319999933242798,-81.974449,2020-02-25,0.9925050139427185,11,67902603.909345
15.51484203338623,73.793943,3.069999933242798,-79.632507,2020-02-10,0.9536430239677429,6,66542673.621442
15.515130996704102,73.834633,13.180000305175781,-22.45513343811035,2020-02-25,0.9582399725914001,2,67902602.97959
15.515037536621094,73.84194946289062,10.520000457763672,-30.50200653076172,2020-02-25,0.9637179970741272,3,67902603.00025
15.515087127685547,73.849787,13.40999984741211,-81.44795989990234,2020-02-25,0.9782599806785583,5,67902603.430023
15.515297889709473,73.857319,10.1899995803833,-80.982613,2020-02-25,0.9789900183677673,6,67902603.458954
15.5152006149292,73.864875,10.0,-81.38557434082031,2020-02-25,0.9887700080871582,8,67902603.880421
15.515185356140137,73.872152,2.8399999141693115,-81.933128,2020-02-25,0.9907060265541077,11,67902603.901081
15.514575004577637,73.801406,4.710000038146973,-76.353783,2020-02-10,0.9504150152206421,8,66542674.042906
15.514887809753418,73.856996,10.069999694824219,-81.1422348022461,2020-02-25,0.9813939929008484,6,67902603.450688
15.514628410339355,73.841629,16.700001,-42.09808349609375,2020-02-25,0.9619709849357605,3,67902602.991986
15.514676094055176,73.8494644165039,10.220000267028809,-80.818619,2020-02-25,0.9952600002288818,5,67902603.421757
15.514789581298828,73.864553,11.3100004196167,-81.469322,2020-02-25,0.989208996295929,8,67902603.872157
15.514775276184082,73.87183380126953,2.8399999141693115,-81.874222,2020-02-25,0.9910939931869507,11,67902603.892817
15.514237403869629,73.786027,4.300000190734863,-79.882133,2020-02-10,0.9574790000915527,5,66542673.584254
15.514476776123047,73.856673,8.6899995803833,-80.77536010742188,2020-02-25,0.9709939956665039,6,67902603.442422
15.513826370239258,73.78570556640625,2.6500000953674316,-80.093842,2020-02-10,0.9569230079650879,5,66542673.575988
15.514265060424805,73.849141,10.5600004196167,-81.319481,2020-02-25,0.9884269833564758,5,67902603.413491
15.51438045501709,73.864231,12.020000457763672,-81.483009,2020-02-25,0.9849590063095093,8,67902603.863893
15.514364242553711,73.871508,5.690000057220459,-81.902901,2020-02-25,0.9884470105171204,11,67902603.884553
15.513611793518066,73.792976,8.569999694824219,-80.192329,2020-02-10,0.9819779992103577,6,66542673.59665
15.513903617858887,73.819399,18.09000015258789,-79.45808410644531,2020-02-25,0.9566010236740112,0,67902603.136606
15.513795852661133,73.826715,16.06999969482422,-26.981929779052734,2020-02-25,0.9575030207633972,1,67902603.157266
15.514065742492676,73.856351,7.710000038146973,-81.219833,2020-02-25,0.9804030060768127,6,67902603.434156
15.513416290283203,73.785384,2.5,-79.872559,2020-02-10,0.953918993473053,5,66542673.567722
15.513854026794434,73.848818,10.069999694824219,-80.940063,2020-02-25,0.9820359945297241,5,67902603.405225
15.513969421386719,73.86390686035156,12.850000381469727,-81.544441,2020-02-25,0.9848870038986206,8,67902603.855629
15.51395320892334,73.871186,4.679999828338623,-81.89505004882812,2020-02-25,0.9879519939422607,11,67902603.876289
15.513201713562012,73.792655,8.119999885559082,-80.565941,2020-02-10,0.9628999829292297,6,66542673.588386
15.513313293457031,73.80778503417969,2.4700000286102295,-81.331429,2020-02-10,0.9712780117988586,11,66542674.038774
15.513385772705078,73.826393,18.760000228881836,-36.724628,2020-02-25,0.9551669955253601,1,67902603.149002
15.513654708862305,73.856028,5.130000114440918,-81.026459,2020-02-25,0.9897810220718384,6,67902603.42589
15.513559341430664,73.863588,12.510000228881836,-81.455269,2020-02-25,0.9827269911766052,8,67902603.847365
15.513079643249512,73.81875610351562,16.93000030517578,-79.464088,2020-02-25,0.960457980632782,0,67902603.120078
15.513543128967285,73.870864,5.090000152587891,-81.882446,2020-02-25,0.9875990152359009,11,67902603.868025
15.51290225982666,73.807463,4.940000057220459,-81.290154,2020-02-10,0.9596629738807678,11,66542674.03051
15.513242721557617,73.85570526123047,11.869999885559082,-81.642899,2020-02-25,0.9817479848861694,6,67902603.417624
15.51314926147461,73.86326599121094,10.670000076293945,-81.57815551757812,2020-02-25,0.9875659942626953,8,67902603.839101
15.513132095336914,73.870542,6.960000038146973,-81.226631,2020-02-25,0.9532700181007385,11,67902603.859761
15.512595176696777,73.784738,6.550000190734863,-79.72476959228516,2020-02-10,0.9551630020141602,5,66542673.55119
15.51267147064209,73.818434,2.430000066757202,-79.221489,2020-02-25,0.9619010090827942,0,67902603.111814
15.512831687927246,73.855382,11.6899995803833,-81.289528,2020-02-25,0.9830719828605652,6,67902603.409358
15.51262092590332,73.847849,10.0,-81.23834991455078,2020-02-25,0.9600650072097778,5,67902603.380427
15.512739181518555,73.862945,9.920000076293945,-81.498863,2020-02-25,0.9894980192184448,8,67902603.830837
15.512420654296875,73.855059,9.399999618530273,-80.87541961669922,2020-02-25,0.9889690279960632,6,67902603.401092
15.511774063110352,73.784095,7.900000095367432,-84.530022,2020-02-10,0.9897220134735107,5,66542673.534658
15.512081146240234,73.806819,4.599999904632568,-80.97570037841797,2020-02-10,0.9874230027198792,11,66542674.013982
15.512152671813965,73.825427,14.569999694824219,-51.39100646972656,2020-02-25,0.9709460139274597,1,67902603.12421
15.512208938598633,73.847526,3.369999885559082,-74.992142,2020-02-25,0.9551039934158325,5,67902603.372161
15.511670112609863,73.806499,2.5,-81.310173,2020-02-10,0.9636430144309998,11,66542674.005718
15.512009620666504,73.854736,12.319999694824219,-81.371841,2020-02-25,0.971526026725769,6,67902603.392826
15.511363983154297,73.783769,14.300000190734863,-75.639999,2020-02-10,0.980463981628418,5,66542673.526392
15.511560440063477,73.791366,6.46999979019165,-75.98556518554688,2020-02-10,0.9548739790916443,6,66542673.555323
15.511741638183594,73.825106,17.790001,-55.03729248046875,2020-02-25,0.9538689851760864,1,67902603.115946
15.511797904968262,73.847203,9.550000190734863,-80.899529,2020-02-25,0.9591330289840698,5,67902603.363895
15.511150360107422,73.791044,9.8100004196167,-80.161613,2020-02-10,0.9551370143890381,6,66542673.547057
15.511286735534668,73.798833,5.690000057220459,-81.079842,2020-02-10,0.9641090035438538,8,66542673.976794
15.511259078979492,73.806177,2.6500000953674316,-81.29095458984375,2020-02-10,0.9586880207061768,11,66542673.997454
15.511432647705078,73.81746673583984,16.860001,-79.05690002441406,2020-02-25,0.9502699971199036,0,67902603.087022
15.511329650878906,73.824784,15.130000114440918,-53.69526290893555,2020-02-25,0.9555839896202087,1,67902603.107682
15.511507987976074,73.86197662353516,12.65999984741211,-81.641457,2020-02-25,0.9877539873123169,8,67902603.806045
15.510953903198242,73.783447,15.760000228881836,-78.59125518798828,2020-02-10,0.9607130289077759,5,66542673.518126
15.51138687133789,73.84687805175781,3.890000104904175,-71.93807983398438,2020-02-25,0.954355001449585,5,67902603.355629
15.510740280151367,73.790718,19.549999,-77.682533,2020-02-10,0.9512900114059448,6,66542673.538791
15.51087474822998,73.798512,4.900000095367432,-80.941452,2020-02-10,0.9647709727287292,8,66542673.96853
15.510848045349121,73.80585479736328,3.0999999046325684,-81.378082,2020-02-10,0.9678919911384583,11,66542673.98919
15.51097583770752,73.846556,12.25,-81.36273956298828,2020-02-25,0.9613059759140015,5,67902603.347363
15.511189460754395,73.85408782958984,3.630000114440918,-81.562202,2020-02-25,0.9905679821968079,6,67902603.376294
15.51109790802002,73.861659,9.180000305175781,-81.594994,2020-02-25,0.9892560243606567,8,67902603.797781
15.510613441467285,73.81682586669922,2.6600000858306885,-81.82184600830078,2020-02-25,0.9876890182495117,0,67902603.070494
15.510330200195312,73.790396,18.5,-75.7972640991211,2020-02-10,0.9811980128288269,6,66542673.530525
15.510565757751465,73.846233,2.4700000286102295,-81.619431,2020-02-25,0.9797329902648926,5,67902603.339097
15.510201454162598,73.8165054321289,2.619999885559082,-81.84127044677734,2020-02-25,0.9914029836654663,0,67902603.06223
15.510367393493652,73.853444,2.4700000286102295,-81.6041259765625,2020-02-25,0.9932270050048828,6,67902603.359762
15.509722709655762,73.782479,20.260000228881836,-74.888519,2020-02-10,0.9728599786758423,5,66542673.493328
15.509919166564941,73.790075,14.899999618530273,-74.457848,2020-02-10,0.9785590171813965,6,66542673.522259
15.510153770446777,73.84590911865234,2.390000104904175,-81.60625457763672,2020-02-25,0.9663869738578796,5,67902603.330831
15.50964069366455,73.797547,2.3499999046325684,-81.159523,2020-02-10,0.9535019993782043,8,66542673.943738
15.50978946685791,73.816183,2.619999885559082,-81.854362,2020-02-25,0.9903039932250977,0,67902603.053966
15.509956359863281,73.85311889648438,2.430000066757202,-81.598961,2020-02-25,0.9919490218162537,6,67902603.351496
15.50931167602539,73.78215789794922,12.130000114440918,-77.480224609375,2020-02-10,0.9538050293922424,5,66542673.485062
15.509683609008789,73.823498,17.829999923706055,-60.17831802368164,2020-02-25,0.9561070203781128,1,67902603.074626
15.50922966003418,73.797225,2.430000066757202,-81.143417,2020-02-10,0.9511370062828064,8,66542673.935474
15.50920295715332,73.804566,5.989999771118164,-80.6981201171875,2020-02-10,0.9631249904632568,11,66542673.956134
15.509378433227539,73.815862,2.6600000858306885,-81.84342956542969,2020-02-25,0.9889230132102966,0,67902603.045702
15.509275436401367,73.823176,8.539999961853027,-68.156837,2020-02-25,0.9629679918289185,1,67902603.066362
15.509544372558594,73.852797,2.5399999618530273,-81.661118,2020-02-25,0.9817690253257751,6,67902603.34323
15.508687973022461,73.789106,15.539999961853027,-66.570457,2020-02-10,0.9833639860153198,6,66542673.497461
15.508817672729492,73.796903,2.430000066757202,-80.857719,2020-02-10,0.9548659920692444,8,66542673.92721
15.508792877197266,73.804241,17.40999984741211,-78.579803,2020-02-10,0.9708409905433655,11,66542673.94787
15.508966445922852,73.81553649902344,2.619999885559082,-81.867569,2020-02-25,0.9873340129852295,0,67902603.037438
15.50855541229248,73.815219,2.6600000858306885,-81.793869,2020-02-25,0.9898480176925659,0,67902603.029174
15.508277893066406,73.788783,7.940000057220459,-57.57498550415039,2020-02-10,0.9848700165748596,6,66542673.489195
15.508407592773438,73.796577,17.190001,-80.142242,2020-02-10,0.9798550009727478,8,66542673.918946
15.508381843566895,73.803919,13.069999694824219,-75.81087493896484,2020-02-10,0.9797930121421814,11,66542673.939606
15.508455276489258,73.822532,2.619999885559082,-81.85194396972656,2020-02-25,0.9788569808006287,1,67902603.049834
15.5079984664917,73.796254,16.65999984741211,-74.55620574951172,2020-02-10,0.9686629772186279,8,66542673.910682
15.508143424987793,73.814898,2.5799999237060547,-81.84608459472656,2020-02-25,0.9874460101127625,0,67902603.02091
15.50831127166748,73.851828,2.430000066757202,-81.603783,2020-02-25,0.989503026008606,6,67902603.318432
15.507867813110352,73.788458,8.979999542236328,-48.44764709472656,2020-02-10,0.9550700187683105,6,66542673.480929
15.507970809936523,73.803597,11.979999542236328,-71.521957,2020-02-10,0.9868549704551697,11,66542673.931342
15.50804328918457,73.822211,2.619999885559082,-81.84762573242188,2020-02-25,0.9852399826049805,1,67902603.04157
15.507585525512695,73.795931,15.15999984741211,-70.352219,2020-02-10,0.9803760051727295,8,66542673.902418
15.507732391357422,73.814576,2.6600000858306885,-81.82196044921875,2020-02-25,0.9875349998474121,0,67902603.012646
15.507559776306152,73.803273,15.460000038146973,-69.157967,2020-02-10,0.9669539928436279,11,66542673.923078
15.5076322555542,73.821889,2.5799999237060547,-81.906868,2020-02-25,0.9828370213508606,1,67902603.033306
15.507686614990234,73.843971,2.430000066757202,-81.67461395263672,2020-02-25,0.9792230129241943,5,67902603.281235
15.507801055908203,73.866363,2.319999933242798,-81.634949,2020-02-25,0.9914019703865051,11,67902603.752329
15.50704574584961,73.787817,16.290001,-66.268822,2020-02-10,0.9786869883537292,6,66542673.464397
15.50717544555664,73.795608,13.670000076293945,-64.837067,2020-02-10,0.9857680201530457,8,66542673.894154
15.507147789001465,73.802952,4.710000038146973,-62.15064239501953,2020-02-10,0.9643980264663696,11,66542673.914814
15.50732135772705,73.81425476074219,2.7300000190734863,-81.855164,2020-02-25,0.987932026386261,0,67902603.004382
15.507220268249512,73.821568,2.5799999237060547,-81.827141,2020-02-25,0.9789929986000061,1,67902603.025042
15.507488250732422,73.851181,2.430000066757202,-81.61763000488281,2020-02-25,0.9898599982261658,6,67902603.3019
15.507274627685547,73.843648,2.509999990463257,-81.672081,2020-02-25,0.9874110221862793,5,67902603.272969
15.507390975952148,73.866041,2.359999895095825,-81.657593,2020-02-25,0.983115017414093,11,67902603.744065
15.506634712219238,73.787496,18.610001,-72.563904,2020-02-10,0.9773110151290894,6,66542673.456131
15.506765365600586,73.795284,11.3100004196167,-55.79966354370117,2020-02-10,0.9828370213508606,8,66542673.88589
15.506736755371094,73.802629,6.960000038146973,-61.288658,2020-02-10,0.9792370200157166,11,66542673.90655
15.506909370422363,73.813933,2.7300000190734863,-81.828499,2020-02-25,0.9863539934158325,0,67902602.996118
15.50680923461914,73.821247,2.7300000190734863,-81.962807,2020-02-25,0.9678710103034973,1,67902603.016778
15.50707721710205,73.850858,2.430000066757202,-81.583076,2020-02-25,0.9801210165023804,6,67902603.293634
15.506999015808105,73.858446,2.2799999713897705,-81.614357,2020-02-25,0.988972008228302,8,67902603.715141
15.506498336791992,73.813612,2.5399999618530273,-81.89461517333984,2020-02-25,0.9875710010528564,0,67902602.987854
15.506224632263184,73.787174,19.770000457763672,-75.308197,2020-02-10,0.9549689888954163,6,66542673.447865
15.506354331970215,73.794961,6.510000228881836,-44.343963623046875,2020-02-10,0.9658870100975037,8,66542673.877626
15.506326675415039,73.802304,17.299999,-59.621849,2020-02-10,0.9876940250396729,11,66542673.898286
15.506397247314453,73.820925,2.690000057220459,-81.894676,2020-02-25,0.9743750095367432,1,67902603.008514
15.50666618347168,73.850535,2.509999990463257,-81.621826171875,2020-02-25,0.9755979776382446,6,67902603.285368
15.50658893585205,73.858124,2.390000104904175,-81.624687,2020-02-25,0.9910039901733398,8,67902603.706877
15.506570816040039,73.865399,2.359999895095825,-81.677513,2020-02-25,0.9883769750595093,11,67902603.727537
15.505943298339844,73.794638,5.199999809265137,-38.72224426269531,2020-02-10,0.9524250030517578,8,66542673.869362
15.506087303161621,73.81329345703125,2.5799999237060547,-81.853821,2020-02-25,0.9830840229988098,0,67902602.97959
15.506254196166992,73.850212,2.4700000286102295,-81.641388,2020-02-25,0.9727489948272705,6,67902603.277102
15.505916595458984,73.801978,15.649999618530273,-43.69874954223633,2020-02-10,0.9551460146903992,11,66542673.890022
15.505986213684082,73.820604,2.619999885559082,-81.869728,2020-02-25,0.9771389961242676,1,67902603.00025
15.506104469299316,73.827553,12.100000381469727,-77.37401580810547,2020-02-25,0.9546930193901062,2,67902602.797782
15.50600814819336,73.834872,13.5600004196167,-77.9084701538086,2020-02-25,0.9675430059432983,3,67902602.818442
15.5060396194458,73.842679,8.010000228881836,-81.621483,2020-02-25,0.9892770051956177,5,67902603.248171
15.506178855895996,73.857803,2.319999933242798,-81.657898,2020-02-25,0.9865099787712097,8,67902603.698613
15.505533218383789,73.794313,9.359999656677246,-32.73078536987305,2020-02-10,0.9568099975585938,8,66542673.861098
15.50567626953125,73.812969,2.7300000190734863,-81.879128,2020-02-25,0.9808019995689392,0,67902602.971326
15.505694389343262,73.82723236083984,14.460000038146973,-81.4771957397461,2020-02-25,0.97530198097229,2,67902602.789518
15.505843162536621,73.849889,2.4700000286102295,-81.57931518554688,2020-02-25,0.9808149933815002,6,67902603.268836
15.505402565002441,73.786532,17.06999969482422,-78.9022445678711,2020-02-10,0.955689013004303,6,66542673.431333
15.505505561828613,73.801655,11.229999542236328,-34.66608428955078,2020-02-10,0.9602320194244385,11,66542673.881758
15.505575180053711,73.820282,2.6600000858306885,-81.98225402832031,2020-02-25,0.9566559791564941,1,67902602.991986
15.505768775939941,73.857482,2.319999933242798,-81.63653564453125,2020-02-25,0.9628340005874634,8,67902603.690349
15.505122184753418,73.79399108886719,10.670000076293945,-27.577205657958984,2020-02-10,0.9677050113677979,8,66542673.852834
15.505094528198242,73.801332,14.260000228881836,-33.804371,2020-02-10,0.9616140127182007,11,66542673.873494
15.505265235900879,73.812647,2.6600000858306885,-81.87574005126953,2020-02-25,0.9769070148468018,0,67902602.963062
15.505285263061523,73.826908,2.6600000858306885,-81.738441,2020-02-25,0.9829689860343933,2,67902602.781254
15.50516414642334,73.819961,2.619999885559082,-81.899948,2020-02-25,0.9701480269432068,1,67902602.983722
15.50518798828125,73.834228,7.380000114440918,-80.285782,2020-02-25,0.9585070013999939,3,67902602.801914
15.505358695983887,73.857161,2.319999933242798,-81.662582,2020-02-25,0.9572719931602478,8,67902603.682085
15.505339622497559,73.864435,16.260000228881836,-77.63756561279297,2020-02-25,0.9767159819602966,11,67902603.702745
15.504581451416016,73.785893,3.2200000286102295,-79.33300018310547,2020-02-10,0.9614689946174622,6,66542673.414801
15.504684448242188,73.801009,15.539999961853027,-31.94366455078125,2020-02-10,0.951308012008667,11,66542673.86523
15.504854202270508,73.812326,2.6600000858306885,-81.925797,2020-02-25,0.9765300154685974,0,67902602.954798
15.504753112792969,73.819639,2.690000057220459,-81.93889617919922,2020-02-25,0.952118992805481,1,67902602.975458
15.504874229431152,73.826586,2.690000057220459,-81.835419,2020-02-25,0.9710959792137146,2,67902602.77299
15.505020141601562,73.849243,2.4700000286102295,-81.65522003173828,2020-02-25,0.9891229867935181,6,67902603.252304
15.504948616027832,73.856839,2.2799999713897705,-81.65330505371094,2020-02-25,0.951990008354187,8,67902603.673821
15.504929542541504,73.864113,20.829999923706055,-71.588318,2020-02-25,0.991096019744873,11,67902603.694481
15.504171371459961,73.785566,15.989999771118164,-77.731178,2020-02-10,0.9504929780960083,6,66542673.406535
15.50429916381836,73.793346,11.609999656677246,-30.026166915893555,2020-02-10,0.9559419751167297,8,66542673.836306
15.5042724609375,73.800687,17.190001,-34.064968,2020-02-10,0.9593650102615356,11,66542673.856966
15.504443168640137,73.81200408935547,2.6600000858306885,-81.757881,2020-02-25,0.9779009819030762,0,67902602.946534
15.504342079162598,73.819318,2.6600000858306885,-81.8970947265625,2020-02-25,0.9691969752311707,1,67902602.967194
15.504463195800781,73.826263,2.690000057220459,-81.76568603515625,2020-02-25,0.960129976272583,2,67902602.764726
15.50439453125,73.841388,2.4700000286102295,-81.630882,2020-02-25,0.9923040270805359,5,67902603.215113
15.504608154296875,73.84892272949219,2.509999990463257,-81.70429992675781,2020-02-25,0.9883660078048706,6,67902603.244038
15.504538536071777,73.856518,2.2799999713897705,-81.609154,2020-02-25,0.9526439905166626,8,67902603.665557
15.504520416259766,73.863792,16.93000030517578,-76.029243,2020-02-25,0.9824230074882507,11,67902603.686217
15.504032135009766,73.811683,2.5799999237060547,-81.8235855102539,2020-02-25,0.9796620011329651,0,67902602.93827
15.504197120666504,73.848597,2.430000066757202,-81.612099,2020-02-25,0.9829810261726379,6,67902603.235773
15.503761291503906,73.785244,18.610001,-79.358749,2020-02-10,0.958512008190155,6,66542673.398269
15.503887176513672,73.793028,13.699999809265137,-42.784034729003906,2020-02-10,0.9846910238265991,8,66542673.828042
15.503861427307129,73.800367,4.559999942779541,-25.214527130126953,2020-02-10,0.9635400176048279,11,66542673.848702
15.503931045532227,73.818996,2.690000057220459,-81.97686004638672,2020-02-25,0.9666699767112732,1,67902602.95893
15.50405216217041,73.825941,2.690000057220459,-81.797852,2020-02-25,0.9629200100898743,2,67902602.756462
15.503955841064453,73.833261,2.6600000858306885,-81.690193,2020-02-25,0.9893140196800232,3,67902602.777122
15.504129409790039,73.856197,2.2100000381469727,-81.609818,2020-02-25,0.9543790221214294,8,67902603.657293
15.504110336303711,73.863471,24.010000228881836,-78.705093,2020-02-25,0.9818519949913025,11,67902603.677953
15.503475189208984,73.792709,7.940000057220459,-46.99177551269531,2020-02-10,0.9641839861869812,8,66542673.819778
15.503641128540039,73.825618,2.6600000858306885,-81.739571,2020-02-25,0.9633740186691284,2,67902602.748198
15.503785133361816,73.84827423095703,2.430000066757202,-81.646446,2020-02-25,0.9901819825172424,6,67902603.227509
15.503349304199219,73.784927,2.690000057220459,-79.854279,2020-02-10,0.9504669904708862,6,66542673.390003
15.503450393676758,73.800044,10.520000457763672,-30.324216842651367,2020-02-10,0.965474009513855,11,66542673.840438
15.503520011901855,73.818675,2.4700000286102295,-81.929909,2020-02-25,0.958836019039154,1,67902602.950666
15.503544807434082,73.832939,2.6600000858306885,-81.71768951416016,2020-02-25,0.9865750074386597,3,67902602.768858
15.503719329833984,73.855875,2.2100000381469727,-81.55323028564453,2020-02-25,0.9562870264053345,8,67902603.649029
15.503701210021973,73.86315155029297,17.190001,-78.943459,2020-02-25,0.9777609705924988,11,67902603.669689
15.50306224822998,73.79238891601562,20.0,-70.56147003173828,2020-02-10,0.9863449931144714,8,66542673.811514
15.503230094909668,73.825296,2.6600000858306885,-81.75336456298828,2020-02-25,0.9641600251197815,2,67902602.739934
15.503374099731445,73.847952,2.4700000286102295,-81.591789,2020-02-25,0.9802820086479187,6,67902603.219245
15.502939224243164,73.784606,2.5799999237060547,-79.899742,2020-02-10,0.9525409936904907,6,66542673.381737
15.503108978271484,73.818353,2.509999990463257,-81.863182,2020-02-25,0.9744870066642761,1,67902602.942402
15.503133773803711,73.832616,2.6600000858306885,-81.787903,2020-02-25,0.9881299734115601,3,67902602.760594
15.503290176391602,73.862828,17.760000228881836,-79.348228,2020-02-25,0.9829789996147156,11,67902603.661425
15.502528190612793,73.784284,2.7300000190734863,-80.102692,2020-02-10,0.9580100178718567,6,66542673.373471
15.502650260925293,73.792071,15.239999771118164,-75.27978515625,2020-02-10,0.9789999723434448,8,66542673.80325
15.5026273727417,73.799402,9.65999984741211,-31.525161743164062,2020-02-10,0.9538639783859253,11,66542673.82391
15.502697944641113,73.818032,2.5399999618530273,-81.914368,2020-02-25,0.9794679880142212,1,67902602.934138
15.502819061279297,73.824973,2.7300000190734863,-81.78335571289062,2020-02-25,0.9774519801139832,2,67902602.73167
15.502962112426758,73.847629,2.430000066757202,-81.639328,2020-02-25,0.9878699779510498,6,67902603.210981
15.50272274017334,73.832294,2.6600000858306885,-81.693657,2020-02-25,0.9887480139732361,3,67902602.75233
15.502881050109863,73.862507,14.050000190734863,-79.050858,2020-02-25,0.9870139956474304,11,67902603.653161
15.502117156982422,73.783962,2.3499999046325684,-80.077332,2020-02-10,0.9548029899597168,6,66542673.365205
15.502240180969238,73.791749,20.40999984741211,-78.692993,2020-02-10,0.9596089720726013,8,66542673.794986
15.502286911010742,73.81771087646484,2.619999885559082,-81.96883392333984,2020-02-25,0.9696099758148193,1,67902602.925874
15.502408027648926,73.824651,2.619999885559082,-81.7719497680664,2020-02-25,0.9673740267753601,2,67902602.723406
15.502311706542969,73.831971,2.7300000190734863,-81.750458,2020-02-25,0.9860619902610779,3,67902602.744066
15.502551078796387,73.847307,2.430000066757202,-81.64252471923828,2020-02-25,0.9893550276756287,6,67902603.202717
15.50248908996582,73.854911,5.199999809265137,-81.8255844116211,2020-02-25,0.9665820002555847,8,67902603.624237
15.502470016479492,73.862186,24.420000076293945,-78.11552429199219,2020-02-25,0.9821879863739014,11,67902603.644897
15.501707077026367,73.78363800048828,2.4700000286102295,-80.171257,2020-02-10,0.9541419744491577,6,66542673.356939
15.50182819366455,73.791429,17.06999969482422,-79.156005859375,2020-02-10,0.9521210193634033,8,66542673.786722
15.501805305480957,73.798758,14.529999732971191,-36.75322723388672,2020-02-10,0.956745982170105,11,66542673.807382
15.501876831054688,73.817388,2.5399999618530273,-81.84341430664062,2020-02-25,0.963358998298645,1,67902602.91761
15.501996994018555,73.824328,2.6600000858306885,-81.62261962890625,2020-02-25,0.9716529846191406,2,67902602.715142
15.501900672912598,73.831649,2.6600000858306885,-81.797279,2020-02-25,0.9920430183410645,3,67902602.735802
15.501925468444824,73.8394546508789,2.4700000286102295,-81.716438,2020-02-25,0.9893789887428284,5,67902603.165529
15.5021390914917,73.846984,2.430000066757202,-81.627022,2020-02-25,0.992330014705658,6,67902603.194453
15.502059936523438,73.861864,26.219999,-75.14445495605469,2020-02-25,0.9868029952049255,11,67902603.636633
15.50141716003418,73.791108,16.700001,-80.05451965332031,2020-02-10,0.9502530097961426,8,66542673.778458
15.501585960388184,73.82400512695312,2.7300000190734863,-81.768913,2020-02-25,0.9845629930496216,2,67902602.706878
15.501392364501953,73.7984390258789,8.010000228881836,-42.624619,2020-02-10,0.9598420262336731,11,66542673.799118
15.501490592956543,73.831326,2.690000057220459,-81.799728,2020-02-25,0.9869409799575806,3,67902602.727538
15.50151252746582,73.839133,2.509999990463257,-81.697472,2020-02-25,0.9842380285263062,5,67902603.157265
15.501668930053711,73.854268,3.4800000190734863,-81.623238,2020-02-25,0.9678320288658142,8,67902603.607709
15.501649856567383,73.861543,21.239999771118164,-75.588402,2020-02-25,0.9856020212173462,11,67902603.628369
15.501007080078125,73.790784,21.309999,-78.903648,2020-02-10,0.9830790162086487,8,66542673.770194
15.501150131225586,73.809433,3.5199999809265137,-33.17929458618164,2020-02-25,0.9588639736175537,0,67902602.880422
15.501174926757812,73.823683,2.6600000858306885,-81.78905487060547,2020-02-25,0.9892879724502563,2,67902602.698614
15.500885963439941,73.782997,2.430000066757202,-79.98217010498047,2020-02-10,0.9557420015335083,6,66542673.340411
15.500981330871582,73.798122,9.920000076293945,-54.17127990722656,2020-02-10,0.9563080072402954,11,66542673.790854
15.501054763793945,73.816745,2.619999885559082,-81.988739,2020-02-25,0.9679589867591858,1,67902602.901082
15.501078605651855,73.831003,5.28000020980835,-81.720978,2020-02-25,0.9848129749298096,3,67902602.719274
15.501102447509766,73.838811,2.4700000286102295,-81.6826400756836,2020-02-25,0.9890699982643127,5,67902603.149001
15.50125789642334,73.853946,6.889999866485596,-81.503304,2020-02-25,0.9807789921760559,8,67902603.599445
15.501239776611328,73.861221,17.120001,-74.077087,2020-02-25,0.9823979735374451,11,67902603.620105
15.500596046447754,73.790464,18.270000457763672,-79.106941,2020-02-10,0.9824169874191284,8,66542673.76193
15.500570297241211,73.79779815673828,6.320000171661377,-51.128822326660156,2020-02-10,0.9542350172996521,11,66542673.78259
15.500643730163574,73.816423,2.7699999809265137,-81.96376037597656,2020-02-25,0.9625089764595032,1,67902602.892818
15.500761985778809,73.82335662841797,14.15999984741211,-81.679604,2020-02-25,0.980292022228241,2,67902602.69035
15.500847816467285,73.853625,6.929999828338623,-81.838516,2020-02-25,0.983922004699707,8,67902603.591181
15.500690460205078,73.838489,2.4700000286102295,-81.718559,2020-02-25,0.9928690195083618,5,67902603.140737
15.500829696655273,73.86090087890625,14.079999923706055,-68.28351593017578,2020-02-25,0.9585739970207214,11,67902603.611841
15.50015926361084,73.797479,12.170000076293945,-56.22358322143555,2020-02-10,0.9563180208206177,11,66542673.774326
15.500328063964844,73.80879211425781,14.90999984741211,-41.47819519042969,2020-02-25,0.9522740244865417,0,67902602.863894
15.50023365020752,73.816101,2.690000057220459,-81.859375,2020-02-25,0.9678339958190918,1,67902602.884554
15.50025463104248,73.830358,13.819999694824219,-79.3317642211914,2020-02-25,0.9718890190124512,3,67902602.702746
15.50043773651123,73.853303,4.449999809265137,-81.733948,2020-02-25,0.9868350028991699,8,67902603.582917
15.500420570373535,73.860578,7.489999771118164,-73.18394470214844,2020-02-25,0.9813209772109985,11,67902603.603577
15.499746322631836,73.797163,9.210000038146973,-75.047401,2020-02-10,0.9598720073699951,11,66542673.766062
15.499822616577148,73.81578063964844,2.6600000858306885,-81.941101,2020-02-25,0.9706419706344604,1,67902602.87629
15.499939918518066,73.822715,13.520000457763672,-80.107826,2020-02-25,0.951744019985199,2,67902602.673822
15.500011444091797,73.860257,10.710000038146973,-81.5230941772461,2020-02-25,0.9919689893722534,11,67902603.595313
15.49950885772705,73.808145,15.8100004196167,-56.123871,2020-02-25,0.9582520127296448,0,67902602.847366
15.499669075012207,73.845052,6.809999942779541,-81.836601,2020-02-25,0.9847180247306824,6,67902603.144869
15.499336242675781,73.79683685302734,19.129999,-77.565666,2020-02-10,0.9564300179481506,11,66542673.757798
15.499411582946777,73.815458,2.5799999237060547,-81.900558,2020-02-25,0.9713630080223083,1,67902602.868026
15.499529838562012,73.822393,6.440000057220459,-79.369629,2020-02-25,0.9532840251922607,2,67902602.665558
15.4994535446167,73.8375244140625,12.0600004196167,-80.137383,2020-02-25,0.959954023361206,5,67902603.115945
15.499600410461426,73.859935,10.260000228881836,-81.740738,2020-02-25,0.9856250286102295,11,67902603.587049
15.499117851257324,73.82206726074219,15.09000015258789,-79.364227,2020-02-25,0.964739978313446,2,67902602.657294
15.498926162719727,73.796518,21.040001,-79.940491,2020-02-10,0.9770299792289734,11,66542673.749534
15.499002456665039,73.815136,2.690000057220459,-81.878349,2020-02-25,0.9680039882659912,1,67902602.859762
15.498687744140625,73.807501,15.210000038146973,-56.85820770263672,2020-02-25,0.9713220000267029,0,67902602.830838
15.498796463012695,73.852016,5.239999771118164,-81.707573,2020-02-25,0.9803820252418518,8,67902603.549861
15.498591423034668,73.814814,2.5399999618530273,-81.887688,2020-02-25,0.9694300293922424,1,67902602.851498
15.498613357543945,73.829068,4.340000152587891,-77.350578,2020-02-25,0.9540560245513916,3,67902602.66969
15.498780250549316,73.859292,5.769999980926514,-81.908073,2020-02-25,0.9889600276947021,11,67902603.570521
15.498274803161621,73.807179,10.40999984741211,-43.350281,2020-02-25,0.9566069841384888,0,67902602.822574
15.498180389404297,73.814492,2.5799999237060547,-82.001221,2020-02-25,0.9693530201911926,1,67902602.843234
15.498295783996582,73.821425,16.81999969482422,-78.98601531982422,2020-02-25,0.9662600159645081,2,67902602.640766
15.49838638305664,73.851694,7.639999866485596,-81.87788391113281,2020-02-25,0.9840779900550842,8,67902603.541597
15.498370170593262,73.85897064208984,7.53000020980835,-81.74629974365234,2020-02-25,0.9779859781265259,11,67902603.562257
15.497770309448242,73.81417083740234,2.6600000858306885,-81.953499,2020-02-25,0.975587010383606,1,67902602.83497
15.498022079467773,73.84376525878906,4.599999904632568,-81.74510955810547,2020-02-25,0.9865490198135376,6,67902603.111813
15.49797534942627,73.851372,6.590000152587891,-81.83443450927734,2020-02-25,0.983892023563385,8,67902603.533333
15.49795913696289,73.858648,4.300000190734863,-81.846474,2020-02-25,0.9870169758796692,11,67902603.553993
15.497453689575195,73.806535,9.399999618530273,-42.290798,2020-02-25,0.9673770070075989,0,67902602.806046
15.497359275817871,73.813848,2.619999885559082,-81.8731460571289,2020-02-25,0.973097026348114,1,67902602.826706
15.497611045837402,73.843443,2.6600000858306885,-81.81415557861328,2020-02-25,0.9704750180244446,6,67902603.103549
15.497565269470215,73.8510513305664,5.730000019073486,-81.86705017089844,2020-02-25,0.9910370111465454,8,67902603.525069
15.49704360961914,73.806212,8.350000381469727,-45.958255767822266,2020-02-25,0.9609619975090027,0,67902602.797782
15.497199058532715,73.843122,7.0,-81.453743,2020-02-25,0.9818170070648193,6,67902603.095285
15.4969482421875,73.813526,2.690000057220459,-81.96184539794922,2020-02-25,0.9606630206108093,1,67902602.818442
15.49698257446289,73.8355941772461,16.81999969482422,-80.100761,2020-02-25,0.9644179940223694,5,67902603.066361
15.497154235839844,73.850728,6.659999847412109,-81.90681457519531,2020-02-25,0.986506998538971,8,67902603.516805
15.497138023376465,73.858004,3.4800000190734863,-80.685417,2020-02-25,0.9685900211334229,11,67902603.537465
15.496635437011719,73.80589294433594,20.0,-69.80363464355469,2020-02-25,0.972582995891571,0,67902602.789518
15.496787071228027,73.8427963256836,4.940000057220459,-81.508293,2020-02-25,0.9684479832649231,6,67902603.087021
15.496538162231445,73.813203,2.6600000858306885,-81.916634,2020-02-25,0.9669820070266724,1,67902602.810178
15.496743202209473,73.850405,6.440000057220459,-81.8857650756836,2020-02-25,0.987371027469635,8,67902603.508541
15.496127128601074,73.812881,2.7300000190734863,-81.9388656616211,2020-02-25,0.9740089774131775,1,67902602.801914
15.49637508392334,73.842479,6.099999904632568,-81.30994415283203,2020-02-25,0.9806399941444397,6,67902603.078757
15.496333122253418,73.850083,6.630000114440918,-81.94309997558594,2020-02-25,0.9862409830093384,8,67902603.500277
15.496316909790039,73.85736083984375,2.619999885559082,-81.81291961669922,2020-02-25,0.9916399717330933,11,67902603.520937
15.495716094970703,73.812559,2.6600000858306885,-81.948174,2020-02-25,0.9728220105171204,1,67902602.79365
15.495964050292969,73.842157,2.359999895095825,-81.827751,2020-02-25,0.9600129723548889,6,67902603.070493
15.495922088623047,73.849761,7.340000152587891,-81.915581,2020-02-25,0.9842039942741394,8,67902603.492013
15.495264053344727,73.786278,35.09000015258789,-74.814972,2020-02-10,0.9898489713668823,8,66542673.654498
15.495305061340332,73.812236,2.6600000858306885,-81.996002,2020-02-25,0.9741870164871216,1,67902602.785386
15.495553016662598,73.841836,2.430000066757202,-81.74296569824219,2020-02-25,0.9908999800682068,6,67902603.062229
15.495511054992676,73.849439,7.599999904632568,-81.888672,2020-02-25,0.9827269911766052,8,67902603.483749
15.495495796203613,73.856715,2.5799999237060547,-81.16123962402344,2020-02-25,0.9621869921684265,11,67902603.504409
15.494853973388672,73.785956,5.309999942779541,-37.907681,2020-02-10,0.9579110145568848,8,66542673.646234
15.49514102935791,73.841514,7.559999942779541,-81.659714,2020-02-25,0.9755820035934448,6,67902603.053965
15.494894981384277,73.811914,2.5799999237060547,-81.925774,2020-02-25,0.9700350165367126,1,67902602.777122
15.495100021362305,73.849116,7.079999923706055,-81.88496398925781,2020-02-25,0.987995982170105,8,67902603.475485
15.495085716247559,73.856393,2.359999895095825,-82.076782,2020-02-25,0.9928449988365173,11,67902603.496145
15.494444847106934,73.785633,8.09000015258789,-38.16636276245117,2020-02-10,0.9593549966812134,8,66542673.63797
15.494585990905762,73.80427551269531,2.619999885559082,-81.893028,2020-02-25,0.9686369895935059,0,67902602.748198
15.494729042053223,73.841193,9.25,-81.450432,2020-02-25,0.9844800233840942,6,67902603.045701
15.494483947753906,73.811592,2.5399999618530273,-81.96294403076172,2020-02-25,0.9679499864578247,1,67902602.768858
15.49468994140625,73.848794,6.400000095367432,-81.849808,2020-02-25,0.9845359921455383,8,67902603.46722
15.494674682617188,73.856071,2.359999895095825,-81.99855041503906,2020-02-25,0.9561740159988403,11,67902603.487881
15.494034767150879,73.785311,12.020000457763672,-40.46748352050781,2020-02-10,0.9640340209007263,8,66542673.629706
15.49417495727539,73.803954,2.6600000858306885,-81.964447,2020-02-25,0.9610120058059692,0,67902602.739934
15.494072914123535,73.811269,2.5799999237060547,-81.979378,2020-02-25,0.9772369861602783,1,67902602.760594
15.494318008422852,73.840871,7.409999847412109,-81.645309,2020-02-25,0.9905660152435303,6,67902603.037437
15.494278907775879,73.848471,4.079999923706055,-81.889259,2020-02-25,0.9916920065879822,8,67902603.458954
15.494263648986816,73.855748,2.319999933242798,-81.86936950683594,2020-02-25,0.9576429724693298,11,67902603.479617
15.493622779846191,73.784993,29.31999969482422,-70.558922,2020-02-10,0.9881259799003601,8,66542673.621442
15.493661880493164,73.810947,2.619999885559082,-81.98624420166016,2020-02-25,0.9749220013618469,1,67902602.75233
15.493867874145508,73.848148,5.429999828338623,-81.817886,2020-02-25,0.9787690043449402,8,67902603.450688
15.493852615356445,73.855426,2.5799999237060547,-81.677269,2020-02-25,0.9589170217514038,11,67902603.471353
15.493250846862793,73.810624,2.5799999237060547,-81.982269,2020-02-25,0.9718080163002014,1,67902602.744066
15.493456840515137,73.847826,3.7799999713897705,-81.779243,2020-02-25,0.9794600009918213,8,67902603.442422
15.493441581726074,73.855103,10.220000267028809,-81.22953033447266,2020-02-25,0.9741920232772827,11,67902603.463087
15.492839813232422,73.810302,2.6600000858306885,-81.926727,2020-02-25,0.976954996585846,1,67902602.735802
15.493045806884766,73.847503,6.440000057220459,-81.733154296875,2020-02-25,0.9780679941177368,8,67902603.434156
15.493030548095703,73.854781,15.579999923706055,-78.927856,2020-02-25,0.979882001876831,11,67902603.454821
15.492671966552734,73.839586,10.369999885559082,-81.5909652709961,2020-02-25,0.9569479823112488,6,67902603.004381
15.49242877960205,73.809979,2.6600000858306885,-81.888718,2020-02-25,0.9739909768104553,1,67902602.727538
15.492620468139648,73.854458,14.5,-77.32703399658203,2020-02-25,0.9849519729614258,11,67902603.446555
15.49201774597168,73.809656,2.619999885559082,-82.091362,2020-02-25,0.9791589975357056,1,67902602.719274
15.492260932922363,73.83926391601562,10.0,-81.780296,2020-02-25,0.9628819823265076,6,67902602.996117
15.492048263549805,73.831737,10.9399995803833,-81.450272,2020-02-25,0.9579520225524902,5,67902602.967193
15.492207527160645,73.854135,17.790001,-76.79265594482422,2020-02-25,0.985683023929596,11,67902603.438289
15.491606712341309,73.809334,2.690000057220459,-81.926514,2020-02-25,0.9781280159950256,1,67902602.71101
15.491724967956543,73.816273,2.809999942779541,-79.621208,2020-02-25,0.9532949924468994,2,67902602.508542
15.491849899291992,73.838943,8.760000228881836,-81.68441009521484,2020-02-25,0.9825369715690613,6,67902602.987853
15.491812705993652,73.8465347290039,2.5399999618530273,-81.533348,2020-02-25,0.9792569875717163,8,67902603.409358
15.49163818359375,73.831416,5.579999923706055,-81.174408,2020-02-25,0.9563350081443787,5,67902602.958929
15.491195678710938,73.809011,2.7300000190734863,-81.992058,2020-02-25,0.9822520017623901,1,67902602.702746
15.491227149963379,73.831094,4.900000095367432,-81.713364,2020-02-25,0.9549829959869385,5,67902602.950665
15.491438865661621,73.838621,8.279999732971191,-81.640358,2020-02-25,0.9871479868888855,6,67902602.979589
15.491401672363281,73.846212,2.240000009536743,-81.522461,2020-02-25,0.9826210141181946,8,67902603.401092
15.491386413574219,73.8534927368164,19.629999,-76.297272,2020-02-25,0.9848440289497375,11,67902603.421757
15.490784645080566,73.808689,2.7699999809265137,-82.057129,2020-02-25,0.9723250269889832,1,67902602.694482
15.49102783203125,73.83830261230469,6.849999904632568,-81.44144439697266,2020-02-25,0.9821850061416626,6,67902602.971325
15.49099063873291,73.845889,2.2799999713897705,-81.49534606933594,2020-02-25,0.967365026473999,8,67902603.392826
15.490975379943848,73.853167,17.639999,-77.761474609375,2020-02-25,0.9530699849128723,11,67902603.413491
15.490616798400879,73.837978,3.740000009536743,-77.068329,2020-02-25,0.957813024520874,6,67902602.963061
15.490373611450195,73.808366,2.619999885559082,-82.007141,2020-02-25,0.9802560210227966,1,67902602.686218
15.490403175354004,73.830451,19.219999,-81.72874450683594,2020-02-25,0.9583359956741333,5,67902602.934137
15.490579605102539,73.84556579589844,2.880000114440918,-81.50513458251953,2020-02-25,0.9863989949226379,8,67902603.38456
15.490564346313477,73.85284423828125,19.549999,-78.708977,2020-02-25,0.9824810028076172,11,67902603.405225
15.490205764770508,73.837657,8.350000381469727,-81.53919982910156,2020-02-25,0.9559659957885742,6,67902602.954797
15.490167617797852,73.845243,5.840000152587891,-81.384666,2020-02-25,0.9724050164222717,8,67902603.376294
15.489962577819824,73.80804443359375,2.6600000858306885,-81.946571,2020-02-25,0.9699980020523071,1,67902602.677954
15.48997688293457,73.822303,6.849999904632568,-34.954182,2020-02-25,0.9637349843978882,3,67902602.496146
15.490153312683105,73.852521,20.56999969482422,-81.602989,2020-02-25,0.9791190028190613,11,67902603.396959
15.489553451538086,73.807721,2.6600000858306885,-81.941673,2020-02-25,0.9770410060882568,1,67902602.66969
15.48975658416748,73.84491729736328,11.569999694824219,-81.413788,2020-02-25,0.9847790002822876,8,67902603.368028
15.489567756652832,73.821982,4.380000114440918,-39.1459846496582,2020-02-25,0.9703480005264282,3,67902602.487882
15.489581108093262,73.829808,19.670000076293945,-70.35580444335938,2020-02-25,0.9900060296058655,5,67902602.917609
15.48974323272705,73.852198,2.359999895095825,-81.40386962890625,2020-02-25,0.9660030007362366,11,67902603.388693
15.489142417907715,73.807399,2.6600000858306885,-81.978897,2020-02-25,0.9757609963417053,1,67902602.661426
15.489158630371094,73.821661,18.239999771118164,-63.34781265258789,2020-02-25,0.9668229818344116,3,67902602.479618
15.48934555053711,73.844596,8.239999771118164,-81.819588,2020-02-25,0.9794690012931824,8,67902603.359762
15.48933219909668,73.85187530517578,2.619999885559082,-81.366028,2020-02-25,0.9660919904708862,11,67902603.380427
15.489168167114258,73.829486,18.799999,-52.046398,2020-02-25,0.9857940077781677,5,67902602.909345
15.488731384277344,73.80707550048828,2.6600000858306885,-82.00416564941406,2020-02-25,0.9781669974327087,1,67902602.653162
15.488755226135254,73.829164,14.15999984741211,-29.175421,2020-02-25,0.9542499780654907,5,67902602.901081
15.488972663879395,73.836692,10.109999656677246,-80.708641,2020-02-25,0.9621670246124268,6,67902602.930005
15.488935470581055,73.844273,8.609999656677246,-81.824547,2020-02-25,0.9801560044288635,8,67902603.351496
15.488920211791992,73.851552,19.780001,-77.833687,2020-02-25,0.984017014503479,11,67902603.372161
15.488434791564941,73.8136978149414,17.940001,-79.737633,2020-02-25,0.9649530053138733,2,67902602.442423
15.488320350646973,73.806754,2.6600000858306885,-82.047562,2020-02-25,0.9754689931869507,1,67902602.644898
15.488344192504883,73.828842,16.59000015258789,-29.294504165649414,2020-02-25,0.9611849784851074,5,67902602.892817
15.488524436950684,73.84394836425781,6.659999847412109,-81.88206481933594,2020-02-25,0.984154999256134,8,67902603.34323
15.488509178161621,73.851229,16.139999,-80.744751,2020-02-25,0.9826340079307556,11,67902603.363895
15.488022804260254,73.813379,27.610001,-84.01607513427734,2020-02-25,0.9683769941329956,2,67902602.434157
15.487929344177246,73.820696,14.489999771118164,-79.138641,2020-02-25,0.9693229794502258,3,67902602.454822
15.487933158874512,73.82852172851562,22.739999771118164,-30.928394317626953,2020-02-25,0.9578819870948792,5,67902602.884553
15.488112449645996,73.843627,7.230000019073486,-81.745567,2020-02-25,0.9731029868125916,8,67902603.334964
15.488099098205566,73.850906,3.440000057220459,-80.8220443725586,2020-02-25,0.9598770141601562,11,67902603.355629
15.487701416015625,73.843304,6.440000057220459,-81.798492,2020-02-25,0.9881319999694824,8,67902603.326698
15.487523078918457,73.828198,18.239999771118164,-32.80677795410156,2020-02-25,0.974577009677887,5,67902602.876289
15.487686157226562,73.850582,16.93000030517578,-77.229202,2020-02-25,0.9834539890289307,11,67902603.347363
15.487290382385254,73.842981,6.590000152587891,-81.883728,2020-02-25,0.9880300164222717,8,67902603.318432
15.487275123596191,73.850259,18.389999,-77.251556,2020-02-25,0.9830809831619263,11,67902603.339097
15.487112998962402,73.827877,16.739999771118164,-36.03535461425781,2020-02-25,0.9550759792327881,5,67902602.868025
15.486879348754883,73.842658,2.5799999237060547,-81.901443,2020-02-25,0.9881010055541992,8,67902603.310166
15.486865043640137,73.849936,5.769999980926514,-81.492828,2020-02-25,0.9629930257797241,11,67902603.330831
15.486377716064453,73.812092,17.68000030517578,-79.723572,2020-02-25,0.9505190253257751,2,67902602.401093
15.486291885375977,73.827233,14.640000343322754,-37.183781,2020-02-25,0.9630429744720459,5,67902602.851497
15.486468315124512,73.842334,2.390000104904175,-81.71619415283203,2020-02-25,0.9825310111045837,8,67902603.3019
15.486454010009766,73.849613,8.6899995803833,-81.184982,2020-02-25,0.9635589718818665,11,67902603.322565
15.485967636108398,73.811767578125,12.359999656677246,-79.759277,2020-02-25,0.9535459876060486,2,67902602.392827
15.486099243164062,73.834439,2.430000066757202,-82.22504425048828,2020-02-25,0.9884099960327148,6,67902602.872157
15.485880851745605,73.826911,10.489999771118164,-36.247898,2020-02-25,0.965919017791748,5,67902602.843233
15.486042976379395,73.84928894042969,2.319999933242798,-81.451889,2020-02-25,0.9739739894866943,11,67902603.314299
15.485554695129395,73.811448,15.880000114440918,-79.601967,2020-02-25,0.9738900065422058,2,67902602.384561
15.485688209533691,73.834118,2.509999990463257,-82.34869384765625,2020-02-25,0.9724289774894714,6,67902602.863893
15.485645294189453,73.841688,3.180000066757202,-81.925842,2020-02-25,0.954200029373169,8,67902603.285368
15.485461235046387,73.818766,16.40999984741211,-80.109489,2020-02-25,0.9676269888877869,3,67902602.405226
15.48547077178955,73.826589,8.5,-35.347301,2020-02-25,0.9524120092391968,5,67902602.834969
15.485630989074707,73.848967,2.430000066757202,-81.64044952392578,2020-02-25,0.9633579850196838,11,67902603.306033
15.485143661499023,73.811127,15.65999984741211,-79.868813,2020-02-25,0.9521560072898865,2,67902602.376295
15.485050201416016,73.818444,18.09000015258789,-80.824921,2020-02-25,0.9668560028076172,3,67902602.39696
15.485278129577637,73.833796,2.390000104904175,-82.260368,2020-02-25,0.9777699708938599,6,67902602.855629
15.485233306884766,73.841365,5.019999980926514,-81.8238296508789,2020-02-25,0.9633370041847229,8,67902603.277102
15.485219955444336,73.848644,7.110000133514404,-81.4652099609375,2020-02-25,0.9811710119247437,11,67902603.297767
15.48505973815918,73.826266,4.449999809265137,-28.84341812133789,2020-02-25,0.9625070095062256,5,67902602.826705
15.48462200164795,73.803854,2.619999885559082,-81.986183,2020-02-25,0.9664180278778076,1,67902602.570522
15.484731674194336,73.810805,8.390000343322754,-74.291389,2020-02-25,0.9745960235595703,2,67902602.368029
15.484867095947266,73.833473,2.430000066757202,-82.276428,2020-02-25,0.9867460131645203,6,67902602.847365
15.484808921813965,73.848321,2.4700000286102295,-81.57548522949219,2020-02-25,0.9923959970474243,11,67902603.289501
15.484456062316895,73.833151,2.8399999141693115,-82.047432,2020-02-25,0.9547590017318726,6,67902602.839101
15.484210968017578,73.803532,2.5799999237060547,-81.903328,2020-02-25,0.9530069828033447,1,67902602.562258
15.4843168258667,73.810483,29.59000015258789,-78.360359,2020-02-25,0.9787070155143738,2,67902602.359763
15.484396934509277,73.847997,3.140000104904175,-81.51683044433594,2020-02-25,0.9857680201530457,11,67902603.281235
15.483907699584961,73.810161,16.219999,-78.734642,2020-02-25,0.9569770097732544,2,67902602.351497
15.48404598236084,73.832829,2.4700000286102295,-82.317642,2020-02-25,0.9840360283851624,6,67902602.830837
15.483799934387207,73.803211,2.619999885559082,-81.921143,2020-02-25,0.959430992603302,1,67902602.553994
15.483816146850586,73.817479,10.369999885559082,-80.6484146118164,2020-02-25,0.9566919803619385,3,67902602.372162
15.483999252319336,73.840396,2.359999895095825,-82.039482,2020-02-25,0.9565640091896057,8,67902603.252304
15.483985900878906,73.847674,3.930000066757202,-81.42613983154297,2020-02-25,0.9812809824943542,11,67902603.272969
15.483495712280273,73.809839,19.700001,-78.62482452392578,2020-02-25,0.9528489708900452,2,67902602.343231
15.483634948730469,73.832507,2.430000066757202,-82.194099,2020-02-25,0.9719420075416565,6,67902602.822573
15.483416557312012,73.824977,10.40999984741211,-32.946754455566406,2020-02-25,0.9579610228538513,5,67902602.793649
15.483573913574219,73.847351,3.4800000190734863,-80.971642,2020-02-25,0.969763994216919,11,67902603.264703
15.483223915100098,73.832185,2.5799999237060547,-81.907158,2020-02-25,0.9565629959106445,6,67902602.814309
15.483176231384277,73.839751,2.2799999713897705,-82.194908,2020-02-25,0.9561700224876404,8,67902603.235773
15.482991218566895,73.816835,18.049999,-79.49000549316406,2020-02-25,0.9556149840354919,3,67902602.35563
15.483007431030273,73.824655,17.719999,-53.551579,2020-02-25,0.9860680103302002,5,67902602.785385
15.483162879943848,73.847028,9.920000076293945,-81.561897,2020-02-25,0.98614102602005,11,67902603.256437
15.48256778717041,73.802245,2.619999885559082,-82.05064392089844,2020-02-25,0.9573580026626587,1,67902602.529202
15.482599258422852,73.824333,14.229999542236328,-68.555389,2020-02-25,0.9796559810638428,5,67902602.777121
15.482812881469727,73.831863,2.509999990463257,-81.306099,2020-02-25,0.9576590061187744,6,67902602.806045
15.482765197753906,73.839428,2.319999933242798,-82.085823,2020-02-25,0.9549769759178162,8,67902603.227509
15.482156753540039,73.801924,2.5399999618530273,-82.020821,2020-02-25,0.960440993309021,1,67902602.520938
15.482258796691895,73.808874,21.129999,-78.518784,2020-02-25,0.9670060276985168,2,67902602.318433
15.482168197631836,73.816192,16.06999969482422,-80.057793,2020-02-25,0.9622139930725098,3,67902602.339098
15.482401847839355,73.83154296875,2.5799999237060547,-81.279869,2020-02-25,0.9706900119781494,6,67902602.797781
15.482353210449219,73.839105,2.2799999713897705,-82.130623,2020-02-25,0.9553560018539429,8,67902603.219245
15.482339859008789,73.846383,9.770000457763672,-81.510338,2020-02-25,0.9759140014648438,11,67902603.239905
15.4819917678833,73.831218,2.5399999618530273,-81.680542,2020-02-25,0.9707180261611938,6,67902602.789517
15.481745719909668,73.801602,2.6600000858306885,-82.068039,2020-02-25,0.972458004951477,1,67902602.512674
15.481778144836426,73.823688,11.3100004196167,-74.963478,2020-02-25,0.9773420095443726,5,67902602.760593
15.481942176818848,73.838783,2.359999895095825,-82.249649,2020-02-25,0.9536150097846985,8,67902603.210981
15.481927871704102,73.84606170654297,18.170000076293945,-78.279869,2020-02-25,0.9783290028572083,11,67902603.231641
15.48158073425293,73.830895,2.5799999237060547,-81.821999,2020-02-25,0.963362991809845,6,67902602.781253
15.481334686279297,73.801281,2.690000057220459,-82.138718,2020-02-25,0.9623889923095703,1,67902602.50441
15.481344223022461,73.815548,14.119999885559082,-79.39278411865234,2020-02-25,0.9756699800491333,3,67902602.322566
15.481367111206055,73.823365,7.940000057220459,-74.305473,2020-02-25,0.9726729989051819,5,67902602.752329
15.48153018951416,73.838461,2.4700000286102295,-82.323952,2020-02-25,0.985988974571228,8,67902603.202717
15.481515884399414,73.845737,17.459999,-77.98279571533203,2020-02-25,0.9557870030403137,11,67902603.223377
15.481169700622559,73.830573,2.509999990463257,-82.13595581054688,2020-02-25,0.9685900211334229,6,67902602.772989
15.481119155883789,73.838138,2.390000104904175,-82.357964,2020-02-25,0.9889940023422241,8,67902603.194453
15.480932235717773,73.815226,14.010000228881836,-77.473732,2020-02-25,0.9600920081138611,3,67902602.3143
15.480956077575684,73.823042,12.210000038146973,-76.578568,2020-02-25,0.9748119711875916,5,67902602.744065
15.481103897094727,73.845415,19.139999,-78.15169525146484,2020-02-25,0.9866750240325928,11,67902603.215113
15.480520248413086,73.814904,17.270000457763672,-78.751823,2020-02-25,0.9716879725456238,3,67902602.306034
15.480758666992188,73.83025360107422,2.4700000286102295,-82.264389,2020-02-25,0.9811959862709045,6,67902602.764725
15.480692863464355,73.845092,13.600000381469727,-80.256859,2020-02-25,0.9858670234680176,11,67902603.206849
15.480545043945312,73.82272338867188,17.079999923706055,-76.505661,2020-02-25,0.9520040154457092,5,67902602.735801
15.480347633361816,73.829928,2.4700000286102295,-82.270866,2020-02-25,0.9812719821929932,6,67902602.756461
15.480295181274414,73.83749389648438,5.019999980926514,-82.24073028564453,2020-02-25,0.9854949712753296,8,67902603.177925
15.479883193969727,73.837172,7.340000152587891,-82.20462036132812,2020-02-25,0.9725080132484436,8,67902603.169661
15.479869842529297,73.844448,21.010000228881836,-78.61246490478516,2020-02-25,0.9780110120773315,11,67902603.190321
15.479525566101074,73.829283,2.359999895095825,-82.287132,2020-02-25,0.9580559730529785,6,67902602.739933
15.479472160339355,73.83685302734375,2.319999933242798,-82.37450408935547,2020-02-25,0.9622219800949097,8,67902603.161397
15.47945785522461,73.844125,19.370001,-77.26105499267578,2020-02-25,0.959954023361206,11,67902603.182057
15.47896671295166,73.806299,2.690000057220459,-81.904999,2020-02-25,0.972046971321106,2,67902602.252305
15.479114532470703,73.8289566040039,2.4700000286102295,-82.22858428955078,2020-02-25,0.9537699818611145,6,67902602.731669
15.479060173034668,73.836528,2.319999933242798,-82.354218,2020-02-25,0.9866740107536316,8,67902603.153133
15.479045867919922,73.843803,16.969999,-75.75796508789062,2020-02-25,0.9833930134773254,11,67902603.173793
15.478554725646973,73.805978,2.619999885559082,-81.99605560302734,2020-02-25,0.9805610179901123,2,67902602.244039
15.478704452514648,73.828637,2.5399999618530273,-81.9598159790039,2020-02-25,0.9548680186271667,6,67902602.723405
15.47863483428955,73.843481,13.670000076293945,-76.790138,2020-02-25,0.9841809868812561,11,67902603.165529
15.478142738342285,73.805656,2.5799999237060547,-81.92631530761719,2020-02-25,0.9815009832382202,2,67902602.235774
15.478293418884277,73.828315,2.390000104904175,-81.918259,2020-02-25,0.9612820148468018,6,67902602.715141
15.478222846984863,73.843159,13.899999618530273,-77.97261047363281,2020-02-25,0.9907050132751465,11,67902603.157265
15.47788143157959,73.827992,12.470000267028809,-81.46644592285156,2020-02-25,0.954882025718689,6,67902602.706877
15.477730751037598,73.805334,2.6600000858306885,-81.94099426269531,2020-02-25,0.9781500101089478,2,67902602.22751
15.47763729095459,73.812652,12.210000038146973,-80.561852,2020-02-25,0.9591019749641418,3,67902602.248172
15.477668762207031,73.820461,6.03000020980835,-78.09437561035156,2020-02-25,0.9622719883918762,5,67902602.677953
15.477811813354492,73.842838,12.65999984741211,-77.983276,2020-02-25,0.9591529965400696,11,67902603.149001
15.477224349975586,73.81233215332031,14.050000190734863,-78.647583,2020-02-25,0.968953013420105,3,67902602.239906
15.477258682250977,73.820139,2.690000057220459,-79.94762420654297,2020-02-25,0.9527739882469177,5,67902602.669689
15.477413177490234,73.835241,2.319999933242798,-82.347458,2020-02-25,0.9878870248794556,8,67902603.120077
15.477399826049805,73.842516,17.489999771118164,-76.291077,2020-02-25,0.96185302734375,11,67902603.140737
15.476907730102539,73.804691,2.7300000190734863,-81.840248,2020-02-25,0.9742850065231323,2,67902602.210982
15.477058410644531,73.827346,18.049999,-80.57117462158203,2020-02-25,0.9567570090293884,6,67902602.690349
15.476847648620605,73.819816,2.509999990463257,-79.842537,2020-02-25,0.9526870250701904,5,67902602.661425
15.477002143859863,73.83492279052734,2.359999895095825,-82.372353,2020-02-25,0.9922109842300415,8,67902603.111813
15.476987838745117,73.842194,16.59000015258789,-75.879639,2020-02-25,0.9535729885101318,11,67902603.132473
15.476495742797852,73.80436706542969,2.6600000858306885,-81.915604,2020-02-25,0.9666510224342346,2,67902602.202718
15.476649284362793,73.827024,6.480000019073486,-80.8763198852539,2020-02-25,0.9820929765701294,6,67902602.682085
15.476436614990234,73.819494,2.5399999618530273,-79.810257,2020-02-25,0.9671239852905273,5,67902602.653161
15.47657585144043,73.841872,22.290001,-80.5320053100586,2020-02-25,0.9927449822425842,11,67902603.124209
15.47608470916748,73.804048,2.619999885559082,-81.921371,2020-02-25,0.9648699760437012,2,67902602.194454
15.476025581359863,73.819171,2.9600000381469727,-79.91746520996094,2020-02-25,0.9610829949378967,5,67902602.644897
15.476238250732422,73.826701,2.430000066757202,-81.388451,2020-02-25,0.9575510025024414,6,67902602.673821
15.476164817810059,73.841551,18.31999969482422,-81.4453353881836,2020-02-25,0.9866089820861816,11,67902603.115945
15.475614547729492,73.818849,2.430000066757202,-79.960381,2020-02-25,0.9541659951210022,5,67902602.636633
15.47582721710205,73.826379,2.7699999809265137,-81.258232,2020-02-25,0.9562979936599731,6,67902602.665557
15.475767135620117,73.833955,2.319999933242798,-82.346031,2020-02-25,0.9883959889411926,8,67902603.087021
15.475753784179688,73.841229,2.359999895095825,-81.733528,2020-02-25,0.9896479845046997,11,67902603.107681
15.475202560424805,73.818526,12.359999656677246,-79.828583,2020-02-25,0.9793850183486938,5,67902602.628369
15.47535514831543,73.833634,2.2799999713897705,-82.283897,2020-02-25,0.9914770126342773,8,67902603.078757
15.475341796875,73.840908,2.6600000858306885,-81.861198,2020-02-25,0.9690920114517212,11,67902603.099417
15.475005149841309,73.825734,2.5399999618530273,-80.781723,2020-02-25,0.9626520276069641,6,67902602.649029
15.474793434143066,73.818204,3.700000047683716,-79.560982,2020-02-25,0.9556350111961365,5,67902602.620105
15.474943161010742,73.833312,2.319999933242798,-82.248817,2020-02-25,0.9557139873504639,8,67902603.070493
15.474930763244629,73.840586,2.359999895095825,-82.101448,2020-02-25,0.9825569987297058,11,67902603.091153
15.474593162536621,73.825411,7.900000095367432,-80.251083,2020-02-25,0.9659979939460754,6,67902602.640765
15.474382400512695,73.817882,4.639999866485596,-79.7119140625,2020-02-25,0.9533290266990662,5,67902602.611841
15.474181175231934,73.825088,17.270000457763672,-77.26678466796875,2020-02-25,0.9810479879379272,6,67902602.632501
15.474120140075684,73.83267211914062,2.2799999713897705,-81.90031433105469,2020-02-25,0.9634770154953003,8,67902603.053965
15.474106788635254,73.839943,2.7300000190734863,-82.2115249633789,2020-02-25,0.9914939999580383,11,67902603.074625
15.473931312561035,73.809758,16.559999,-78.106232,2020-02-25,0.9552649855613708,3,67902602.173794
15.47397232055664,73.81755828857422,2.430000066757202,-79.779068,2020-02-25,0.9588419795036316,5,67902602.603577
15.473520278930664,73.809436,14.720000267028809,-77.59107971191406,2020-02-25,0.9701740145683289,3,67902602.16553
15.47356128692627,73.817238,2.509999990463257,-79.755882,2020-02-25,0.9574390053749084,5,67902602.595313
15.473771095275879,73.824766,8.5,-75.147163,2020-02-25,0.9798139929771423,6,67902602.624237
15.473709106445312,73.832348,2.359999895095825,-81.82149505615234,2020-02-25,0.9533830285072327,8,67902603.045701
15.473695755004883,73.839622,2.619999885559082,-82.253891,2020-02-25,0.9888269901275635,11,67902603.066361
15.473359107971191,73.824444,18.239999771118164,-76.431267,2020-02-25,0.9580860137939453,6,67902602.615973
15.473109245300293,73.809115,12.399999618530273,-77.29528045654297,2020-02-25,0.9739739894866943,3,67902602.157266
15.473297119140625,73.832027,2.690000057220459,-82.401917,2020-02-25,0.9679870009422302,8,67902603.037437
15.473283767700195,73.839301,2.4700000286102295,-82.30321502685547,2020-02-25,0.9840229749679565,11,67902603.058097
15.472949028015137,73.824122,14.609999656677246,-76.37310028076172,2020-02-25,0.9757649898529053,6,67902602.607709
15.472737312316895,73.816594,15.6899995803833,-79.559837,2020-02-25,0.9791330099105835,5,67902602.578785
15.472886085510254,73.831706,2.2799999713897705,-82.157761,2020-02-25,0.9612489938735962,8,67902603.029173
15.472872734069824,73.838979,2.509999990463257,-82.355377,2020-02-25,0.9915180206298828,11,67902603.049833
15.47253704071045,73.823799,18.239999771118164,-76.156837,2020-02-25,0.9809809923171997,6,67902602.599445
15.472474098205566,73.831384,2.2799999713897705,-82.273262,2020-02-25,0.9559320211410522,8,67902603.020909
15.472328186035156,73.816272,2.430000066757202,-79.908073,2020-02-25,0.9579619765281677,5,67902602.570521
15.472460746765137,73.838658,2.619999885559082,-82.370667,2020-02-25,0.9916480183601379,11,67902603.041569
15.472126007080078,73.823477,18.729999542236328,-75.35831451416016,2020-02-25,0.9527919888496399,6,67902602.591181
15.472063064575195,73.831063,2.319999933242798,-82.142616,2020-02-25,0.9629629850387573,8,67902603.012645
15.472049713134766,73.838337,5.050000190734863,-82.291512,2020-02-25,0.9874929785728455,11,67902603.033305
15.471875190734863,73.808151,14.1899995803833,-78.576714,2020-02-25,0.9568690061569214,3,67902602.132474
15.471916198730469,73.81594848632812,12.470000267028809,-79.933349609375,2020-02-25,0.9553520083427429,5,67902602.562257
15.471559524536133,73.8005142211914,2.2799999713897705,-81.87752532958984,2020-02-25,0.9600399732589722,2,67902602.10355
15.471464157104492,73.80783081054688,11.529999732971191,-78.161461,2020-02-25,0.9655190110206604,3,67902602.12421
15.471506118774414,73.815628,8.350000381469727,-76.621651,2020-02-25,0.97291499376297,5,67902602.553993
15.471652030944824,73.830742,2.359999895095825,-81.896278,2020-02-25,0.9557600021362305,8,67902603.004381
15.471638679504395,73.838015,2.509999990463257,-82.23405456542969,2020-02-25,0.9819790124893188,11,67902603.025041
15.471305847167969,73.822834,4.0,-75.468513,2020-02-25,0.9555069804191589,6,67902602.574653
15.471149444580078,73.800192,2.2799999713897705,-81.94366455078125,2020-02-25,0.952455997467041,2,67902602.095286
15.471094131469727,73.815306,17.489999771118164,-77.573776,2020-02-25,0.9520230293273926,5,67902602.545729
15.471240043640137,73.8304214477539,2.359999895095825,-81.76593017578125,2020-02-25,0.960582971572876,8,67902602.996117
15.471226692199707,73.837694,2.319999933242798,-82.35432434082031,2020-02-25,0.9660590291023254,11,67902603.016777
15.470684051513672,73.814985,14.609999656677246,-77.822388,2020-02-25,0.9595980048179626,5,67902602.537465
15.470829010009766,73.830099,2.509999990463257,-81.679863,2020-02-25,0.9630860090255737,8,67902602.987853
15.470815658569336,73.837373,2.390000104904175,-82.429352,2020-02-25,0.9845640063285828,11,67902603.008513
15.470483779907227,73.82218933105469,14.9399995803833,-75.14579010009766,2020-02-25,0.9784179925918579,6,67902602.558125
15.470230102539062,73.806866,15.84000015258789,-80.07872009277344,2020-02-25,0.9646570086479187,3,67902602.099418
15.470273971557617,73.814663,5.989999771118164,-80.109451,2020-02-25,0.9645079970359802,5,67902602.529201
15.470417976379395,73.829777,4.190000057220459,-80.243912,2020-02-25,0.9604660272598267,8,67902602.979589
15.470404624938965,73.837051,2.359999895095825,-82.42657470703125,2020-02-25,0.981253981590271,11,67902603.000249
15.470006942749023,73.829456,8.350000381469727,-81.768944,2020-02-25,0.9683840274810791,8,67902602.971325
15.469452857971191,73.81401824951172,2.4700000286102295,-80.049263,2020-02-25,0.9552860260009766,5,67902602.512673
15.469595909118652,73.829134,10.220000267028809,-81.718819,2020-02-25,0.9776189923286438,8,67902602.963061
15.469250679016113,73.821224,20.270000457763672,-75.616302,2020-02-25,0.9548230171203613,6,67902602.533333
15.469184875488281,73.828813,2.359999895095825,-82.04362487792969,2020-02-25,0.9531040191650391,8,67902602.954797
15.468586921691895,73.80558013916016,5.050000190734863,-79.525513,2020-02-25,0.9662430286407471,3,67902602.066362
15.46877384185791,73.828491,3.5199999809265137,-81.95389556884766,2020-02-25,0.961775004863739,8,67902602.946533
15.46843147277832,73.820581,9.550000190734863,-76.135201,2020-02-25,0.9829009771347046,6,67902602.516805
15.468220710754395,73.813055,2.509999990463257,-79.8970947265625,2020-02-25,0.9628620147705078,5,67902602.487881
15.467951774597168,73.827848,4.449999809265137,-80.91415405273438,2020-02-25,0.9536589980125427,8,67902602.930005
15.46780776977539,73.812734,10.640000343322754,-79.769432,2020-02-25,0.9523760080337524,5,67902602.479617
15.46739673614502,73.812412,14.529999732971191,-79.149094,2020-02-25,0.9766290187835693,5,67902602.471353
15.467609405517578,73.819938,7.230000019073486,-76.421318,2020-02-25,0.9584400057792664,6,67902602.500277
15.467541694641113,73.827526,2.990000009536743,-82.006233,2020-02-25,0.9546769857406616,8,67902602.921741
15.467528343200684,73.834801,2.319999933242798,-82.367157,2020-02-25,0.9911159873008728,11,67902602.942401
15.467039108276367,73.796977,2.5799999237060547,-81.922028,2020-02-25,0.9537069797515869,2,67902602.012646
15.466986656188965,73.812091,5.800000190734863,-74.40451049804688,2020-02-25,0.9892809987068176,5,67902602.463088
15.467198371887207,73.819617,14.270000457763672,-76.167023,2020-02-25,0.9633269906044006,6,67902602.492013
15.467130661010742,73.827205,2.4700000286102295,-81.924942,2020-02-25,0.9600539803504944,8,67902602.913477
15.466788291931152,73.819295,10.640000343322754,-77.580582,2020-02-25,0.9779880046844482,6,67902602.483749
15.466574668884277,73.811769,17.040001,-78.7242660522461,2020-02-25,0.9779379963874817,5,67902602.454822
15.466719627380371,73.826883,2.359999895095825,-81.89844512939453,2020-02-25,0.9840660095214844,8,67902602.905213
15.466706275939941,73.834158,2.359999895095825,-82.412262,2020-02-25,0.9883919954299927,11,67902602.925873
15.466377258300781,73.818974,6.329999923706055,-79.093758,2020-02-25,0.9544849991798401,6,67902602.475485
15.466164588928223,73.811448,2.9200000762939453,-77.7289047241211,2020-02-25,0.9516069889068604,5,67902602.446556
15.466309547424316,73.826561,2.359999895095825,-81.863663,2020-02-25,0.9903920292854309,8,67902602.896949
15.46629524230957,73.833836,2.390000104904175,-82.238029,2020-02-25,0.9705349802970886,11,67902602.917609
15.465967178344727,73.818652,2.390000104904175,-79.123932,2020-02-25,0.9659649729728699,6,67902602.467221
15.465899467468262,73.826239,2.359999895095825,-81.72697448730469,2020-02-25,0.9876629710197449,8,67902602.888685
15.465751647949219,73.811126,16.81999969482422,-79.444359,2020-02-25,0.9519240260124207,5,67902602.43829
15.4658842086792,73.833514,18.84000015258789,-82.057602,2020-02-25,0.9756519794464111,11,67902602.909345
15.465556144714355,73.818331,2.4700000286102295,-79.20248413085938,2020-02-25,0.9589210152626038,6,67902602.458955
15.46548843383789,73.825918,2.319999933242798,-81.558418,2020-02-25,0.9899299740791321,8,67902602.880421
15.465473175048828,73.833192,16.030001,-79.87028503417969,2020-02-25,0.9819819927215576,11,67902602.901081
15.465299606323242,73.803007,2.5799999237060547,-81.919487,2020-02-25,0.9565430283546448,3,67902602.00025
15.465343475341797,73.810805,4.599999904632568,-78.08460998535156,2020-02-25,0.9538549780845642,5,67902602.430024
15.464930534362793,73.810483,10.600000381469727,-78.718742,2020-02-25,0.9791300296783447,5,67902602.421758
15.465143203735352,73.818009,14.010000228881836,-77.078781,2020-02-25,0.9792889952659607,6,67902602.450689
15.465078353881836,73.825596,2.390000104904175,-81.316681,2020-02-25,0.9855939745903015,8,67902602.872157
15.465062141418457,73.83287048339844,14.380000114440918,-69.576103,2020-02-25,0.9659540057182312,11,67902602.892817
15.4644775390625,73.802363,2.5799999237060547,-81.918221,2020-02-25,0.9550830125808716,3,67902601.983722
15.464518547058105,73.810162,9.699999809265137,-78.29776000976562,2020-02-25,0.9817289710044861,5,67902602.413492
15.464667320251465,73.825274,2.4700000286102295,-81.079833984375,2020-02-25,0.9783440232276917,8,67902602.863893
15.46465015411377,73.832548,20.489999771118164,-56.88512420654297,2020-02-25,0.9897779822349548,11,67902602.884553
15.46432113647461,73.817366,13.220000267028809,-75.139442,2020-02-25,0.9807260036468506,6,67902602.434157
15.464065551757812,73.802041,2.5399999618530273,-81.933792,2020-02-25,0.9631969928741455,3,67902601.975458
15.464256286621094,73.824952,2.390000104904175,-80.949249,2020-02-25,0.9628660082817078,8,67902602.855629
15.464238166809082,73.832226,10.859999656677246,-33.25171661376953,2020-02-25,0.9842829704284668,11,67902602.876289
15.463909149169922,73.817044,14.199999809265137,-71.661568,2020-02-25,0.9560350179672241,6,67902602.425891
15.463846206665039,73.82463073730469,2.390000104904175,-80.904068,2020-02-25,0.9710350036621094,8,67902602.847365
15.463655471801758,73.801719,2.6600000858306885,-81.89616394042969,2020-02-25,0.9583780169487,3,67902601.967194
15.463828086853027,73.831904,4.869999885559082,-25.93647575378418,2020-02-25,0.9635419845581055,11,67902602.868025
15.463497161865234,73.816723,20.559999,-69.323662,2020-02-25,0.9822139739990234,6,67902602.417625
15.463434219360352,73.824308,18.729999542236328,-80.33502960205078,2020-02-25,0.970399022102356,8,67902602.839101
15.463244438171387,73.801397,2.7699999809265137,-81.945778,2020-02-25,0.9558789730072021,3,67902601.95893
15.46328353881836,73.809197,14.5,-74.064819,2020-02-25,0.9611920118331909,5,67902602.388694
15.463417053222656,73.831582,5.840000152587891,-25.967060089111328,2020-02-25,0.9674699902534485,11,67902602.859761
15.462833404541016,73.801074,2.5799999237060547,-81.817459,2020-02-25,0.950872004032135,3,67902601.950666
15.463085174560547,73.816401,8.460000038146973,-52.169254302978516,2020-02-25,0.9777420163154602,6,67902602.409359
15.46302318572998,73.823986,17.90999984741211,-78.942596,2020-02-25,0.981997013092041,8,67902602.830837
15.463006019592285,73.83126068115234,4.900000095367432,-30.124431610107422,2020-02-25,0.9577900171279907,11,67902602.851497
15.462672233581543,73.816079,9.170000076293945,-42.41282272338867,2020-02-25,0.9550790190696716,6,67902602.401093
15.462457656860352,73.808553,21.200001,-64.1655502319336,2020-02-25,0.9835050106048584,5,67902602.372162
15.462613105773926,73.823663,10.220000267028809,-78.41215515136719,2020-02-25,0.9780960083007812,8,67902602.822573
15.46259593963623,73.830938,5.130000114440918,-33.976200103759766,2020-02-25,0.9605889916419983,11,67902602.843233
15.462098121643066,73.7931137084961,16.969999,-63.08959197998047,2020-02-25,0.9638599753379822,2,67902601.913478
15.462260246276855,73.815758,11.420000076293945,-39.547035217285156,2020-02-25,0.9590740203857422,6,67902602.392827
15.462202072143555,73.823341,17.420000076293945,-77.852219,2020-02-25,0.9832370281219482,8,67902602.814309
15.462185859680176,73.830616,5.800000190734863,-40.1702880859375,2020-02-25,0.9822210073471069,11,67902602.834969
15.461849212646484,73.815436,2.509999990463257,-38.792831,2020-02-25,0.9584519863128662,6,67902602.384561
15.46163272857666,73.80790710449219,12.210000038146973,-39.803051,2020-02-25,0.9791060090065002,5,67902602.35563
15.461791038513184,73.823019,22.290001,-77.479713,2020-02-25,0.9861289858818054,8,67902602.806045
15.461774826049805,73.830294,9.140000343322754,-46.867599,2020-02-25,0.9639559984207153,11,67902602.826705
15.461273193359375,73.79246520996094,16.739999771118164,-50.3754768371582,2020-02-25,0.9783980250358582,2,67902601.89695
15.461438179016113,73.815114,2.619999885559082,-39.02602767944336,2020-02-25,0.9537590146064758,6,67902602.376295
15.461379051208496,73.822696,27.979999542236328,-75.501419,2020-02-25,0.9877870082855225,8,67902602.797781
15.461363792419434,73.829972,10.149999618530273,-41.27116775512695,2020-02-25,0.9835339784622192,11,67902602.818441
15.460862159729004,73.792143,12.470000267028809,-48.71977996826172,2020-02-25,0.9659720063209534,2,67902601.888686
15.461026191711426,73.814793,2.4700000286102295,-39.241825103759766,2020-02-25,0.9515519738197327,6,67902602.368029
15.460966110229492,73.822374,35.060001,-50.719879,2020-02-25,0.96213698387146,8,67902602.789517
15.460952758789062,73.829649,5.909999847412109,-32.97115707397461,2020-02-25,0.9649109840393066,11,67902602.810177
15.46045207977295,73.79181671142578,12.850000381469727,-57.13815689086914,2020-02-25,0.9626799821853638,2,67902601.880422
15.460396766662598,73.806945,13.300000190734863,-40.93977355957031,2020-02-25,0.9575099945068359,5,67902602.330832
15.460614204406738,73.814471,5.090000152587891,-39.909793853759766,2020-02-25,0.953980028629303,6,67902602.359763
15.460555076599121,73.822052,30.010000228881836,-43.07147216796875,2020-02-25,0.9539840221405029,8,67902602.781253
15.460541725158691,73.829327,4.230000019073486,-30.75238609313965,2020-02-25,0.9589290022850037,11,67902602.801913
15.46004581451416,73.791498,10.9399995803833,-81.974548,2020-02-25,0.9553549885749817,2,67902601.872158
15.459953308105469,73.798817,3.890000104904175,-80.508324,2020-02-25,0.9763380289077759,3,67902601.892818
15.460145950317383,73.821729,11.199999809265137,-42.17759704589844,2020-02-25,0.986050009727478,8,67902602.772989
15.46013069152832,73.829004,7.53000020980835,-30.924541473388672,2020-02-25,0.9639359712600708,11,67902602.793649
15.459635734558105,73.791175,2.4700000286102295,-81.82194519042969,2020-02-25,0.9528710246086121,2,67902601.863894
15.459538459777832,73.798494,14.9399995803833,-72.01605987548828,2020-02-25,0.9683730006217957,3,67902601.884554
15.459572792053223,73.806301,9.8100004196167,-40.59916687011719,2020-02-25,0.9541599750518799,5,67902602.3143
15.459734916687012,73.821406,9.65999984741211,-40.2082633972168,2020-02-25,0.9532529711723328,8,67902602.764725
15.45971965789795,73.828682,9.210000038146973,-30.63457489013672,2020-02-25,0.9616770148277283,11,67902602.785385
15.459308624267578,73.828359,13.329999923706055,-31.14445686340332,2020-02-25,0.9588890075683594,11,67902602.777121
15.45891284942627,73.820761,11.869999885559082,-36.192162,2020-02-25,0.9553290009498596,8,67902602.748197
15.458715438842773,73.797849,7.710000038146973,-63.891129,2020-02-25,0.9639520049095154,3,67902601.868026
15.458749771118164,73.805658,8.989999771118164,-44.49366760253906,2020-02-25,0.9614440202713013,5,67902602.297768
15.4585542678833,73.812862,14.569999694824219,-44.61176300048828,2020-02-25,0.9520490169525146,6,67902602.318433
15.458500862121582,73.820439,12.470000267028809,-34.6572265625,2020-02-25,0.9557690024375916,8,67902602.739933
15.458488464355469,73.827714,7.150000095367432,-35.581299,2020-02-25,0.959863007068634,11,67902602.760593
15.45814323425293,73.812541,17.979999542236328,-54.388248,2020-02-25,0.984669029712677,6,67902602.310167
15.457893371582031,73.797204,10.449999809265137,-72.270409,2020-02-25,0.9752439856529236,3,67902601.851498
15.45772933959961,73.812219,3.0999999046325684,-28.85468864440918,2020-02-25,0.9854260087013245,6,67902602.301901
15.457481384277344,73.796881,9.210000038146973,-70.45977020263672,2020-02-25,0.9797469973564148,3,67902601.843234
15.457514762878418,73.804693,12.579999923706055,-55.776546478271484,2020-02-25,0.9750379920005798,5,67902602.27297
15.457680702209473,73.819793,2.9200000762939453,-39.367432,2020-02-25,0.952921986579895,8,67902602.723405
15.457318305969238,73.811897,11.5,-40.158958,2020-02-25,0.9846270084381104,6,67902602.293635
15.457268714904785,73.81947326660156,8.199999809265137,-40.487411,2020-02-25,0.953594982624054,8,67902602.715141
15.456903457641602,73.811575,35.02000045776367,-43.538997650146484,2020-02-25,0.9813780188560486,6,67902602.285369
15.45685863494873,73.819148,7.75,-43.810813903808594,2020-02-25,0.9825909733772278,8,67902602.706877
15.456657409667969,73.796236,7.340000152587891,-62.340881,2020-02-25,0.96800297498703,3,67902601.826706
15.456690788269043,73.804049,20.829999923706055,-67.47066497802734,2020-02-25,0.9590190052986145,5,67902602.256438
15.456844329833984,73.826424,2.7300000190734863,-30.649932861328125,2020-02-25,0.9561179876327515,11,67902602.727537
15.456277847290039,73.803728,31.5,-69.481277,2020-02-25,0.975953996181488,5,67902602.248172
15.456496238708496,73.811254,15.84000015258789,-67.95589447021484,2020-02-25,0.9861590266227722,6,67902602.277103
15.45644760131836,73.8188247680664,2.990000009536743,-45.02943420410156,2020-02-25,0.964792013168335,8,67902602.698613
15.456433296203613,73.826101,2.619999885559082,-31.511404037475586,2020-02-25,0.9536849856376648,11,67902602.719273
15.456085205078125,73.810932,13.970000267028809,-71.609772,2020-02-25,0.982109010219574,6,67902602.268837
15.455838203430176,73.795592,2.619999885559082,-81.94112396240234,2020-02-25,0.9500129818916321,3,67902601.810178
15.455867767333984,73.80340576171875,11.539999961853027,-65.818359,2020-02-25,0.9566519856452942,5,67902602.239906
15.456035614013672,73.818502,10.789999961853027,-45.13029479980469,2020-02-25,0.9797689914703369,8,67902602.690349
15.456022262573242,73.825778,4.639999866485596,-33.44020462036133,2020-02-25,0.9586300253868103,11,67902602.711009
15.45567512512207,73.810611,6.03000020980835,-79.94367980957031,2020-02-25,0.95797199010849,6,67902602.260571
15.455455780029297,73.803084,16.559999,-66.191521,2020-02-25,0.977774977684021,5,67902602.231642
15.455625534057617,73.81817626953125,9.0600004196167,-47.915539,2020-02-25,0.9842770099639893,8,67902602.682085
15.455611228942871,73.82545471191406,17.190001,-46.099639892578125,2020-02-25,0.9908049702644348,11,67902602.702745
15.4552640914917,73.810289,2.4700000286102295,-81.797119,2020-02-25,0.980135977268219,6,67902602.252305
15.455215454101562,73.817857,12.850000381469727,-49.44230270385742,2020-02-25,0.9736570119857788,8,67902602.673821
15.455202102661133,73.825133,8.390000343322754,-62.448872,2020-02-25,0.9624469876289368,11,67902602.694481
15.454852104187012,73.809968,2.430000066757202,-81.86841583251953,2020-02-25,0.9820029735565186,6,67902602.244039
15.454804420471191,73.817534,11.3100004196167,-45.617779,2020-02-25,0.984466016292572,8,67902602.665557
15.454632759094238,73.802441,11.050000190734863,-63.9353141784668,2020-02-25,0.9501590132713318,5,67902602.215114
15.454791069030762,73.8248062133789,17.079999923706055,-78.254608,2020-02-25,0.9666079878807068,11,67902602.686217
15.454440116882324,73.809646,2.4700000286102295,-81.86894989013672,2020-02-25,0.9862139821052551,6,67902602.235774
15.45439338684082,73.817212,7.110000133514404,-42.717933654785156,2020-02-25,0.9818189740180969,8,67902602.657293
15.454380989074707,73.824488,2.390000104904175,-82.00944519042969,2020-02-25,0.9839069843292236,11,67902602.677953
15.45422077178955,73.80211639404297,9.960000038146973,-66.985748,2020-02-25,0.9601219892501831,5,67902602.20685
15.45380973815918,73.801799,18.31999969482422,-76.62466430664062,2020-02-25,0.9766709804534912,5,67902602.198586
15.454028129577637,73.809325,2.430000066757202,-81.871788,2020-02-25,0.965785026550293,6,67902602.22751
15.45398235321045,73.816889,6.179999828338623,-42.23838806152344,2020-02-25,0.9618909955024719,8,67902602.649029
15.453969955444336,73.82416534423828,2.319999933242798,-81.90816497802734,2020-02-25,0.9915120005607605,11,67902602.669689
15.45361614227295,73.809003,2.430000066757202,-81.83341979980469,2020-02-25,0.9716659784317017,6,67902602.219246
15.453400611877441,73.801477,2.4700000286102295,-81.788498,2020-02-25,0.9562299847602844,5,67902602.190322
15.453571319580078,73.816567,22.739999771118164,-62.46231460571289,2020-02-25,0.987742006778717,8,67902602.640765
15.453558921813965,73.823843,2.319999933242798,-81.95100402832031,2020-02-25,0.9913430213928223,11,67902602.661425
15.453205108642578,73.808682,2.430000066757202,-81.826172,2020-02-25,0.9688119888305664,6,67902602.210982
15.452988624572754,73.801156,2.509999990463257,-81.993233,2020-02-25,0.9767829775810242,5,67902602.182058
15.45316219329834,73.816244,12.699999809265137,-81.777946,2020-02-25,0.9563919901847839,8,67902602.632501
15.453147888183594,73.82351684570312,2.319999933242798,-81.957649,2020-02-25,0.9845939874649048,11,67902602.653161
15.45279312133789,73.80835723876953,2.430000066757202,-81.927437,2020-02-25,0.9715099930763245,6,67902602.202718
15.452736854553223,73.823198,2.319999933242798,-81.919907,2020-02-25,0.9742820262908936,11,67902602.644897
15.452381134033203,73.808039,2.390000104904175,-81.844742,2020-02-25,0.9689450263977051,6,67902602.194454
15.452325820922852,73.822875,2.359999895095825,-81.995216,2020-02-25,0.9660450220108032,11,67902602.636633
15.452166557312012,73.800513,2.430000066757202,-81.92469024658203,2020-02-25,0.9670799970626831,5,67902602.16553
15.451754570007324,73.800192,2.430000066757202,-81.838272,2020-02-25,0.9774699807167053,5,67902602.157266
15.451970100402832,73.807717,2.509999990463257,-81.892448,2020-02-25,0.9642199873924255,6,67902602.18619
15.451915740966797,73.822553,2.359999895095825,-82.07777404785156,2020-02-25,0.9552099704742432,11,67902602.628369
15.451558113098145,73.8073959350586,2.430000066757202,-81.817848,2020-02-25,0.9525079727172852,6,67902602.177926
15.451343536376953,73.79987335205078,2.4700000286102295,-81.921623,2020-02-25,0.9677670001983643,5,67902602.149002
15.451519012451172,73.814955,2.2799999713897705,-81.955032,2020-02-25,0.9835659861564636,8,67902602.599445
15.451504707336426,73.82222747802734,2.359999895095825,-82.024323,2020-02-25,0.9573090076446533,11,67902602.620105
15.451147079467773,73.807075,2.390000104904175,-81.892227,2020-02-25,0.9538760185241699,6,67902602.169662
15.450933456420898,73.799549,2.430000066757202,-81.842072,2020-02-25,0.9673830270767212,5,67902602.140738
15.4511079788208,73.814633,2.319999933242798,-81.95594024658203,2020-02-25,0.9632480144500732,8,67902602.591181
15.450736045837402,73.806753,2.359999895095825,-81.853759765625,2020-02-25,0.9560819864273071,6,67902602.161398
15.45069694519043,73.814311,2.319999933242798,-81.907784,2020-02-25,0.9559659957885742,8,67902602.582917
15.450521469116211,73.799228,2.390000104904175,-81.983391,2020-02-25,0.9582579731941223,5,67902602.132474
15.450286865234375,73.813989,2.240000009536743,-81.9093246459961,2020-02-25,0.962831974029541,8,67902602.574653
15.449699401855469,73.798585,2.430000066757202,-81.99201965332031,2020-02-25,0.9544199705123901,5,67902602.115946
15.449875831604004,73.813667,2.319999933242798,-81.896553,2020-02-25,0.9893220067024231,8,67902602.566389
15.449860572814941,73.820942,2.359999895095825,-82.009644,2020-02-25,0.9508680105209351,11,67902602.587049
15.449464797973633,73.813346,2.319999933242798,-81.94149017333984,2020-02-25,0.9840350151062012,8,67902602.558125
15.449053764343262,73.813024,2.2799999713897705,-81.902161,2020-02-25,0.9795230031013489,8,67902602.549861
15.448643684387207,73.812702,2.240000009536743,-81.913643,2020-02-25,0.9718340039253235,8,67902602.541597
15.448267936706543,73.80482482910156,2.430000066757202,-81.9007339477539,2020-02-25,0.9534980058670044,6,67902602.111814
15.448232650756836,73.812381,2.319999933242798,-81.959663,2020-02-25,0.971327006816864,8,67902602.533333
15.447856903076172,73.80450439453125,2.4700000286102295,-81.90587615966797,2020-02-25,0.9704660177230835,6,67902602.10355
15.447821617126465,73.812059,2.2799999713897705,-81.915283,2020-02-25,0.9653909802436829,8,67902602.525069
15.447643280029297,73.796978,2.390000104904175,-81.727463,2020-02-25,0.9585670232772827,5,67902602.074626
15.447410583496094,73.811738,2.2799999713897705,-81.91407012939453,2020-02-25,0.9590110182762146,8,67902602.516805
15.447001457214355,73.811416,2.240000009536743,-81.961403,2020-02-25,0.9618020057678223,8,67902602.508541
15.446590423583984,73.811095,2.319999933242798,-81.96928405761719,2020-02-25,0.9677129983901978,8,67902602.500277
15.446179389953613,73.810774,2.2799999713897705,-81.943115234375,2020-02-25,0.9637470245361328,8,67902602.492013
15.445768356323242,73.810452,2.2799999713897705,-81.92190551757812,2020-02-25,0.9702759981155396,8,67902602.483749
15.445754051208496,73.817725,2.240000009536743,-82.027206,2020-02-25,0.9510650038719177,11,67902602.504409
15.488692283630371,73.861164,16.81999969482422,-83.862892,2020-11-26,0.989093005657196,5,91617306.833049
15.488282203674316,73.860842,7.829999923706055,-78.332779,2020-11-26,0.9789010286331177,5,91617306.824785
15.487870216369629,73.86051940917969,6.739999771118164,-71.850616,2020-11-26,0.9586380124092102,5,91617306.816521
15.487456321716309,73.86019897460938,6.210000038146973,-61.301212310791016,2020-11-26,0.9555670022964478,5,91617306.808257
15.487043380737305,73.859879,5.800000190734863,-50.630951,2020-11-26,0.9795010089874268,5,91617306.799993
15.486632347106934,73.859557,5.880000114440918,-52.43068313598633,2020-11-26,0.9731569886207581,5,91617306.791729
15.486224174499512,73.859234,6.630000114440918,-70.10017395019531,2020-11-26,0.9515320062637329,5,91617306.783465
15.485812187194824,73.858913,13.180000305175781,-73.163177,2020-11-26,0.9845830202102661,5,91617306.775201
15.485400199890137,73.858591,18.129999,-73.41041564941406,2020-11-26,0.9802749752998352,5,91617306.766937
15.484579086303711,73.857948,14.460000038146973,-74.08903503417969,2020-11-26,0.9840790033340454,5,91617306.750409
15.482522964477539,73.85633850097656,17.870001,-74.667068,2020-11-26,0.9599270224571228,5,91617306.709089
15.469269752502441,73.860976,25.360001,-37.868202209472656,2020-11-26,0.9581969976425171,8,91617306.890897
15.468445777893066,73.860334,31.239999771118164,-38.020816802978516,2020-11-26,0.9620299935340881,8,91617306.874369
15.466129302978516,73.835711,17.450001,-74.54220581054688,2020-11-26,0.9805499911308289,3,91617305.948746
15.465715408325195,73.835389,16.440001,-60.433418,2020-11-26,0.9579830169677734,3,91617305.940482
15.465411186218262,73.827723,9.020000457763672,-74.792152,2020-11-26,0.9683610200881958,2,91617305.911557
15.465304374694824,73.835066,13.260000228881836,-56.835853576660156,2020-11-26,0.9524210095405579,3,91617305.932218
15.464858055114746,73.82040405273438,14.899999618530273,-74.293327,2020-11-26,0.9729880094528198,1,91617306.105762
15.46513557434082,73.865056,6.78000020980835,-17.229738235473633,2020-11-26,0.9736040234565735,11,91617306.828917
15.464723587036133,73.864735,18.239999771118164,-21.623388290405273,2020-11-26,0.9502540230751038,11,91617306.820653
15.464312553405762,73.864413,21.049999,-29.860647201538086,2020-11-26,0.978413999080658,11,91617306.812389
15.463903427124023,73.86408996582031,7.340000152587891,-28.983440399169922,2020-11-26,0.9506239891052246,11,91617306.804125
15.463493347167969,73.863768,5.800000190734863,-35.16702651977539,2020-11-26,0.9794650077819824,11,91617306.795861
15.463083267211914,73.863446,17.0,-53.277771,2020-11-26,0.9840220212936401,11,91617306.787597
15.46267318725586,73.863123,15.8100004196167,-62.533749,2020-11-26,0.9800810217857361,11,91617306.779333
15.462262153625488,73.862801,13.670000076293945,-64.763527,2020-11-26,0.9769099950790405,11,91617306.771069
15.461851119995117,73.86248016357422,14.680000305175781,-65.65906524658203,2020-11-26,0.9821419715881348,11,91617306.762805
15.461440086364746,73.862158,10.819999694824219,-64.788147,2020-11-26,0.9512450098991394,11,91617306.754541
15.461030006408691,73.861836,8.199999809265137,-67.288368,2020-11-26,0.9598649740219116,11,91617306.746277
15.460618019104004,73.861515,17.229999542236328,-70.559036,2020-11-26,0.9810879826545715,11,91617306.738013
15.460206985473633,73.861193,18.350000381469727,-72.263573,2020-11-26,0.9834759831428528,11,91617306.729749
15.459795951843262,73.860871,18.579999923706055,-72.908318,2020-11-26,0.9506170153617859,11,91617306.721485
15.45938491821289,73.860549,17.489999771118164,-73.536758,2020-11-26,0.9508979916572571,11,91617306.713221
15.458564758300781,73.859905,2.4700000286102295,-74.638878,2020-11-26,0.9523379802703857,11,91617306.696693
15.45815372467041,73.859583,2.5399999618530273,-75.033417,2020-11-26,0.9565550088882446,11,91617306.688429
15.457891464233398,73.870564,15.170000076293945,-73.8571548461914,2020-11-22,0.9529439806938171,0,91277296.84493
15.457331657409668,73.85894012451172,2.690000057220459,-76.035019,2020-11-26,0.9544860124588013,11,91617306.671901
15.456920623779297,73.858618,2.5399999618530273,-76.032059,2020-11-26,0.9527649879455566,11,91617306.663637
15.456527709960938,73.851002,9.4399995803833,-67.291801,2020-11-26,0.9652739763259888,8,91617306.634713
15.456507682800293,73.858298,13.40999984741211,-74.1655044555664,2020-11-26,0.9587159752845764,11,91617306.655373
15.456117630004883,73.85067749023438,7.340000152587891,-67.967613,2020-11-26,0.9788359999656677,8,91617306.626449
15.455985069274902,73.842994,10.109999656677246,-28.29064178466797,2020-11-26,0.9510560035705566,6,91617306.200797
15.456094741821289,73.857977,21.729999542236328,-72.420067,2020-11-26,0.9872210025787354,11,91617306.647109
15.455684661865234,73.857655,14.609999656677246,-72.502342,2020-11-26,0.9814630150794983,11,91617306.638845
15.455838203430176,73.868966,15.770000457763672,-56.5674934387207,2020-11-22,0.9577019810676575,0,91277296.80361
15.455272674560547,73.857334,19.030001,-65.920403,2020-11-26,0.9792580008506775,11,91617306.630581
15.454859733581543,73.857013,13.329999923706055,-51.84526443481445,2020-11-26,0.9779829978942871,11,91617306.622317
15.454599380493164,73.868008,6.03000020980835,-14.53000259399414,2020-11-22,0.9502080082893372,0,91277296.778818
15.454446792602539,73.856693,14.010000228881836,-37.55298614501953,2020-11-26,0.9539750218391418,11,91617306.614051
15.454036712646484,73.856371,6.099999904632568,-35.46431350708008,2020-11-26,0.9599930047988892,11,91617306.605785
15.453043937683105,73.803722,2.5799999237060547,-83.00989532470703,2020-11-26,0.9554470181465149,0,91617305.845445
15.453368186950684,73.867047,5.539999961853027,-17.778873443603516,2020-11-22,0.9546809792518616,0,91277296.754022
15.452827453613281,73.848109,19.59000015258789,-78.30591583251953,2020-11-26,0.9643809795379639,8,91617306.560322
15.452396392822266,73.855083,14.380000114440918,-72.46580505371094,2020-11-26,0.9510239958763123,11,91617306.572721
15.45203685760498,73.8734130859375,7.369999885559082,-79.416573,2020-11-22,0.9621689915657043,1,91277296.749889
15.45162296295166,73.87309265136719,15.920000076293945,-76.259407,2020-11-22,0.9648000001907349,1,91277296.741623
15.45116138458252,73.854119,17.75,-74.772057,2020-11-26,0.9824889898300171,11,91617306.547923
15.450750350952148,73.853797,17.719999,-76.434326171875,2020-11-26,0.9643099904060364,11,91617306.539657
15.450339317321777,73.853476,15.470000267028809,-76.783241,2020-11-26,0.9748690128326416,11,91617306.531391
15.45048999786377,73.864801,4.679999828338623,-22.368231,2020-11-22,0.9639620184898376,0,91277296.69616
15.449928283691406,73.853154,14.869999885559082,-78.0750961303711,2020-11-26,0.984591007232666,11,91617306.523125
15.449980735778809,73.871807,8.119999885559082,-80.312141,2020-11-22,0.9547610282897949,1,91277296.708559
15.449254035949707,73.863839,4.190000057220459,-18.025431,2020-11-22,0.9505929946899414,0,91277296.671362
15.449158668518066,73.871165,4.599999904632568,-82.44248962402344,2020-11-22,0.9670310020446777,1,91277296.692027
15.44637393951416,73.86158752441406,4.570000171661377,-35.26030349731445,2020-11-22,0.9533529877662659,0,91277296.6135
15.455854415893555,73.868526,13.739999771118164,-52.28920364379883,2021-02-24,0.9509980082511902,0,99437223.005687
15.453699111938477,73.87422943115234,6.179999828338623,-81.84724426269531,2021-02-24,0.9619089961051941,1,99437222.985022
15.453378677368164,73.866597,4.53000020980835,-16.9328556060791,2021-02-24,0.9556450247764587,0,99437222.956093
15.452875137329102,73.873585,5.579999923706055,-81.139816,2021-02-24,0.9638770222663879,1,99437222.96849
15.452555656433105,73.865953,8.050000190734863,-21.11602783203125,2021-02-24,0.9598140120506287,0,99437222.939565
15.452143669128418,73.865631,10.329999923706055,-22.531248092651367,2021-02-24,0.9567779898643494,0,99437222.931301
15.452049255371094,73.872943,13.4399995803833,-73.10733032226562,2021-02-24,0.9529629945755005,1,99437222.951961
15.450404167175293,73.871654,6.139999866485596,-77.780212,2021-02-24,0.9579700231552124,1,99437222.918905
15.449259757995605,73.863378,4.230000019073486,-17.754268646240234,2021-02-24,0.9576489925384521,0,99437222.873453
15.448848724365234,73.863056,6.25,-22.031545639038086,2021-02-24,0.9538689851760864,0,99437222.865189
15.536028861999512,73.834443,18.579999923706055,-69.546898,2021-03-04,0.9552429914474487,5,100117257.964797
15.535710334777832,73.786027,16.479999542236328,-49.997806549072266,2021-03-08,0.9779430031776428,8,100457270.1021
15.53568172454834,73.793316,12.130000114440918,-0.5038059949874878,2021-03-08,0.983817994594574,11,100457270.122761
15.535737991333008,73.804692,10.640000343322754,-60.81711959838867,2021-03-04,0.9538260102272034,0,100117257.687953
15.535297393798828,73.785705,13.970000267028809,-31.88344383239746,2021-03-08,0.9584919810295105,8,100457270.093836
15.535616874694824,73.83412170410156,23.899999618530273,-59.7730598449707,2021-03-04,0.9827209711074829,5,100117257.956533
15.535269737243652,73.792994,12.210000038146973,-0.1265210062265396,2021-03-08,0.9579700231552124,11,100457270.114496
15.53532600402832,73.80436706542969,11.869999885559082,-60.45720672607422,2021-03-04,0.9568179845809937,0,100117257.679689
15.5352144241333,73.811694,10.069999694824219,-23.303585052490234,2021-03-04,0.9639919996261597,1,100117257.700349
15.535416603088379,73.84133911132812,2.509999990463257,-82.021172,2021-03-04,0.9601879715919495,6,100117257.977193
15.53488540649414,73.785383,10.75,-18.339019775390625,2021-03-08,0.9782599806785583,8,100457270.085572
15.534859657287598,73.792672,10.039999961853027,-0.7376480102539062,2021-03-08,0.9576129913330078,11,100457270.106232
15.535229682922363,73.82599639892578,9.319999694824219,-26.62811851501465,2021-03-04,0.9721350073814392,3,100117257.518541
15.535204887390137,73.833797,18.129999,-45.939499,2021-03-04,0.9856489896774292,5,100117257.948269
15.534817695617676,73.825679,8.569999694824219,-24.70442008972168,2021-03-04,0.9690600037574768,3,100117257.510277
15.535003662109375,73.841017,18.389999,-79.89313507080078,2021-03-04,0.9759259819984436,6,100117257.968929
15.534448623657227,73.79235076904297,9.289999961853027,-2.806269884109497,2021-03-08,0.9564560055732727,11,100457270.097968
15.534793853759766,73.833475,11.15999984741211,-33.661942,2021-03-04,0.9789829850196838,5,100117257.940005
15.53450870513916,73.818028,10.670000076293945,-39.667877197265625,2021-03-04,0.9653350114822388,2,100117257.48135
15.534594535827637,73.840694,14.350000381469727,-76.14506530761719,2021-03-04,0.9739890098571777,6,100117257.960665
15.534037590026855,73.792028,11.350000381469727,-6.247068881988525,2021-03-08,0.9842709898948669,11,100457270.089704
15.534382820129395,73.833152,12.170000076293945,-26.70038604736328,2021-03-04,0.9599940180778503,5,100117257.931741
15.533982276916504,73.810729,7.900000095367432,-31.99466896057129,2021-03-04,0.9682689905166626,1,100117257.675557
15.53397274017334,73.83283233642578,11.680000305175781,-27.230021,2021-03-04,0.9541530013084412,5,100117257.923477
15.534181594848633,73.840371,18.879999,-66.3035659790039,2021-03-04,0.984184980392456,6,100117257.952401
15.533626556396484,73.791707,9.550000190734863,-5.608677864074707,2021-03-08,0.9687420129776001,11,100457270.08144
15.533682823181152,73.803082,8.800000190734863,-71.453911,2021-03-04,0.9612730145454407,0,100117257.646633
15.533684730529785,73.817384,8.949999809265137,-31.605321884155273,2021-03-04,0.9537039995193481,2,100117257.464818
15.533769607543945,73.840048,16.139999,-51.787571,2021-03-04,0.9825149774551392,6,100117257.944137
15.53357219696045,73.810407,12.65999984741211,-43.881889,2021-03-04,0.9669449925422668,1,100117257.667293
15.53358268737793,73.824713,10.899999618530273,-23.311147689819336,2021-03-04,0.9670900106430054,3,100117257.485483
15.533563613891602,73.832508,12.550000190734863,-32.988209,2021-03-04,0.9791240096092224,5,100117257.915213
15.53321647644043,73.791385,11.680000305175781,-12.35237979888916,2021-03-08,0.9862419962882996,11,100457270.073176
15.533270835876465,73.802761,12.279999732971191,-73.209869,2021-03-04,0.9549180269241333,0,100117257.638369
15.533358573913574,73.839726,13.739999771118164,-41.94293212890625,2021-03-04,0.9809929728507996,6,100117257.935873
15.533172607421875,73.824391,7.75,-23.027788162231445,2021-03-04,0.9631739854812622,3,100117257.477217
15.53315544128418,73.832187,14.3100004196167,-42.14627456665039,2021-03-04,0.9916939735412598,5,100117257.906949
15.532805442810059,73.791063,13.220000267028809,-18.260971069335938,2021-03-08,0.9796649813652039,11,100457270.064912
15.532861709594727,73.81674194335938,12.8100004196167,-30.077083587646484,2021-03-04,0.9554650187492371,2,100117257.448286
15.532758712768555,73.824068,17.899999618530273,-23.810707092285156,2021-03-04,0.960919976234436,3,100117257.468951
15.532946586608887,73.839403,13.40999984741211,-33.836739,2021-03-04,0.9501039981842041,6,100117257.927609
15.532394409179688,73.790741,10.710000038146973,-20.412965774536133,2021-03-08,0.984853982925415,11,100457270.056648
15.532745361328125,73.831865,15.84000015258789,-49.504940032958984,2021-03-04,0.977961003780365,5,100117257.898685
15.532343864440918,73.809442,9.0600004196167,-75.222878,2021-03-04,0.9665740132331848,1,100117257.642501
15.532451629638672,73.816418,10.75,-31.408355712890625,2021-03-04,0.9535160064697266,2,100117257.44002
15.532539367675781,73.839082,2.509999990463257,-30.945951461791992,2021-03-04,0.957190990447998,6,100117257.919345
15.53233528137207,73.831543,16.700001,-47.75505447387695,2021-03-04,0.9577069878578186,5,100117257.890421
15.531937599182129,73.82342529296875,14.489999771118164,-21.62693977355957,2021-03-04,0.9555870294570923,3,100117257.452419
15.531923294067383,73.831221,13.149999618530273,-38.39511489868164,2021-03-04,0.9795089960098267,5,100117257.882157
15.531572341918945,73.790096,9.59000015258789,-13.242059707641602,2021-03-08,0.9867429733276367,11,100457270.04012
15.531717300415039,73.838437,12.850000381469727,-34.031078,2021-03-04,0.9501090049743652,6,100117257.902817
15.531511306762695,73.830899,17.040001,-29.7498836517334,2021-03-04,0.9809330105781555,5,100117257.873893
15.531161308288574,73.789774,10.069999694824219,-12.57451057434082,2021-03-08,0.9778100252151489,11,100457270.031856
15.531209945678711,73.801152,12.65999984741211,-59.365482330322266,2021-03-04,0.956978976726532,0,100117257.597049
15.531307220458984,73.838115,13.069999694824219,-36.02580642700195,2021-03-04,0.9802380204200745,6,100117257.894553
15.531100273132324,73.830577,10.1899995803833,-22.316720962524414,2021-03-04,0.9843770265579224,5,100117257.865629
15.530750274658203,73.789452,10.069999694824219,-10.697632789611816,2021-03-08,0.9612820148468018,11,100457270.023592
15.530799865722656,73.80082702636719,11.350000381469727,-64.153526,2021-03-04,0.9667999744415283,0,100117257.588785
15.53089714050293,73.837793,15.020000457763672,-38.82365798950195,2021-03-04,0.9516810178756714,6,100117257.886289
15.530338287353516,73.78913116455078,11.720000267028809,-10.09432315826416,2021-03-08,0.9620910286903381,11,100457270.015328
15.530689239501953,73.830255,15.800000190734863,-18.999406814575195,2021-03-04,0.955111026763916,5,100117257.857365
15.530295372009277,73.822137,20.450001,-31.997663497924805,2021-03-04,0.9711440205574036,3,100117257.419355
15.529927253723145,73.788807,12.210000038146973,-11.02157211303711,2021-03-08,0.9714130163192749,11,100457270.007064
15.530279159545898,73.829933,11.199999809265137,-18.241289,2021-03-04,0.9740949869155884,5,100117257.849101
15.529886245727539,73.821816,18.389999,-38.3455696105957,2021-03-04,0.9683319926261902,3,100117257.411089
15.530076026916504,73.837149,13.890000343322754,-32.139511,2021-03-04,0.981249988079071,6,100117257.869761
15.529478073120117,73.821494,23.520000457763672,-55.54804992675781,2021-03-04,0.9737520217895508,3,100117257.402823
15.529664039611816,73.836827,14.90999984741211,-27.28034782409668,2021-03-04,0.979308009147644,6,100117257.861497
15.52884292602539,73.836184,9.4399995803833,-19.484477996826172,2021-03-04,0.9760670065879822,6,100117257.844969
15.52843189239502,73.835862,12.550000190734863,-17.44004249572754,2021-03-04,0.9748560190200806,6,100117257.836705
15.527814865112305,73.828002,15.09000015258789,-21.557091,2021-03-04,0.9526709914207458,5,100117257.799517
15.52740478515625,73.827681,10.970000267028809,-23.763491,2021-03-04,0.9840120077133179,5,100117257.791253
15.527200698852539,73.834897,9.59000015258789,-21.17804718017578,2021-03-04,0.9506679773330688,6,100117257.811913
15.526992797851562,73.827359,19.850000381469727,-25.892107009887695,2021-03-04,0.9633219838142395,5,100117257.782989
15.525968551635742,73.833932,8.050000190734863,-22.714313507080078,2021-03-04,0.9800519943237305,6,100117257.787121
15.525558471679688,73.83361053466797,9.619999885559082,-21.36907196044922,2021-03-04,0.9833809733390808,6,100117257.778857
15.525272369384766,73.841053,19.65999984741211,-53.14252471923828,2021-03-04,0.9859480261802673,8,100117258.196189
15.52493953704834,73.82575225830078,6.630000114440918,-24.073240280151367,2021-03-04,0.95135098695755,5,100117257.741669
15.524862289428711,73.840729,24.540001,-70.915901,2021-03-04,0.9534180164337158,8,100117258.187925
15.524530410766602,73.825429,2.4700000286102295,-28.263036727905273,2021-03-04,0.9522539973258972,5,100117257.733405
15.524324417114258,73.832644,11.720000267028809,-19.598325729370117,2021-03-04,0.9769440293312073,6,100117257.754065
15.524452209472656,73.840406,23.899999618530273,-76.1296157836914,2021-03-04,0.9828150272369385,8,100117258.179661
15.524041175842285,73.840082,11.460000038146973,-58.425785064697266,2021-03-04,0.9866300225257874,8,100117258.171397
15.523914337158203,73.832323,8.460000038146973,-21.296192169189453,2021-03-04,0.9550079703330994,6,100117257.745801
15.524020195007324,73.847372,13.710000038146973,-60.070751,2021-03-04,0.9866170287132263,11,100117258.192057
15.523629188537598,73.839758,14.680000305175781,-48.92791748046875,2021-03-04,0.9593390226364136,8,100117258.163133
15.523608207702637,73.847048,11.569999694824219,-46.973541,2021-03-04,0.9849439859390259,11,100117258.183793
15.523090362548828,73.831679,16.93000030517578,-22.939916610717773,2021-03-04,0.9716389775276184,6,100117257.729273
15.523218154907227,73.839434,11.5,-42.19301986694336,2021-03-04,0.9616680145263672,8,100117258.154869
15.52319622039795,73.846723,10.520000457763672,-33.743247985839844,2021-03-04,0.9680780172348022,11,100117258.175529
15.522808074951172,73.839111328125,8.869999885559082,-40.12503433227539,2021-03-04,0.9603670239448547,8,100117258.146605
15.522785186767578,73.846399,9.359999656677246,-24.849807739257812,2021-03-04,0.9886279702186584,11,100117258.167265
15.522397994995117,73.838787,4.340000152587891,-37.95199203491211,2021-03-04,0.9676960110664368,8,100117258.138341
15.522375106811523,73.846076,12.550000190734863,-33.061546325683594,2021-03-04,0.9730589985847473,11,100117258.159001
15.522061347961426,73.823498,14.15999984741211,-33.23504638671875,2021-03-04,0.9653729796409607,5,100117257.683821
15.521986961364746,73.838463,13.710000038146973,-45.446331,2021-03-04,0.9775750041007996,8,100117258.130077
15.521965980529785,73.845753,17.979999542236328,-52.007232666015625,2021-03-04,0.982047975063324,11,100117258.150737
15.521651268005371,73.823176,11.3100004196167,-39.45839309692383,2021-03-04,0.983476996421814,5,100117257.675557
15.521577835083008,73.83814239501953,18.049999,-59.182029724121094,2021-03-04,0.9576050043106079,8,100117258.121813
15.52144718170166,73.830392,2.4700000286102295,-19.300851821899414,2021-03-04,0.9573280215263367,6,100117257.696217
15.521556854248047,73.84542846679688,13.670000076293945,-62.425601959228516,2021-03-04,0.9645469784736633,11,100117258.142473
15.521167755126953,73.837816,23.06999969482422,-69.13174438476562,2021-03-04,0.9881759881973267,8,100117258.113549
15.521147727966309,73.845107,6.03000020980835,-68.754288,2021-03-04,0.9512019753456116,11,100117258.134209
15.520829200744629,73.822533,10.970000267028809,-46.022171,2021-03-04,0.956794023513794,5,100117257.659029
15.520758628845215,73.837493,15.430000305175781,-71.65713500976562,2021-03-04,0.9811599850654602,8,100117258.105285
15.520737648010254,73.844783,15.319999694824219,-77.9872055053711,2021-03-04,0.9873809814453125,11,100117258.125945
15.520419120788574,73.822211,13.300000190734863,-56.4466667175293,2021-03-04,0.9818689823150635,5,100117257.650765
15.520346641540527,73.837169,31.020000457763672,-70.751289,2021-03-04,0.9616559743881226,8,100117258.097021
15.5203275680542,73.8444595336914,17.040001,-81.221512,2021-03-04,0.9737250208854675,11,100117258.117681
15.52000904083252,73.82189178466797,13.75,-63.97947692871094,2021-03-04,0.9829170107841492,5,100117257.642501
15.519935607910156,73.836846,11.869999885559082,-42.535186767578125,2021-03-04,0.978676974773407,8,100117258.088757
15.519918441772461,73.844136,10.789999961853027,-81.592613,2021-03-04,0.9908210039138794,11,100117258.109417
15.519597053527832,73.821568,18.049999,-64.04584503173828,2021-03-04,0.9652389883995056,5,100117257.634237
15.519523620605469,73.836522,15.319999694824219,-34.08720397949219,2021-03-04,0.9640550017356873,8,100117258.080493
15.51950740814209,73.843813,15.65999984741211,-81.717003,2021-03-04,0.9745370149612427,11,100117258.101153
15.519185066223145,73.821246,19.399999618530273,-63.7902946472168,2021-03-04,0.9520149827003479,5,100117257.625973
15.519112586975098,73.836198,13.970000267028809,-26.885591506958008,2021-03-04,0.9564449787139893,8,100117258.072229
15.519096374511719,73.843489,20.709999,-78.803322,2021-03-04,0.983601987361908,11,100117258.092889
15.518774032592773,73.820924,15.880000114440918,-61.64766311645508,2021-03-04,0.9813370108604431,5,100117257.617709
15.518978118896484,73.828461,15.359999656677246,-26.684791564941406,2021-03-04,0.9792450070381165,6,100117257.646633
15.518566131591797,73.828139,15.09000015258789,-26.12738037109375,2021-03-04,0.9743019938468933,6,100117257.638369
15.518701553344727,73.835875,16.889999,-22.05138397216797,2021-03-04,0.9620469808578491,8,100117258.063965
15.518686294555664,73.843165,18.799999,-72.276009,2021-03-04,0.9864510297775269,11,100117258.084625
15.518362045288086,73.820602,11.869999885559082,-57.109982,2021-03-04,0.9628700017929077,5,100117257.609445
15.518155097961426,73.827817,13.109999656677246,-26.136980056762695,2021-03-04,0.9589710235595703,6,100117257.630105
15.518275260925293,73.842842,16.370001,-61.410343170166016,2021-03-04,0.9847120046615601,11,100117258.076361
15.517951965332031,73.820281,12.279999732971191,-64.903603,2021-03-04,0.9850900173187256,5,100117257.601181
15.517743110656738,73.827495,15.800000190734863,-26.29192543029785,2021-03-04,0.9821630120277405,6,100117257.621841
15.517882347106934,73.835229,17.75,-22.689546585083008,2021-03-04,0.9824680089950562,8,100117258.047437
15.517863273620605,73.842518,15.239999771118164,-49.855621,2021-03-04,0.9608700275421143,11,100117258.068097
15.517539978027344,73.819959,11.979999542236328,-64.02149963378906,2021-03-04,0.9536700248718262,5,100117257.592917
15.517452239990234,73.842194,15.579999923706055,-42.039051,2021-03-04,0.9705510139465332,11,100117258.059833
15.517127990722656,73.819637,19.81999969482422,-70.97364044189453,2021-03-04,0.9529179930686951,5,100117257.584653
15.517062187194824,73.834583,15.989999771118164,-24.182621002197266,2021-03-04,0.9514260292053223,8,100117258.030909
15.517041206359863,73.841871,19.139999,-35.22175598144531,2021-03-04,0.9824429750442505,11,100117258.051569
15.516775131225586,73.81150817871094,9.140000343322754,-81.305222,2021-03-04,0.9780889749526978,3,100117257.146606
15.516508102416992,73.826529,12.170000076293945,-23.913612365722656,2021-03-04,0.9872270226478577,6,100117257.597049
15.516630172729492,73.841547,16.739999771118164,-24.586345672607422,2021-03-04,0.9839630126953125,11,100117258.043305
15.516363143920898,73.811187,13.630000114440918,-80.401016,2021-03-04,0.9596580266952515,3,100117257.138342
15.516304969787598,73.818993,22.770000457763672,-73.405457,2021-03-04,0.9621800184249878,5,100117257.568125
15.516097068786621,73.826208,8.09000015258789,-23.480921,2021-03-04,0.9595999717712402,6,100117257.588785
15.516242027282715,73.833937,15.470000267028809,-27.497222900390625,2021-03-04,0.9806780219078064,8,100117258.014381
15.516220092773438,73.841224,13.220000267028809,-19.168289,2021-03-04,0.9821280241012573,11,100117258.035041
15.51595401763916,73.810865,9.510000228881836,-81.129143,2021-03-04,0.9586219787597656,3,100117257.130078
15.51568603515625,73.825886,14.760000228881836,-31.227907180786133,2021-03-04,0.98192298412323,6,100117257.580521
15.51583194732666,73.833615,21.129999,-31.052669525146484,2021-03-04,0.9606829881668091,8,100117258.006117
15.515810012817383,73.840901,12.100000381469727,-19.151599884033203,2021-03-04,0.9881070256233215,11,100117258.026777
15.515485763549805,73.81835174560547,6.480000019073486,-77.837883,2021-03-04,0.9528589844703674,5,100117257.551597
15.515422821044922,73.833292,34.349998,-52.596218,2021-03-04,0.9904019832611084,8,100117257.997853
15.515132904052734,73.810221,7.900000095367432,-81.34902954101562,2021-03-04,0.9713910222053528,3,100117257.11355
15.515274047851562,73.825564,13.5600004196167,-26.70476531982422,2021-03-04,0.9858419895172119,6,100117257.572257
15.515400886535645,73.840579,13.630000114440918,-24.775789,2021-03-04,0.9814609885215759,11,100117258.018513
15.515073776245117,73.818028,6.960000038146973,-78.749634,2021-03-04,0.9564579725265503,5,100117257.543333
15.5150146484375,73.83296966552734,28.510000228881836,-63.129756927490234,2021-03-04,0.9818729758262634,8,100117257.989589
15.514663696289062,73.817707,2.5399999618530273,-79.2481460571289,2021-03-04,0.9570760130882263,5,100117257.535069
15.514862060546875,73.825242,17.299999,-25.1075382232666,2021-03-04,0.9529780149459839,6,100117257.563993
15.514991760253906,73.84025573730469,9.25,-29.765316009521484,2021-03-04,0.9853630065917969,11,100117258.010249
15.514606475830078,73.832648,21.200001,-74.327042,2021-03-04,0.9835820198059082,8,100117257.981325
15.514581680297852,73.839934,10.670000076293945,-37.506302,2021-03-04,0.9869199991226196,11,100117258.001985
15.514311790466309,73.809575,8.569999694824219,-81.144272,2021-03-04,0.960224986076355,3,100117257.097022
15.514450073242188,73.82492065429688,14.760000228881836,-23.16798973083496,2021-03-04,0.95175701379776,6,100117257.555729
15.51419734954834,73.832326,12.100000381469727,-75.88529968261719,2021-03-04,0.9663559794425964,8,100117257.973061
15.514171600341797,73.839611,12.279999732971191,-38.077068,2021-03-04,0.9624800086021423,11,100117257.993721
15.513900756835938,73.809253,7.96999979019165,-81.023109,2021-03-04,0.9500859975814819,3,100117257.088758
15.513839721679688,73.817063,4.0,-75.988487,2021-03-04,0.9563050270080566,5,100117257.518541
15.513788223266602,73.832004,7.380000114440918,-78.053574,2021-03-04,0.9672880172729492,8,100117257.964797
15.513762474060059,73.839289,10.039999961853027,-36.618141,2021-03-04,0.9708459973335266,11,100117257.985457
15.513426780700684,73.816741,18.729999542236328,-78.970978,2021-03-04,0.9829630255699158,5,100117257.510277
15.513378143310547,73.831682,10.640000343322754,-78.777168,2021-03-04,0.9605460166931152,8,100117257.956533
15.513352394104004,73.838966,8.350000381469727,-33.019661,2021-03-04,0.9690709710121155,11,100117257.977193
15.513015747070312,73.816419,19.290001,-80.317848,2021-03-04,0.9615300297737122,5,100117257.502013
15.51280689239502,73.823633,5.130000114440918,-28.436037063598633,2021-03-04,0.9802860021591187,6,100117257.522673
15.51294231414795,73.838644,9.140000343322754,-32.655303955078125,2021-03-04,0.966264009475708,11,100117257.968929
15.512605667114258,73.816097,8.949999809265137,-79.93120574951172,2021-03-04,0.9822869896888733,5,100117257.493748
15.512556076049805,73.831037,13.970000267028809,-65.307541,2021-03-04,0.9591040015220642,8,100117257.940005
15.512531280517578,73.838322,12.319999694824219,-30.88619613647461,2021-03-04,0.9608029723167419,11,100117257.960665
15.512393951416016,73.823311,18.020000457763672,-31.526187896728516,2021-03-04,0.955053985118866,6,100117257.514409
15.511983871459961,73.822989,6.550000190734863,-25.6033935546875,2021-03-04,0.9529250264167786,6,100117257.506145
15.511781692504883,73.815453,14.050000190734863,-78.834167,2021-03-04,0.9776409864425659,5,100117257.477216
15.511571884155273,73.822668,10.489999771118164,-28.49728012084961,2021-03-04,0.9863100051879883,6,100117257.497881
15.51173210144043,73.830392,19.139999,-39.053841,2021-03-04,0.9617900252342224,8,100117257.923477
15.511710166931152,73.837677,12.550000190734863,-25.202905654907227,2021-03-04,0.9660030007362366,11,100117257.944137
15.511093139648438,73.785376,14.529999732971191,-75.779327,2021-03-04,0.9623209834098816,0,100117257.192058
15.511370658874512,73.815131,16.860001,-77.846657,2021-03-04,0.9831640124320984,5,100117257.46895
15.511162757873535,73.822346,8.460000038146973,-39.41831970214844,2021-03-04,0.9574419856071472,6,100117257.489615
15.511321067810059,73.83007049560547,19.700001,-29.51695442199707,2021-03-04,0.9649659991264343,8,100117257.915213
15.511300086975098,73.837355,12.880000114440918,-25.188852310180664,2021-03-04,0.9645379781723022,11,100117257.935873
15.510910987854004,73.829748,4.71999979019165,-21.148069,2021-03-04,0.9630060195922852,8,100117257.906949
15.510753631591797,73.822025,12.170000076293945,-54.82270431518555,2021-03-04,0.9837440252304077,6,100117257.481349
15.510890007019043,73.837033,15.09000015258789,-23.118635177612305,2021-03-04,0.9502609968185425,11,100117257.927609
15.51050090789795,73.829426,6.739999771118164,-24.718429565429688,2021-03-04,0.9639250040054321,8,100117257.898685
15.510140419006348,73.814166,5.389999866485596,-81.45285034179688,2021-03-04,0.9645230174064636,5,100117257.444152
15.510345458984375,73.821704,16.40999984741211,-77.05572509765625,2021-03-04,0.9765769839286804,6,100117257.473083
15.50986385345459,73.78440856933594,7.0,-74.6576156616211,2021-03-04,0.9512979984283447,0,100117257.167266
15.509936332702637,73.821383,9.359999656677246,-81.059319,2021-03-04,0.9696729779243469,6,100117257.464817
15.510090827941895,73.829104,4.150000095367432,-25.19046974182129,2021-03-04,0.9655539989471436,8,100117257.890421
15.509729385375977,73.813844,3.369999885559082,-81.545601,2021-03-04,0.9782350063323975,5,100117257.435886
15.509450912475586,73.784088,19.139999,-74.3716049194336,2021-03-04,0.9664099812507629,0,100117257.159002
15.509526252746582,73.821061,2.509999990463257,-81.5912857055664,2021-03-04,0.9730899930000305,6,100117257.456551
15.50968074798584,73.828783,4.900000095367432,-23.554927825927734,2021-03-04,0.959077000617981,8,100117257.882157
15.509659767150879,73.836067,17.079999923706055,-37.64066696166992,2021-03-04,0.9587429761886597,11,100117257.902817
15.50931453704834,73.813522,19.889999,-78.792191,2021-03-04,0.969605028629303,5,100117257.42762
15.509115219116211,73.820739,2.4700000286102295,-81.63180541992188,2021-03-04,0.9652140140533447,6,100117257.448285
15.509269714355469,73.828461,16.139999,-31.587982177734375,2021-03-04,0.9500439763069153,8,100117257.873893
15.50862979888916,73.783443,14.380000114440918,-73.58594512939453,2021-03-04,0.9512720108032227,0,100117257.142474
15.508905410766602,73.81320190429688,11.390000343322754,-73.55485534667969,2021-03-04,0.953253984451294,5,100117257.419354
15.508859634399414,73.828139,27.079999923706055,-42.46615982055664,2021-03-04,0.9647870063781738,8,100117257.865629
15.50883960723877,73.835424,7.789999961853027,-32.49696350097656,2021-03-04,0.9595059752464294,11,100117257.886289
15.508220672607422,73.783121,12.100000381469727,-74.629921,2021-03-04,0.9605849981307983,0,100117257.13421
15.508249282836914,73.797401,20.260000228881836,-81.287201,2021-03-04,0.9702460169792175,2,100117256.952402
15.508493423461914,73.812878,13.859999656677246,-70.49705505371094,2021-03-04,0.9836639761924744,5,100117257.411088
15.50844955444336,73.827818,19.25,-45.36931228637695,2021-03-04,0.962228000164032,8,100117257.857365
15.508428573608398,73.835102,16.18000030517578,-30.176837921142578,2021-03-04,0.9584029912948608,11,100117257.878025
15.50810718536377,73.790446,9.770000457763672,-35.85888671875,2021-03-04,0.9505199790000916,1,100117257.15487
15.508148193359375,73.804733,15.09000015258789,-72.000816,2021-03-04,0.9569529891014099,3,100117256.973062
15.50808334350586,73.812556,13.40999984741211,-74.355347,2021-03-04,0.9800840020179749,5,100117257.402822
15.508293151855469,73.820095,2.430000066757202,-81.56380462646484,2021-03-04,0.9638779759407043,6,100117257.431753
15.507838249206543,73.797078,14.15999984741211,-75.38135528564453,2021-03-04,0.9662780165672302,2,100117256.944138
15.507882118225098,73.819773,2.4700000286102295,-81.566803,2021-03-04,0.9813039898872375,6,100117257.423487
15.508041381835938,73.827496,13.779999732971191,-48.054866790771484,2021-03-04,0.9555540084838867,8,100117257.849101
15.508017539978027,73.83477783203125,18.5,-29.115718841552734,2021-03-04,0.9687520265579224,11,100117257.869761
15.507736206054688,73.80441284179688,13.5600004196167,-67.020653,2021-03-04,0.9546160101890564,3,100117256.964798
15.507427215576172,73.796755,9.25,-67.788887,2021-03-04,0.9528999924659729,2,100117256.935874
15.507472038269043,73.819451,2.4700000286102295,-81.598343,2021-03-04,0.9807800054550171,6,100117257.415221
15.507630348205566,73.827174,14.420000076293945,-44.57367706298828,2021-03-04,0.9610009789466858,8,100117257.840837
15.507609367370605,73.834458,15.279999732971191,-31.70551109313965,2021-03-04,0.9662960171699524,11,100117257.861497
15.50732707977295,73.804087,4.449999809265137,-63.030899,2021-03-04,0.9574130177497864,3,100117256.956534
15.506987571716309,73.782154,12.880000114440918,-69.68708038330078,2021-03-04,0.9602169990539551,0,100117257.109418
15.506878852844238,73.789479,7.860000133514404,-53.369693756103516,2021-03-04,0.9563599824905396,1,100117257.130078
15.507061004638672,73.819129,2.4700000286102295,-81.519157,2021-03-04,0.9792010188102722,6,100117257.406955
15.507220268249512,73.826853,10.670000076293945,-50.74067306518555,2021-03-04,0.9837539792060852,8,100117257.832573
15.50719928741455,73.834137,12.8100004196167,-33.870513916015625,2021-03-04,0.9620090126991272,11,100117257.853233
15.50657844543457,73.781831,9.550000190734863,-73.467918,2021-03-04,0.9508979916572571,0,100117257.101154
15.506811141967773,73.826532,7.599999904632568,-58.76580047607422,2021-03-04,0.9835079908370972,8,100117257.824309
15.506600379943848,73.796108,11.720000267028809,-42.49138641357422,2021-03-04,0.9587810039520264,2,100117256.919346
15.506500244140625,73.803439,15.050000190734863,-47.40569305419922,2021-03-04,0.9663580060005188,3,100117256.940006
15.506789207458496,73.833816,12.020000457763672,-40.86113357543945,2021-03-04,0.9631159901618958,11,100117257.844969
15.506168365478516,73.781509,11.199999809265137,-77.166702,2021-03-04,0.9572650194168091,0,100117257.09289
15.506189346313477,73.795785,8.569999694824219,-36.636021,2021-03-04,0.9712460041046143,2,100117256.911082
15.506401062011719,73.82621002197266,16.81999969482422,-76.11396026611328,2021-03-04,0.9849439859390259,8,100117257.816045
15.506379127502441,73.833494,7.53000020980835,-45.71965789794922,2021-03-04,0.9639610052108765,11,100117257.836705
15.505777359008789,73.795462,10.069999694824219,-31.994394302368164,2021-03-04,0.9669770002365112,2,100117256.902818
15.50597095489502,73.833173,18.540001,-77.833473,2021-03-04,0.985634982585907,11,100117257.828441
15.505581855773926,73.825567,2.319999933242798,-81.63862609863281,2021-03-04,0.9839770197868347,8,100117257.799517
15.505561828613281,73.832852,5.579999923706055,-81.603706,2021-03-04,0.9911050200462341,11,100117257.820177
15.505170822143555,73.825246,2.2799999713897705,-81.662857,2021-03-04,0.9879480004310608,8,100117257.791253
15.504329681396484,73.831888,2.319999933242798,-81.825287,2021-03-04,0.9529439806938171,11,100117257.795385
15.503316879272461,73.793525,7.599999904632568,-40.23616409301758,2021-03-04,0.962457001209259,2,100117256.853234
15.502908706665039,73.793203,7.639999866485596,-53.668018,2021-03-04,0.9629610180854797,2,100117256.84497
15.503114700317383,73.823637,14.229999542236328,-81.46224975585938,2021-03-04,0.9537330269813538,8,100117257.749933
15.502500534057617,73.792881,8.3100004196167,-66.581017,2021-03-04,0.9787309765815735,2,100117256.836706
15.502092361450195,73.792559,11.350000381469727,-75.112068,2021-03-04,0.9669409990310669,2,100117256.828442
15.501270294189453,73.791914,21.760000228881836,-78.76922607421875,2021-03-04,0.9541659951210022,2,100117256.811914
15.501453399658203,73.82963562011719,2.2799999713897705,-81.686089,2021-03-04,0.9761250019073486,11,100117257.737537
15.500860214233398,73.791591,18.950001,-78.766838,2021-03-04,0.9577130079269409,2,100117256.80365
15.500449180603027,73.791269,22.729999542236328,-79.561684,2021-03-04,0.9641680121421814,2,100117256.795386
15.50021743774414,73.828669,20.829999923706055,-79.379044,2021-03-04,0.9763720035552979,11,100117257.712745
15.4996337890625,73.790626,2.5799999237060547,-81.367027,2021-03-04,0.977662980556488,2,100117256.778858
15.499807357788086,73.828348,14.609999656677246,-79.065041,2021-03-04,0.9582980275154114,11,100117257.704481
15.499222755432129,73.790304,2.5799999237060547,-81.458221,2021-03-04,0.9736700057983398,2,100117256.770594
15.499411582946777,73.820741,21.280001,-79.603759765625,2021-03-04,0.9538879990577698,8,100117257.675557
15.498669624328613,73.783026,8.119999885559082,-81.187553,2021-03-04,0.9566869735717773,1,100117256.964798
15.498812675476074,73.789983,2.7300000190734863,-81.37073516845703,2021-03-04,0.9696300029754639,2,100117256.76233
15.498984336853027,73.827704,16.40999984741211,-79.407372,2021-03-04,0.9832749962806702,11,100117257.687953
15.49840259552002,73.789661,2.690000057220459,-81.390938,2021-03-04,0.9652209877967834,2,100117256.754066
15.498573303222656,73.827382,14.5,-79.365501,2021-03-04,0.9773820042610168,11,100117257.679689
15.497849464416504,73.78237915039062,2.5799999237060547,-81.561447,2021-03-04,0.9824740290641785,1,100117256.94827
15.497993469238281,73.789339,2.690000057220459,-81.289886,2021-03-04,0.9604529738426208,2,100117256.745802
15.49758243560791,73.789018,2.690000057220459,-81.405853,2021-03-04,0.965857982635498,2,100117256.737538
15.497827529907227,73.80450439453125,13.0,-44.192131,2021-03-04,0.9604529738426208,5,100117257.196189
15.497749328613281,73.826739,19.219999,-78.508049,2021-03-04,0.9544500112533569,11,100117257.663161
15.497481346130371,73.796346,2.7300000190734863,-81.507874,2021-03-04,0.9523469805717468,3,100117256.758198
15.497420310974121,73.804182,8.90999984741211,-51.297901,2021-03-04,0.98369300365448,5,100117257.187925
15.497172355651855,73.788696,2.690000057220459,-81.310661,2021-03-04,0.977258026599884,2,100117256.729274
15.497355461120605,73.819132,20.68000030517578,-79.96961975097656,2021-03-04,0.9561489820480347,8,100117257.634237
15.497024536132812,73.781734,13.859999656677246,-78.254402,2021-03-04,0.9513800144195557,1,100117256.931742
15.497071266174316,73.796024,2.5799999237060547,-81.349136,2021-03-04,0.9588130116462708,3,100117256.749934
15.497011184692383,73.80386352539062,16.06999969482422,-66.697418,2021-03-04,0.9891279935836792,5,100117257.179661
15.4967622756958,73.788374,2.619999885559082,-81.335579,2021-03-04,0.9736859798431396,2,100117256.72101
15.496943473815918,73.81880950927734,28.129999,-80.471703,2021-03-04,0.9595199823379517,8,100117257.625973
15.496661186218262,73.795703,2.619999885559082,-81.337959,2021-03-04,0.9698759913444519,3,100117256.74167
15.496601104736328,73.803538,15.920000076293945,-72.22349548339844,2021-03-04,0.9849770069122314,5,100117257.171397
15.49635124206543,73.788053,2.619999885559082,-81.236443,2021-03-04,0.9742779731750488,2,100117256.712746
15.496251106262207,73.795381,2.690000057220459,-81.50436401367188,2021-03-04,0.9684399962425232,3,100117256.733406
15.496530532836914,73.818488,30.639999,-80.582512,2021-03-04,0.9528319835662842,8,100117257.617709
15.496515274047852,73.825773,18.43000030517578,-79.0332260131836,2021-03-04,0.9548879861831665,11,100117257.638369
15.496192932128906,73.803216,5.650000095367432,-74.59325408935547,2021-03-04,0.9546700119972229,5,100117257.163133
15.49612045288086,73.818166,26.489999771118164,-80.54627990722656,2021-03-04,0.9630140066146851,8,100117257.609445
15.495941162109375,73.787731,2.6500000953674316,-81.329041,2021-03-04,0.9792829751968384,2,100117256.704482
15.495840072631836,73.79505920410156,2.619999885559082,-81.500557,2021-03-04,0.9688829779624939,3,100117256.725142
15.495782852172852,73.802894,11.90999984741211,-81.383614,2021-03-04,0.9539769887924194,5,100117257.154869
15.495709419250488,73.817844,21.15999984741211,-80.718689,2021-03-04,0.9516509771347046,8,100117257.601181
15.495691299438477,73.825129,20.530001,-75.24065399169922,2021-03-04,0.9586629867553711,11,100117257.621841
15.4951171875,73.787088,14.720000267028809,-78.043777,2021-03-04,0.9563459753990173,2,100117256.687954
15.495298385620117,73.817523,15.65999984741211,-80.43790435791016,2021-03-04,0.9576539993286133,8,100117257.592917
15.494962692260742,73.80225372314453,2.430000066757202,-81.49308013916016,2021-03-04,0.9590680003166199,5,100117257.138341
15.494702339172363,73.786765,19.850000381469727,-63.13197708129883,2021-03-04,0.9738649725914001,2,100117256.67969
15.494885444641113,73.817201,24.799999,-80.197433,2021-03-04,0.9784020185470581,8,100117257.584653
15.494868278503418,73.824485,17.229999542236328,-67.340309,2021-03-04,0.9644629955291748,11,100117257.605313
15.494552612304688,73.801927,2.4700000286102295,-81.433739,2021-03-04,0.9513270258903503,5,100117257.130077
15.494292259216309,73.786444,14.640000343322754,-60.296299,2021-03-04,0.9568939805030823,2,100117256.671426
15.494474411010742,73.816879,19.399999618530273,-79.80733489990234,2021-03-04,0.9520080089569092,8,100117257.576389
15.494453430175781,73.824162,33.259998,-50.46573257446289,2021-03-04,0.9631689786911011,11,100117257.597049
15.494141578674316,73.80160522460938,2.430000066757202,-81.565826,2021-03-04,0.9736639857292175,5,100117257.121813
15.493885040283203,73.786123,9.8100004196167,-67.760269,2021-03-04,0.9741299748420715,2,100117256.663162
15.493476867675781,73.785802,10.600000381469727,-79.380981,2021-03-04,0.974901020526886,2,100117256.654898
15.493321418762207,73.80095672607422,2.390000104904175,-81.467628,2021-03-04,0.96144700050354,5,100117257.105285
15.493630409240723,73.823518,16.219999,-34.581417083740234,2021-03-04,0.9620649814605713,11,100117257.580521
15.493219375610352,73.823197,13.449999809265137,-37.93284606933594,2021-03-04,0.9510329961776733,11,100117257.572257
15.492911338806152,73.800638,2.430000066757202,-81.604752,2021-03-04,0.9542120099067688,5,100117257.097021
15.492829322814941,73.815592,9.8100004196167,-79.520073,2021-03-04,0.957298994064331,8,100117257.543333
15.49280834197998,73.822875,7.409999847412109,-37.41493225097656,2021-03-04,0.9559500217437744,11,100117257.563993
15.492419242858887,73.81526947021484,2.319999933242798,-79.444054,2021-03-04,0.9632390141487122,8,100117257.535069
15.492396354675293,73.822553,14.760000228881836,-40.318607330322266,2021-03-04,0.9558640122413635,11,100117257.555729
15.492006301879883,73.814948,18.469999,-79.538681,2021-03-04,0.9602540135383606,8,100117257.526805
15.491986274719238,73.822232,12.100000381469727,-49.88115310668945,2021-03-04,0.9621779918670654,11,100117257.547465
15.491594314575195,73.814626,16.629999,-79.342537,2021-03-04,0.9786149859428406,8,100117257.518541
15.49157428741455,73.82190704345703,25.809999,-63.517181,2021-03-04,0.9626370072364807,11,100117257.539201
15.491164207458496,73.821589,13.149999618530273,-61.22008514404297,2021-03-04,0.9597569704055786,11,100117257.530937
15.49077320098877,73.813983,2.2799999713897705,-80.31270599365234,2021-03-04,0.9601119756698608,8,100117257.502013
15.490752220153809,73.821267,18.540001,-63.94718551635742,2021-03-04,0.9663800001144409,11,100117257.522673
15.490362167358398,73.813661,2.390000104904175,-80.200462,2021-03-04,0.9534929990768433,8,100117257.493748
15.489930152893066,73.820623,28.020000457763672,-76.819237,2021-03-04,0.9918259978294373,11,100117257.506145
15.48953914642334,73.813017,3.440000057220459,-80.232666015625,2021-03-04,0.9644790291786194,8,100117257.477216
15.489520072937012,73.820302,19.440001,-79.052307,2021-03-04,0.9839569926261902,11,100117257.497881
15.48910903930664,73.81997680664062,10.489999771118164,-78.389847,2021-03-04,0.9851830005645752,11,100117257.489615
15.488715171813965,73.812373,19.81999969482422,-80.16716003417969,2021-03-04,0.9665709733963013,8,100117257.460684
15.488697052001953,73.819658,18.09000015258789,-79.12730407714844,2021-03-04,0.9842810034751892,11,100117257.481349
15.488304138183594,73.812051,21.15999984741211,-80.096947,2021-03-04,0.9845520257949829,8,100117257.452418
15.487893104553223,73.811729,19.780001,-79.910812,2021-03-04,0.9544789791107178,8,100117257.444152
15.487482070922852,73.811407,18.469999,-79.835808,2021-03-04,0.9547820091247559,8,100117257.435886
15.48746395111084,73.818692,20.079999923706055,-79.30422973632812,2021-03-04,0.9814959764480591,11,100117257.456551
15.487071990966797,73.811085,15.359999656677246,-79.75967407226562,2021-03-04,0.9763200283050537,8,100117257.42762
15.486660957336426,73.810763,18.5,-79.109863,2021-03-04,0.9578629732131958,8,100117257.419354
15.486639976501465,73.818048,33.22999954223633,-79.539726,2021-03-04,0.9801549911499023,11,100117257.440019
15.486249923706055,73.810441,15.390000343322754,-79.10734558105469,2021-03-04,0.9816700220108032,8,100117257.411088
15.48622989654541,73.8177261352539,33.22999954223633,-79.226372,2021-03-04,0.981669008731842,11,100117257.431753
15.485838890075684,73.810119,18.879999,-77.664932,2021-03-04,0.9602969884872437,8,100117257.402822
15.485819816589355,73.817404,20.940001,-79.538406,2021-03-04,0.9541829824447632,11,100117257.423487
15.48499870300293,73.816761,14.569999694824219,-80.101349,2021-03-04,0.964493989944458,11,100117257.406955
15.475590705871582,73.80207061767578,2.2799999713897705,-81.674011,2021-03-04,0.9513030052185059,8,100117257.196189
15.473949432373047,73.800781,2.319999933242798,-81.651062,2021-03-04,0.9521009922027588,8,100117257.163133
15.473928451538086,73.808066,18.879999,-78.520714,2021-03-04,0.9873290061950684,11,100117257.183793
15.473518371582031,73.807744,8.239999771118164,-79.473518,2021-03-04,0.9697589874267578,11,100117257.175529
15.473002433776855,73.792375,2.430000066757202,-81.44754028320312,2021-03-04,0.9738770127296448,6,100117256.721009
15.473129272460938,73.800137,2.2799999713897705,-81.621674,2021-03-04,0.9618909955024719,8,100117257.146605
15.473108291625977,73.807422,10.300000190734863,-79.987068,2021-03-04,0.9647279977798462,11,100117257.167265
15.4725923538208,73.792053,2.4700000286102295,-81.32695007324219,2021-03-04,0.9675949811935425,6,100117256.712745
15.472697257995605,73.80709838867188,12.960000038146973,-80.328346,2021-03-04,0.969622015953064,11,100117257.159001
15.472308158874512,73.799492,2.430000066757202,-81.657173,2021-03-04,0.9538679718971252,8,100117257.130077
15.47218132019043,73.791732,2.4700000286102295,-81.46387481689453,2021-03-04,0.9581869840621948,6,100117256.704481
15.472286224365234,73.806777,18.540001,-79.669502,2021-03-04,0.9571869969367981,11,100117257.150737
15.471771240234375,73.79141235351562,2.430000066757202,-81.39458465576172,2021-03-04,0.9641900062561035,6,100117256.696217
15.47187614440918,73.806455,15.510000228881836,-79.70064544677734,2021-03-04,0.9834250211715698,11,100117257.142473
15.47136116027832,73.791089,2.4700000286102295,-81.403572,2021-03-04,0.9559530019760132,6,100117256.687953
15.47095012664795,73.790767,2.509999990463257,-81.50391387939453,2021-03-04,0.96042799949646,6,100117256.679689
15.470540046691895,73.790446,2.4700000286102295,-81.43690490722656,2021-03-04,0.957518994808197,6,100117256.671425
15.470645904541016,73.805489,2.359999895095825,-81.394997,2021-03-04,0.9576539993286133,11,100117257.117681
15.47012996673584,73.790124,2.359999895095825,-81.387543,2021-03-04,0.9513900279998779,6,100117256.663161
15.470235824584961,73.805167,2.390000104904175,-81.650467,2021-03-04,0.9817649722099304,11,100117257.109417
15.46982479095459,73.804844,2.359999895095825,-81.669739,2021-03-04,0.987591028213501,11,100117257.101153
15.469432830810547,73.797236,2.2799999713897705,-81.6065444946289,2021-03-04,0.9628220200538635,8,100117257.072229
15.469413757324219,73.804522,2.359999895095825,-81.614166,2021-03-04,0.9826560020446777,11,100117257.092889
15.469003677368164,73.804199,2.359999895095825,-81.813606,2021-03-04,0.9832509756088257,11,100117257.084625
15.468592643737793,73.803877,2.319999933242798,-81.668823,2021-03-04,0.9694280028343201,11,100117257.076361
15.46820068359375,73.796268,2.359999895095825,-81.633202,2021-03-04,0.9687110185623169,8,100117257.047437
15.468181610107422,73.803554,2.430000066757202,-81.73125457763672,2021-03-04,0.962805986404419,11,100117257.068097
15.467789649963379,73.795945,2.2799999713897705,-81.52989959716797,2021-03-04,0.9533290266990662,8,100117257.039173
15.467771530151367,73.803232,2.359999895095825,-81.585907,2021-03-04,0.9546909928321838,11,100117257.059833
15.467378616333008,73.795623,2.2799999713897705,-81.530319,2021-03-04,0.9682940244674683,8,100117257.030909
15.467361450195312,73.802909,2.319999933242798,-81.73340606689453,2021-03-04,0.9628419876098633,11,100117257.051569
15.466950416564941,73.802587,2.359999895095825,-81.670921,2021-03-04,0.9534519910812378,11,100117257.043305
15.46653938293457,73.802264,2.2799999713897705,-81.686043,2021-03-04,0.9538620114326477,11,100117257.035041
15.466147422790527,73.7946548461914,2.319999933242798,-81.554558,2021-03-04,0.9630069732666016,8,100117257.006117
15.466129302978516,73.801942,2.359999895095825,-81.650047,2021-03-04,0.9553160071372986,11,100117257.026777
15.465718269348145,73.801619,2.319999933242798,-81.62557983398438,2021-03-04,0.9569339752197266,11,100117257.018513
15.465307235717773,73.801296,2.390000104904175,-81.706223,2021-03-04,0.9619250297546387,11,100117257.010249
15.46437931060791,73.78561401367188,2.4700000286102295,-81.586411,2021-03-04,0.956026017665863,6,100117256.547465
15.46450424194336,73.793364,2.240000009536743,-81.548187,2021-03-04,0.9512159824371338,8,100117256.973061
15.464486122131348,73.800651,2.319999933242798,-81.724548,2021-03-04,0.9582149982452393,11,100117256.993721
15.464075088500977,73.800328,2.319999933242798,-81.7450942993164,2021-03-04,0.9586889743804932,11,100117256.985457
15.463664054870605,73.800005,2.390000104904175,-81.6755599975586,2021-03-04,0.9671180248260498,11,100117256.977193
15.46325397491455,73.799682,2.359999895095825,-81.629288,2021-03-04,0.963271975517273,11,100117256.968929
15.462857246398926,73.792071,16.780001,-58.060325622558594,2021-03-04,0.9860380291938782,8,100117256.940005
15.46284294128418,73.799359,2.359999895095825,-81.70195007324219,2021-03-04,0.9632359743118286,11,100117256.960665
15.462446212768555,73.791748,14.3100004196167,-47.913231,2021-03-04,0.9804720282554626,8,100117256.931741
15.462432861328125,73.799036,2.319999933242798,-81.627899,2021-03-04,0.9594039916992188,11,100117256.952401
15.462035179138184,73.791425,15.880000114440918,-48.457313537597656,2021-03-04,0.9534379839897156,8,100117256.923477
15.462021827697754,73.798713,2.390000104904175,-81.718727,2021-03-04,0.9642320275306702,11,100117256.944137
15.461626052856445,73.791102,19.329999923706055,-61.697529,2021-03-04,0.982092022895813,8,100117256.915213
15.461610794067383,73.79839324951172,2.319999933242798,-81.684723,2021-03-04,0.9627609848976135,11,100117256.935873
15.461200714111328,73.798067,2.319999933242798,-81.675987,2021-03-04,0.953341007232666,11,100117256.927609
15.460789680480957,73.79774475097656,2.2799999713897705,-81.6112060546875,2021-03-04,0.9684540033340454,11,100117256.919345
15.460379600524902,73.797422,2.359999895095825,-81.64282989501953,2021-03-04,0.9536730051040649,11,100117256.911081
15.459965705871582,73.797097,17.530001,-66.582199,2021-03-04,0.9857159852981567,11,100117256.902817
15.459554672241211,73.796774,14.720000267028809,-58.94121551513672,2021-03-04,0.9839360117912292,11,100117256.894553
15.459144592285156,73.796452,14.119999885559082,-61.580521,2021-03-04,0.9626740217208862,11,100117256.886289
15.458735466003418,73.796129,11.5,-63.045769,2021-03-04,0.9864910244941711,11,100117256.878025
15.458324432373047,73.795806,13.670000076293945,-63.779510498046875,2021-03-04,0.9642260074615479,11,100117256.869761
15.457914352416992,73.795484,11.199999809265137,-62.79352951049805,2021-03-04,0.9606419801712036,11,100117256.861497
15.457504272460938,73.795162,20.56999969482422,-81.181511,2021-03-04,0.9781919717788696,11,100117256.853233
15.456686019897461,73.794517,2.2799999713897705,-81.822739,2021-03-04,0.9552320241928101,11,100117256.836705
15.45340347290039,73.791941,2.359999895095825,-81.638344,2021-03-04,0.9576389789581299,11,100117256.770593
15.451762199401855,73.790654,2.319999933242798,-81.669983,2021-03-04,0.9589120149612427,11,100117256.737537
15.451371192932129,73.783049,2.2799999713897705,-81.505943,2021-03-04,0.9513739943504333,8,100117256.708613
15.45094108581543,73.790011,2.359999895095825,-81.620392,2021-03-04,0.9591370224952698,11,100117256.721009
15.461655616760254,73.873311,6.329999923706055,-71.464599609375,2021-09-19,0.9650750160217285,0,117287160.6312
15.459604263305664,73.871707,16.739999771118164,-65.937447,2021-09-19,0.9515569806098938,0,117287160.58988
15.453747749328613,73.874547,5.579999923706055,-81.352951,2021-09-19,0.9515259861946106,1,117287160.494844
15.451696395874023,73.872944,8.6899995803833,-67.12028503417969,2021-09-19,0.9541400074958801,1,117287160.453524
15.450051307678223,73.871657,7.940000057220459,-80.506538,2021-09-19,0.9613959789276123,1,117287160.420468
15.449640274047852,73.871335,4.039999961853027,-81.65291595458984,2021-09-19,0.9507799744606018,1,117287160.412204
15.44922924041748,73.871013,3.25,-82.119881,2021-09-19,0.9503059983253479,1,117287160.40394
15.536255836486816,73.866269,16.40999984741211,-77.08168029785156,2022-11-02,0.9734190106391907,5,152646477.8253
15.536066055297852,73.873419,10.899999618530273,-82.373711,2022-11-02,0.9627349972724915,6,152646477.84596
15.535844802856445,73.865946,15.8100004196167,-73.96331024169922,2022-11-02,0.9824720025062561,5,152646477.817035
15.535654067993164,73.873094,2.430000066757202,-82.513779,2022-11-02,0.9630429744720459,6,152646477.837696
15.535433769226074,73.865623,13.779999732971191,-70.46178436279297,2022-11-02,0.9845520257949829,5,152646477.808771
15.53502368927002,73.86530303955078,14.380000114440918,-61.853458,2022-11-02,0.9815719723701477,5,152646477.800507
15.534612655639648,73.864977,13.899999618530273,-60.506587982177734,2022-11-02,0.9821630120277405,5,152646477.792244
15.534202575683594,73.864653,16.889999,-62.06820297241211,2022-11-02,0.9738619923591614,5,152646477.78398
15.53378963470459,73.864329,16.629999,-70.521027,2022-11-02,0.9757879972457886,5,152646477.775716
15.533601760864258,73.871477,15.539999961853027,-81.87742614746094,2022-11-02,0.9797369837760925,6,152646477.796376
15.533378601074219,73.864005,18.09000015258789,-75.905022,2022-11-02,0.9541739821434021,5,152646477.767451
15.533190727233887,73.871154,16.889999,-81.874458,2022-11-02,0.9638019800186157,6,152646477.788112
15.5327787399292,73.8708267211914,11.869999885559082,-82.32635498046875,2022-11-02,0.9739350080490112,6,152646477.779848
15.531983375549316,73.847843,2.7699999809265137,-82.83012390136719,2022-11-02,0.9812690019607544,2,152646477.292272
15.532142639160156,73.863033,2.430000066757202,-82.674507,2022-11-02,0.9670259952545166,5,152646477.74266
15.531730651855469,73.86270904541016,2.4700000286102295,-82.683647,2022-11-02,0.964963972568512,5,152646477.734396
15.530497550964355,73.861741,4.599999904632568,-82.507469,2022-11-02,0.9533939957618713,5,152646477.709603
15.530721664428711,73.869213,2.430000066757202,-82.553963,2022-11-02,0.9668130278587341,6,152646477.738528
15.530085563659668,73.861419,5.239999771118164,-82.79813385009766,2022-11-02,0.9825950264930725,5,152646477.70134
15.52926254272461,73.860773,4.53000020980835,-81.34284973144531,2022-11-02,0.96185302734375,5,152646477.684812
15.528665542602539,73.867599,11.989999771118164,-82.80298614501953,2022-11-02,0.9764360189437866,6,152646477.697208
15.528255462646484,73.867276,13.180000305175781,-82.550346,2022-11-02,0.9813399910926819,6,152646477.688944
15.527663230895996,73.781261,7.260000228881836,-26.7266845703125,2022-11-13,0.9866799712181091,5,153618009.236923
15.527841567993164,73.866952,2.4700000286102295,-82.94678497314453,2022-11-02,0.9630669951438904,6,152646477.68068
15.527255058288574,73.781583,9.319999694824219,-39.432098,2022-11-13,0.9872480034828186,5,153618009.245187
15.526846885681152,73.781904,13.40999984741211,-54.15744400024414,2022-11-13,0.9805359840393066,5,153618009.253451
15.52643871307373,73.782227,11.609999656677246,-59.312374114990234,2022-11-13,0.9767389893531799,5,153618009.261715
15.526787757873535,73.873746,9.960000038146973,-81.67675018310547,2022-11-02,0.9768379926681519,8,152646478.077374
15.526029586791992,73.782549,13.329999923706055,-64.82971954345703,2022-11-13,0.9799230098724365,5,153618009.269979
15.52637767791748,73.873423,10.859999656677246,-82.23363494873047,2022-11-02,0.982429027557373,8,152646478.069108
15.525618553161621,73.782873,5.909999847412109,-49.449921,2022-11-13,0.9834340214729309,5,153618009.278243
15.52619457244873,73.865662,2.4700000286102295,-82.917007,2022-11-02,0.9834499955177307,6,152646477.647624
15.525968551635742,73.87310028076172,14.3100004196167,-81.527077,2022-11-02,0.9869589805603027,8,152646478.060843
15.525371551513672,73.865017,2.4700000286102295,-82.897583,2022-11-02,0.9851539731025696,6,152646477.631095
15.524800300598145,73.783518,5.800000190734863,-50.11503982543945,2022-11-13,0.9821959733963013,5,153618009.294771
15.525153160095215,73.872455,19.030001,-63.009911,2022-11-02,0.990261971950531,8,152646478.044311
15.524392127990723,73.7838363647461,11.270000457763672,-61.683265686035156,2022-11-13,0.9813640117645264,5,153618009.303035
15.524735450744629,73.857226,2.390000104904175,-82.907349,2022-11-02,0.9740449786186218,5,152646477.593908
15.524742126464844,73.872131,14.720000267028809,-63.245758056640625,2022-11-02,0.9849810004234314,8,152646478.036045
15.524550437927246,73.864374,15.130000114440918,-82.9778060913086,2022-11-02,0.9855189919471741,6,152646477.614567
15.524323463439941,73.856904,2.430000066757202,-82.89741516113281,2022-11-02,0.991428017616272,5,152646477.585644
15.524332046508789,73.871807,21.280001,-70.487732,2022-11-02,0.9830629825592041,8,152646478.027779
15.523573875427246,73.78448486328125,14.34000015258789,-76.680969,2022-11-13,0.9610120058059692,5,153618009.319563
15.523911476135254,73.856582,2.509999990463257,-82.911049,2022-11-02,0.9881129860877991,5,152646477.577379
15.524138450622559,73.864051,12.020000457763672,-82.447899,2022-11-02,0.9792929887771606,6,152646477.606304
15.52367877960205,73.848629,2.880000114440918,-82.84321594238281,2022-11-02,0.9756039977073669,3,152646477.147636
15.523726463317871,73.863729,3.890000104904175,-74.338272,2022-11-02,0.9542210102081299,6,152646477.59804
15.523921012878418,73.871483,14.010000228881836,-69.05224609375,2022-11-02,0.9740359783172607,8,152646478.019513
15.52349853515625,73.85626220703125,2.4700000286102295,-82.89213562011719,2022-11-02,0.9908829927444458,5,152646477.569115
15.5233154296875,73.863407,11.09000015258789,-81.02499389648438,2022-11-02,0.9795989990234375,6,152646477.589776
15.523510932922363,73.871159,19.18000030517578,-74.022263,2022-11-02,0.957148015499115,8,152646478.011247
15.523098945617676,73.870835,12.8100004196167,-75.855263,2022-11-02,0.9735029935836792,8,152646478.002981
15.522677421569824,73.855618,14.050000190734863,-81.562492,2022-11-02,0.9502609968185425,5,152646477.552588
15.522491455078125,73.862763,14.529999732971191,-81.811493,2022-11-02,0.9822890162467957,6,152646477.573247
15.522279739379883,73.870188,17.790001,-76.183823,2022-11-02,0.953046977519989,8,152646477.986448
15.522080421447754,73.862441,13.859999656677246,-81.85065460205078,2022-11-02,0.9717100262641907,6,152646477.564983
15.521854400634766,73.854974,16.59000015258789,-81.96245574951172,2022-11-02,0.9534670114517212,5,152646477.536059
15.521868705749512,73.869863,11.380000114440918,-74.29410552978516,2022-11-02,0.9615010023117065,8,152646477.978184
15.521442413330078,73.854652,14.15999984741211,-81.95446014404297,2022-11-02,0.9716070294380188,5,152646477.527795
15.520844459533691,73.861476,14.460000038146973,-81.573486,2022-11-02,0.9808400273323059,6,152646477.540192
15.52061939239502,73.854009,14.720000267028809,-81.466522,2022-11-02,0.9503859877586365,5,152646477.511268
15.520638465881348,73.868892,11.869999885559082,-76.407928,2022-11-02,0.9812380075454712,8,152646477.953391
15.52043342590332,73.861154,15.020000457763672,-82.018608,2022-11-02,0.9513480067253113,6,152646477.531927
15.520207405090332,73.853687,15.020000457763672,-81.323601,2022-11-02,0.9671990275382996,5,152646477.503004
15.520228385925293,73.868568,12.65999984741211,-76.672798,2022-11-02,0.9727510213851929,8,152646477.945127
15.519818305969238,73.868245,22.31999969482422,-82.09980010986328,2022-11-02,0.9856709837913513,8,152646477.936864
15.519609451293945,73.86051177978516,13.180000305175781,-81.43072509765625,2022-11-02,0.9757300019264221,6,152646477.515399
15.519198417663574,73.860188,15.390000343322754,-81.974632,2022-11-02,0.9540320038795471,6,152646477.507136
15.518786430358887,73.859866,15.09000015258789,-82.249542,2022-11-02,0.9721750020980835,6,152646477.498872
15.518585205078125,73.867271,6.360000133514404,-81.942307,2022-11-02,0.975754976272583,8,152646477.912071
15.5183744430542,73.859544,12.020000457763672,-80.739952,2022-11-02,0.973708987236023,6,152646477.490608
15.51817512512207,73.866948,4.53000020980835,-78.705299,2022-11-02,0.9656590223312378,8,152646477.903807
15.5177640914917,73.866624,7.489999771118164,-79.964912,2022-11-02,0.9727479815483093,8,152646477.895543
15.51755142211914,73.85890197753906,14.050000190734863,-82.424507,2022-11-02,0.9745360016822815,6,152646477.474079
15.51714038848877,73.858578,14.569999694824219,-82.218513,2022-11-02,0.9524059891700745,6,152646477.465816
15.517353057861328,73.86630249023438,6.699999809265137,-81.75255584716797,2022-11-02,0.9737439751625061,8,152646477.88728
15.516915321350098,73.851109,9.770000457763672,-81.150688,2022-11-02,0.9600970149040222,5,152646477.436891
15.516942977905273,73.865976,9.510000228881836,-81.73595428466797,2022-11-02,0.9810270071029663,8,152646477.879016
15.516728401184082,73.858255,3.2200000286102295,-76.103233,2022-11-02,0.9518889784812927,6,152646477.457552
15.516936302185059,73.873195,2.4700000286102295,-82.32106018066406,2022-11-02,0.9501360058784485,11,152646477.899675
15.516446113586426,73.82152557373047,4.420000076293945,-67.58003997802734,2022-11-02,0.9633849859237671,0,152646477.160035
15.516532897949219,73.865653,10.220000267028809,-82.31454467773438,2022-11-02,0.9678360223770142,8,152646477.870752
15.516526222229004,73.872872,3.2200000286102295,-81.902168,2022-11-02,0.9540759921073914,11,152646477.891412
15.516317367553711,73.857933,9.65999984741211,-81.85274505615234,2022-11-02,0.9784129858016968,6,152646477.449288
15.515711784362793,73.86500549316406,12.210000038146973,-82.243523,2022-11-02,0.9764999747276306,8,152646477.854223
15.515704154968262,73.872224,2.390000104904175,-82.168869,2022-11-02,0.9567090272903442,11,152646477.874884
15.515494346618652,73.857288,11.420000076293945,-82.142342,2022-11-02,0.970291018486023,6,152646477.432759
15.515300750732422,73.864681,10.369999885559082,-81.903267,2022-11-02,0.9799050092697144,8,152646477.84596
15.51467227935791,73.856643,11.010000228881836,-81.84107971191406,2022-11-02,0.9654390215873718,6,152646477.416232
15.514883995056152,73.871576,4.71999979019165,-81.642838,2022-11-02,0.95169597864151,11,152646477.858355
15.51447868347168,73.864034,10.369999885559082,-81.21636962890625,2022-11-02,0.9712759852409363,8,152646477.829432
15.514472961425781,73.871253,6.210000038146973,-81.9535903930664,2022-11-02,0.9612339735031128,11,152646477.850091
15.514068603515625,73.863711,11.420000076293945,-80.696289,2022-11-02,0.9788280129432678,8,152646477.821167
15.51406192779541,73.870929,5.170000076293945,-82.389526,2022-11-02,0.9618020057678223,11,152646477.841828
15.513651847839355,73.870606,9.470000267028809,-81.5930404663086,2022-11-02,0.9861540198326111,11,152646477.833564
15.513246536254883,73.863063,8.15999984741211,-78.89828491210938,2022-11-02,0.9705929756164551,8,152646477.804639
15.5132417678833,73.870283,13.819999694824219,-81.908913,2022-11-02,0.9828479886054993,11,152646477.8253
15.512836456298828,73.86273956298828,11.760000228881836,-82.201111,2022-11-02,0.9863309860229492,8,152646477.796376
15.512831687927246,73.869959,13.670000076293945,-81.10100555419922,2022-11-02,0.9877790212631226,11,152646477.817035
15.512419700622559,73.869635,10.220000267028809,-83.35643005371094,2022-11-02,0.9729959964752197,11,152646477.808771
15.511734962463379,73.786823,7.449999809265137,-77.927338,2022-11-13,0.9557110071182251,6,153618009.439391
15.51201343536377,73.862093,8.90999984741211,-79.594551,2022-11-02,0.9904189705848694,8,152646477.779848
15.512006759643555,73.869311,2.390000104904175,-83.01428985595703,2022-11-02,0.9785060286521912,11,152646477.800507
15.511603355407715,73.86177062988281,4.570000171661377,-74.136192,2022-11-02,0.958931028842926,8,152646477.771583
15.511595726013184,73.868987,2.359999895095825,-83.050461,2022-11-02,0.9552440047264099,11,152646477.792244
15.511191368103027,73.861446,12.170000076293945,-82.615738,2022-11-02,0.9891129732131958,8,152646477.763319
15.510367393493652,73.860799,2.319999933242798,-83.124847,2022-11-02,0.9744660258293152,8,152646477.746792
15.51036262512207,73.868017,2.359999895095825,-83.074211,2022-11-02,0.9534050226211548,11,152646477.767451
15.509681701660156,73.788441,15.880000114440918,-74.890533,2022-11-13,0.9793769717216492,6,153618009.480711
15.509852409362793,73.816362,2.809999942779541,-83.099838,2022-11-02,0.9540219902992249,0,152646477.027779
15.509440422058105,73.8160400390625,2.880000114440918,-83.0050048828125,2022-11-02,0.9581969976425171,0,152646477.019513
15.509028434753418,73.815718,2.240000009536743,-83.142181,2022-11-02,0.9646160006523132,0,152646477.011247
15.50912857055664,73.867047,2.430000066757202,-83.0620346069336,2022-11-02,0.9567760229110718,11,152646477.74266
15.50871753692627,73.866724,2.390000104904175,-83.111221,2022-11-02,0.9725779891014099,11,152646477.734396
15.507988929748535,73.796768,9.920000076293945,-77.85877990722656,2022-11-13,0.9619359970092773,5,153618009.633615
15.508307456970215,73.866401,2.430000066757202,-83.082123,2022-11-02,0.9639809727668762,11,152646477.726131
15.507576942443848,73.797093,21.690001,-73.617943,2022-11-13,0.9584749937057495,5,153618009.641881
15.507895469665527,73.866078,2.359999895095825,-82.971916,2022-11-02,0.9873120188713074,11,152646477.717867
15.507165908813477,73.797417,15.84000015258789,-64.544647,2022-11-13,0.9826229810714722,5,153618009.650147
15.507484436035156,73.865755,2.319999933242798,-82.932266,2022-11-02,0.9718989729881287,11,152646477.709603
15.506755828857422,73.79773712158203,5.989999771118164,-51.5936279296875,2022-11-13,0.9793949723243713,5,153618009.658413
15.506752014160156,73.815263,2.990000009536743,-82.422638,2022-11-13,0.956417977809906,2,153618009.534427
15.507072448730469,73.865432,2.359999895095825,-83.068848,2022-11-02,0.9520900249481201,11,152646477.70134
15.50624942779541,73.864787,2.359999895095825,-83.048576,2022-11-02,0.9622550010681152,11,152646477.684812
15.505841255187988,73.864465,16.670000076293945,-82.766838,2022-11-02,0.983057975769043,11,152646477.676547
15.5054292678833,73.864143,8.15999984741211,-75.980209,2022-11-02,0.978734016418457,11,152646477.668283
15.504876136779785,73.828492,2.690000057220459,-82.39661407470703,2022-11-13,0.9596859812736511,0,153618010.013795
15.50501823425293,73.856603,2.430000066757202,-83.107712,2022-11-02,0.9693329930305481,8,152646477.63936
15.50501823425293,73.863821,15.210000038146973,-76.421761,2022-11-02,0.981719970703125,11,152646477.660019
15.504405975341797,73.819429,2.7699999809265137,-83.13475036621094,2022-11-02,0.9501479864120483,1,152646476.940996
15.504606246948242,73.85627746582031,2.359999895095825,-83.00053405761719,2022-11-02,0.9654579758644104,8,152646477.631095
15.504607200622559,73.863498,16.629999,-75.818817,2022-11-02,0.9663810133934021,11,152646477.651756
15.503993034362793,73.819107,2.619999885559082,-83.159889,2022-11-02,0.9514049887657166,1,152646476.932732
15.504194259643555,73.855958,2.319999933242798,-83.045197,2022-11-02,0.975691020488739,8,152646477.622831
15.504193305969238,73.863175,9.020000457763672,-79.1861343383789,2022-11-02,0.9899960160255432,11,152646477.643492
15.503783226013184,73.855636,2.359999895095825,-83.00428009033203,2022-11-02,0.9869880080223083,8,152646477.614567
15.503581047058105,73.818786,2.809999942779541,-83.055641,2022-11-02,0.9668809771537781,1,152646476.924468
15.50378131866455,73.862852,8.569999694824219,-80.174393,2022-11-02,0.9757900238037109,11,152646477.635228
15.503371238708496,73.862531,15.6899995803833,-79.94095611572266,2022-11-02,0.9888319969177246,11,152646477.626963
15.503172874450684,73.847581,2.5399999618530273,-82.946747,2022-11-02,0.9726619720458984,6,152646477.184833
15.502959251403809,73.854991,2.319999933242798,-82.915627,2022-11-02,0.9838969707489014,8,152646477.59804
15.502960205078125,73.862208,17.190001,-79.77643585205078,2022-11-02,0.9802579879760742,11,152646477.618699
15.502548217773438,73.861886,17.870001,-78.885918,2022-11-02,0.9604300260543823,11,152646477.610435
15.501933097839355,73.817499,2.8399999141693115,-83.061417,2022-11-02,0.9803239703178406,1,152646476.891412
15.502137184143066,73.86156463623047,21.15999984741211,-78.414794921875,2022-11-02,0.9588040113449097,11,152646477.602172
15.501521110534668,73.817177,2.7699999809265137,-82.929588,2022-11-02,0.9609580039978027,1,152646476.883148
15.501724243164062,73.861242,12.960000038146973,-78.498512,2022-11-02,0.9836360216140747,11,152646477.593908
15.501313209533691,73.86092376708984,15.359999656677246,-77.58958435058594,2022-11-02,0.9627590179443359,11,152646477.585644
15.500900268554688,73.860597,5.610000133514404,-74.272141,2022-11-02,0.9642379879951477,11,152646477.577379
15.500489234924316,73.860276,12.850000381469727,-77.654617,2022-11-02,0.9813100099563599,11,152646477.569115
15.500077247619629,73.859954,19.399999618530273,-82.496117,2022-11-02,0.9806569814682007,11,152646477.560852
15.49884033203125,73.858988,8.010000228881836,-82.15604400634766,2022-11-02,0.9887369871139526,11,152646477.536059
15.498428344726562,73.858666,7.789999961853027,-82.177841,2022-11-02,0.9807350039482117,11,152646477.527795
15.498016357421875,73.858344,7.150000095367432,-82.258507,2022-11-02,0.9843199849128723,11,152646477.519531
15.497604370117188,73.858022,3.140000104904175,-82.160202,2022-11-02,0.957273006439209,11,152646477.511268
15.497193336486816,73.85769653320312,5.730000019073486,-80.54169464111328,2022-11-02,0.966992974281311,11,152646477.503004
15.496370315551758,73.857057,7.75,-81.04129028320312,2022-11-02,0.9747390151023865,11,152646477.486475
15.49595832824707,73.856734,5.349999904632568,-81.23601531982422,2022-11-02,0.9770449995994568,11,152646477.478211
15.4955472946167,73.856412,5.239999771118164,-81.567688,2022-11-02,0.9545069932937622,11,152646477.469947
15.495134353637695,73.85608673095703,2.390000104904175,-82.360512,2022-11-02,0.9634730219841003,11,152646477.461684
15.494723320007324,73.855768,2.359999895095825,-82.269882,2022-11-02,0.9674519896507263,11,152646477.45342
15.494312286376953,73.8554458618164,2.880000114440918,-81.886948,2022-11-02,0.9655429720878601,11,152646477.445156
15.493901252746582,73.855123,3.369999885559082,-80.822342,2022-11-02,0.9884189963340759,11,152646477.436891
15.493490219116211,73.854801,5.690000057220459,-81.951012,2022-11-02,0.9608110189437866,11,152646477.428627
15.493081092834473,73.85447692871094,16.629999,-81.0151138305664,2022-11-02,0.9607909917831421,11,152646477.420363
15.492671012878418,73.854157,17.270000457763672,-78.12586975097656,2022-11-02,0.983663022518158,11,152646477.4121
15.492259979248047,73.853835,19.139999,-77.54391479492188,2022-11-02,0.9518049955368042,11,152646477.403836
15.491848945617676,73.853512,15.09000015258789,-74.68404388427734,2022-11-02,0.9795250296592712,11,152646477.395572
15.491026878356934,73.852866,17.639999,-78.32954406738281,2022-11-02,0.9579359889030457,11,152646477.379043
15.490616798400879,73.852543,20.979999542236328,-77.956062,2022-11-02,0.9641929864883423,11,152646477.37078
15.481993675231934,73.845743,13.930000305175781,-78.400032,2022-11-02,0.9633319973945618,11,152646477.197232
15.481171607971191,73.845097,17.829999923706055,-79.381554,2022-11-02,0.9858400225639343,11,152646477.1807
15.479056358337402,73.821411,18.049999,-75.454514,2022-11-02,0.9603819847106934,5,152646476.676548
15.458677291870117,73.835488,4.940000057220459,-29.60922622680664,2022-11-13,0.9540209770202637,5,153618010.625348
15.457442283630371,73.836455,7.0,-28.302217483520508,2022-11-13,0.9819759726524353,5,153618010.650146
15.457184791564941,73.812499,33.81999969482422,-44.54865646362305,2022-11-13,0.961076021194458,11,153618010.658412
15.4558687210083,73.830726,11.869999885559082,-51.88835525512695,2022-11-13,0.962153971195221,6,153618010.563353
15.455456733703613,73.831048,5.730000019073486,-42.9691162109375,2022-11-13,0.9526200294494629,6,153618010.571619
15.454221725463867,73.832015,4.300000190734863,-31.510908126831055,2022-11-13,0.9548940062522888,6,153618010.596417
15.453399658203125,73.832658,14.460000038146973,-49.94636535644531,2022-11-13,0.9669780135154724,6,153618010.612949
15.452990531921387,73.832978,13.859999656677246,-61.488129,2022-11-13,0.9661939740180969,6,153618010.621215
15.452581405639648,73.833299,8.760000228881836,-69.128647,2022-11-13,0.9830229878425598,6,153618010.629481
15.452506065368652,73.840318,5.5,-40.584938049316406,2022-11-13,0.9859200119972229,5,153618010.749338
15.452169418334961,73.833621,11.529999732971191,-70.86445617675781,2022-11-13,0.9801639914512634,6,153618010.637747
15.452095985412598,73.840639,4.980000019073486,-51.488739,2022-11-13,0.9847649931907654,5,153618010.757604
15.451684951782227,73.840961,5.949999809265137,-56.71357727050781,2022-11-13,0.9523259997367859,5,153618010.76587
15.451274871826172,73.841283,8.609999656677246,-67.019508,2022-11-13,0.9802889823913574,5,153618010.774136
15.45045280456543,73.841927,14.229999542236328,-75.5472640991211,2022-11-13,0.9826779961585999,5,153618010.790666
15.449419975280762,73.825459,2.319999933242798,-82.633324,2022-11-13,0.9587939977645874,8,153618010.935286
15.44840145111084,73.843537,2.4700000286102295,-82.80337524414062,2022-11-13,0.9507020115852356,5,153618010.831986
15.535886764526367,73.834167,22.90999984741211,-58.195332,2023-01-06,0.9768009781837463,5,158256334.89382
15.535676002502441,73.841405,19.920000076293945,-81.93851470947266,2023-01-06,0.9628940224647522,6,158256334.91448
15.535477638244629,73.833848,23.579999923706055,-50.53608703613281,2023-01-06,0.9796280264854431,5,158256334.885556
15.535111427307129,73.811402,11.380000114440918,-22.92841339111328,2023-01-06,0.95694500207901,1,158256334.629372
15.534798622131348,73.803714,11.449999809265137,-58.34153366088867,2023-01-06,0.9643409848213196,0,158256334.600448
15.53507137298584,73.83352661132812,18.979999542236328,-31.874004364013672,2023-01-06,0.9792709946632385,5,158256334.877292
15.534854888916016,73.840762,12.239999771118164,-70.244637,2023-01-06,0.9707440137863159,6,158256334.897952
15.534285545349121,73.810754,4.300000190734863,-28.398696899414062,2023-01-06,0.9518929719924927,1,158256334.612844
15.534448623657227,73.840445,21.260000228881836,-61.3458137512207,2023-01-06,0.9535890221595764,6,158256334.889688
15.534248352050781,73.832884,17.290001,-35.74684524536133,2023-01-06,0.9819689989089966,5,158256334.860764
15.534051895141602,73.817468,9.84000015258789,-31.692399978637695,2023-01-06,0.9579200148582458,2,158256334.402108
15.534038543701172,73.840125,16.360001,-50.654197692871094,2023-01-06,0.9771220088005066,6,158256334.881424
15.533836364746094,73.832561,15.079999923706055,-38.273075103759766,2023-01-06,0.9781000018119812,5,158256334.8525
15.533631324768066,73.83980560302734,16.770000457763672,-39.68931198120117,2023-01-06,0.9783139824867249,6,158256334.87316
15.533230781555176,73.816825,11.1899995803833,-29.8200740814209,2023-01-06,0.9631720185279846,2,158256334.385576
15.53342342376709,73.832237,18.040001,-48.328171,2023-01-06,0.9858260154724121,5,158256334.844236
15.533011436462402,73.831914,16.280001,-52.45713806152344,2023-01-06,0.9525279998779297,5,158256334.835972
15.532602310180664,73.831594,20.850000381469727,-49.8155403137207,2023-01-06,0.9815279841423035,5,158256334.827708
15.532809257507324,73.839162,7.630000114440918,-30.1796932220459,2023-01-06,0.9824190139770508,6,158256334.856632
15.531899452209473,73.823217,10.710000038146973,-22.5105037689209,2023-01-06,0.9647570252418518,3,158256334.381442
15.531988143920898,73.838519,13.479999542236328,-34.288795471191406,2023-01-06,0.9738309979438782,6,158256334.840104
15.531487464904785,73.822894,8.350000381469727,-24.75596809387207,2023-01-06,0.9557890295982361,3,158256334.373176
15.531373977661133,73.830634,17.780001,-24.72970962524414,2023-01-06,0.9783499836921692,5,158256334.802916
15.530964851379395,73.830314,17.889999,-20.37416648864746,2023-01-06,0.9671120047569275,5,158256334.794652
15.530755043029785,73.837553,15.720000267028809,-35.927406311035156,2023-01-06,0.964165985584259,6,158256334.815312
15.530254364013672,73.821928,22.020000457763672,-40.90604019165039,2023-01-06,0.9679930210113525,3,158256334.348379
15.53014087677002,73.829668,8.640000343322754,-19.620153427124023,2023-01-06,0.9719330072402954,5,158256334.778124
15.53034496307373,73.837232,10.289999961853027,-30.98108673095703,2023-01-06,0.9799659848213196,6,158256334.807048
15.529947280883789,73.81425476074219,8.3100004196167,-13.911142349243164,2023-01-06,0.9556260108947754,2,158256334.319447
15.529729843139648,73.829345703125,10.739999771118164,-22.150440216064453,2023-01-06,0.9668800234794617,5,158256334.76986
15.529126167297363,73.813612,6.960000038146973,-12.727502822875977,2023-01-06,0.9727669954299927,2,158256334.302916
15.529017448425293,73.820956,17.600000381469727,-64.243179,2023-01-06,0.968546986579895,3,158256334.323581
15.529115676879883,73.83627319335938,12.649999618530273,-17.903173446655273,2023-01-06,0.9752039909362793,6,158256334.782256
15.528497695922852,73.82837677001953,10.850000381469727,-20.342390060424805,2023-01-06,0.9700819849967957,5,158256334.745068
15.528704643249512,73.835948,13.100000381469727,-17.48686408996582,2023-01-06,0.9832890033721924,6,158256334.773992
15.528303146362305,73.812966,10.930000305175781,-28.670691,2023-01-06,0.9501910209655762,2,158256334.286384
15.528292655944824,73.83562469482422,9.579999923706055,-17.897193908691406,2023-01-06,0.9707319736480713,6,158256334.765728
15.5278902053833,73.812642,12.470000267028809,-38.01518630981445,2023-01-06,0.950111985206604,2,158256334.278118
15.527372360229492,73.819667,9.989999771118164,-70.86380004882812,2023-01-06,0.958433985710144,3,158256334.290516
15.527067184448242,73.811996,10.5600004196167,-47.66636657714844,2023-01-06,0.9652190208435059,2,158256334.261586
15.526656150817871,73.811674,10.670000076293945,-49.938881,2023-01-06,0.9783679842948914,2,158256334.25332
15.526551246643066,73.819023,12.130000114440918,-73.45988464355469,2023-01-06,0.964900016784668,3,158256334.273984
15.526649475097656,73.834337,11.420000076293945,-23.183121,2023-01-06,0.9504119753837585,6,158256334.732672
15.526033401489258,73.826448,13.170000076293945,-23.84716033935547,2023-01-06,0.9588419795036316,5,158256334.695484
15.525834083557129,73.81102752685547,12.920000076293945,-56.04340744018555,2023-01-06,0.9627029895782471,2,158256334.236787
15.525009155273438,73.810381,7.519999980926514,-71.31766510009766,2023-01-06,0.9519050121307373,2,158256334.220255
15.524388313293457,73.825158,9.510000228881836,-28.10273551940918,2023-01-06,0.9764500260353088,5,158256334.662428
15.523776054382324,73.83208465576172,17.260000228881836,-22.917373657226562,2023-01-06,0.9819819927215576,6,158256334.674824
15.523263931274414,73.816449,10.40999984741211,-78.201111,2023-01-06,0.9602919816970825,3,158256334.207857
15.523153305053711,73.82418823242188,4.789999961853027,-31.5045223236084,2023-01-06,0.9686980247497559,5,158256334.637636
15.522953033447266,73.8314437866211,14.75,-22.957256317138672,2023-01-06,0.9715139865875244,6,158256334.658296
15.522744178771973,73.823869,10.779999732971191,-32.293011,2023-01-06,0.9768949747085571,5,158256334.629372
15.522029876708984,73.815481,6.320000171661377,-84.783112,2023-01-06,0.9512420296669006,3,158256334.18306
15.521921157836914,73.823224,12.609999656677246,-39.30283737182617,2023-01-06,0.9760079979896545,5,158256334.612844
15.522130966186523,73.83079528808594,9.729999542236328,-19.719398498535156,2023-01-06,0.9517670273780823,6,158256334.641768
15.521510124206543,73.822902,17.030001,-43.742454528808594,2023-01-06,0.9741939902305603,5,158256334.60458
15.520075798034668,73.829183,9.239999771118164,-25.814131,2023-01-06,0.974416971206665,6,158256334.600448
15.519862174987793,73.821608,15.010000228881836,-59.648239,2023-01-06,0.9770269989967346,5,158256334.571524
15.519451141357422,73.821286,19.43000030517578,-62.52710723876953,2023-01-06,0.9789090156555176,5,158256334.56326
15.519253730773926,73.82853698730469,13.180000305175781,-27.086309,2023-01-06,0.973397970199585,6,158256334.58392
15.519041061401367,73.820964,15.979999542236328,-57.475242614746094,2023-01-06,0.9699100255966187,5,158256334.554996
15.51862907409668,73.820641,7.519999980926514,-53.5810432434082,2023-01-06,0.9800750017166138,5,158256334.546732
15.518022537231445,73.827574,16.100000381469727,-26.79947280883789,2023-01-06,0.9710450172424316,6,158256334.559128
15.517610549926758,73.827251,9.539999961853027,-24.015829,2023-01-06,0.9780240058898926,6,158256334.550864
15.516571998596191,73.819028,17.81999969482422,-72.68394470214844,2023-01-06,0.9742220044136047,5,158256334.505412
15.516378402709961,73.826284,16.620001,-32.345584869384766,2023-01-06,0.9762269854545593,6,158256334.526072
15.51596736907959,73.825962,16.770000457763672,-32.4023323059082,2023-01-06,0.9580219984054565,6,158256334.517808
15.515746116638184,73.818379,6.880000114440918,-76.370049,2023-01-06,0.973397970199585,5,158256334.488884
15.515460968017578,73.810333,7.96999979019165,-80.925423,2023-01-06,0.9534010291099548,3,158256334.050837
15.515557289123535,73.82563781738281,15.15999984741211,-27.40582275390625,2023-01-06,0.9812870025634766,6,158256334.509544
15.51514720916748,73.825319,18.489999771118164,-27.469721,2023-01-06,0.9782459735870361,6,158256334.50128
15.514638900756836,73.809689,7.070000171661377,-80.753311,2023-01-06,0.9537249803543091,3,158256334.034308
15.514325141906738,73.824675,14.970000267028809,-20.971593856811523,2023-01-06,0.966916024684906,6,158256334.484752
15.513912200927734,73.824351,5.349999904632568,-20.855714797973633,2023-01-06,0.9828019738197327,6,158256334.476488
15.513689994812012,73.816767,3.7799999713897705,-80.312241,2023-01-06,0.9506660103797913,5,158256334.447564
15.513503074645996,73.824031,15.5,-23.190927505493164,2023-01-06,0.9715690016746521,6,158256334.468224
15.512869834899902,73.816125,9.239999771118164,-79.1012954711914,2023-01-06,0.9683799743652344,5,158256334.431036
15.513091087341309,73.823707,13.960000038146973,-29.73630142211914,2023-01-06,0.9768450260162354,6,158256334.45996
15.512269020080566,73.823062,12.239999771118164,-28.62656593322754,2023-01-06,0.9834190011024475,6,158256334.443432
15.512049674987793,73.815483,16.729999542236328,-78.823738,2023-01-06,0.9676889777183533,5,158256334.414506
15.511857032775879,73.822739,5.909999847412109,-26.957828521728516,2023-01-06,0.9517390131950378,6,158256334.435168
15.511443138122559,73.822414,8.460000038146973,-42.448021,2023-01-06,0.9820910096168518,6,158256334.426904
15.510814666748047,73.81451416015625,3.4800000190734863,-78.18630981445312,2023-01-06,0.9709439873695374,5,158256334.389708
15.511027336120605,73.822087,18.829999923706055,-70.65147399902344,2023-01-06,0.9699339866638184,6,158256334.418639
15.510452270507812,73.792077,16.690001,-77.785454,2023-01-06,0.9519339799880981,1,158256334.133476
15.510408401489258,73.814197,20.780001,-79.70833587646484,2023-01-06,0.9653260111808777,5,158256334.381442
15.510197639465332,73.821436,2.5,-81.912956,2023-01-06,0.9619799852371216,6,158256334.402107
15.509787559509277,73.821114,2.5,-81.875519,2023-01-06,0.9763200283050537,6,158256334.393841
15.509586334228516,73.813554,15.609999656677246,-74.43923950195312,2023-01-06,0.969344973564148,5,158256334.36491
15.509376525878906,73.820792,2.4700000286102295,-81.874611,2023-01-06,0.976722002029419,6,158256334.385575
15.50876522064209,73.81291198730469,11.529999732971191,-71.558807,2023-01-06,0.9708340167999268,5,158256334.348378
15.508966445922852,73.820471,2.5399999618530273,-81.84737396240234,2023-01-06,0.9629799723625183,6,158256334.377309
15.508355140686035,73.81259155273438,15.829999923706055,-71.48871612548828,2023-01-06,0.9775800108909607,5,158256334.340112
15.50855541229248,73.820149,2.5399999618530273,-81.894562,2023-01-06,0.970704972743988,6,158256334.369043
15.508092880249023,73.782792,10.479999542236328,-73.61336517333984,2023-01-06,0.9627209901809692,0,158256334.063233
15.508145332336426,73.819827,2.5,-81.815269,2023-01-06,0.9575330018997192,6,158256334.360777
15.507532119750977,73.811945,14.899999618530273,-77.944122,2023-01-06,0.9712100028991699,5,158256334.32358
15.50671100616455,73.811302,17.329999923706055,-78.153976,2023-01-06,0.9707610011100769,5,158256334.307048
15.50629997253418,73.81098175048828,14.930000305175781,-78.063217,2023-01-06,0.9754359722137451,5,158256334.298782
15.50612735748291,73.795588,5.349999904632568,-31.303306579589844,2023-01-06,0.9651150107383728,2,158256333.840104
15.504897117614746,73.794627,13.930000305175781,-24.594663619995117,2023-01-06,0.9524840116500854,2,158256333.815313
15.503660202026367,73.793656,9.0600004196167,-43.07301330566406,2023-01-06,0.9683660268783569,2,158256333.79052
15.503247261047363,73.793331,9.430000305175781,-55.469234466552734,2023-01-06,0.9563630223274231,2,158256333.782257
15.502833366394043,73.793005,13.399999618530273,-73.8742446899414,2023-01-06,0.9594100117683411,2,158256333.773993
15.501380920410156,73.807132,8.609999656677246,-36.02508544921875,2023-01-06,0.9759849905967712,5,158256334.19959
15.499110221862793,73.812754,2.4700000286102295,-81.968231,2023-01-06,0.9549700021743774,6,158256334.178928
15.498700141906738,73.812432,2.4700000286102295,-81.95470428466797,2023-01-06,0.9508029818534851,6,158256334.170664
15.498505592346191,73.80487823486328,10.029999732971191,-39.103790283203125,2023-01-06,0.9542689919471741,5,158256334.14174
15.498289108276367,73.812111,2.390000104904175,-81.887993,2023-01-06,0.9523959755897522,6,158256334.1624
15.497467994689941,73.811467,2.4700000286102295,-81.9559097290039,2023-01-06,0.9587730169296265,6,158256334.145872
15.49726676940918,73.803907,12.050000190734863,-69.148666,2023-01-06,0.9769769906997681,5,158256334.116948
15.49689769744873,73.781457,10.670000076293945,-77.224968,2023-01-06,0.9601600170135498,1,158256333.860765
15.496856689453125,73.803586,17.030001,-72.3323745727539,2023-01-06,0.9725720286369324,5,158256334.108684
15.495841979980469,73.787534,15.3100004196167,-79.955429,2023-01-06,0.9540939927101135,2,158256333.633505
15.496028900146484,73.802936,5.539999961853027,-85.21178436279297,2023-01-06,0.9578099846839905,5,158256334.092156
15.495431900024414,73.787213,12.539999961853027,-73.653137,2023-01-06,0.9630020260810852,2,158256333.625241
15.494613647460938,73.786576,16.100000381469727,-52.10368347167969,2023-01-06,0.9653580188751221,2,158256333.608712
15.494199752807617,73.78624725341797,15.270000457763672,-68.141769,2023-01-06,0.9634749889373779,2,158256333.600448
15.493785858154297,73.785924,14.9399995803833,-80.487961,2023-01-06,0.9812710285186768,2,158256333.592185
15.536035537719727,73.819414,8.859999656677246,-31.07622718811035,2024-11-18,0.9930269718170166,11,217196243.87312
15.536050796508789,73.826267,9.720000267028809,-25.416339874267578,2024-11-18,0.9802129864692688,8,217196243.992948
15.535623550415039,73.819737,12.420000076293945,-32.054619,2024-11-18,0.9926030039787292,11,217196243.881384
15.535640716552734,73.826589,2.950000047683716,-21.74953269958496,2024-11-18,0.9739840030670166,8,217196244.001212
15.535215377807617,73.820058,5.909999847412109,-31.75632667541504,2024-11-18,0.9919289946556091,11,217196243.889648
15.53522777557373,73.826913,8.449999809265137,-23.633961,2024-11-18,0.9881139993667603,8,217196244.009476
15.534797668457031,73.820385,22.329999923706055,-33.272342681884766,2024-11-18,0.9910749793052673,11,217196243.897912
15.534815788269043,73.827236,10.84000015258789,-25.2996826171875,2024-11-18,0.9879800081253052,8,217196244.01774
15.534387588500977,73.820706,15.819999694824219,-31.259359,2024-11-18,0.9892399907112122,11,217196243.906176
15.534401893615723,73.82756042480469,15.710000038146973,-24.34516716003418,2024-11-18,0.9891049861907959,8,217196244.026004
15.533974647521973,73.821031,19.969999,-29.662105560302734,2024-11-18,0.9908120036125183,11,217196243.91444
15.533994674682617,73.827880859375,9.15999984741211,-25.543777465820312,2024-11-18,0.9864330291748047,8,217196244.034268
15.533563613891602,73.821353,15.859999656677246,-28.146968841552734,2024-11-18,0.9911550283432007,11,217196243.922704
15.533583641052246,73.828203,7.099999904632568,-24.429162979125977,2024-11-18,0.9797999858856201,8,217196244.042532
15.533151626586914,73.821677,15.520000457763672,-24.452171325683594,2024-11-18,0.9835659861564636,11,217196243.930968
15.532739639282227,73.8219985961914,14.960000038146973,-23.112375259399414,2024-11-18,0.9650589823722839,11,217196243.939232
15.532327651977539,73.822323,15.819999694824219,-22.391439,2024-11-18,0.9800999760627747,11,217196243.947496
15.531509399414062,73.822966,9.720000267028809,-23.069904327392578,2024-11-18,0.9899799823760986,11,217196243.964024
15.531096458435059,73.823291,16.489999771118164,-25.247101,2024-11-18,0.9522820115089417,11,217196243.972288
15.531113624572754,73.83013916015625,9.569999694824219,-23.501312255859375,2024-11-18,0.9906250238418579,8,217196244.092124
15.530689239501953,73.8236083984375,6.730000019073486,-26.66414451599121,2024-11-18,0.9596139788627625,11,217196243.980552
15.530696868896484,73.830466,19.489999771118164,-21.042482376098633,2024-11-18,0.9922900199890137,8,217196244.10039
15.530277252197266,73.823933,11.180000305175781,-30.206846237182617,2024-11-18,0.9928299784660339,11,217196243.988816
15.530285835266113,73.830788,14.550000190734863,-18.113991,2024-11-18,0.9881939888000488,8,217196244.108656
15.529865264892578,73.824256,16.010000228881836,-32.20813751220703,2024-11-18,0.9913049936294556,11,217196243.99708
15.52987289428711,73.831112,17.350000381469727,-17.541531,2024-11-18,0.9868490099906921,8,217196244.116922
15.529455184936523,73.824578,13.90999984741211,-32.554588,2024-11-18,0.9892860054969788,11,217196244.005344
15.529463768005371,73.831433,12.1899995803833,-18.48124885559082,2024-11-18,0.9899290204048157,8,217196244.125188
15.529044151306152,73.824901,12.789999961853027,-32.46249771118164,2024-11-18,0.993698000907898,11,217196244.013608
15.529050827026367,73.831756,15.630000114440918,-17.945514678955078,2024-11-18,0.9902099967002869,8,217196244.133454
15.528632164001465,73.825224,15.479999542236328,-34.38531494140625,2024-11-18,0.9923350214958191,11,217196244.021872
15.528640747070312,73.832077,9.829999923706055,-16.260677337646484,2024-11-18,0.9913390278816223,8,217196244.14172
15.528219223022461,73.825548,18.65999984741211,-33.2609977722168,2024-11-18,0.9938579797744751,11,217196244.030136
15.528225898742676,73.832403,20.5,-17.474791,2024-11-18,0.9929419755935669,8,217196244.149986
15.527810096740723,73.825868,10.210000038146973,-31.01060676574707,2024-11-18,0.9915270209312439,11,217196244.0384
15.527816772460938,73.832723,15.859999656677246,-19.924530029296875,2024-11-18,0.9928500056266785,8,217196244.158252
15.5274019241333,73.826189,2.690000057220459,-29.88164520263672,2024-11-18,0.990103006362915,11,217196244.046664
15.527408599853516,73.833043,10.65999984741211,-21.6848087310791,2024-11-18,0.9927030205726624,8,217196244.166518
15.526985168457031,73.826516,15.449999809265137,-29.51226043701172,2024-11-18,0.9655579924583435,11,217196244.054928
15.526997566223145,73.833365,9.270000457763672,-23.197269,2024-11-18,0.9911779761314392,8,217196244.174784
15.526571273803711,73.826841,11.260000228881836,-18.942983627319336,2024-11-18,0.9798809885978699,11,217196244.063193
15.52658462524414,73.833688,12.600000381469727,-23.134944915771484,2024-11-18,0.9888889789581299,8,217196244.18305
15.52615737915039,73.827166,26.559999,-26.876625061035156,2024-11-18,0.9748679995536804,11,217196244.071459
15.526176452636719,73.834009,9.09000015258789,-23.81021499633789,2024-11-18,0.9883000254631042,8,217196244.191316
15.525765419006348,73.834331,9.010000228881836,-25.28219985961914,2024-11-18,0.991523027420044,8,217196244.199582
15.525350570678711,73.834655,13.949999809265137,-25.441204071044922,2024-11-18,0.9903309941291809,8,217196244.207848
15.524932861328125,73.828125,2.5399999618530273,-29.45498275756836,2024-11-18,0.9789779782295227,11,217196244.096257
15.524942398071289,73.834975,6.5,-23.95623016357422,2024-11-18,0.9809820055961609,8,217196244.216114
15.524518966674805,73.82845306396484,9.09000015258789,-28.222707748413086,2024-11-18,0.9902369976043701,11,217196244.104523
15.52452564239502,73.835301,14.65999984741211,-22.48659324645996,2024-11-18,0.9901919960975647,8,217196244.22438
15.524105072021484,73.828774,13.390000343322754,-26.173473358154297,2024-11-18,0.973796010017395,11,217196244.112789
15.524113655090332,73.835624,16.829999923706055,-21.766041,2024-11-18,0.9910470247268677,8,217196244.232646
15.523689270019531,73.8291015625,20.309999,-23.581432342529297,2024-11-18,0.9757339954376221,11,217196244.121055
15.523702621459961,73.835946,12.149999618530273,-19.274635314941406,2024-11-18,0.9900509715080261,8,217196244.240912
15.523289680480957,73.836269,16.75,-20.607679,2024-11-18,0.9910159707069397,8,217196244.249178
15.522883415222168,73.836588,9.15999984741211,-23.674026489257812,2024-11-18,0.9924659729003906,8,217196244.257444
15.52247142791748,73.836911,10.100000381469727,-22.491548538208008,2024-11-18,0.9912940263748169,8,217196244.26571
15.522061347961426,73.837232,9.119999885559082,-25.023866653442383,2024-11-18,0.9897739887237549,8,217196244.273976
15.520809173583984,73.831357,16.270000457763672,-21.143768310546875,2024-11-18,0.9680240154266357,11,217196244.178917
15.520398139953613,73.831679,15.449999809265137,-21.984119,2024-11-18,0.970894992351532,11,217196244.187183
15.519989967346191,73.831998,9.680000305175781,-24.916528701782227,2024-11-18,0.9783959984779358,11,217196244.195449
15.517950057983398,73.840451,3.2899999618530273,-27.49322509765625,2024-11-18,0.9638739824295044,8,217196244.356619
15.517520904541016,73.833932,6.320000171661377,-22.134319,2024-11-18,0.9795269966125488,11,217196244.245045
15.517538070678711,73.840774,5.159999847412109,-26.40412139892578,2024-11-18,0.967399001121521,8,217196244.364883
15.51712417602539,73.841098,9.380000114440918,-24.28104019165039,2024-11-18,0.9905170202255249,8,217196244.373147
15.516711235046387,73.841421,13.949999809265137,-27.091552734375,2024-11-18,0.991940975189209,8,217196244.381411
15.516298294067383,73.841745,13.390000343322754,-21.5317325592041,2024-11-18,0.9930059909820557,8,217196244.389675
15.515885353088379,73.842068,15.300000190734863,-18.53343963623047,2024-11-18,0.9927350282669067,8,217196244.397939
15.515460968017578,73.835545,12.489999771118164,-21.92992401123047,2024-11-18,0.9714769721031189,11,217196244.286375
15.515475273132324,73.842389,13.539999961853027,-21.658327102661133,2024-11-18,0.9935789704322815,8,217196244.406203
15.515048027038574,73.835868,13.239999771118164,-20.318681716918945,2024-11-18,0.9749850034713745,11,217196244.294639
15.515069007873535,73.842707,6.690000057220459,-25.954381942749023,2024-11-18,0.9877960085868835,8,217196244.414467
15.51463794708252,73.83618927001953,12.34000015258789,-20.914471,2024-11-18,0.9797139763832092,11,217196244.302903
15.512992858886719,73.837478,15.0,-26.453882217407227,2024-11-18,0.9626089930534363,11,217196244.335959
15.51217269897461,73.83811950683594,11.5600004196167,-30.312990188598633,2024-11-18,0.9710080027580261,11,217196244.352487
15.511761665344238,73.838442,9.979999542236328,-28.209054946899414,2024-11-18,0.9941250085830688,11,217196244.360751
15.511350631713867,73.838763,16.190001,-36.34819793701172,2024-11-18,0.9941750168800354,11,217196244.369015
15.510943412780762,73.839083,14.920000076293945,-43.059165954589844,2024-11-18,0.9937899708747864,11,217196244.377279
15.510539054870605,73.839399,3.809999942779541,-48.34274673461914,2024-11-18,0.9855129718780518,11,217196244.385543
15.508891105651855,73.840689,12.0,-50.04076385498047,2024-11-18,0.980076014995575,11,217196244.418599
15.508477210998535,73.841014,3.619999885559082,-34.67914581298828,2024-11-18,0.993336021900177,11,217196244.426863
15.508062362670898,73.841339,7.590000152587891,-29.785167694091797,2024-11-18,0.99406898021698,11,217196244.435127
15.507658004760742,73.841656,5.309999942779541,-43.62051773071289,2024-11-18,0.992127001285553,11,217196244.443391
15.482987403869629,73.860974,5.679999828338623,-51.848068,2024-11-18,0.9748330116271973,11,217196244.939231
15.48257064819336,73.861299,14.699999809265137,-51.456478,2024-11-18,0.9943040013313293,11,217196244.947495
15.482156753540039,73.861623,6.800000190734863,-37.794991,2024-11-18,0.9936439990997314,11,217196244.955759
15.481742858886719,73.86194610595703,6.46999979019165,-33.34282302856445,2024-11-18,0.9937300086021423,11,217196244.964023
15.481754302978516,73.868789,8.489999771118164,-32.597691,2024-11-18,0.9864699840545654,8,217196245.083857
15.481331825256348,73.862268,4.670000076293945,-31.669981002807617,2024-11-18,0.969452977180481,11,217196244.972287
15.481340408325195,73.869113,9.720000267028809,-29.19417953491211,2024-11-18,0.9923509955406189,8,217196245.092123
15.480921745300293,73.862589,7.03000020980835,-38.39934539794922,2024-11-18,0.9939749836921692,11,217196244.980551
15.480925559997559,73.869437,3.890000104904175,-16.98843002319336,2024-11-18,0.9936559796333313,8,217196245.100389
15.480512619018555,73.862908,6.389999866485596,-45.63542556762695,2024-11-18,0.9940850138664246,11,217196244.988815
15.480512619018555,73.86975860595703,4.929999828338623,-15.76534652709961,2024-11-18,0.9938030242919922,8,217196245.108655
15.480104446411133,73.863228,7.21999979019165,-51.804939,2024-11-18,0.9934809803962708,11,217196244.997079
15.480098724365234,73.870085,12.0,-15.9246244430542,2024-11-18,0.993287980556488,8,217196245.116921
15.479692459106445,73.863551,4.630000114440918,-47.75148010253906,2024-11-18,0.9935899972915649,11,217196245.005343
15.479686737060547,73.870407,10.510000228881836,-15.318346977233887,2024-11-18,0.9932940006256104,8,217196245.125187
15.479277610778809,73.863875,8.229999542236328,-46.3278923034668,2024-11-18,0.9940000176429749,11,217196245.013607
15.479278564453125,73.870727,4.300000190734863,-14.661087989807129,2024-11-18,0.991424024105072,8,217196245.133453
15.478862762451172,73.864199,7.739999771118164,-37.8719367980957,2024-11-18,0.9941779971122742,11,217196245.021871
15.478867530822754,73.871049,3.509999990463257,-15.447627067565918,2024-11-18,0.9894279837608337,8,217196245.141719
15.478446006774902,73.864526,6.800000190734863,-23.812835693359375,2024-11-18,0.9627969861030579,11,217196245.030135
15.47845458984375,73.871372,3.549999952316284,-12.377582550048828,2024-11-18,0.9930880069732666,8,217196245.149985
15.478035926818848,73.864846,7.03000020980835,-28.130207061767578,2024-11-18,0.9847559928894043,11,217196245.038399
15.478043556213379,73.871694,5.460000038146973,-15.399454116821289,2024-11-18,0.9935349822044373,8,217196245.158251
15.47762393951416,73.865169,7.889999866485596,-27.55744171142578,2024-11-18,0.9809340238571167,11,217196245.046663
15.47721004486084,73.865493,12.75,-25.723907470703125,2024-11-18,0.9863799810409546,11,217196245.054927
15.476799011230469,73.86581420898438,5.489999771118164,-21.19316291809082,2024-11-18,0.9575210213661194,11,217196245.063192
15.476387977600098,73.866136,7.099999904632568,-23.21383285522461,2024-11-18,0.9810410141944885,11,217196245.071458
15.476394653320312,73.872985,10.65999984741211,-13.706578254699707,2024-11-18,0.9758340120315552,8,217196245.191315
15.475977897644043,73.866457,4.900000095367432,-24.880701065063477,2024-11-18,0.9828770160675049,11,217196245.079724
15.475983619689941,73.873306,10.210000038146973,-14.624349594116211,2024-11-18,0.9546340107917786,8,217196245.199581
15.475565910339355,73.86678314208984,3.6600000858306885,-22.289958953857422,2024-11-18,0.9532449841499329,11,217196245.08799
15.47557258605957,73.873628,11.260000228881836,-16.913732528686523,2024-11-18,0.992231011390686,8,217196245.207847
15.475152969360352,73.867103,4.78000020980835,-19.981807708740234,2024-11-18,0.9603220224380493,11,217196245.096256
15.4751615524292,73.87394714355469,10.989999771118164,-16.93012046813965,2024-11-18,0.9929059743881226,8,217196245.216113
15.474738121032715,73.867427,12.789999961853027,-20.986669540405273,2024-11-18,0.9571589827537537,11,217196245.104522
15.474748611450195,73.874273,13.350000381469727,-16.30038833618164,2024-11-18,0.9919250011444092,8,217196245.224379
15.474326133728027,73.867751,13.15999984741211,-18.578519821166992,2024-11-18,0.9761160016059875,11,217196245.112788
15.474342346191406,73.874592,2.690000057220459,-16.412614822387695,2024-11-18,0.990352988243103,8,217196245.232645
15.471442222595215,73.870008,11.5600004196167,-9.222567558288574,2024-11-18,0.9789270162582397,11,217196245.17065
15.470208168029785,73.870975,8.9399995803833,-6.307071208953857,2024-11-18,0.9828069806098938,11,217196245.195448
15.46938419342041,73.87162017822266,6.920000076293945,-2.8676440715789795,2024-11-18,0.9763270020484924,11,217196245.21198
15.468563079833984,73.872262,4.150000095367432,-5.606377124786377,2024-11-18,0.9783610105514526,11,217196245.228512
15.468152046203613,73.872585,13.609999656677246,-14.180472373962402,2024-11-18,0.9804199934005737,11,217196245.236778
15.467740058898926,73.872907,3.5899999141693115,-4.144114971160889,2024-11-18,0.9561730027198792,11,217196245.245044
15.467329025268555,73.873229,7.03000020980835,-8.718902587890625,2024-11-18,0.9739170074462891,11,217196245.25331
15.466507911682129,73.873871,7.960000038146973,-14.355559349060059,2024-11-18,0.9789990186691284,11,217196245.269842
15.466097831726074,73.874193,4.369999885559082,-14.162042617797852,2024-11-18,0.9546020030975342,11,217196245.278108
15.465689659118652,73.874511,20.760000228881836,-41.178539,2024-11-18,0.9943540096282959,11,217196245.286374
