lat,lon,rh98,elev_lowestmode,date,sensitivity,beam,delta_time
29.894172,77.08586120605469,2.950000047683716,205.600662,2019-10-31,0.9594579935073853,11,57790436.396485
29.893403,77.076102,3.1700000762939453,205.495911,2019-10-31,0.9516100287437439,8,57790436.342769
29.893028259277344,77.075696,5.570000171661377,205.390533,2019-10-31,0.9502469897270203,8,57790436.334505
29.890783309936523,77.0732650756836,2.8399999141693115,207.875641,2019-10-31,0.9504179954528809,8,57790436.284921
29.890409,77.072861,4.630000114440918,205.480804,2019-10-31,0.9501680135726929,8,57790436.276657
29.889388,77.06214141845703,3.4000000953674316,206.552902,2019-10-31,0.9500960111618042,6,57790435.805566
29.88855743408203,77.079779,8.930000305175781,204.968994,2019-10-31,0.9555479884147644,11,57790436.272525
29.887279510498047,77.001179,3.0299999713897705,207.830246,2019-10-01,0.9506009817123413,2,55185335.23007
29.886531829833984,77.001993,3.059999942779541,207.9029998779297,2019-10-01,0.9517070055007935,2,55185335.246598
29.885629653930664,77.058087,3.359999895095825,206.408295,2019-10-31,0.9506319761276245,6,57790435.722914
29.884412,77.066387,4.409999847412109,206.206406,2019-10-31,0.953328013420105,8,57790436.144433
29.884037017822266,77.065984,4.21999979019165,205.626801,2019-10-31,0.9521200060844421,8,57790436.136169
29.883689,77.074522,3.0199999809265137,204.715225,2019-10-31,0.9588919878005981,11,57790436.165093
29.8825626373291,77.073309,3.4700000286102295,204.94400024414062,2019-10-31,0.9510250091552734,11,57790436.140301
29.881813049316406,77.07250213623047,3.5799999237060547,205.399582,2019-10-31,0.9576039910316467,11,57790436.123773
29.88178062438965,77.063554,13.529999732971191,207.440414,2019-10-31,0.9511449933052063,8,57790436.086585
29.88164520263672,77.044776,3.1700000762939453,211.754883,2019-10-31,0.9511060118675232,5,57790435.594822
29.879901,77.061533,8.710000038146973,215.654053,2019-10-31,0.9514060020446777,8,57790436.045265
29.879619598388672,77.051602,2.569999933242798,207.306641,2019-10-31,0.9510160088539124,6,57790435.59069
29.87842559814453,77.068856,20.899999618530273,204.969086,2019-10-31,0.951479971408844,11,57790436.049397
29.878055572509766,77.068457,7.849999904632568,207.195068,2019-10-31,0.9600120186805725,11,57790436.041133
29.877681,77.06805419921875,6.130000114440918,205.609848,2019-10-31,0.9611989855766296,11,57790436.032869
29.877307,77.067652,3.25,205.393921,2019-10-31,0.9582160115242004,11,57790436.024605
29.87693214416504,77.067248,2.990000009536743,205.335342,2019-10-31,0.9581680297851562,11,57790436.016341
29.876556396484375,77.066844,3.25,205.307556,2019-10-31,0.957925021648407,11,57790436.008077
29.876181,77.06643676757812,2.799999952316284,205.285843,2019-10-31,0.9527260065078735,11,57790435.999813
29.876445,77.004458,3.140000104904175,207.687729,2019-10-01,0.9570279717445374,3,55185335.33337
29.8738956451416,77.055071,8.369999885559082,204.264816,2019-10-31,0.9511820077896118,8,57790435.913024
29.872798919677734,77.06279754638672,5.039999961853027,205.552444,2019-10-31,0.9510449767112732,11,57790435.925423
29.873451232910156,77.0077133178711,2.9100000858306885,207.20108032226562,2019-10-01,0.9558029770851135,3,55185335.399482
29.87301254272461,77.035464,4.849999904632568,217.342773,2019-10-31,0.9511579871177673,5,57790435.40475
29.872424,77.062396,3.2899999618530273,206.690216,2019-10-31,0.9563770294189453,11,57790435.917157
29.87249183654785,77.04390716552734,2.690000057220459,209.497726,2019-10-31,0.9535750150680542,6,57790435.433674
29.872049,77.061993,2.8399999141693115,204.672653,2019-10-31,0.9553380012512207,11,57790435.908891
29.87091636657715,77.060772,17.530001,204.366562,2019-10-31,0.9508389830589294,11,57790435.884093
29.870547,77.060375,2.799999952316284,204.14151000976562,2019-10-31,0.9535509943962097,11,57790435.875827
29.869416,77.059157,10.800000190734863,203.72344970703125,2019-10-31,0.9559230208396912,11,57790435.851029
29.870092391967773,76.998846,2.7300000190734863,207.040436,2019-10-01,0.9689549803733826,5,55185335.697011
29.869039,77.05874633789062,13.270000457763672,204.006668,2019-10-31,0.9568830132484436,11,57790435.842763
29.869716,76.999252,2.7300000190734863,207.055374,2019-10-01,0.9572870135307312,5,55185335.705276
29.86969757080078,77.011771,3.2899999618530273,207.275864,2019-10-01,0.955623984336853,3,55185335.482122
29.869342803955078,76.999654,10.170000076293945,207.049942,2019-10-01,0.9642289876937866,5,55185335.713542
29.868291,77.057944,5.639999866485596,203.912018,2019-10-31,0.9536679983139038,11,57790435.826231
29.868968963623047,77.000058,13.170000076293945,206.965363,2019-10-01,0.965749979019165,5,55185335.721809
29.868589,77.000467,2.950000047683716,207.056915,2019-10-01,0.9678500294685364,5,55185335.730075
29.86857032775879,77.012989,2.880000114440918,207.136536,2019-10-01,0.9515169858932495,3,55185335.506914
29.86754035949707,77.057135,4.409999847412109,204.032227,2019-10-31,0.9519050121307373,11,57790435.809699
29.868213,77.000872,2.880000114440918,207.014679,2019-10-01,0.966027021408081,5,55185335.73834
29.86783790588379,77.001277,2.880000114440918,206.865479,2019-10-01,0.9635729789733887,5,55185335.746606
29.866788,77.056324,5.900000095367432,203.556839,2019-10-31,0.9501100182533264,11,57790435.793167
29.867462158203125,77.001682,3.2100000381469727,207.471512,2019-10-01,0.956371009349823,5,55185335.754873
29.866413116455078,77.05592346191406,3.6600000858306885,204.344421,2019-10-31,0.9548599720001221,11,57790435.784901
29.86708641052246,77.002088,2.799999952316284,206.692154,2019-10-01,0.9602590203285217,5,55185335.763139
29.866038,77.055516,2.8399999141693115,203.598007,2019-10-31,0.9544370174407959,11,57790435.776635
29.866710662841797,77.002493,2.690000057220459,206.860443,2019-10-01,0.9640390276908875,5,55185335.771404
29.866334,77.002898,2.6500000953674316,206.772339,2019-10-01,0.9641140103340149,5,55185335.77967
29.865959,77.003303,2.6500000953674316,206.803528,2019-10-01,0.9620090126991272,5,55185335.787937
29.865254,77.045759,4.150000095367432,204.054443,2019-10-31,0.9506999850273132,8,57790435.722914
29.865583419799805,77.003708,2.690000057220459,206.840515,2019-10-01,0.9674040079116821,5,55185335.796203
29.865207,77.004114,2.6500000953674316,206.727173,2019-10-01,0.9607719779014587,5,55185335.804468
29.864831,77.004519,2.6500000953674316,206.894806,2019-10-01,0.9698370099067688,5,55185335.812734
29.864455,77.004924,2.690000057220459,206.930267,2019-10-01,0.9687529802322388,5,55185335.821001
29.863779067993164,77.053082,8.329999923706055,203.271698,2019-10-31,0.9598709940910339,11,57790435.727046
29.863752365112305,77.044139,3.619999885559082,203.364731,2019-10-31,0.9507790207862854,8,57790435.689858
29.86408042907715,77.005329,2.759999990463257,207.121933,2019-10-01,0.9674389958381653,5,55185335.829265
29.863374,77.043732,6.460000038146973,203.530304,2019-10-31,0.9531430006027222,8,57790435.681594
29.863706,77.005732,7.289999961853027,206.803391,2019-10-01,0.9669550061225891,5,55185335.837529
29.863328,77.00614166259766,2.8399999141693115,206.738235,2019-10-01,0.9634360074996948,5,55185335.845793
29.862952,77.006545,2.799999952316284,206.551559,2019-10-01,0.9649009704589844,5,55185335.854057
29.86257553100586,77.00695037841797,2.5399999618530273,206.5356903076172,2019-10-01,0.9641330242156982,5,55185335.862321
29.8621768951416,77.019882,2.759999990463257,207.747147,2019-10-01,0.9508360028266907,3,55185335.647415
29.862357,76.998753,6.059999942779541,206.176636,2019-10-01,0.9605669975280762,6,55185335.734208
29.862199783325195,77.00735473632812,2.799999952316284,206.747711,2019-10-01,0.9610310196876526,5,55185335.870585
29.86175537109375,77.023333,13.75,210.945572,2019-10-31,0.9593020081520081,5,57790435.15683
29.861980438232422,76.999159,2.799999952316284,206.30484008789062,2019-10-01,0.9669479727745056,6,55185335.742473
29.861827850341797,77.007757,13.5,206.490616,2019-10-01,0.9554589986801147,5,55185335.878849
29.861453,77.008162,15.149999618530273,206.284607,2019-10-01,0.9611499905586243,5,55185335.887113
29.861381,77.022931,11.279999732971191,210.089417,2019-10-31,0.9547290205955505,5,57790435.148566
29.861051,77.021096,6.349999904632568,207.218445,2019-10-01,0.952006995677948,3,55185335.672213
29.861228,76.999969,2.609999895095825,206.565155,2019-10-01,0.9668989777565002,6,55185335.759006
29.8610782623291,77.008566,17.510000228881836,206.348663,2019-10-01,0.9584159851074219,5,55185335.895377
29.86085319519043,77.00037384033203,2.7300000190734863,206.514252,2019-10-01,0.9652190208435059,6,55185335.767271
29.860701,77.008972,15.710000038146973,206.163757,2019-10-01,0.9610229730606079,5,55185335.903641
29.860015869140625,77.049023,21.870001,203.885773,2019-10-31,0.9542829990386963,11,57790435.644406
29.860477447509766,77.000779,3.2100000381469727,206.332092,2019-10-01,0.9662060141563416,6,55185335.775537
29.85927391052246,77.048222,3.319999933242798,202.46224975585938,2019-10-31,0.9613519906997681,11,57790435.627878
29.859725952148438,77.0015869140625,3.0299999713897705,207.123642,2019-10-01,0.962215006351471,6,55185335.79207
29.858899,77.047817,3.140000104904175,202.239731,2019-10-31,0.9544069766998291,11,57790435.619614
29.859350204467773,77.001995,2.5399999618530273,206.605972,2019-10-01,0.9738749861717224,6,55185335.800335
29.859191,77.010597,2.5399999618530273,206.201706,2019-10-01,0.9716609716415405,5,55185335.936697
29.858487,77.038461,18.579999923706055,203.176559,2019-10-31,0.9513270258903503,8,57790435.574162
29.858523,77.047412,3.25,202.085632,2019-10-31,0.9590669870376587,11,57790435.61135
29.85897445678711,77.00240325927734,2.5799999237060547,206.921585,2019-10-01,0.9725069999694824,6,55185335.808601
29.858815,77.011002,2.609999895095825,205.95310974121094,2019-10-01,0.965021014213562,5,55185335.944961
29.858148,77.047007,2.799999952316284,201.955292,2019-10-31,0.9620739817619324,11,57790435.603086
29.858598,77.002805,2.609999895095825,206.865082,2019-10-01,0.9706230163574219,6,55185335.816868
29.85823631286621,77.028546,2.569999933242798,207.39295959472656,2019-10-31,0.9518420100212097,6,57790435.119642
29.858439,77.011407,2.5399999618530273,206.114792,2019-10-01,0.9704920053482056,5,55185335.953225
29.858222,77.003211,2.8399999141693115,206.447952,2019-10-01,0.9598659873008728,6,55185335.825133
29.858062744140625,77.011812,2.609999895095825,206.404358,2019-10-01,0.9716179966926575,5,55185335.961489
29.857396,77.04619598388672,4.03000020980835,202.613327,2019-10-31,0.9548149704933167,11,57790435.586558
29.857846,77.003616,2.759999990463257,206.468872,2019-10-01,0.9760280251502991,6,55185335.833397
29.857686,77.012217,2.5799999237060547,205.863632,2019-10-01,0.9513409733772278,5,55185335.969753
29.85746955871582,77.004021,2.609999895095825,206.27182006835938,2019-10-01,0.9704239964485168,6,55185335.841661
29.85702133178711,77.045792,3.4000000953674316,202.772858,2019-10-31,0.9500460028648376,11,57790435.578294
29.857309341430664,77.012622,2.690000057220459,206.239990234375,2019-10-01,0.9690210223197937,5,55185335.978017
29.856645584106445,77.045387,4.0,202.693481,2019-10-31,0.9501060247421265,11,57790435.57003
29.857093811035156,77.004426,2.5799999237060547,206.695343,2019-10-01,0.9713850021362305,6,55185335.849925
29.85693359375,77.013027,2.5799999237060547,206.627533,2019-10-01,0.9589999914169312,5,55185335.986281
29.856718063354492,77.004831,2.6500000953674316,206.588806,2019-10-01,0.9618449807167053,6,55185335.858189
29.856559,77.013431,4.599999904632568,206.868713,2019-10-01,0.9554290175437927,5,55185335.994545
29.856343,77.005236,2.799999952316284,206.418823,2019-10-01,0.9696800112724304,6,55185335.866453
29.856181,77.013837,2.5799999237060547,206.713013,2019-10-01,0.9591169953346252,5,55185336.002809
29.855894088745117,77.044576,5.900000095367432,202.992157,2019-10-31,0.9505990147590637,11,57790435.553502
29.855517,77.044169,9.529999732971191,203.845871,2019-10-31,0.9524750113487244,11,57790435.545238
29.855966567993164,77.005642,2.7300000190734863,206.499527,2019-10-01,0.9660390019416809,6,55185335.874717
29.855805,77.014242,2.609999895095825,206.209656,2019-10-01,0.9668809771537781,5,55185336.011073
29.855591,77.006047,2.8399999141693115,206.305038,2019-10-01,0.9638599753379822,6,55185335.882981
29.855431,77.014645,8.1899995803833,206.675888,2019-10-01,0.9640269875526428,5,55185336.019337
29.855215072631836,77.006452,3.4800000190734863,206.9372100830078,2019-10-01,0.9596970081329346,6,55185335.891245
29.855052,77.015051,2.5799999237060547,206.450653,2019-10-01,0.9635589718818665,5,55185336.027601
29.854841232299805,77.006855,9.199999809265137,206.626205,2019-10-01,0.9649810194969177,6,55185335.899509
29.85467529296875,77.015456,2.5399999618530273,206.541916,2019-10-01,0.9638980031013489,5,55185336.035865
29.854019,77.042553,4.179999828338623,202.749817,2019-10-31,0.9584969878196716,11,57790435.512182
29.854463577270508,77.007261,6.429999828338623,207.092072,2019-10-01,0.9599090218544006,6,55185335.907773
29.854299,77.015861,2.609999895095825,207.010132,2019-10-01,0.9690750241279602,5,55185336.044129
29.854087,77.007667,2.880000114440918,206.538406,2019-10-01,0.9629650115966797,6,55185335.916037
29.853925,77.016264,5.980000019073486,208.425095,2019-10-01,0.9620699882507324,5,55185336.052393
29.85364532470703,77.042149,3.9200000762939453,202.882248,2019-10-31,0.9505059719085693,11,57790435.503918
29.853269577026367,77.041745,3.7699999809265137,202.353043,2019-10-31,0.9527680277824402,11,57790435.495654
29.853334426879883,77.008478,2.759999990463257,206.421021,2019-10-01,0.9668369889259338,6,55185335.932565
29.852958,77.008883,2.7300000190734863,206.488129,2019-10-01,0.958640992641449,6,55185335.940829
29.852582,77.009288,2.609999895095825,206.592926,2019-10-01,0.9550740122795105,6,55185335.949093
29.852205276489258,77.009693,2.430000066757202,206.106476,2019-10-01,0.955935001373291,6,55185335.957357
29.851769,77.040126,4.820000171661377,202.557281,2019-10-31,0.9519330263137817,11,57790435.462598
29.852008,77.012827,2.609999895095825,207.447159,2019-10-31,0.9507949948310852,5,57790434.941955
29.851739,77.031184,4.300000190734863,206.671387,2019-10-31,0.9515249729156494,8,57790435.42541
29.851633071899414,77.012423,2.5,207.451355,2019-10-31,0.9544060230255127,5,57790434.933689
29.851453,77.010503,2.5799999237060547,206.245544,2019-10-01,0.9618719816207886,6,55185335.973885
29.851287841796875,77.01909637451172,2.690000057220459,206.665573,2019-10-01,0.9655550122261047,5,55185336.110241
29.851077,77.010908,2.6500000953674316,206.380432,2019-10-01,0.9657480120658875,6,55185335.982149
29.850637435913086,77.038906,20.299999,201.897507,2019-10-31,0.9519780278205872,11,57790435.437806
29.851154327392578,76.998507,2.799999952316284,206.136429,2019-10-01,0.9643880128860474,8,55185336.201145
29.850778,76.998913,2.799999952316284,206.011536,2019-10-01,0.962552011013031,8,55185336.209409
29.850701,77.011313,2.609999895095825,206.58963012695312,2019-10-01,0.9691380262374878,6,55185335.990413
29.850535,77.01991271972656,2.7300000190734863,206.493088,2019-10-01,0.9672930240631104,5,55185336.126769
29.850402,76.999319,2.8399999141693115,205.896515,2019-10-01,0.9609249830245972,8,55185336.217673
29.850324,77.011718,2.7300000190734863,206.468384,2019-10-01,0.966588020324707,6,55185335.998677
29.850158,77.020315,2.690000057220459,206.498047,2019-10-01,0.96909099817276,5,55185336.135033
29.849948,77.012122,2.759999990463257,206.419342,2019-10-01,0.9681400060653687,6,55185336.006941
29.849782,77.02072143554688,2.799999952316284,206.597977,2019-10-01,0.9678419828414917,5,55185336.143297
29.849519,77.0376968383789,3.25,204.100143,2019-10-31,0.9548680186271667,11,57790435.413014
29.850026,76.99972534179688,2.7300000190734863,205.964554,2019-10-01,0.9632369875907898,8,55185336.225937
29.849608,77.019245,2.609999895095825,207.262634,2019-10-31,0.9619240164756775,6,57790434.929556
29.849651336669922,77.000131,2.880000114440918,206.016861,2019-10-01,0.9592220187187195,8,55185336.234201
29.849572,77.012527,2.759999990463257,206.549271,2019-10-01,0.969756007194519,6,55185336.015205
29.849406,77.02112579345703,2.609999895095825,205.925659,2019-10-01,0.9536799788475037,5,55185336.151561
29.849275,77.000537,2.950000047683716,205.888611,2019-10-01,0.9584389925003052,8,55185336.242465
29.849029,77.021531,2.5399999618530273,206.197281,2019-10-01,0.9647740125656128,5,55185336.159825
29.848857879638672,77.018437,2.690000057220459,207.327179,2019-10-31,0.9593750238418579,6,57790434.913024
29.848653,77.021936,2.7300000190734863,206.229935,2019-10-01,0.9656190276145935,5,55185336.168089
29.848899,77.000943,2.799999952316284,205.951218,2019-10-01,0.9631689786911011,8,55185336.250729
29.848527,77.001347,9.020000457763672,206.177307,2019-10-01,0.96635901927948,8,55185336.258993
29.848449,77.013737,16.68000030517578,208.127258,2019-10-01,0.9597669839859009,6,55185336.039997
29.848277,77.022342,2.5399999618530273,206.115692,2019-10-01,0.9668139815330505,5,55185336.176353
29.848066329956055,77.014147,2.5799999237060547,206.393646,2019-10-01,0.9690380096435547,6,55185336.048261
29.848107,77.017628,2.390000104904175,207.098221,2019-10-31,0.9519990086555481,6,57790434.896492
29.848148345947266,77.001756,2.759999990463257,205.693665,2019-10-01,0.9687730073928833,8,55185336.267257
29.847901,77.022747,2.690000057220459,206.034027,2019-10-01,0.968546986579895,5,55185336.184617
29.847688674926758,77.014552,2.7300000190734863,205.93218994140625,2019-10-01,0.9527440071105957,6,55185336.056525
29.847524642944336,77.023153,2.690000057220459,205.802628,2019-10-01,0.9581620097160339,5,55185336.192881
29.8477725982666,77.002162,2.880000114440918,205.657059,2019-10-01,0.9648609757423401,8,55185336.275521
29.847396850585938,77.002568,2.619999885559082,205.814774,2019-10-01,0.9654430150985718,8,55185336.283785
29.847148895263672,77.023558,2.5799999237060547,205.873184,2019-10-01,0.9750720262527466,5,55185336.201145
29.846774,77.023963,4.599999904632568,206.579926,2019-10-01,0.9697980284690857,5,55185336.209409
29.847022,77.002974,2.950000047683716,205.504639,2019-10-01,0.9535059928894043,8,55185336.292049
29.84651756286621,77.034466,3.2899999618530273,201.706451,2019-10-31,0.9500070214271545,11,57790435.346902
29.846646,77.003381,2.759999990463257,205.8021697998047,2019-10-01,0.9641450047492981,8,55185336.300313
29.846143,77.034062,3.4700000286102295,201.554214,2019-10-31,0.9555519819259644,11,57790435.338638
29.846271514892578,77.003786,4.340000152587891,206.264908,2019-10-01,0.9649580121040344,8,55185336.308577
29.846183,77.016171,2.5399999618530273,206.249924,2019-10-01,0.9546449780464172,6,55185336.089581
29.845767974853516,77.033658,2.990000009536743,201.301666,2019-10-31,0.9660879969596863,11,57790435.330374
29.845807,77.016576,2.609999895095825,206.308044,2019-10-01,0.9615690112113953,6,55185336.097845
29.845643997192383,77.025182,2.7300000190734863,204.009018,2019-10-01,0.9583730101585388,5,55185336.234201
29.845895,77.004193,2.7300000190734863,205.963089,2019-10-01,0.9684939980506897,8,55185336.316841
29.845393,77.033254,2.9100000858306885,201.306915,2019-10-31,0.9604250192642212,11,57790435.32211
29.84552001953125,77.004599,3.140000104904175,205.773926,2019-10-01,0.9585390090942383,8,55185336.325105
29.845431,77.01698303222656,2.609999895095825,206.396606,2019-10-01,0.9665610194206238,6,55185336.106109
29.845269,77.025588,2.799999952316284,203.94454956054688,2019-10-01,0.9571970105171204,5,55185336.242465
29.845017,77.03285217285156,3.1700000762939453,201.598389,2019-10-31,0.9560999870300293,11,57790435.313846
29.845145,77.005006,2.8399999141693115,205.909042,2019-10-01,0.959417998790741,8,55185336.333369
29.845054,77.017385,2.6500000953674316,206.224289,2019-10-01,0.96287602186203,6,55185336.114373
29.844897,77.025991,12.680000305175781,204.3673095703125,2019-10-01,0.9586989879608154,5,55185336.250729
29.844518,77.02639770507812,4.0,203.387268,2019-10-01,0.9675859808921814,5,55185336.258993
29.844768524169922,77.005411,3.180000066757202,205.843201,2019-10-01,0.9650490283966064,8,55185336.341633
29.844505310058594,77.0047378540039,11.579999923706055,206.747208,2019-10-31,0.959568977355957,5,57790434.776635
29.844394,77.005818,2.690000057220459,205.809158,2019-10-01,0.9678270220756531,8,55185336.349897
29.844358444213867,77.013586,2.5399999618530273,206.920731,2019-10-31,0.9532420039176941,6,57790434.813832
29.844301223754883,77.018195,2.759999990463257,206.085007,2019-10-01,0.9610530138015747,6,55185336.130901
29.844144821166992,77.026804,10.210000038146973,204.096725,2019-10-01,0.9567720293998718,5,55185336.267257
29.844135284423828,77.004341,2.7200000286102295,206.498367,2019-10-31,0.9528340101242065,5,57790434.768369
29.84392547607422,77.018601,2.609999895095825,206.107376,2019-10-01,0.9594159722328186,6,55185336.139165
29.844018,77.006224,2.9100000858306885,205.860443,2019-10-01,0.9658889770507812,8,55185336.358161
29.843768,77.027212,6.429999828338623,204.24378967285156,2019-10-01,0.9630929827690125,5,55185336.275521
29.843549,77.019006,2.6500000953674316,205.983429,2019-10-01,0.9597160220146179,6,55185336.147429
29.843392,77.027618,6.429999828338623,204.449585,2019-10-01,0.9572650194168091,5,55185336.283785
29.843713760375977,76.998214,2.990000009536743,205.464706,2019-10-01,0.9710569977760315,11,55185336.230069
29.843643188476562,77.006629,2.880000114440918,205.927475,2019-10-01,0.9638630151748657,8,55185336.366425
29.842992782592773,77.040538,3.140000104904175,201.225723,2019-10-01,0.9514359831809998,3,55185336.068922
29.843338012695312,76.99861907958984,2.7300000190734863,205.544312,2019-10-01,0.9723700284957886,11,55185336.238333
29.843387,77.003533,2.6500000953674316,206.528519,2019-10-31,0.9599840044975281,5,57790434.751838
29.8432674407959,77.007035,2.7300000190734863,205.8988800048828,2019-10-01,0.9612830281257629,8,55185336.374689
29.843172073364258,77.019411,2.5799999237060547,205.300629,2019-10-01,0.959572970867157,6,55185336.155693
29.843109,77.021887,3.880000114440918,206.501175,2019-10-31,0.9520689845085144,8,57790435.235338
29.843015670776367,77.028024,5.909999847412109,203.554794,2019-10-01,0.9621189832687378,5,55185336.292049
29.842796325683594,77.019816,2.609999895095825,205.358475,2019-10-01,0.952223002910614,6,55185336.163957
29.842641,77.02842712402344,8.300000190734863,202.980774,2019-10-01,0.9678149819374084,5,55185336.300313
29.842963,76.999026,3.890000104904175,205.843735,2019-10-01,0.9763399958610535,11,55185336.246597
29.8430118560791,77.003129,2.609999895095825,206.580536,2019-10-31,0.9513620138168335,5,57790434.743574
29.842891693115234,77.007441,2.619999885559082,206.123093,2019-10-01,0.9670940041542053,8,55185336.382953
29.842517852783203,77.007845,5.239999771118164,206.850128,2019-10-01,0.9636859893798828,8,55185336.391217
29.842485427856445,77.011567,2.5,206.45751953125,2019-10-31,0.9623050093650818,6,57790434.772502
29.84242057800293,77.020222,2.690000057220459,205.586288,2019-10-01,0.9548519849777222,6,55185336.172221
29.842359,77.021079,3.0999999046325684,205.604935,2019-10-31,0.9500809907913208,8,57790435.21881
29.842265,77.028837,6.920000076293945,202.343124,2019-10-01,0.9613339900970459,5,55185336.308577
29.84259033203125,76.999431,7.139999866485596,205.529221,2019-10-01,0.9790430068969727,11,55185336.254861
29.842212,76.999839,2.990000009536743,205.40863037109375,2019-10-01,0.9704099893569946,11,55185336.263125
29.842111,77.011163,2.609999895095825,206.372559,2019-10-31,0.9615129828453064,6,57790434.764236
29.842044,77.020627,3.4000000953674316,205.772568,2019-10-01,0.9575510025024414,6,55185336.180485
29.841891,77.029242,10.739999771118164,201.764832,2019-10-01,0.9619479775428772,5,55185336.316841
29.841668,77.021033,2.5799999237060547,205.36911010742188,2019-10-01,0.958636999130249,6,55185336.188749
29.841512,77.02964782714844,2.7300000190734863,201.904984,2019-10-01,0.9599930047988892,5,55185336.325105
29.841836,77.000245,3.180000066757202,205.329834,2019-10-01,0.9716020226478577,11,55185336.271389
29.841773,77.008652,20.920000076293945,207.509232,2019-10-01,0.9535710215568542,8,55185336.407745
29.84139060974121,77.009062,2.6500000953674316,205.803802,2019-10-01,0.9657340049743652,8,55185336.416009
29.841233,77.019866,2.869999885559082,207.157364,2019-10-31,0.9541140198707581,8,57790435.194018
29.841292,77.021438,2.6500000953674316,205.849915,2019-10-01,0.9583749771118164,6,55185336.197013
29.841136,77.030056,2.6500000953674316,201.864456,2019-10-01,0.9621809720993042,5,55185336.333369
29.841459274291992,77.000651,2.9100000858306885,205.334717,2019-10-01,0.9716650247573853,11,55185336.279653
29.84108543395996,77.001058,2.7300000190734863,205.573944,2019-10-01,0.966742992401123,11,55185336.287917
29.841014862060547,77.009467,3.0299999713897705,205.461685,2019-10-01,0.9624170064926147,8,55185336.424273
29.84091567993164,77.021844,2.5799999237060547,205.510834,2019-10-01,0.9570329785346985,6,55185336.205277
29.840761184692383,77.030462,2.690000057220459,201.818283,2019-10-01,0.9541800022125244,5,55185336.341633
29.840539932250977,77.022249,2.6500000953674316,205.637863,2019-10-01,0.9625319838523865,6,55185336.213541
29.84038543701172,77.030868,2.609999895095825,201.782715,2019-10-01,0.9607430100440979,5,55185336.349897
29.840709686279297,77.001464,2.9100000858306885,205.765686,2019-10-01,0.9694250226020813,11,55185336.296181
29.840639,77.009872,2.8399999141693115,205.429855,2019-10-01,0.9655020236968994,8,55185336.432537
29.840482,77.019058,3.319999933242798,206.159607,2019-10-31,0.958977997303009,8,57790435.17749
29.840264,77.010277,3.180000066757202,204.17041015625,2019-10-01,0.9679470062255859,8,55185336.440801
29.840108,77.0186538696289,2.799999952316284,206.115631,2019-10-31,0.9538009762763977,8,57790435.169226
29.840018,77.031267,22.709999,201.44927978515625,2019-10-01,0.9655380249023438,5,55185336.358161
29.840333938598633,77.00186920166016,3.140000104904175,205.183792,2019-10-01,0.9561700224876404,11,55185336.304445
29.839959,77.002276,2.690000057220459,205.680328,2019-10-01,0.9728999733924866,11,55185336.312709
29.839887619018555,77.010682,2.990000009536743,204.547638,2019-10-01,0.9660900235176086,8,55185336.449065
29.839635,77.031679,3.5899999141693115,202.29808044433594,2019-10-01,0.9738630056381226,5,55185336.366425
29.83926010131836,77.032085,3.3299999237060547,202.326324,2019-10-01,0.9721239805221558,5,55185336.374689
29.839583,77.002682,2.950000047683716,205.516342,2019-10-01,0.9691259860992432,11,55185336.320973
29.83951187133789,77.011087,2.759999990463257,204.161179,2019-10-01,0.9607740044593811,8,55185336.457329
29.839208,77.003089,2.7300000190734863,205.849899,2019-10-01,0.9761589765548706,11,55185336.329237
29.839136123657227,77.011492,2.5799999237060547,204.449783,2019-10-01,0.9613450169563293,8,55185336.465593
29.83898162841797,77.017441,2.759999990463257,206.008255,2019-10-31,0.950685977935791,8,57790435.144434
29.838884353637695,77.032491,3.0999999046325684,201.669815,2019-10-01,0.9644520282745361,5,55185336.382953
29.838897705078125,76.998689,2.799999952316284,206.414062,2019-10-31,0.9543920159339905,5,57790434.65267
29.83883285522461,77.003495,3.059999942779541,205.653625,2019-10-01,0.9721840023994446,11,55185336.337501
29.838761,77.011896,3.0999999046325684,204.213287,2019-10-01,0.9592000246047974,8,55185336.473857
29.838508,77.032897,2.799999952316284,201.55130004882812,2019-10-01,0.9626250267028809,5,55185336.391217
29.8383846282959,77.012301,2.759999990463257,204.415222,2019-10-01,0.9654139876365662,8,55185336.482121
29.83828353881836,77.024687,2.7300000190734863,201.669617,2019-10-01,0.9531390070915222,6,55185336.263125
29.838457107543945,77.003901,3.180000066757202,205.450424,2019-10-01,0.9701449871063232,11,55185336.345765
29.838369369506836,77.00712585449219,3.619999885559082,205.969559,2019-10-31,0.9506130218505859,6,57790434.681594
29.838082,77.004307,2.990000009536743,205.371277,2019-10-01,0.9632850289344788,11,55185336.354029
29.838010787963867,77.012705,2.880000114440918,204.426285,2019-10-01,0.9598389863967896,8,55185336.490385
29.837907791137695,77.025093,2.5799999237060547,201.768158,2019-10-01,0.9717509746551514,6,55185336.271389
29.837512,77.02476501464844,2.990000009536743,202.47731018066406,2019-10-31,0.9502519965171814,11,57790435.148566
29.83753204345703,77.025499,2.609999895095825,201.441971,2019-10-01,0.9607300162315369,6,55185336.279653
29.837382,77.034112,3.2899999618530273,202.405838,2019-10-01,0.9640499949455261,5,55185336.416009
29.837636,77.013108,7.03000020980835,205.560516,2019-10-01,0.9695600271224976,8,55185336.498649
29.836971282958984,77.047018,2.990000009536743,202.61553955078125,2019-10-01,0.9550930261611938,3,55185336.201146
29.837157,77.025905,2.690000057220459,201.421097,2019-10-01,0.962011992931366,6,55185336.287917
29.837007,77.034517,3.059999942779541,202.892059,2019-10-01,0.9631140232086182,5,55185336.424273
29.837331771850586,77.005117,4.190000057220459,207.167435,2019-10-01,0.9648600220680237,11,55185336.370557
29.837106704711914,77.01541900634766,3.0999999046325684,206.214188,2019-10-31,0.9540579915046692,8,57790435.103114
29.836762,77.023956,3.359999895095825,202.561508,2019-10-31,0.9589329957962036,11,57790435.132038
29.836781,77.026311,2.6500000953674316,201.269806,2019-10-01,0.9598150253295898,6,55185336.296181
29.836631,77.034922,3.700000047683716,202.022278,2019-10-01,0.9588080048561096,5,55185336.432537
29.83640480041504,77.026718,2.609999895095825,201.172485,2019-10-01,0.958325982093811,6,55185336.304445
29.836255,77.035327,2.6500000953674316,201.1601104736328,2019-10-01,0.9530850052833557,5,55185336.440801
29.83658790588379,77.005925,19.610001,208.236206,2019-10-01,0.9749190211296082,11,55185336.387085
29.836505889892578,77.014323,2.5,205.174942,2019-10-01,0.9591130018234253,8,55185336.523441
29.836387,77.023552,3.359999895095825,203.001511,2019-10-31,0.9528080224990845,11,57790435.123774
29.836131,77.014727,2.5799999237060547,205.679276,2019-10-01,0.9650880098342896,8,55185336.531705
29.836029052734375,77.027124,2.7300000190734863,201.2844696044922,2019-10-01,0.9644020199775696,6,55185336.312709
29.835879,77.035732,2.5399999618530273,201.144394,2019-10-01,0.9613069891929626,5,55185336.449065
29.836204,77.006336,2.990000009536743,203.794159,2019-10-01,0.9788020253181458,11,55185336.395349
29.835828,77.006741,2.690000057220459,203.830429,2019-10-01,0.9777590036392212,11,55185336.403613
29.835758209228516,77.015129,9.319999694824219,205.535034,2019-10-01,0.9652040004730225,8,55185336.539969
29.835654,77.02752685546875,2.5399999618530273,200.865402,2019-10-01,0.9659420251846313,6,55185336.320973
29.835504,77.036136,2.609999895095825,201.347977,2019-10-01,0.9680489897727966,5,55185336.457329
29.835603713989258,77.013801,6.989999771118164,206.070908,2019-10-31,0.9572399854660034,8,57790435.070058
29.835279,77.027936,2.5,200.889206,2019-10-01,0.9619470238685608,6,55185336.329237
29.835453033447266,77.007146,3.140000104904175,203.684875,2019-10-01,0.9767119884490967,11,55185336.411877
29.835227,77.013395,12.260000228881836,205.282532,2019-10-31,0.952547013759613,8,57790435.061794
29.835378646850586,77.015536,2.950000047683716,205.639923,2019-10-01,0.963487982749939,8,55185336.548233
29.835078,77.007551,2.880000114440918,203.756393,2019-10-01,0.9728410243988037,11,55185336.420141
29.835006,77.015938,11.859999656677246,205.528473,2019-10-01,0.9665380120277405,8,55185336.556497
29.83488655090332,77.02193450927734,3.509999990463257,202.887894,2019-10-31,0.9574999809265137,11,57790435.090718
29.834903717041016,77.028342,2.759999990463257,201.449295,2019-10-01,0.9678059816360474,6,55185336.337501
29.83452796936035,77.028748,2.609999895095825,201.446121,2019-10-01,0.9677670001983643,6,55185336.345765
29.834701538085938,77.007956,3.4000000953674316,203.746582,2019-10-01,0.9676700234413147,11,55185336.428405
29.834511,77.021531,3.4700000286102295,202.880859,2019-10-31,0.9513319730758667,11,57790435.082454
29.834378,77.037349,2.799999952316284,203.921692,2019-10-01,0.9660339951515198,5,55185336.482121
29.834153,77.029154,2.5799999237060547,201.424454,2019-10-01,0.9627259969711304,6,55185336.354029
29.834001541137695,77.037753,3.3299999237060547,203.397659,2019-10-01,0.9649099707603455,5,55185336.490385
29.834136962890625,77.021127,2.950000047683716,202.735031,2019-10-31,0.9532650113105774,11,57790435.07419
29.833951,77.0087661743164,2.6500000953674316,203.925568,2019-10-01,0.9756079912185669,11,55185336.444933
29.833873748779297,77.017154,2.4700000286102295,205.108032,2019-10-01,0.9632729887962341,8,55185336.581289
29.833777,77.029559,2.5799999237060547,201.312042,2019-10-01,0.9648579955101013,6,55185336.362293
29.83362579345703,77.038158,4.150000095367432,201.543442,2019-10-01,0.9700850248336792,5,55185336.498649
29.833249,77.038562,2.759999990463257,201.581787,2019-10-01,0.9654250144958496,5,55185336.506913
29.833498001098633,77.017559,2.990000009536743,204.677658,2019-10-01,0.952701985836029,8,55185336.589553
29.833386,77.020318,2.9100000858306885,203.706085,2019-10-31,0.9556480050086975,11,57790435.057662
29.833354949951172,77.011378,3.509999990463257,206.315521,2019-10-31,0.9518920183181763,8,57790435.020474
29.833026885986328,77.0303726196289,3.9600000381469727,201.912827,2019-10-01,0.9653540253639221,6,55185336.378821
29.832874298095703,77.038966,3.2100000381469727,202.3711395263672,2019-10-01,0.9673640131950378,5,55185336.515177
29.83319854736328,77.009576,2.759999990463257,203.438538,2019-10-01,0.9506469964981079,11,55185336.461461
29.832824,77.00997924804688,2.759999990463257,203.433334,2019-10-01,0.9720510244369507,11,55185336.469725
29.832652,77.030776,4.110000133514404,201.514206,2019-10-01,0.9683399796485901,6,55185336.387085
29.832498,77.039371,2.8399999141693115,201.480316,2019-10-01,0.9598960280418396,5,55185336.523441
29.832276,77.031181,3.509999990463257,202.144547,2019-10-01,0.9621239900588989,6,55185336.395349
29.832122,77.039775,2.609999895095825,201.604675,2019-10-01,0.9563400149345398,5,55185336.531705
29.832448,77.010385,2.8399999141693115,203.361969,2019-10-01,0.9742349982261658,11,55185336.477989
29.831899642944336,77.03158569335938,3.809999942779541,201.277908,2019-10-01,0.9554070234298706,6,55185336.403613
29.832074,77.010789,3.25,205.364014,2019-10-01,0.9769330024719238,11,55185336.486253
29.83185577392578,77.009762,2.799999952316284,204.336807,2019-10-31,0.9560109972953796,8,57790434.987418
29.831697463989258,77.011193,3.0299999713897705,203.326355,2019-10-01,0.9701259732246399,11,55185336.494517
29.831523895263672,77.031992,2.4600000381469727,201.179413,2019-10-01,0.9587590098381042,6,55185336.411877
29.831369,77.040584,2.609999895095825,200.820923,2019-10-01,0.9581689834594727,5,55185336.548233
29.831149,77.032397,2.5799999237060547,201.106842,2019-10-01,0.9556769728660583,6,55185336.420141
29.830993,77.040989,2.5399999618530273,200.994492,2019-10-01,0.9631940126419067,5,55185336.556497
29.831321,77.011598,2.950000047683716,203.505188,2019-10-01,0.9729329943656921,11,55185336.502781
29.830945,77.012002,2.9100000858306885,203.535263,2019-10-01,0.9705730080604553,11,55185336.511045
29.830398,77.033207,2.5,201.177994,2019-10-01,0.9634510278701782,6,55185336.436669
29.830570220947266,77.012407,2.7300000190734863,204.122055,2019-10-01,0.9766970276832581,11,55185336.519309
29.830242156982422,77.041797,4.670000076293945,200.973282,2019-10-01,0.955627977848053,5,55185336.573025
29.830384,77.017083,3.440000057220459,205.088089,2019-10-31,0.9588450193405151,11,57790434.99155
29.830022,77.033611,2.5799999237060547,201.024612,2019-10-01,0.9676550030708313,6,55185336.444933
29.829866409301758,77.042201,3.700000047683716,201.721863,2019-10-01,0.9692739844322205,5,55185336.581289
29.830196380615234,77.01280975341797,6.25,204.054092,2019-10-01,0.9666460156440735,11,55185336.527573
29.830003,77.016672,18.360001,205.238052,2019-10-31,0.9550380110740662,11,57790434.983285
29.82982063293457,77.01321411132812,8.229999542236328,203.955673,2019-10-01,0.9638199806213379,11,55185336.535837
29.829646,77.034016,2.609999895095825,201.043228,2019-10-01,0.9697790145874023,6,55185336.453197
29.82948875427246,77.042606,2.9100000858306885,200.865738,2019-10-01,0.9609240293502808,5,55185336.589553
29.829627,77.016267,19.290001,205.190979,2019-10-31,0.9540380239486694,11,57790434.975019
29.82927131652832,77.03441619873047,3.890000104904175,201.510635,2019-10-01,0.9661660194396973,6,55185336.461461
29.829113006591797,77.04300689697266,3.740000009536743,201.74057006835938,2019-10-01,0.968887984752655,5,55185336.597818
29.829761,76.997836,2.690000057220459,205.946884,2019-10-31,0.9590470194816589,6,57790434.491522
29.829442,77.01361846923828,2.690000057220459,204.03302001953125,2019-10-01,0.9784209728240967,11,55185336.544101
29.829228,77.006931,3.140000104904175,205.70162963867188,2019-10-31,0.9520040154457092,8,57790434.929556
29.828895568847656,77.034824,4.190000057220459,201.393036,2019-10-01,0.9656209945678711,6,55185336.469725
29.829066,77.014024,3.0999999046325684,204.023132,2019-10-01,0.956712007522583,11,55185336.552365
29.828853,77.006527,3.0199999809265137,205.751099,2019-10-31,0.953154981136322,8,57790434.92129
29.828689575195312,77.014429,2.799999952316284,204.520889,2019-10-01,0.964169979095459,11,55185336.560629
29.828519821166992,77.035229,3.25,202.306931,2019-10-01,0.9651970267295837,6,55185336.477989
29.828144073486328,77.035634,2.759999990463257,200.677368,2019-10-01,0.9503859877586365,6,55185336.486253
29.82831382751465,77.014833,3.059999942779541,203.72463989257812,2019-10-01,0.9526669979095459,11,55185336.568893
29.827768325805664,77.036038,2.6500000953674316,200.642258,2019-10-01,0.9709150195121765,6,55185336.494517
29.827758,77.014254,2.990000009536743,204.619949,2019-10-31,0.9509209990501404,11,57790434.933689
29.827392578125,77.036442,4.75,201.622681,2019-10-01,0.959426999092102,6,55185336.502781
29.827018,77.036845,6.659999847412109,201.462357,2019-10-01,0.9591060280799866,6,55185336.511045
29.827352,77.00491333007812,3.0999999046325684,205.282928,2019-10-31,0.9620509743690491,8,57790434.888226
29.827184677124023,77.016047,2.759999990463257,203.486786,2019-10-01,0.9575160145759583,11,55185336.593685
29.826642,77.03724670410156,5.349999904632568,201.478668,2019-10-01,0.9618909955024719,6,55185336.519309
29.826266,77.037654,5.650000095367432,201.269699,2019-10-01,0.9610120058059692,6,55185336.527573
29.825889587402344,77.038058,6.579999923706055,201.056625,2019-10-01,0.9557080268859863,6,55185336.535837
29.825513,77.038464,2.609999895095825,200.638885,2019-10-01,0.9697819948196411,6,55185336.544101
29.825141,77.038865,10.960000038146973,201.566483,2019-10-01,0.9670379757881165,6,55185336.552365
29.82476234436035,77.039271,5.980000019073486,201.739746,2019-10-01,0.9642189741134644,6,55185336.560629
29.824386596679688,77.039675,8.1899995803833,201.950424,2019-10-01,0.9510909914970398,6,55185336.568893
29.82400894165039,77.04007720947266,4.559999942779541,201.881012,2019-10-01,0.9576900005340576,6,55185336.577157
29.823701,77.028096,3.700000047683716,200.771652,2019-10-01,0.9514849781990051,8,55185336.804468
29.823634,77.040484,6.28000020980835,201.155441,2019-10-01,0.9650710225105286,6,55185336.585421
29.82332420349121,77.028501,2.5799999237060547,200.689987,2019-10-01,0.9526820182800293,8,55185336.812734
29.823259,77.040888,9.460000038146973,201.288162,2019-10-01,0.9752740263938904,6,55185336.593685
29.822371,77.076975,2.799999952316284,201.015778,2019-10-01,0.9523249864578247,1,55185336.986281
29.822946548461914,77.028906,2.7300000190734863,201.186676,2019-10-01,0.9715970158576965,8,55185336.821
29.82257080078125,77.02931213378906,3.549999952316284,201.142517,2019-10-01,0.9632310271263123,8,55185336.829264
29.822471618652344,76.999652,17.90999984741211,206.056961,2019-10-31,0.9545069932937622,8,57790434.780768
29.821439,77.030524,2.690000057220459,200.949829,2019-10-01,0.9621180295944214,8,55185336.854056
29.821062088012695,77.030928,2.8399999141693115,200.634781,2019-10-01,0.9513530135154724,8,55185336.86232
29.821002960205078,77.006975,13.380000114440918,206.257202,2019-10-31,0.9502869844436646,11,57790434.784901
29.820685,77.031333,2.690000057220459,200.788559,2019-10-01,0.959272027015686,8,55185336.870585
29.820308685302734,77.031737,2.6500000953674316,201.050537,2019-10-01,0.9678170084953308,8,55185336.878849
29.819932,77.032141,2.799999952316284,200.857132,2019-10-01,0.9692440032958984,8,55185336.887112
29.819690704345703,77.05313873291016,2.6500000953674316,200.828751,2019-10-01,0.9619770050048828,5,55185336.804468
29.819313049316406,77.053544,3.8499999046325684,200.773804,2019-10-01,0.9617850184440613,5,55185336.812734
29.819555282592773,77.032545,2.8399999141693115,200.762558,2019-10-01,0.9677559733390808,8,55185336.895377
29.819177627563477,77.032949,2.7300000190734863,200.247711,2019-10-01,0.9727309942245483,8,55185336.903641
29.818936,77.053949,2.759999990463257,200.924393,2019-10-01,0.9642930030822754,5,55185336.821
29.818559,77.054353,2.759999990463257,202.717758,2019-10-01,0.9618210196495056,5,55185336.829265
29.818801,77.033354,2.6500000953674316,200.383438,2019-10-01,0.9703059792518616,8,55185336.911904
29.818425,77.033758,2.799999952316284,200.59494018554688,2019-10-01,0.9753569960594177,8,55185336.920168
29.81818199157715,77.054757,3.9200000762939453,201.425385,2019-10-01,0.9661020040512085,5,55185336.837529
29.81804847717285,77.034162,2.5799999237060547,200.590118,2019-10-01,0.9703999757766724,8,55185336.928433
29.817805,77.055162,2.759999990463257,202.655121,2019-10-01,0.9700850248336792,5,55185336.845793
29.817426681518555,77.055567,2.609999895095825,200.508606,2019-10-01,0.969211995601654,5,55185336.854057
29.817765,77.026179,2.690000057220459,200.58547973632812,2019-10-01,0.9736970067024231,11,55185336.800335
29.817672,77.034566,2.8399999141693115,200.599579,2019-10-01,0.9660959839820862,8,55185336.936696
29.81705093383789,77.055971,2.6500000953674316,200.45462036132812,2019-10-01,0.9672350287437439,5,55185336.862321
29.817637,77.003344,8.890000343322754,207.21047973632812,2019-10-31,0.9501420259475708,11,57790434.710518
29.817388,77.026584,2.799999952316284,200.686066,2019-10-01,0.9760439991950989,11,55185336.808601
29.817011,77.026988,3.059999942779541,200.446274,2019-10-01,0.9737600088119507,11,55185336.816867
29.816674,77.056375,2.6500000953674316,200.309036,2019-10-01,0.9671249985694885,5,55185336.870585
29.817256927490234,77.002933,24.860001,204.809296,2019-10-31,0.9635949730873108,11,57790434.702254
29.816297,77.056779,2.6500000953674316,200.420059,2019-10-01,0.9674370288848877,5,55185336.878849
29.816634,77.027393,2.9100000858306885,200.376968,2019-10-01,0.9744319915771484,11,55185336.825132
29.816545486450195,77.035777,7.710000038146973,200.598221,2019-10-01,0.9717900156974792,8,55185336.961489
29.816167,77.036183,2.9100000858306885,200.523956,2019-10-01,0.9665359854698181,8,55185336.969752
29.815919876098633,77.057184,2.6500000953674316,200.204788,2019-10-01,0.971979022026062,5,55185336.887113
29.81625747680664,77.027798,2.8399999141693115,200.59136962890625,2019-10-01,0.9807350039482117,11,55185336.833397
29.815879821777344,77.028202,2.8399999141693115,200.546432,2019-10-01,0.9795240163803101,11,55185336.84166
29.815791,77.036587,3.509999990463257,200.877472,2019-10-01,0.9632279872894287,8,55185336.978017
29.815543,77.057588,2.7300000190734863,200.370285,2019-10-01,0.9654020071029663,5,55185336.895377
29.815166473388672,77.057992,2.609999895095825,200.157791,2019-10-01,0.9765790104866028,5,55185336.903641
29.815503,77.028607,3.059999942779541,200.375381,2019-10-01,0.974744975566864,11,55185336.849924
29.815415,77.036991,3.549999952316284,200.377563,2019-10-01,0.9632059931755066,8,55185336.986281
29.815126419067383,77.029011,2.9100000858306885,200.049408,2019-10-01,0.9768869876861572,11,55185336.858189
29.815038681030273,77.037395,2.7300000190734863,202.557419,2019-10-01,0.9673590064048767,8,55185336.994544
29.814791,77.05839538574219,3.0299999713897705,202.434769,2019-10-01,0.9697589874267578,5,55185336.911905
29.81475067138672,77.029415,3.0999999046325684,200.102448,2019-10-01,0.9710599780082703,11,55185336.866453
29.814664,77.03780364990234,3.2100000381469727,201.940216,2019-10-01,0.9686989784240723,8,55185337.002808
29.814414,77.058799,3.180000066757202,201.968124,2019-10-01,0.9670379757881165,5,55185336.920169
29.814038,77.059203,2.950000047683716,202.803299,2019-10-01,0.963208019733429,5,55185336.928433
29.814373016357422,77.02982330322266,3.3299999237060547,199.867493,2019-10-01,0.9717850089073181,11,55185336.874716
29.814288,77.038204,4.21999979019165,200.705704,2019-10-01,0.9711340069770813,8,55185337.011073
29.813996,77.030224,2.990000009536743,199.850876,2019-10-01,0.9716219902038574,11,55185336.882981
29.813912,77.038609,2.619999885559082,200.718872,2019-10-01,0.9651889801025391,8,55185337.019336
29.813834,77.051018,2.8399999141693115,201.805847,2019-10-01,0.9585760235786438,6,55185336.800335
29.81365966796875,77.059608,3.4800000190734863,200.42337036132812,2019-10-01,0.9555969834327698,5,55185336.936697
29.813459396362305,77.051421,8.300000190734863,201.29306030273438,2019-10-01,0.9631050229072571,6,55185336.808601
29.813619,77.030628,3.140000104904175,200.077362,2019-10-01,0.9710530042648315,11,55185336.891245
29.813541412353516,77.039011,13.359999656677246,200.509674,2019-10-01,0.9648420214653015,8,55185337.0276
29.813161,77.039418,2.990000009536743,200.495041,2019-10-01,0.962162971496582,8,55185337.035865
29.813079833984375,77.051828,4.190000057220459,200.244064,2019-10-01,0.9620260000228882,6,55185336.816867
29.812907,77.060416,2.609999895095825,200.518326,2019-10-01,0.9556959867477417,5,55185336.953225
29.813241958618164,77.031032,2.880000114440918,200.19692993164062,2019-10-01,0.9703930020332336,11,55185336.899508
29.8128662109375,77.031436,2.8399999141693115,200.30303955078125,2019-10-01,0.9756439924240112,11,55185336.907772
29.812785,77.039823,2.759999990463257,200.602783,2019-10-01,0.9667869806289673,8,55185337.044128
29.812702178955078,77.052233,2.759999990463257,200.264389,2019-10-01,0.9690539836883545,6,55185336.825133
29.812532424926758,77.06082153320312,3.4000000953674316,201.808014,2019-10-01,0.9647319912910461,5,55185336.961489
29.813151,76.998504,3.5799999237060547,205.409653,2019-10-31,0.9582399725914001,11,57790434.61135
29.81232452392578,77.052637,2.6500000953674316,200.135544,2019-10-01,0.9692890048027039,6,55185336.833397
29.812156,77.061223,4.559999942779541,200.948441,2019-10-01,0.9698209762573242,5,55185336.969753
29.812488555908203,77.031841,2.8399999141693115,200.220108,2019-10-01,0.9734560251235962,11,55185336.916037
29.812410354614258,77.040228,2.799999952316284,200.486862,2019-10-01,0.9662709832191467,8,55185337.052392
29.812776565551758,76.99810028076172,4.0,204.8788604736328,2019-10-31,0.9588419795036316,11,57790434.603086
29.812034606933594,77.040632,2.9100000858306885,199.955658,2019-10-01,0.955390989780426,8,55185337.060657
29.811948,77.053041,2.7300000190734863,200.06307983398438,2019-10-01,0.9677039980888367,6,55185336.841661
29.811786651611328,77.061621,24.959999,200.475983,2019-10-01,0.9590809941291809,5,55185336.978017
29.812112,77.032245,2.880000114440918,200.093582,2019-10-01,0.9730349779129028,11,55185336.9243
29.812402725219727,76.99769592285156,3.9200000762939453,205.417786,2019-10-31,0.9565290212631226,11,57790434.594822
29.811736,77.032649,2.950000047683716,199.944077,2019-10-01,0.9635699987411499,11,55185336.932564
29.811670303344727,77.04103088378906,29.75,201.09613037109375,2019-10-01,0.9678059816360474,8,55185337.068921
29.811403274536133,77.062032,3.700000047683716,201.044327,2019-10-01,0.9700260162353516,5,55185336.986281
29.811195373535156,77.053849,3.0299999713897705,201.869873,2019-10-01,0.961562991142273,6,55185336.858189
29.811359,77.033053,2.6500000953674316,200.137268,2019-10-01,0.9725549817085266,11,55185336.940829
29.811291,77.041437,22.0,198.440018,2019-10-01,0.9643319845199585,8,55185337.077184
29.810912,77.041844,10.8100004196167,200.687164,2019-10-01,0.9623330235481262,8,55185337.085449
29.810817,77.054254,2.5799999237060547,199.759476,2019-10-01,0.964061975479126,6,55185336.866453
29.810651,77.062841,2.7300000190734863,200.676315,2019-10-01,0.9628599882125854,5,55185337.002809
29.810983,77.033457,2.990000009536743,198.936493,2019-10-01,0.9688270092010498,11,55185336.949092
29.810441,77.054658,3.059999942779541,201.899429,2019-10-01,0.9618880152702332,6,55185336.874717
29.810606002807617,77.033862,2.880000114440918,199.010696,2019-10-01,0.9573079943656921,11,55185336.957356
29.81053352355957,77.042252,2.990000009536743,199.94219970703125,2019-10-01,0.9555990099906921,8,55185337.093713
29.8100643157959,77.055063,2.759999990463257,200.080688,2019-10-01,0.9524160027503967,6,55185336.882981
29.810230255126953,77.034266,2.7300000190734863,199.976379,2019-10-01,0.973406970500946,11,55185336.965621
29.810159,77.042657,2.880000114440918,199.779083,2019-10-01,0.9541640281677246,8,55185337.101976
29.809854,77.03466796875,2.9100000858306885,199.97463989257812,2019-10-01,0.9742230176925659,11,55185336.973885
29.809783935546875,77.043061,2.690000057220459,200.122208,2019-10-01,0.9649019837379456,8,55185337.11024
29.809524,77.064054,2.609999895095825,200.932999,2019-10-01,0.9593570232391357,5,55185337.027601
29.809148,77.064459,2.690000057220459,200.840118,2019-10-01,0.9521480202674866,5,55185337.035865
29.809478,77.035074,2.880000114440918,199.889511,2019-10-01,0.9711120128631592,11,55185336.982148
29.809409,77.043466,2.6500000953674316,200.234512,2019-10-01,0.9602000117301941,8,55185337.118505
29.80903434753418,77.043871,2.880000114440918,200.033508,2019-10-01,0.9646409749984741,8,55185337.126768
29.809102,77.035478,2.990000009536743,199.834152,2019-10-01,0.9683780074119568,11,55185336.990413
29.808726,77.035883,2.950000047683716,198.592117,2019-10-01,0.9535809755325317,11,55185336.998677
29.808658599853516,77.044276,2.880000114440918,200.061523,2019-10-01,0.9680609703063965,8,55185337.135032
29.808349609375,77.036288,3.0299999713897705,198.50881958007812,2019-10-01,0.9670829772949219,11,55185337.00694
29.80828285217285,77.044681,2.9100000858306885,200.306015,2019-10-01,0.9681649804115295,8,55185337.143297
29.807805,77.057486,4.75,200.589859,2019-10-01,0.9655860066413879,6,55185336.932565
29.807647,77.066077,2.6500000953674316,200.862198,2019-10-01,0.9622889757156372,5,55185337.068921
29.807975,77.036692,3.059999942779541,198.568237,2019-10-01,0.9639440178871155,11,55185337.015204
29.807600021362305,77.037096,3.5899999141693115,199.259705,2019-10-01,0.9725459814071655,11,55185337.023469
29.807533264160156,77.045491,2.5,199.673721,2019-10-01,0.9708709716796875,8,55185337.159824
29.80742835998535,77.05789184570312,3.9200000762939453,200.780853,2019-10-01,0.9651989936828613,6,55185336.940829
29.807271,77.066482,2.7300000190734863,200.650024,2019-10-01,0.9645079970359802,5,55185337.077185
29.806903839111328,77.06687927246094,21.850000381469727,200.919907,2019-10-01,0.9634770154953003,5,55185337.085449
29.80722427368164,77.037501,2.8399999141693115,200.042694,2019-10-01,0.9686059951782227,11,55185337.031732
29.807157,77.045896,2.7300000190734863,199.623611,2019-10-01,0.9715840220451355,8,55185337.168089
29.806781768798828,77.046301,2.9100000858306885,198.950684,2019-10-01,0.966060996055603,8,55185337.176353
29.80652618408203,77.067287,13.989999771118164,202.644913,2019-10-01,0.9672330021858215,5,55185337.093713
29.806848526000977,77.037905,2.8399999141693115,200.139343,2019-10-01,0.9748870134353638,11,55185337.039996
29.806472778320312,77.0383071899414,2.9100000858306885,199.783447,2019-10-01,0.9715009927749634,11,55185337.048261
29.806407,77.046706,3.359999895095825,199.889297,2019-10-01,0.9640650153160095,8,55185337.184616
29.80614471435547,77.06769561767578,2.6500000953674316,200.513977,2019-10-01,0.9643359780311584,5,55185337.101977
29.80592155456543,77.059507,2.6500000953674316,200.458649,2019-10-01,0.9546419978141785,6,55185336.973885
29.805770874023438,77.068101,2.7300000190734863,200.520676,2019-10-01,0.968163013458252,5,55185337.110241
29.806098,77.038715,2.880000114440918,199.851822,2019-10-01,0.967756986618042,11,55185337.056525
29.806032180786133,77.047111,3.9600000381469727,199.641876,2019-10-01,0.9601060152053833,8,55185337.19288
29.805723190307617,77.039119,2.799999952316284,199.682159,2019-10-01,0.9692580103874207,11,55185337.064788
29.805654525756836,77.04751586914062,2.7300000190734863,199.659607,2019-10-01,0.9695510268211365,8,55185337.201145
29.805545806884766,77.059912,2.609999895095825,200.328949,2019-10-01,0.960811972618103,6,55185336.982149
29.805395126342773,77.068505,2.7300000190734863,200.521103,2019-10-01,0.9722200036048889,5,55185337.118505
29.805169,77.060316,2.6500000953674316,199.444839,2019-10-01,0.9661030173301697,6,55185336.990413
29.805019,77.06890869140625,2.5799999237060547,200.201736,2019-10-01,0.9682130217552185,5,55185337.126769
29.805349,77.039523,6.210000038146973,200.249329,2019-10-01,0.9725720286369324,11,55185337.073053
29.804793,77.06072235107422,2.5799999237060547,199.106186,2019-10-01,0.9608110189437866,6,55185336.998677
29.80464744567871,77.069313,8.859999656677246,200.299042,2019-10-01,0.9668340086936951,5,55185337.135033
29.894767,77.06980895996094,2.430000066757202,203.808594,2019-11-19,0.9560199975967407,11,59435208.518655
29.894458,77.07865905761719,2.5399999618530273,204.970551,2019-11-19,0.9712600111961365,8,59435208.663302
29.894393920898438,77.070211,15.460000038146973,203.978561,2019-11-19,0.9534080028533936,11,59435208.526921
29.894084,77.079064,3.740000009536743,205.140427,2019-11-19,0.9610059857368469,8,59435208.671566
29.894020080566406,77.070617,6.400000095367432,209.056091,2019-11-19,0.9695559740066528,11,59435208.535187
29.893645,77.071024,4.710000038146973,204.023621,2019-11-19,0.9529160261154175,11,59435208.543453
29.893709182739258,77.079468,4.079999923706055,205.443054,2019-11-19,0.9634039998054504,8,59435208.67983
29.893335342407227,77.079873,3.0299999713897705,204.690811,2019-11-19,0.9588189721107483,8,59435208.688094
29.893129348754883,77.09252166748047,7.900000095367432,204.660141,2019-11-19,0.9511370062828064,6,59435208.464926
29.893271,77.07142639160156,2.4700000286102295,204.133286,2019-11-19,0.9579970240592957,11,59435208.551719
29.892739,77.101583,2.5799999237060547,203.996445,2019-11-19,0.9579309821128845,5,59435208.609581
29.892755,77.092927,2.4700000286102295,204.133743,2019-11-19,0.9508500099182129,6,59435208.473192
29.89289665222168,77.071835,2.4700000286102295,204.000916,2019-11-19,0.9608759880065918,11,59435208.559985
29.89252281188965,77.0722427368164,2.430000066757202,204.321884,2019-11-19,0.9568740129470825,11,59435208.568251
29.892213,77.081084,10.890000343322754,204.545242,2019-11-19,0.9547119736671448,8,59435208.712886
29.892148971557617,77.072642,9.020000457763672,204.43157958984375,2019-11-19,0.9698799848556519,11,59435208.576517
29.891775131225586,77.073049,4.940000057220459,204.892914,2019-11-19,0.9670429825782776,11,59435208.584783
29.891464233398438,77.08189392089844,6.739999771118164,204.674484,2019-11-19,0.9574699997901917,8,59435208.729414
29.891401290893555,77.073453,5.130000114440918,204.256744,2019-11-19,0.9609310030937195,11,59435208.593049
29.891090393066406,77.082296,13.550000190734863,203.916473,2019-11-19,0.9642620086669922,8,59435208.737678
29.89102554321289,77.073859,2.390000104904175,204.119614,2019-11-19,0.9516140222549438,11,59435208.601315
29.89065170288086,77.074264,2.430000066757202,204.159439,2019-11-19,0.9508249759674072,11,59435208.609581
29.890716,77.08270263671875,16.770000457763672,203.786148,2019-11-19,0.9553760290145874,8,59435208.745942
29.89034080505371,77.083109,2.390000104904175,203.726456,2019-11-19,0.9537150263786316,8,59435208.754206
29.88976287841797,77.096167,2.5799999237060547,204.158722,2019-11-19,0.9561709761619568,6,59435208.53932
29.889904022216797,77.075073,2.430000066757202,204.15892028808594,2019-11-19,0.9705269932746887,11,59435208.626113
29.889592,77.083914,12.90999984741211,204.149429,2019-11-19,0.9516350030899048,8,59435208.770734
29.889389038085938,77.096572,2.4700000286102295,204.198044,2019-11-19,0.9591389894485474,6,59435208.547586
29.889529,77.075478,2.4700000286102295,203.9372100830078,2019-11-19,0.9656360149383545,11,59435208.634378
29.889217376708984,77.084321,3.630000114440918,204.203049,2019-11-19,0.9589729905128479,8,59435208.778998
29.889015197753906,77.096976,3.2899999618530273,204.146851,2019-11-19,0.9668560028076172,6,59435208.555852
29.889155,77.075882,2.430000066757202,204.059906,2019-11-19,0.9642230272293091,11,59435208.642642
29.888843,77.084726,3.069999933242798,203.875931,2019-11-19,0.9590389728546143,8,59435208.787262
29.888641357421875,77.097378,10.479999542236328,204.389038,2019-11-19,0.955377995967865,6,59435208.564118
29.88846778869629,77.085131,3.630000114440918,202.482788,2019-11-19,0.9646890163421631,8,59435208.795526
29.88826560974121,77.09778594970703,3.3299999237060547,204.110443,2019-11-19,0.9634029865264893,6,59435208.572384
29.88840675354004,77.076689,7.599999904632568,204.332687,2019-11-19,0.9653699994087219,11,59435208.65917
29.888093948364258,77.085536,3.180000066757202,201.260422,2019-11-19,0.9684240221977234,8,59435208.80379
29.887658,77.07749938964844,2.7699999809265137,204.0203399658203,2019-11-19,0.95973801612854,11,59435208.675698
29.887720108032227,77.085939,5.239999771118164,203.583740234375,2019-11-19,0.9666739702224731,8,59435208.812054
29.88751792907715,77.098596,2.4700000286102295,203.833649,2019-11-19,0.9571070075035095,6,59435208.588916
29.887347,77.086338,24.81999969482422,203.986908,2019-11-19,0.9533730149269104,8,59435208.820318
29.887284,77.077904,2.430000066757202,203.832092,2019-11-19,0.9539660215377808,11,59435208.683962
29.886971,77.086749,2.430000066757202,203.904312,2019-11-19,0.9659500122070312,8,59435208.828582
29.886769,77.099405,2.390000104904175,203.208145,2019-11-19,0.9584360122680664,6,59435208.605448
29.88690948486328,77.078309,2.3499999046325684,203.890869,2019-11-19,0.9573839902877808,11,59435208.692226
29.886535,77.078713,2.5,203.878021,2019-11-19,0.9678559899330139,11,59435208.70049
29.886397,77.099803,20.290001,202.156967,2019-11-19,0.9621109962463379,6,59435208.613714
29.886222,77.087558,4.230000019073486,203.922195,2019-11-19,0.9612420201301575,8,59435208.84511
29.886161,77.079117,2.6500000953674316,203.69046020507812,2019-11-19,0.951403021812439,11,59435208.708754
29.885848,77.087962,4.860000133514404,204.563736,2019-11-19,0.9610350131988525,8,59435208.853374
29.885787,77.079521,3.140000104904175,203.951233,2019-11-19,0.9652249813079834,11,59435208.717018
29.885473251342773,77.088367,4.980000019073486,204.542343,2019-11-19,0.9542890191078186,8,59435208.861638
29.885038375854492,77.08032989501953,2.4700000286102295,203.871674,2019-11-19,0.9724940061569214,11,59435208.733546
29.884664,77.080735,2.5799999237060547,203.637924,2019-11-19,0.9580299854278564,11,59435208.74181
29.883914947509766,77.081543,2.619999885559082,203.610504,2019-11-19,0.9526240229606628,11,59435208.758338
29.8835391998291,77.081948,2.5,203.692856,2019-11-19,0.95591801404953,11,59435208.766602
29.883601,77.090391,2.5,203.723679,2019-11-19,0.9528229832649231,8,59435208.902958
29.882852,77.091201,2.430000066757202,203.525909,2019-11-19,0.9563279747962952,8,59435208.919486
29.882419,77.083155,24.34000015258789,203.389069,2019-11-19,0.95871901512146,11,59435208.791394
29.882043,77.08356475830078,4.110000133514404,203.646317,2019-11-19,0.9643779993057251,11,59435208.799658
29.881729,77.09241485595703,2.4700000286102295,203.476288,2019-11-19,0.9508129954338074,8,59435208.944278
29.881668090820312,77.08396911621094,2.5,203.695892,2019-11-19,0.9649930000305176,11,59435208.807922
29.88135528564453,77.09281921386719,2.390000104904175,203.437927,2019-11-19,0.9578920006752014,8,59435208.952542
29.88129425048828,77.084375,2.5,203.403015,2019-11-19,0.9682049751281738,11,59435208.816186
29.880979537963867,77.093225,2.319999933242798,203.490982,2019-11-19,0.9516850113868713,8,59435208.960806
29.88092041015625,77.084779,2.4700000286102295,203.469528,2019-11-19,0.9695690274238586,11,59435208.82445
29.880605697631836,77.093628,4.300000190734863,204.053818,2019-11-19,0.9619690179824829,8,59435208.96907
29.880544662475586,77.085184,2.4700000286102295,203.5760498046875,2019-11-19,0.9667019844055176,11,59435208.832714
29.880231857299805,77.094033,4.860000133514404,203.424377,2019-11-19,0.9519370198249817,8,59435208.977334
29.880172,77.085585,11.9399995803833,203.915863,2019-11-19,0.9641129970550537,11,59435208.840978
29.879423141479492,77.08639526367188,10.819999694824219,204.072906,2019-11-19,0.9627320170402527,11,59435208.857506
29.879483,77.094843,2.6500000953674316,203.292648,2019-11-19,0.9522759914398193,8,59435208.993862
29.879109,77.095248,2.430000066757202,203.336945,2019-11-19,0.9574750065803528,8,59435209.002126
29.879048,77.086801,5.199999809265137,204.041672,2019-11-19,0.9695259928703308,11,59435208.86577
29.878734,77.095652,2.5,206.321198,2019-11-19,0.966247022151947,8,59435209.01039
29.878673,77.087207,2.6500000953674316,203.634506,2019-11-19,0.9650830030441284,11,59435208.874034
29.878360748291016,77.096057,2.990000009536743,203.318329,2019-11-19,0.960411012172699,8,59435209.018654
29.878299,77.087611,2.690000057220459,203.653473,2019-11-19,0.9580699801445007,11,59435208.882298
29.877986,77.096462,3.0999999046325684,203.321823,2019-11-19,0.9671630263328552,8,59435209.026918
29.87755012512207,77.08841705322266,4.710000038146973,203.796097,2019-11-19,0.9653239846229553,11,59435208.898826
29.87723731994629,77.097272,2.880000114440918,203.313934,2019-11-19,0.9540920257568359,8,59435209.043446
29.87717628479004,77.088825,4.230000019073486,203.941223,2019-11-19,0.9674850106239319,11,59435208.90709
29.876803,77.08922576904297,15.3100004196167,205.47994995117188,2019-11-19,0.9652220010757446,11,59435208.915354
29.876426696777344,77.089633,5.28000020980835,206.874451,2019-11-19,0.9559239745140076,11,59435208.923618
29.876113891601562,77.098487,2.4700000286102295,203.041718,2019-11-19,0.9554650187492371,8,59435209.068238
29.876052856445312,77.090038,4.110000133514404,209.167786,2019-11-19,0.9585340023040771,11,59435208.931882
29.87574005126953,77.098891,2.390000104904175,202.986099,2019-11-19,0.9576320052146912,8,59435209.076502
29.87567901611328,77.090443,3.890000104904175,208.664581,2019-11-19,0.9622120261192322,11,59435208.940146
29.875367,77.099292,14.520000457763672,203.188354,2019-11-19,0.9551870226860046,8,59435209.084766
29.875304,77.090847,7.929999828338623,205.354034,2019-11-19,0.9613770246505737,11,59435208.94841
29.874991,77.099701,2.390000104904175,203.066284,2019-11-19,0.9626370072364807,8,59435209.09303
29.874929428100586,77.091253,5.570000171661377,204.033951,2019-11-19,0.9641249775886536,11,59435208.956674
29.874616622924805,77.10010528564453,2.4700000286102295,203.136673,2019-11-19,0.9515619874000549,8,59435209.101294
29.874555,77.091659,2.4700000286102295,203.848022,2019-11-19,0.963782012462616,11,59435208.964938
29.874242782592773,77.10050964355469,2.390000104904175,203.277557,2019-11-19,0.9579390287399292,8,59435209.109558
29.873868942260742,77.100915,2.4700000286102295,203.365555,2019-11-19,0.9596459865570068,8,59435209.117822
29.87312126159668,77.101724,2.390000104904175,203.30335998535156,2019-11-19,0.9654459953308105,8,59435209.13435
29.873058319091797,77.093277,3.700000047683716,204.187103,2019-11-19,0.9653909802436829,11,59435208.997994
29.872684478759766,77.093682,4.0,204.156754,2019-11-19,0.9686959981918335,11,59435209.006258
29.8723087310791,77.094087,5.050000190734863,203.610245,2019-11-19,0.9635469913482666,11,59435209.014522
29.87193489074707,77.094492,3.6600000858306885,203.203461,2019-11-19,0.9626380205154419,11,59435209.022786
29.871559143066406,77.094897,2.430000066757202,203.126389,2019-11-19,0.9666720032691956,11,59435209.03105
29.871186,77.095302,2.4700000286102295,203.200241,2019-11-19,0.9673939943313599,11,59435209.039314
29.870812,77.095707,2.6500000953674316,202.968262,2019-11-19,0.9744279980659485,11,59435209.047578
29.870437,77.096111,2.430000066757202,202.93601989746094,2019-11-19,0.9576420187950134,11,59435209.055842
29.870063,77.096516,2.430000066757202,202.817902,2019-11-19,0.9505389928817749,11,59435209.064106
29.869689,77.096921,2.430000066757202,202.797043,2019-11-19,0.9584850072860718,11,59435209.07237
29.869315,77.097326,2.3499999046325684,203.117371,2019-11-19,0.9653139710426331,11,59435209.080634
29.868940353393555,77.09773254394531,2.430000066757202,203.27597045898438,2019-11-19,0.9734410047531128,11,59435209.088898
29.868566,77.098135,2.7300000190734863,202.984222,2019-11-19,0.9570119976997375,11,59435209.097162
29.868192,77.09854125976562,2.4700000286102295,202.968445,2019-11-19,0.9665799736976624,11,59435209.105426
29.867818,77.098944,2.430000066757202,203.018585,2019-11-19,0.9734879732131958,11,59435209.11369
29.867444,77.099349,2.5,202.814484,2019-11-19,0.9746789932250977,11,59435209.121954
29.867069244384766,77.0997543334961,2.430000066757202,202.733124,2019-11-19,0.9546689987182617,11,59435209.130218
29.866696,77.100159,2.5399999618530273,202.57373046875,2019-11-19,0.9571689963340759,11,59435209.138482
29.866321563720703,77.100564,2.430000066757202,202.592682,2019-11-19,0.9513859748840332,11,59435209.146746
29.86557388305664,77.101372,3.8499999046325684,202.395599,2019-11-19,0.9565939903259277,11,59435209.163274
29.86520004272461,77.101778,2.5399999618530273,201.988373,2019-11-19,0.9533270001411438,11,59435209.171538
29.895263671875,77.03544616699219,12.5,208.300537,2020-05-24,0.9624509811401367,5,75584976.071461
29.89553451538086,77.005634,11.039999961853027,207.943771,2020-05-24,0.9585710167884827,11,75584976.017745
29.894887924194336,77.035854,2.4700000286102295,208.379623,2020-05-24,0.9547849893569946,5,75584976.079725
29.895160675048828,77.006039,12.020000457763672,207.235855,2020-05-24,0.9582480192184448,11,75584976.026009
29.894929885864258,77.027211,2.430000066757202,208.553299,2020-05-24,0.9685270190238953,6,75584975.943369
29.894824,77.014879,2.5799999237060547,207.907578,2020-05-24,0.9547820091247559,8,75584976.170629
29.894555,77.027616,2.4700000286102295,208.551865,2020-05-24,0.9544519782066345,6,75584975.951633
29.894513,77.036259,2.5399999618530273,208.253601,2020-05-24,0.9503170251846313,5,75584976.087989
29.894784927368164,77.006447,2.5399999618530273,207.215332,2020-05-24,0.9745060205459595,11,75584976.034273
29.8944091796875,77.006852,2.4700000286102295,207.351868,2020-05-24,0.9676089882850647,11,75584976.042537
29.89444923400879,77.015283,2.690000057220459,207.871872,2020-05-24,0.9568549990653992,8,75584976.178893
29.894181,77.028021,2.5,208.501404,2020-05-24,0.9631860256195068,6,75584975.959897
29.89376449584961,77.037067,2.990000009536743,208.7950897216797,2020-05-24,0.9529250264167786,5,75584976.104517
29.894036,77.007257,2.5399999618530273,207.412811,2020-05-24,0.964368999004364,11,75584976.050801
29.89380645751953,77.028427,2.5399999618530273,208.319504,2020-05-24,0.9575579762458801,6,75584975.968161
29.893699645996094,77.016092,2.5399999618530273,207.817001,2020-05-24,0.9575669765472412,8,75584976.195421
29.893388748168945,77.037472,2.5399999618530273,208.241669,2020-05-24,0.9515569806098938,5,75584976.112781
29.893661499023438,77.007662,2.5,207.413681,2020-05-24,0.9625790119171143,11,75584976.059065
29.893014907836914,77.037877,2.5799999237060547,208.260208,2020-05-24,0.9625769853591919,5,75584976.121045
29.893287,77.008066,2.4700000286102295,207.413467,2020-05-24,0.9639009833335876,11,75584976.067329
29.893325805664062,77.016494,7.900000095367432,207.912277,2020-05-24,0.96185702085495,8,75584976.203685
29.893056869506836,77.029237,2.5,207.7110595703125,2020-05-24,0.9580609798431396,6,75584975.984689
29.8929500579834,77.016902,2.5,207.8782501220703,2020-05-24,0.9562699794769287,8,75584976.211949
29.89263916015625,77.038281,2.4700000286102295,208.363663,2020-05-24,0.9607049822807312,5,75584976.129309
29.892911911010742,77.008471,2.5,207.539597,2020-05-24,0.9584059715270996,11,75584976.075593
29.892682,77.029642,2.4700000286102295,207.734222,2020-05-24,0.9547730088233948,6,75584975.992953
29.89230728149414,77.030048,3.0999999046325684,204.008194,2020-05-24,0.957427978515625,6,75584976.001217
29.891889572143555,77.03909301757812,2.5,208.464417,2020-05-24,0.9502149820327759,5,75584976.145837
29.891826,77.018116,2.5399999618530273,207.66864013671875,2020-05-24,0.9587259888648987,8,75584976.236741
29.891789,77.009682,10.550000190734863,207.523209,2020-05-24,0.9626849889755249,11,75584976.100385
29.891414,77.010089,2.6500000953674316,207.631622,2020-05-24,0.9586719870567322,11,75584976.108649
29.891451,77.01851654052734,2.5,207.598557,2020-05-24,0.9624530076980591,8,75584976.245005
29.891183853149414,77.031259,5.090000152587891,209.061188,2020-05-24,0.9549769759178162,6,75584976.026009
29.891141,77.039899,2.5399999618530273,208.473755,2020-05-24,0.9523640275001526,5,75584976.162365
29.891076,77.018925,2.5799999237060547,207.634369,2020-05-24,0.9547169804573059,8,75584976.253269
29.890766143798828,77.040303,2.5,208.740234,2020-05-24,0.9509509801864624,5,75584976.170629
29.89103889465332,77.010494,2.690000057220459,207.788513,2020-05-24,0.9649360179901123,11,75584976.116913
29.890809,77.031664,6.059999942779541,207.817245,2020-05-24,0.9525229930877686,6,75584976.034273
29.890702,77.019327,9.880000114440918,207.905441,2020-05-24,0.9537360072135925,8,75584976.261533
29.890435,77.032069,3.6600000858306885,208.723694,2020-05-24,0.9597269892692566,6,75584976.042537
29.890391,77.040708,2.430000066757202,208.820435,2020-05-24,0.9537889957427979,5,75584976.178893
29.890664,77.010898,2.5799999237060547,207.630249,2020-05-24,0.9635379910469055,11,75584976.125177
29.890289306640625,77.011303,2.5399999618530273,207.713638,2020-05-24,0.9564409852027893,11,75584976.133441
29.89032554626465,77.019732,7.409999847412109,208.368683,2020-05-24,0.9589890241622925,8,75584976.269797
29.890060424804688,77.032472,5.570000171661377,210.258682,2020-05-24,0.9553539752960205,6,75584976.050801
29.890016,77.041112,2.4700000286102295,209.110748,2020-05-24,0.9553409814834595,5,75584976.187157
29.889951,77.020139,2.950000047683716,207.850922,2020-05-24,0.9523299932479858,8,75584976.278061
29.889915466308594,77.011707,2.5399999618530273,207.493774,2020-05-24,0.9545450210571289,11,75584976.141705
29.889310836791992,77.033284,2.5399999618530273,207.922348,2020-05-24,0.9501489996910095,6,75584976.067329
29.88953971862793,77.012112,2.430000066757202,207.686127,2020-05-24,0.957938015460968,11,75584976.149969
29.8891658782959,77.012516,2.5,207.956345,2020-05-24,0.9595069885253906,11,75584976.158233
29.888791,77.012921,2.430000066757202,207.992371,2020-05-24,0.9631569981575012,11,75584976.166497
29.888185501098633,77.034497,2.430000066757202,207.962555,2020-05-24,0.9515650272369385,6,75584976.092121
29.888416290283203,77.013325,2.619999885559082,207.901733,2020-05-24,0.961866021156311,11,75584976.174761
29.888042449951172,77.01373291015625,2.619999885559082,207.835892,2020-05-24,0.9587590098381042,11,75584976.183025
29.887666702270508,77.014134,2.5,208.173645,2020-05-24,0.9523320198059082,11,75584976.191289
29.887292,77.014539,2.5799999237060547,208.166809,2020-05-24,0.9656109809875488,11,75584976.199553
29.887017,77.044349,2.5,208.558609,2020-05-24,0.9557830095291138,5,75584976.253269
29.886643,77.044749,10.479999542236328,211.675766,2020-05-24,0.9524980187416077,5,75584976.261533
29.886917114257812,77.014944,2.5799999237060547,208.210052,2020-05-24,0.9580090045928955,11,75584976.207817
29.886573791503906,77.023783,2.5,206.771362,2020-05-24,0.9564440250396729,8,75584976.352437
29.886542,77.015348,2.5799999237060547,208.117264,2020-05-24,0.9556589722633362,11,75584976.216081
29.886167,77.015753,2.390000104904175,208.024643,2020-05-24,0.9502739906311035,11,75584976.224345
29.885894,77.045553,24.290001,210.377075,2020-05-24,0.9527750015258789,5,75584976.278061
29.885518,77.045963,12.199999809265137,209.484314,2020-05-24,0.9554200172424316,5,75584976.286325
29.885793,77.016158,2.5399999618530273,207.998123,2020-05-24,0.9528679847717285,11,75584976.232609
29.885566,77.037321,18.600000381469727,209.421585,2020-05-24,0.9597700238227844,6,75584976.149969
29.885452270507812,77.024987,34.259998,204.825195,2020-05-24,0.957410991191864,8,75584976.377229
29.885190963745117,77.037724,21.0,207.634338,2020-05-24,0.9566969871520996,6,75584976.158233
29.884767,77.046774,5.949999809265137,209.127151,2020-05-24,0.9554790258407593,5,75584976.302853
29.885043,77.016967,2.5,208.102448,2020-05-24,0.9588599801063538,11,75584976.249137
29.885074,77.025401,7.929999828338623,204.680832,2020-05-24,0.9563360214233398,8,75584976.385493
29.884701,77.025799,24.030001,208.26712036132812,2020-05-24,0.9561579823493958,8,75584976.393757
29.88439178466797,77.047176,13.4399995803833,208.946426,2020-05-24,0.9505770206451416,5,75584976.311117
29.884668350219727,77.017372,2.4700000286102295,208.085876,2020-05-24,0.9675009846687317,11,75584976.257401
29.884063720703125,77.038946,2.430000066757202,208.572113,2020-05-24,0.9586120247840881,6,75584976.183025
29.884016036987305,77.0475845336914,3.069999933242798,208.918015,2020-05-24,0.9509140253067017,5,75584976.319381
29.884292602539062,77.017774,6.510000228881836,208.923065,2020-05-24,0.9670559763908386,11,75584976.265665
29.883641,77.047988,6.699999809265137,209.42481994628906,2020-05-24,0.9582509994506836,5,75584976.327645
29.88391876220703,77.018179,10.670000076293945,205.51531982421875,2020-05-24,0.9716320037841797,11,75584976.273929
29.883689,77.03935241699219,2.430000066757202,208.550888,2020-05-24,0.9544690251350403,6,75584976.191289
29.883264541625977,77.048396,2.9200000762939453,205.080994,2020-05-24,0.9568989872932434,5,75584976.335909
29.883544921875,77.0185775756836,18.420000076293945,208.971542,2020-05-24,0.9695280194282532,11,75584976.282193
29.883169174194336,77.018984,21.709999,208.376083,2020-05-24,0.9624109864234924,11,75584976.290457
29.88251495361328,77.049203,5.650000095367432,208.834946,2020-05-24,0.9590389728546143,5,75584976.352437
29.882417,77.0197982788086,2.5,208.341064,2020-05-24,0.9584159851074219,11,75584976.306985
29.882041931152344,77.020205,2.5,208.292511,2020-05-24,0.9668959975242615,11,75584976.315249
29.881764,77.050014,4.110000133514404,207.163605,2020-05-24,0.9533770084381104,5,75584976.368965
29.881667,77.0206069946289,2.5399999618530273,208.201553,2020-05-24,0.9658510088920593,11,75584976.323513
29.881013870239258,77.050823,4.599999904632568,206.573349,2020-05-24,0.9509099721908569,5,75584976.385493
29.88129234313965,77.021014,2.5399999618530273,208.229233,2020-05-24,0.9549869894981384,11,75584976.331777
29.880638122558594,77.051227,6.210000038146973,206.701294,2020-05-24,0.9568639993667603,5,75584976.393757
29.880916595458984,77.021419,2.5399999618530273,207.952942,2020-05-24,0.9525889754295349,11,75584976.340041
29.88068962097168,77.042586,2.619999885559082,208.2963104248047,2020-05-24,0.9507070183753967,6,75584976.257401
29.880571365356445,77.030259,6.139999866485596,208.291626,2020-05-24,0.956384003162384,8,75584976.484661
29.880263,77.051632,3.359999895095825,210.113129,2020-05-24,0.9526469707489014,5,75584976.402021
29.88019561767578,77.030664,7.480000019073486,207.945435,2020-05-24,0.9585599899291992,8,75584976.492925
29.88016700744629,77.022229,2.430000066757202,207.956024,2020-05-24,0.9602130055427551,11,75584976.356569
29.879512,77.052442,5.909999847412109,206.267563,2020-05-24,0.963138997554779,5,75584976.418549
29.879791259765625,77.022634,2.690000057220459,207.591995,2020-05-24,0.965399980545044,11,75584976.364833
29.879568099975586,77.04379272460938,26.200001,208.975388,2020-05-24,0.9597359895706177,6,75584976.282193
29.879041,77.023444,2.619999885559082,207.657883,2020-05-24,0.9513559937477112,11,75584976.381361
29.879070281982422,77.0318832397461,2.6500000953674316,208.093658,2020-05-24,0.9571419954299927,8,75584976.517717
29.878762,77.05325317382812,9.470000267028809,207.690277,2020-05-24,0.9540860056877136,5,75584976.435077
29.878694534301758,77.032286,2.5,207.8189697265625,2020-05-24,0.958840012550354,8,75584976.525981
29.878665924072266,77.023848,2.5799999237060547,207.897293,2020-05-24,0.9607070088386536,11,75584976.389625
29.878442,77.045004,25.610001,210.020309,2020-05-24,0.9634469747543335,6,75584976.306985
29.878321,77.032689,4.900000095367432,207.711334,2020-05-24,0.9518200159072876,8,75584976.534245
29.878291,77.024253,2.799999952316284,207.858444,2020-05-24,0.9707509875297546,11,75584976.397889
29.877915,77.024658,2.5799999237060547,207.376419,2020-05-24,0.9615619778633118,11,75584976.406153
29.877635955810547,77.054463,12.5,207.028091,2020-05-24,0.9568120241165161,5,75584976.459869
29.877540588378906,77.025063,2.5,207.36441040039062,2020-05-24,0.9577779769897461,11,75584976.414417
29.8773136138916,77.046226,7.179999828338623,208.071487,2020-05-24,0.9527819752693176,6,75584976.331777
29.876445,77.034716,2.5,207.613419,2020-05-24,0.9500030279159546,8,75584976.575565
29.87613296508789,77.056087,2.690000057220459,204.716949,2020-05-24,0.9504730105400085,5,75584976.492925
29.876414,77.026278,2.5799999237060547,207.258255,2020-05-24,0.9552940130233765,11,75584976.439209
29.875758,77.056492,2.7699999809265137,203.791885,2020-05-24,0.9575799703598022,5,75584976.501189
29.876039,77.026683,2.4700000286102295,207.252365,2020-05-24,0.9608860015869141,11,75584976.447473
29.87566375732422,77.027087,2.5799999237060547,207.198837,2020-05-24,0.9613170027732849,11,75584976.455737
29.875321,77.035932,2.5,207.485031,2020-05-24,0.9521520137786865,8,75584976.600357
29.875288009643555,77.027492,2.430000066757202,207.327896,2020-05-24,0.9630089998245239,11,75584976.464001
29.874913,77.027897,2.430000066757202,207.287445,2020-05-24,0.9506139755249023,11,75584976.472265
29.874948,77.03633117675781,20.100000381469727,209.523987,2020-05-24,0.9586330056190491,8,75584976.608621
29.874258041381836,77.05811309814453,6.920000076293945,204.070221,2020-05-24,0.9571260213851929,5,75584976.534245
29.87453842163086,77.028302,2.390000104904175,207.395309,2020-05-24,0.9592549800872803,11,75584976.480529
29.874197006225586,77.037147,5.869999885559082,205.551254,2020-05-24,0.9637830257415771,8,75584976.625149
29.873935,77.049872,2.880000114440918,205.952148,2020-05-24,0.9502090215682983,6,75584976.406153
29.873882293701172,77.058515,5.570000171661377,204.116852,2020-05-24,0.9624339938163757,5,75584976.542509
29.873788,77.029112,2.5799999237060547,207.508118,2020-05-24,0.9699910283088684,11,75584976.497057
29.873824,77.037547,16.129999,209.134354,2020-05-24,0.9647359848022461,8,75584976.633413
29.873559951782227,77.050276,2.7300000190734863,206.237793,2020-05-24,0.9520869851112366,6,75584976.414417
29.873506546020508,77.058919,9.0600004196167,203.0026397705078,2020-05-24,0.9555040001869202,5,75584976.550773
29.873448,77.037957,2.6500000953674316,207.5625,2020-05-24,0.9594380259513855,8,75584976.641677
29.873414,77.029514,7.96999979019165,208.368713,2020-05-24,0.966031014919281,11,75584976.505321
29.872809,77.051086,3.180000066757202,204.766296,2020-05-24,0.9527400135993958,6,75584976.430945
29.872756,77.059732,2.5399999618530273,203.159897,2020-05-24,0.9624099731445312,5,75584976.567301
29.873038,77.029921,4.449999809265137,207.79808044433594,2020-05-24,0.9643020033836365,11,75584976.513585
29.872382,77.06013488769531,5.239999771118164,203.630951,2020-05-24,0.9625629782676697,5,75584976.575565
29.872432708740234,77.051492,2.6500000953674316,202.053162,2020-05-24,0.9530439972877502,6,75584976.439209
29.872058868408203,77.05189514160156,2.9200000762939453,205.378677,2020-05-24,0.9570639729499817,6,75584976.447473
29.871631622314453,77.060944,8.869999885559082,203.858063,2020-05-24,0.9514679908752441,5,75584976.592093
29.87191390991211,77.031131,17.219999,208.082504,2020-05-24,0.9672719836235046,11,75584976.538377
29.8715763092041,77.039984,2.390000104904175,208.092667,2020-05-24,0.9601629972457886,8,75584976.683002
29.871257,77.061352,2.5,203.745682,2020-05-24,0.9629459977149963,5,75584976.600357
29.871537,77.031541,5.840000152587891,204.269226,2020-05-24,0.961438000202179,11,75584976.546641
29.87116241455078,77.031947,4.599999904632568,205.035141,2020-05-24,0.9693310260772705,11,75584976.554905
29.870788,77.032349,10.630000114440918,207.211669921875,2020-05-24,0.9633349776268005,11,75584976.563169
29.870038,77.033162,2.5,207.159653,2020-05-24,0.9612299799919128,11,75584976.579697
29.86966323852539,77.033567,2.5799999237060547,207.036163,2020-05-24,0.966247022151947,11,75584976.587961
29.869288,77.033972,2.5799999237060547,206.950516,2020-05-24,0.9700139760971069,11,75584976.596225
29.868913,77.034377,2.5799999237060547,206.837234,2020-05-24,0.9600819945335388,11,75584976.604489
29.868581,77.043226,9.390000343322754,207.032776,2020-05-24,0.9610530138015747,8,75584976.74913
29.86825942993164,77.064592,4.190000057220459,203.728424,2020-05-24,0.9602130055427551,5,75584976.66647
29.868539,77.034783,2.430000066757202,206.990021,2020-05-24,0.9593560099601746,11,75584976.612753
29.867885,77.064998,2.5,203.58811950683594,2020-05-24,0.9623770117759705,5,75584976.674736
29.867789,77.035593,2.5,207.0627899169922,2020-05-24,0.9535710215568542,11,75584976.629281
29.867555,77.056754,2.5,202.967499,2020-05-24,0.9528080224990845,6,75584976.546641
29.867082,77.044851,2.690000057220459,205.910095,2020-05-24,0.9503949880599976,8,75584976.782194
29.866805,77.057564,2.4700000286102295,203.151398,2020-05-24,0.9527810215950012,6,75584976.563169
29.866430282592773,77.057969,2.5,203.133148,2020-05-24,0.9532409906387329,6,75584976.571433
29.866387,77.066619,2.5,203.707397,2020-05-24,0.9602670073509216,5,75584976.7078
29.866012,77.06702423095703,2.7699999809265137,203.997986,2020-05-24,0.9500430226325989,5,75584976.716066
29.866292,77.037214,2.4700000286102295,207.311127,2020-05-24,0.964909017086029,11,75584976.662337
29.865917205810547,77.037619,2.430000066757202,207.471405,2020-05-24,0.9545459747314453,11,75584976.670603
29.865304946899414,77.059184,2.5,203.207779,2020-05-24,0.9568859934806824,6,75584976.596225
29.865209579467773,77.04688262939453,2.430000066757202,202.436615,2020-05-24,0.9572950005531311,8,75584976.823524
29.86516761779785,77.0384292602539,2.4700000286102295,207.347397,2020-05-24,0.9504550099372864,11,75584976.687135
29.864835,77.047285,2.6500000953674316,202.257248,2020-05-24,0.9588630199432373,8,75584976.83179
29.86455535888672,77.059994,2.430000066757202,203.149841,2020-05-24,0.9506170153617859,6,75584976.612753
29.864514,77.068646,2.5399999618530273,203.633743,2020-05-24,0.9573469758033752,5,75584976.74913
29.86479377746582,77.038835,2.5,207.270782,2020-05-24,0.9539890289306641,11,75584976.695401
29.864461,77.04769134521484,2.619999885559082,202.8647003173828,2020-05-24,0.9617570042610168,8,75584976.840056
29.864419,77.03923797607422,2.990000009536743,207.046829,2020-05-24,0.9596560001373291,11,75584976.703667
29.864181,77.060397,5.71999979019165,203.303696,2020-05-24,0.9518839716911316,6,75584976.621017
29.864086151123047,77.048095703125,2.7300000190734863,202.795029,2020-05-24,0.9598659873008728,8,75584976.848322
29.863765716552734,77.069457,3.0999999046325684,203.772202,2020-05-24,0.9648529887199402,5,75584976.765662
29.864045,77.039645,4.0,207.184357,2020-05-24,0.9554939866065979,11,75584976.711933
29.863670349121094,77.040052,3.440000057220459,204.812286,2020-05-24,0.9661290049552917,11,75584976.720199
29.863711,77.048502,2.4700000286102295,202.591721,2020-05-24,0.9633079767227173,8,75584976.856588
29.863296,77.040458,2.4700000286102295,204.488968,2020-05-24,0.9587259888648987,11,75584976.728465
29.863059,77.061608,15.119999885559082,204.260345,2020-05-24,0.9505329728126526,6,75584976.645809
29.862964630126953,77.049304,27.93000030517578,202.86878967285156,2020-05-24,0.9521949887275696,8,75584976.87312
29.862921,77.040863,2.950000047683716,204.722641,2020-05-24,0.9623709917068481,11,75584976.736731
29.862546920776367,77.041269,4.380000114440918,201.873383,2020-05-24,0.9600350260734558,11,75584976.744997
29.862586975097656,77.049718,2.6500000953674316,202.032654,2020-05-24,0.9554449915885925,8,75584976.881386
29.862213134765625,77.050123,3.0999999046325684,202.642792,2020-05-24,0.9535040259361267,8,75584976.889652
29.861892700195312,77.071484,2.690000057220459,203.520981,2020-05-24,0.9547269940376282,5,75584976.806992
29.862172,77.041675,2.619999885559082,201.780731,2020-05-24,0.9538630247116089,11,75584976.753263
29.861839,77.050527,7.0,204.186081,2020-05-24,0.9570670127868652,8,75584976.897917
29.861798,77.042081,2.619999885559082,201.571411,2020-05-24,0.9534819722175598,11,75584976.761529
29.8610897064209,77.051337,7.670000076293945,203.247314,2020-05-24,0.9524660110473633,8,75584976.914445
29.860435485839844,77.064451,2.5799999237060547,202.82958984375,2020-05-24,0.9536020159721375,6,75584976.703667
29.860340118408203,77.0521469116211,2.619999885559082,202.452164,2020-05-24,0.9525200128555298,8,75584976.930973
29.860021,77.073509,8.529999732971191,203.247406,2020-05-24,0.9586129784584045,5,75584976.848322
29.859645,77.073917,2.5399999618530273,202.745895,2020-05-24,0.9529320001602173,5,75584976.856588
29.859551,77.044514,2.5,201.475159,2020-05-24,0.9620630145072937,11,75584976.811125
29.859591,77.05296325683594,2.4700000286102295,202.39183044433594,2020-05-24,0.956508994102478,8,75584976.947501
29.859270095825195,77.074322,2.619999885559082,203.041107,2020-05-24,0.9535830020904541,5,75584976.864854
29.859216,77.053365,2.5,202.26329040527344,2020-05-24,0.9506440162658691,8,75584976.955765
29.859176635742188,77.044921875,2.5799999237060547,201.499466,2020-05-24,0.9650110006332397,11,75584976.819391
29.858937,77.066072,2.5399999618530273,203.228531,2020-05-24,0.9514510035514832,6,75584976.736731
29.858802,77.045325,2.5799999237060547,201.340775,2020-05-24,0.9612460136413574,11,75584976.827657
29.858428,77.045731,2.5,201.3646697998047,2020-05-24,0.9595149755477905,11,75584976.835923
29.858188,77.066883,2.619999885559082,203.311493,2020-05-24,0.9599949717521667,6,75584976.753263
29.85805320739746,77.046136,2.4700000286102295,201.295502,2020-05-24,0.9589359760284424,11,75584976.844189
29.857814,77.067288,2.5399999618530273,203.350403,2020-05-24,0.9581050276756287,6,75584976.761529
29.857439041137695,77.067694,2.6500000953674316,203.236725,2020-05-24,0.952019989490509,6,75584976.769795
29.857678,77.046542,2.5,201.405441,2020-05-24,0.9568910002708435,11,75584976.852455
29.857343,77.055389,3.180000066757202,202.077347,2020-05-24,0.9515519738197327,8,75584976.997085
29.857022,77.076754,2.430000066757202,202.956039,2020-05-24,0.950993001461029,5,75584976.914445
29.857303619384766,77.046947,2.4700000286102295,201.336029,2020-05-24,0.9559119939804077,11,75584976.860721
29.857066,77.068096,10.699999809265137,203.087723,2020-05-24,0.9517250061035156,6,75584976.778061
29.856647491455078,77.077159,2.5,202.953445,2020-05-24,0.955892026424408,5,75584976.922709
29.856555,77.047758,2.619999885559082,201.322449,2020-05-24,0.9613419771194458,11,75584976.877253
29.856219,77.056604,2.7300000190734863,201.267365,2020-05-24,0.9574090242385864,8,75584977.021877
29.855897903442383,77.077968,5.199999809265137,203.083694,2020-05-24,0.9529100060462952,5,75584976.939237
29.856181,77.04815673828125,10.180000305175781,202.014343,2020-05-24,0.9649959802627563,11,75584976.885519
29.855845,77.057008,2.390000104904175,202.208908,2020-05-24,0.9600139856338501,8,75584977.030141
29.85552406311035,77.078372,7.519999980926514,203.330811,2020-05-24,0.9630569815635681,5,75584976.947501
29.855807,77.048565,13.779999732971191,201.072845,2020-05-24,0.9613929986953735,11,75584976.893785
29.855431,77.048973,3.25,202.639252,2020-05-24,0.9674339890480042,11,75584976.902049
29.855192184448242,77.070126,2.5399999618530273,202.728806,2020-05-24,0.9521329998970032,6,75584976.819391
29.85515022277832,77.078776,10.140000343322754,203.334671,2020-05-24,0.9541419744491577,5,75584976.955765
29.855096,77.057817,2.430000066757202,202.058609,2020-05-24,0.9644129872322083,8,75584977.046669
29.855056,77.049379,3.0299999713897705,201.130478,2020-05-24,0.955718994140625,11,75584976.910313
29.854817,77.070532,3.069999933242798,202.716339,2020-05-24,0.9633110165596008,6,75584976.827657
29.854398727416992,77.079589,2.5399999618530273,202.892212,2020-05-24,0.9508780241012573,5,75584976.972293
29.854307174682617,77.0501937866211,2.430000066757202,201.343597,2020-05-24,0.9675729870796204,11,75584976.926841
29.853972,77.05902862548828,2.430000066757202,202.36376953125,2020-05-24,0.9580680131912231,8,75584977.071461
29.853649139404297,77.080398,2.5399999618530273,202.670776,2020-05-24,0.9519910216331482,5,75584976.988821
29.853932,77.050595,2.7300000190734863,201.097992,2020-05-24,0.9540550112724304,11,75584976.935105
29.853275299072266,77.080803,2.4700000286102295,202.764099,2020-05-24,0.9542480111122131,5,75584976.997085
29.853557586669922,77.0510025024414,2.619999885559082,201.427628,2020-05-24,0.9591659903526306,11,75584976.943369
29.852901458740234,77.081208,2.5,202.782227,2020-05-24,0.9527320265769958,5,75584977.005349
29.853183,77.051405,2.5,201.684158,2020-05-24,0.9618009924888611,11,75584976.951633
29.85252571105957,77.081612,2.5,202.853759765625,2020-05-24,0.9604640007019043,5,75584977.013613
29.852809,77.05181121826172,2.5799999237060547,201.65419006347656,2020-05-24,0.9508699774742126,11,75584976.959897
29.852434158325195,77.052215,2.5,201.774612,2020-05-24,0.9589710235595703,11,75584976.968161
29.852197647094727,77.07335662841797,24.520000457763672,202.894485,2020-05-24,0.9515870213508606,6,75584976.885519
29.852151,77.082017,2.5399999618530273,202.820923,2020-05-24,0.9514520168304443,5,75584977.021877
29.852059,77.05261993408203,2.619999885559082,201.873077,2020-05-24,0.9557260274887085,11,75584976.976425
29.851821899414062,77.073769,16.209999,202.945053,2020-05-24,0.9608070254325867,6,75584976.893785
29.85172462463379,77.061456,2.4700000286102295,202.168716,2020-05-24,0.9533089995384216,8,75584977.121045
29.85144805908203,77.074172,22.239999771118164,203.007019,2020-05-24,0.9574689865112305,6,75584976.902049
29.8516845703125,77.053025,2.4700000286102295,201.851791,2020-05-24,0.9502580165863037,11,75584976.984689
29.85131072998047,77.053429,2.7300000190734863,201.796112,2020-05-24,0.9595100283622742,11,75584976.992953
29.851073,77.074579,16.959999,202.089935,2020-05-24,0.95169997215271,6,75584976.910313
29.85102653503418,77.0832290649414,3.0999999046325684,201.724838,2020-05-24,0.9570149779319763,5,75584977.046669
29.850936,77.053834,2.4700000286102295,201.782196,2020-05-24,0.9534860253334045,11,75584977.001217
29.850602,77.062668,2.5,201.952332,2020-05-24,0.9582059979438782,8,75584977.145837
29.850322723388672,77.075391,14.369999885559082,199.485092,2020-05-24,0.9532970190048218,6,75584976.926841
29.850561141967773,77.054239,2.4700000286102295,202.003754,2020-05-24,0.9580050110816956,11,75584977.009481
29.850229263305664,77.063063,25.68000030517578,202.099258,2020-05-24,0.9526789784431458,8,75584977.154101
29.849904,77.084441,6.360000133514404,203.094528,2020-05-24,0.9534419775009155,5,75584977.071461
29.850187301635742,77.054644,2.5,202.075882,2020-05-24,0.9525160193443298,11,75584977.017745
29.849529,77.084847,2.5799999237060547,202.634247,2020-05-24,0.9559720158576965,5,75584977.079725
29.849811553955078,77.055048,2.5799999237060547,202.058212,2020-05-24,0.9631659984588623,11,75584977.026009
29.849197387695312,77.07660675048828,2.5,202.297623,2020-05-24,0.9673200249671936,6,75584976.951633
29.848779678344727,77.08565521240234,2.430000066757202,202.726974,2020-05-24,0.9505109786987305,5,75584977.096253
29.848823,77.077015,3.0299999713897705,202.708649,2020-05-24,0.9509689807891846,6,75584976.959897
29.848447799682617,77.07742309570312,3.2100000381469727,202.583694,2020-05-24,0.9590399861335754,6,75584976.968161
29.84868812561035,77.056261,2.5799999237060547,202.3463897705078,2020-05-24,0.9529470205307007,11,75584977.050801
29.84831428527832,77.056666,2.5799999237060547,202.402573,2020-05-24,0.9678900241851807,11,75584977.059065
29.848355,77.065092,2.430000066757202,202.050079,2020-05-24,0.9579169750213623,8,75584977.195421
29.848031,77.086462,4.0,202.372345,2020-05-24,0.9570890069007874,5,75584977.112781
29.84765625,77.086867,2.4700000286102295,202.260574,2020-05-24,0.9559890031814575,5,75584977.121045
29.847938537597656,77.05706787109375,2.4700000286102295,202.274429,2020-05-24,0.9664130210876465,11,75584977.067329
29.84732437133789,77.078632,6.809999942779541,202.399872,2020-05-24,0.9548839926719666,6,75584976.992953
29.847281,77.087271,2.5399999618530273,202.951767,2020-05-24,0.9651119709014893,5,75584977.129309
29.847564697265625,77.057474,2.619999885559082,202.330002,2020-05-24,0.9549319744110107,11,75584977.075593
29.847190856933594,77.057879,2.5799999237060547,202.278076,2020-05-24,0.9555259943008423,11,75584977.083857
29.846532,77.088079,2.390000104904175,202.348404,2020-05-24,0.9518020153045654,5,75584977.145837
29.846816,77.058283,2.7300000190734863,202.30068969726562,2020-05-24,0.957755982875824,11,75584977.092121
29.846574783325195,77.079442,5.420000076293945,202.582764,2020-05-24,0.9586740136146545,6,75584977.009481
29.846442,77.058684,11.039999961853027,202.033035,2020-05-24,0.9646180272102356,11,75584977.100385
29.845826,77.08025360107422,6.170000076293945,204.505341,2020-05-24,0.9517210125923157,6,75584977.026009
29.84545135498047,77.080655,5.199999809265137,204.7048797607422,2020-05-24,0.9519820213317871,6,75584977.034273
29.845691680908203,77.059495,2.6500000953674316,202.0238800048828,2020-05-24,0.957738995552063,11,75584977.116913
29.845317840576172,77.059899,2.5799999237060547,202.073669,2020-05-24,0.9619349837303162,11,75584977.125177
29.845077,77.081058,8.640000343322754,203.895599,2020-05-24,0.9519109725952148,6,75584977.042537
29.84494400024414,77.060302,5.570000171661377,202.707993,2020-05-24,0.9646300077438354,11,75584977.133441
29.8446102142334,77.06912994384766,2.5399999618530273,202.300491,2020-05-24,0.956866979598999,8,75584977.278061
29.84457015991211,77.060705,10.399999618530273,202.210236,2020-05-24,0.9653519988059998,11,75584977.141705
29.844195,77.061111,3.180000066757202,202.232056,2020-05-24,0.9590309858322144,11,75584977.149969
29.843952178955078,77.082274,2.430000066757202,202.42630004882812,2020-05-24,0.9502210021018982,6,75584977.067329
29.843820571899414,77.061514,5.239999771118164,202.339844,2020-05-24,0.9685559868812561,11,75584977.158233
29.843486785888672,77.070342,2.7300000190734863,202.378052,2020-05-24,0.951225996017456,8,75584977.302853
29.843446,77.061918,4.679999828338623,202.698486,2020-05-24,0.9716709852218628,11,75584977.166497
29.84278678894043,77.092117,2.5399999618530273,202.322922,2020-05-24,0.9550920128822327,5,75584977.228477
29.843072,77.062322,2.880000114440918,206.104614,2020-05-24,0.9628829956054688,11,75584977.174761
29.842737197875977,77.07115173339844,2.690000057220459,202.197006,2020-05-24,0.951183021068573,8,75584977.319381
29.842412,77.092521,2.619999885559082,202.651047,2020-05-24,0.9606549739837646,5,75584977.236741
29.842698,77.062725,8.420000076293945,203.0067901611328,2020-05-24,0.96247798204422,11,75584977.183025
29.842323303222656,77.063129,6.960000038146973,202.304993,2020-05-24,0.9624490141868591,11,75584977.191289
29.842079,77.084294,2.4700000286102295,202.3576202392578,2020-05-24,0.955905020236969,6,75584977.108649
29.841947555541992,77.063535,2.5799999237060547,202.298141,2020-05-24,0.9643509984016418,11,75584977.199553
29.841613,77.072363,2.5,201.630814,2020-05-24,0.9506459832191467,8,75584977.344173
29.84132957458496,77.085102,2.5,202.433884,2020-05-24,0.9632539749145508,6,75584977.125177
29.841573,77.063939,2.5399999618530273,202.328903,2020-05-24,0.9558579921722412,11,75584977.207817
29.841199,77.064343,2.430000066757202,202.393082,2020-05-24,0.9694889783859253,11,75584977.216081
29.841239,77.072767,2.5799999237060547,201.948868,2020-05-24,0.9524109959602356,8,75584977.352437
29.840864181518555,77.073171,2.5399999618530273,201.8646697998047,2020-05-24,0.9609659910202026,8,75584977.360701
29.840827,77.06474304199219,21.190001,202.457153,2020-05-24,0.9591079950332642,11,75584977.224345
29.840207,77.086312,7.0,202.8228302001953,2020-05-24,0.9539260268211365,6,75584977.149969
29.840167999267578,77.094933,29.950001,200.901016,2020-05-24,0.9513019919395447,5,75584977.286325
29.840450286865234,77.06514739990234,2.4700000286102295,202.192184,2020-05-24,0.9578740000724792,11,75584977.232609
29.83979034423828,77.095348,2.4700000286102295,201.794495,2020-05-24,0.9550250172615051,5,75584977.294589
29.839832305908203,77.086718,2.6500000953674316,202.371017,2020-05-24,0.9590499997138977,6,75584977.158233
29.839416,77.095751,2.619999885559082,203.114868,2020-05-24,0.9629470109939575,5,75584977.302853
29.839702,77.065955,10.479999542236328,202.158798,2020-05-24,0.9686880111694336,11,75584977.249137
29.83945655822754,77.087122,2.5,202.545258,2020-05-24,0.9520639777183533,6,75584977.166497
29.839082717895508,77.087526,2.390000104904175,202.582596,2020-05-24,0.9500539898872375,6,75584977.174761
29.839326858520508,77.066362,2.5,202.035263,2020-05-24,0.9662479758262634,11,75584977.257401
29.838952,77.066766,2.5399999618530273,202.013535,2020-05-24,0.9575549960136414,11,75584977.265665
29.838708,77.087929,2.5,202.483948,2020-05-24,0.9577159881591797,6,75584977.183025
29.83861541748047,77.075596,2.4700000286102295,201.778198,2020-05-24,0.9623460173606873,8,75584977.410285
29.838334,77.088333,2.6500000953674316,202.599396,2020-05-24,0.9553210139274597,6,75584977.191289
29.837959,77.088737,2.5,202.440079,2020-05-24,0.952223002910614,6,75584977.199553
29.837865,77.076405,2.5799999237060547,201.953537,2020-05-24,0.9507759809494019,8,75584977.426813
29.837541580200195,77.097771,2.4700000286102295,201.916931,2020-05-24,0.9561820030212402,5,75584977.344173
29.83749008178711,77.07681274414062,2.619999885559082,202.081635,2020-05-24,0.9562050104141235,8,75584977.435077
29.837453842163086,77.068382,2.5799999237060547,201.581833,2020-05-24,0.9660689830780029,11,75584977.298721
29.837080001831055,77.068783,8.529999732971191,201.559982,2020-05-24,0.9533730149269104,11,75584977.306985
29.836705,77.0691909790039,2.5,201.601028,2020-05-24,0.9573739767074585,11,75584977.315249
29.836461,77.090352,2.4700000286102295,202.261795,2020-05-24,0.9579060077667236,6,75584977.232609
29.836364,77.078023,2.390000104904175,202.248825,2020-05-24,0.9542139768600464,8,75584977.459869
29.83608627319336,77.090756,2.4700000286102295,202.207108,2020-05-24,0.9526730179786682,6,75584977.240873
29.83633041381836,77.069594,2.619999885559082,201.318085,2020-05-24,0.955269992351532,11,75584977.323513
29.835956,77.069998,2.5,201.215195,2020-05-24,0.9580950140953064,11,75584977.331777
29.835614,77.078832,2.619999885559082,202.26564025878906,2020-05-24,0.9543600082397461,8,75584977.476397
29.835581,77.070402,2.5799999237060547,201.126419,2020-05-24,0.9520289897918701,11,75584977.340041
29.835239,77.079237,2.5399999618530273,202.001465,2020-05-24,0.9524149894714355,8,75584977.484661
29.834918,77.10060119628906,2.5399999618530273,201.778778,2020-05-24,0.9516059756278992,5,75584977.402021
29.835206,77.070806,2.5399999618530273,201.260376,2020-05-24,0.9555820226669312,11,75584977.348305
29.834863662719727,77.079642,2.430000066757202,202.057312,2020-05-24,0.9596909880638123,8,75584977.492925
29.834543228149414,77.101004,2.5,201.906769,2020-05-24,0.9503949880599976,5,75584977.410285
29.834832,77.07121276855469,2.4700000286102295,201.371658,2020-05-24,0.9569740295410156,11,75584977.356569
29.834588,77.092371,2.4700000286102295,201.775299,2020-05-24,0.9631500244140625,6,75584977.273929
29.834489,77.080044,7.070000171661377,202.018936,2020-05-24,0.9534090161323547,8,75584977.501189
29.834213256835938,77.092775,2.5,201.738449,2020-05-24,0.9569849967956543,6,75584977.282193
29.834457397460938,77.071614,2.5799999237060547,201.341873,2020-05-24,0.9575830101966858,11,75584977.364833
29.834081649780273,77.072018,2.4700000286102295,201.4902801513672,2020-05-24,0.9675989747047424,11,75584977.373097
29.83411407470703,77.080448,8.3100004196167,202.152771,2020-05-24,0.9563369750976562,8,75584977.509453
29.833839,77.093179,2.5399999618530273,201.603378,2020-05-24,0.9647039771080017,6,75584977.290457
29.833738327026367,77.080855,2.5,202.261612,2020-05-24,0.955187976360321,8,75584977.517717
29.833707,77.072423,2.5,201.57839965820312,2020-05-24,0.9579319953918457,11,75584977.381361
29.833463668823242,77.093582,2.430000066757202,201.676331,2020-05-24,0.9558560252189636,6,75584977.298721
29.833362579345703,77.08126068115234,2.390000104904175,202.38381958007812,2020-05-24,0.9520919919013977,8,75584977.525981
29.833089,77.093987,2.4700000286102295,201.037308,2020-05-24,0.9553130269050598,6,75584977.306985
29.833333,77.072825,6.019999980926514,201.71343994140625,2020-05-24,0.9508020281791687,11,75584977.389625
29.832988739013672,77.081662,7.900000095367432,202.079071,2020-05-24,0.9621580243110657,8,75584977.534245
29.832583,77.073633,7.710000038146973,201.616196,2020-05-24,0.956496000289917,11,75584977.406153
29.832208,77.07404327392578,2.4700000286102295,201.652328,2020-05-24,0.9508900046348572,11,75584977.414417
29.831832885742188,77.074444,2.5399999618530273,201.842606,2020-05-24,0.9719020128250122,11,75584977.422681
29.831591,77.095602,2.5,201.497513,2020-05-24,0.950294017791748,6,75584977.340041
29.83148765563965,77.08328247070312,5.909999847412109,203.222931,2020-05-24,0.9518880248069763,8,75584977.567301
29.831458,77.074849,2.619999885559082,201.864746,2020-05-24,0.96943598985672,11,75584977.430945
29.831083297729492,77.075253,2.5799999237060547,201.773575,2020-05-24,0.9722260236740112,11,75584977.439209
29.831111907958984,77.083686,2.950000047683716,202.525818,2020-05-24,0.953652024269104,8,75584977.575565
29.830737,77.08409118652344,3.6600000858306885,202.303085,2020-05-24,0.9582260251045227,8,75584977.583829
29.83036231994629,77.084495,2.619999885559082,202.398972,2020-05-24,0.9530019760131836,8,75584977.592093
29.830092,77.097216,7.96999979019165,201.212341,2020-05-24,0.9569079875946045,6,75584977.373097
29.830331802368164,77.076062,2.5,201.799774,2020-05-24,0.9703860282897949,11,75584977.455737
29.829986572265625,77.084899,3.0999999046325684,202.851288,2020-05-24,0.9582980275154114,8,75584977.600357
29.82958221435547,77.076871,2.5399999618530273,201.888565,2020-05-24,0.9522309899330139,11,75584977.472265
29.829207,77.077276,4.110000133514404,200.294281,2020-05-24,0.9650689959526062,11,75584977.480529
29.828832626342773,77.077677,11.149999618530273,201.68190002441406,2020-05-24,0.9678080081939697,11,75584977.488793
29.828862,77.086109,7.710000038146973,202.460297,2020-05-24,0.9524660110473633,8,75584977.625149
29.828489,77.086507,25.719999,201.584167,2020-05-24,0.9553809762001038,8,75584977.633413
29.828458,77.078082,7.900000095367432,202.015396,2020-05-24,0.9584760069847107,11,75584977.497057
29.828111,77.086919,2.430000066757202,201.772934,2020-05-24,0.9565610289573669,8,75584977.641677
29.828081130981445,77.078489,2.5799999237060547,201.931992,2020-05-24,0.9551730155944824,11,75584977.505321
29.827706,77.078894,2.5799999237060547,201.929596,2020-05-24,0.953029990196228,11,75584977.513585
29.827737,77.087323,2.9200000762939453,201.861954,2020-05-24,0.9543870091438293,8,75584977.649941
29.827331,77.079299,2.5,201.577499,2020-05-24,0.9662129878997803,11,75584977.521849
29.826955795288086,77.079703,2.6500000953674316,201.918564,2020-05-24,0.9662520289421082,11,75584977.530113
29.826581,77.080107,3.140000104904175,201.639603,2020-05-24,0.9573690295219421,11,75584977.538377
29.82548713684082,77.0897445678711,4.860000133514404,201.774292,2020-05-24,0.9504280090332031,8,75584977.699534
29.825454711914062,77.081321,2.430000066757202,201.915924,2020-05-24,0.9623100161552429,11,75584977.563169
29.82508087158203,77.081725,2.390000104904175,201.910721,2020-05-24,0.9552860260009766,11,75584977.571433
29.824705123901367,77.082129,2.619999885559082,201.906891,2020-05-24,0.9596650004386902,11,75584977.579697
29.82436180114746,77.090957,2.4700000286102295,201.317322,2020-05-24,0.9521999955177307,8,75584977.724332
29.824329376220703,77.082533,2.8399999141693115,202.993896,2020-05-24,0.9644389748573303,11,75584977.587961
29.823987,77.091361,2.7699999809265137,201.336258,2020-05-24,0.9570770263671875,8,75584977.732598
29.823955,77.082938,3.2200000286102295,201.495117,2020-05-24,0.9578279852867126,11,75584977.596225
29.823612213134766,77.091763,6.809999942779541,201.489853,2020-05-24,0.9541249871253967,8,75584977.740864
29.823579,77.083342,2.5799999237060547,201.575211,2020-05-24,0.9589139819145203,11,75584977.604489
29.822831,77.084146,13.25,201.426926,2020-05-24,0.9580870270729065,11,75584977.621017
29.822486877441406,77.092976,2.390000104904175,201.303925,2020-05-24,0.9624549746513367,8,75584977.765662
29.82245445251465,77.084554,2.5799999237060547,201.464417,2020-05-24,0.9650179743766785,11,75584977.629281
29.822111129760742,77.0933837890625,2.5,201.23110961914062,2020-05-24,0.9518060088157654,8,75584977.773928
29.822078704833984,77.084958,2.4700000286102295,201.242004,2020-05-24,0.9676480293273926,11,75584977.637545
29.821704864501953,77.08535766601562,6.849999904632568,201.549225,2020-05-24,0.9680190086364746,11,75584977.645809
29.821361,77.094188,2.390000104904175,201.110245,2020-05-24,0.9546629786491394,8,75584977.79046
29.821329,77.085766,2.5,201.132904,2020-05-24,0.9646599888801575,11,75584977.654073
29.820956,77.086164,17.739999771118164,200.8127899169922,2020-05-24,0.9586420059204102,11,75584977.662337
29.820579528808594,77.086573,2.619999885559082,201.180573,2020-05-24,0.9644290208816528,11,75584977.670603
29.820205,77.086977,2.4700000286102295,201.701706,2020-05-24,0.9646720290184021,11,75584977.678869
29.819455,77.087785,2.5,201.645477,2020-05-24,0.9595540165901184,11,75584977.695401
29.819080352783203,77.088188,2.5,201.532944,2020-05-24,0.9623259902000427,11,75584977.703667
29.818706,77.08859252929688,8.789999961853027,201.554764,2020-05-24,0.9620490074157715,11,75584977.711933
29.818330764770508,77.088996,2.690000057220459,201.590317,2020-05-24,0.962086021900177,11,75584977.720199
29.817955017089844,77.089399,2.9200000762939453,201.373642,2020-05-24,0.9628199934959412,11,75584977.728465
29.81757926940918,77.089803,2.5,201.609985,2020-05-24,0.9634760022163391,11,75584977.736731
29.817233,77.098632,2.5399999618530273,200.679581,2020-05-24,0.9511690139770508,8,75584977.881386
29.81720542907715,77.090207,2.7699999809265137,201.300842,2020-05-24,0.9546319842338562,11,75584977.744997
29.816829681396484,77.090611,2.430000066757202,201.289078,2020-05-24,0.9511650204658508,11,75584977.753263
29.816455,77.091015,2.4700000286102295,200.989807,2020-05-24,0.9598360061645508,11,75584977.761529
29.81608009338379,77.091418,2.4700000286102295,201.032257,2020-05-24,0.9666119813919067,11,75584977.769795
29.815704345703125,77.091822,2.5399999618530273,200.970413,2020-05-24,0.9714919924736023,11,75584977.778061
29.814579010009766,77.093034,2.5,200.837708,2020-05-24,0.958482027053833,11,75584977.802859
29.814204,77.093438,2.5399999618530273,200.736679,2020-05-24,0.9521849751472473,11,75584977.811125
29.813829,77.093842,2.5399999618530273,200.6436004638672,2020-05-24,0.9610790014266968,11,75584977.819391
29.813453,77.09424591064453,2.5,200.397354,2020-05-24,0.9550679922103882,11,75584977.827657
29.813077926635742,77.09465026855469,2.5799999237060547,200.448074,2020-05-24,0.9574189782142639,11,75584977.835923
29.812703,77.095054,2.690000057220459,200.475372,2020-05-24,0.9589260220527649,11,75584977.844189
29.812329,77.095454,13.180000305175781,200.352829,2020-05-24,0.9506009817123413,11,75584977.852455
29.811952,77.095862,2.430000066757202,200.315811,2020-05-24,0.9565110206604004,11,75584977.860721
29.81157684326172,77.096266,2.4700000286102295,200.291351,2020-05-24,0.9559109807014465,11,75584977.868987
29.811201095581055,77.09667205810547,2.4700000286102295,200.337616,2020-05-24,0.9588379859924316,11,75584977.877253
29.810826,77.097074,2.390000104904175,200.499527,2020-05-24,0.9603859782218933,11,75584977.885519
29.810451,77.097478,2.5399999618530273,200.466537,2020-05-24,0.9594069719314575,11,75584977.893784
29.810075,77.097882,2.5399999618530273,200.43927001953125,2020-05-24,0.9584460258483887,11,75584977.902048
29.80970001220703,77.098286,2.5399999618530273,200.44931030273438,2020-05-24,0.9622859954833984,11,75584977.910312
29.809325,77.09868621826172,2.4700000286102295,200.541794,2020-05-24,0.9550619721412659,11,75584977.918576
29.808950424194336,77.099095,2.5399999618530273,200.479492,2020-05-24,0.957817018032074,11,75584977.92684
29.808198928833008,77.099903,2.5399999618530273,200.125,2020-05-24,0.9522519707679749,11,75584977.943368
29.807824,77.100307,2.430000066757202,200.231659,2020-05-24,0.952675998210907,11,75584977.951632
29.807449,77.100711,2.4700000286102295,200.354446,2020-05-24,0.9567199945449829,11,75584977.959896
29.895301,77.03488159179688,4.070000171661377,208.282501,2020-12-10,0.9636610150337219,11,92839807.298073
29.894927,77.03528594970703,2.4700000286102295,207.899002,2020-12-10,0.9614719748497009,11,92839807.306337
29.894731,77.043146,2.5799999237060547,208.704056,2020-12-10,0.9579430222511292,8,92839807.450957
29.894553,77.035691,2.430000066757202,207.81661987304688,2020-12-10,0.9619179964065552,11,92839807.314601
29.89435577392578,77.043551,2.5,209.141251,2020-12-10,0.9704560041427612,8,92839807.459221
29.89417839050293,77.036096,2.390000104904175,208.001312,2020-12-10,0.964260995388031,11,92839807.322865
29.89398193359375,77.043955,2.5,209.101379,2020-12-10,0.9734780192375183,8,92839807.467485
29.893804,77.036501,2.3499999046325684,208.028976,2020-12-10,0.9613710045814514,11,92839807.331129
29.893233,77.044764,2.5,209.471573,2020-12-10,0.9602360129356384,8,92839807.484013
29.891986846923828,77.070693,5.610000133514404,208.432266,2020-12-10,0.9628270268440247,5,92839807.488145
29.892305374145508,77.038121,2.4700000286102295,208.329117,2020-12-10,0.9710699915885925,11,92839807.364185
29.89211082458496,77.045977,2.4600000381469727,209.010254,2020-12-10,0.9554460048675537,8,92839807.508805
29.891929626464844,77.038526,2.5,208.0589599609375,2020-12-10,0.9508870244026184,11,92839807.372449
29.891494750976562,77.063428,2.5399999618530273,204.448456,2020-12-10,0.9681329727172852,6,92839807.360053
29.8912410736084,77.071503,3.740000009536743,204.822845,2020-12-10,0.9574450254440308,5,92839807.504673
29.891555786132812,77.03893280029297,2.430000066757202,208.674362,2020-12-10,0.9711440205574036,11,92839807.380713
29.891361236572266,77.046786,2.8399999141693115,208.84523010253906,2020-12-10,0.9566900134086609,8,92839807.525333
29.890865325927734,77.071907,5.460000038146973,204.468506,2020-12-10,0.9612540006637573,5,92839807.512937
29.890986,77.04718780517578,2.6500000953674316,209.25856018066406,2020-12-10,0.9623839855194092,8,92839807.533597
29.890492,77.072312,3.0999999046325684,204.732925,2020-12-10,0.9552919864654541,5,92839807.521201
29.890807,77.03974151611328,2.430000066757202,208.292343,2020-12-10,0.9635289907455444,11,92839807.397241
29.89061164855957,77.047594,2.6500000953674316,208.873093,2020-12-10,0.9686049818992615,8,92839807.541861
29.890369415283203,77.064641,3.7699999809265137,205.194336,2020-12-10,0.9560009837150574,6,92839807.384845
29.890117,77.07271575927734,3.4000000953674316,204.116928,2020-12-10,0.9670720100402832,5,92839807.529465
29.890432357788086,77.040144,2.759999990463257,208.305405,2020-12-10,0.9616659879684448,11,92839807.405505
29.890233993530273,77.047997,10.4399995803833,208.779602,2020-12-10,0.9617390036582947,8,92839807.550125
29.889995,77.065046,4.150000095367432,204.794525,2020-12-10,0.957423985004425,6,92839807.393109
29.890056610107422,77.040549,3.3299999237060547,208.543625,2020-12-10,0.9738460183143616,11,92839807.413769
29.889619827270508,77.065451,4.039999961853027,204.907761,2020-12-10,0.9502000212669373,6,92839807.401373
29.889488220214844,77.048807,4.96999979019165,208.943542,2020-12-10,0.9661639928817749,8,92839807.566653
29.889245986938477,77.065855,3.5899999141693115,205.084686,2020-12-10,0.962975025177002,6,92839807.409637
29.888871,77.0662612915039,3.549999952316284,205.064911,2020-12-10,0.95557701587677,6,92839807.417901
29.888933181762695,77.041763,2.609999895095825,208.802917,2020-12-10,0.9723340272903442,11,92839807.438561
29.888497,77.066664,3.6600000858306885,204.652435,2020-12-10,0.9594659805297852,6,92839807.426165
29.888559,77.042167,2.4700000286102295,208.706268,2020-12-10,0.9688529968261719,11,92839807.446825
29.888362884521484,77.050019,10.289999961853027,208.742462,2020-12-10,0.9575560092926025,8,92839807.591445
29.888122,77.067069,4.21999979019165,204.317825,2020-12-10,0.957472026348114,6,92839807.434429
29.888769149780273,77.01053619384766,2.5799999237060547,207.455841,2020-12-06,0.9518970251083374,5,92499821.192616
29.88818359375,77.042571,2.690000057220459,208.77536010742188,2020-12-10,0.9662659764289856,11,92839807.455089
29.887992,77.050424,5.050000190734863,208.680481,2020-12-10,0.9578589797019958,8,92839807.599709
29.887498,77.075546,2.690000057220459,203.791763,2020-12-10,0.9668670296669006,5,92839807.587313
29.887809,77.042976,2.5799999237060547,209.160629,2020-12-10,0.9721519947052002,11,92839807.463353
29.887611389160156,77.050826,17.360001,210.440598,2020-12-10,0.9616320133209229,8,92839807.607973
29.887123107910156,77.0759506225586,2.5799999237060547,203.732361,2020-12-10,0.9707610011100769,5,92839807.595577
29.887435,77.04338073730469,2.4700000286102295,208.785248,2020-12-10,0.9597039818763733,11,92839807.471617
29.886999,77.068282,2.5,204.085587,2020-12-10,0.9571639895439148,6,92839807.459221
29.887060165405273,77.04378509521484,2.609999895095825,209.030792,2020-12-10,0.969992995262146,11,92839807.479881
29.886749,77.07635498046875,2.690000057220459,203.87290954589844,2020-12-10,0.9524199962615967,5,92839807.603841
29.886871337890625,77.051638,6.360000133514404,205.991714,2020-12-10,0.9525669813156128,8,92839807.624505
29.886624,77.068686,2.609999895095825,203.972275,2020-12-10,0.9588209986686707,6,92839807.467485
29.88667869567871,77.044186,14.930000305175781,211.301773,2020-12-10,0.959197998046875,11,92839807.488145
29.886486053466797,77.052038,27.90999984741211,208.162048,2020-12-10,0.9568470120429993,8,92839807.632771
29.886249,77.069091,2.799999952316284,203.890701,2020-12-10,0.9557679891586304,6,92839807.475749
29.886959075927734,77.003903,2.5799999237060547,207.122543,2020-12-06,0.9502779841423035,6,92499821.09758
29.886310577392578,77.044592,10.170000076293945,204.860977,2020-12-10,0.9636960029602051,11,92839807.496409
29.886117935180664,77.052445,15.109999656677246,207.536194,2020-12-10,0.9565610289573669,8,92839807.641037
29.885627,77.077568,2.5399999618530273,203.655472,2020-12-10,0.9660130143165588,5,92839807.628638
29.885928,77.044993,22.040001,211.150085,2020-12-10,0.9700329899787903,11,92839807.504673
29.885738372802734,77.052847,27.989999771118164,207.024384,2020-12-10,0.9626399874687195,8,92839807.649303
29.885499954223633,77.069899,2.609999895095825,203.178787,2020-12-10,0.9638490080833435,6,92839807.492277
29.885253,77.077972,2.5799999237060547,203.605545,2020-12-10,0.9740970134735107,5,92839807.636904
29.885560989379883,77.045401,5.869999885559082,210.030548,2020-12-10,0.9602900147438049,11,92839807.512937
29.885366439819336,77.053252,24.360001,207.02597045898438,2020-12-10,0.9600260257720947,8,92839807.657569
29.8851261138916,77.070304,2.609999895095825,202.866135,2020-12-10,0.9664030075073242,6,92839807.500541
29.885188,77.045806,2.5399999618530273,208.617676,2020-12-10,0.9611639976501465,11,92839807.521201
29.884997,77.053659,11.930000305175781,208.897766,2020-12-10,0.9651690125465393,8,92839807.665835
29.884746551513672,77.070705,7.590000152587891,207.576874,2020-12-10,0.9558079838752747,6,92839807.508805
29.884807586669922,77.046208,14.970000267028809,209.019211,2020-12-10,0.9621289968490601,11,92839807.529465
29.884376,77.071112,2.6500000953674316,204.00975036621094,2020-12-10,0.9603090286254883,6,92839807.517069
29.884625,77.054064,7.929999828338623,209.580017,2020-12-10,0.9615899920463562,8,92839807.674101
29.884437,77.046614,7.260000228881836,208.993195,2020-12-10,0.9651650190353394,11,92839807.537729
29.884251,77.054469,9.199999809265137,209.199554,2020-12-10,0.961912989616394,8,92839807.682367
29.884001,77.071516,3.059999942779541,204.006973,2020-12-10,0.9551799893379211,6,92839807.525333
29.884065,77.047019,2.759999990463257,208.992752,2020-12-10,0.9565669894218445,11,92839807.545993
29.88368797302246,77.047422,7.78000020980835,209.571686,2020-12-10,0.9643610119819641,11,92839807.554257
29.88330841064453,77.047824,19.790001,210.157257,2020-12-10,0.9643170237541199,11,92839807.562521
29.883129,77.055683,10.020000457763672,209.131851,2020-12-10,0.9517310261726379,8,92839807.707165
29.882944107055664,77.048232,4.039999961853027,204.881439,2020-12-10,0.9510020017623901,11,92839807.570785
29.882756,77.056088,8.829999923706055,208.323898,2020-12-10,0.9601669907569885,8,92839807.715431
29.882503509521484,77.073133,2.5399999618530273,203.976135,2020-12-10,0.9612680077552795,6,92839807.558389
29.882568359375,77.048636,6.429999828338623,205.508041,2020-12-10,0.9644629955291748,11,92839807.579049
29.882381439208984,77.056492,9.199999809265137,210.958511,2020-12-10,0.9594740271568298,8,92839807.723697
29.88218879699707,77.049038,15.710000038146973,207.9165802001953,2020-12-10,0.9644089937210083,11,92839807.587313
29.882007598876953,77.056897,7.630000114440918,210.822235,2020-12-10,0.9548749923706055,8,92839807.731963
29.881513,77.082017,3.440000057220459,204.539566,2020-12-10,0.9559789896011353,5,92839807.719564
29.881821,77.049445,2.690000057220459,207.563126,2020-12-10,0.952567994594574,11,92839807.595577
29.881633,77.057301,11.520000457763672,209.861465,2020-12-10,0.964896023273468,8,92839807.740229
29.881139755249023,77.082422,2.5799999237060547,203.885025,2020-12-10,0.9679210186004639,5,92839807.72783
29.881444,77.049849,7.96999979019165,207.571259,2020-12-10,0.9595410227775574,11,92839807.603841
29.881261,77.057707,8.899999618530273,208.612473,2020-12-10,0.9546409845352173,8,92839807.748495
29.881007,77.07475280761719,2.5,203.850937,2020-12-10,0.9517930150032043,6,92839807.591445
29.880765,77.082826,3.8499999046325684,204.559799,2020-12-10,0.9527829885482788,5,92839807.736096
29.881071090698242,77.050253,7.179999828338623,207.016663,2020-12-10,0.9567880034446716,11,92839807.612106
29.880633,77.075154,2.690000057220459,203.966705,2020-12-10,0.9596620202064514,6,92839807.599709
29.880699,77.050659,3.9200000762939453,205.981689,2020-12-10,0.9564430117607117,11,92839807.620372
29.880512237548828,77.058515,9.350000381469727,210.665405,2020-12-10,0.9568849802017212,8,92839807.765027
29.880258560180664,77.075558,2.6500000953674316,203.954803,2020-12-10,0.9570090174674988,6,92839807.607973
29.880326,77.051063,2.8399999141693115,205.517029,2020-12-10,0.9618899822235107,11,92839807.628638
29.880137,77.05892181396484,8.640000343322754,214.013947,2020-12-10,0.9502699971199036,8,92839807.773293
29.879884719848633,77.075963,2.609999895095825,203.882202,2020-12-10,0.9681379795074463,6,92839807.616239
29.879945755004883,77.051465,14.739999771118164,205.976776,2020-12-10,0.9640539884567261,11,92839807.636904
29.8796443939209,77.08403778076172,2.6500000953674316,204.248703,2020-12-10,0.9715790152549744,5,92839807.760894
29.879764,77.059324,11.369999885559082,211.041641,2020-12-10,0.9602910280227661,8,92839807.781559
29.879511,77.076367,2.5399999618530273,203.813324,2020-12-10,0.966962993144989,6,92839807.624505
29.879271,77.084445,2.5399999618530273,204.276794,2020-12-10,0.951092004776001,5,92839807.76916
29.87957191467285,77.05187225341797,13.619999885559082,207.298889,2020-12-10,0.9596560001373291,11,92839807.64517
29.878896713256836,77.08484649658203,2.4600000381469727,204.281052,2020-12-10,0.9581940174102783,5,92839807.777426
29.879201889038086,77.052276,6.059999942779541,207.497864,2020-12-10,0.956870973110199,11,92839807.653436
29.878829,77.052681,4.449999809265137,207.451828,2020-12-10,0.9610739946365356,11,92839807.661702
29.878149032592773,77.085659,2.609999895095825,204.348404,2020-12-10,0.9693580269813538,5,92839807.793958
29.878455,77.05308532714844,4.940000057220459,207.078674,2020-12-10,0.9577149748802185,11,92839807.669968
29.878015,77.077985,2.5799999237060547,203.735519,2020-12-10,0.9658539891242981,6,92839807.657569
29.877775192260742,77.086063,2.6500000953674316,204.524261,2020-12-10,0.9638100266456604,5,92839807.802224
29.878081,77.0534896850586,4.21999979019165,206.893188,2020-12-10,0.9581769704818726,11,92839807.678234
29.877641,77.078389,2.4600000381469727,203.875305,2020-12-10,0.9570749998092651,6,92839807.665835
29.87740135192871,77.086468,2.5399999618530273,203.995575,2020-12-10,0.9597169756889343,5,92839807.81049
29.87770652770996,77.053895,3.890000104904175,206.973511,2020-12-10,0.9636150002479553,11,92839807.6865
29.877334,77.0542984008789,2.759999990463257,206.602127,2020-12-10,0.9632570147514343,11,92839807.694766
29.876893,77.079198,2.5,203.988144,2020-12-10,0.9556059837341309,6,92839807.682367
29.876517,77.079602,4.369999885559082,204.652069,2020-12-10,0.9628080129623413,6,92839807.690633
29.876277923583984,77.087682,3.9200000762939453,204.5908203125,2020-12-10,0.951125979423523,5,92839807.835288
29.876586,77.055109,4.190000057220459,205.7284698486328,2020-12-10,0.9658989906311035,11,92839807.711298
29.876141,77.080005,10.619999885559082,204.460922,2020-12-10,0.960972011089325,6,92839807.698899
29.875904083251953,77.088086,4.21999979019165,204.692123,2020-12-10,0.9624729752540588,5,92839807.843553
29.87621307373047,77.055514,3.549999952316284,205.278076,2020-12-10,0.970346987247467,11,92839807.719564
29.876028060913086,77.063373,4.489999771118164,210.218887,2020-12-10,0.9530720114707947,8,92839807.864213
29.875771,77.080412,2.5,203.971344,2020-12-10,0.9645259976387024,6,92839807.707165
29.87645721435547,77.015227,2.5,207.637405,2020-12-06,0.9513649940490723,6,92499821.328972
29.875839233398438,77.055919,3.440000057220459,203.631485,2020-12-10,0.9529740214347839,11,92839807.72783
29.875521,77.088485,24.690001,204.356598,2020-12-10,0.9585850238800049,5,92839807.851817
29.875654220581055,77.063778,8.529999732971191,206.115234,2020-12-10,0.9520729780197144,8,92839807.872477
29.875152587890625,77.088893,10.0600004196167,204.610046,2020-12-10,0.961027979850769,5,92839807.860081
29.876082,77.015632,2.619999885559082,207.7154998779297,2020-12-06,0.9525560140609741,6,92499821.337236
29.875466,77.056323,5.199999809265137,203.872925,2020-12-10,0.9585599899291992,11,92839807.736096
29.87478256225586,77.08930206298828,2.609999895095825,203.754486,2020-12-10,0.9516119956970215,5,92839807.868345
29.875093460083008,77.056728,2.5399999618530273,204.632675,2020-12-10,0.9766449928283691,11,92839807.744362
29.874649047851562,77.081626,2.5,203.63002014160156,2020-12-10,0.9567379951477051,6,92839807.731963
29.874719,77.057133,2.5799999237060547,204.710526,2020-12-10,0.969120979309082,11,92839807.752628
29.874531,77.064991,7.179999828338623,209.85614013671875,2020-12-10,0.9505230188369751,8,92839807.897269
29.874345,77.057538,2.5799999237060547,204.546188,2020-12-10,0.9715819954872131,11,92839807.760894
29.874158,77.065397,8.34000015258789,204.898773,2020-12-10,0.9536929726600647,8,92839807.905533
29.873661041259766,77.090514,2.609999895095825,203.317154,2020-12-10,0.9599900245666504,5,92839807.893137
29.87397003173828,77.057942,5.909999847412109,204.400696,2020-12-10,0.9673429727554321,11,92839807.76916
29.873788,77.065803,2.430000066757202,204.103256,2020-12-10,0.959272027015686,8,92839807.913797
29.873286,77.090918,3.7699999809265137,203.528458,2020-12-10,0.9646350145339966,5,92839807.901401
29.8734130859375,77.066208,2.390000104904175,204.204483,2020-12-10,0.9593639969825745,8,92839807.922061
29.872907638549805,77.091321,12.119999885559082,203.573608,2020-12-10,0.955627977848053,5,92839807.909665
29.873039,77.066612,2.4600000381469727,204.184006,2020-12-10,0.9545210003852844,8,92839807.930325
29.872846603393555,77.059155,9.649999618530273,204.685669,2020-12-10,0.9675189852714539,11,92839807.793958
29.87253761291504,77.091728,2.690000057220459,203.593994,2020-12-10,0.9627060294151306,5,92839807.917929
29.872665405273438,77.067017,2.4600000381469727,204.2193603515625,2020-12-10,0.9610819816589355,8,92839807.938589
29.872163772583008,77.092133,2.5799999237060547,203.425919,2020-12-10,0.9534620046615601,5,92839807.926193
29.872472763061523,77.059559,10.8100004196167,204.38323974609375,2020-12-10,0.9609090089797974,11,92839807.802224
29.871789,77.092537,3.6600000858306885,203.645737,2020-12-10,0.9566019773483276,5,92839807.934457
29.872098922729492,77.059964,10.25,204.581573,2020-12-10,0.9654930233955383,11,92839807.81049
29.871915817260742,77.067826,3.7699999809265137,204.711166,2020-12-10,0.9593560099601746,8,92839807.955117
29.871415,77.092941,3.549999952316284,204.396164,2020-12-10,0.9559109807014465,5,92839807.942721
29.871726989746094,77.06037139892578,5.949999809265137,203.854996,2020-12-10,0.9589049816131592,11,92839807.818756
29.87154197692871,77.06822967529297,3.8499999046325684,204.478928,2020-12-10,0.9605860114097595,8,92839807.963381
29.87128448486328,77.08526611328125,4.150000095367432,204.121201,2020-12-10,0.9607939720153809,6,92839807.806357
29.871041,77.09334564208984,2.609999895095825,203.252441,2020-12-10,0.9616850018501282,5,92839807.950985
29.871352,77.060774,7.409999847412109,204.170929,2020-12-10,0.9605209827423096,11,92839807.827022
29.871169,77.068635,2.5399999618530273,204.738983,2020-12-10,0.9710170030593872,8,92839807.971645
29.870908737182617,77.0856704711914,5.079999923706055,203.691406,2020-12-10,0.9643970131874084,6,92839807.814623
29.87066650390625,77.09375,3.140000104904175,204.118011,2020-12-10,0.9557759761810303,5,92839807.959249
29.870795,77.06903839111328,2.5399999618530273,204.323425,2020-12-10,0.9678159952163696,8,92839807.979909
29.870536,77.086076,3.7699999809265137,204.14064025878906,2020-12-10,0.954131007194519,6,92839807.822889
29.870292,77.094155,3.8499999046325684,203.35433959960938,2020-12-10,0.9657800197601318,5,92839807.967513
29.870607376098633,77.061585,2.4700000286102295,203.925812,2020-12-10,0.9728019833564758,11,92839807.843553
29.870421,77.069445,2.4600000381469727,204.238983,2020-12-10,0.9675549864768982,8,92839807.988173
29.870162,77.08647918701172,3.619999885559082,204.420242,2020-12-10,0.9576320052146912,6,92839807.831155
29.869918823242188,77.09455871582031,3.359999895095825,202.896103,2020-12-10,0.9536870121955872,5,92839807.975777
29.870233,77.061989,2.5399999618530273,203.546112,2020-12-10,0.9755629897117615,11,92839807.851817
29.870046615600586,77.0698471069336,2.4600000381469727,203.813751,2020-12-10,0.9551349878311157,8,92839807.996437
29.869859,77.062394,2.5,203.244461,2020-12-10,0.96281898021698,11,92839807.860081
29.869672,77.070254,2.390000104904175,204.054077,2020-12-10,0.9704179763793945,8,92839808.004701
29.869171142578125,77.095369,2.5,202.539474,2020-12-10,0.9580389857292175,5,92839807.992305
29.869295120239258,77.070658,7.820000171661377,203.855881,2020-12-10,0.9634820222854614,8,92839808.012965
29.87019157409668,77.009711,2.390000104904175,207.376328,2020-12-06,0.951869010925293,8,92499821.692597
29.868797302246094,77.095774,2.5399999618530273,202.635834,2020-12-10,0.9597650170326233,5,92839808.000569
29.869111,77.063203,2.5399999618530273,203.161545,2020-12-10,0.9604759812355042,11,92839807.876609
29.868924,77.071064,2.5399999618530273,203.952057,2020-12-10,0.9625920057296753,8,92839808.021229
29.868738174438477,77.063608,2.3499999046325684,203.042389,2020-12-10,0.9554550051689148,11,92839807.884873
29.868549346923828,77.071468,2.5799999237060547,203.91477966308594,2020-12-10,0.9518970251083374,8,92839808.029493
29.868363,77.064013,2.5,203.17922973632812,2020-12-10,0.9683399796485901,11,92839807.893137
29.867673873901367,77.096988,2.609999895095825,202.656235,2020-12-10,0.9514200091362,5,92839808.025361
29.86798858642578,77.064417,2.4700000286102295,203.211929,2020-12-10,0.966713011264801,11,92839807.901401
29.86761474609375,77.064822,3.809999942779541,203.224731,2020-12-10,0.9645599722862244,11,92839807.909665
29.867427825927734,77.072682,2.430000066757202,204.038086,2020-12-10,0.971252977848053,8,92839808.054285
29.866925,77.097797,2.5,202.931992,2020-12-10,0.9500769972801208,5,92839808.041889
29.867241,77.065226,2.690000057220459,203.324249,2020-12-10,0.9745960235595703,11,92839807.917929
29.867053,77.073087,2.5399999618530273,203.974731,2020-12-10,0.9557549953460693,8,92839808.062549
29.86679458618164,77.090121,4.820000171661377,203.004532,2020-12-10,0.9550529718399048,6,92839807.905533
29.866551,77.098201,2.6500000953674316,203.023972,2020-12-10,0.9558389782905579,5,92839808.050153
29.866867065429688,77.065631,2.5,203.420456,2020-12-10,0.9776489734649658,11,92839807.926193
29.866422,77.090526,2.609999895095825,202.515198,2020-12-10,0.9685419797897339,6,92839807.913797
29.866493225097656,77.066036,2.609999895095825,203.641342,2020-12-10,0.9619119763374329,11,92839807.934457
29.866305,77.073896,2.4600000381469727,203.738281,2020-12-10,0.9701189994812012,8,92839808.079077
29.866048,77.090931,2.5799999237060547,202.729309,2020-12-10,0.9586849808692932,6,92839807.922061
29.866119,77.06643676757812,2.5799999237060547,203.583847,2020-12-10,0.9680449962615967,11,92839807.942721
29.865931,77.074301,2.430000066757202,203.581451,2020-12-10,0.9602450132369995,8,92839808.087341
29.865674,77.091335,2.5799999237060547,202.747894,2020-12-10,0.9710190296173096,6,92839807.930325
29.86574363708496,77.066845,3.440000057220459,204.596588,2020-12-10,0.9600489735603333,11,92839807.950985
29.865299,77.091739,3.4000000953674316,202.928589,2020-12-10,0.9733369946479797,6,92839807.938589
29.865182,77.07511138916016,3.140000104904175,203.617813,2020-12-10,0.9661170244216919,8,92839808.103869
29.864997,77.067654,2.5,203.356384,2020-12-10,0.9668670296669006,11,92839807.967513
29.864808,77.075515,3.440000057220459,203.428909,2020-12-10,0.9683409929275513,8,92839808.112133
29.864551,77.092549,2.5399999618530273,202.838882,2020-12-10,0.9657970070838928,6,92839807.955117
29.86430549621582,77.100628,4.75,202.929428,2020-12-10,0.955299973487854,5,92839808.099737
29.864623,77.068059,2.430000066757202,203.2438201904297,2020-12-10,0.9716579914093018,11,92839807.975777
29.864432,77.075919,6.659999847412109,203.327759,2020-12-10,0.9653400182723999,8,92839808.120397
29.864177,77.092954,2.5399999618530273,202.817307,2020-12-10,0.9615830183029175,6,92839807.963381
29.864249,77.068464,2.430000066757202,203.11940002441406,2020-12-10,0.9714239835739136,11,92839807.984041
29.863803,77.093358,2.609999895095825,202.541061,2020-12-10,0.9633269906044006,6,92839807.971645
29.863874435424805,77.068869,2.4700000286102295,203.101135,2020-12-10,0.9674479961395264,11,92839807.992305
29.863685607910156,77.076729,2.430000066757202,203.340012,2020-12-10,0.96424800157547,8,92839808.136925
29.86349868774414,77.069273,5.570000171661377,203.229355,2020-12-10,0.9623110294342041,11,92839808.000569
29.863311,77.077133,2.390000104904175,203.38446044921875,2020-12-10,0.9664319753646851,8,92839808.145189
29.863126,77.069678,2.7300000190734863,203.226364,2020-12-10,0.9766520261764526,11,92839808.008833
29.86293601989746,77.077538,2.5799999237060547,203.525024,2020-12-10,0.9639959931373596,8,92839808.153453
29.862680435180664,77.094572,3.2100000381469727,202.593216,2020-12-10,0.9652690291404724,6,92839807.996437
29.862751007080078,77.070082,3.7799999713897705,203.781296,2020-12-10,0.965399980545044,11,92839808.017097
29.862557,77.07794189453125,12.529999732971191,203.597946,2020-12-10,0.9665189981460571,8,92839808.161717
29.862306,77.094976,2.7300000190734863,202.444336,2020-12-10,0.9548500180244446,6,92839808.004701
29.862378,77.070487,2.5799999237060547,203.451828,2020-12-10,0.9698709845542908,11,92839808.025361
29.861932,77.095381,2.5399999618530273,202.101624,2020-12-10,0.9690650105476379,6,92839808.012965
29.862004,77.070892,2.430000066757202,203.458878,2020-12-10,0.9706100225448608,11,92839808.033625
29.861629486083984,77.071297,2.390000104904175,203.261047,2020-12-10,0.9601039886474609,11,92839808.041889
29.86143684387207,77.07915496826172,4.710000038146973,203.255081,2020-12-10,0.9622719883918762,8,92839808.186509
29.861255645751953,77.071701,2.390000104904175,203.262741,2020-12-10,0.9747620224952698,11,92839808.050153
29.86106300354004,77.07955932617188,4.860000133514404,203.548935,2020-12-10,0.9618840217590332,8,92839808.194773
29.860130310058594,77.07291412353516,9.010000228881836,203.030319,2020-12-10,0.9552450180053711,11,92839808.074945
29.859687,77.097808,2.5799999237060547,202.580597,2020-12-10,0.9606509804725647,6,92839808.062549
29.859382,77.073723,7.289999961853027,203.446167,2020-12-10,0.9623090028762817,11,92839808.091473
29.858937,77.098617,3.809999942779541,203.24913024902344,2020-12-10,0.9596199989318848,6,92839808.079077
29.859006881713867,77.074127,9.649999618530273,202.891785,2020-12-10,0.9803820252418518,11,92839808.099737
29.858563,77.099021,3.509999990463257,203.175964,2020-12-10,0.9581930041313171,6,92839808.087341
29.858636,77.074534,2.4700000286102295,202.813583,2020-12-10,0.9611909985542297,11,92839808.108001
29.858440399169922,77.08238983154297,2.5,203.144638,2020-12-10,0.9694240093231201,8,92839808.252621
29.85818862915039,77.099426,4.78000020980835,202.759491,2020-12-10,0.9541509747505188,6,92839808.095605
29.858262,77.074938,2.430000066757202,202.740463,2020-12-10,0.965412974357605,11,92839808.116265
29.858064651489258,77.082795,2.5,203.025711,2020-12-10,0.9695180058479309,8,92839808.260885
29.85781478881836,77.099831,2.7300000190734863,202.3127899169922,2020-12-10,0.9570879936218262,6,92839808.103869
29.857888,77.075343,2.4700000286102295,202.654358,2020-12-10,0.9713580012321472,11,92839808.124529
29.857690811157227,77.083199,2.390000104904175,202.965851,2020-12-10,0.9626439809799194,8,92839808.269149
29.857513427734375,77.075747,2.5,202.766312,2020-12-10,0.9734399914741516,11,92839808.132793
29.857139,77.076152,2.430000066757202,202.778564,2020-12-10,0.9688950181007385,11,92839808.141057
29.8569393157959,77.084007,2.4600000381469727,202.84490966796875,2020-12-10,0.9688090085983276,8,92839808.285677
29.856765,77.076556,2.5399999618530273,202.854279,2020-12-10,0.9724469780921936,11,92839808.149321
29.856565475463867,77.084412,2.430000066757202,202.8572998046875,2020-12-10,0.9623240232467651,8,92839808.293941
29.85638999938965,77.076961,3.180000066757202,203.1981201171875,2020-12-10,0.9705590009689331,11,92839808.157585
29.856189727783203,77.084815,3.359999895095825,202.764511,2020-12-10,0.9502500295639038,8,92839808.302205
29.85601234436035,77.077364,10.960000038146973,203.093689,2020-12-10,0.972553014755249,11,92839808.165849
29.85581398010254,77.085219,3.2100000381469727,204.484726,2020-12-10,0.9606199860572815,8,92839808.310469
29.855641,77.07776641845703,2.8399999141693115,203.196701,2020-12-10,0.967851996421814,11,92839808.174113
29.855439,77.085624,3.8499999046325684,203.400208,2020-12-10,0.963483989238739,8,92839808.318733
29.855266,77.078174,2.5399999618530273,202.897705,2020-12-10,0.9762319922447205,11,92839808.182377
29.855065,77.086028,2.430000066757202,202.734543,2020-12-10,0.950905978679657,8,92839808.326997
29.854892,77.078579,2.4700000286102295,202.853699,2020-12-10,0.9716020226478577,11,92839808.190641
29.854690551757812,77.086432,2.430000066757202,203.031693,2020-12-10,0.9702990055084229,8,92839808.335261
29.854516983032227,77.078983,2.880000114440918,202.99588012695312,2020-12-10,0.9625509977340698,11,92839808.198905
29.854306,77.086832,22.110001,202.965729,2020-12-10,0.9683610200881958,8,92839808.343525
29.853933334350586,77.087237,16.350000381469727,203.557693,2020-12-10,0.9613829851150513,8,92839808.351789
29.853763580322266,77.07978820800781,10.619999885559082,202.676041,2020-12-10,0.9575740098953247,11,92839808.215433
29.853393,77.080196,2.5399999618530273,202.523575,2020-12-10,0.9613440036773682,11,92839808.223697
29.85318946838379,77.088048,2.4600000381469727,202.9065399169922,2020-12-10,0.9634109735488892,8,92839808.368317
29.853017807006836,77.08059692382812,2.5,202.408981,2020-12-10,0.9681919813156128,11,92839808.231961
29.852641,77.081004,6.170000076293945,202.801666,2020-12-10,0.9649569988250732,11,92839808.240225
29.852439880371094,77.088857,2.430000066757202,202.440186,2020-12-10,0.9587510228157043,8,92839808.384845
29.85226821899414,77.081409,2.5399999618530273,203.097534,2020-12-10,0.970579981803894,11,92839808.248489
29.852065,77.089261,2.430000066757202,202.486603,2020-12-10,0.9600369930267334,8,92839808.393109
29.85189437866211,77.081813,2.4700000286102295,202.676605,2020-12-10,0.9691900014877319,11,92839808.256753
29.8516902923584,77.089665,2.430000066757202,202.570404,2020-12-10,0.963729977607727,8,92839808.401373
29.851144,77.082621,2.4700000286102295,202.845642,2020-12-10,0.9536659717559814,11,92839808.273281
29.85093879699707,77.090472,4.110000133514404,203.052139,2020-12-10,0.9578580260276794,8,92839808.417901
29.85076904296875,77.083026,2.3499999046325684,202.890244,2020-12-10,0.9551669955253601,11,92839808.281545
29.850564,77.090877,3.059999942779541,202.297318,2020-12-10,0.9630799889564514,8,92839808.426165
29.850385,77.083426,19.829999923706055,202.476929,2020-12-10,0.9609529972076416,11,92839808.289809
29.850189208984375,77.091281,2.4600000381469727,202.349304,2020-12-10,0.9603340029716492,8,92839808.434429
29.850017547607422,77.083834,2.390000104904175,202.797363,2020-12-10,0.9657189846038818,11,92839808.298073
29.849815368652344,77.091685,2.430000066757202,202.195694,2020-12-10,0.951170027256012,8,92839808.442693
29.849643,77.084238,3.0999999046325684,202.853729,2020-12-10,0.9715200066566467,11,92839808.306337
29.849267959594727,77.084642,2.430000066757202,202.53981018066406,2020-12-10,0.9572950005531311,11,92839808.314601
29.849065,77.092493,2.430000066757202,202.317932,2020-12-10,0.9711040258407593,8,92839808.459221
29.848690032958984,77.092897,2.7300000190734863,202.392838,2020-12-10,0.9693319797515869,8,92839808.467485
29.849550247192383,77.023535,2.5,205.50914001464844,2020-12-06,0.9681079983711243,11,92499822.010808
29.848517,77.08544921875,4.070000171661377,203.106018,2020-12-10,0.9681860208511353,11,92839808.331129
29.848316192626953,77.093301,2.430000066757202,202.390244,2020-12-10,0.9697219729423523,8,92839808.475749
29.848142,77.085854,4.260000228881836,201.381699,2020-12-10,0.9643779993057251,11,92839808.339393
29.847941,77.093705,2.4600000381469727,202.712784,2020-12-10,0.964805006980896,8,92839808.484013
29.847768,77.086258,2.759999990463257,202.520996,2020-12-10,0.9510359764099121,11,92839808.347657
29.847566,77.094109,2.430000066757202,202.600525,2020-12-10,0.9704570174217224,8,92839808.492277
29.848424,77.024751,2.4700000286102295,204.911621,2020-12-06,0.9535819888114929,11,92499822.0356
29.847392,77.086662,3.7799999713897705,202.360413,2020-12-10,0.9670799970626831,11,92839808.355921
29.847923278808594,77.0459976196289,2.5799999237060547,201.298706,2020-12-06,0.9521989822387695,6,92499821.957092
29.847191,77.094513,2.5,202.250519,2020-12-10,0.9720780253410339,8,92839808.500541
29.846817016601562,77.094917,2.5399999618530273,202.554932,2020-12-10,0.9605759978294373,8,92839808.508805
29.847671508789062,77.025561,2.990000009536743,204.773895,2020-12-06,0.9621779918670654,11,92499822.052128
29.846643447875977,77.087471,2.430000066757202,202.401627,2020-12-10,0.9563779830932617,11,92839808.372449
29.846442,77.095321,2.4600000381469727,202.710846,2020-12-10,0.9669820070266724,8,92839808.517069
29.847297,77.025967,2.4700000286102295,204.2390899658203,2020-12-06,0.9504650235176086,11,92499822.060392
29.846267700195312,77.08787536621094,2.430000066757202,202.683762,2020-12-10,0.9590520262718201,11,92839808.380713
29.846067428588867,77.095725,2.4600000381469727,202.708847,2020-12-10,0.9753329753875732,8,92839808.525333
29.845893,77.088279,2.430000066757202,202.58139038085938,2020-12-10,0.9707319736480713,11,92839808.388977
29.845691680908203,77.096129,2.430000066757202,202.598907,2020-12-10,0.9709910154342651,8,92839808.533597
29.845518112182617,77.088683,2.5,202.711349,2020-12-10,0.9585710167884827,11,92839808.397241
29.845317840576172,77.096533,2.4600000381469727,202.400726,2020-12-10,0.9530730247497559,8,92839808.541861
29.845143,77.089087,2.4700000286102295,202.613617,2020-12-10,0.9542790055274963,11,92839808.405505
29.844938278198242,77.096934,14.289999961853027,202.155594,2020-12-10,0.9634950160980225,8,92839808.550125
29.844558,77.09733581542969,25.739999771118164,201.541061,2020-12-10,0.9515119791030884,8,92839808.558389
29.844392776489258,77.089895,2.5399999618530273,202.55335998535156,2020-12-10,0.9744880199432373,11,92839808.422033
29.844018,77.090299,2.5,202.433365,2020-12-10,0.9741960167884827,11,92839808.430297
29.843643188476562,77.090703,2.5,202.434326,2020-12-10,0.9587739706039429,11,92839808.438561
29.843268,77.091107,2.430000066757202,202.528061,2020-12-10,0.9547179937362671,11,92839808.446825
29.842696,77.099361,2.5399999618530273,201.027802,2020-12-10,0.9563149809837341,8,92839808.599709
29.842321395874023,77.099765,2.5799999237060547,201.640442,2020-12-10,0.9686989784240723,8,92839808.607973
29.842591,77.060342,2.4700000286102295,202.124344,2020-12-06,0.9539620280265808,5,92499822.209144
29.841945,77.100168,3.7699999809265137,201.710541,2020-12-10,0.9678009748458862,8,92839808.616239
29.841768264770508,77.092723,3.5899999141693115,202.919601,2020-12-10,0.9600369930267334,11,92839808.479881
29.841394424438477,77.093127,2.5,202.427765,2020-12-10,0.9580289721488953,11,92839808.488145
29.841018676757812,77.0935287475586,3.9200000762939453,202.79248046875,2020-12-10,0.9658420085906982,11,92839808.496409
29.840822219848633,77.101381,2.4600000381469727,201.806931,2020-12-10,0.9541770219802856,8,92839808.641037
29.840641021728516,77.093933,8.979999542236328,202.546494,2020-12-10,0.9703429937362671,11,92839808.504673
29.840269088745117,77.094339,3.180000066757202,202.275131,2020-12-10,0.9622899889945984,11,92839808.512937
29.839895248413086,77.094743,2.430000066757202,202.01416015625,2020-12-10,0.952111005783081,11,92839808.521201
29.839521408081055,77.095147,2.5,201.762192,2020-12-10,0.9636840224266052,11,92839808.529465
29.838769912719727,77.095954,3.5899999141693115,202.712173,2020-12-10,0.9670630097389221,11,92839808.545993
29.838396072387695,77.096358,3.700000047683716,202.887375,2020-12-10,0.9693689942359924,11,92839808.554257
29.838021,77.096762,3.740000009536743,201.984039,2020-12-10,0.9589380025863647,11,92839808.562521
29.838293075561523,77.035679,2.5,201.326263,2020-12-06,0.9575579762458801,11,92499822.258728
29.83727264404297,77.097571,2.4700000286102295,201.390503,2020-12-10,0.9622730016708374,11,92839808.579049
29.836898,77.097975,2.9100000858306885,201.076004,2020-12-10,0.9763870239257812,11,92839808.587313
29.836149,77.098783,2.390000104904175,201.056015,2020-12-10,0.9594029784202576,11,92839808.603841
29.83577537536621,77.099187,2.390000104904175,201.087784,2020-12-10,0.9552469849586487,11,92839808.612106
29.835399627685547,77.099591,2.430000066757202,201.23085021972656,2020-12-10,0.9605309963226318,11,92839808.620372
29.835025,77.099995,2.4700000286102295,201.445023,2020-12-10,0.954010009765625,11,92839808.628638
29.83465003967285,77.100399,2.4700000286102295,201.536758,2020-12-10,0.9508159756660461,11,92839808.636904
29.834275,77.100803,2.390000104904175,201.838699,2020-12-10,0.9560859799385071,11,92839808.64517
29.83389663696289,77.101205,10.739999771118164,201.812454,2020-12-10,0.9586269855499268,11,92839808.653436
29.832536697387695,77.062594,2.4700000286102295,201.175156,2020-12-06,0.9507150053977966,6,92499822.295916
29.828937,77.045789,4.150000095367432,200.949127,2020-12-06,0.9521790146827698,11,92499822.465328
29.828563,77.046194,3.549999952316284,202.010254,2020-12-06,0.9548770189285278,11,92499822.473592
29.825372,77.078949,2.4700000286102295,201.306763,2020-12-06,0.9521840214729309,5,92499822.589288
29.82297706604004,77.060736,2.3499999046325684,200.992996,2020-12-06,0.952019989490509,8,92499822.733927
29.821832,77.053484,3.4800000190734863,200.746979,2020-12-06,0.9507399797439575,11,92499822.622344
29.820938110351562,77.07513427734375,2.6500000953674316,201.095337,2020-12-06,0.9533399939537048,6,92499822.5521
29.817195892333984,77.079183,2.5,200.844757,2020-12-06,0.9515929818153381,6,92499822.63474
29.810773849487305,77.094743,2.430000066757202,199.354034,2020-12-06,0.9570469856262207,5,92499822.911639
29.868062,77.097718,2.619999885559082,202.712357,2021-06-14,0.9812600016593933,1,108874786.759063
29.866561889648438,77.096095,2.690000057220459,202.205658,2021-06-14,0.9588459730148315,1,108874786.726007
29.8638916015625,77.101318,3.2899999618530273,200.86087036132812,2021-06-14,0.9505029916763306,2,108874786.473948
29.863187,77.092442,2.619999885559082,202.355118,2021-06-14,0.9514570236206055,1,108874786.651631
29.85719108581543,77.085942,2.6500000953674316,202.421432,2021-06-14,0.9673200249671936,1,108874786.519407
29.855579376220703,77.101348,2.6500000953674316,201.629257,2021-06-14,0.9566190242767334,3,108874786.329293
29.855203,77.10094451904297,2.690000057220459,201.625671,2021-06-14,0.9879130125045776,3,108874786.321027
29.85411262512207,77.090818,2.5799999237060547,202.088043,2021-06-14,0.9779059886932373,2,108874786.259036
29.85419273376465,77.08269500732422,2.7699999809265137,202.116821,2021-06-14,0.9516059756278992,1,108874786.453283
29.851564407348633,77.079862,2.799999952316284,202.279877,2021-06-14,0.9527699947357178,1,108874786.395421
29.851434,77.096918,2.619999885559082,202.061905,2021-06-14,0.9652180075645447,3,108874786.238376
29.851057052612305,77.096515,2.7300000190734863,201.875458,2021-06-14,0.9870290160179138,3,108874786.230112
29.85040283203125,77.042601,2.4700000286102295,201.219971,2021-06-18,0.9918220043182373,5,109214810.361049
29.849549,77.094903,2.7300000190734863,202.137665,2021-06-14,0.9778770208358765,3,108874786.197056
29.849292755126953,77.041363,2.4700000286102295,201.052048,2021-06-18,0.9632689952850342,5,109214810.336253
29.848419,77.093693,2.7300000190734863,201.717102,2021-06-14,0.9640589952468872,3,108874786.172264
29.848552703857422,77.076635,2.619999885559082,201.821136,2021-06-14,0.9636049866676331,1,108874786.329293
29.84808349609375,77.084365,2.690000057220459,202.305984,2021-06-14,0.9568750262260437,2,108874786.126812
29.848041534423828,77.093289,2.799999952316284,201.711349,2021-06-14,0.9745780229568481,3,108874786.164
29.847665,77.092886,2.6500000953674316,201.680756,2021-06-14,0.9797719717025757,3,108874786.155736
29.847289,77.092482,2.5799999237060547,201.621658,2021-06-14,0.9520779848098755,3,108874786.147472
29.846912384033203,77.092078,2.690000057220459,201.698578,2021-06-14,0.9874939918518066,3,108874786.139208
29.846534729003906,77.091674,2.7300000190734863,201.69931030273438,2021-06-14,0.986536979675293,3,108874786.130944
29.846158981323242,77.091269,2.690000057220459,201.737335,2021-06-14,0.952580988407135,3,108874786.12268
29.845233,77.099986,2.390000104904175,201.666901,2021-06-14,0.9758300185203552,5,108874786.552463
29.844859,77.099579,2.430000066757202,201.687607,2021-06-14,0.9907839894294739,5,108874786.544199
29.844484329223633,77.099173,2.430000066757202,201.591644,2021-06-14,0.9924309849739075,5,108874786.535935
29.84427833557129,77.089247,2.799999952316284,202.1877899169922,2021-06-14,0.957065999507904,3,108874786.08136
29.8441104888916,77.098767,2.4700000286102295,201.49205017089844,2021-06-14,0.9823449850082397,5,108874786.527671
29.843734741210938,77.098361,2.4700000286102295,201.49530029296875,2021-06-14,0.9802330136299133,5,108874786.519407
29.842986,77.097549,2.8399999141693115,200.820877,2021-06-14,0.9511640071868896,5,108874786.502878
29.841861724853516,77.096331,2.4700000286102295,201.418152,2021-06-14,0.9873120188713074,5,108874786.47808
29.841697692871094,77.07747650146484,2.619999885559082,201.664246,2021-06-14,0.9505640268325806,2,108874785.986324
29.841487,77.095925,2.430000066757202,201.427582,2021-06-14,0.9781439900398254,5,108874786.469814
29.84111213684082,77.09552001953125,2.4700000286102295,201.415619,2021-06-14,0.9898920059204102,5,108874786.461548
29.83998680114746,77.094304,2.5399999618530273,201.475647,2021-06-14,0.9612640142440796,5,108874786.43675
29.839399337768555,77.083978,2.7300000190734863,202.086426,2021-06-14,0.9828870296478271,3,108874785.973928
29.839236,77.093494,2.4700000286102295,201.498215,2021-06-14,0.9672579765319824,5,108874786.420218
29.839130401611328,77.066559,2.619999885559082,201.620911,2021-06-14,0.964139997959137,1,108874786.12268
29.83885955810547,77.09308624267578,2.509999990463257,201.545654,2021-06-14,0.961430013179779,5,108874786.411952
29.838485,77.092685,2.4700000286102295,201.462341,2021-06-14,0.9883689880371094,5,108874786.403686
29.837733,77.091877,2.390000104904175,201.587662,2021-06-14,0.9599260091781616,5,108874786.387154
29.837594985961914,77.100667,2.430000066757202,201.648422,2021-06-14,0.9778259992599487,6,108874786.424351
29.837583,77.073017,2.690000057220459,200.977814,2021-06-14,0.9814040064811707,2,108874785.89542
29.836782455444336,77.081137,2.690000057220459,201.760605,2021-06-14,0.9540600180625916,3,108874785.91608
29.836605072021484,77.090667,2.4700000286102295,201.876999,2021-06-14,0.9769859910011292,5,108874786.362356
29.836467742919922,77.099454,2.430000066757202,201.341003,2021-06-14,0.9825559854507446,6,108874786.399553
29.836462020874023,77.0718002319336,2.6500000953674316,200.92333984375,2021-06-14,0.9655849933624268,2,108874785.870628
29.836228,77.090263,2.430000066757202,201.894501,2021-06-14,0.9618160128593445,5,108874786.35409
29.835716247558594,77.098646,2.509999990463257,201.3086700439453,2021-06-14,0.9857119917869568,6,108874786.383021
29.83453941345215,77.078703,2.7300000190734863,201.423523,2021-06-14,0.9889280200004578,3,108874785.866496
29.8343448638916,77.088249,2.4700000286102295,201.885178,2021-06-14,0.9686999917030334,5,108874786.31276
29.834165573120117,77.078298,2.799999952316284,201.469086,2021-06-14,0.980430006980896,3,108874785.858232
29.833835,77.096629,2.4700000286102295,201.328613,2021-06-14,0.9812340140342712,6,108874786.341691
29.833791732788086,77.077893,2.619999885559082,201.749207,2021-06-14,0.98614901304245,3,108874785.849968
29.831597,77.066539,2.7699999809265137,200.816727,2021-06-14,0.9699000120162964,2,108874785.763196
29.831172943115234,77.075059,2.619999885559082,201.404327,2021-06-14,0.9697700142860413,3,108874785.79212
29.830951690673828,77.084626,2.619999885559082,202.062546,2021-06-14,0.9787150025367737,5,108874786.238375
29.831222,77.066135,2.7300000190734863,200.782623,2021-06-14,0.9549009799957275,2,108874785.754932
29.830931,77.04872131347656,2.5799999237060547,199.903015,2021-06-14,0.9509699940681458,0,108874785.903684
29.830198287963867,77.083821,2.5399999618530273,201.765137,2021-06-14,0.9860730171203613,5,108874786.221847
29.829821,77.083418,2.509999990463257,201.770828,2021-06-14,0.9743639826774597,5,108874786.213583
29.829675,77.073443,2.7699999809265137,201.376648,2021-06-14,0.9817050099372864,3,108874785.759064
29.829444,77.08301544189453,2.430000066757202,201.751465,2021-06-14,0.9708009958267212,5,108874786.205319
29.829299926757812,77.073039,2.5799999237060547,201.349991,2021-06-14,0.9710639715194702,3,108874785.7508
29.82906723022461,77.082612,2.4700000286102295,201.5563201904297,2021-06-14,0.9760169982910156,5,108874786.197055
29.828935,77.091394,2.4700000286102295,201.126099,2021-06-14,0.971563994884491,6,108874786.234243
29.828689575195312,77.082209,2.390000104904175,201.536362,2021-06-14,0.9706540107727051,5,108874786.188791
29.82855796813965,77.090992,2.5399999618530273,201.2502899169922,2021-06-14,0.9706370234489441,6,108874786.225979
29.828365325927734,77.100295,2.509999990463257,201.107788,2021-06-14,0.967087984085083,8,108874786.664027
29.828313,77.081805,2.4700000286102295,201.531982,2021-06-14,0.9826930165290833,5,108874786.180527
29.82798957824707,77.099889,2.319999933242798,201.205597,2021-06-14,0.9570019841194153,8,108874786.655763
29.82822036743164,77.062909,2.7699999809265137,200.637604,2021-06-14,0.9766089916229248,2,108874785.68882
29.82592010498047,77.08817291259766,2.4700000286102295,200.967941,2021-06-14,0.9911760091781616,6,108874786.168131
29.826226,77.03494262695312,2.319999933242798,200.080215,2021-06-18,0.9663069844245911,8,109214810.311455
29.825857162475586,77.034528,2.319999933242798,200.375946,2021-06-18,0.9558209776878357,8,109214810.303189
29.82548713684082,77.034115,2.359999895095825,200.359482,2021-06-18,0.9618949890136719,8,109214810.294923
29.825214385986328,77.059684,2.880000114440918,200.514008,2021-06-14,0.9537069797515869,2,108874785.622708
29.824838638305664,77.059281,2.7300000190734863,200.574646,2021-06-14,0.9617800116539001,2,108874785.614444
29.824546813964844,77.077766,2.430000066757202,201.020905,2021-06-14,0.9839410185813904,5,108874786.097887
29.825117111206055,77.033702,2.319999933242798,200.305481,2021-06-18,0.975970983505249,8,109214810.286657
29.824748,77.03328704833984,2.390000104904175,200.349136,2021-06-18,0.9524099826812744,8,109214810.278391
29.824378,77.032878,2.390000104904175,200.007523,2021-06-18,0.9513199925422668,8,109214810.270125
29.823795318603516,77.076957,2.4700000286102295,201.025803,2021-06-14,0.9903290271759033,5,108874786.081359
29.823659896850586,77.085747,2.430000066757202,200.833740234375,2021-06-14,0.991346001625061,6,108874786.118547
29.823667526245117,77.066991,2.5799999237060547,200.885666,2021-06-14,0.9637259840965271,3,108874785.62684
29.823419,77.076552,2.509999990463257,200.893417,2021-06-14,0.9741439819335938,5,108874786.073095
29.823284149169922,77.085343,2.509999990463257,200.852234,2021-06-14,0.9859920144081116,6,108874786.110283
29.823118209838867,77.09461212158203,2.5799999237060547,200.497269,2021-06-14,0.978115975856781,8,108874786.548331
29.824008,77.032466,2.2799999713897705,200.088455,2021-06-18,0.9625890254974365,8,109214810.261859
29.823335,77.057668,2.7300000190734863,200.793945,2021-06-14,0.960640013217926,2,108874785.581388
29.822959,77.057264,2.6500000953674316,200.804398,2021-06-14,0.968284010887146,2,108874785.573124
29.822668075561523,77.075743,2.4700000286102295,201.020554,2021-06-14,0.9828010201454163,5,108874786.056567
29.822532,77.084534,2.4700000286102295,200.988525,2021-06-14,0.9872429966926575,6,108874786.093755
29.82289695739746,77.031234,2.359999895095825,200.069611,2021-06-18,0.9764530062675476,8,109214810.237061
29.822526,77.030824,2.359999895095825,200.210358,2021-06-18,0.974111020565033,8,109214810.228795
29.821916,77.074933,2.509999990463257,201.388733,2021-06-14,0.9892479777336121,5,108874786.040039
29.821779,77.083724,2.4700000286102295,200.846954,2021-06-14,0.9892820119857788,6,108874786.077227
29.821541,77.074528,2.430000066757202,200.997772,2021-06-14,0.9834520220756531,5,108874786.031775
29.82140350341797,77.08332061767578,2.7300000190734863,200.703995,2021-06-14,0.9573400020599365,6,108874786.068963
29.8217830657959,77.030006,2.319999933242798,200.318344,2021-06-18,0.9729290008544922,8,109214810.212263
29.8214111328125,77.029598,2.359999895095825,200.326279,2021-06-18,0.989808976650238,8,109214810.203997
29.821039,77.029191,2.319999933242798,200.428528,2021-06-18,0.984021008014679,8,109214810.195731
29.819901,77.08170318603516,2.509999990463257,200.486679,2021-06-14,0.9759650230407715,6,108874786.035907
29.819747,77.090957,2.5799999237060547,201.134094,2021-06-14,0.9598280191421509,8,108874786.473947
29.819032669067383,77.099038,2.390000104904175,200.215103,2021-06-14,0.984620988368988,11,108874786.494612
29.819919,77.027975,2.390000104904175,200.104736,2021-06-18,0.9677069783210754,8,109214810.170933
29.81954574584961,77.02757263183594,2.359999895095825,200.018143,2021-06-18,0.9774280190467834,8,109214810.162667
29.819198608398438,77.053227,2.7699999809265137,200.165939,2021-06-14,0.9513469934463501,2,108874785.49048
29.818622,77.089741,2.319999933242798,200.946808,2021-06-14,0.9923239946365356,8,108874786.449149
29.818822860717773,77.052823,2.7300000190734863,200.105194,2021-06-14,0.9833829998970032,2,108874785.482214
29.818543,77.071284,2.430000066757202,201.104462,2021-06-14,0.9747719764709473,5,108874785.965663
29.819171,77.027166,2.359999895095825,200.013962,2021-06-18,0.958503007888794,8,109214810.154401
29.817908,77.097821,2.390000104904175,200.341736,2021-06-14,0.9857670068740845,11,108874786.469814
29.818797,77.026763,2.430000066757202,199.898499,2021-06-18,0.9766659736633301,8,109214810.146135
29.818828,77.035656,2.319999933242798,199.941116,2021-06-18,0.9595230221748352,11,109214810.183332
29.818405151367188,77.061342,2.5799999237060547,200.666748,2021-06-14,0.9701259732246399,3,108874785.511144
29.817533493041992,77.097415,2.319999933242798,200.279572,2021-06-14,0.9581890106201172,11,108874786.461548
29.818422317504883,77.02635955810547,2.2799999713897705,200.040527,2021-06-18,0.9796839952468872,8,109214810.137869
29.817420959472656,77.070067,2.4700000286102295,201.033493,2021-06-14,0.9842290282249451,5,108874785.940871
29.81804656982422,77.025958,2.319999933242798,199.845612,2021-06-18,0.9596530199050903,8,109214810.129603
29.816783,77.096605,3.180000066757202,199.698746,2021-06-14,0.9507830142974854,11,108874786.445016
29.817047119140625,77.069662,2.430000066757202,200.771027,2021-06-14,0.9874879717826843,5,108874785.932607
29.816408157348633,77.09619903564453,2.319999933242798,200.282288,2021-06-14,0.9734259843826294,11,108874786.43675
29.816673278808594,77.069256,2.430000066757202,200.805481,2021-06-14,0.9775739908218384,5,108874785.924343
29.816958,77.033635,2.359999895095825,199.790863,2021-06-18,0.9808390140533447,11,109214810.142002
29.81692123413086,77.024752,2.390000104904175,199.816528,2021-06-18,0.9656270146369934,8,109214810.10481
29.816545486450195,77.02435302734375,2.2799999713897705,200.088181,2021-06-18,0.9687770009040833,8,109214810.096546
29.816583,77.033232,2.359999895095825,199.809814,2021-06-18,0.9893280267715454,11,109214810.133736
29.816191,77.049993,2.690000057220459,199.533875,2021-06-14,0.9562739729881287,2,108874785.424352
29.815832138061523,77.032428,2.359999895095825,199.920517,2021-06-18,0.9551950097084045,11,109214810.117206
29.815032,77.076428,2.509999990463257,200.801147,2021-06-14,0.9883800148963928,6,108874785.928475
29.814865112304688,77.085698,2.359999895095825,200.23233032226562,2021-06-14,0.9732469916343689,8,108874786.366489
29.815457,77.032026,2.319999933242798,200.002701,2021-06-18,0.9621260166168213,11,109214810.108942
29.814488,77.085295,2.319999933242798,200.291748,2021-06-14,0.9532589912414551,8,108874786.358223
29.814531326293945,77.094178,2.2799999713897705,200.35231018066406,2021-06-14,0.9660540223121643,11,108874786.39542
29.815041,77.022743,2.390000104904175,199.692429,2021-06-18,0.956180989742279,8,109214810.06349
29.814687,77.048375,2.6500000953674316,199.620377,2021-06-14,0.968176007270813,2,108874785.391288
29.814284,77.075617,2.430000066757202,200.872818,2021-06-14,0.9881439805030823,6,108874785.911947
29.81470489501953,77.031223,2.7699999809265137,201.294159,2021-06-18,0.9546869993209839,11,109214810.092414
29.814664840698242,77.022341,2.430000066757202,199.474945,2021-06-18,0.9538620114326477,8,109214810.055226
29.813893,77.056491,2.5799999237060547,199.668289,2021-06-14,0.9757459759712219,3,108874785.411953
29.813359,77.084086,2.359999895095825,200.145218,2021-06-14,0.9728270173072815,8,108874786.333425
29.814289,77.021939,2.390000104904175,199.329437,2021-06-18,0.9565849900245667,8,109214810.046962
29.813953399658203,77.030419,2.5399999618530273,199.69342041015625,2021-06-18,0.9524880051612854,11,109214810.075886
29.81351661682129,77.056087,2.690000057220459,199.781921,2021-06-14,0.9733210206031799,3,108874785.403687
29.812982,77.083684,2.319999933242798,200.171265,2021-06-14,0.9750699996948242,8,108874786.325159
29.813141,77.055682,2.7300000190734863,199.826462,2021-06-14,0.9757760167121887,3,108874785.395421
29.812934,77.065202,2.430000066757202,200.238358,2021-06-14,0.9591060280799866,5,108874785.841703
29.812228,77.082879,2.319999933242798,200.370789,2021-06-14,0.973022997379303,8,108874786.308627
29.812448501586914,77.028811,2.319999933242798,200.133972,2021-06-18,0.9830330014228821,11,109214810.04283
29.81167984008789,77.045136,2.7699999809265137,199.0138702392578,2021-06-14,0.9610459804534912,2,108874785.32516
29.811304092407227,77.044731,2.690000057220459,199.006638,2021-06-14,0.9773309826850891,2,108874785.316894
29.811063766479492,77.063178,2.509999990463257,200.316345,2021-06-14,0.9689019918441772,5,108874785.800383
29.81099510192871,77.036237,2.619999885559082,199.868805,2021-06-14,0.9693340063095093,1,108874785.502879
29.810929,77.044326,2.799999952316284,199.054626,2021-06-14,0.9747409820556641,2,108874785.308628
29.81034278869629,77.080866,2.359999895095825,200.585098,2021-06-14,0.9908419847488403,8,108874786.267299
29.810945,77.027198,2.319999933242798,200.129715,2021-06-18,0.9614689946174622,11,109214810.009774
29.810315,77.06237030029297,2.5399999618530273,200.072601,2021-06-14,0.9655749797821045,5,108874785.783855
29.810619,77.035833,2.619999885559082,199.9091796875,2021-06-14,0.9570969939231873,1,108874785.494613
29.809940338134766,77.06196594238281,2.4700000286102295,200.013962,2021-06-14,0.9767680168151855,5,108874785.775591
29.808505,77.087732,2.6500000953674316,200.151215,2021-06-14,0.959854006767273,11,108874786.263167
29.80845832824707,77.078854,2.390000104904175,200.138779,2021-06-14,0.9619029760360718,8,108874786.225979
29.808439254760742,77.060351,2.4700000286102295,200.015793,2021-06-14,0.9547420144081116,5,108874785.742535
29.808300018310547,77.069137,2.430000066757202,200.567429,2021-06-14,0.9502120018005371,6,108874785.779723
29.808081,77.078452,2.2799999713897705,200.220215,2021-06-14,0.962913990020752,8,108874786.217715
29.807751,77.086927,2.359999895095825,200.617157,2021-06-14,0.9874569773674011,11,108874786.246639
29.80806541442871,77.059948,2.4700000286102295,199.948792,2021-06-14,0.9546520113945007,5,108874785.734271
29.807327270507812,77.077646,2.690000057220459,200.571045,2021-06-14,0.9701070189476013,8,108874786.201187
29.807315,77.059141,2.430000066757202,199.492142,2021-06-14,0.9591249823570251,5,108874785.717743
29.806997299194336,77.086122,2.690000057220459,199.950882,2021-06-14,0.9712669849395752,11,108874786.230111
29.80661964416504,77.0857162475586,2.390000104904175,200.02005004882812,2021-06-14,0.9748820066452026,11,108874786.221847
29.806939,77.058738,2.4700000286102295,200.182236,2021-06-14,0.9719340205192566,5,108874785.709479
29.806573,77.07684326171875,2.5799999237060547,199.598923,2021-06-14,0.9651439785957336,8,108874786.184659
29.806564331054688,77.058335,2.509999990463257,200.079666,2021-06-14,0.9859219789505005,5,108874785.701215
29.806243,77.085317,2.430000066757202,200.058456,2021-06-14,0.9555270075798035,11,108874786.213583
29.806196212768555,77.076437,2.359999895095825,199.667831,2021-06-14,0.9659889936447144,8,108874786.176395
29.806188583374023,77.057932,2.5399999618530273,199.912125,2021-06-14,0.9628069996833801,5,108874785.692951
29.80605125427246,77.066716,19.18000030517578,197.621658,2021-06-14,0.9600669741630554,6,108874785.730139
29.805818557739258,77.076034,2.799999952316284,199.856689,2021-06-14,0.970097005367279,8,108874786.168131
29.80548858642578,77.084511,2.6500000953674316,199.948669,2021-06-14,0.9615179896354675,11,108874786.197055
29.805675506591797,77.066312,5.5,197.666656,2021-06-14,0.9652690291404724,6,108874785.721875
29.805437088012695,77.057126,2.430000066757202,199.1146697998047,2021-06-14,0.9740179777145386,5,108874785.676423
29.805299758911133,77.065909,2.9200000762939453,197.593033,2021-06-14,0.9890609979629517,6,108874785.713611
29.805066,77.075227,2.2799999713897705,199.628677,2021-06-14,0.9517260193824768,8,108874786.151603
29.804925,77.065505,3.25,197.673538,2021-06-14,0.9580249786376953,6,108874785.705347
29.80473518371582,77.083705,2.359999895095825,199.49440002441406,2021-06-14,0.983834981918335,11,108874786.180527
29.804689,77.074823,2.509999990463257,199.289917,2021-06-14,0.9821670055389404,8,108874786.143339
29.804357528686523,77.083302,2.5799999237060547,199.218338,2021-06-14,0.988165020942688,11,108874786.172263
29.895276,77.036904,2.9200000762939453,208.332169,2021-09-05,0.9551249742507935,6,116099783.433819
29.895034790039062,77.046212,3.6700000762939453,207.988693,2021-09-05,0.9623820185661316,8,116099783.871827
29.894901275634766,77.036498,2.6500000953674316,207.943527,2021-09-05,0.9532049894332886,6,116099783.425555
29.89468765258789,77.054717,2.690000057220459,206.790009,2021-09-05,0.9609169960021973,11,116099783.900758
29.89466094970703,77.045807,2.950000047683716,208.554764,2021-09-05,0.9581909775733948,8,116099783.863561
29.894677,77.027281,2.690000057220459,208.047379,2021-09-05,0.957306981086731,5,116099783.380103
29.8945255279541,77.036093,2.5399999618530273,207.894989,2021-09-05,0.953216016292572,6,116099783.417291
29.894284,77.045401,2.430000066757202,208.40003967285156,2021-09-05,0.9551380276679993,8,116099783.855295
29.894313,77.054312,2.5,207.102554,2021-09-05,0.9580109715461731,11,116099783.892492
29.893938064575195,77.053907,2.8399999141693115,207.077438,2021-09-05,0.9580450057983398,11,116099783.884226
29.893909,77.044996,2.430000066757202,208.711243,2021-09-05,0.9557120203971863,8,116099783.847029
29.893533,77.044591,2.5,208.791885,2021-09-05,0.9589149951934814,8,116099783.838763
29.893401,77.034878,2.4700000286102295,207.868057,2021-09-05,0.9518970251083374,6,116099783.392499
29.8931884765625,77.053098,9.25,207.223709,2021-09-05,0.9679160118103027,11,116099783.867694
29.893177032470703,77.025663,9.729999542236328,207.932602,2021-09-05,0.957656979560852,5,116099783.347047
29.89302635192871,77.034473,2.5399999618530273,207.784103,2021-09-05,0.9525910019874573,6,116099783.384235
29.892783,77.04377746582031,2.5,208.369431,2021-09-05,0.957427978515625,8,116099783.822231
29.892651,77.034068,2.5799999237060547,207.702637,2021-09-05,0.9574630260467529,6,116099783.375971
29.892407,77.043375,2.5399999618530273,208.425339,2021-09-05,0.9627580046653748,8,116099783.813965
29.892428,77.024852,2.5799999237060547,207.896973,2021-09-05,0.9541410207748413,5,116099783.330519
29.892276763916016,77.033663,2.5799999237060547,207.740082,2021-09-05,0.9581210017204285,6,116099783.367707
29.892032,77.04296875,2.430000066757202,208.478027,2021-09-05,0.9651179909706116,8,116099783.805699
29.892053,77.024448,2.5799999237060547,207.881622,2021-09-05,0.958728015422821,5,116099783.322255
29.891902,77.033258,2.5399999618530273,207.890503,2021-09-05,0.9515699744224548,6,116099783.359443
29.891656,77.042565,2.390000104904175,208.681396,2021-09-05,0.9550960063934326,8,116099783.797435
29.89152717590332,77.032854,3.5899999141693115,207.702591,2021-09-05,0.9634400010108948,6,116099783.351179
29.891281127929688,77.04216003417969,3.25,208.777588,2021-09-05,0.9566540122032166,8,116099783.789171
29.891152,77.032448,2.5399999618530273,207.603561,2021-09-05,0.9683210253715515,6,116099783.342915
29.890906,77.041755,3.2899999618530273,208.785477,2021-09-05,0.9593669772148132,8,116099783.780907
29.89052963256836,77.04135131835938,3.140000104904175,209.483154,2021-09-05,0.9560189843177795,8,116099783.772643
29.890155,77.040944,2.5799999237060547,208.115067,2021-09-05,0.9554889798164368,8,116099783.764379
29.890178680419922,77.022424,2.4700000286102295,206.879944,2021-09-05,0.950751006603241,5,116099783.280935
29.889808654785156,77.049451,7.559999942779541,207.775406,2021-09-05,0.9586730003356934,11,116099783.793303
29.889779,77.040539,2.6500000953674316,208.154327,2021-09-05,0.9548730254173279,8,116099783.756115
29.889653,77.03083038330078,3.0299999713897705,207.267654,2021-09-05,0.9588170051574707,6,116099783.309859
29.889405,77.040136,9.880000114440918,207.819412,2021-09-05,0.9585899710655212,8,116099783.747851
29.889434,77.049045,3.930000066757202,208.093475,2021-09-05,0.963591992855072,11,116099783.785039
29.889059,77.04863739013672,6.320000171661377,208.609634,2021-09-05,0.9592639803886414,11,116099783.776775
29.889279,77.030425,2.5399999618530273,207.432434,2021-09-05,0.9501739740371704,6,116099783.301595
29.889028549194336,77.039728,2.5399999618530273,207.807755,2021-09-05,0.9517139792442322,8,116099783.739587
29.888904,77.03002166748047,2.7300000190734863,207.541138,2021-09-05,0.9515609741210938,6,116099783.293331
29.888683319091797,77.048234,2.5399999618530273,208.599213,2021-09-05,0.9615749716758728,11,116099783.768511
29.88852882385254,77.029616,2.5399999618530273,207.389709,2021-09-05,0.9534379839897156,6,116099783.285067
29.888278,77.038918,2.7300000190734863,207.396713,2021-09-05,0.9507629871368408,8,116099783.723059
29.888307,77.047829,2.799999952316284,208.256775,2021-09-05,0.9662020206451416,11,116099783.760247
29.888154983520508,77.029211,3.890000104904175,207.626602,2021-09-05,0.9594640135765076,6,116099783.276803
29.887931,77.019998,3.180000066757202,207.678207,2021-09-05,0.9536769986152649,5,116099783.231351
29.887779235839844,77.028807,2.9200000762939453,209.185364,2021-09-05,0.9589490294456482,6,116099783.268539
29.887557,77.0470199584961,4.260000228881836,209.452072,2021-09-05,0.9561740159988403,11,116099783.743719
29.887556076049805,77.019593,3.3299999237060547,208.274796,2021-09-05,0.954138994216919,5,116099783.223087
29.887405395507812,77.028403,2.8399999141693115,209.257812,2021-09-05,0.9656280279159546,6,116099783.260275
29.887181,77.046614,2.6500000953674316,208.29660034179688,2021-09-05,0.9654759764671326,11,116099783.735455
29.886807,77.046212,15.430000305175781,208.281876,2021-09-05,0.9576399922370911,11,116099783.727191
29.887181,77.019189,3.440000057220459,207.632965,2021-09-05,0.9501100182533264,5,116099783.214823
29.887031,77.027998,2.690000057220459,209.346939,2021-09-05,0.9576399922370911,6,116099783.252011
29.88680648803711,77.018784,3.369999885559082,207.627243,2021-09-05,0.9555389881134033,5,116099783.206559
29.886432,77.045807,13.029999732971191,205.229614,2021-09-05,0.9751690030097961,11,116099783.718927
29.88605499267578,77.045399,9.25,206.07460021972656,2021-09-05,0.9654539823532104,11,116099783.710663
29.88602638244629,77.036488,11.489999771118164,204.554504,2021-09-05,0.962369978427887,8,116099783.673475
29.886056900024414,77.01797485351562,2.5799999237060547,207.855972,2021-09-05,0.9508979916572571,5,116099783.190031
29.885906219482422,77.026784,2.5799999237060547,207.029709,2021-09-05,0.9571319818496704,6,116099783.227219
29.885650634765625,77.036083,10.260000228881836,204.853806,2021-09-05,0.9684720039367676,8,116099783.665211
29.88568115234375,77.044998,24.68000030517578,209.372101,2021-09-05,0.9604610204696655,11,116099783.702399
29.885305404663086,77.04459381103516,12.800000190734863,208.76416015625,2021-09-05,0.9632890224456787,11,116099783.694135
29.885276,77.035681,19.809999,209.346878,2021-09-05,0.9614490270614624,8,116099783.656947
29.88530731201172,77.017167,3.549999952316284,208.459824,2021-09-05,0.9534450173377991,5,116099783.173503
29.884929,77.044183,2.9200000762939453,210.257965,2021-09-05,0.9640690088272095,11,116099783.685871
29.884931564331055,77.016762,2.5799999237060547,207.90357971191406,2021-09-05,0.9581990242004395,5,116099783.165239
29.884782,77.025575,19.729999542236328,210.093597,2021-09-05,0.9550729990005493,6,116099783.202427
29.884523391723633,77.034866,3.890000104904175,207.917236,2021-09-05,0.9675890207290649,8,116099783.640419
29.884553909301758,77.043778,2.8399999141693115,210.506073,2021-09-05,0.9645370244979858,11,116099783.677607
29.884178161621094,77.043372,2.690000057220459,208.283707,2021-09-05,0.9628180265426636,11,116099783.669343
29.88440704345703,77.025171,20.81999969482422,208.703705,2021-09-05,0.9591379761695862,6,116099783.194163
29.88414764404297,77.03446197509766,2.5,207.941605,2021-09-05,0.9645699858665466,8,116099783.632155
29.88418197631836,77.015953,2.990000009536743,208.907608,2021-09-05,0.9527149796485901,5,116099783.148711
29.884032,77.02476501464844,17.40999984741211,207.153976,2021-09-05,0.9565809965133667,6,116099783.185899
29.883803,77.042966,2.5799999237060547,208.359833,2021-09-05,0.9715589880943298,11,116099783.661079
29.883773,77.034055,2.6500000953674316,207.948166,2021-09-05,0.9568420052528381,8,116099783.623891
29.883807,77.015549,5.239999771118164,207.720764,2021-09-05,0.960316002368927,5,116099783.140447
29.883657455444336,77.024357,2.690000057220459,206.96051025390625,2021-09-05,0.9625700116157532,6,116099783.177635
29.883397,77.03365325927734,3.5899999141693115,208.16773986816406,2021-09-05,0.9603310227394104,8,116099783.615627
29.883426666259766,77.042561,2.5799999237060547,208.059921,2021-09-05,0.9584550261497498,11,116099783.652815
29.883052,77.042156,3.2200000286102295,209.218155,2021-09-05,0.9609259963035583,11,116099783.644551
29.88302230834961,77.033244,3.369999885559082,208.053635,2021-09-05,0.9563390016555786,8,116099783.607363
29.882676,77.041751,2.7300000190734863,209.717438,2021-09-05,0.9627419710159302,11,116099783.636287
29.882646,77.032839,2.950000047683716,207.784729,2021-09-05,0.9586179852485657,8,116099783.599099
29.882533,77.023144,3.6700000762939453,207.483475,2021-09-05,0.9540449976921082,6,116099783.152843
29.882301330566406,77.041345,3.3299999237060547,208.789932,2021-09-05,0.9629629850387573,11,116099783.628023
29.882271,77.032433,2.619999885559082,207.817444,2021-09-05,0.964946985244751,8,116099783.590835
29.881925582885742,77.04093933105469,3.0999999046325684,208.254639,2021-09-05,0.9650880098342896,11,116099783.619759
29.882307052612305,77.013934,19.100000381469727,207.772461,2021-09-05,0.9562510251998901,5,116099783.107391
29.881896,77.032028,3.0299999713897705,207.587448,2021-09-05,0.9553269743919373,8,116099783.582571
29.881932,77.013526,4.710000038146973,208.402283,2021-09-05,0.9590569734573364,5,116099783.099127
29.881549835205078,77.040534,2.5,208.088791,2021-09-05,0.9700459837913513,11,116099783.611495
29.881519317626953,77.031622,2.5399999618530273,207.296646,2021-09-05,0.9625499844551086,8,116099783.574307
29.88155746459961,77.013121,2.6500000953674316,207.502625,2021-09-05,0.9593960046768188,5,116099783.090863
29.881175,77.040129,2.430000066757202,208.0097198486328,2021-09-05,0.9660369753837585,11,116099783.603231
29.881145477294922,77.031217,2.4700000286102295,207.552063,2021-09-05,0.9647420048713684,8,116099783.566043
29.881181716918945,77.012716,2.619999885559082,207.482132,2021-09-05,0.9542239904403687,5,116099783.082599
29.881032943725586,77.021525,2.6500000953674316,207.858078,2021-09-05,0.9591720104217529,6,116099783.119787
29.880769729614258,77.030812,5.199999809265137,207.740662,2021-09-05,0.9519760012626648,8,116099783.557779
29.880799,77.039723,2.5,207.909149,2021-09-05,0.9584640264511108,11,116099783.594967
29.880807,77.012312,2.690000057220459,207.511932,2021-09-05,0.9552339911460876,5,116099783.074335
29.880658,77.021121,2.5399999618530273,207.737717,2021-09-05,0.9515789747238159,6,116099783.111523
29.88042449951172,77.039318,2.5399999618530273,207.91098022460938,2021-09-05,0.9564880132675171,11,116099783.586703
29.880393981933594,77.030407,6.699999809265137,207.734161,2021-09-05,0.9535149931907654,8,116099783.549515
29.88028335571289,77.020716,2.5399999618530273,207.987152,2021-09-05,0.9595119953155518,6,116099783.103259
29.880048751831055,77.038912,2.5799999237060547,207.950592,2021-09-05,0.9630860090255737,11,116099783.578439
29.880057,77.011502,2.5799999237060547,207.791443,2021-09-05,0.956965982913971,5,116099783.057807
29.879907608032227,77.020312,3.0299999713897705,208.566864,2021-09-05,0.9630910158157349,6,116099783.094995
29.87967300415039,77.038507,2.5399999618530273,207.91773986816406,2021-09-05,0.9634310007095337,11,116099783.570175
29.879298,77.038101,2.5399999618530273,207.751404,2021-09-05,0.9664480090141296,11,116099783.561911
29.879533,77.01991271972656,13.220000267028809,208.699707,2021-09-05,0.9591220021247864,6,116099783.086731
29.87930679321289,77.010693,2.5,207.628296,2021-09-05,0.9556149840354919,5,116099783.041279
29.87915802001953,77.019503,3.180000066757202,209.475952,2021-09-05,0.9585580229759216,6,116099783.078467
29.878923416137695,77.037696,2.5799999237060547,207.621399,2021-09-05,0.9708120226860046,11,116099783.553647
29.87889289855957,77.0287857055664,10.260000228881836,206.617432,2021-09-05,0.9550420045852661,8,116099783.516459
29.878932,77.010289,2.6500000953674316,207.579636,2021-09-05,0.9567319750785828,5,116099783.033014
29.878783,77.019098,2.5399999618530273,208.322983,2021-09-05,0.9579769968986511,6,116099783.070203
29.878517150878906,77.028378,2.5,206.872574,2021-09-05,0.9628260135650635,8,116099783.508195
29.878547,77.03729248046875,2.5399999618530273,207.469147,2021-09-05,0.955901026725769,11,116099783.545383
29.878171920776367,77.036885,2.4700000286102295,207.620087,2021-09-05,0.9635069966316223,11,116099783.537119
29.878408432006836,77.018694,3.5899999141693115,208.762909,2021-09-05,0.9507009983062744,6,116099783.061939
29.878142,77.027973,2.5399999618530273,206.764526,2021-09-05,0.9575939774513245,8,116099783.499931
29.878182,77.00948333740234,2.5399999618530273,207.360626,2021-09-05,0.9545300006866455,5,116099783.016482
29.877767,77.027567,2.4700000286102295,206.581421,2021-09-05,0.9501969814300537,8,116099783.491667
29.877807,77.009075,2.619999885559082,207.242996,2021-09-05,0.9648230075836182,5,116099783.008216
29.877658,77.017884,2.5799999237060547,208.092682,2021-09-05,0.9623910188674927,6,116099783.045411
29.877391815185547,77.027162,2.5399999618530273,206.685287,2021-09-05,0.960282027721405,8,116099783.483403
29.877421,77.036073,2.390000104904175,207.226791,2021-09-05,0.9688209891319275,11,116099783.520591
29.877046,77.035668,2.430000066757202,207.077805,2021-09-05,0.9557200074195862,11,116099783.512327
29.877431869506836,77.008671,6.170000076293945,207.589279,2021-09-05,0.9536389708518982,5,116099782.99995
29.877283096313477,77.017482,12.949999809265137,207.883545,2021-09-05,0.9586020112037659,6,116099783.037147
29.877017,77.026756,2.5,206.760498,2021-09-05,0.951878011226654,8,116099783.475139
29.876908,77.01707458496094,2.5799999237060547,207.86322021484375,2021-09-05,0.9664919972419739,6,116099783.028881
29.876671,77.035262,2.390000104904175,207.094284,2021-09-05,0.9520429968833923,11,116099783.504063
29.876641,77.026351,2.950000047683716,207.442825,2021-09-05,0.9564819931983948,8,116099783.466875
29.876533,77.01667022705078,2.5399999618530273,207.735535,2021-09-05,0.9680989980697632,6,116099783.020615
29.876296,77.034857,2.5,207.212296,2021-09-05,0.9632400274276733,11,116099783.495799
29.876266479492188,77.025946,3.3299999237060547,207.111572,2021-09-05,0.955079972743988,8,116099783.458611
29.876306533813477,77.007457,3.440000057220459,207.721237,2021-09-05,0.9537709951400757,5,116099782.975152
29.876157760620117,77.01626586914062,2.5399999618530273,207.573608,2021-09-05,0.9500719904899597,6,116099783.012349
29.875891,77.02554321289062,2.390000104904175,207.172241,2021-09-05,0.962673008441925,8,116099783.450347
29.87592124938965,77.034452,3.069999933242798,207.382782,2021-09-05,0.9699410200119019,11,116099783.487535
29.875932,77.007052,3.5899999141693115,207.259949,2021-09-05,0.9554719924926758,5,116099782.966886
29.875783,77.015861,2.990000009536743,207.701813,2021-09-05,0.950348973274231,6,116099783.004083
29.875545,77.034046,4.150000095367432,206.898361,2021-09-05,0.9683520197868347,11,116099783.479271
29.875516,77.025135,2.4700000286102295,207.465042,2021-09-05,0.9549949765205383,8,116099783.442083
29.87555694580078,77.00665283203125,11.489999771118164,207.173553,2021-09-05,0.9563249945640564,5,116099782.95862
29.875408172607422,77.015457,2.880000114440918,209.098633,2021-09-05,0.9593020081520081,6,116099782.995817
29.87516975402832,77.03363800048828,2.5399999618530273,206.795425,2021-09-05,0.9610610008239746,11,116099783.471007
29.875182,77.006245,8.949999809265137,207.126617,2021-09-05,0.9538509845733643,5,116099782.950354
29.875033,77.015052,3.6700000762939453,207.669342,2021-09-05,0.9578880071640015,6,116099782.987551
29.874766,77.024325,2.430000066757202,207.625656,2021-09-05,0.9525079727172852,8,116099783.425555
29.874795,77.033235,2.4700000286102295,206.867294,2021-09-05,0.9633619785308838,11,116099783.462743
29.874807357788086,77.005841,10.739999771118164,208.009964,2021-09-05,0.9543390274047852,5,116099782.942088
29.874658,77.014648,6.289999961853027,207.232193,2021-09-05,0.9620500206947327,6,116099782.979285
29.874420166015625,77.03282928466797,2.430000066757202,207.069931,2021-09-05,0.9598979949951172,11,116099783.454479
29.874391,77.02391815185547,3.5899999141693115,207.990448,2021-09-05,0.9583879709243774,8,116099783.417291
29.874282836914062,77.014243,2.5799999237060547,207.171448,2021-09-05,0.9627860188484192,6,116099782.971019
29.874045,77.032424,2.5,207.000229,2021-09-05,0.9626340270042419,11,116099783.446215
29.87401580810547,77.023515,2.9200000762939453,209.298126,2021-09-05,0.9540249705314636,8,116099783.409027
29.873908,77.013839,5.239999771118164,207.98406982421875,2021-09-05,0.9612659811973572,6,116099782.962753
29.873641,77.02310943603516,3.549999952316284,208.512863,2021-09-05,0.9601759910583496,8,116099783.400763
29.87367057800293,77.032019,2.5,207.176559,2021-09-05,0.9715740084648132,11,116099783.437951
29.873683,77.004625,4.829999923706055,206.983673,2021-09-05,0.9579399824142456,5,116099782.91729
29.873294830322266,77.031614,2.430000066757202,207.031662,2021-09-05,0.9645659923553467,11,116099783.429687
29.873533248901367,77.013433,2.5,206.9752197265625,2021-09-05,0.9570119976997375,6,116099782.954487
29.873266220092773,77.022705078125,3.369999885559082,208.089752,2021-09-05,0.9615640044212341,8,116099783.392499
29.873308181762695,77.00421905517578,2.7699999809265137,207.009537,2021-09-05,0.9586889743804932,5,116099782.909024
29.8729190826416,77.031209,2.430000066757202,207.049896,2021-09-05,0.9527329802513123,11,116099783.421423
29.872891,77.02230072021484,3.4000000953674316,208.569794,2021-09-05,0.9604970216751099,8,116099783.384235
29.872933,77.00381469726562,2.5799999237060547,206.768677,2021-09-05,0.9604309797286987,5,116099782.900758
29.872783,77.012624,2.5399999618530273,207.244141,2021-09-05,0.9569690227508545,6,116099782.937955
29.872516,77.021896,4.409999847412109,208.1813201904297,2021-09-05,0.9521530270576477,8,116099783.375971
29.87254524230957,77.030804,2.5,207.431335,2021-09-05,0.9658340215682983,11,116099783.413159
29.872169494628906,77.030399,2.5399999618530273,207.492538,2021-09-05,0.964775025844574,11,116099783.404895
29.872558,77.003412,6.769999980926514,206.675476,2021-09-05,0.9529500007629395,5,116099782.892492
29.872407913208008,77.01222229003906,2.5,207.261185,2021-09-05,0.955748975276947,6,116099782.929689
29.872141,77.02149200439453,2.4700000286102295,207.550751,2021-09-05,0.9530869722366333,8,116099783.367707
29.872184,77.00300598144531,2.5,207.033264,2021-09-05,0.9547209739685059,5,116099782.884226
29.872034072875977,77.011815,2.6500000953674316,207.134918,2021-09-05,0.9657139778137207,6,116099782.921423
29.871795,77.029994,2.5399999618530273,207.399918,2021-09-05,0.9574210047721863,11,116099783.396631
29.871767044067383,77.021087,8.869999885559082,208.008728,2021-09-05,0.953220009803772,8,116099783.359443
29.871809005737305,77.002603,7.369999885559082,207.137283,2021-09-05,0.9634609818458557,5,116099782.87596
29.871659,77.01141357421875,2.9200000762939453,207.077377,2021-09-05,0.955718994140625,6,116099782.913157
29.87141990661621,77.029589,2.619999885559082,207.291763,2021-09-05,0.9597899913787842,11,116099783.388367
29.871392,77.020681,3.4000000953674316,208.817307,2021-09-05,0.9625579714775085,8,116099783.351179
29.871045,77.029184,2.5,207.453568,2021-09-05,0.9678630232810974,11,116099783.380103
29.871434,77.002198,7.039999961853027,206.921021,2021-09-05,0.9587640166282654,5,116099782.867694
29.87128448486328,77.011006,2.6500000953674316,207.023712,2021-09-05,0.9507359862327576,6,116099782.904891
29.871017456054688,77.020277,2.7300000190734863,209.637131,2021-09-05,0.9565730094909668,8,116099783.342915
29.870908737182617,77.010601,2.799999952316284,207.525345,2021-09-05,0.9549090266227722,6,116099782.896625
29.870670318603516,77.028779,2.5399999618530273,207.427841,2021-09-05,0.9634209871292114,11,116099783.371839
29.870641708374023,77.019872,2.5399999618530273,207.75502014160156,2021-09-05,0.9589409828186035,8,116099783.334651
29.870685,77.001387,2.6500000953674316,206.689133,2021-09-05,0.9614179730415344,5,116099782.851162
29.870534896850586,77.010196,2.7699999809265137,206.789032,2021-09-05,0.9587550163269043,6,116099782.888359
29.87029457092285,77.028374,2.5799999237060547,207.432785,2021-09-05,0.9654660224914551,11,116099783.363575
29.870309829711914,77.000983,2.7699999809265137,206.743256,2021-09-05,0.951291024684906,5,116099782.842896
29.870159149169922,77.009792,2.5,206.748413,2021-09-05,0.9530280232429504,6,116099782.880093
29.869921,77.02796936035156,2.950000047683716,207.519775,2021-09-05,0.9655770063400269,11,116099783.355311
29.86978530883789,77.009387,2.5,206.888336,2021-09-05,0.9586700201034546,6,116099782.871827
29.869546,77.0275650024414,2.619999885559082,207.415573,2021-09-05,0.9720540046691895,11,116099783.347047
29.869518280029297,77.018659,7.0,207.628616,2021-09-05,0.950967013835907,8,116099783.309859
29.869561,77.000173,2.5399999618530273,206.332764,2021-09-05,0.9661870002746582,5,116099782.826364
29.86941146850586,77.008982,2.619999885559082,207.283981,2021-09-05,0.970071017742157,6,116099782.863561
29.869171142578125,77.02716064453125,2.5399999618530273,207.416443,2021-09-05,0.9709479808807373,11,116099783.338783
29.869035720825195,77.008578,2.6500000953674316,207.102432,2021-09-05,0.9540510177612305,6,116099782.855295
29.8687686920166,77.01785278320312,6.510000228881836,207.388107,2021-09-05,0.956072986125946,8,116099783.293331
29.868796,77.026756,2.5399999618530273,207.174698,2021-09-05,0.9774129986763,11,116099783.330519
29.868661,77.008173,2.619999885559082,207.101791,2021-09-05,0.9551230072975159,6,116099782.847029
29.868421,77.026351,2.430000066757202,206.956955,2021-09-05,0.9750530123710632,11,116099783.322255
29.868394,77.017445,2.5,207.095596,2021-09-05,0.9520260095596313,8,116099783.285067
29.868436813354492,76.99896240234375,10.4399995803833,206.513977,2021-09-05,0.9549750089645386,5,116099782.801567
29.868287,77.007768,2.6500000953674316,206.917374,2021-09-05,0.9580069780349731,6,116099782.838763
29.868047,77.025947,3.819999933242798,207.212097,2021-09-05,0.9623460173606873,11,116099783.313991
29.868019,77.01703643798828,2.5,207.072006,2021-09-05,0.9556360244750977,8,116099783.276803
29.86806297302246,76.998555,10.710000038146973,206.322327,2021-09-05,0.9500759840011597,5,116099782.793303
29.86791229248047,77.007363,2.5399999618530273,206.942108,2021-09-05,0.9662989974021912,6,116099782.830497
29.867644,77.016636,2.5399999618530273,207.101303,2021-09-05,0.9570220112800598,8,116099783.268539
29.867671966552734,77.025542,2.430000066757202,207.110764,2021-09-05,0.9652479887008667,11,116099783.305727
29.867297,77.025138,2.5,207.248642,2021-09-05,0.9608070254325867,11,116099783.297463
29.867536544799805,77.006958,2.5399999618530273,206.898849,2021-09-05,0.957735002040863,6,116099782.822231
29.867271423339844,77.016237,20.81999969482422,207.169342,2021-09-05,0.9580309987068176,8,116099783.260275
29.867162704467773,77.006553,2.5399999618530273,206.855362,2021-09-05,0.9508370161056519,6,116099782.813965
29.866923,77.024733,2.5399999618530273,207.270126,2021-09-05,0.9566249847412109,11,116099783.289199
29.86689567565918,77.015831,17.299999,207.014252,2021-09-05,0.9552739858627319,8,116099783.252011
29.866788,77.006148,2.5399999618530273,206.961838,2021-09-05,0.9599720239639282,6,116099782.805699
29.866519927978516,77.015423,2.5399999618530273,206.757141,2021-09-05,0.962244987487793,8,116099783.243747
29.866548,77.024329,2.5,207.201431,2021-09-05,0.9626849889755249,11,116099783.280935
29.866172790527344,77.023925,2.5399999618530273,207.139984,2021-09-05,0.9591280221939087,11,116099783.272671
29.866414,77.005743,2.619999885559082,206.632706,2021-09-05,0.9537850022315979,6,116099782.797435
29.866145,77.015018,2.619999885559082,206.6913299560547,2021-09-05,0.9598879814147949,8,116099783.235483
29.866039,77.005338,2.619999885559082,206.595749,2021-09-05,0.9516389966011047,6,116099782.789171
29.865798,77.02352142333984,2.5399999618530273,207.212585,2021-09-05,0.9670770168304443,11,116099783.264407
29.86577033996582,77.014614,2.5399999618530273,206.571701,2021-09-05,0.9625769853591919,8,116099783.227219
29.865665435791016,77.004933,2.5,206.366669,2021-09-05,0.9596880078315735,6,116099782.780907
29.865424,77.023116,2.5,207.239395,2021-09-05,0.9611639976501465,11,116099783.256143
29.865394592285156,77.01421356201172,2.5,206.758865,2021-09-05,0.9650629758834839,8,116099783.218955
29.86528968811035,77.004528,2.5399999618530273,206.437637,2021-09-05,0.9639790058135986,6,116099782.772643
29.865020751953125,77.013805,2.430000066757202,205.977112,2021-09-05,0.9598230123519897,8,116099783.210691
29.865049,77.022711,2.5399999618530273,207.145721,2021-09-05,0.9692850112915039,11,116099783.247879
29.86491584777832,77.004123,2.619999885559082,206.489441,2021-09-05,0.961417019367218,6,116099782.764379
29.864673614501953,77.022307,2.5,207.056122,2021-09-05,0.96253502368927,11,116099783.239615
29.86464500427246,77.013401,2.390000104904175,206.160675,2021-09-05,0.9572150111198425,8,116099783.202427
29.86454200744629,77.003718,2.5799999237060547,206.454865,2021-09-05,0.9565600156784058,6,116099782.756115
29.864299,77.021903,2.5799999237060547,206.929367,2021-09-05,0.9649839997291565,11,116099783.231351
29.86427116394043,77.012997,2.4700000286102295,206.241974,2021-09-05,0.9732409715652466,8,116099783.194163
29.864167,77.003313,2.4700000286102295,206.338623,2021-09-05,0.9555079936981201,6,116099782.747851
29.863896,77.012592,2.5,206.085663,2021-09-05,0.9525240063667297,8,116099783.185899
29.863925,77.021498,2.4700000286102295,206.840988,2021-09-05,0.9615749716758728,11,116099783.223087
29.863550186157227,77.021094,2.6500000953674316,206.798538,2021-09-05,0.9679589867591858,11,116099783.214823
29.863521,77.012188,2.4700000286102295,206.01206970214844,2021-09-05,0.9653249979019165,8,116099783.177635
29.863418,77.002503,2.5399999618530273,206.219955,2021-09-05,0.9561089873313904,6,116099782.731323
29.863175,77.02069091796875,2.5,206.866959,2021-09-05,0.9658709764480591,11,116099783.206559
29.86314582824707,77.011783,2.5,206.119019,2021-09-05,0.9575799703598022,8,116099783.169371
29.863044,77.002098,2.5,206.245697,2021-09-05,0.9502570033073425,6,116099782.723059
29.862771,77.011379,2.4700000286102295,206.003479,2021-09-05,0.9664850234985352,8,116099783.161107
29.862668991088867,77.001693,2.4700000286102295,206.604996,2021-09-05,0.9529820084571838,6,116099782.714795
29.862396240234375,77.010975,2.5,206.0009002685547,2021-09-05,0.9634190201759338,8,116099783.152843
29.862295150756836,77.001287,2.5799999237060547,206.232285,2021-09-05,0.9613360166549683,6,116099782.706531
29.862049102783203,77.019476,2.5399999618530273,206.780579,2021-09-05,0.9637370109558105,11,116099783.181767
29.862021,77.01056671142578,2.5399999618530273,205.921631,2021-09-05,0.9605839848518372,8,116099783.144579
29.861921310424805,77.000883,6.400000095367432,206.11380004882812,2021-09-05,0.9628469944000244,6,116099782.698267
29.861646,77.010166,2.5399999618530273,206.005402,2021-09-05,0.9597910046577454,8,116099783.136315
29.861675262451172,77.019072,2.5799999237060547,206.677338,2021-09-05,0.9641029834747314,11,116099783.173503
29.86130142211914,77.018668,2.5799999237060547,206.550217,2021-09-05,0.9700890183448792,11,116099783.165239
29.86154556274414,77.000477,2.5,206.099823,2021-09-05,0.9621300101280212,6,116099782.690003
29.861271,77.009761,2.5399999618530273,205.984055,2021-09-05,0.952314019203186,8,116099783.128051
29.86117172241211,77.000072,2.5799999237060547,205.946457,2021-09-05,0.9523249864578247,6,116099782.681739
29.860925674438477,77.018263,2.5,206.407166,2021-09-05,0.9694889783859253,11,116099783.156975
29.860896,77.009357,2.5,206.004303,2021-09-05,0.9547320008277893,8,116099783.119787
29.860797,76.999667,3.930000066757202,206.289505,2021-09-05,0.9580230116844177,6,116099782.673475
29.860551,77.017859,2.5,206.499161,2021-09-05,0.9697179794311523,11,116099783.148711
29.86052131652832,77.008952,2.4700000286102295,205.918655,2021-09-05,0.9605720043182373,8,116099783.111523
29.86017608642578,77.017454,2.5799999237060547,206.431458,2021-09-05,0.9702029824256897,11,116099783.140447
29.860423,76.999261,3.819999933242798,206.249252,2021-09-05,0.9630039930343628,6,116099782.665211
29.860145568847656,77.008548,2.430000066757202,205.982956,2021-09-05,0.9603559970855713,8,116099783.103259
29.860048294067383,76.99885559082031,2.5799999237060547,205.893448,2021-09-05,0.9563760161399841,6,116099782.656947
29.859801,77.01705169677734,2.5,206.509827,2021-09-05,0.9714369773864746,11,116099783.132183
29.859771,77.008143,2.5,205.953827,2021-09-05,0.9556369781494141,8,116099783.094995
29.85967254638672,76.998451,2.6500000953674316,205.874695,2021-09-05,0.9564099907875061,6,116099782.648683
29.859426498413086,77.016645,2.5799999237060547,206.224564,2021-09-05,0.9724149703979492,11,116099783.123919
29.859021,77.007335,2.4700000286102295,205.961212,2021-09-05,0.9616159796714783,8,116099783.078467
29.859051,77.016241,2.5799999237060547,206.108643,2021-09-05,0.9698150157928467,11,116099783.115655
29.858676,77.015836,2.5,206.133591,2021-09-05,0.9669589996337891,11,116099783.107391
29.858646392822266,77.00692749023438,2.5399999618530273,205.902664,2021-09-05,0.9532080292701721,8,116099783.070203
29.858301162719727,77.015432,2.619999885559082,206.197128,2021-09-05,0.9661989808082581,11,116099783.099127
29.858271,77.006526,2.4700000286102295,205.907669,2021-09-05,0.9593539834022522,8,116099783.061939
29.857896,77.006121,2.3499999046325684,205.990356,2021-09-05,0.9553059935569763,8,116099783.053675
29.857926,77.015027,2.619999885559082,206.07962036132812,2021-09-05,0.9670270085334778,11,116099783.090863
29.857551,77.014623,2.5399999618530273,206.086823,2021-09-05,0.9692059755325317,11,116099783.082599
29.857521057128906,77.005717,2.4700000286102295,205.957504,2021-09-05,0.9671869874000549,8,116099783.045411
29.857175,77.014218,2.4700000286102295,206.052490234375,2021-09-05,0.9581109881401062,11,116099783.074335
29.857146,77.005312,2.5799999237060547,206.039444,2021-09-05,0.9581149816513062,8,116099783.037147
29.856769561767578,77.004908,2.430000066757202,205.929871,2021-09-05,0.966618001461029,8,116099783.028881
29.856800079345703,77.013814,2.5399999618530273,206.197083,2021-09-05,0.9674580097198486,11,116099783.066071
29.856427,77.013413,16.440001,206.587646,2021-09-05,0.959201991558075,11,116099783.057807
29.856395,77.004503,2.5399999618530273,205.886566,2021-09-05,0.9541640281677246,8,116099783.020615
29.85605239868164,77.013009,16.620001,206.963409,2021-09-05,0.9537069797515869,11,116099783.049543
29.856019973754883,77.004099,2.5,205.912338,2021-09-05,0.953315019607544,8,116099783.012349
29.855676651000977,77.012604,16.739999771118164,206.34201049804688,2021-09-05,0.952892005443573,11,116099783.041279
29.855645,77.003694,2.619999885559082,206.148239,2021-09-05,0.9625110030174255,8,116099783.004083
29.855302,77.01219940185547,19.510000228881836,206.45223999023438,2021-09-05,0.9610360264778137,11,116099783.033014
29.855270385742188,77.00328826904297,2.5399999618530273,205.854935,2021-09-05,0.9584289789199829,8,116099782.995817
29.85492515563965,77.011791,2.5399999618530273,205.834534,2021-09-05,0.9740729928016663,11,116099783.024748
29.854894638061523,77.002885,2.430000066757202,205.965073,2021-09-05,0.9628580212593079,8,116099782.987551
29.854549407958984,77.011387,2.4700000286102295,205.940292,2021-09-05,0.9756720066070557,11,116099783.016482
29.854520797729492,77.002481,2.5,205.898071,2021-09-05,0.9630420207977295,8,116099782.979285
29.854145050048828,77.002076,2.390000104904175,205.631622,2021-09-05,0.9540129899978638,8,116099782.971019
29.854175,77.010982,2.4700000286102295,206.015274,2021-09-05,0.9753209948539734,11,116099783.008216
29.85379981994629,77.010578,2.619999885559082,206.172684,2021-09-05,0.9701390266418457,11,116099782.99995
29.853769302368164,77.001672,2.5,205.691498,2021-09-05,0.965923011302948,8,116099782.962753
29.853425,77.010173,2.5399999618530273,206.04335021972656,2021-09-05,0.9666550159454346,11,116099782.991684
29.853396,77.001268,3.7799999713897705,205.823822,2021-09-05,0.9560099840164185,8,116099782.954487
29.853021,77.000863,2.5,205.267303,2021-09-05,0.9565960168838501,8,116099782.946221
29.853050231933594,77.009769,2.5,206.07131958007812,2021-09-05,0.9699249863624573,11,116099782.983418
29.852675,77.009364,2.5399999618530273,205.753403,2021-09-05,0.9663649797439575,11,116099782.975152
29.852645874023438,77.00045776367188,7.75,205.446304,2021-09-05,0.9699730277061462,8,116099782.937955
29.852301,77.00895690917969,2.390000104904175,205.978897,2021-09-05,0.968280017375946,11,116099782.966886
29.852271,77.000054,2.4700000286102295,205.659149,2021-09-05,0.9602140188217163,8,116099782.929689
29.851896286010742,76.99964904785156,2.5399999618530273,205.510056,2021-09-05,0.9627439975738525,8,116099782.921423
29.851926,77.008556,2.430000066757202,206.089493,2021-09-05,0.9734140038490295,11,116099782.95862
29.851551055908203,77.008151,2.5799999237060547,206.025787,2021-09-05,0.9643440246582031,11,116099782.950354
29.851521,76.9992446899414,2.4700000286102295,205.5734100341797,2021-09-05,0.956866979598999,8,116099782.913157
29.851176,77.007747,2.6500000953674316,205.832321,2021-09-05,0.9638689756393433,11,116099782.942088
29.851146,76.998841,2.430000066757202,205.592697,2021-09-05,0.959306001663208,8,116099782.904891
29.850772,76.9984359741211,2.4700000286102295,205.328674,2021-09-05,0.9500880241394043,8,116099782.896625
29.850801467895508,77.007342,2.5,205.889969,2021-09-05,0.9668809771537781,11,116099782.933822
29.850425720214844,77.006938,2.5,205.939255,2021-09-05,0.9692699909210205,11,116099782.925556
29.850051,77.006533,2.430000066757202,205.873627,2021-09-05,0.97017502784729,11,116099782.91729
29.849677,77.006129,2.5,205.839874,2021-09-05,0.9734960198402405,11,116099782.909024
29.849302291870117,77.005724,2.4700000286102295,205.904785,2021-09-05,0.9708219766616821,11,116099782.900758
29.848987,77.012723,2.950000047683716,205.837296,2021-09-17,0.9853429794311523,2,117149626.402785
29.848926544189453,77.005321,5.579999923706055,205.813095,2021-09-05,0.9593110084533691,11,116099782.892492
29.84861183166504,77.013126,2.7300000190734863,205.719589,2021-09-17,0.9873679876327515,2,117149626.411049
29.848552,77.004915,2.5799999237060547,205.324554,2021-09-05,0.9503049850463867,11,116099782.884226
29.848178,77.004511,2.5399999618530273,205.439148,2021-09-05,0.9712219834327698,11,116099782.87596
29.847803115844727,77.004106,3.069999933242798,205.587463,2021-09-05,0.9656149744987488,11,116099782.867694
29.847428,77.003701,2.690000057220459,205.270905,2021-09-05,0.9702150225639343,11,116099782.859428
29.84705352783203,77.003299,10.180000305175781,205.08547973632812,2021-09-05,0.9599670171737671,11,116099782.851162
29.846679,77.002892,2.4700000286102295,205.100159,2021-09-05,0.9584959745407104,11,116099782.842896
29.846303939819336,77.002487,2.4700000286102295,205.16925048828125,2021-09-05,0.9655680060386658,11,116099782.83463
29.845930099487305,77.002082,2.4700000286102295,205.096466,2021-09-05,0.96036297082901,11,116099782.826364
29.845555,77.001678,2.5799999237060547,205.132736,2021-09-05,0.9723169803619385,11,116099782.818098
29.845181,77.001273,2.5,204.993439,2021-09-05,0.9644899964332581,11,116099782.809832
29.844806,77.000868,2.5,204.829819,2021-09-05,0.9688010215759277,11,116099782.801567
29.844431,77.000463,2.390000104904175,204.953812,2021-09-05,0.9640229940414429,11,116099782.793303
29.844115,77.017972,2.5799999237060547,206.029694,2021-09-17,0.9526559710502625,2,117149626.510217
29.844057083129883,77.000058,2.5,205.033508,2021-09-05,0.966717004776001,11,116099782.785039
29.844001,77.00945281982422,2.5399999618530273,205.669189,2021-09-17,0.9823039770126343,3,117149626.373861
29.843625,77.009856,19.25,205.382797,2021-09-17,0.9766790270805359,3,117149626.382125
29.84368324279785,76.999656,12.390000343322754,205.455063,2021-09-05,0.9681239724159241,11,116099782.776775
29.843308,76.999249,3.4000000953674316,205.152557,2021-09-05,0.9685869812965393,11,116099782.768511
29.842933654785156,76.998844,3.6700000762939453,205.211273,2021-09-05,0.9672790169715881,11,116099782.760247
29.842607498168945,76.998151,2.5,205.375793,2021-09-17,0.9714710116386414,5,117149626.634177
29.842559,76.998438,2.619999885559082,204.816956,2021-09-05,0.9607869982719421,11,116099782.751983
29.84223175048828,76.998555,3.069999933242798,205.938675,2021-09-17,0.9618740081787109,5,117149626.642441
29.842185,76.998033,2.619999885559082,204.847015,2021-09-05,0.959663987159729,11,116099782.743719
29.841856002807617,76.99896240234375,12.470000267028809,205.455276,2021-09-17,0.9607009887695312,5,117149626.650705
29.841483,76.999362,2.5,205.208725,2021-09-17,0.96288001537323,5,117149626.658969
29.841109,76.999766,3.4800000190734863,205.340195,2021-09-17,0.9602789878845215,5,117149626.667233
29.840734481811523,77.00016784667969,3.180000066757202,205.427811,2021-09-17,0.9626569747924805,5,117149626.675497
29.840360641479492,77.000574,2.619999885559082,205.256226,2021-09-17,0.9722719788551331,5,117149626.683761
29.839986,77.000977,2.5,205.137711,2021-09-17,0.9599050283432007,5,117149626.692025
29.839611053466797,77.001381,2.5,205.210327,2021-09-17,0.9576339721679688,5,117149626.700289
29.839237213134766,77.00178527832031,3.0999999046325684,205.207077,2021-09-17,0.9629769921302795,5,117149626.708553
29.838862,77.002189,2.5799999237060547,205.305878,2021-09-17,0.9618610143661499,5,117149626.716817
29.83848762512207,77.002592,2.950000047683716,205.341522,2021-09-17,0.9605219960212708,5,117149626.725081
29.838113,77.002996,3.549999952316284,205.459793,2021-09-17,0.9547230005264282,5,117149626.733345
29.837739,77.00340270996094,2.5799999237060547,205.422287,2021-09-17,0.9654719829559326,5,117149626.741609
29.837365,77.003804,2.5399999618530273,205.376343,2021-09-17,0.9666889905929565,5,117149626.749873
29.836991,77.004207,2.4700000286102295,205.118988,2021-09-17,0.951786994934082,5,117149626.758137
29.836616,77.004611,3.5899999141693115,205.250916,2021-09-17,0.9690260291099548,5,117149626.766401
29.835493087768555,77.005823,2.5399999618530273,204.070328,2021-09-17,0.9669129848480225,5,117149626.791197
29.834744,77.006631,2.5399999618530273,203.763885,2021-09-17,0.9525949954986572,5,117149626.807729
29.834741592407227,76.99800109863281,2.4700000286102295,205.019669,2021-09-17,0.9669690132141113,6,117149626.671365
29.834367,76.998404,2.5799999237060547,205.125534,2021-09-17,0.9681490063667297,6,117149626.679629
29.833995,77.007439,2.5,203.729584,2021-09-17,0.9702060222625732,5,117149626.824261
29.833993,76.998807,2.5799999237060547,204.965881,2021-09-17,0.966808021068573,6,117149626.687893
29.8336181640625,76.999211,3.3299999237060547,205.454575,2021-09-17,0.9636949896812439,6,117149626.696157
29.833620071411133,77.007843,2.5799999237060547,203.678619,2021-09-17,0.9584749937057495,5,117149626.832527
29.83324432373047,76.999615,2.7300000190734863,205.252151,2021-09-17,0.9527109861373901,6,117149626.704421
29.8332462310791,77.008247,2.5799999237060547,203.662918,2021-09-17,0.9647290110588074,5,117149626.840793
29.832871,77.008651,2.5799999237060547,203.531815,2021-09-17,0.9637870192527771,5,117149626.849059
29.832494735717773,77.000422,2.6500000953674316,205.127579,2021-09-17,0.9642429947853088,6,117149626.720949
29.832496643066406,77.009055,2.6500000953674316,203.414673,2021-09-17,0.9614710211753845,5,117149626.857325
29.832122,77.009459,2.5799999237060547,203.644806,2021-09-17,0.9714440107345581,5,117149626.865591
29.831748,77.009863,2.619999885559082,203.870209,2021-09-17,0.9731259942054749,5,117149626.873857
29.83174705505371,77.00122833251953,2.5399999618530273,205.221924,2021-09-17,0.9726279973983765,6,117149626.737477
29.831372,77.001633,2.4700000286102295,205.096436,2021-09-17,0.9635549783706665,6,117149626.745741
29.83137321472168,77.010267,2.7699999809265137,203.805649,2021-09-17,0.9683359861373901,5,117149626.882123
29.830998,77.010671,2.5799999237060547,203.486938,2021-09-17,0.9600830078125,5,117149626.890389
29.830998,77.002037,2.5399999618530273,205.120514,2021-09-17,0.9659370183944702,6,117149626.754005
29.830623626708984,77.011075,2.5,203.456833,2021-09-17,0.9593499898910522,5,117149626.898655
29.830623,77.002441,2.5399999618530273,205.057831,2021-09-17,0.9603909850120544,6,117149626.762269
29.830249,77.002845,2.7699999809265137,207.058441,2021-09-17,0.9701189994812012,6,117149626.770533
29.83024787902832,77.011481,7.820000171661377,204.261963,2021-09-17,0.9602959752082825,5,117149626.906921
29.82987403869629,77.011884,3.2899999618530273,204.425583,2021-09-17,0.9618859887123108,5,117149626.915187
29.829500198364258,77.012288,2.5799999237060547,204.128326,2021-09-17,0.968297004699707,5,117149626.923453
29.829125,77.012692,2.619999885559082,203.930756,2021-09-17,0.9643250107765198,5,117149626.931719
29.829121,77.004061,35.169998,205.875107,2021-09-17,0.956072986125946,6,117149626.79533
29.828750610351562,77.013096,2.5,204.139633,2021-09-17,0.968326985836029,5,117149626.939985
29.828751,77.00446319580078,3.630000114440918,204.123932,2021-09-17,0.961188018321991,6,117149626.803596
29.82837677001953,77.004864,2.690000057220459,204.896423,2021-09-17,0.9662669897079468,6,117149626.811862
29.828376,77.013501,2.4700000286102295,204.135834,2021-09-17,0.9648849964141846,5,117149626.948251
29.828001022338867,77.0052719116211,11.119999885559082,205.271942,2021-09-17,0.9684240221977234,6,117149626.820128
29.827626,77.014309,2.430000066757202,203.7367401123047,2021-09-17,0.967257022857666,5,117149626.964783
29.827628,77.005672,2.5399999618530273,205.232101,2021-09-17,0.9747220277786255,6,117149626.828394
29.827253341674805,77.006076,2.5799999237060547,204.96875,2021-09-17,0.9684829711914062,6,117149626.83666
29.827251434326172,77.014713,2.4700000286102295,203.7178497314453,2021-09-17,0.9679129719734192,5,117149626.973049
29.826877,77.015118,3.890000104904175,201.617584,2021-09-17,0.9580810070037842,5,117149626.981315
29.826879,77.00647735595703,2.5799999237060547,204.966202,2021-09-17,0.9693300127983093,6,117149626.844926
29.82650375366211,77.006884,2.5399999618530273,205.025314,2021-09-17,0.9576500058174133,6,117149626.853192
29.826501846313477,77.015522,2.4700000286102295,201.230515,2021-09-17,0.9622499942779541,5,117149626.989581
29.826129,77.007289,2.5399999618530273,205.646637,2021-09-17,0.9653549790382385,6,117149626.861458
29.826127,77.015926,2.799999952316284,201.288422,2021-09-17,0.9678570032119751,5,117149626.997847
29.82575225830078,77.01632690429688,3.4800000190734863,201.104309,2021-09-17,0.9664459824562073,5,117149627.006112
29.825755,77.007693,2.5399999618530273,205.670044,2021-09-17,0.9645079970359802,6,117149626.869724
29.82526969909668,77.029635,2.880000114440918,202.607864,2021-09-17,0.9504349827766418,3,117149626.787064
29.825380325317383,77.008097,2.5399999618530273,204.758896,2021-09-17,0.9634450078010559,6,117149626.87799
29.825376510620117,77.016734,3.140000104904175,201.048599,2021-09-17,0.9622089862823486,5,117149627.014376
29.825002670288086,77.017138,2.5799999237060547,200.77503967285156,2021-09-17,0.9630810022354126,5,117149627.02264
29.82500648498535,77.008501,2.5,204.512894,2021-09-17,0.9594680070877075,6,117149626.886256
29.824628,77.017543,2.950000047683716,200.652023,2021-09-17,0.9517250061035156,5,117149627.030904
29.824628829956055,77.008908,23.709999,203.776703,2021-09-17,0.9602069854736328,6,117149626.894522
29.824256,77.00930786132812,7.110000133514404,204.331635,2021-09-17,0.9563819766044617,6,117149626.902788
29.82425308227539,77.017947,2.5799999237060547,200.609177,2021-09-17,0.9611290097236633,5,117149627.039168
29.823878,77.018351,2.5,200.599854,2021-09-17,0.9660680294036865,5,117149627.047432
29.823503494262695,77.018755,2.5799999237060547,200.651367,2021-09-17,0.9620770215988159,5,117149627.055696
29.823506,77.010118,6.440000057220459,206.797638,2021-09-17,0.9528949856758118,6,117149626.91932
29.823461532592773,76.997642,5.429999828338623,205.534103,2021-09-17,0.9500659704208374,8,117149627.1466
29.823131561279297,77.010522,10.520000457763672,202.268021,2021-09-17,0.9528830051422119,6,117149626.927586
29.82312774658203,77.019159,2.5799999237060547,200.673721,2021-09-17,0.968595027923584,5,117149627.06396
29.82308578491211,76.998047,8.079999923706055,206.219772,2021-09-17,0.9523940086364746,8,117149627.154864
29.822757720947266,77.010926,4.300000190734863,201.605316,2021-09-17,0.9585829973220825,6,117149626.935852
29.822711944580078,76.99845123291016,5.690000057220459,206.051544,2021-09-17,0.9538019895553589,8,117149627.163128
29.822383880615234,77.011329,2.6500000953674316,200.835785,2021-09-17,0.975737988948822,6,117149626.944118
29.822378158569336,77.019967,2.5,200.527969,2021-09-17,0.9614239931106567,5,117149627.080488
29.822009,77.01173400878906,2.5399999618530273,200.374008,2021-09-17,0.9734219908714294,6,117149626.952384
29.822003,77.020372,2.5,200.502686,2021-09-17,0.9726099967956543,5,117149627.088752
29.821962356567383,76.999257,2.4700000286102295,204.625687,2021-09-17,0.9668009877204895,8,117149627.179656
29.821628,77.020776,2.5399999618530273,200.425507,2021-09-17,0.973609983921051,5,117149627.097016
29.821588,76.999661,2.4700000286102295,204.414597,2021-09-17,0.9584019780158997,8,117149627.18792
29.821258544921875,77.012542,2.5399999618530273,200.556564,2021-09-17,0.9681620001792908,6,117149626.968916
29.821212,77.000065,3.930000066757202,204.933334,2021-09-17,0.9681559801101685,8,117149627.196184
29.820836,77.00047302246094,7.039999961853027,205.084885,2021-09-17,0.9630079865455627,8,117149627.204448
29.82050323486328,77.021988,2.4700000286102295,200.242798,2021-09-17,0.9642890095710754,5,117149627.121808
29.820510864257812,77.01335144042969,2.4700000286102295,200.274368,2021-09-17,0.9507250189781189,6,117149626.985448
29.820459,77.000876,21.309999,204.939804,2021-09-17,0.9635559916496277,8,117149627.212712
29.82013511657715,77.013755,2.619999885559082,200.579193,2021-09-17,0.9686710238456726,6,117149626.993714
29.820085525512695,77.001277,11.229999542236328,204.338791,2021-09-17,0.965628981590271,8,117149627.220976
29.819713,77.001679,2.5,203.872665,2021-09-17,0.9613180160522461,8,117149627.22924
29.819377899169922,77.02320098876953,2.5,200.440247,2021-09-17,0.9568340182304382,5,117149627.1466
29.819337844848633,77.002083,2.5,204.040543,2021-09-17,0.9710230231285095,8,117149627.237504
29.819003,77.023604,2.5799999237060547,200.513657,2021-09-17,0.9676210284233093,5,117149627.154864
29.818959,77.002491,23.889999,203.705765,2021-09-17,0.9672179818153381,8,117149627.245768
29.818628311157227,77.024007,2.5,200.559143,2021-09-17,0.9690309762954712,5,117149627.163128
29.818635940551758,77.015371,2.619999885559082,200.011475,2021-09-17,0.9681270122528076,6,117149627.026772
29.818584442138672,77.002895,23.959999,205.150879,2021-09-17,0.9633600115776062,8,117149627.254032
29.818261,77.015776,2.619999885559082,200.021347,2021-09-17,0.9647799730300903,6,117149627.035036
29.818252563476562,77.024411,2.5399999618530273,200.565735,2021-09-17,0.961633026599884,5,117149627.171392
29.818212,77.003294,3.630000114440918,204.378876,2021-09-17,0.9623749852180481,8,117149627.262296
29.817886352539062,77.01618194580078,2.619999885559082,199.896881,2021-09-17,0.9531270265579224,6,117149627.0433
29.817878,77.024815,2.4700000286102295,200.620712,2021-09-17,0.967041015625,5,117149627.179656
29.817838,77.003697,2.390000104904175,203.4920196533203,2021-09-17,0.9654669761657715,8,117149627.27056
29.817502975463867,77.025219,2.5,200.511902,2021-09-17,0.9705470204353333,5,117149627.18792
29.817462921142578,77.00409698486328,2.430000066757202,203.369186,2021-09-17,0.9587460160255432,8,117149627.278824
29.817128,77.025623,3.890000104904175,200.523941,2021-09-17,0.9667840003967285,5,117149627.196184
29.817087173461914,77.004504,2.4700000286102295,206.4784698486328,2021-09-17,0.9687359929084778,8,117149627.287088
29.816753387451172,77.026026,3.0999999046325684,200.107269,2021-09-17,0.9625300168991089,5,117149627.204448
29.816761016845703,77.017392,2.5,200.051193,2021-09-17,0.9607160091400146,6,117149627.068092
29.816709,77.004912,23.850000381469727,204.820816,2021-09-17,0.9628450274467468,8,117149627.295352
29.816377639770508,77.02642822265625,2.5799999237060547,200.228287,2021-09-17,0.966372013092041,5,117149627.212712
29.816386,77.017796,2.5799999237060547,200.068954,2021-09-17,0.9702600240707397,6,117149627.076356
29.816337,77.005311,2.390000104904175,204.666168,2021-09-17,0.9679819941520691,8,117149627.303616
29.816003,77.026833,2.5399999618530273,200.33164978027344,2021-09-17,0.9723659753799438,5,117149627.220976
29.815961837768555,77.0057144165039,2.8399999141693115,204.587952,2021-09-17,0.9640229940414429,8,117149627.31188
29.815628051757812,77.027237,2.5399999618530273,200.195129,2021-09-17,0.9632930159568787,5,117149627.22924
29.815587,77.006118,2.390000104904175,204.702972,2021-09-17,0.9647380113601685,8,117149627.320144
29.815253,77.02764129638672,2.5399999618530273,200.246613,2021-09-17,0.9611170291900635,5,117149627.237504
29.815261,77.019008,2.4700000286102295,199.28977966308594,2021-09-17,0.9533380270004272,6,117149627.101148
29.815137,76.998103,2.619999885559082,203.242935,2021-09-17,0.9669299721717834,11,117149627.192052
29.81521224975586,77.006521,2.5,204.714172,2021-09-17,0.9717370271682739,8,117149627.328408
29.81488609313965,77.019412,2.5,199.351715,2021-09-17,0.9626060128211975,6,117149627.109412
29.814878463745117,77.028044,2.5399999618530273,200.159653,2021-09-17,0.9626290202140808,5,117149627.245768
29.814834594726562,77.006927,10.779999732971191,204.750839,2021-09-17,0.969726026058197,8,117149627.336672
29.814502716064453,77.028447,2.5399999618530273,200.198502,2021-09-17,0.9660630226135254,5,117149627.254032
29.814761,76.998508,9.989999771118164,203.357651,2021-09-17,0.965175986289978,11,117149627.200316
29.814511,77.019817,2.430000066757202,199.8051300048828,2021-09-17,0.9668279886245728,6,117149627.117676
29.81446075439453,77.007331,15.239999771118164,204.572052,2021-09-17,0.9642940163612366,8,117149627.344936
29.814136,77.020221,2.5399999618530273,199.813232,2021-09-17,0.9645159840583801,6,117149627.12594
29.814128,77.02884674072266,2.4700000286102295,200.229446,2021-09-17,0.9628270268440247,5,117149627.262296
29.814387,76.99890899658203,2.3499999046325684,202.942535,2021-09-17,0.9565079808235168,11,117149627.20858
29.814085006713867,77.007734,14.109999656677246,204.768845,2021-09-17,0.9652519822120667,8,117149627.3532
29.813753128051758,77.029254,2.5,200.251953,2021-09-17,0.9527249932289124,5,117149627.27056
29.814011,76.999315,6.019999980926514,204.438263,2021-09-17,0.9664250016212463,11,117149627.216844
29.813761,77.020624,2.5,199.754242,2021-09-17,0.9698010087013245,6,117149627.134204
29.813709,77.008139,18.56999969482422,205.182663,2021-09-17,0.9529119729995728,8,117149627.361464
29.813377380371094,77.029657,2.619999885559082,200.097961,2021-09-17,0.9601839780807495,5,117149627.278824
29.813636779785156,76.999718,2.4700000286102295,204.578506,2021-09-17,0.973501980304718,11,117149627.225108
29.813386,77.021028,2.6500000953674316,198.9301300048828,2021-09-17,0.9705860018730164,6,117149627.142468
29.813333,77.008543,20.739999771118164,205.075409,2021-09-17,0.9568049907684326,8,117149627.369728
29.81300163269043,77.030061,3.25,201.548462,2021-09-17,0.9514539837837219,5,117149627.287088
29.813262,77.000121,2.4700000286102295,204.374588,2021-09-17,0.9701740145683289,11,117149627.233372
29.812957763671875,77.008946,17.34000015258789,204.657639,2021-09-17,0.9590740203857422,8,117149627.377992
29.812627,77.03046417236328,4.0,200.517181,2021-09-17,0.9614700078964233,5,117149627.295352
29.81288719177246,77.000525,2.5799999237060547,204.253815,2021-09-17,0.9698730111122131,11,117149627.241636
29.812583,77.009349,12.579999923706055,204.888458,2021-09-17,0.966185986995697,8,117149627.386256
29.812252044677734,77.030867,2.619999885559082,200.110535,2021-09-17,0.966812014579773,5,117149627.303616
29.812512,77.000929,2.4700000286102295,204.301514,2021-09-17,0.9701719880104065,11,117149627.2499
29.812261,77.0222396850586,2.950000047683716,200.020386,2021-09-17,0.9701989889144897,6,117149627.16726
29.812210083007812,77.00975036621094,2.4700000286102295,204.480988,2021-09-17,0.9627220034599304,8,117149627.39452
29.811885833740234,77.02264404296875,2.950000047683716,199.994141,2021-09-17,0.9724950194358826,6,117149627.175524
29.811877,77.031271,2.5399999618530273,200.137787,2021-09-17,0.9679030179977417,5,117149627.31188
29.812137,77.001332,2.5,204.283035,2021-09-17,0.9746170043945312,11,117149627.258164
29.811835,77.010153,2.5,204.824203,2021-09-17,0.9673029780387878,8,117149627.402784
29.81150245666504,77.031674,2.5399999618530273,200.099274,2021-09-17,0.9659910202026367,5,117149627.320144
29.8117618560791,77.001736,2.5799999237060547,204.274933,2021-09-17,0.9695969820022583,11,117149627.266428
29.811511,77.023048,2.5799999237060547,199.746262,2021-09-17,0.9680060148239136,6,117149627.183788
29.811458587646484,77.010558,3.2899999618530273,204.54920959472656,2021-09-17,0.9674969911575317,8,117149627.411048
29.81113624572754,77.023451,2.5799999237060547,199.852493,2021-09-17,0.9630950093269348,6,117149627.192052
29.811126708984375,77.032077,2.690000057220459,200.237305,2021-09-17,0.9634640216827393,5,117149627.328408
29.811387,77.002139,2.5,204.190094,2021-09-17,0.9722740054130554,11,117149627.274692
29.81108283996582,77.010962,8.460000038146973,204.813263,2021-09-17,0.9622060060501099,8,117149627.419312
29.81075096130371,77.032481,2.880000114440918,200.230652,2021-09-17,0.9627799987792969,5,117149627.336672
29.81070899963379,77.011364,2.4700000286102295,202.227463,2021-09-17,0.9649930000305176,8,117149627.427576
29.810375213623047,77.032885,11.039999961853027,199.483109,2021-09-17,0.961463987827301,5,117149627.344936
29.810636520385742,77.002946,2.430000066757202,202.940643,2021-09-17,0.9599170088768005,11,117149627.29122
29.810386,77.024259,2.690000057220459,200.409836,2021-09-17,0.9697189927101135,6,117149627.20858
29.810334,77.011768,2.4700000286102295,202.103577,2021-09-17,0.9700480103492737,8,117149627.43584
29.810011,77.024662,2.6500000953674316,200.839325,2021-09-17,0.9685750007629395,6,117149627.216844
29.810001373291016,77.033287,2.619999885559082,199.192444,2021-09-17,0.9722999930381775,5,117149627.3532
29.810262,77.003349,2.5399999618530273,202.653641,2021-09-17,0.966825008392334,11,117149627.299484
29.80995750427246,77.012172,2.5399999618530273,201.913971,2021-09-17,0.9646530151367188,8,117149627.444104
29.80962562561035,77.033691,2.5399999618530273,199.216064,2021-09-17,0.9662629961967468,5,117149627.361464
29.809886932373047,77.003752,2.4700000286102295,202.597168,2021-09-17,0.9710090160369873,11,117149627.307748
29.809635162353516,77.025067,8.720000267028809,203.004959,2021-09-17,0.9611799716949463,6,117149627.225108
29.809583,77.012576,2.799999952316284,202.289459,2021-09-17,0.9580479860305786,8,117149627.452368
29.809249877929688,77.034094,2.5399999618530273,200.022949,2021-09-17,0.966405987739563,5,117149627.369728
29.809508,77.004162,27.93000030517578,202.948288,2021-09-17,0.9708330035209656,11,117149627.316012
29.809261322021484,77.025469,2.619999885559082,201.325058,2021-09-17,0.9660620093345642,6,117149627.233372
29.809207,77.01297760009766,2.5799999237060547,202.517395,2021-09-17,0.9589869976043701,8,117149627.460632
29.80888557434082,77.025873,2.5399999618530273,201.225037,2021-09-17,0.9618319869041443,6,117149627.241636
29.808875,77.034498,4.980000019073486,200.157211,2021-09-17,0.9579470157623291,5,117149627.377992
29.80913543701172,77.004563,13.890000343322754,206.514206,2021-09-17,0.9751240015029907,11,117149627.324276
29.8088321685791,77.013384,2.5,202.276718,2021-09-17,0.9710630178451538,8,117149627.468896
29.808761596679688,77.004963,2.430000066757202,203.204605,2021-09-17,0.9904130101203918,11,117149627.33254
29.808511,77.02627563476562,2.5,200.905304,2021-09-17,0.9554479718208313,6,117149627.2499
29.808456420898438,77.013788,2.5,202.258026,2021-09-17,0.9631149768829346,8,117149627.47716
29.808122634887695,77.035306,10.819999694824219,199.230255,2021-09-17,0.9618579745292664,5,117149627.39452
29.808385848999023,77.005367,2.5,203.201874,2021-09-17,0.9889690279960632,11,117149627.340804
29.808135986328125,77.02667999267578,2.5799999237060547,200.984116,2021-09-17,0.9668449759483337,6,117149627.258164
29.807761,77.027083,2.4700000286102295,200.728104,2021-09-17,0.9635739922523499,6,117149627.266428
29.807748794555664,77.035709,2.5399999618530273,199.098221,2021-09-17,0.9589139819145203,5,117149627.402784
29.808011,77.005771,3.5199999809265137,204.854691,2021-09-17,0.9734529852867126,11,117149627.349068
29.80770492553711,77.014597,2.4700000286102295,203.358459,2021-09-17,0.9690139889717102,8,117149627.493688
29.807374,77.036112,2.5,198.91539001464844,2021-09-17,0.9616929888725281,5,117149627.411048
29.807636260986328,77.006174,2.430000066757202,204.342957,2021-09-17,0.965457022190094,11,117149627.357332
29.807385,77.027486,2.5799999237060547,200.811417,2021-09-17,0.9727979898452759,6,117149627.274692
29.807329177856445,77.015001,2.7300000190734863,202.6075897216797,2021-09-17,0.9564769864082336,8,117149627.501952
29.807010650634766,77.02789306640625,2.619999885559082,200.528458,2021-09-17,0.9655179977416992,6,117149627.282956
29.806998,77.036516,2.5799999237060547,198.108536,2021-09-17,0.9610109925270081,5,117149627.419312
29.807261,77.006577,2.5,203.600769,2021-09-17,0.9719190001487732,11,117149627.365596
29.806886,77.006981,2.619999885559082,203.356522,2021-09-17,0.9700589776039124,11,117149627.37386
29.806954,77.015405,2.4700000286102295,202.984528,2021-09-17,0.9652090072631836,8,117149627.510216
29.8066349029541,77.028293,4.380000114440918,200.369125,2021-09-17,0.964460015296936,6,117149627.29122
29.806623458862305,77.036919,2.5399999618530273,198.071014,2021-09-17,0.9544489979743958,5,117149627.427576
29.806579,77.015809,2.5399999618530273,203.794708,2021-09-17,0.9619280099868774,8,117149627.51848
29.806247,77.037323,2.619999885559082,198.411316,2021-09-17,0.9640089869499207,5,117149627.43584
29.80651092529297,77.007384,2.5,203.266113,2021-09-17,0.9715089797973633,11,117149627.382124
29.806259155273438,77.028696,2.5,200.430237,2021-09-17,0.971867024898529,6,117149627.299484
29.806203,77.016213,2.5,203.942322,2021-09-17,0.9615730047225952,8,117149627.526744
29.805885314941406,77.029099,2.5799999237060547,200.074326,2021-09-17,0.9643470048904419,6,117149627.307748
29.805871963500977,77.037727,2.5399999618530273,198.456772,2021-09-17,0.9651610255241394,5,117149627.444104
29.805257,77.065789,3.0999999046325684,199.750702,2021-09-17,0.9555240273475647,1,117149627.70442
29.80575942993164,77.008192,2.5799999237060547,203.572205,2021-09-17,0.9726859927177429,11,117149627.398652
29.805828094482422,77.016617,2.5,204.145126,2021-09-17,0.966484010219574,8,117149627.535008
29.805509567260742,77.029503,2.5799999237060547,199.949081,2021-09-17,0.9661449790000916,6,117149627.316012
29.805496215820312,77.038131,2.7300000190734863,198.588348,2021-09-17,0.956462025642395,5,117149627.452368
29.80512046813965,77.038535,2.5799999237060547,199.555419921875,2021-09-17,0.9545029997825623,5,117149627.460632
29.891974,77.062476,5.909999847412109,570.351868,2023-01-09,0.9517019987106323,6,158458742.146271
29.895217,77.036002,2.690000057220459,208.038330078125,2024-04-30,0.9531490206718445,6,199737873.55536
29.892711639404297,77.024426,2.6500000953674316,207.819748,2024-04-30,0.9552069902420044,5,199737873.460324
29.892585,77.033172,2.609999895095825,207.714645,2024-04-30,0.9528239965438843,6,199737873.497512
29.892209,77.032767,2.5,207.786392,2024-04-30,0.9527469873428345,6,199737873.489248
29.89196014404297,77.023618,2.5399999618530273,207.772079,2024-04-30,0.9502779841423035,5,199737873.443796
29.891833,77.032363,2.569999933242798,207.605377,2024-04-30,0.9503970146179199,6,199737873.480984
29.891584396362305,77.023214,2.569999933242798,207.831665,2024-04-30,0.9556210041046143,5,199737873.435532
29.891206741333008,77.022809,2.5399999618530273,206.847427,2024-04-30,0.9504820108413696,5,199737873.427268
29.889953,77.030342,2.5,207.457184,2024-04-30,0.9535089731216431,6,199737873.439664
29.888825,77.029129,2.609999895095825,207.175079,2024-04-30,0.9558290243148804,6,199737873.414871
29.88844871520996,77.02872467041016,2.5399999618530273,207.412262,2024-04-30,0.9550809860229492,6,199737873.406605
29.8874454498291,77.018764,2.690000057220459,207.406693,2024-04-30,0.95728600025177,5,199737873.34461
29.886943817138672,77.027107,2.609999895095825,207.329971,2024-04-30,0.9540159702301025,6,199737873.373541
29.88518714904785,77.016336,2.5,208.080963,2024-04-30,0.9526799917221069,5,199737873.295014
29.884057998657227,77.015121,2.5399999618530273,207.857346,2024-04-30,0.9510930180549622,5,199737873.270216
29.883943,77.02388000488281,22.799999,207.704239,2024-04-30,0.9503629803657532,6,199737873.307413
29.88355827331543,77.023464,2.569999933242798,207.676865,2024-04-30,0.9508140087127686,6,199737873.299147
29.88280487060547,77.022655,2.569999933242798,207.775589,2024-04-30,0.952019989490509,6,199737873.282615
29.882052,77.021845,2.569999933242798,207.989761,2024-04-30,0.9515950083732605,6,199737873.266083
29.881423,77.012288,2.6500000953674316,207.666351,2024-04-30,0.9538310170173645,5,199737873.212354
29.881299,77.021036,2.5,208.232727,2024-04-30,0.9552760124206543,6,199737873.249551
29.881046295166016,77.011883,2.6500000953674316,207.630142,2024-04-30,0.9511330127716064,5,199737873.204088
29.880170822143555,77.019821,2.609999895095825,208.343262,2024-04-30,0.95448899269104,6,199737873.224753
29.87991714477539,77.010669,2.609999895095825,208.029495,2024-04-30,0.9528599977493286,5,199737873.179292
29.879417419433594,77.019012,2.6500000953674316,208.420822,2024-04-30,0.9566789865493774,6,199737873.208221
29.878664016723633,77.018202,2.569999933242798,208.393539,2024-04-30,0.9532439708709717,6,199737873.191689
29.87828826904297,77.017797,2.569999933242798,208.347717,2024-04-30,0.9542719721794128,6,199737873.183424
29.877911,77.017393,2.5399999618530273,208.330414,2024-04-30,0.9553830027580261,6,199737873.17516
29.877534866333008,77.016988,2.609999895095825,208.340591,2024-04-30,0.9524180293083191,6,199737873.166896
29.877158,77.016583,2.6500000953674316,208.0727996826172,2024-04-30,0.9552919864654541,6,199737873.158632
29.875776290893555,77.006219,2.569999933242798,207.604309,2024-04-30,0.9558839797973633,5,199737873.088388
29.875398635864258,77.005815,2.6500000953674316,207.567322,2024-04-30,0.9579129815101624,5,199737873.080124
29.875276565551758,77.014562,5.340000152587891,207.860474,2024-04-30,0.9506840109825134,6,199737873.117312
29.873893,77.004197,2.690000057220459,207.416733,2024-04-30,0.9501219987869263,5,199737873.047068
29.873769760131836,77.012943,2.569999933242798,207.712173,2024-04-30,0.9563469886779785,6,199737873.084256
29.873517,77.003793,2.609999895095825,207.375412,2024-04-30,0.9501389861106873,5,199737873.038804
29.872641,77.011729,2.7200000286102295,207.423141,2024-04-30,0.9527450203895569,6,199737873.059464
29.872264,77.011325,2.4600000381469727,207.602417,2024-04-30,0.9534630179405212,6,199737873.0512
29.871888,77.01091766357422,2.5399999618530273,207.588455,2024-04-30,0.9530069828033447,6,199737873.042936
29.871511459350586,77.010516,2.609999895095825,207.376495,2024-04-30,0.9524890184402466,6,199737873.034672
29.871135,77.010111,2.569999933242798,207.508667,2024-04-30,0.9560089707374573,6,199737873.026408
29.869754,76.999751,5.340000152587891,206.950516,2024-04-30,0.9523339867591858,5,199737872.956164
29.86962890625,77.008494,2.690000057220459,207.334457,2024-04-30,0.9540650248527527,6,199737872.993352
29.869375228881836,76.99934387207031,2.759999990463257,206.819183,2024-04-30,0.9523680210113525,5,199737872.9479
29.86661720275879,77.005258,2.5399999618530273,207.18959045410156,2024-04-30,0.9514700174331665,6,199737872.92724
29.866239547729492,77.004853,2.5399999618530273,207.009995,2024-04-30,0.9532060027122498,6,199737872.918976
29.865111,77.0036392211914,2.5,206.983017,2024-04-30,0.9516699910163879,6,199737872.894184
29.863982,77.00242614746094,2.5399999618530273,206.80039978027344,2024-04-30,0.9530640244483948,6,199737872.869392
