lat,lon,rh98,elev_lowestmode,date,sensitivity,beam,delta_time
25.195220947265625,76.109001,2.5399999618530273,204.578995,2019-04-21,0.9734770059585571,5,41045269.808079
25.195049,76.116916,2.8399999141693115,202.113556,2019-04-21,0.9715449810028076,6,41045269.837003
25.194961547851562,76.12545013427734,2.390000104904175,196.277664,2019-04-21,0.9674959778785706,8,41045270.262599
25.19496726989746,76.13345336914062,2.319999933242798,194.171188,2019-04-21,0.9730780124664307,11,41045270.291526
25.194829,76.108631,2.5,205.360153,2019-04-21,0.9687899947166443,5,41045269.799815
25.194570541381836,76.125079,2.2799999713897705,196.715134,2019-04-21,0.9572460055351257,8,41045270.254335
25.194576263427734,76.1330795288086,2.390000104904175,194.465897,2019-04-21,0.9739639759063721,11,41045270.28326
25.19443702697754,76.108261,2.4700000286102295,205.393494,2019-04-21,0.962988018989563,5,41045269.791551
25.194184,76.132709,2.3499999046325684,194.764282,2019-04-21,0.9750900268554688,11,41045270.274995
25.194266,76.116176,3.180000066757202,204.131195,2019-04-21,0.9701290130615234,6,41045269.820475
25.194179,76.124709,2.2799999713897705,197.090714,2019-04-21,0.9640079736709595,8,41045270.246071
25.194046020507812,76.107891,2.4700000286102295,205.292709,2019-04-21,0.967432975769043,5,41045269.783287
25.193875,76.115807,2.5,201.554169,2019-04-21,0.9688670039176941,6,41045269.812211
25.19378662109375,76.124338,2.390000104904175,197.402969,2019-04-21,0.967402994632721,8,41045270.237807
25.193793,76.132339,2.319999933242798,195.021851,2019-04-21,0.9731119871139526,11,41045270.266731
25.193654,76.107521,2.5399999618530273,205.974121,2019-04-21,0.9545429944992065,5,41045269.775023
25.193483352661133,76.115437,2.5,201.662445,2019-04-21,0.9663199782371521,6,41045269.803947
25.193395,76.123968,2.2799999713897705,197.699371,2019-04-21,0.9688420295715332,8,41045270.229543
25.193401336669922,76.131968,2.430000066757202,195.274994,2019-04-21,0.97052401304245,11,41045270.258467
25.193263,76.107151,2.390000104904175,206.362259,2019-04-21,0.9595410227775574,5,41045269.766759
25.193092346191406,76.115067,2.4700000286102295,202.014969,2019-04-21,0.9700130224227905,6,41045269.795683
25.193004,76.123598,2.359999895095825,198.072235,2019-04-21,0.9664360284805298,8,41045270.221279
25.193009,76.131598,2.319999933242798,195.72084045410156,2019-04-21,0.9731410145759583,11,41045270.250203
25.19287109375,76.106781,2.4700000286102295,206.878479,2019-04-21,0.9656599760055542,5,41045269.758495
25.192699432373047,76.114697,2.4700000286102295,202.366974,2019-04-21,0.9683039784431458,6,41045269.787419
25.192618,76.131227,2.3499999046325684,196.059921,2019-04-21,0.9747899770736694,11,41045270.241939
25.192611694335938,76.123227,2.319999933242798,198.369888,2019-04-21,0.9663429856300354,8,41045270.213015
25.192480087280273,76.106411,2.4700000286102295,207.325928,2019-04-21,0.9683319926261902,5,41045269.750231
25.192309,76.114327,2.430000066757202,202.345779,2019-04-21,0.9547309875488281,6,41045269.779155
25.192221,76.122857,2.319999933242798,198.603027,2019-04-21,0.9720789790153503,8,41045270.204751
25.19222640991211,76.130857,2.430000066757202,196.471985,2019-04-21,0.9727979898452759,11,41045270.233675
25.192088,76.106041,2.4700000286102295,207.510605,2019-04-21,0.9667530059814453,5,41045269.741967
25.191917419433594,76.113957,2.5,202.584183,2019-04-21,0.968451976776123,6,41045269.770891
25.191829,76.122487,2.430000066757202,199.092026,2019-04-21,0.9726359844207764,8,41045270.196487
25.191835403442383,76.13048553466797,2.3499999046325684,196.970505,2019-04-21,0.9702939987182617,11,41045270.225411
25.191697,76.105671,2.5,207.574356,2019-04-21,0.9726729989051819,5,41045269.733703
25.191526412963867,76.113587,2.4700000286102295,203.072891,2019-04-21,0.9683200120925903,6,41045269.762627
25.191443,76.130116,2.5399999618530273,197.317749,2019-04-21,0.9704939723014832,11,41045270.217147
25.191134,76.113217,2.390000104904175,203.257828,2019-04-21,0.9691240191459656,6,41045269.754363
25.191052,76.129746,2.2799999713897705,197.659576,2019-04-21,0.9777129888534546,11,41045270.208883
25.190743,76.112847,2.4700000286102295,203.116913,2019-04-21,0.9685459733009338,6,41045269.746099
25.190654,76.12137603759766,6.78000020980835,201.785812,2019-04-21,0.9702060222625732,8,41045270.171695
25.19066047668457,76.129376,2.319999933242798,197.450165,2019-04-21,0.9762669801712036,11,41045270.200619
25.190522,76.104561,2.4700000286102295,207.546005,2019-04-21,0.9659900069236755,5,41045269.708911
25.190352,76.112477,2.5399999618530273,203.363281,2019-04-21,0.9712380170822144,6,41045269.737835
25.190261840820312,76.121007,2.319999933242798,201.111557,2019-04-21,0.9687259793281555,8,41045270.163431
25.19026756286621,76.1290054321289,2.3499999046325684,197.487213,2019-04-21,0.9789549708366394,11,41045270.192355
25.190131,76.104191,2.4700000286102295,207.370224,2019-04-21,0.9651229977607727,5,41045269.700647
25.189960479736328,76.112106,2.4700000286102295,204.104141,2019-04-21,0.9690369963645935,6,41045269.729571
25.189871,76.120637,2.319999933242798,201.476303,2019-04-21,0.9672999978065491,8,41045270.155167
25.189876556396484,76.128635,2.390000104904175,197.607559,2019-04-21,0.9775440096855164,11,41045270.184091
25.189739227294922,76.103821,2.4700000286102295,207.25234985351562,2019-04-21,0.9736449718475342,5,41045269.692383
25.189569,76.111736,2.4700000286102295,204.549484,2019-04-21,0.9689300060272217,6,41045269.721307
25.189485,76.12826538085938,2.319999933242798,197.386017,2019-04-21,0.9761540293693542,11,41045270.175827
25.189479,76.120267,2.2799999713897705,201.896072,2019-04-21,0.9590060114860535,8,41045270.146903
25.189348220825195,76.103452,2.5,207.215912,2019-04-21,0.9663059711456299,5,41045269.684119
25.189176559448242,76.111366,2.6500000953674316,204.560547,2019-04-21,0.9674450159072876,6,41045269.713043
25.1890869140625,76.119897,2.4700000286102295,202.106339,2019-04-21,0.9744139909744263,8,41045270.138639
25.189094,76.127895,2.390000104904175,197.269897,2019-04-21,0.9722650051116943,11,41045270.167563
25.18895721435547,76.103082,2.430000066757202,207.004333,2019-04-21,0.9717469811439514,5,41045269.675855
25.188785552978516,76.110996,2.5399999618530273,205.263535,2019-04-21,0.9690080285072327,6,41045269.704779
25.188695907592773,76.119527,2.5399999618530273,203.216766,2019-04-21,0.9604430198669434,8,41045270.130375
25.188701629638672,76.12752532958984,2.390000104904175,197.443115,2019-04-21,0.9730650186538696,11,41045270.159299
25.188566207885742,76.102712,2.690000057220459,206.768372,2019-04-21,0.9624969959259033,5,41045269.667591
25.188394,76.110627,2.5,205.535858,2019-04-21,0.9737939834594727,6,41045269.696515
25.188304,76.119158,3.180000066757202,198.194366,2019-04-21,0.9642919898033142,8,41045270.122111
25.188310623168945,76.127155,4.269999980926514,197.797943,2019-04-21,0.9778000116348267,11,41045270.151035
25.188174,76.102342,2.430000066757202,206.623627,2019-04-21,0.9729380011558533,5,41045269.659327
25.188003,76.110256,2.5799999237060547,207.062744,2019-04-21,0.9570289850234985,6,41045269.688251
25.187919,76.126786,2.3499999046325684,197.879013,2019-04-21,0.9734050035476685,11,41045270.142771
25.187911987304688,76.118787,4.679999828338623,203.075012,2019-04-21,0.9609370231628418,8,41045270.113847
25.187783,76.101973,2.4700000286102295,206.743088,2019-04-21,0.9682499766349792,5,41045269.651063
25.187612,76.109887,2.5,206.28948974609375,2019-04-21,0.9638519883155823,6,41045269.679987
25.18752098083496,76.118418,2.390000104904175,202.4749298095703,2019-04-21,0.9718660116195679,8,41045270.105583
25.18752670288086,76.126416,2.3499999046325684,197.99794006347656,2019-04-21,0.968874990940094,11,41045270.134507
25.187392,76.101603,2.5,206.924988,2019-04-21,0.9710950255393982,5,41045269.642799
25.187219619750977,76.109517,2.5,206.948029,2019-04-21,0.9716230034828186,6,41045269.671723
25.187129,76.118048,2.430000066757202,202.589508,2019-04-21,0.9636070132255554,8,41045270.097319
25.187135696411133,76.126046,2.390000104904175,198.038284,2019-04-21,0.9709669947624207,11,41045270.126243
25.187000274658203,76.10123443603516,2.4700000286102295,206.844864,2019-04-21,0.9649890065193176,5,41045269.634535
25.18682861328125,76.109147,2.430000066757202,207.567062,2019-04-21,0.965507984161377,6,41045269.663459
25.186738,76.117679,2.7699999809265137,202.834396,2019-04-21,0.9659579992294312,8,41045270.089055
25.186744,76.125676,2.319999933242798,198.249985,2019-04-21,0.9721739888191223,11,41045270.117979
25.186609,76.100864,2.5,206.809509,2019-04-21,0.9706659913063049,5,41045269.626271
25.186437,76.108777,2.4700000286102295,207.915619,2019-04-21,0.96492600440979,6,41045269.655195
25.186351776123047,76.125307,2.319999933242798,198.257446,2019-04-21,0.969444990158081,11,41045270.109715
25.18634605407715,76.117309,2.2799999713897705,202.402283,2019-04-21,0.97428297996521,8,41045270.080791
25.186046,76.108408,2.4700000286102295,208.202759,2019-04-21,0.9609100222587585,6,41045269.646931
25.185955047607422,76.116943359375,2.359999895095825,202.094299,2019-04-21,0.9754689931869507,8,41045270.072527
25.185961,76.124937,2.3499999046325684,198.228897,2019-04-21,0.9765729904174805,11,41045270.101451
25.185655,76.108038,2.4700000286102295,208.352478,2019-04-21,0.9657570123672485,6,41045269.638667
25.185563,76.11656951904297,2.319999933242798,202.25115966796875,2019-04-21,0.9714170098304749,8,41045270.064263
25.185569,76.124567,2.7699999809265137,198.317886,2019-04-21,0.971110999584198,11,41045270.093187
25.185176849365234,76.124197,3.549999952316284,198.588455,2019-04-21,0.9583160281181335,11,41045270.084923
25.18526268005371,76.107668,2.390000104904175,208.394928,2019-04-21,0.9678969979286194,6,41045269.630403
25.185171127319336,76.11620330810547,2.359999895095825,202.810699,2019-04-21,0.9697369933128357,8,41045270.055999
25.184871673583984,76.107299,2.430000066757202,208.483597,2019-04-21,0.9692530035972595,6,41045269.622139
25.184785842895508,76.123828,2.2799999713897705,199.002899,2019-04-21,0.9658169746398926,11,41045270.076659
25.18478012084961,76.115831,2.4700000286102295,203.691589,2019-04-21,0.9715949892997742,8,41045270.047735
25.184481,76.106929,2.4700000286102295,208.505753,2019-04-21,0.9639919996261597,6,41045269.613875
25.184388,76.115461,2.359999895095825,203.631409,2019-04-21,0.9693130254745483,8,41045270.039471
25.184394,76.123458,2.319999933242798,198.950241,2019-04-21,0.9753029942512512,11,41045270.068395
25.184089,76.10655975341797,2.4700000286102295,208.518539,2019-04-21,0.972245991230011,6,41045269.605611
25.183996200561523,76.115091,6.659999847412109,203.939468,2019-04-21,0.968084990978241,8,41045270.031207
25.184003,76.123089,2.3499999046325684,199.005951,2019-04-21,0.9741340279579163,11,41045270.060131
25.183611,76.122719,2.3499999046325684,199.354233,2019-04-21,0.9783909916877747,11,41045270.051867
25.183605194091797,76.114722,2.359999895095825,204.335495,2019-04-21,0.974897027015686,8,41045270.022943
25.183219,76.122349,3.2899999618530273,199.242264,2019-04-21,0.974012017250061,11,41045270.043603
25.183213,76.114352,2.2799999713897705,204.447311,2019-04-21,0.9746630191802979,8,41045270.014679
25.18291473388672,76.105452,2.390000104904175,208.524246,2019-04-21,0.9533910155296326,6,41045269.580819
25.18282127380371,76.113983,2.319999933242798,204.003754,2019-04-21,0.9717379808425903,8,41045270.006415
25.18282699584961,76.121979,5.610000133514404,202.12734985351562,2019-04-21,0.970956027507782,11,41045270.035339
25.182523727416992,76.105083,2.4700000286102295,208.520493,2019-04-21,0.9675890207290649,6,41045269.572555
25.182430267333984,76.113613,2.319999933242798,204.046921,2019-04-21,0.9719259738922119,8,41045269.998151
25.182044,76.1212387084961,3.630000114440918,200.199432,2019-04-21,0.9744070172309875,11,41045270.018811
25.182132,76.104714,2.430000066757202,208.556534,2019-04-21,0.9722560048103333,6,41045269.564291
25.182038,76.113243,2.319999933242798,204.224945,2019-04-21,0.9714630246162415,8,41045269.989887
25.181741,76.104344,4.150000095367432,208.436127,2019-04-21,0.9558749794960022,6,41045269.556027
25.181653,76.120871,2.3499999046325684,199.882904,2019-04-21,0.9697480201721191,11,41045270.010547
25.1816463470459,76.112874,2.319999933242798,204.435272,2019-04-21,0.9763129949569702,8,41045269.981623
25.181350708007812,76.103976,2.390000104904175,208.482941,2019-04-21,0.9593769907951355,6,41045269.547763
25.181255340576172,76.112504,2.319999933242798,203.817581,2019-04-21,0.9691789746284485,8,41045269.973359
25.18126106262207,76.120501,2.319999933242798,200.0306396484375,2019-04-21,0.9714530110359192,11,41045270.002283
25.180957794189453,76.103606,2.390000104904175,208.537842,2019-04-21,0.971422016620636,6,41045269.539499
25.180863,76.112134,2.390000104904175,204.087387,2019-04-21,0.9735119938850403,8,41045269.965095
25.180478,76.119762,2.390000104904175,200.140137,2019-04-21,0.9748079776763916,11,41045269.985755
25.180566787719727,76.103237,2.4700000286102295,208.444977,2019-04-21,0.972241997718811,6,41045269.531235
25.180471420288086,76.111765,2.2799999713897705,204.573639,2019-04-21,0.9706810116767883,8,41045269.956831
25.18017578125,76.102868,2.5,208.505875,2019-04-21,0.9712989926338196,6,41045269.522971
25.18008041381836,76.111395,2.2799999713897705,204.270676,2019-04-21,0.9705740213394165,8,41045269.948567
25.180086135864258,76.119392,2.319999933242798,200.429916,2019-04-21,0.9684600234031677,11,41045269.977491
25.179784774780273,76.102499,2.4700000286102295,208.517212,2019-04-21,0.9707959890365601,6,41045269.514707
25.1796875,76.111025,2.359999895095825,204.190567,2019-04-21,0.9722689986228943,8,41045269.940303
25.17969512939453,76.119023,2.319999933242798,200.601349,2019-04-21,0.9758880138397217,11,41045269.969227
25.179393,76.10212707519531,2.4700000286102295,208.70693969726562,2019-04-21,0.9702039957046509,6,41045269.506442
25.179296493530273,76.110655,2.359999895095825,204.545135,2019-04-21,0.9649459719657898,8,41045269.932039
25.179303,76.118653,2.3499999046325684,200.712616,2019-04-21,0.9756540060043335,11,41045269.960963
25.178911209106445,76.118283,2.319999933242798,200.72496032714844,2019-04-21,0.9787089824676514,11,41045269.952699
25.179002,76.101761,2.5,208.66452026367188,2019-04-21,0.9676730036735535,6,41045269.498176
25.178905487060547,76.110286,2.319999933242798,205.367371,2019-04-21,0.974914014339447,8,41045269.923775
25.17860984802246,76.101392,2.4700000286102295,208.79953002929688,2019-04-21,0.9667310118675232,6,41045269.48991
25.178512573242188,76.109916,2.2799999713897705,205.952698,2019-04-21,0.968055009841919,8,41045269.915511
25.17852020263672,76.117913,2.2799999713897705,200.562912,2019-04-21,0.9720900058746338,11,41045269.944435
25.178218841552734,76.101022,2.4700000286102295,208.798584,2019-04-21,0.9674149751663208,6,41045269.481644
25.178121,76.109546,2.359999895095825,205.558884,2019-04-21,0.9772549867630005,8,41045269.907247
25.178128,76.117544,2.3499999046325684,200.612762,2019-04-21,0.9721239805221558,11,41045269.936171
25.177827835083008,76.100653,2.390000104904175,208.818481,2019-04-21,0.9694259762763977,6,41045269.473378
25.177730560302734,76.109176,2.319999933242798,205.82196044921875,2019-04-21,0.9702439904212952,8,41045269.898983
25.177737,76.117174,2.390000104904175,200.981049,2019-04-21,0.9736739993095398,11,41045269.927907
25.177345275878906,76.116804,2.3499999046325684,201.341431,2019-04-21,0.971189022064209,11,41045269.919643
25.177337646484375,76.108807,2.319999933242798,205.622116,2019-04-21,0.9697870016098022,8,41045269.890719
25.17694664001465,76.108437,2.359999895095825,206.180206,2019-04-21,0.9710190296173096,8,41045269.882455
25.176953,76.116434,2.390000104904175,201.56781005859375,2019-04-21,0.9723309874534607,11,41045269.911379
25.176555,76.108067,2.430000066757202,206.572052,2019-04-21,0.9678090214729309,8,41045269.874191
25.176562,76.116064,2.5,201.834137,2019-04-21,0.9709600210189819,11,41045269.903115
25.176162719726562,76.107697,2.2799999713897705,206.869003,2019-04-21,0.972553014755249,8,41045269.865927
25.176170349121094,76.115694,4.420000076293945,202.055435,2019-04-21,0.9724040031433105,11,41045269.894851
25.175778,76.115325,2.8399999141693115,202.122406,2019-04-21,0.9725289940834045,11,41045269.886587
25.175771713256836,76.107327,2.359999895095825,206.784302,2019-04-21,0.9712349772453308,8,41045269.857663
25.17538070678711,76.106957,2.2799999713897705,206.826614,2019-04-21,0.9783220291137695,8,41045269.849399
25.175386428833008,76.114954,5.730000019073486,202.239975,2019-04-21,0.9734870195388794,11,41045269.878323
25.174989,76.106587,2.319999933242798,207.071823,2019-04-21,0.963129997253418,8,41045269.841135
25.17499542236328,76.114584,5.690000057220459,202.400269,2019-04-21,0.9741889834403992,11,41045269.870059
25.174596786499023,76.106218,2.2799999713897705,207.246628,2019-04-21,0.9690350294113159,8,41045269.832871
25.174602508544922,76.114214,7.639999866485596,202.367279,2019-04-21,0.9741309881210327,11,41045269.861795
25.174211502075195,76.113845,2.990000009536743,202.702408,2019-04-21,0.9751219749450684,11,41045269.853531
25.174205,76.105848,2.359999895095825,207.281891,2019-04-21,0.9670940041542053,8,41045269.824607
25.17382049560547,76.113475,3.25,204.058472,2019-04-21,0.9725940227508545,11,41045269.845267
25.17342185974121,76.105108,2.359999895095825,208.274185,2019-04-21,0.9673169851303101,8,41045269.808079
25.173031,76.104738,2.2799999713897705,208.282394,2019-04-21,0.9694510102272034,8,41045269.799815
25.172645568847656,76.11236572265625,2.5,203.683975,2019-04-21,0.9719399809837341,11,41045269.820475
25.172639,76.104368,2.359999895095825,208.047546,2019-04-21,0.9721909761428833,8,41045269.791551
25.172248,76.103998,2.240000009536743,208.539993,2019-04-21,0.965487003326416,8,41045269.783287
25.172254,76.111996,2.7300000190734863,204.530563,2019-04-21,0.9721660017967224,11,41045269.812211
25.171855926513672,76.103628,2.319999933242798,208.940292,2019-04-21,0.9577410221099854,8,41045269.775023
25.171863,76.11162567138672,2.5799999237060547,204.433624,2019-04-21,0.9742680191993713,11,41045269.803947
25.171464920043945,76.103258,2.319999933242798,209.333267,2019-04-21,0.9626539945602417,8,41045269.766759
25.171471,76.111255,6.960000038146973,205.406082,2019-04-21,0.9735919833183289,11,41045269.795683
25.171079,76.110885,6.889999866485596,205.674622,2019-04-21,0.9724969863891602,11,41045269.787419
25.171073,76.102888,2.359999895095825,209.553055,2019-04-21,0.9752280116081238,8,41045269.758495
25.170682,76.102518,2.2799999713897705,209.856995,2019-04-21,0.972678005695343,8,41045269.750231
25.170688,76.110516,2.8399999141693115,205.237335,2019-04-21,0.9751250147819519,11,41045269.779155
25.170289993286133,76.102148,2.359999895095825,210.117798,2019-04-21,0.9733489751815796,8,41045269.741967
25.169898986816406,76.101779,2.359999895095825,210.074081,2019-04-21,0.968766987323761,8,41045269.733703
25.169904708862305,76.109776,4.679999828338623,205.989212,2019-04-21,0.9719769954681396,11,41045269.762627
25.169513,76.109405,8.239999771118164,206.013504,2019-04-21,0.9771620035171509,11,41045269.754363
25.169507,76.101409,2.619999885559082,210.590851,2019-04-21,0.9722790122032166,8,41045269.725439
25.169116,76.101039,2.4700000286102295,211.847687,2019-04-21,0.9553200006484985,8,41045269.717175
25.169122,76.109036,5.199999809265137,206.467209,2019-04-21,0.9702579975128174,11,41045269.746099
25.168724060058594,76.100669,2.5399999618530273,211.369049,2019-04-21,0.9709780216217041,8,41045269.708911
25.16794776916504,76.107926,2.5399999618530273,207.122314,2019-04-21,0.9756730198860168,11,41045269.721307
25.167556762695312,76.107556,2.430000066757202,207.68276977539062,2019-04-21,0.9767169952392578,11,41045269.713043
25.167165,76.107187,2.3499999046325684,208.118225,2019-04-21,0.9759780168533325,11,41045269.704779
25.166774,76.106816,2.880000114440918,208.417694,2019-04-21,0.9702770113945007,11,41045269.696515
25.1663818359375,76.106447,2.430000066757202,208.583694,2019-04-21,0.9741129875183105,11,41045269.688251
25.165991,76.106077,2.390000104904175,208.800552,2019-04-21,0.9760379791259766,11,41045269.679987
25.165599822998047,76.105707,2.3499999046325684,209.179886,2019-04-21,0.9619359970092773,11,41045269.671723
25.165208,76.105338,2.390000104904175,209.213257,2019-04-21,0.9736480116844177,11,41045269.663459
25.164817,76.104968,2.390000104904175,209.899948,2019-04-21,0.9744399785995483,11,41045269.655195
25.164424896240234,76.104598,2.3499999046325684,210.366562,2019-04-21,0.9779199957847595,11,41045269.646931
25.164033889770508,76.104229,2.3499999046325684,210.714005,2019-04-21,0.9700959920883179,11,41045269.638667
25.16364288330078,76.103859,2.319999933242798,210.747086,2019-04-21,0.9757120013237,11,41045269.630403
25.163251,76.1034927368164,2.390000104904175,211.028976,2019-04-21,0.9729070067405701,11,41045269.622139
25.162860870361328,76.103121,2.3499999046325684,211.1005401611328,2019-04-21,0.96766597032547,11,41045269.613875
25.162469,76.102751,2.3499999046325684,211.504379,2019-04-21,0.9677129983901978,11,41045269.605611
25.162076950073242,76.102382,2.3499999046325684,211.612381,2019-04-21,0.9633690118789673,11,41045269.597347
25.161685943603516,76.102013,2.4700000286102295,211.926636,2019-04-21,0.9692469835281372,11,41045269.589083
25.161294,76.101644,2.3499999046325684,212.142334,2019-04-21,0.9728900194168091,11,41045269.580819
25.160903,76.101274,2.430000066757202,212.747406,2019-04-21,0.9710190296173096,11,41045269.572555
25.160512,76.100905,2.430000066757202,213.050385,2019-04-21,0.9722399711608887,11,41045269.564291
25.160120010375977,76.100536,2.3499999046325684,213.40798950195312,2019-04-21,0.9720199704170227,11,41045269.556027
25.178071,76.100578,2.4700000286102295,208.443115,2019-05-14,0.9615079760551453,5,43032352.182684
25.17767906188965,76.100948,2.4700000286102295,208.697021,2019-05-14,0.9562780261039734,5,43032352.190948
25.177289,76.101318,2.5,208.962387,2019-05-14,0.959538996219635,5,43032352.199212
25.176898,76.101689,2.430000066757202,209.173355,2019-05-14,0.9579280018806458,5,43032352.207476
25.173768,76.10465240478516,2.5399999618530273,208.401199,2019-05-14,0.9508399963378906,5,43032352.273588
25.171812057495117,76.106501,2.5399999618530273,206.623032,2019-05-14,0.9615349769592285,5,43032352.314908
25.17142105102539,76.106871,2.5399999618530273,206.3121795654297,2019-05-14,0.9590150117874146,5,43032352.323172
25.170247,76.10797882080078,2.5799999237060547,206.279694,2019-05-14,0.9639139771461487,5,43032352.347964
25.169074,76.109089,5.690000057220459,205.932297,2019-05-14,0.9527320265769958,5,43032352.372756
25.168683,76.10945892333984,3.740000009536743,205.394089,2019-05-14,0.9539620280265808,5,43032352.38102
25.16804313659668,76.102359,2.4700000286102295,209.55776977539062,2019-05-14,0.9500859975814819,6,43032352.269456
25.16790008544922,76.11019897460938,2.5,205.174927,2019-05-14,0.954442024230957,5,43032352.397548
25.167259216308594,76.103099,2.5799999237060547,209.946854,2019-05-14,0.9611610174179077,6,43032352.285984
25.16530418395996,76.104949,2.6500000953674316,209.072845,2019-05-14,0.9634760022163391,6,43032352.327304
25.164913177490234,76.105319,2.4700000286102295,209.456131,2019-05-14,0.9517830014228821,6,43032352.335568
25.164770126342773,76.1131591796875,2.9200000762939453,203.537476,2019-05-14,0.9504590034484863,5,43032352.46366
25.164522171020508,76.105689,2.4700000286102295,208.992691,2019-05-14,0.9616299867630005,6,43032352.343832
25.16412925720215,76.106059,2.5399999618530273,208.512161,2019-05-14,0.952934980392456,6,43032352.352096
25.163739,76.106429,2.430000066757202,208.63973999023438,2019-05-14,0.9557440280914307,6,43032352.36036
25.163348,76.106799,2.4700000286102295,208.7497100830078,2019-05-14,0.9527980089187622,6,43032352.368624
25.163206100463867,76.114639,2.5799999237060547,206.489105,2019-05-14,0.9504029750823975,5,43032352.496716
25.162957,76.107169,2.5,208.767899,2019-05-14,0.9575629830360413,6,43032352.376888
25.162032,76.11575317382812,2.430000066757202,205.230743,2019-05-14,0.9507920145988464,5,43032352.521511
25.161640167236328,76.11611938476562,2.990000009536743,204.793137,2019-05-14,0.9556580185890198,5,43032352.529777
25.160858154296875,76.116859,2.390000104904175,206.369537,2019-05-14,0.964368999004364,5,43032352.546309
25.160468,76.117228,6.849999904632568,207.580994,2019-05-14,0.9534749984741211,5,43032352.554575
25.160076141357422,76.117599,2.5,208.056656,2019-05-14,0.9530869722366333,5,43032352.562841
25.159684,76.117969,2.619999885559082,207.633026,2019-05-14,0.9503170251846313,5,43032352.571107
25.158902,76.118709,2.5,207.816498,2019-05-14,0.957243025302887,5,43032352.587639
25.158510208129883,76.119079,2.390000104904175,207.60585021972656,2019-05-14,0.9564480185508728,5,43032352.595905
25.158170700073242,76.100393,2.390000104904175,214.0451202392578,2019-05-14,0.958541989326477,8,43032352.707496
25.158119,76.119449,2.390000104904175,207.941116,2019-05-14,0.9552320241928101,5,43032352.604171
25.15772819519043,76.119819,2.4700000286102295,207.923752,2019-05-14,0.9594900012016296,5,43032352.612437
25.157779,76.100763,2.3499999046325684,214.311111,2019-05-14,0.952921986579895,8,43032352.715762
25.157336,76.120189,2.5,207.635223,2019-05-14,0.950950026512146,5,43032352.620703
25.157089233398438,76.112717,2.4700000286102295,210.183624,2019-05-14,0.9514250159263611,6,43032352.500848
25.15699577331543,76.101503,2.3499999046325684,214.830917,2019-05-14,0.9578139781951904,8,43032352.732294
25.156945,76.12055969238281,2.5399999618530273,207.236206,2019-05-14,0.9536780118942261,5,43032352.628969
25.156553268432617,76.12093353271484,2.5,206.855713,2019-05-14,0.9557669758796692,5,43032352.637235
25.155822,76.102613,2.3499999046325684,215.466019,2019-05-14,0.965753972530365,8,43032352.757087
25.155379,76.12203979492188,2.430000066757202,205.678146,2019-05-14,0.952564001083374,5,43032352.662033
25.154987335205078,76.1224136352539,2.430000066757202,205.884384,2019-05-14,0.951233983039856,5,43032352.670299
25.15425682067871,76.104093,2.390000104904175,215.906769,2019-05-14,0.9545900225639343,8,43032352.790143
25.153083,76.105204,2.3499999046325684,215.513428,2019-05-14,0.9526839852333069,8,43032352.814935
25.152691,76.105574,2.3499999046325684,215.122437,2019-05-14,0.9508979916572571,8,43032352.823199
25.152247,76.125001,2.5,203.977631,2019-05-14,0.9565550088882446,5,43032352.728161
25.152002334594727,76.117528,2.5399999618530273,208.431168,2019-05-14,0.9516469836235046,6,43032352.608304
25.151517868041992,76.106684,2.200000047683716,216.594955,2019-05-14,0.950281023979187,8,43032352.847991
25.150681,76.126481,2.5799999237060547,203.53421020507812,2019-05-14,0.9582269787788391,5,43032352.761219
25.150009155273438,76.100512,2.3499999046325684,216.273682,2019-05-14,0.9569799900054932,11,43032352.752955
25.149898,76.127221,2.5,204.637268,2019-05-14,0.9627900123596191,5,43032352.777747
25.149507,76.127591,2.4700000286102295,204.838074,2019-05-14,0.9572229981422424,5,43032352.786011
25.14887046813965,76.120489,2.5399999618530273,206.545685,2019-05-14,0.9509940147399902,6,43032352.674432
25.148836135864258,76.101622,2.5,215.901443,2019-05-14,0.9645259976387024,11,43032352.777747
25.148778,76.109275,2.430000066757202,214.416168,2019-05-14,0.951740026473999,8,43032352.905839
25.148479,76.120859,2.5399999618530273,206.27622985839844,2019-05-14,0.9632120132446289,6,43032352.682698
25.14844512939453,76.101992,2.4700000286102295,215.464111,2019-05-14,0.964102029800415,11,43032352.786011
25.148086547851562,76.121229,2.5,206.442123,2019-05-14,0.9572489857673645,6,43032352.690964
25.148053,76.102363,2.8399999141693115,214.929169,2019-05-14,0.9591289758682251,11,43032352.794275
25.147662,76.102733,2.5399999618530273,214.22286987304688,2019-05-14,0.9537109732627869,11,43032352.802539
25.147695541381836,76.121599,2.5,206.473785,2019-05-14,0.961745023727417,6,43032352.69923
25.14727020263672,76.103103,2.5799999237060547,213.637924,2019-05-14,0.9519919753074646,11,43032352.810803
25.146913,76.122339,2.5,206.898895,2019-05-14,0.962207019329071,6,43032352.715762
25.146820068359375,76.111125,2.5399999618530273,212.949707,2019-05-14,0.9552580118179321,8,43032352.947159
25.146429,76.111495,2.430000066757202,213.04183959960938,2019-05-14,0.9587770104408264,8,43032352.955423
25.146037,76.111865,2.319999933242798,213.058319,2019-05-14,0.9553520083427429,8,43032352.963687
25.14296531677246,76.107175,2.690000057220459,210.475571,2019-05-14,0.9550859928131104,11,43032352.901707
25.142573,76.107545,2.5799999237060547,210.106247,2019-05-14,0.9530019760131836,11,43032352.909971
25.142514,76.115193,2.390000104904175,211.955963,2019-05-14,0.9533889889717102,8,43032353.038063
25.140616,76.109395,2.5,208.870361,2019-05-14,0.9683830142021179,11,43032352.951291
25.14022445678711,76.109765,2.390000104904175,209.239365,2019-05-14,0.9588649868965149,11,43032352.959555
25.139833450317383,76.110135,2.390000104904175,209.397827,2019-05-14,0.9508219957351685,11,43032352.967819
25.139442443847656,76.110505,2.5,209.251694,2019-05-14,0.9708200097084045,11,43032352.976083
25.139049530029297,76.110874,2.390000104904175,209.554703,2019-05-14,0.9625759720802307,11,43032352.984347
25.13865852355957,76.11124420166016,2.430000066757202,209.530441,2019-05-14,0.9656339883804321,11,43032352.992611
25.136981,76.139427,2.4700000286102295,205.015289,2019-05-14,0.959326982498169,5,43032353.050459
25.136589,76.139796,2.8399999141693115,205.242569,2019-05-14,0.9671120047569275,5,43032353.058723
25.136308670043945,76.113463,2.430000066757202,206.987091,2019-05-14,0.9627010226249695,11,43032353.042195
25.136198043823242,76.140166,2.390000104904175,205.519348,2019-05-14,0.9610949754714966,5,43032353.066987
25.13591766357422,76.113833,2.690000057220459,206.770279,2019-05-14,0.9624519944190979,11,43032353.050459
25.135526,76.114202,2.5,206.633301,2019-05-14,0.9670400023460388,11,43032353.058723
25.135135650634766,76.114571,6.880000114440918,206.412567,2019-05-14,0.9602339863777161,11,43032353.066987
25.13435173034668,76.115311,2.5799999237060547,206.180252,2019-05-14,0.957955002784729,11,43032353.083515
25.130863189697266,76.13750457763672,2.5,205.059601,2019-05-14,0.9605339765548706,6,43032353.054591
25.126798,76.149036,2.5,199.919205,2019-05-14,0.9544270038604736,5,43032353.265323
25.126912,76.122334,2.390000104904175,204.336487,2019-05-14,0.9517009854316711,11,43032353.240531
25.126853,76.129983,2.5,203.093857,2019-05-14,0.9582250118255615,8,43032353.368623
25.126462,76.130353,2.430000066757202,202.74855041503906,2019-05-14,0.9659759998321533,8,43032353.376887
25.126070022583008,76.130723,2.4700000286102295,202.122177,2019-05-14,0.959069013595581,8,43032353.385151
25.125739,76.123442,6.809999942779541,204.612808,2019-05-14,0.9522479772567749,11,43032353.265323
25.125348,76.123812,7.449999809265137,204.349152,2019-05-14,0.9531019926071167,11,43032353.273587
25.125288009643555,76.131463,2.430000066757202,201.580002,2019-05-14,0.9554529786109924,8,43032353.401679
25.124956130981445,76.124182,7.519999980926514,204.912323,2019-05-14,0.956184983253479,11,43032353.281851
25.124897003173828,76.131833,2.390000104904175,201.543198,2019-05-14,0.9616730213165283,8,43032353.409943
25.124566,76.12454986572266,12.989999771118164,204.321686,2019-05-14,0.9525730013847351,11,43032353.290115
25.124505,76.132203,2.5,201.378769,2019-05-14,0.9502879977226257,8,43032353.418207
25.124114,76.132573,2.4700000286102295,201.142319,2019-05-14,0.951233983039856,8,43032353.426471
25.123781204223633,76.125292,6.099999904632568,202.77886962890625,2019-05-14,0.9532349705696106,11,43032353.306643
25.123723,76.132943,2.430000066757202,200.593674,2019-05-14,0.9542739987373352,8,43032353.434735
25.123389,76.125663,2.950000047683716,201.756653,2019-05-14,0.9593430161476135,11,43032353.314907
25.123332,76.133312,2.430000066757202,200.451309,2019-05-14,0.9694100022315979,8,43032353.442999
25.122941,76.133682,2.390000104904175,200.271942,2019-05-14,0.9666079878807068,8,43032353.451263
25.12260627746582,76.126403,2.4700000286102295,201.116379,2019-05-14,0.9580870270729065,11,43032353.331435
25.122549057006836,76.134052,2.3499999046325684,200.141129,2019-05-14,0.9604780077934265,8,43032353.459527
25.122214,76.126772,2.5399999618530273,200.796753,2019-05-14,0.965499997138977,11,43032353.339699
25.122159,76.134422,2.3499999046325684,199.967453,2019-05-14,0.9675019979476929,8,43032353.467791
25.122101,76.153472,4.190000057220459,199.590942,2019-05-14,0.9505040049552917,5,43032353.364491
25.121823,76.127142,2.430000066757202,200.663742,2019-05-14,0.964809000492096,11,43032353.347963
25.121767044067383,76.134792,2.390000104904175,199.925797,2019-05-14,0.9511770009994507,8,43032353.476055
25.121709,76.153843,2.5,197.350906,2019-05-14,0.963824987411499,5,43032353.372755
25.121434,76.12751007080078,8.529999732971191,200.705368,2019-05-14,0.9677950143814087,11,43032353.356227
25.121376037597656,76.135162,2.3499999046325684,199.868057,2019-05-14,0.9676039814949036,8,43032353.484319
25.121041,76.127882,2.5399999618530273,200.835358,2019-05-14,0.9686480164527893,11,43032353.364491
25.120986,76.135531,5.119999885559082,199.806641,2019-05-14,0.9635739922523499,8,43032353.492583
25.120925903320312,76.154583,2.5399999618530273,196.168732,2019-05-14,0.9616450071334839,5,43032353.389283
25.120649,76.128252,2.4700000286102295,200.646118,2019-05-14,0.9572550058364868,11,43032353.372755
25.120594024658203,76.135902,2.5,199.522476,2019-05-14,0.9631999731063843,8,43032353.500847
25.120203018188477,76.136271,2.5799999237060547,199.368805,2019-05-14,0.9500010013580322,8,43032353.509111
25.119754,76.15569305419922,11.75,194.593414,2019-05-14,0.9541270136833191,5,43032353.414075
25.11981201171875,76.136641,2.3499999046325684,199.281174,2019-05-14,0.9665219783782959,8,43032353.517377
25.118302,76.130471,2.4700000286102295,199.941650390625,2019-05-14,0.9662520289421082,11,43032353.422339
25.117129,76.13157653808594,2.430000066757202,200.275467,2019-05-14,0.9675559997558594,11,43032353.447131
25.116738,76.13195037841797,2.5,200.140152,2019-05-14,0.9623900055885315,11,43032353.455395
25.116347,76.13231658935547,2.5,200.181351,2019-05-14,0.9712499976158142,11,43032353.463659
25.115983963012695,76.151551,2.690000057220459,197.563126,2019-05-14,0.9613469839096069,6,43032353.368623
25.115956,76.1326904296875,2.430000066757202,200.305649,2019-05-14,0.9614819884300232,11,43032353.471923
25.115592,76.151921,2.799999952316284,197.681152,2019-05-14,0.9630299806594849,6,43032353.376887
25.115565,76.133059,3.3299999237060547,200.291748,2019-05-14,0.9615269899368286,11,43032353.480187
25.115201,76.152291,2.430000066757202,197.034195,2019-05-14,0.9552019834518433,6,43032353.385151
25.114418029785156,76.15303039550781,2.4700000286102295,197.644806,2019-05-14,0.9569069743156433,6,43032353.401679
25.113942,76.142189,2.5399999618530273,199.453262,2019-05-14,0.9550120234489441,8,43032353.641367
25.11402702331543,76.15339660644531,2.4700000286102295,197.761688,2019-05-14,0.9697369933128357,6,43032353.409943
25.113636016845703,76.15377044677734,2.4700000286102295,197.678391,2019-05-14,0.9576600193977356,6,43032353.418207
25.113245010375977,76.15413665771484,2.5399999618530273,197.841766,2019-05-14,0.9517369866371155,6,43032353.426471
25.110753,76.164197,2.5399999618530273,195.060181,2019-05-14,0.9646829962730408,5,43032353.60417
25.106054306030273,76.168632,2.799999952316284,198.761368,2019-05-14,0.9514849781990051,5,43032353.703362
25.105810165405273,76.161165,2.4700000286102295,195.880951,2019-05-14,0.9555420279502869,6,43032353.583505
25.105663299560547,76.169002,2.6500000953674316,198.433914,2019-05-14,0.9545930027961731,5,43032353.711628
25.105273,76.169369,9.020000457763672,198.331543,2019-05-14,0.9637799859046936,5,43032353.719894
25.104936,76.150691,2.6500000953674316,195.547256,2019-05-14,0.9509459733963013,8,43032353.831463
25.104879,76.169741,2.5399999618530273,197.683731,2019-05-14,0.9582359790802002,5,43032353.72816
25.153447,76.199433,12.630000114440918,189.858749,2020-01-24,0.9606900215148926,5,65099296.975836
25.153056,76.199072,2.690000057220459,189.753922,2020-01-24,0.9532139897346497,5,65099296.967572
25.152276,76.198331,2.609999895095825,195.123703,2020-01-24,0.963578999042511,5,65099296.951044
25.151885986328125,76.197962,2.7200000286102295,195.289398,2020-01-24,0.9675729870796204,5,65099296.94278
25.151496,76.197594,2.7200000286102295,195.501495,2020-01-24,0.9532979726791382,5,65099296.934516
25.151105880737305,76.197225,2.8399999141693115,195.534988,2020-01-24,0.9686989784240723,5,65099296.926252
25.15071678161621,76.196856,2.7200000286102295,195.675568,2020-01-24,0.9612240195274353,5,65099296.917988
25.150327,76.196488,2.759999990463257,195.414352,2020-01-24,0.961139976978302,5,65099296.909724
25.14993667602539,76.19612121582031,2.799999952316284,195.412155,2020-01-24,0.9717980027198792,5,65099296.90146
25.149547,76.195752,2.799999952316284,193.749802,2020-01-24,0.9579129815101624,5,65099296.893196
25.14915657043457,76.195383,3.509999990463257,193.976501,2020-01-24,0.96698397397995,5,65099296.884932
25.148767471313477,76.19501495361328,3.359999895095825,193.038971,2020-01-24,0.9689369797706604,5,65099296.876668
25.148378372192383,76.194646,3.7300000190734863,194.5598602294922,2020-01-24,0.962440013885498,5,65099296.868404
25.147988,76.194278,3.549999952316284,192.892868,2020-01-24,0.9616439938545227,5,65099296.86014
25.147598266601562,76.193909,3.700000047683716,194.216568,2020-01-24,0.966621994972229,5,65099296.851876
25.147209,76.193542,2.759999990463257,192.612976,2020-01-24,0.9662719964981079,5,65099296.843612
25.146819,76.193174,2.6500000953674316,192.666702,2020-01-24,0.9534969925880432,5,65099296.835348
25.146429,76.192806,3.0199999809265137,192.165054,2020-01-24,0.9644359946250916,5,65099296.827084
25.146039,76.192438,2.569999933242798,191.814606,2020-01-24,0.9561830163002014,5,65099296.81882
25.14565086364746,76.19207000732422,2.690000057220459,191.229507,2020-01-24,0.9629889726638794,5,65099296.810556
25.145259857177734,76.191702,2.990000009536743,190.681808,2020-01-24,0.9561280012130737,5,65099296.802292
25.14487075805664,76.191333,2.8399999141693115,191.073654,2020-01-24,0.9622340202331543,5,65099296.794028
25.144481,76.190966,2.869999885559082,190.119766,2020-01-24,0.9594380259513855,5,65099296.785764
25.144091,76.190597,4.329999923706055,189.606735,2020-01-24,0.953665018081665,5,65099296.7775
25.143701,76.190228,4.03000020980835,189.508591,2020-01-24,0.9634280204772949,5,65099296.769236
25.143468856811523,76.198374,3.0199999809265137,183.430283,2020-01-24,0.9521049857139587,6,65099296.79816
25.143311,76.189861,2.869999885559082,189.582153,2020-01-24,0.9571470022201538,5,65099296.760972
25.142921447753906,76.189493,2.9100000858306885,189.310455,2020-01-24,0.9632070064544678,5,65099296.752708
25.142690658569336,76.197635,3.7699999809265137,185.266602,2020-01-24,0.957065999507904,6,65099296.781632
25.142532348632812,76.189122,6.5,189.534576,2020-01-24,0.9517660140991211,5,65099296.744444
25.14229965209961,76.197268,2.569999933242798,185.693527,2020-01-24,0.9567810297012329,6,65099296.773368
25.142142,76.188755,2.569999933242798,191.712738,2020-01-24,0.9514780044555664,5,65099296.73618
25.141910552978516,76.196899,2.609999895095825,185.795029,2020-01-24,0.9589020013809204,6,65099296.765104
25.141753,76.188381,3.700000047683716,198.491104,2020-01-24,0.9617509841918945,5,65099296.727916
25.141521453857422,76.196533203125,3.059999942779541,187.029922,2020-01-24,0.9535830020904541,6,65099296.75684
25.141542434692383,76.170827,3.0999999046325684,196.335236,2020-01-24,0.9515799880027771,2,65099296.244436
25.1413631439209,76.1880111694336,2.990000009536743,203.8582000732422,2020-01-24,0.9610959887504578,5,65099296.719652
25.141131,76.196161,2.609999895095825,187.522049,2020-01-24,0.9581009745597839,6,65099296.748576
25.140973,76.187643,3.9200000762939453,200.906311,2020-01-24,0.9554389715194702,5,65099296.711388
25.140193,76.186911,2.7200000286102295,195.735489,2020-01-24,0.9600489735603333,5,65099296.69486
25.139571,76.194688,2.6500000953674316,188.251221,2020-01-24,0.9633439779281616,6,65099296.71552
25.13918113708496,76.19432067871094,2.5399999618530273,187.847015,2020-01-24,0.9555469751358032,6,65099296.707256
25.139022827148438,76.185806,2.609999895095825,195.997314,2020-01-24,0.9505159854888916,5,65099296.670068
25.138792037963867,76.193951,2.6500000953674316,188.421173,2020-01-24,0.9585959911346436,6,65099296.698992
25.138633,76.185438,2.799999952316284,196.088516,2020-01-24,0.9507030248641968,5,65099296.661804
25.138402,76.193582,2.609999895095825,188.978638,2020-01-24,0.9587690234184265,6,65099296.690728
25.138242721557617,76.185069,2.759999990463257,196.404724,2020-01-24,0.9508939981460571,5,65099296.65354
25.138011932373047,76.1932144165039,2.609999895095825,189.031555,2020-01-24,0.9574210047721863,6,65099296.682464
25.137462,76.184334,2.690000057220459,194.597305,2020-01-24,0.9583140015602112,5,65099296.637012
25.136842,76.19210815429688,2.5399999618530273,187.440125,2020-01-24,0.9676539897918701,6,65099296.657672
25.136451,76.191743,2.6500000953674316,186.470551,2020-01-24,0.9569600224494934,6,65099296.649408
25.13629150390625,76.183228,2.690000057220459,196.846344,2020-01-24,0.951852023601532,5,65099296.61222
25.136061,76.191375,2.6500000953674316,185.336075,2020-01-24,0.9510639905929565,6,65099296.641144
25.135901,76.182861328125,2.799999952316284,196.824142,2020-01-24,0.9611489772796631,5,65099296.603956
25.135671,76.191007,3.359999895095825,183.812134,2020-01-24,0.9578189849853516,6,65099296.63288
25.13551139831543,76.182491,2.759999990463257,196.624542,2020-01-24,0.9620710015296936,5,65099296.595692
25.1351375579834,76.19927978515625,2.9100000858306885,194.996765,2020-01-24,0.9631779789924622,8,65099297.062608
25.134889602661133,76.190272,2.759999990463257,183.304932,2020-01-24,0.9685819745063782,6,65099296.616352
25.134746551513672,76.198911,2.799999952316284,195.1147003173828,2020-01-24,0.9606689810752869,8,65099297.054344
25.134501,76.18990325927734,6.389999866485596,183.811752,2020-01-24,0.9591339826583862,6,65099296.608088
25.134357452392578,76.198543,2.8399999141693115,195.136368,2020-01-24,0.9594029784202576,8,65099297.04608
25.134111404418945,76.189527,2.9100000858306885,194.306183,2020-01-24,0.9597030282020569,6,65099296.599824
25.133949,76.18102264404297,2.690000057220459,194.350891,2020-01-24,0.9612990021705627,5,65099296.562636
25.13396644592285,76.198174,2.7200000286102295,195.261307,2020-01-24,0.9620280265808105,8,65099297.037816
25.13372039794922,76.189158,3.809999942779541,194.606415,2020-01-24,0.9596120119094849,6,65099296.59156
25.133559,76.180652,2.869999885559082,193.899323,2020-01-24,0.9616270065307617,5,65099296.554372
25.133575439453125,76.197805,2.799999952316284,195.132095,2020-01-24,0.9638839960098267,8,65099297.029552
25.133329391479492,76.18878936767578,2.6500000953674316,195.510849,2020-01-24,0.9580140113830566,6,65099296.583296
25.1331844329834,76.197437,2.799999952316284,194.823166,2020-01-24,0.9543190002441406,8,65099297.021288
25.133168,76.180284,2.759999990463257,193.645447,2020-01-24,0.9611089825630188,5,65099296.546108
25.1329402923584,76.188422,3.1700000762939453,194.948517,2020-01-24,0.9610790014266968,6,65099296.575032
25.132794,76.197068,2.5,194.472122,2020-01-24,0.9643629789352417,8,65099297.013024
25.13277816772461,76.179915,3.059999942779541,193.508698,2020-01-24,0.9617490172386169,5,65099296.537844
25.132549,76.188055,3.059999942779541,193.619446,2020-01-24,0.9648399949073792,6,65099296.566768
25.132387161254883,76.179547,2.8399999141693115,194.052704,2020-01-24,0.9636160135269165,5,65099296.52958
25.132403,76.196703,2.8399999141693115,189.282349,2020-01-24,0.9642660021781921,8,65099297.00476
25.132159,76.187686,3.1700000762939453,194.521545,2020-01-24,0.9631800055503845,6,65099296.558504
25.132012,76.19633483886719,2.8399999141693115,188.082153,2020-01-24,0.9599239826202393,8,65099296.996496
25.131997,76.179179,2.759999990463257,194.279922,2020-01-24,0.9567919969558716,5,65099296.521316
25.131768,76.187319,2.8399999141693115,193.118134,2020-01-24,0.9616900086402893,6,65099296.55024
25.131622314453125,76.195967,2.759999990463257,187.077652,2020-01-24,0.9646130204200745,8,65099296.988232
25.131378173828125,76.186949,2.609999895095825,195.291046,2020-01-24,0.9610869884490967,6,65099296.541976
25.1312313079834,76.195599,2.869999885559082,186.076981,2020-01-24,0.9603880047798157,8,65099296.979968
25.1309871673584,76.186582,3.059999942779541,193.586777,2020-01-24,0.9636449813842773,6,65099296.533712
25.130597,76.186213,5.980000019073486,191.223145,2020-01-24,0.9668779969215393,6,65099296.525448
25.130449295043945,76.194864,2.569999933242798,183.727112,2020-01-24,0.9548280239105225,8,65099296.96344
25.130206,76.18584442138672,8.140000343322754,190.5802001953125,2020-01-24,0.965362012386322,6,65099296.517184
25.13006019592285,76.19449615478516,2.690000057220459,182.568466,2020-01-24,0.9530199766159058,8,65099296.955176
25.130044,76.177336,2.6500000953674316,196.671509,2020-01-24,0.9658470153808594,5,65099296.479996
25.12981605529785,76.185475,6.309999942779541,192.677612,2020-01-24,0.9659460186958313,6,65099296.50892
25.129669189453125,76.194128,2.8399999141693115,181.661987,2020-01-24,0.9583770036697388,8,65099296.946912
25.129653,76.176968,2.8399999141693115,196.45635986328125,2020-01-24,0.9701460003852844,5,65099296.471732
25.129425048828125,76.185105,4.03000020980835,197.379517,2020-01-24,0.9557250142097473,6,65099296.500656
25.129262924194336,76.17659759521484,2.7200000286102295,196.184891,2020-01-24,0.9681739807128906,5,65099296.463468
25.12928009033203,76.193759,3.140000104904175,181.217926,2020-01-24,0.9677780270576477,8,65099296.938648
25.129035,76.184736,3.809999942779541,199.152176,2020-01-24,0.9604319930076599,6,65099296.492392
25.128889083862305,76.19338989257812,3.0999999046325684,182.976181,2020-01-24,0.9588980078697205,8,65099296.930384
25.12887191772461,76.176232,2.6500000953674316,196.042801,2020-01-24,0.9635099768638611,5,65099296.455204
25.128644943237305,76.184366,9.300000190734863,196.821243,2020-01-24,0.9570800065994263,6,65099296.484128
25.12849998474121,76.193022,2.9100000858306885,182.329315,2020-01-24,0.9645860195159912,8,65099296.92212
25.128482,76.175864,3.0199999809265137,195.825439,2020-01-24,0.9671589732170105,5,65099296.44694
25.128253936767578,76.184001,4.670000076293945,196.065933,2020-01-24,0.9580060243606567,6,65099296.475864
25.128110885620117,76.192654,2.990000009536743,182.511337,2020-01-24,0.9576339721679688,8,65099296.913856
25.128091,76.175496,2.759999990463257,195.908905,2020-01-24,0.9625229835510254,5,65099296.438676
25.12786293029785,76.183635,2.690000057220459,196.314819,2020-01-24,0.9679759740829468,6,65099296.4676
25.127701,76.175128,2.8399999141693115,196.092728,2020-01-24,0.9653080105781555,5,65099296.430412
25.12771987915039,76.192286,2.690000057220459,182.146729,2020-01-24,0.9597539901733398,8,65099296.905592
25.127473,76.18326568603516,2.799999952316284,196.184753,2020-01-24,0.9641759991645813,6,65099296.459336
25.127330780029297,76.191918,2.5399999618530273,181.138687,2020-01-24,0.9579949975013733,8,65099296.897328
25.127309799194336,76.17475891113281,2.759999990463257,195.993912,2020-01-24,0.9629259705543518,5,65099296.422148
25.127082,76.182898,2.690000057220459,196.350616,2020-01-24,0.9655659794807434,6,65099296.451072
25.126691,76.18253326416016,2.6500000953674316,196.237259,2020-01-24,0.9567310214042664,6,65099296.442808
25.126551,76.191181,5.53000020980835,178.242035,2020-01-24,0.9567639827728271,8,65099296.8808
25.126529,76.174024,2.950000047683716,195.750778,2020-01-24,0.95489102602005,5,65099296.40562
25.126301,76.182162,2.869999885559082,196.2461395263672,2020-01-24,0.9679890275001526,6,65099296.434544
25.12613868713379,76.173656,2.690000057220459,195.635056,2020-01-24,0.9691050052642822,5,65099296.397356
25.126161,76.190814,2.869999885559082,179.738342,2020-01-24,0.9643290042877197,8,65099296.872536
25.12590980529785,76.181795,3.4700000286102295,193.476959,2020-01-24,0.957489013671875,6,65099296.42628
25.125771,76.190444,3.9600000381469727,177.519226,2020-01-24,0.9628710150718689,8,65099296.864272
25.125747680664062,76.173287,4.710000038146973,194.654938,2020-01-24,0.9610949754714966,5,65099296.389091
25.125520706176758,76.181427,4.889999866485596,192.995636,2020-01-24,0.9646940231323242,6,65099296.418016
25.125382,76.190074,3.8499999046325684,182.978516,2020-01-24,0.9601060152053833,8,65099296.856008
25.125358,76.172921,2.950000047683716,195.289764,2020-01-24,0.9520689845085144,5,65099296.380824
25.125129,76.181064,3.2100000381469727,186.868484,2020-01-24,0.950203001499176,6,65099296.409752
25.12499237060547,76.189706,2.8399999141693115,184.528549,2020-01-24,0.9632179737091064,8,65099296.847744
25.124967,76.172553,2.9100000858306885,195.342026,2020-01-24,0.9502099752426147,5,65099296.372558
25.124738693237305,76.180696,2.9100000858306885,187.848831,2020-01-24,0.9595080018043518,6,65099296.401488
25.124576568603516,76.172185,2.7200000286102295,195.063766,2020-01-24,0.9696159958839417,5,65099296.364293
25.124603271484375,76.189337,3.9200000762939453,183.511032,2020-01-24,0.9626169800758362,8,65099296.83948
25.124347686767578,76.180328,2.759999990463257,187.895874,2020-01-24,0.9530270099639893,6,65099296.393224
25.12418556213379,76.171817,2.9100000858306885,195.009018,2020-01-24,0.9627419710159302,5,65099296.356027
25.123823165893555,76.1885986328125,7.619999885559082,179.891785,2020-01-24,0.9641889929771423,8,65099296.822952
25.123796463012695,76.171449,2.869999885559082,195.064087,2020-01-24,0.9573429822921753,5,65099296.34776
25.123567,76.179593,2.759999990463257,186.736313,2020-01-24,0.9564710259437561,6,65099296.376691
25.12343406677246,76.188232,2.799999952316284,185.028885,2020-01-24,0.9569190144538879,8,65099296.814688
25.12317657470703,76.179225,2.759999990463257,186.462067,2020-01-24,0.9646030068397522,6,65099296.368426
25.123015,76.170714,2.799999952316284,194.505981,2020-01-24,0.9617670178413391,5,65099296.331229
25.123044,76.187864,2.950000047683716,184.597672,2020-01-24,0.9590870141983032,8,65099296.806424
25.12265396118164,76.187497,3.140000104904175,183.661301,2020-01-24,0.9581959843635559,8,65099296.79816
25.122603,76.195725,3.549999952316284,177.885529,2020-01-24,0.9565550088882446,11,65099296.827084
25.12262535095215,76.170346,2.7200000286102295,194.215256,2020-01-24,0.9589930176734924,5,65099296.322963
25.12239646911621,76.178489,3.0199999809265137,185.888687,2020-01-24,0.9591749906539917,6,65099296.351893
25.122264,76.187129,2.609999895095825,183.512512,2020-01-24,0.9662910103797913,8,65099296.789896
25.12221336364746,76.195356,3.809999942779541,178.768173,2020-01-24,0.9612290263175964,11,65099296.81882
25.122234344482422,76.169978,2.8399999141693115,194.134598,2020-01-24,0.9599469900131226,5,65099296.314696
25.121844,76.169611,2.759999990463257,194.026154,2020-01-24,0.9658380150794983,5,65099296.30643
25.12187385559082,76.186761,2.4600000381469727,183.266586,2020-01-24,0.9610400199890137,8,65099296.781632
25.121824264526367,76.19498443603516,8.329999923706055,180.004974,2020-01-24,0.963021993637085,11,65099296.810556
25.121435165405273,76.194614,6.800000190734863,183.322815,2020-01-24,0.969681978225708,11,65099296.802292
25.121453,76.169243,2.869999885559082,194.226166,2020-01-24,0.9543759822845459,5,65099296.298165
25.12104606628418,76.194238,5.710000038146973,195.840897,2020-01-24,0.9693750143051147,11,65099296.794028
25.121063232421875,76.168875,2.759999990463257,194.398087,2020-01-24,0.9586470127105713,5,65099296.289898
25.120834350585938,76.17701721191406,2.7200000286102295,183.427795,2020-01-24,0.9581789970397949,6,65099296.318829
25.120656967163086,76.1938705444336,4.0,196.122498,2020-01-24,0.9661470055580139,11,65099296.785764
25.120282,76.168139,2.799999952316284,194.503632,2020-01-24,0.9625959992408752,5,65099296.273367
25.120317459106445,76.185277,11.65999984741211,189.861526,2020-01-24,0.9592480063438416,8,65099296.748576
25.120267,76.19349670410156,2.9100000858306885,201.430634,2020-01-24,0.9694479703903198,11,65099296.7775
25.119927,76.184911,2.8399999141693115,196.458313,2020-01-24,0.9572290182113647,8,65099296.740312
25.119876861572266,76.193132,18.760000228881836,185.437225,2020-01-24,0.968425989151001,11,65099296.769236
25.119892120361328,76.167771,2.7200000286102295,194.886108,2020-01-24,0.9681339859962463,5,65099296.265101
25.119537353515625,76.184542,2.759999990463257,196.569412,2020-01-24,0.9653649926185608,8,65099296.732048
25.119487,76.192766,15.0600004196167,185.775665,2020-01-24,0.9627940058708191,11,65099296.760972
25.1195011138916,76.167403,2.7200000286102295,195.003204,2020-01-24,0.9588750004768372,5,65099296.256834
25.119147,76.184174,2.759999990463257,196.608093,2020-01-24,0.9511550068855286,8,65099296.723784
25.119096755981445,76.192398,15.100000381469727,185.152618,2020-01-24,0.9613000154495239,11,65099296.752708
25.119111,76.167035,2.6500000953674316,195.031784,2020-01-24,0.9625300168991089,5,65099296.248568
25.11871910095215,76.166667,2.6500000953674316,195.383682,2020-01-24,0.9569960236549377,5,65099296.240303
25.118757247924805,76.183806,2.609999895095825,196.559631,2020-01-24,0.9616140127182007,8,65099296.71552
25.118316,76.191674,3.359999895095825,178.282959,2020-01-24,0.9587860107421875,11,65099296.73618
25.118330001831055,76.166298,2.869999885559082,195.211472,2020-01-24,0.9570170044898987,5,65099296.232037
25.117978,76.183069,3.2100000381469727,195.715912,2020-01-24,0.9509980082511902,8,65099296.698992
25.11792755126953,76.191293,3.319999933242798,197.050842,2020-01-24,0.9700490236282349,11,65099296.727916
25.117938995361328,76.165931,2.759999990463257,195.144165,2020-01-24,0.955826997756958,5,65099296.22377
25.11758804321289,76.182702,2.7200000286102295,195.811417,2020-01-24,0.9568300247192383,8,65099296.690728
25.117538452148438,76.190924,17.940001,183.927841,2020-01-24,0.9650160074234009,11,65099296.719652
25.1175479888916,76.165563,2.609999895095825,195.280899,2020-01-24,0.9568629860877991,5,65099296.215504
25.117158,76.165194,2.950000047683716,195.417435,2020-01-24,0.9631069898605347,5,65099296.207239
25.117198,76.182334,2.799999952316284,195.654678,2020-01-24,0.9545900225639343,8,65099296.682464
25.117148,76.190557,16.370001,184.308334,2020-01-24,0.9660199880599976,11,65099296.711388
25.116931,76.173331,11.279999732971191,187.587616,2020-01-24,0.9622380137443542,6,65099296.23617
25.116758346557617,76.190188,11.319999694824219,189.775345,2020-01-24,0.970192015171051,11,65099296.703124
25.116767,76.164826,2.799999952316284,195.979111,2020-01-24,0.9603829979896545,5,65099296.198973
25.116540908813477,76.172963,3.6600000858306885,196.488922,2020-01-24,0.9689409732818604,6,65099296.227904
25.116418,76.181597,3.6600000858306885,195.264175,2020-01-24,0.9517059922218323,8,65099296.665936
25.116368,76.189821,3.7300000190734863,196.63414001464844,2020-01-24,0.9695780277252197,11,65099296.69486
25.116376,76.164458,2.869999885559082,196.04537963867188,2020-01-24,0.9652590155601501,5,65099296.190706
25.11614990234375,76.172593,5.420000076293945,197.607162,2020-01-24,0.9657319784164429,6,65099296.219637
25.116027,76.181229,4.860000133514404,193.270218,2020-01-24,0.9652550220489502,8,65099296.657672
25.115978240966797,76.189453,5.300000190734863,193.702469,2020-01-24,0.9690200090408325,11,65099296.686596
25.115985,76.16409301757812,2.6500000953674316,195.743546,2020-01-24,0.9656879901885986,5,65099296.18244
25.115758895874023,76.172227,2.9100000858306885,197.090164,2020-01-24,0.9636459946632385,6,65099296.211371
25.115594,76.163722,2.690000057220459,195.554581,2020-01-24,0.9565190076828003,5,65099296.174175
25.115636825561523,76.18086242675781,5.420000076293945,193.854736,2020-01-24,0.9647669792175293,8,65099296.649408
25.115588,76.189085,3.809999942779541,194.428925,2020-01-24,0.9609609842300415,11,65099296.678332
25.115247,76.180492,5.679999828338623,193.540604,2020-01-24,0.9704970121383667,8,65099296.641144
25.115198135375977,76.188716,10.130000114440918,190.405243,2020-01-24,0.9626449942588806,11,65099296.670068
25.115203857421875,76.163353,2.759999990463257,196.253311,2020-01-24,0.9584320187568665,5,65099296.165909
25.11497688293457,76.171492,2.869999885559082,195.351715,2020-01-24,0.9659720063209534,6,65099296.194839
25.114856719970703,76.180124,3.809999942779541,195.353012,2020-01-24,0.9572209715843201,8,65099296.63288
25.114808,76.188349,3.8499999046325684,194.04660034179688,2020-01-24,0.965474009513855,11,65099296.661804
25.11481285095215,76.162984,2.990000009536743,196.795349,2020-01-24,0.9668130278587341,5,65099296.157645
25.114587,76.171123,2.6500000953674316,197.201996,2020-01-24,0.9640859961509705,6,65099296.186573
25.114467,76.179755,4.289999961853027,195.446594,2020-01-24,0.9738579988479614,8,65099296.624616
25.114418029785156,76.187981,3.059999942779541,195.350601,2020-01-24,0.957768976688385,11,65099296.65354
25.114421844482422,76.162616,2.759999990463257,196.809647,2020-01-24,0.9636809825897217,5,65099296.14938
25.114196,76.170754,2.869999885559082,196.846909,2020-01-24,0.9649829864501953,6,65099296.178308
25.114028,76.187613,3.059999942779541,195.670837,2020-01-24,0.9554160237312317,11,65099296.645276
25.114031,76.162248,2.759999990463257,196.788254,2020-01-24,0.955361008644104,5,65099296.141116
25.114076614379883,76.179387,3.0999999046325684,196.462448,2020-01-24,0.9558470249176025,8,65099296.616352
25.113805,76.170385,4.110000133514404,196.834641,2020-01-24,0.9531239867210388,6,65099296.170042
25.113687,76.179017,6.5,195.817642,2020-01-24,0.9666370153427124,8,65099296.608088
25.113637924194336,76.187244,2.869999885559082,195.979294,2020-01-24,0.9654669761657715,11,65099296.637012
25.113414,76.170018,2.609999895095825,197.913696,2020-01-24,0.9626129865646362,6,65099296.161776
25.113296,76.178649,7.46999979019165,195.485123,2020-01-24,0.9627249836921692,8,65099296.599824
25.11324691772461,76.186876,2.869999885559082,196.160568,2020-01-24,0.9627990126609802,11,65099296.628748
25.113248825073242,76.161511,2.7200000286102295,197.472046,2020-01-24,0.9642390012741089,5,65099296.124588
25.113023,76.169649,2.7200000286102295,197.925476,2020-01-24,0.9695069789886475,6,65099296.153513
25.112905502319336,76.178279,7.960000038146973,197.746338,2020-01-24,0.9577329754829407,8,65099296.59156
25.112857,76.186508,2.8399999141693115,196.301788,2020-01-24,0.9561820030212402,11,65099296.620484
25.112857818603516,76.161143,2.759999990463257,197.590179,2020-01-24,0.9597439765930176,5,65099296.116324
25.11246681213379,76.18614196777344,2.7200000286102295,196.317474,2020-01-24,0.9567779898643494,11,65099296.61222
25.11246681213379,76.1607666015625,7.960000038146973,197.558792,2020-01-24,0.9562079906463623,5,65099296.108061
25.112516403198242,76.177909,9.449999809265137,197.863159,2020-01-24,0.9611219763755798,8,65099296.583296
25.112241,76.168913,2.6500000953674316,197.758789,2020-01-24,0.9601119756698608,6,65099296.136984
25.112125396728516,76.177546,2.6500000953674316,197.844254,2020-01-24,0.9514769911766052,8,65099296.575032
25.112077,76.185771,2.990000009536743,196.45697021484375,2020-01-24,0.9652190208435059,11,65099296.603956
25.112075805664062,76.160406,2.6500000953674316,197.582794,2020-01-24,0.9617339968681335,5,65099296.099796
25.11185073852539,76.168545,2.6500000953674316,197.726807,2020-01-24,0.9646649956703186,6,65099296.12872
25.111735,76.177175,5.570000171661377,197.241608,2020-01-24,0.9655870199203491,8,65099296.566768
25.11168670654297,76.185403,3.0999999046325684,196.741577,2020-01-24,0.9617649912834167,11,65099296.595692
25.111684799194336,76.160038,2.759999990463257,197.599258,2020-01-24,0.9633910059928894,5,65099296.091532
25.111459,76.168176,2.759999990463257,197.578842,2020-01-24,0.9639390110969543,6,65099296.120457
25.111344,76.176811,2.690000057220459,196.748749,2020-01-24,0.9559670090675354,8,65099296.558504
25.111295700073242,76.185034,3.059999942779541,196.808167,2020-01-24,0.9559640288352966,11,65099296.587428
25.11129379272461,76.15966796875,2.759999990463257,197.606461,2020-01-24,0.9624159932136536,5,65099296.083269
25.111068,76.167808,2.690000057220459,197.620499,2020-01-24,0.9656569957733154,6,65099296.112192
25.110953,76.176442,3.9200000762939453,196.000595,2020-01-24,0.9551249742507935,8,65099296.55024
25.110906,76.184666,3.0199999809265137,196.860916,2020-01-24,0.9583860039710999,11,65099296.579164
25.110902786254883,76.159301,2.7200000286102295,197.547897,2020-01-24,0.9626259803771973,5,65099296.075005
25.110563278198242,76.176075,6.090000152587891,191.992294,2020-01-24,0.9659910202026367,8,65099296.541976
25.110515,76.184298,3.0999999046325684,196.737808,2020-01-24,0.9592840075492859,11,65099296.5709
25.110511,76.158933,2.7200000286102295,197.414917,2020-01-24,0.9558380246162415,5,65099296.06674
25.110286,76.167072,2.6500000953674316,196.950729,2020-01-24,0.9574670195579529,6,65099296.095665
25.110172271728516,76.17571258544922,3.9600000381469727,188.904358,2020-01-24,0.9629459977149963,8,65099296.533712
25.110124588012695,76.18392944335938,3.0999999046325684,196.756378,2020-01-24,0.9620040059089661,11,65099296.562636
25.11012077331543,76.158565,2.759999990463257,197.339355,2020-01-24,0.9548310041427612,5,65099296.058477
25.1097354888916,76.18356323242188,4.710000038146973,196.932816,2020-01-24,0.9644700288772583,11,65099296.554372
25.109344482421875,76.183194,2.869999885559082,196.959305,2020-01-24,0.9705309867858887,11,65099296.546108
25.109338,76.157829,2.6500000953674316,197.451584,2020-01-24,0.9614520072937012,5,65099296.041948
25.109113,76.165967,2.6500000953674316,197.158554,2020-01-24,0.9686390161514282,6,65099296.070873
25.108954,76.182825,2.990000009536743,197.100449,2020-01-24,0.9718570113182068,11,65099296.537844
25.108947,76.15746307373047,2.799999952316284,197.810608,2020-01-24,0.9634090065956116,5,65099296.033684
25.108722,76.165599,2.6500000953674316,197.024918,2020-01-24,0.9653649926185608,6,65099296.062609
25.108563,76.182457,3.0199999809265137,197.453766,2020-01-24,0.9748039841651917,11,65099296.52958
25.108331,76.165231,2.609999895095825,197.274628,2020-01-24,0.9630609750747681,6,65099296.054344
25.108173370361328,76.182089,2.990000009536743,197.543854,2020-01-24,0.9764689803123474,11,65099296.521316
25.108165,76.156724,2.869999885559082,197.443802,2020-01-24,0.9588050246238708,5,65099296.017156
25.107940673828125,76.164862,2.799999952316284,196.942902,2020-01-24,0.9648399949073792,6,65099296.04608
25.1077823638916,76.18171691894531,2.950000047683716,197.678558,2020-01-24,0.971996009349823,11,65099296.513052
25.107772827148438,76.156356,2.799999952316284,197.466568,2020-01-24,0.9605849981307983,5,65099296.008892
25.107547760009766,76.164495,2.7200000286102295,196.621338,2020-01-24,0.9600009918212891,6,65099296.037817
25.10738182067871,76.155988,2.7200000286102295,197.258057,2020-01-24,0.9635419845581055,5,65099296.000629
25.10715675354004,76.164127,2.5399999618530273,196.625534,2020-01-24,0.9608010053634644,6,65099296.029552
25.107001,76.18098449707031,2.950000047683716,197.893417,2020-01-24,0.9704610109329224,11,65099296.496524
25.106991,76.155621,2.690000057220459,197.134827,2020-01-24,0.9606379866600037,5,65099295.992365
25.106765747070312,76.163758,2.799999952316284,196.560822,2020-01-24,0.9646250009536743,6,65099296.021288
25.106609344482422,76.180616,3.2100000381469727,198.027451,2020-01-24,0.9681800007820129,11,65099296.48826
25.106599807739258,76.155253,2.759999990463257,196.459625,2020-01-24,0.9563339948654175,5,65099295.9841
25.106374740600586,76.16339111328125,2.759999990463257,196.357681,2020-01-24,0.9582459926605225,6,65099296.013025
25.106220245361328,76.180248,2.9100000858306885,197.988373,2020-01-24,0.9678450226783752,11,65099296.479996
25.10620880126953,76.154885,2.7200000286102295,196.405594,2020-01-24,0.957298994064331,5,65099295.975837
25.10598373413086,76.163023,2.5399999618530273,196.232971,2020-01-24,0.9533219933509827,6,65099296.00476
25.105829,76.17987823486328,2.8399999141693115,197.84169006347656,2020-01-24,0.968172013759613,11,65099296.471732
25.105592727661133,76.162655,2.5399999618530273,196.170837,2020-01-24,0.9653930068016052,6,65099295.996496
25.105426788330078,76.1541519165039,2.759999990463257,195.948944,2020-01-24,0.9548940062522888,5,65099295.959308
25.105201721191406,76.162287,2.6500000953674316,195.856186,2020-01-24,0.9684640169143677,6,65099295.988233
25.10503578186035,76.153782,2.950000047683716,196.324341,2020-01-24,0.964385986328125,5,65099295.951044
25.105048,76.179145,2.9100000858306885,196.9849395751953,2020-01-24,0.9659839868545532,11,65099296.455204
25.104811,76.161919,2.799999952316284,195.838531,2020-01-24,0.9634550213813782,6,65099295.979969
25.104703903198242,76.170557,6.460000038146973,188.601776,2020-01-24,0.9610229730606079,8,65099296.418016
25.104657,76.178777,2.950000047683716,196.639709,2020-01-24,0.9737370014190674,11,65099296.44694
25.195174,76.120915,2.5,198.514175,2020-02-09,0.9521009922027588,6,66459269.005932
25.195151,76.129627,2.430000066757202,195.729065,2020-02-09,0.9637539982795715,8,66459269.443936
25.195003509521484,76.11244201660156,2.5,203.007599,2020-02-09,0.9526240229606628,5,66459268.968744
25.19478416442871,76.120546,2.5799999237060547,198.804245,2020-02-09,0.9547359943389893,6,66459268.997668
25.194759368896484,76.129258,2.4700000286102295,196.007828,2020-02-09,0.956125020980835,8,66459269.43567
25.194721221923828,76.137452,2.5399999618530273,193.563965,2020-02-09,0.9626200199127197,11,66459269.464601
25.1943302154541,76.137083,2.390000104904175,193.693237,2020-02-09,0.9631959795951843,11,66459269.456335
25.194393157958984,76.120178,2.4700000286102295,199.234314,2020-02-09,0.9541289806365967,6,66459268.989404
25.194369,76.128888,2.4700000286102295,196.523178,2020-02-09,0.9652529954910278,8,66459269.427404
25.193979,76.128519,2.390000104904175,196.958633,2020-02-09,0.9649649858474731,8,66459269.419138
25.193939208984375,76.136713,2.5799999237060547,193.903976,2020-02-09,0.9614120125770569,11,66459269.448069
25.193832397460938,76.111334,2.4700000286102295,204.013474,2020-02-09,0.9635099768638611,5,66459268.943952
25.193588256835938,76.1281509399414,2.4700000286102295,197.295502,2020-02-09,0.959430992603302,8,66459269.410872
25.193549,76.136344,2.619999885559082,193.889496,2020-02-09,0.957065999507904,11,66459269.439803
25.193221,76.119072,2.5799999237060547,199.651459,2020-02-09,0.9660559892654419,6,66459268.964612
25.193198,76.127781,2.5,197.632599,2020-02-09,0.9589740037918091,8,66459269.402606
25.193159,76.135975,2.430000066757202,194.235123,2020-02-09,0.9562280178070068,11,66459269.431537
25.192768096923828,76.13560485839844,2.4700000286102295,194.390137,2020-02-09,0.9604399800300598,11,66459269.423271
25.192807,76.127411,2.4700000286102295,198.0463104248047,2020-02-09,0.9591619968414307,8,66459269.39434
25.192378,76.135236,2.5,194.556076,2020-02-09,0.9643710255622864,11,66459269.415005
25.192271,76.109859,2.5,205.447327,2020-02-09,0.9509419798851013,5,66459268.910896
25.19205093383789,76.117965,2.5,202.027466,2020-02-09,0.9802929759025574,6,66459268.93982
25.191987,76.134867,2.4700000286102295,194.766769,2020-02-09,0.9699259996414185,11,66459269.406739
25.191659927368164,76.117597,2.5,201.811386,2020-02-09,0.9800509810447693,6,66459268.931556
25.191635131835938,76.126304,2.5,199.429474,2020-02-09,0.9620460271835327,8,66459269.369548
25.191205978393555,76.134129,2.4700000286102295,195.085205,2020-02-09,0.9599390029907227,11,66459269.390208
25.190854,76.125567,2.5799999237060547,199.32044982910156,2020-02-09,0.9599689841270447,8,66459269.35302
25.190814971923828,76.13375854492188,2.4700000286102295,195.45018005371094,2020-02-09,0.9643769860267639,11,66459269.381944
25.190488815307617,76.116491,2.619999885559082,201.5309600830078,2020-02-09,0.9516199827194214,6,66459268.906764
25.190463,76.125198,2.5,199.36878967285156,2020-02-09,0.9526150226593018,8,66459269.344756
25.190425,76.133391,2.5399999618530273,195.739655,2020-02-09,0.9682239890098572,11,66459269.37368
25.190099,76.116122,2.5,202.073135,2020-02-09,0.9540719985961914,6,66459268.8985
25.190073013305664,76.12483215332031,2.4700000286102295,199.666259765625,2020-02-09,0.9603040218353271,8,66459269.336492
25.190034,76.133022,2.5,195.934769,2020-02-09,0.9631990194320679,11,66459269.365416
25.189929962158203,76.107647,2.4700000286102295,207.108627,2020-02-09,0.9528290033340454,5,66459268.861312
25.18964385986328,76.132653,2.430000066757202,196.027771,2020-02-09,0.9599769711494446,11,66459269.357152
25.189682006835938,76.124461,2.619999885559082,199.732193,2020-02-09,0.952767014503479,8,66459269.328228
25.189252853393555,76.132284,2.4700000286102295,196.044205,2020-02-09,0.9658979773521423,11,66459269.348888
25.189149,76.1069107055664,2.6500000953674316,207.890854,2020-02-09,0.9516069889068604,5,66459268.844784
25.188901,76.123724,2.5,200.026886,2020-02-09,0.9630900025367737,8,66459269.3117
25.188758850097656,76.106541,2.5799999237060547,208.355301,2020-02-09,0.950875997543335,5,66459268.83652
25.18851089477539,76.123355,2.619999885559082,200.174576,2020-02-09,0.9592049717903137,8,66459269.303436
25.188472,76.131547,2.390000104904175,196.157944,2020-02-09,0.969959020614624,11,66459269.33236
25.188081,76.131179,2.4700000286102295,196.102859,2020-02-09,0.9686930179595947,11,66459269.324096
25.187728,76.122618,2.390000104904175,200.397507,2020-02-09,0.9557250142097473,8,66459269.286908
25.18769073486328,76.13081359863281,2.5,196.153732,2020-02-09,0.970035970211029,11,66459269.315832
25.18758773803711,76.105435,2.430000066757202,208.289566,2020-02-09,0.9502490162849426,5,66459268.811728
25.187367,76.113541,2.4700000286102295,204.742569,2020-02-09,0.9546419978141785,6,66459268.840652
25.187337,76.12225341796875,2.5399999618530273,200.322632,2020-02-09,0.9517560005187988,8,66459269.278644
25.187299,76.130441,2.4700000286102295,195.994431,2020-02-09,0.9624329805374146,11,66459269.307568
25.187196731567383,76.105066,2.619999885559082,208.105057,2020-02-09,0.9581440091133118,5,66459268.803464
25.18697738647461,76.113172,2.619999885559082,205.428848,2020-02-09,0.960644006729126,6,66459268.832388
25.186807,76.104698,2.5,208.065384,2020-02-09,0.9576119780540466,5,66459268.7952
25.186555862426758,76.121513,2.619999885559082,200.799133,2020-02-09,0.9554049968719482,8,66459269.262116
25.186126708984375,76.129336,2.4700000286102295,196.445541,2020-02-09,0.9507750272750854,11,66459269.282776
25.186025619506836,76.103961,2.4700000286102295,208.020859,2020-02-09,0.9578750133514404,5,66459268.778672
25.185775,76.120774,9.619999885559082,201.779129,2020-02-09,0.9701359868049622,8,66459269.245588
25.185415267944336,76.111697,2.5399999618530273,205.864487,2020-02-09,0.9582989811897278,6,66459268.799332
25.185382843017578,76.120408,2.3499999046325684,201.583481,2020-02-09,0.9851800203323364,8,66459269.237324
25.185344696044922,76.128599,2.5,196.7249298095703,2020-02-09,0.9595370292663574,11,66459269.266248
25.184955,76.128231,2.4700000286102295,196.8089599609375,2020-02-09,0.9577360153198242,11,66459269.257984
25.184635162353516,76.1109619140625,2.5399999618530273,206.832825,2020-02-09,0.9514549970626831,6,66459268.782804
25.184601,76.119671,2.430000066757202,201.117859,2020-02-09,0.9503030180931091,8,66459269.220796
25.184463,76.102487,2.430000066757202,207.832184,2020-02-09,0.9579100012779236,5,66459268.745616
25.184073,76.102119,2.5799999237060547,207.715073,2020-02-09,0.9584609866142273,5,66459268.737352
25.183853149414062,76.110223,2.4700000286102295,207.320953,2020-02-09,0.950527012348175,6,66459268.766276
25.183818817138672,76.11893463134766,2.390000104904175,201.782944,2020-02-09,0.9565939903259277,8,66459269.204268
25.183782,76.127125,2.5,197.330215,2020-02-09,0.9559710025787354,11,66459269.233192
25.183427810668945,76.118566,2.4700000286102295,201.9033203125,2020-02-09,0.9501100182533264,8,66459269.196004
25.18303680419922,76.118198,2.4700000286102295,201.86936950683594,2020-02-09,0.9636780023574829,8,66459269.18774
25.183000564575195,76.126389,2.390000104904175,197.537384,2020-02-09,0.9560040235519409,11,66459269.216664
25.182682037353516,76.109117,2.5399999618530273,207.799103,2020-02-09,0.9516010284423828,6,66459268.741484
25.182609,76.12602233886719,2.5399999618530273,197.607224,2020-02-09,0.9576860070228577,11,66459269.2084
25.182218,76.125652,2.5,197.626541,2020-02-09,0.9595760107040405,11,66459269.200136
25.181827,76.125284,2.5,197.909729,2020-02-09,0.9503430128097534,11,66459269.191872
25.181509017944336,76.108012,2.619999885559082,208.546005,2020-02-09,0.9568750262260437,6,66459268.716692
25.181434631347656,76.12491607666016,2.390000104904175,198.002075,2020-02-09,0.9573299884796143,11,66459269.183608
25.181119,76.107644,2.5799999237060547,208.325531,2020-02-09,0.9574069976806641,6,66459268.708428
25.18104362487793,76.124547,2.390000104904175,198.067749,2020-02-09,0.959201991558075,11,66459269.175344
25.180728,76.107275,2.5,208.22402954101562,2020-02-09,0.956745982170105,6,66459268.700164
25.180652618408203,76.124179,2.430000066757202,198.224228,2020-02-09,0.957211971282959,11,66459269.16708
25.180337,76.106907,2.5,207.573853,2020-02-09,0.9641990065574646,6,66459268.6919
25.180299,76.1156234741211,2.5,202.350677,2020-02-09,0.9604769945144653,8,66459269.129892
25.180261611938477,76.123811,2.430000066757202,198.254898,2020-02-09,0.9548869729042053,11,66459269.158816
25.179906845092773,76.115252,2.390000104904175,202.408508,2020-02-09,0.9577460289001465,8,66459269.121628
25.179871,76.123441,7.489999771118164,198.224869,2020-02-09,0.9575219750404358,11,66459269.150552
25.179515838623047,76.114884,2.430000066757202,202.150894,2020-02-09,0.9557510018348694,8,66459269.113364
25.17916488647461,76.105802,2.5799999237060547,208.508301,2020-02-09,0.9513450264930725,6,66459268.667108
25.179088592529297,76.122705,3.0299999713897705,203.045822,2020-02-09,0.9582710266113281,11,66459269.134024
25.17869758605957,76.122336,6.210000038146973,198.901505,2020-02-09,0.9607840180397034,11,66459269.12576
25.178382873535156,76.105065,2.5799999237060547,208.910858,2020-02-09,0.9590780138969421,6,66459268.65058
25.178306,76.121969,2.4700000286102295,198.949829,2020-02-09,0.9705950021743774,11,66459269.117496
25.17799186706543,76.104697,2.619999885559082,209.257126,2020-02-09,0.9622319936752319,6,66459268.642316
25.177915,76.121601,2.430000066757202,199.086685,2020-02-09,0.9623839855194092,11,66459269.109232
25.177524,76.121233,2.390000104904175,199.150208,2020-02-09,0.9593589901924133,11,66459269.100968
25.177601,76.104329,2.5,209.484818,2020-02-09,0.9558069705963135,6,66459268.634052
25.177209854125977,76.10395812988281,2.5,209.687561,2020-02-09,0.951125979423523,6,66459268.625788
25.17681884765625,76.103592,2.5,209.83164978027344,2020-02-09,0.954958975315094,6,66459268.617522
25.176778,76.112306,2.390000104904175,203.996155,2020-02-09,0.9532269835472107,8,66459269.055516
25.17595863342285,76.11975860595703,2.390000104904175,199.591293,2020-02-09,0.9533839821815491,11,66459269.067912
25.176036834716797,76.102855,2.5799999237060547,210.281494,2020-02-09,0.9567829966545105,6,66459268.60099
25.175996,76.111569,2.4700000286102295,204.700363,2020-02-09,0.9514279961585999,8,66459269.038988
25.17564582824707,76.102487,2.5799999237060547,210.305222,2020-02-09,0.953715980052948,6,66459268.592724
25.175567626953125,76.119391,2.430000066757202,199.511902,2020-02-09,0.9566770195960999,11,66459269.059648
25.175254821777344,76.102119,2.619999885559082,210.336014,2020-02-09,0.9602280259132385,6,66459268.584458
25.175214767456055,76.110831,7.409999847412109,205.007812,2020-02-09,0.9571629762649536,8,66459269.02246
25.174785614013672,76.118654,2.4700000286102295,199.880386,2020-02-09,0.9590520262718201,11,66459269.04312
25.174394607543945,76.1182861328125,2.5799999237060547,200.033752,2020-02-09,0.9602320194244385,11,66459269.034856
25.174041748046875,76.109727,2.5399999618530273,205.908356,2020-02-09,0.9532589912414551,8,66459268.997668
25.174005,76.117918,2.6500000953674316,200.303925,2020-02-09,0.9655399918556213,11,66459269.026592
25.173652,76.109358,2.390000104904175,205.980652,2020-02-09,0.9563850164413452,8,66459268.989404
25.173614,76.117549,2.5799999237060547,200.484314,2020-02-09,0.9676830172538757,11,66459269.018328
25.173261,76.10899353027344,2.390000104904175,206.102341,2020-02-09,0.9511449933052063,8,66459268.98114
25.173224,76.117179,9.279999732971191,201.130173,2020-02-09,0.9614490270614624,11,66459269.010064
25.172833,76.11681365966797,11.75,201.787949,2020-02-09,0.9644820094108582,11,66459269.0018
25.172871,76.108621,2.5799999237060547,206.443375,2020-02-09,0.9623839855194092,8,66459268.972876
25.1724796295166,76.108253,2.4700000286102295,206.680038,2020-02-09,0.9623550176620483,8,66459268.964612
25.172442,76.116443,5.429999828338623,202.863907,2020-02-09,0.9531880021095276,11,66459268.993536
25.172090530395508,76.107884,2.4700000286102295,206.542801,2020-02-09,0.9588419795036316,8,66459268.956348
25.171699,76.107516,2.4700000286102295,206.739761,2020-02-09,0.9577509760856628,8,66459268.948084
25.171308517456055,76.107147,2.390000104904175,206.955231,2020-02-09,0.9625660181045532,8,66459268.93982
25.170917510986328,76.106779,2.4700000286102295,207.134445,2020-02-09,0.9591360092163086,8,66459268.931556
25.170879364013672,76.114969,3.930000066757202,203.345398,2020-02-09,0.968396008014679,11,66459268.96048
25.170528411865234,76.10640716552734,3.180000066757202,207.435593,2020-02-09,0.9502230286598206,8,66459268.923292
25.170489,76.114601,2.7300000190734863,203.087341,2020-02-09,0.9647229909896851,11,66459268.952216
25.170099,76.114232,2.430000066757202,203.288376,2020-02-09,0.961624026298523,11,66459268.943952
25.169748306274414,76.105673,2.3499999046325684,209.141144,2020-02-09,0.9643599987030029,8,66459268.906764
25.169708251953125,76.113864,2.690000057220459,203.622192,2020-02-09,0.9694399833679199,11,66459268.935688
25.168538,76.112758,2.4700000286102295,204.478638,2020-02-09,0.957131028175354,11,66459268.910896
25.16818618774414,76.104199,2.390000104904175,208.858353,2020-02-09,0.9527850151062012,8,66459268.873708
25.168147,76.112389,3.369999885559082,204.684784,2020-02-09,0.9659720063209534,11,66459268.902632
25.167796,76.10382843017578,2.5399999618530273,209.353607,2020-02-09,0.9567639827728271,8,66459268.865444
25.16740608215332,76.103461,2.5399999618530273,209.944199,2020-02-09,0.9553139805793762,8,66459268.85718
25.167367,76.111652,2.4700000286102295,205.418289,2020-02-09,0.9592450261116028,11,66459268.886104
25.167016,76.103093,2.4700000286102295,210.63739013671875,2020-02-09,0.9534540176391602,8,66459268.848916
25.166976928710938,76.111283,2.5,205.336517,2020-02-09,0.9557070136070251,11,66459268.87784
25.166625,76.102724,2.4700000286102295,210.73760986328125,2020-02-09,0.9573779702186584,8,66459268.840652
25.16658592224121,76.110915,2.4700000286102295,205.644211,2020-02-09,0.9630879759788513,11,66459268.869576
25.166234970092773,76.102355,2.430000066757202,210.997543,2020-02-09,0.9536499977111816,8,66459268.832388
25.165845,76.101987,2.5,211.539459,2020-02-09,0.9537889957427979,8,66459268.824124
25.165807,76.110175,9.960000038146973,207.231934,2020-02-09,0.9539809823036194,11,66459268.853048
25.165454864501953,76.101618,2.5,211.989105,2020-02-09,0.9672160148620605,8,66459268.81586
25.165416,76.109809,2.4700000286102295,207.624664,2020-02-09,0.9544900059700012,11,66459268.844784
25.165063858032227,76.10124969482422,2.3499999046325684,212.525497,2020-02-09,0.960847020149231,8,66459268.807596
25.16502571105957,76.10944366455078,2.5,207.996857,2020-02-09,0.9598219990730286,11,66459268.83652
25.164674,76.100881,2.390000104904175,212.605637,2020-02-09,0.9575750231742859,8,66459268.799332
25.164634704589844,76.109071,2.430000066757202,208.158539,2020-02-09,0.9620010256767273,11,66459268.828256
25.164283,76.100513,2.390000104904175,212.607315,2020-02-09,0.9601879715919495,8,66459268.791068
25.164245,76.108703,2.5799999237060547,208.437958,2020-02-09,0.9583070278167725,11,66459268.819992
25.163854598999023,76.108334,2.3499999046325684,208.78919982910156,2020-02-09,0.9628999829292297,11,66459268.811728
25.163463592529297,76.107966,2.4700000286102295,208.666595,2020-02-09,0.9696040153503418,11,66459268.803464
25.163074493408203,76.107597,2.430000066757202,209.573853,2020-02-09,0.9653639793395996,11,66459268.7952
25.162683486938477,76.107229,2.5399999618530273,209.554108,2020-02-09,0.9622550010681152,11,66459268.786936
25.162293,76.10685729980469,2.5799999237060547,210.053131,2020-02-09,0.9662399888038635,11,66459268.778672
25.161902,76.106491,2.5,210.618179,2020-02-09,0.9582599997520447,11,66459268.770408
25.16151237487793,76.106123,2.5399999618530273,211.293716,2020-02-09,0.9585199952125549,11,66459268.762144
25.161121368408203,76.105754,2.430000066757202,211.595154,2020-02-09,0.9629579782485962,11,66459268.75388
25.160731,76.105386,2.5,211.530502,2020-02-09,0.9576460123062134,11,66459268.745616
25.16033935546875,76.105018,2.5,211.570084,2020-02-09,0.966592013835907,11,66459268.737352
25.159949,76.104649,2.6500000953674316,212.100388,2020-02-09,0.9585710167884827,11,66459268.729088
25.159558,76.104281,2.6500000953674316,212.715256,2020-02-09,0.9577490091323853,11,66459268.720824
25.15876007080078,76.195707,2.880000114440918,195.718018,2020-02-24,0.9572299718856812,3,67819200.231239
25.159168243408203,76.103912,2.799999952316284,213.438049,2020-02-09,0.9670910239219666,11,66459268.71256
25.158777236938477,76.103544,2.5,213.746857,2020-02-09,0.9617310166358948,11,66459268.704296
25.15838623046875,76.103175,2.5399999618530273,214.113403,2020-02-09,0.9621049761772156,11,66459268.696032
25.157995223999023,76.102807,2.4700000286102295,214.652481,2020-02-09,0.9522340297698975,11,66459268.687768
25.157605,76.102439,2.390000104904175,214.929749,2020-02-09,0.9570080041885376,11,66459268.679504
25.157214,76.102071,2.3499999046325684,215.202362,2020-02-09,0.9623919725418091,11,66459268.67124
25.156823,76.101702,2.5799999237060547,215.39031982421875,2020-02-09,0.9611480236053467,11,66459268.662976
25.156432,76.101334,2.3499999046325684,215.40036010742188,2020-02-09,0.9602289795875549,11,66459268.654712
25.156041,76.100966,2.4700000286102295,215.437424,2020-02-09,0.9546740055084229,11,66459268.646448
25.155649185180664,76.100597,2.5399999618530273,216.142975,2020-02-09,0.9544879794120789,11,66459268.638184
25.153139114379883,76.199287,2.5799999237060547,190.471252,2020-02-24,0.9600359797477722,5,67819200.55359
25.152749,76.198917,2.5399999618530273,190.763718,2020-02-24,0.9524880051612854,5,67819200.545326
25.152358,76.198547,2.5799999237060547,195.816238,2020-02-24,0.9623200297355652,5,67819200.537062
25.151967,76.198178,2.5399999618530273,195.734253,2020-02-24,0.9591500163078308,5,67819200.528798
25.151185,76.197439,2.5,196.191147,2020-02-24,0.9593020081520081,5,67819200.51227
25.150794,76.19706726074219,2.5399999618530273,196.240753,2020-02-24,0.9548959732055664,5,67819200.504006
25.150403,76.19670104980469,2.5799999237060547,196.003799,2020-02-24,0.9644860029220581,5,67819200.49574
25.150012,76.196331,2.5399999618530273,196.064178,2020-02-24,0.9658420085906982,5,67819200.487474
25.149621,76.195961,2.5399999618530273,194.498505,2020-02-24,0.9616929888725281,5,67819200.479208
25.149229049682617,76.195591,3.890000104904175,194.935883,2020-02-24,0.9566329717636108,5,67819200.470942
25.148839,76.195222,2.5399999618530273,193.97669982910156,2020-02-24,0.9549220204353333,5,67819200.462676
25.148447036743164,76.194852,4.119999885559082,193.823395,2020-02-24,0.9546070098876953,5,67819200.45441
25.14766502380371,76.194113,4.449999809265137,193.8605499267578,2020-02-24,0.9533860087394714,5,67819200.437878
25.147273,76.193744,2.5,193.029602,2020-02-24,0.9658669829368591,5,67819200.429612
25.146882,76.19337463378906,2.5,193.06954956054688,2020-02-24,0.9615349769592285,5,67819200.421346
25.146491,76.193005,2.7300000190734863,192.802017,2020-02-24,0.9636520147323608,5,67819200.41308
25.146099,76.192636,2.5,192.210098,2020-02-24,0.9505379796028137,5,67819200.404814
25.145707,76.192266,2.5,191.726669,2020-02-24,0.9574769735336304,5,67819200.396548
25.145316,76.191897,2.690000057220459,191.296738,2020-02-24,0.9619640111923218,5,67819200.388282
25.14492416381836,76.191528,3.180000066757202,191.600632,2020-02-24,0.9614059925079346,5,67819200.380016
25.144332,76.199203,2.5399999618530273,180.852325,2020-02-24,0.9634249806404114,6,67819200.400681
25.143901824951172,76.157573,2.5799999237060547,197.57460021972656,2020-02-24,0.9545519948005676,0,67819200.053563
25.143357,76.190051,2.5799999237060547,190.345917,2020-02-24,0.9530150294303894,5,67819200.346952
25.143157,76.198095,2.6500000953674316,184.72048950195312,2020-02-24,0.9530860185623169,6,67819200.375883
25.14296531677246,76.189682,2.7300000190734863,190.061707,2020-02-24,0.9558749794960022,5,67819200.338686
25.142373,76.197356,2.5399999618530273,186.165039,2020-02-24,0.9634910225868225,6,67819200.359351
25.142181396484375,76.188943,2.5399999618530273,192.406647,2020-02-24,0.9503179788589478,5,67819200.322154
25.14198112487793,76.196987,2.4700000286102295,186.194427,2020-02-24,0.964152991771698,6,67819200.351085
25.141395568847656,76.188204,3.6700000762939453,203.093628,2020-02-24,0.9550960063934326,5,67819200.305622
25.141197204589844,76.196249,2.690000057220459,187.470596,2020-02-24,0.9620040059089661,6,67819200.334553
25.141004,76.187835,4.119999885559082,201.779358,2020-02-24,0.9567739963531494,5,67819200.297356
25.140805,76.195879,2.390000104904175,188.065659,2020-02-24,0.9558060169219971,6,67819200.326287
25.14061164855957,76.187466,2.390000104904175,197.835449,2020-02-24,0.9574769735336304,5,67819200.28909
25.140220642089844,76.187097,2.4700000286102295,196.215591,2020-02-24,0.9565889835357666,5,67819200.280824
25.139827728271484,76.186728,2.799999952316284,196.226089,2020-02-24,0.9513599872589111,5,67819200.272559
25.139629,76.194772,2.430000066757202,188.494919,2020-02-24,0.9529250264167786,6,67819200.301489
25.139436721801758,76.186359,2.5399999618530273,196.583969,2020-02-24,0.9618200063705444,5,67819200.264295
25.138652801513672,76.18562316894531,2.5799999237060547,196.676819,2020-02-24,0.9512010216712952,5,67819200.247767
25.138452529907227,76.193664,3.0999999046325684,188.226913,2020-02-24,0.9527620077133179,6,67819200.276691
25.138261,76.185251,2.430000066757202,196.955322,2020-02-24,0.956121027469635,5,67819200.239503
25.138061,76.193295,2.5,189.528122,2020-02-24,0.9528869986534119,6,67819200.268427
25.137868,76.184881,11.199999809265137,196.621185,2020-02-24,0.9621610045433044,5,67819200.231239
25.13766860961914,76.192926,2.430000066757202,188.688583,2020-02-24,0.9586219787597656,6,67819200.260163
25.137477,76.184513,2.5,195.143204,2020-02-24,0.9534270167350769,5,67819200.222975
25.136886,76.192187,2.430000066757202,187.741776,2020-02-24,0.9594990015029907,6,67819200.243635
25.136693,76.183774,2.6500000953674316,196.999908,2020-02-24,0.9501940011978149,5,67819200.206447
25.136302,76.183404,2.5799999237060547,197.236298,2020-02-24,0.9595659971237183,5,67819200.198183
25.135910034179688,76.183035,2.5399999618530273,197.109787,2020-02-24,0.9573240280151367,5,67819200.189919
25.135518,76.182665,2.5799999237060547,196.925812,2020-02-24,0.9633780121803284,5,67819200.181655
25.135127,76.182296,2.5399999618530273,196.579468,2020-02-24,0.9554370045661926,5,67819200.173391
25.135108,76.199194,2.4700000286102295,195.486618,2020-02-24,0.965116024017334,8,67819200.640362
25.134927,76.190341,3.0299999713897705,183.855042,2020-02-24,0.9547209739685059,6,67819200.202315
25.134717,76.198826,2.359999895095825,195.608398,2020-02-24,0.9655920267105103,8,67819200.632098
25.13453483581543,76.189971,5.949999809265137,184.899582,2020-02-24,0.9563189744949341,6,67819200.194051
25.134326,76.198457,2.359999895095825,195.672806,2020-02-24,0.9639840126037598,8,67819200.623834
25.134143,76.189601,2.619999885559082,194.556015,2020-02-24,0.9564840197563171,6,67819200.185787
25.133952,76.181187,2.4700000286102295,195.168716,2020-02-24,0.9610220193862915,5,67819200.148599
25.133935928344727,76.198088,2.359999895095825,195.635498,2020-02-24,0.9632859826087952,8,67819200.61557
25.133561,76.180817,2.5399999618530273,194.621841,2020-02-24,0.9660490155220032,5,67819200.140335
25.133359,76.188861,2.5,195.896042,2020-02-24,0.952409029006958,6,67819200.169259
25.133153915405273,76.197351,2.390000104904175,195.283112,2020-02-24,0.9601619839668274,8,67819200.599042
25.133169,76.180447,2.5399999618530273,194.304489,2020-02-24,0.9655330181121826,5,67819200.132071
25.132968,76.188492,3.8499999046325684,194.845963,2020-02-24,0.9506700038909912,6,67819200.160995
25.13277816772461,76.180078,2.619999885559082,194.045929,2020-02-24,0.956167995929718,5,67819200.123807
25.13257598876953,76.188122,2.6500000953674316,193.843719,2020-02-24,0.9579809904098511,6,67819200.152731
25.132387161254883,76.179708,2.619999885559082,194.573074,2020-02-24,0.964618980884552,5,67819200.115543
25.132373,76.196613,2.319999933242798,189.5654296875,2020-02-24,0.9560080170631409,8,67819200.582514
25.132184982299805,76.187752,4.940000057220459,192.773972,2020-02-24,0.9549030065536499,6,67819200.144467
25.131995,76.179338,2.5,194.7084197998047,2020-02-24,0.962805986404419,5,67819200.107279
25.131982,76.196245,2.5399999618530273,188.232452,2020-02-24,0.9553189873695374,8,67819200.57425
25.131793,76.187383,2.8399999141693115,193.648346,2020-02-24,0.9598900079727173,6,67819200.136203
25.131402,76.187013,2.5399999618530273,195.796982,2020-02-24,0.9567930102348328,6,67819200.127939
25.131011,76.186643,3.0299999713897705,193.436111,2020-02-24,0.9555169939994812,6,67819200.119675
25.130619,76.186273,6.630000114440918,190.223129,2020-02-24,0.9561539888381958,6,67819200.111411
25.13022804260254,76.185903,8.84000015258789,189.657562,2020-02-24,0.9506919980049133,6,67819200.103147
25.130039,76.177489,2.6500000953674316,196.698303,2020-02-24,0.9645130038261414,5,67819200.065959
25.129837036132812,76.185534,5.730000019073486,192.483215,2020-02-24,0.9568740129470825,6,67819200.094883
25.129638,76.19403076171875,2.430000066757202,181.666046,2020-02-24,0.9628990292549133,8,67819200.524666
25.129648208618164,76.17711639404297,2.5399999618530273,196.840225,2020-02-24,0.964667022228241,5,67819200.057695
25.129257202148438,76.17675018310547,2.4700000286102295,196.783249,2020-02-24,0.9662320017814636,5,67819200.049431
25.129247,76.19365692138672,2.880000114440918,182.067459,2020-02-24,0.9610459804534912,8,67819200.516402
25.129054,76.184794,3.6700000762939453,198.989807,2020-02-24,0.952642023563385,6,67819200.078355
25.128867,76.17637634277344,2.5799999237060547,196.70989990234375,2020-02-24,0.9658830165863037,5,67819200.041167
25.128465,76.192922,2.4700000286102295,182.821091,2020-02-24,0.9686089754104614,8,67819200.499873
25.128476,76.176011,2.6500000953674316,196.614746,2020-02-24,0.9533600211143494,5,67819200.032903
25.128272,76.184054,6.510000228881836,196.301361,2020-02-24,0.9616590142250061,6,67819200.061827
25.128074,76.192552,2.5,182.650452,2020-02-24,0.9605680108070374,8,67819200.491607
25.128085,76.175641,2.619999885559082,196.79949951171875,2020-02-24,0.9708459973335266,5,67819200.024639
25.127881,76.18368530273438,2.619999885559082,196.624115,2020-02-24,0.9649189710617065,6,67819200.053563
25.127694,76.175272,2.619999885559082,196.971176,2020-02-24,0.9615340232849121,5,67819200.016375
25.127490997314453,76.183315,2.5,196.901642,2020-02-24,0.9639589786529541,6,67819200.045299
25.127304077148438,76.174903,2.5799999237060547,196.954239,2020-02-24,0.9672600030899048,5,67819200.008111
25.127099990844727,76.182946,2.5799999237060547,197.0931396484375,2020-02-24,0.9675520062446594,6,67819200.037035
25.126901,76.19144439697266,2.619999885559082,179.051865,2020-02-24,0.9537720084190369,8,67819200.466809
25.12691307067871,76.174534,2.5399999618530273,196.516083,2020-02-24,0.955295979976654,5,67819199.999847
25.126708984375,76.182576,2.5799999237060547,197.169769,2020-02-24,0.9680759906768799,6,67819200.028771
25.126487,76.199204,2.390000104904175,174.339539,2020-02-24,0.9884439706802368,11,67819200.487474
25.126522064208984,76.17416381835938,2.5,196.701233,2020-02-24,0.9617090225219727,5,67819199.991583
25.126317977905273,76.182207,2.5799999237060547,197.195114,2020-02-24,0.9608399868011475,6,67819200.020507
25.126132,76.173795,2.5799999237060547,196.520462,2020-02-24,0.9618189930915833,5,67819199.983319
25.126117706298828,76.190705,2.8399999141693115,178.941528,2020-02-24,0.9631479978561401,8,67819200.450277
25.125705,76.198465,2.430000066757202,174.957108,2020-02-24,0.9572389721870422,11,67819200.470942
25.1257266998291,76.190335,2.9200000762939453,177.904892,2020-02-24,0.9624119997024536,8,67819200.442011
25.125537,76.181469,4.570000171661377,193.452744,2020-02-24,0.9549800157546997,6,67819200.003979
25.125314,76.198095,2.390000104904175,174.414185,2020-02-24,0.9908130168914795,11,67819200.462676
25.125351,76.173058,2.6500000953674316,196.395859,2020-02-24,0.9653890132904053,5,67819199.966791
25.124961,76.172689,2.5799999237060547,196.423065,2020-02-24,0.9593459963798523,5,67819199.958527
25.124570846557617,76.17231750488281,2.5399999618530273,195.937775,2020-02-24,0.9703310132026672,5,67819199.950263
25.12455177307129,76.189227,2.799999952316284,184.271317,2020-02-24,0.9585199952125549,8,67819200.417213
25.12417984008789,76.171951,2.5,195.928024,2020-02-24,0.9525930285453796,5,67819199.941999
25.123790740966797,76.171583,2.5,195.84877014160156,2020-02-24,0.9563860297203064,5,67819199.933735
25.123378,76.188119,2.390000104904175,185.16925048828125,2020-02-24,0.9590510129928589,8,67819200.392415
25.123357,76.196248,2.390000104904175,174.280624,2020-02-24,0.983148992061615,11,67819200.421346
25.123399,76.171214,2.430000066757202,195.486618,2020-02-24,0.9504860043525696,5,67819199.925471
25.123195,76.179255,2.4700000286102295,187.480453,2020-02-24,0.9523599743843079,6,67819199.954395
25.123008728027344,76.17084503173828,2.5399999618530273,195.358749,2020-02-24,0.9564459919929504,5,67819199.917207
25.12298583984375,76.187749,2.5399999618530273,184.50946044921875,2020-02-24,0.9549049735069275,8,67819200.384149
25.122966,76.195879,2.390000104904175,174.348679,2020-02-24,0.952331006526947,11,67819200.41308
25.122619,76.170477,2.5399999618530273,194.978531,2020-02-24,0.9699509739875793,5,67819199.908943
25.122594,76.1873779296875,2.5399999618530273,184.764008,2020-02-24,0.9507359862327576,8,67819200.375883
25.122203,76.187011,2.5399999618530273,183.101318,2020-02-24,0.9636330008506775,8,67819200.367617
25.122228622436523,76.170108,2.5799999237060547,194.858398,2020-02-24,0.9536380171775818,5,67819199.900679
25.121811,76.186642,2.430000066757202,182.326157,2020-02-24,0.95625901222229,8,67819200.359351
25.121791,76.19477081298828,7.230000019073486,174.69696044921875,2020-02-24,0.9543480277061462,11,67819200.388282
25.121419,76.186273,2.359999895095825,181.637283,2020-02-24,0.9622290134429932,8,67819200.351085
25.12139892578125,76.19439697265625,4.300000190734863,182.846313,2020-02-24,0.9630439877510071,11,67819200.380016
25.121244430541992,76.177412,2.5,183.749847,2020-02-24,0.9548379778862,6,67819199.913075
25.121007,76.194029,16.59000015258789,185.418213,2020-02-24,0.9614740014076233,11,67819200.37175
25.12102699279785,76.185904,2.4700000286102295,181.577637,2020-02-24,0.984637975692749,8,67819200.342819
25.120615005493164,76.19365692138672,18.389999,184.806488,2020-02-24,0.9575240015983582,11,67819200.363484
25.120277404785156,76.168266,2.4700000286102295,195.303955,2020-02-24,0.9660699963569641,5,67819199.859359
25.120243072509766,76.185164,17.940001,181.170151,2020-02-24,0.9624080061912537,8,67819200.326287
25.120223,76.193291,19.030001,182.725037,2020-02-24,0.961654007434845,11,67819200.355218
25.11988639831543,76.167897,2.5,195.621033,2020-02-24,0.9526140093803406,5,67819199.851095
25.119851,76.184795,2.319999933242798,196.820206,2020-02-24,0.9652649760246277,8,67819200.318021
25.11944007873535,76.192554,7.599999904632568,176.278915,2020-02-24,0.9725970029830933,11,67819200.338686
25.119496,76.167529,2.4700000286102295,195.732574,2020-02-24,0.9607549905776978,5,67819199.842831
25.119459,76.184426,2.390000104904175,196.902328,2020-02-24,0.968455970287323,8,67819200.309755
25.119067,76.184057,2.390000104904175,196.918793,2020-02-24,0.9674649834632874,8,67819200.301489
25.119048,76.192186,3.140000104904175,176.377991,2020-02-24,0.9707729816436768,11,67819200.33042
25.11910629272461,76.167161,2.5399999618530273,195.709579,2020-02-24,0.9669870138168335,5,67819199.834567
25.118715286254883,76.166792,2.5399999618530273,195.902313,2020-02-24,0.9713180065155029,5,67819199.826303
25.118675231933594,76.183688,2.359999895095825,196.688446,2020-02-24,0.9676349759101868,8,67819200.293223
25.118656158447266,76.191817,3.069999933242798,176.625717,2020-02-24,0.9563800096511841,11,67819200.322154
25.118324279785156,76.166424,2.5399999618530273,195.683685,2020-02-24,0.964352011680603,5,67819199.818039
25.118283,76.183319,2.390000104904175,196.46109008789062,2020-02-24,0.9703620076179504,8,67819200.284957
25.118264,76.191447,8.720000267028809,177.67568969726562,2020-02-24,0.9628810286521912,11,67819200.313888
25.118121,76.174464,2.4700000286102295,183.547256,2020-02-24,0.9546489715576172,6,67819199.846963
25.11787223815918,76.191077,17.450001,181.111649,2020-02-24,0.956180989742279,11,67819200.305622
25.117934,76.166055,2.619999885559082,195.721756,2020-02-24,0.9567549824714661,5,67819199.809775
25.117889404296875,76.182949,6.289999961853027,195.859787,2020-02-24,0.9700080156326294,8,67819200.276691
25.117499,76.182581,2.4700000286102295,196.16744995117188,2020-02-24,0.9631080031394958,8,67819200.268427
25.11747932434082,76.190707,8.539999961853027,193.959412,2020-02-24,0.9543799757957458,11,67819200.297356
25.117543,76.165687,2.5399999618530273,195.832443,2020-02-24,0.9634010195732117,5,67819199.801511
25.117340087890625,76.173727,3.740000009536743,187.2396697998047,2020-02-24,0.9567080140113831,6,67819199.830435
25.117152,76.165318,2.5399999618530273,196.020889,2020-02-24,0.9585630297660828,5,67819199.793247
25.117107391357422,76.182212,2.359999895095825,196.038376,2020-02-24,0.9683330059051514,8,67819200.260163
25.117088317871094,76.190338,17.40999984741211,184.096313,2020-02-24,0.9601960182189941,11,67819200.28909
25.116948,76.173357,9.289999961853027,191.573029,2020-02-24,0.9535809755325317,6,67819199.822171
25.116761,76.164949,2.5399999618530273,196.535355,2020-02-24,0.9619830250740051,5,67819199.784983
25.116715,76.181843,2.390000104904175,195.861786,2020-02-24,0.9681710004806519,8,67819200.251899
25.116696,76.189969,14.9399995803833,186.267441,2020-02-24,0.9532349705696106,11,67819200.280824
25.116558074951172,76.172989,4.269999980926514,197.029953,2020-02-24,0.9542359709739685,6,67819199.813907
25.116304397583008,76.1895980834961,4.190000057220459,194.181961,2020-02-24,0.9556009769439697,11,67819200.272559
25.116369247436523,76.164581,2.5399999618530273,196.7364501953125,2020-02-24,0.9652299880981445,5,67819199.776719
25.116323471069336,76.181473,4.980000019073486,195.274857,2020-02-24,0.9505929946899414,8,67819200.243635
25.115931,76.181104,4.75,194.042252,2020-02-24,0.9516549706459045,8,67819200.235371
25.115912,76.189231,2.880000114440918,195.426163,2020-02-24,0.9602329730987549,11,67819200.264295
25.115979,76.164212,2.5399999618530273,196.4059600830078,2020-02-24,0.9619870185852051,5,67819199.768455
25.115589,76.163843,2.5399999618530273,196.214874,2020-02-24,0.9531319737434387,5,67819199.760191
25.115539,76.180735,4.489999771118164,195.533401,2020-02-24,0.9553229808807373,8,67819200.227107
25.115520477294922,76.188862,2.690000057220459,195.205521,2020-02-24,0.9654099941253662,11,67819200.256031
25.115386,76.171884,3.819999933242798,193.089951,2020-02-24,0.9590499997138977,6,67819199.789115
25.11514663696289,76.180366,2.799999952316284,194.537598,2020-02-24,0.9653779864311218,8,67819200.218843
25.115127563476562,76.188493,4.380000114440918,194.71640014648438,2020-02-24,0.9563699960708618,11,67819200.247767
25.114995,76.171514,7.300000190734863,195.427246,2020-02-24,0.9617050290107727,6,67819199.780851
25.114736,76.188124,2.7699999809265137,195.492294,2020-02-24,0.9544469714164734,11,67819200.239503
25.114806,76.163106,2.5399999618530273,197.512222,2020-02-24,0.9662860035896301,5,67819199.743663
25.114755,76.179997,2.5399999618530273,195.946808,2020-02-24,0.9654780030250549,8,67819200.210579
25.114604,76.171146,2.4700000286102295,197.6571502685547,2020-02-24,0.9584270119667053,6,67819199.772587
25.114362716674805,76.179627,7.300000190734863,195.408875,2020-02-24,0.9556220173835754,8,67819200.202315
25.114343643188477,76.187754,2.4700000286102295,195.954651,2020-02-24,0.9642869830131531,11,67819200.231239
25.114415,76.162737,2.5799999237060547,197.236053,2020-02-24,0.9660230278968811,5,67819199.735399
25.114213,76.170777,3.369999885559082,197.956924,2020-02-24,0.9603340029716492,6,67819199.764323
25.114024,76.162369,2.5,197.320663,2020-02-24,0.9509199857711792,5,67819199.727135
25.113971710205078,76.179258,2.5,196.616272,2020-02-24,0.9646379947662354,8,67819200.194051
25.113952,76.187385,2.390000104904175,196.354935,2020-02-24,0.9620440006256104,11,67819200.222975
25.113822,76.170409,2.619999885559082,198.274994,2020-02-24,0.9577599763870239,6,67819199.756059
25.11358070373535,76.178888,2.799999952316284,195.904175,2020-02-24,0.9572719931602478,8,67819200.185787
25.113561,76.187016,2.390000104904175,196.453522,2020-02-24,0.9632539749145508,11,67819200.214711
25.113431,76.17003631591797,2.5399999618530273,198.485138,2020-02-24,0.9663450121879578,6,67819199.747795
25.113168716430664,76.186647,2.430000066757202,196.568283,2020-02-24,0.968421995639801,11,67819200.206447
25.113242,76.161631,2.5,198.039337,2020-02-24,0.9695019721984863,5,67819199.710607
25.113040924072266,76.169671,2.5799999237060547,198.593063,2020-02-24,0.9660410284996033,6,67819199.739531
25.112777,76.186277,2.359999895095825,196.528885,2020-02-24,0.9640330076217651,11,67819200.198183
25.112850189208984,76.161262,2.5,198.039825,2020-02-24,0.9611510038375854,5,67819199.702343
25.112649,76.169302,2.690000057220459,198.6665802001953,2020-02-24,0.9525139927864075,6,67819199.731267
25.112459,76.160893,6.960000038146973,197.893555,2020-02-24,0.9618189930915833,5,67819199.694079
25.112405,76.177778,17.229999542236328,198.215225,2020-02-24,0.9600229859352112,8,67819200.160995
25.112384796142578,76.185908,2.359999895095825,196.245361,2020-02-24,0.9563149809837341,11,67819200.189919
25.112229,76.199082,2.6500000953674316,197.171692,2020-02-17,0.9517470002174377,1,67139239.778102
25.112258,76.168934,2.5399999618530273,198.111511,2020-02-24,0.9660220146179199,6,67819199.723003
25.11206817626953,76.160524,2.5799999237060547,198.051895,2020-02-24,0.9630879759788513,5,67819199.685815
25.11201286315918,76.177409,8.6899995803833,197.73587036132812,2020-02-24,0.9552350044250488,8,67819200.152731
25.11199378967285,76.185538,2.430000066757202,196.587906,2020-02-24,0.9524620175361633,11,67819200.181655
25.111865997314453,76.168565,2.5799999237060547,198.155624,2020-02-24,0.9674620032310486,6,67819199.714739
25.111621856689453,76.17704010009766,2.5399999618530273,197.249939,2020-02-24,0.9639300107955933,8,67819200.144467
25.111602,76.185169,2.390000104904175,196.9542999267578,2020-02-24,0.9732149839401245,11,67819200.173391
25.111677169799805,76.160156,2.5399999618530273,198.101135,2020-02-24,0.9655429720878601,5,67819199.677551
25.111474990844727,76.168196,2.5799999237060547,198.054779,2020-02-24,0.9651740193367004,6,67819199.706475
25.111448287963867,76.198344,2.6500000953674316,197.173615,2020-02-17,0.9503309726715088,1,67139239.761574
25.111209869384766,76.184799,2.390000104904175,197.066681,2020-02-24,0.9653480052947998,11,67819200.165127
25.111286163330078,76.159787,2.4700000286102295,198.200668,2020-02-24,0.9643179774284363,5,67819199.669287
25.111083984375,76.167827,2.5799999237060547,197.94223022460938,2020-02-24,0.9656540155410767,6,67819199.698211
25.11089515686035,76.159418,2.430000066757202,198.215103,2020-02-24,0.956072986125946,5,67819199.661023
25.110839,76.176301,7.519999980926514,192.483215,2020-02-24,0.9596080183982849,8,67819200.127939
25.11081886291504,76.184429,2.430000066757202,197.149063,2020-02-24,0.968533992767334,11,67819200.156863
25.110692977905273,76.167458,2.5,197.870316,2020-02-24,0.9643080234527588,6,67819199.689947
25.110504150390625,76.159049,2.4700000286102295,198.129913,2020-02-24,0.9613940119743347,5,67819199.652759
25.110448,76.175932,3.8499999046325684,190.047897,2020-02-24,0.9579870104789734,8,67819200.119675
25.110427,76.1840591430664,2.390000104904175,197.324127,2020-02-24,0.9709089994430542,11,67819200.148599
25.110036,76.1836929321289,2.390000104904175,197.447662,2020-02-24,0.9705439805984497,11,67819200.140335
25.1101131439209,76.15868377685547,2.4700000286102295,198.107025,2020-02-24,0.9594219923019409,5,67819199.644495
25.109643936157227,76.18331909179688,2.430000066757202,197.417938,2020-02-24,0.9743649959564209,11,67819200.132071
25.109331130981445,76.157942,2.390000104904175,198.040985,2020-02-24,0.9583879709243774,5,67819199.627967
25.109275,76.174823,2.5,185.891922,2020-02-24,0.9501950144767761,8,67819200.094883
25.1092529296875,76.182951,2.359999895095825,197.555298,2020-02-24,0.9628700017929077,11,67819200.123807
25.109128952026367,76.165983,2.5,197.655151,2020-02-24,0.9652420282363892,6,67819199.656891
25.10894012451172,76.157573,2.390000104904175,198.282288,2020-02-24,0.9713889956474304,5,67819199.619703
25.108861923217773,76.182581,2.5,197.614609,2020-02-24,0.9719240069389343,11,67819200.115543
25.108737,76.165614,6.809999942779541,197.50148010253906,2020-02-24,0.9560160040855408,6,67819199.648627
25.108491897583008,76.174084,2.390000104904175,184.686752,2020-02-24,0.9742569923400879,8,67819200.078355
25.108471,76.182211,2.390000104904175,197.611618,2020-02-24,0.9713460206985474,11,67819200.107279
25.108549,76.157205,2.5799999237060547,197.858475,2020-02-24,0.9584770202636719,5,67819199.611439
25.108346939086914,76.16524505615234,2.5,197.555664,2020-02-24,0.95524001121521,6,67819199.640363
25.108079,76.181842,2.390000104904175,197.642944,2020-02-24,0.9723250269889832,11,67819200.099015
25.108158111572266,76.156836,2.619999885559082,197.841278,2020-02-24,0.9668909907341003,5,67819199.603175
25.107955932617188,76.164876,2.5399999618530273,197.358734,2020-02-24,0.9599069952964783,6,67819199.632099
25.10776710510254,76.156467,2.5399999618530273,197.878677,2020-02-24,0.9680309891700745,5,67819199.594911
25.107688,76.181471,7.039999961853027,197.567032,2020-02-24,0.9635559916496277,11,67819200.090751
25.10756492614746,76.164507,2.5399999618530273,196.936279,2020-02-24,0.953790009021759,6,67819199.623835
25.107377,76.156098,2.5,197.636078,2020-02-24,0.9593740105628967,5,67819199.586647
25.107297,76.181102,2.5,197.602341,2020-02-24,0.9664750099182129,11,67819200.082487
25.107173919677734,76.164139,2.690000057220459,196.751129,2020-02-24,0.959151029586792,6,67819199.615571
25.1069278717041,76.172606,2.319999933242798,184.508469,2020-02-24,0.9834169745445251,8,67819200.045299
25.106906,76.180733,2.430000066757202,197.663055,2020-02-24,0.9686639904975891,11,67819200.074223
25.106986,76.155729,2.5,197.463425,2020-02-24,0.9572240114212036,5,67819199.578383
25.106782913208008,76.16377258300781,2.5399999618530273,196.713165,2020-02-24,0.9613109827041626,6,67819199.607307
25.106515,76.180363,2.4700000286102295,197.752335,2020-02-24,0.9757789969444275,11,67819200.065959
25.106595993041992,76.15535736083984,2.5,196.973907,2020-02-24,0.9575039744377136,5,67819199.570119
25.10639190673828,76.163401,2.5,196.524689,2020-02-24,0.9506239891052246,6,67819199.599043
25.106204986572266,76.154991,2.5399999618530273,196.629959,2020-02-24,0.9565079808235168,5,67819199.561855
25.106124,76.179993,2.390000104904175,197.737869,2020-02-24,0.9697830080986023,11,67819200.057695
25.105733,76.179624,2.390000104904175,197.671219,2020-02-24,0.9717540144920349,11,67819200.049431
25.105815,76.154623,2.5,196.180908,2020-02-24,0.9505230188369751,5,67819199.553591
25.105756,76.171497,2.4700000286102295,187.798904,2020-02-24,0.9500640034675598,8,67819200.020507
25.105365,76.171128,2.8399999141693115,188.479065,2020-02-24,0.9503239989280701,8,67819200.012243
25.105342,76.179254,2.430000066757202,197.335495,2020-02-24,0.9727950096130371,11,67819200.041167
25.105424,76.154254,2.6500000953674316,196.23876953125,2020-02-24,0.9621120095252991,5,67819199.545327
25.105220794677734,76.162294,2.5399999618530273,196.338959,2020-02-24,0.9619939923286438,6,67819199.574251
25.10503387451172,76.15388488769531,2.6500000953674316,196.83580017089844,2020-02-24,0.9597899913787842,5,67819199.537063
25.104974,76.170759,5.199999809265137,189.49057006835938,2020-02-24,0.9561840295791626,8,67819200.003979
25.104951,76.178885,2.390000104904175,197.188095,2020-02-24,0.974219024181366,11,67819200.032903
25.104829788208008,76.161925,2.5399999618530273,196.267166,2020-02-24,0.9656559824943542,6,67819199.565987
25.190298080444336,76.196415,3.430000066757202,192.281403,2020-05-31,0.9569560289382935,8,76181352.27519
25.189916,76.196776,22.950001,192.108688,2020-05-31,0.9556499719619751,8,76181352.283454
25.189525604248047,76.197144,24.450001,192.34877014160156,2020-05-31,0.9581210017204285,8,76181352.291718
25.189134,76.197514,20.709999,192.254150390625,2020-05-31,0.9522330164909363,8,76181352.299982
25.18874168395996,76.197884,18.579999923706055,192.410446,2020-05-31,0.9548699855804443,8,76181352.308246
25.188628,76.190225,7.880000114440918,194.966049,2020-05-31,0.951170027256012,11,76181352.180137
25.188343048095703,76.198259,2.569999933242798,192.315933,2020-05-31,0.9558879733085632,8,76181352.31651
25.188237,76.190595,7.659999847412109,195.328278,2020-05-31,0.9550279974937439,11,76181352.188403
25.187847137451172,76.190964,5.449999809265137,199.215515,2020-05-31,0.9531949758529663,11,76181352.196669
25.18706703186035,76.191702,9.1899995803833,196.934418,2020-05-31,0.956695020198822,11,76181352.213201
25.186674118041992,76.192074,5.75,193.826218,2020-05-31,0.964709997177124,11,76181352.221467
25.186282,76.19244384765625,5.599999904632568,191.640701,2020-05-31,0.9652389883995056,11,76181352.229733
25.185889,76.192814,3.549999952316284,190.712112,2020-05-31,0.9519190192222595,11,76181352.237999
25.185498,76.19318389892578,2.9100000858306885,190.786041,2020-05-31,0.9521380066871643,11,76181352.246265
25.183547,76.195027,6.539999961853027,191.163971,2020-05-31,0.9573439955711365,11,76181352.287586
25.183158,76.195394,8.670000076293945,191.967148,2020-05-31,0.9502289891242981,11,76181352.29585
25.182767868041992,76.195763,11.289999961853027,191.373093,2020-05-31,0.9594910144805908,11,76181352.304114
25.182374954223633,76.196133,5.300000190734863,191.656464,2020-05-31,0.9619029760360718,11,76181352.312378
25.181982040405273,76.196503,3.619999885559082,190.763718,2020-05-31,0.958503007888794,11,76181352.320642
25.181203,76.197239,7.619999885559082,191.307739,2020-05-31,0.9592710137367249,11,76181352.33717
25.194473266601562,76.168776,3.3299999237060547,191.409256,2020-11-05,0.950203001499176,11,89833980.878044
25.19293785095215,76.1591796875,5.909999847412109,192.097900390625,2020-11-05,0.9645090103149414,8,89833980.816049
25.192913055419922,76.16729736328125,2.8399999141693115,191.185974,2020-11-05,0.9712349772453308,11,89833980.84498
25.192548751831055,76.1588134765625,14.270000457763672,191.813141,2020-11-05,0.9549090266227722,8,89833980.807783
25.174715042114258,76.196721,2.4700000286102295,192.425049,2020-11-29,0.9512249827384949,6,91873900.556038
25.173934936523438,76.195982,2.4700000286102295,190.911133,2020-11-29,0.9522770047187805,6,91873900.53951
25.173545,76.195613,2.950000047683716,191.1595001220703,2020-11-29,0.9553490281105042,6,91873900.531246
25.173154830932617,76.195243,3.0299999713897705,191.16567993164062,2020-11-29,0.9514939785003662,6,91873900.522982
25.172765,76.194874,2.5799999237060547,192.268097,2020-11-29,0.954708993434906,6,91873900.514718
25.172374725341797,76.194505,2.5399999618530273,193.315628,2020-11-29,0.9595720171928406,6,91873900.506454
25.172193,76.186084,3.2899999618530273,193.889664,2020-11-29,0.9529560208320618,5,91873900.469266
25.171802,76.185716,9.960000038146973,193.865219,2020-11-29,0.9585599899291992,5,91873900.461002
25.170814514160156,76.193027,2.6500000953674316,194.184937,2020-11-29,0.9511139988899231,6,91873900.473398
25.170425415039062,76.192658,2.950000047683716,194.041733,2020-11-29,0.9637609720230103,6,91873900.465134
25.169255,76.191549,2.6500000953674316,193.94313049316406,2020-11-29,0.9502279758453369,6,91873900.440342
25.167231,76.198406,7.789999961853027,193.990372,2020-11-29,0.9594709873199463,8,91873900.832889
25.166839599609375,76.198037,9.170000076293945,194.329941,2020-11-29,0.9745349884033203,8,91873900.824623
25.16645050048828,76.197667,12.430000305175781,194.148788,2020-11-29,0.964119017124176,8,91873900.816357
25.166339,76.180538,2.619999885559082,194.909286,2020-11-29,0.9573760032653809,5,91873900.345306
25.166059,76.197298,16.889999,194.459625,2020-11-29,0.9526360034942627,8,91873900.808091
25.163789749145508,76.186371,2.7699999809265137,194.740417,2020-11-29,0.9520559906959534,6,91873900.324646
25.163211822509766,76.177579,14.859999656677246,195.208282,2020-11-29,0.9679870009422302,5,91873900.279194
25.162822,76.177208,14.680000305175781,195.476349,2020-11-29,0.9624819755554199,5,91873900.27093
25.162618,76.18525695800781,2.5,194.738098,2020-11-29,0.9535760283470154,6,91873900.299854
25.162433,76.176837,6.699999809265137,195.631363,2020-11-29,0.9576230049133301,5,91873900.262666
25.162227,76.184891,6.46999979019165,194.680222,2020-11-29,0.9539530277252197,6,91873900.29159
25.162042,76.176467,9.25,195.59494018554688,2020-11-29,0.9525229930877686,5,91873900.254402
25.161836,76.184521,6.360000133514404,196.921005,2020-11-29,0.9569330215454102,6,91873900.283326
25.161653,76.176097,3.6700000762939453,195.703949,2020-11-29,0.9625219702720642,5,91873900.246138
25.16144561767578,76.18415069580078,5.199999809265137,197.134735,2020-11-29,0.9504029750823975,6,91873900.275062
25.161262,76.175727,6.699999809265137,195.94454956054688,2020-11-29,0.950423002243042,5,91873900.237874
25.161054611206055,76.18377685546875,8.829999923706055,194.519226,2020-11-29,0.9579129815101624,6,91873900.266798
25.160665,76.18341064453125,8.3100004196167,195.597900390625,2020-11-29,0.9561859965324402,6,91873900.258534
25.1602725982666,76.18303680419922,12.949999809265137,195.508759,2020-11-29,0.9540950059890747,6,91873900.25027
25.160091400146484,76.174617,9.130000114440918,197.294678,2020-11-29,0.9679639935493469,5,91873900.213082
25.159884,76.18267059326172,5.010000228881836,198.932236,2020-11-29,0.9521970152854919,6,91873900.242006
25.159493,76.18229675292969,14.039999961853027,195.6173095703125,2020-11-29,0.9553760290145874,6,91873900.233742
25.159312,76.173876,2.990000009536743,198.025192,2020-11-29,0.9616810083389282,5,91873900.196554
25.159104,76.181929,6.849999904632568,196.411255,2020-11-29,0.9654250144958496,6,91873900.225478
25.158921,76.173506,6.550000190734863,198.849518,2020-11-29,0.96219402551651,5,91873900.18829
25.158714294433594,76.181559,4.860000133514404,196.173111,2020-11-29,0.963362991809845,6,91873900.217214
25.158532,76.173136,6.289999961853027,198.421722,2020-11-29,0.95625901222229,5,91873900.180026
25.158323287963867,76.181189,2.880000114440918,204.750732,2020-11-29,0.9555720090866089,6,91873900.20895
25.158141,76.172767,7.75,198.702286,2020-11-29,0.9577360153198242,5,91873900.171762
25.157751083374023,76.172397,11.720000267028809,198.834518,2020-11-29,0.9633749723434448,5,91873900.163498
25.157544,76.180449,8.350000381469727,196.014023,2020-11-29,0.9593260288238525,6,91873900.192422
25.157360076904297,76.172028,15.010000228881836,199.595596,2020-11-29,0.9605180025100708,5,91873900.155234
25.157154083251953,76.180079,6.920000076293945,196.414734,2020-11-29,0.9524980187416077,6,91873900.184158
25.156763076782227,76.179709,12.09000015258789,196.846939,2020-11-29,0.9547950029373169,6,91873900.175894
25.15658187866211,76.171288,9.0600004196167,200.050125,2020-11-29,0.9602299928665161,5,91873900.138706
25.156373,76.17933654785156,13.630000114440918,196.900848,2020-11-29,0.9563990235328674,6,91873900.16763
25.156192779541016,76.170918,7.449999809265137,200.375031,2020-11-29,0.9567270278930664,5,91873900.130442
25.15597915649414,76.178971,27.559999,197.20932006835938,2020-11-29,0.9541419744491577,6,91873900.159366
25.15591812133789,76.187685,10.930000305175781,194.728729,2020-11-29,0.967199981212616,8,91873900.593226
25.155803680419922,76.170548,4.039999961853027,200.58078002929688,2020-11-29,0.9588590264320374,5,91873900.122178
25.155528,76.187316,9.130000114440918,195.321503,2020-11-29,0.9596350193023682,8,91873900.584962
25.155414581298828,76.170178,4.53000020980835,200.825851,2020-11-29,0.9579560160636902,5,91873900.113914
25.155025482177734,76.169808,2.5799999237060547,201.100006,2020-11-29,0.9574090242385864,5,91873900.10565
25.15435791015625,76.186208,7.860000133514404,195.364883,2020-11-29,0.9663310050964355,8,91873900.56017
25.154038,76.17711639404297,2.690000057220459,197.541763,2020-11-29,0.9614999890327454,6,91873900.118046
25.153968,76.185838,6.739999771118164,195.667114,2020-11-29,0.9586979746818542,8,91873900.551906
25.153648376464844,76.17675018310547,2.619999885559082,197.711761,2020-11-29,0.9623690247535706,6,91873900.109782
25.153466,76.168331,7.340000152587891,201.704559,2020-11-29,0.9599260091781616,5,91873900.072594
25.153256,76.176382,14.829999923706055,197.758057,2020-11-29,0.956961989402771,6,91873900.101518
25.153162002563477,76.193234,2.3499999046325684,195.351212,2020-11-29,0.9559280276298523,11,91873900.564302
25.152795,76.184734,26.510000228881836,195.322296,2020-11-29,0.9649890065193176,8,91873900.527114
25.152686,76.167592,8.15999984741211,201.700134,2020-11-29,0.9617459774017334,5,91873900.056066
25.152381896972656,76.192495,2.990000009536743,195.675262,2020-11-29,0.9641240239143372,11,91873900.547774
25.152479,76.175642,2.5799999237060547,198.265549,2020-11-29,0.957610011100769,6,91873900.08499
25.151992797851562,76.192126,2.5799999237060547,195.824463,2020-11-29,0.9708660244941711,11,91873900.53951
25.151906967163086,76.166853,4.75,201.796524,2020-11-29,0.9633079767227173,5,91873900.039538
25.15169906616211,76.174903,2.619999885559082,199.390137,2020-11-29,0.9553790092468262,6,91873900.068462
25.151603,76.191757,2.690000057220459,195.809509,2020-11-29,0.9550189971923828,11,91873900.531246
25.151517,76.166484,3.700000047683716,201.759155,2020-11-29,0.963962972164154,5,91873900.031274
25.151309967041016,76.174533,2.390000104904175,199.632278,2020-11-29,0.9544489979743958,6,91873900.060198
25.150823,76.191018,2.3499999046325684,195.768677,2020-11-29,0.9500629901885986,11,91873900.514718
25.150920867919922,76.17416381835938,2.430000066757202,199.9549102783203,2020-11-29,0.9549880027770996,6,91873900.051934
25.150529861450195,76.173795,2.5399999618530273,200.030762,2020-11-29,0.9597319960594177,6,91873900.04367
25.150432586669922,76.190649,2.2799999713897705,195.863159,2020-11-29,0.9539420008659363,11,91873900.506454
25.1501407623291,76.173425,2.5,200.23291015625,2020-11-29,0.958765983581543,6,91873900.035406
25.149749755859375,76.173056,2.5399999618530273,200.471832,2020-11-29,0.9553200006484985,6,91873900.027141
25.149653,76.18991088867188,2.3499999046325684,195.442368,2020-11-29,0.9523590207099915,11,91873900.489926
25.14936065673828,76.172687,2.5,200.563568,2020-11-29,0.9616389870643616,6,91873900.018875
25.149289,76.181407,7.519999980926514,195.653183,2020-11-29,0.9500489830970764,8,91873900.452738
25.148969650268555,76.172318,2.690000057220459,200.901108,2020-11-29,0.9563289880752563,6,91873900.010609
25.148873,76.189172,3.2200000286102295,195.129074,2020-11-29,0.952235996723175,11,91873900.473398
25.148786,76.163899,2.390000104904175,197.196457,2020-11-29,0.9520230293273926,5,91873899.973412
25.148507,76.180669,19.469999,195.287933,2020-11-29,0.9517250061035156,8,91873900.43621
25.148118,76.180299,10.670000076293945,195.554764,2020-11-29,0.9587540030479431,8,91873900.427946
25.147727,76.179931640625,12.539999961853027,195.06954956054688,2020-11-29,0.9599369764328003,8,91873900.419682
25.14740753173828,76.170841,2.5,201.137863,2020-11-29,0.9565280079841614,6,91873899.977545
25.147336959838867,76.17955780029297,15.989999771118164,196.2226104736328,2020-11-29,0.9531859755516052,8,91873900.411418
25.14752769470215,76.145519,2.5799999237060547,199.806442,2020-11-29,0.9552389979362488,2,91873899.473399
25.146947,76.17919158935547,8.3100004196167,196.880814,2020-11-29,0.9632859826087952,8,91873900.403154
25.146625518798828,76.170103,4.829999923706055,201.542648,2020-11-29,0.9541419744491577,6,91873899.961013
25.1462345123291,76.169734,2.4700000286102295,201.214966,2020-11-29,0.9534329771995544,6,91873899.952747
25.14616584777832,76.178451,9.430000305175781,197.640442,2020-11-29,0.9548190236091614,8,91873900.386626
25.145843505859375,76.16936492919922,2.5399999618530273,200.19252014160156,2020-11-29,0.952925980091095,6,91873899.944481
25.145776,76.178081,9.399999618530273,198.0663299560547,2020-11-29,0.9533929824829102,8,91873900.378362
25.14545440673828,76.168996,2.7699999809265137,198.971222,2020-11-29,0.9528899788856506,6,91873899.936215
25.145385,76.177711,9.8100004196167,198.612289,2020-11-29,0.963998019695282,8,91873900.370098
25.144994735717773,76.177341,9.100000381469727,198.758865,2020-11-29,0.9628220200538635,8,91873900.361834
25.144603729248047,76.176972,10.220000267028809,199.273712,2020-11-29,0.9619089961051941,8,91873900.35357
25.144214,76.176601,8.800000190734863,199.316467,2020-11-29,0.956046998500824,8,91873900.345306
25.143823,76.176231,8.760000228881836,199.782272,2020-11-29,0.9622849822044373,8,91873900.337042
25.143409729003906,76.183997,2.430000066757202,194.328491,2020-11-29,0.9530270099639893,11,91873900.357702
25.1434326171875,76.175861,8.800000190734863,199.285629,2020-11-29,0.9547320008277893,8,91873900.328778
25.143041610717773,76.175491,9.279999732971191,199.426559,2020-11-29,0.9533799886703491,8,91873900.320514
25.142652,76.175121,7.489999771118164,199.327896,2020-11-29,0.9539250135421753,8,91873900.31225
25.142261,76.174751,6.139999866485596,198.998489,2020-11-29,0.9582949876785278,8,91873900.303986
25.14069938659668,76.17327117919922,2.690000057220459,197.664093,2020-11-29,0.9591060280799866,8,91873900.27093
25.140286,76.181036,2.5,193.6243896484375,2020-11-29,0.9514420032501221,11,91873900.29159
25.140310287475586,76.17289733886719,3.3299999237060547,197.152115,2020-11-29,0.9532319903373718,8,91873900.262666
25.139896392822266,76.180666,2.430000066757202,194.533005,2020-11-29,0.9675719738006592,11,91873900.283326
25.13950538635254,76.180296,2.7699999809265137,194.823105,2020-11-29,0.9621480107307434,11,91873900.275062
25.139192,76.163095,2.5,196.909409,2020-11-29,0.9875079989433289,6,91873899.803959
25.139114379882812,76.179927,9.279999732971191,195.10379028320312,2020-11-29,0.9613059759140015,11,91873900.266798
25.138723373413086,76.179557,9.550000190734863,195.743103,2020-11-29,0.9656130075454712,11,91873900.258534
25.138749,76.171419,2.390000104904175,195.926483,2020-11-29,0.9573119878768921,8,91873900.22961
25.138333,76.179186,2.3499999046325684,200.534607,2020-11-29,0.9533069729804993,11,91873900.25027
25.137551,76.178447,14.640000343322754,195.474869,2020-11-29,0.9666479825973511,11,91873900.233742
25.137163162231445,76.178075,2.5399999618530273,195.223083,2020-11-29,0.9655740261077881,11,91873900.225478
25.136773,76.177705,2.690000057220459,195.208847,2020-11-29,0.9690009951591492,11,91873900.217214
25.136062,76.160144,2.690000057220459,196.983551,2020-11-29,0.9506549835205078,6,91873899.737847
25.135873,76.151728,2.619999885559082,198.178207,2020-11-29,0.9512640237808228,5,91873899.700659
25.135671,76.15977478027344,2.5,196.816177,2020-11-29,0.9558879733085632,6,91873899.729583
25.135482,76.151359,2.950000047683716,199.304611,2020-11-29,0.9564489722251892,5,91873899.692395
25.135278701782227,76.159406,2.5399999618530273,196.894409,2020-11-29,0.9506509900093079,6,91873899.721319
25.135213,76.176225,2.430000066757202,195.237366,2020-11-29,0.9541329741477966,11,91873900.184158
25.135091,76.150991,2.950000047683716,199.554977,2020-11-29,0.955892026424408,5,91873899.684131
25.1348876953125,76.159038,2.5,196.983536,2020-11-29,0.9538149833679199,6,91873899.713055
25.134849548339844,76.16771697998047,2.3499999046325684,196.384506,2020-11-29,0.9607679843902588,8,91873900.14697
25.134822845458984,76.175855,2.390000104904175,196.01300048828125,2020-11-29,0.9725540280342102,11,91873900.175894
25.13443374633789,76.175486,2.950000047683716,195.369797,2020-11-29,0.9568799734115601,11,91873900.16763
25.134309,76.150253,2.5799999237060547,200.556229,2020-11-29,0.9570490121841431,5,91873899.667603
25.134071350097656,76.16697692871094,2.4700000286102295,196.320816,2020-11-29,0.9568639993667603,8,91873900.130442
25.134105682373047,76.1583023071289,2.430000066757202,196.754379,2020-11-29,0.9584239721298218,6,91873899.696527
25.133918,76.149885,2.4700000286102295,200.676605,2020-11-29,0.9584280252456665,5,91873899.659339
25.13371467590332,76.157931,2.5399999618530273,196.704208,2020-11-29,0.9542739987373352,6,91873899.688263
25.13365364074707,76.174746,2.319999933242798,195.446884,2020-11-29,0.9573420286178589,11,91873900.151102
25.133527,76.149516,2.5799999237060547,201.144348,2020-11-29,0.957768976688385,5,91873899.651075
25.133323669433594,76.157562,2.5,196.399353,2020-11-29,0.9581109881401062,6,91873899.679999
25.133136,76.149147,2.6500000953674316,201.29949951171875,2020-11-29,0.9594169855117798,5,91873899.642811
25.132745,76.148779,2.619999885559082,201.618057,2020-11-29,0.9602130055427551,5,91873899.634547
25.132541,76.156825,3.5899999141693115,199.29302978515625,2020-11-29,0.9510089755058289,6,91873899.663471
25.132354,76.14840698242188,2.619999885559082,201.764267,2020-11-29,0.9527869820594788,5,91873899.626283
25.132151,76.156457,2.5,199.709595,2020-11-29,0.985069990158081,6,91873899.655207
25.131759,76.156088,2.950000047683716,199.811554,2020-11-29,0.9781839847564697,6,91873899.646943
25.129003524780273,76.162178,2.619999885559082,197.252762,2020-11-29,0.9535530209541321,8,91873900.023008
25.128978729248047,76.170311,2.240000009536743,196.410385,2020-11-29,0.9508110284805298,11,91873900.051934
25.128198,76.169574,8.460000038146973,196.5103302001953,2020-11-29,0.9544309973716736,11,91873900.035406
25.125857,76.167358,2.430000066757202,196.604767,2020-11-29,0.9541199803352356,11,91873899.985811
25.125076293945312,76.16661834716797,2.430000066757202,196.615158,2020-11-29,0.9502360224723816,11,91873899.969279
25.12312126159668,76.164776,2.2799999713897705,196.717941,2020-11-29,0.9504960179328918,11,91873899.927949
25.122359,76.155907,2.3499999046325684,196.938904,2020-11-29,0.9529320001602173,8,91873899.882486
25.121184,76.154801,2.690000057220459,196.214401,2020-11-29,0.9547060132026672,8,91873899.857688
25.120773315429688,76.162563,2.4700000286102295,196.613678,2020-11-29,0.9561190009117126,11,91873899.878353
25.120793,76.154432,2.5,196.052948,2020-11-29,0.9501579999923706,8,91873899.849422
25.12038230895996,76.162195,2.390000104904175,196.081772,2020-11-29,0.9541500210762024,11,91873899.870087
25.119617462158203,76.153327,2.619999885559082,201.2225799560547,2020-11-29,0.9659199714660645,8,91873899.824624
25.119599,76.161457,2.390000104904175,195.377411,2020-11-29,0.9611210227012634,11,91873899.853555
25.118816375732422,76.16072082519531,2.4700000286102295,195.68988037109375,2020-11-29,0.9616270065307617,11,91873899.837023
25.118424,76.160351,2.390000104904175,195.91390991210938,2020-11-29,0.9557219743728638,11,91873899.828757
25.118051528930664,76.151852,7.75,195.101517,2020-11-29,0.9812380075454712,8,91873899.791563
25.118032455444336,76.159983,2.7699999809265137,196.21669006347656,2020-11-29,0.965927004814148,11,91873899.820491
25.11764144897461,76.159614,2.690000057220459,196.188797,2020-11-29,0.965628981590271,11,91873899.812225
25.117660522460938,76.151484,5.239999771118164,197.461548,2020-11-29,0.9654070138931274,8,91873899.783299
25.11726951599121,76.151114,2.390000104904175,197.103806,2020-11-29,0.951554000377655,8,91873899.775035
25.116857528686523,76.158877,2.5399999618530273,196.456573,2020-11-29,0.9630799889564514,11,91873899.795695
25.116466522216797,76.158508,2.3499999046325684,196.502457,2020-11-29,0.9603800177574158,11,91873899.787431
25.11609649658203,76.150008,2.2799999713897705,197.631561,2020-11-29,0.9548060297966003,8,91873899.750243
25.115684,76.15776824951172,2.240000009536743,197.147064,2020-11-29,0.9534249901771545,11,91873899.770903
25.115544,76.132578,2.6500000953674316,200.352325,2020-11-29,0.9511780142784119,5,91873899.270931
25.11490249633789,76.157033,2.8399999141693115,197.399277,2020-11-29,0.9632920026779175,11,91873899.754375
25.114559173583984,76.13988494873047,3.0299999713897705,199.39682006835938,2020-11-29,0.9509080052375793,6,91873899.283327
25.113727569580078,76.155927,2.4700000286102295,197.619888,2020-11-29,0.9761390089988708,11,91873899.729583
25.11333656311035,76.155558,2.390000104904175,197.43663024902344,2020-11-29,0.9519450068473816,11,91873899.721319
25.112945556640625,76.15518951416016,3.8499999046325684,197.563492,2020-11-29,0.9535279870033264,11,91873899.713055
25.11257553100586,76.14669036865234,2.319999933242798,198.100662,2020-11-29,0.9516220092773438,8,91873899.675867
25.112414,76.129632,2.390000104904175,200.410004,2020-11-29,0.9515200257301331,5,91873899.204819
25.111711502075195,76.192134,11.680000305175781,185.900497,2020-11-25,0.9581999778747559,5,91533896.581041
25.110929489135742,76.191396,9.510000228881836,185.698776,2020-11-25,0.9515979886054993,5,91533896.564509
25.110991,76.153346,2.430000066757202,197.546982,2020-11-29,0.9589440226554871,11,91873899.671735
25.110599517822266,76.152977,2.690000057220459,197.626648,2020-11-29,0.9586880207061768,11,91873899.663471
25.110255,76.135834,2.4700000286102295,199.346558,2020-11-29,0.9514340162277222,6,91873899.192423
25.110063,76.127422,3.6700000762939453,200.728104,2020-11-29,0.9617639780044556,5,91873899.155235
25.109672,76.127053,2.5399999618530273,200.828339,2020-11-29,0.957876980304718,5,91873899.146971
25.10927963256836,76.126685,2.619999885559082,200.806229,2020-11-29,0.9609140157699585,5,91873899.138707
25.10903549194336,76.151503,5.349999904632568,197.072784,2020-11-29,0.960220992565155,11,91873899.630415
25.108888,76.126316,2.5399999618530273,200.913437,2020-11-29,0.9650589823722839,5,91873899.130443
25.108645,76.151134,3.890000104904175,197.234955,2020-11-29,0.9506700038909912,11,91873899.622151
25.107472,76.150029,3.3299999237060547,197.458298,2020-11-29,0.963932991027832,11,91873899.597359
25.106691360473633,76.149292,2.2799999713897705,197.531845,2020-11-29,0.9549189805984497,11,91873899.580831
25.10672950744629,76.132518,2.4700000286102295,199.09136962890625,2020-11-29,0.9540449976921082,6,91873899.118047
25.106300354003906,76.148924,2.319999933242798,197.371384,2020-11-29,0.9594110250473022,11,91873899.572567
25.105909,76.148555,2.3499999046325684,197.16390991210938,2020-11-29,0.9515939950942993,11,91873899.564303
25.105518341064453,76.148187,2.319999933242798,197.009079,2020-11-29,0.9540619850158691,11,91873899.556039
25.19489288330078,76.15281677246094,2.3499999046325684,191.284729,2020-12-29,0.95067298412323,11,94456187.883932
25.194108963012695,76.153559,3.4000000953674316,191.086136,2020-12-29,0.9542859792709351,11,94456187.900464
25.193717,76.153928,4.860000133514404,191.287674,2020-12-29,0.9538329839706421,11,94456187.90873
25.192935,76.154668,2.390000104904175,191.366394,2020-12-29,0.9567959904670715,11,94456187.925262
25.192544,76.155037,2.3499999046325684,191.4510498046875,2020-12-29,0.952347993850708,11,94456187.933528
25.192214,76.163095,2.4700000286102295,191.380493,2020-12-29,0.9556499719619751,8,94456188.069917
25.192151,76.155406,4.489999771118164,191.380402,2020-12-29,0.950340986251831,11,94456187.941794
25.191761016845703,76.155776,2.3499999046325684,191.402878,2020-12-29,0.9518619775772095,11,94456187.95006
25.191369,76.156146,2.3499999046325684,191.471603,2020-12-29,0.9518150091171265,11,94456187.958326
25.190978,76.156515,2.4700000286102295,191.581619,2020-12-29,0.9521870017051697,11,94456187.966592
25.19058609008789,76.156884,2.430000066757202,191.569153,2020-12-29,0.9649590253829956,11,94456187.974858
25.190195083618164,76.157253,2.430000066757202,191.629288,2020-12-29,0.9547460079193115,11,94456187.983124
25.189804077148438,76.157622,2.430000066757202,191.735718,2020-12-29,0.9581590294837952,11,94456187.99139
25.189412,76.157991,2.319999933242798,191.851593,2020-12-29,0.9605079889297485,11,94456187.999656
25.189021,76.15836334228516,2.3499999046325684,191.982285,2020-12-29,0.958931028842926,11,94456188.007922
25.18856430053711,76.185794,3.2200000286102295,193.048859,2020-12-29,0.9528939723968506,5,94456188.040986
25.188629150390625,76.158729,2.390000104904175,192.043518,2020-12-29,0.9524409770965576,11,94456188.016188
25.187847137451172,76.159466,2.430000066757202,192.100906,2020-12-29,0.9529770016670227,11,94456188.03272
25.187781,76.186531,3.549999952316284,192.848358,2020-12-29,0.9603970050811768,5,94456188.057518
25.187522,76.167515,3.700000047683716,192.152573,2020-12-29,0.9502459764480591,8,94456188.169094
25.187389,76.186899,5.989999771118164,193.950806,2020-12-29,0.956699013710022,5,94456188.065784
25.186283111572266,76.16094207763672,2.390000104904175,192.335526,2020-12-29,0.953997015953064,11,94456188.065784
25.185958862304688,76.16899108886719,2.319999933242798,192.025101,2020-12-29,0.9516280293464661,8,94456188.20215
25.185109,76.162046,2.390000104904175,192.413330078125,2020-12-29,0.9536550045013428,11,94456188.090582
25.18465232849121,76.189477,3.6600000858306885,193.600601,2020-12-29,0.9527829885482788,5,94456188.123642
25.184327,76.162782,2.7300000190734863,192.697754,2020-12-29,0.9595190286636353,11,94456188.107114
25.183869,76.190213,7.860000133514404,193.14537048339844,2020-12-29,0.9536219835281372,5,94456188.14017
25.183936,76.16314697265625,2.390000104904175,192.369934,2020-12-29,0.9551920294761658,11,94456188.115378
25.18354606628418,76.163519,2.319999933242798,192.597687,2020-12-29,0.950689971446991,11,94456188.123642
25.183478,76.190581,7.929999828338623,193.139938,2020-12-29,0.9518769979476929,5,94456188.148434
25.182764053344727,76.164255,2.5,192.4684600830078,2020-12-29,0.9506000280380249,11,94456188.14017
25.181819,76.109578,2.3499999046325684,206.047089,2020-12-25,0.9556679725646973,8,94116217.806151
25.180028,76.166834,2.3499999046325684,192.734436,2020-12-29,0.9512609839439392,11,94456188.198018
25.179637,76.167203,2.4700000286102295,192.820114,2020-12-29,0.9643030166625977,11,94456188.206282
25.178789,76.195005,2.7300000190734863,191.291077,2020-12-29,0.9600809812545776,5,94456188.247602
25.17839813232422,76.195374,3.069999933242798,191.243042,2020-12-29,0.9601569771766663,5,94456188.255866
25.17722511291504,76.196482,2.5,191.234711,2020-12-29,0.9605200290679932,5,94456188.280658
25.176465,76.189337,2.4700000286102295,193.078003,2020-12-29,0.9541789889335632,6,94456188.169094
25.175338745117188,76.171262,2.6500000953674316,193.654922,2020-12-29,0.9562429785728455,11,94456188.297186
25.174947,76.171631,3.5199999809265137,194.293915,2020-12-29,0.9557160139083862,11,94456188.30545
25.174510955810547,76.191179,2.619999885559082,193.177490234375,2020-12-29,0.9523109793663025,6,94456188.210414
25.174556732177734,76.172001,3.0999999046325684,193.627945,2020-12-29,0.9535329937934875,11,94456188.313714
25.174792,76.116211,7.599999904632568,201.30899047851562,2020-12-25,0.9535470008850098,8,94116217.954903
25.174097061157227,76.199434,3.4800000190734863,193.47084045410156,2020-12-29,0.9528369903564453,5,94456188.34677
25.173547744750977,76.109623,2.4700000286102295,205.335236,2020-12-25,0.950764000415802,11,94116217.851603
25.173059,76.18116760253906,2.9200000762939453,193.662552,2020-12-29,0.9537230134010315,8,94456188.474862
25.17315673828125,76.109992,2.7300000190734863,205.282745,2020-12-25,0.9574369788169861,11,94116217.859867
25.17266845703125,76.181539,3.4800000190734863,193.905594,2020-12-29,0.9512900114059448,8,94456188.483126
25.172765,76.110359,8.569999694824219,205.547455,2020-12-25,0.9610729813575745,11,94116217.868131
25.172374725341797,76.110728,6.210000038146973,205.232208,2020-12-25,0.9518830180168152,11,94116217.876395
25.171985626220703,76.111097,3.5899999141693115,205.101761,2020-12-25,0.9635890126228333,11,94116217.884659
25.172059,76.118788,10.180000305175781,201.930344,2020-12-25,0.9530209898948669,8,94116218.012751
25.171382904052734,76.19412994384766,2.7699999809265137,193.904495,2020-12-29,0.9534630179405212,6,94456188.276526
25.171281814575195,76.119526,2.619999885559082,201.373505,2020-12-25,0.960545003414154,8,94116218.029279
25.17120361328125,76.111834,5.840000152587891,204.668732,2020-12-25,0.9506360292434692,11,94116217.901187
25.170814,76.112202,5.610000133514404,203.98052978515625,2020-12-25,0.9508910179138184,11,94116217.909451
25.170209884643555,76.195237,7.150000095367432,192.335983,2020-12-29,0.9592949748039246,6,94456188.301318
25.170421600341797,76.112569,14.039999961853027,203.126984,2020-12-25,0.9562739729881287,11,94116217.917715
25.169866,76.176431,2.3499999046325684,194.385849,2020-12-29,0.9525719881057739,11,94456188.412882
25.170035,76.112939,2.5399999618530273,203.129745,2020-12-25,0.9646720290184021,11,94116217.925979
25.169475,76.17680358886719,2.319999933242798,194.518402,2020-12-29,0.9570819735527039,11,94456188.421146
25.169254302978516,76.113675,3.809999942779541,203.5232696533203,2020-12-25,0.9639760255813599,11,94116217.942507
25.168693,76.177538,3.3299999237060547,194.583084,2020-12-29,0.9581180214881897,11,94456188.437674
25.168302,76.177907,2.390000104904175,194.637512,2020-12-29,0.9591889977455139,11,94456188.445938
25.168365478515625,76.185593,2.3499999046325684,193.947632,2020-12-29,0.9503980278968811,8,94456188.57403
25.167472,76.19782257080078,10.930000305175781,194.421814,2020-12-29,0.9596459865570068,6,94456188.359166
25.16752052307129,76.178645,2.390000104904175,194.710892,2020-12-29,0.9505749940872192,11,94456188.462466
25.167693,76.115148,3.809999942779541,203.657791,2020-12-25,0.9594569802284241,11,94116217.975563
25.167769,76.122841,2.430000066757202,203.267792,2020-12-25,0.9531440138816833,8,94116218.103673
25.167083,76.19818878173828,2.950000047683716,194.274414,2020-12-29,0.9509199857711792,6,94456188.36743
25.166345596313477,76.179751,2.390000104904175,194.906647,2020-12-29,0.953898012638092,11,94456188.487258
25.165563583374023,76.180489,2.390000104904175,194.967819,2020-12-29,0.9616199731826782,11,94456188.503786
25.165626,76.188171,2.430000066757202,194.139435,2020-12-29,0.9628310203552246,8,94456188.631878
25.16535186767578,76.117358,2.5,204.051773,2020-12-25,0.9559850096702576,11,94116218.025147
25.164781,76.181226,2.4700000286102295,195.046906,2020-12-29,0.9598990082740784,11,94456188.520314
25.16438865661621,76.181594,7.369999885559082,195.259369,2020-12-29,0.9566900134086609,11,94456188.528578
25.16457176208496,76.118094,2.430000066757202,204.044418,2020-12-25,0.9522719979286194,11,94116218.041678
25.163997,76.181963,3.440000057220459,199.310623,2020-12-29,0.95005202293396,11,94456188.536842
25.163606643676758,76.182331,5.570000171661377,195.342239,2020-12-29,0.9640989899635315,11,94456188.545106
25.162822723388672,76.183068,7.710000038146973,196.515762,2020-12-29,0.9547669887542725,11,94456188.561634
25.162431716918945,76.183436,4.789999961853027,199.302383,2020-12-29,0.9596700072288513,11,94456188.569898
25.162496,76.191116,5.570000171661377,191.890549,2020-12-29,0.9510689973831177,8,94456188.69799
25.162041,76.183805,4.150000095367432,199.198547,2020-12-29,0.9547790288925171,11,94456188.578162
25.161649703979492,76.184173,6.889999866485596,196.865585,2020-12-29,0.9591169953346252,11,94456188.586426
25.16183853149414,76.120673,2.3499999046325684,206.535431,2020-12-25,0.9552389979362488,11,94116218.09954
25.161258697509766,76.184542,5.130000114440918,196.660324,2020-12-29,0.9604799747467041,11,94456188.59469
25.160867,76.1849136352539,6.550000190734863,196.22402954101562,2020-12-29,0.9588609933853149,11,94456188.602954
25.160476,76.185278,9.0600004196167,195.694153,2020-12-29,0.9619079828262329,11,94456188.611218
25.160669,76.121779,2.619999885559082,205.044006,2020-12-25,0.9556339979171753,11,94116218.124338
25.16014862060547,76.193324,6.46999979019165,193.924881,2020-12-29,0.9510390162467957,8,94456188.747574
25.160083,76.185645,13.100000381469727,196.080276,2020-12-29,0.961326003074646,11,94456188.619482
25.160279,76.122147,2.6500000953674316,205.407196,2020-12-25,0.970221996307373,11,94116218.132604
25.15969467163086,76.186015,2.4700000286102295,196.034607,2020-12-29,0.9774990081787109,11,94456188.627746
25.159759,76.193693,2.5,194.582718,2020-12-29,0.9599530100822449,8,94456188.755838
25.159368,76.194061,2.3499999046325684,195.05838012695312,2020-12-29,0.956246018409729,8,94456188.764102
25.159888,76.122516,2.5,205.663345,2020-12-25,0.9617260098457336,11,94116218.14087
25.159303,76.186383,2.619999885559082,196.348007,2020-12-29,0.9635130167007446,11,94456188.63601
25.158912,76.186751,2.390000104904175,196.271362,2020-12-29,0.9591479897499084,11,94456188.644274
25.158130645751953,76.187487,2.430000066757202,196.437531,2020-12-29,0.9574530124664307,11,94456188.660802
25.15819549560547,76.195167,2.7300000190734863,195.19100952148438,2020-12-29,0.9639300107955933,8,94456188.788894
25.157804489135742,76.195536,2.3499999046325684,194.573242,2020-12-29,0.9500229954719543,8,94456188.797158
25.157737731933594,76.187855,7.179999828338623,194.643814,2020-12-29,0.9664570093154907,11,94456188.669066
25.157937,76.12435913085938,2.5399999618530273,204.989258,2020-12-25,0.968520998954773,11,94116218.1822
25.158004760742188,76.132064,9.989999771118164,201.268921,2020-12-25,0.9542809724807739,8,94116218.31031
25.157414,76.195904,2.390000104904175,194.26239013671875,2020-12-29,0.9505389928817749,8,94456188.805422
25.157441,76.151793,2.7300000190734863,201.278305,2020-12-25,0.9510719776153564,5,94116218.215264
25.157346725463867,76.188223,5.389999866485596,194.569641,2020-12-29,0.9698910117149353,11,94456188.67733
25.157546,76.124729,2.5,204.657227,2020-12-25,0.9640809893608093,11,94116218.190466
25.157023,76.196273,2.9200000762939453,193.439804,2020-12-29,0.9616609811782837,8,94456188.813686
25.15704917907715,76.152162,2.6500000953674316,201.139526,2020-12-25,0.9591550230979919,5,94116218.22353
25.156632,76.196642,5.760000228881836,191.180054,2020-12-29,0.9637929797172546,8,94456188.82195
25.157155990600586,76.125098,2.4700000286102295,204.070908,2020-12-25,0.9634320139884949,11,94116218.198732
25.156240463256836,76.19700622558594,5.869999885559082,193.825897,2020-12-29,0.9504619836807251,8,94456188.830214
25.156173706054688,76.189328,2.319999933242798,194.613754,2020-12-29,0.9539049863815308,11,94456188.702122
25.15578269958496,76.189697,2.430000066757202,193.618912,2020-12-29,0.9525430202484131,11,94456188.710386
25.15584945678711,76.197379,4.599999904632568,194.089706,2020-12-29,0.9501000046730042,8,94456188.838478
25.155069,76.198117,4.260000228881836,194.430176,2020-12-29,0.9523869752883911,8,94456188.855006
25.154678344726562,76.198486,5.460000038146973,194.154968,2020-12-29,0.9628819823265076,8,94456188.86327
25.154218673706055,76.19116973876953,2.5399999618530273,193.571732,2020-12-29,0.9529569745063782,11,94456188.743442
25.154288,76.198855,6.059999942779541,191.23435974121094,2020-12-29,0.9602810144424438,8,94456188.871534
25.153898239135742,76.199225,5.760000228881836,187.520294,2020-12-29,0.9647899866104126,8,94456188.879799
25.153827667236328,76.191538,2.430000066757202,194.558731,2020-12-29,0.956716001033783,11,94456188.751706
25.1534366607666,76.191906,2.5,195.24143981933594,2020-12-29,0.9603790044784546,11,94456188.75997
25.15148162841797,76.193749,2.5,195.589844,2020-12-29,0.9557589888572693,11,94456188.80129
25.150310516357422,76.19485473632812,2.799999952316284,194.701965,2020-12-29,0.9557650089263916,11,94456188.826082
25.14952850341797,76.195593,2.4700000286102295,193.777878,2020-12-29,0.9567710161209106,11,94456188.84261
25.149139,76.195962,2.4700000286102295,193.243088,2020-12-29,0.9561290144920349,11,94456188.850874
25.149341583251953,76.132481,2.4700000286102295,205.574631,2020-12-25,0.9516239762306213,11,94116218.364026
25.14874839782715,76.196331,3.740000009536743,190.3782501220703,2020-12-29,0.9593179821968079,11,94456188.859138
25.148358,76.19670104980469,2.880000114440918,189.097565,2020-12-29,0.9660329818725586,11,94456188.867402
25.147968292236328,76.197069,2.5799999237060547,189.3923797607422,2020-12-29,0.9520230293273926,11,94456188.875666
25.14816665649414,76.133588,10.369999885559082,206.589371,2020-12-25,0.9525930285453796,11,94116218.388818
25.147578,76.197439,3.140000104904175,186.114777,2020-12-29,0.9573659896850586,11,94456188.883932
25.147188186645508,76.197808,2.4700000286102295,185.929657,2020-12-29,0.9513810276985168,11,94456188.892198
25.14679718017578,76.198177,2.390000104904175,186.062195,2020-12-29,0.9614779949188232,11,94456188.900464
25.146407,76.198546,3.440000057220459,183.728241,2020-12-29,0.9578199982643127,11,94456188.90873
25.14601707458496,76.198916,2.880000114440918,180.753662,2020-12-29,0.9651709794998169,11,94456188.916996
25.144593,76.100485,2.690000057220459,213.358276,2020-12-21,0.972337007522583,5,93776245.741802
25.144202,76.100853,2.759999990463257,212.94573974609375,2020-12-21,0.9679480195045471,5,93776245.750066
25.143811,76.101222,2.619999885559082,211.744781,2020-12-21,0.9557520151138306,5,93776245.75833
25.14341926574707,76.101591,2.5399999618530273,211.458282,2020-12-21,0.952659010887146,5,93776245.766594
25.142379,76.146842,2.690000057220459,198.984772,2020-12-25,0.9594219923019409,8,94116218.64087
25.141988,76.147212,2.6500000953674316,198.90415954589844,2020-12-25,0.9598119854927063,8,94116218.649134
25.141855239868164,76.103064,2.619999885559082,210.132477,2020-12-21,0.9552000164985657,5,93776245.79965
25.141072,76.103801,2.5799999237060547,209.718811,2020-12-21,0.9596980214118958,5,93776245.816178
25.139116287231445,76.105643,2.430000066757202,208.721329,2020-12-21,0.9596089720726013,5,93776245.857498
25.138724,76.106011,2.7300000190734863,208.649872,2020-12-21,0.972009003162384,5,93776245.865762
25.138333,76.106379,2.5799999237060547,208.2320098876953,2020-12-21,0.9579709768295288,5,93776245.874026
25.137942,76.106748,2.619999885559082,207.774551,2020-12-21,0.9529340267181396,5,93776245.88229
25.137698,76.151275,2.5799999237060547,198.349533,2020-12-25,0.9523400068283081,8,94116218.740038
25.137551,76.107116,2.5399999618530273,207.304062,2020-12-21,0.9628949761390686,5,93776245.890554
25.13730812072754,76.151645,2.5799999237060547,198.253433,2020-12-25,0.9562749862670898,8,94116218.748302
25.136918,76.152014,2.799999952316284,197.979034,2020-12-25,0.9601640105247498,8,94116218.756566
25.137159,76.107484,2.690000057220459,207.314575,2020-12-21,0.9687650203704834,5,93776245.898818
25.13652801513672,76.152383,2.430000066757202,197.9519500732422,2020-12-25,0.9571189880371094,8,94116218.76483
25.136407,76.100331,3.059999942779541,207.602371,2020-12-21,0.9642249941825867,6,93776245.787254
25.136016,76.10070037841797,2.5399999618530273,207.321365,2020-12-21,0.9558179974555969,6,93776245.795518
25.135669,76.145411,2.430000066757202,202.854477,2020-12-25,0.9523850083351135,11,94116218.653266
25.135622024536133,76.101066,10.210000038146973,207.148697,2020-12-21,0.951619029045105,6,93776245.803782
25.13523292541504,76.101436,2.5399999618530273,207.156982,2020-12-21,0.9511309862136841,6,93776245.812046
25.134841,76.101805,2.799999952316284,207.574799,2020-12-21,0.9735620021820068,6,93776245.82031
25.134811401367188,76.10969543457031,2.5399999618530273,206.665146,2020-12-21,0.9556300044059753,5,93776245.948402
25.134450912475586,76.102173,2.7300000190734863,207.372177,2020-12-21,0.9728379845619202,6,93776245.828574
25.13442039489746,76.110063,2.5,206.312332,2020-12-21,0.9508739709854126,5,93776245.956666
25.134109,76.146889,2.7300000190734863,202.790756,2020-12-25,0.9543600082397461,11,94116218.686322
25.134059,76.102542,2.690000057220459,206.452728,2020-12-21,0.9545639753341675,6,93776245.836838
25.133719,76.147259,2.4700000286102295,202.403015,2020-12-25,0.9565399885177612,11,94116218.694586
25.1336669921875,76.10291290283203,2.880000114440918,206.984024,2020-12-21,0.9648609757423401,6,93776245.845102
25.133634567260742,76.110798,8.149999618530273,206.299438,2020-12-21,0.966044008731842,5,93776245.973194
25.133329,76.147628,2.3499999046325684,202.158722,2020-12-25,0.9559929966926575,11,94116218.70285
25.133012,76.155704,3.2200000286102295,199.764023,2020-12-25,0.9566699862480164,8,94116218.839206
25.133275985717773,76.103278,2.6500000953674316,206.984055,2020-12-21,0.9735609889030457,6,93776245.853366
25.132939,76.147997,2.4700000286102295,201.800049,2020-12-25,0.9585769772529602,11,94116218.711114
25.132884979248047,76.103646,2.950000047683716,206.525452,2020-12-21,0.9622129797935486,6,93776245.86163
25.132549,76.148367,2.390000104904175,201.623627,2020-12-25,0.9514920115470886,11,94116218.719378
25.132159,76.148736,2.5399999618530273,201.419693,2020-12-25,0.9587979912757874,11,94116218.727642
25.132231,76.156442,2.430000066757202,200.344238,2020-12-25,0.9563609957695007,8,94116218.855734
25.132493,76.104015,2.7699999809265137,206.322083,2020-12-21,0.9571049809455872,6,93776245.869894
25.132102,76.104383,2.4700000286102295,205.976624,2020-12-21,0.9538149833679199,6,93776245.878158
25.131769,76.149106,2.430000066757202,201.162415,2020-12-25,0.9543269872665405,11,94116218.735906
25.131839,76.15680694580078,2.950000047683716,201.816925,2020-12-25,0.9514150023460388,8,94116218.863998
25.131379,76.14947509765625,2.430000066757202,201.078949,2020-12-25,0.9548320174217224,11,94116218.74417
25.131319046020508,76.105119,2.7699999809265137,206.737183,2020-12-21,0.9684820175170898,6,93776245.894686
25.130989,76.149844,2.5799999237060547,200.864441,2020-12-25,0.9648500084877014,11,94116218.752434
25.130927,76.105487,5.460000038146973,206.273651,2020-12-21,0.9635059833526611,6,93776245.90295
25.130598068237305,76.150213,3.0299999713897705,200.833893,2020-12-25,0.9515600204467773,11,94116218.760698
25.130537033081055,76.105857,2.5,205.649002,2020-12-21,0.9500210285186768,6,93776245.911214
25.130208,76.150582,2.619999885559082,200.931122,2020-12-25,0.9602910280227661,11,94116218.768962
25.129817962646484,76.150952,3.069999933242798,200.228577,2020-12-25,0.950622022151947,11,94116218.777226
25.129363,76.106962,2.5399999618530273,205.269287,2020-12-21,0.9596199989318848,6,93776245.936006
25.128646850585938,76.152059,2.430000066757202,199.330109,2020-12-25,0.9601619839668274,11,94116218.802018
25.128257,76.152428,2.4700000286102295,199.012146,2020-12-25,0.9530889987945557,11,94116218.810282
25.128189,76.108067,2.5399999618530273,205.0356903076172,2020-12-21,0.9501659870147705,6,93776245.960798
25.127866,76.152797,2.319999933242798,198.654572,2020-12-25,0.9500470161437988,11,94116218.818546
25.127798080444336,76.108435,2.5399999618530273,204.989868,2020-12-21,0.9531620144844055,6,93776245.969062
25.127084732055664,76.153535,2.430000066757202,198.286026,2020-12-25,0.9534990191459656,11,94116218.835074
25.126598358154297,76.117437,2.4700000286102295,203.202652,2020-12-21,0.9568300247192383,5,93776246.121946
25.126233,76.109909,2.690000057220459,204.419998,2020-12-21,0.9529799818992615,6,93776246.002118
25.12584114074707,76.110278,2.7300000190734863,204.785873,2020-12-21,0.9722110033035278,6,93776246.010382
25.125816345214844,76.118175,2.5399999618530273,202.935837,2020-12-21,0.9552109837532043,5,93776246.138474
25.125424,76.118544,2.5,202.906219,2020-12-21,0.9549319744110107,5,93776246.146738
25.125450134277344,76.110646,2.7699999809265137,204.709991,2020-12-21,0.9701690077781677,6,93776246.018646
25.125033,76.118913,2.6500000953674316,202.787231,2020-12-21,0.9551230072975159,5,93776246.155002
25.124738693237305,76.155747,5.610000133514404,198.117462,2020-12-25,0.9500979781150818,11,94116218.884658
25.124238967895508,76.183177,2.619999885559082,186.847687,2020-12-25,0.9520220160484314,5,94116218.917714
25.1246395111084,76.11927795410156,5.829999923706055,202.780731,2020-12-21,0.9647589921951294,5,93776246.163266
25.1242618560791,76.175278,2.799999952316284,195.532959,2020-12-25,0.951882004737854,6,94116218.789622
25.12442398071289,76.100285,2.9100000858306885,210.802948,2020-12-21,0.9711779952049255,8,93776246.274852
25.12384796142578,76.183545,3.069999933242798,186.768188,2020-12-25,0.9562029838562012,5,94116218.925978
25.124250411987305,76.1196517944336,5.159999847412109,202.226501,2020-12-21,0.9582880139350891,5,93776246.17153
25.124032974243164,76.100654,2.4700000286102295,210.736023,2020-12-21,0.9527350068092346,8,93776246.283118
25.123886108398438,76.112121,2.5399999618530273,203.629562,2020-12-21,0.9609159827232361,6,93776246.051702
25.123858,76.120019,6.550000190734863,201.679626,2020-12-21,0.9653040170669556,5,93776246.179794
25.123641,76.101024,2.5399999618530273,210.647278,2020-12-21,0.9508389830589294,8,93776246.291384
25.12346839904785,76.120389,2.990000009536743,201.271454,2020-12-21,0.9687520265579224,5,93776246.188059
25.123104095458984,76.112858,3.4000000953674316,203.720444,2020-12-21,0.9576089978218079,6,93776246.06823
25.123076,76.120757,2.880000114440918,202.374359,2020-12-21,0.9590399861335754,5,93776246.196325
25.122310638427734,76.1771240234375,4.489999771118164,187.609756,2020-12-25,0.9551650285720825,6,94116218.830942
25.122465133666992,76.102131,3.4800000190734863,210.924896,2020-12-21,0.9564599990844727,8,93776246.316182
25.12229347229004,76.121496,2.619999885559082,202.37203979492188,2020-12-21,0.9602069854736328,5,93776246.212857
25.122074127197266,76.10250091552734,2.9100000858306885,210.995087,2020-12-21,0.9668599963188171,8,93776246.324448
25.121898,76.121862,10.329999923706055,202.56748962402344,2020-12-21,0.9660689830780029,5,93776246.221123
25.121682,76.102869,2.6500000953674316,211.452805,2020-12-21,0.977632999420166,8,93776246.332714
25.121540069580078,76.11433410644531,2.5799999237060547,203.106003,2020-12-21,0.953108012676239,6,93776246.101286
25.121505,76.12223052978516,15.449999809265137,202.196365,2020-12-21,0.963329017162323,5,93776246.229389
25.121291,76.103239,2.430000066757202,210.402603,2020-12-21,0.9532529711723328,8,93776246.34098
25.120831,76.159436,3.0299999713897705,195.692795,2020-12-25,0.9558230042457581,11,94116218.967298
25.120899,76.103608,2.319999933242798,210.080933,2020-12-21,0.9592589735984802,8,93776246.349246
25.120758056640625,76.115071,2.4700000286102295,203.122452,2020-12-21,0.950423002243042,6,93776246.117814
25.120727,76.122972,2.5399999618530273,201.999023,2020-12-21,0.95524001121521,5,93776246.245921
25.119966,76.179338,2.950000047683716,182.916336,2020-12-25,0.9661369919776917,6,94116218.880526
25.119333267211914,76.105084,2.4700000286102295,208.081467,2020-12-21,0.9517790079116821,8,93776246.38231
25.118802,76.116915,2.619999885559082,202.832596,2020-12-21,0.9540079832077026,6,93776246.159134
25.118768,76.124818,2.619999885559082,201.394501,2020-12-21,0.9519000053405762,5,93776246.287251
25.11855125427246,76.105822,2.430000066757202,207.209305,2020-12-21,0.9551360011100769,8,93776246.398842
25.118411,76.117284,2.5399999618530273,202.609009,2020-12-21,0.9553059935569763,6,93776246.167398
25.11809730529785,76.162018,2.5,196.945389,2020-12-25,0.9551510214805603,11,94116219.025146
25.117706298828125,76.162387,2.4700000286102295,197.167175,2020-12-25,0.9518489837646484,11,94116219.033411
25.117389,76.170463,2.6500000953674316,196.631042,2020-12-25,0.9504500031471252,8,94116219.1698
25.117768,76.10655975341797,2.390000104904175,206.183838,2020-12-21,0.9544270038604736,8,93776246.415374
25.117589,76.125922,10.359999656677246,204.863144,2020-12-21,0.9595140218734741,5,93776246.312049
25.116998,76.170832,2.3499999046325684,197.360611,2020-12-25,0.9549970030784607,8,94116219.178066
25.11723518371582,76.11839294433594,4.599999904632568,202.902191,2020-12-21,0.9578099846839905,6,93776246.192192
25.117201,76.126295,2.5,201.281097,2020-12-21,0.950547993183136,5,93776246.320315
25.116986,76.107298,2.430000066757202,205.606644,2020-12-21,0.9554669857025146,8,93776246.431902
25.116845,76.11875915527344,2.5399999618530273,202.727234,2020-12-21,0.9514870047569275,6,93776246.200458
25.116809,76.126664,2.5,201.455566,2020-12-21,0.9557610154151917,5,93776246.328581
25.116535186767578,76.163495,2.3499999046325684,196.921631,2020-12-25,0.9573969841003418,11,94116219.058209
25.116216,76.17156982421875,3.069999933242798,196.935425,2020-12-25,0.9619619846343994,8,94116219.194598
25.116595,76.107667,2.5799999237060547,205.260971,2020-12-21,0.952875018119812,8,93776246.440166
25.116453170776367,76.119129,2.5,202.689423,2020-12-21,0.9551630020141602,6,93776246.208724
25.116416931152344,76.127033,2.690000057220459,201.690918,2020-12-21,0.952904999256134,5,93776246.336847
25.116146087646484,76.100331,2.319999933242798,207.253677,2020-12-21,0.9520739912986755,11,93776246.320315
25.11606216430664,76.119498,2.880000114440918,202.597321,2020-12-21,0.9527559876441956,6,93776246.21699
25.115813,76.108404,2.3499999046325684,205.347946,2020-12-21,0.9539139866828918,8,93776246.456694
25.115634,76.127771,2.619999885559082,201.117966,2020-12-21,0.9528089761734009,5,93776246.353379
25.11566925048828,76.119868,2.430000066757202,202.451218,2020-12-21,0.9519209861755371,6,93776246.225256
25.11504554748535,76.172678,8.979999542236328,183.542221,2020-12-25,0.9562889933586121,8,94116219.219396
25.115279,76.120237,2.5,202.5386199951172,2020-12-21,0.9581949710845947,6,93776246.233522
25.1153621673584,76.101069,2.4700000286102295,206.705917,2020-12-21,0.9631869792938232,11,93776246.336847
25.11465835571289,76.173048,2.390000104904175,182.965912,2020-12-25,0.9869549870491028,8,94116219.227662
25.114971160888672,76.101438,2.430000066757202,206.858032,2020-12-21,0.9549430012702942,11,93776246.345113
25.115031,76.109141,2.5,204.764038,2020-12-21,0.954226016998291,8,93776246.473222
25.114639282226562,76.10951232910156,2.4700000286102295,204.881424,2020-12-21,0.9569439888000488,8,93776246.481486
25.114579,76.101807,2.430000066757202,206.554932,2020-12-21,0.9627860188484192,11,93776246.353379
25.114247,76.109878,4.789999961853027,204.723175,2020-12-21,0.9522050023078918,8,93776246.48975
25.114187240600586,76.102176,2.5399999618530273,206.502899,2020-12-21,0.963047981262207,11,93776246.361645
25.113712310791016,76.121713,2.5799999237060547,202.360565,2020-12-21,0.9578459858894348,6,93776246.266586
25.113402,76.102913,8.15999984741211,205.752533,2020-12-21,0.9726759791374207,11,93776246.378177
25.113467,76.110616,2.3499999046325684,204.711868,2020-12-21,0.9576870203018188,8,93776246.506278
25.113023,76.166817,2.430000066757202,195.670319,2020-12-25,0.9508309960365295,11,94116219.132603
25.113076,76.1109848022461,2.4700000286102295,204.571777,2020-12-21,0.9671670198440552,8,93776246.514542
25.113013,76.103283,2.5,206.135834,2020-12-21,0.9674689769744873,11,93776246.386443
25.11292839050293,76.122452,2.5,202.173935,2020-12-21,0.9511280059814453,6,93776246.283118
25.112685,76.111353,2.5399999618530273,204.594681,2020-12-21,0.9612789750099182,8,93776246.522806
25.112537384033203,76.122821,2.5399999618530273,201.888962,2020-12-21,0.9527850151062012,6,93776246.291384
25.112621307373047,76.103652,2.619999885559082,205.572266,2020-12-21,0.9545620083808899,11,93776246.394709
25.11223030090332,76.104021,2.5,206.000717,2020-12-21,0.9547770023345947,11,93776246.402975
25.112294,76.111722,2.3499999046325684,204.742722,2020-12-21,0.9566149711608887,8,93776246.53107
25.112145,76.1231918334961,2.5799999237060547,201.688828,2020-12-21,0.9590590000152588,6,93776246.29965
25.111903,76.112091,2.5,204.506882,2020-12-21,0.9535729885101318,8,93776246.539334
25.111838,76.1043930053711,2.430000066757202,206.038712,2020-12-21,0.9652630090713501,11,93776246.411241
25.111719,76.131459,2.5799999237060547,200.409637,2020-12-21,0.9538009762763977,5,93776246.436034
25.111513137817383,76.11245727539062,2.390000104904175,204.557755,2020-12-21,0.9558740258216858,8,93776246.547598
25.111447,76.104759,2.4700000286102295,206.203369,2020-12-21,0.9717699885368347,11,93776246.419506
25.111056,76.105128,2.390000104904175,205.999619,2020-12-21,0.9581670165061951,11,93776246.42777
25.111122131347656,76.112828,2.319999933242798,204.537781,2020-12-21,0.9564369916915894,8,93776246.555862
25.110663,76.105495,5.840000152587891,206.163879,2020-12-21,0.9555680155754089,11,93776246.436034
25.11073112487793,76.113197,2.390000104904175,204.491943,2020-12-21,0.9545230269432068,8,93776246.564126
25.110576629638672,76.124666,2.4700000286102295,202.5943603515625,2020-12-21,0.9504619836807251,6,93776246.332714
25.110546112060547,76.132565,2.6500000953674316,200.292221,2020-12-21,0.956957995891571,5,93776246.460826
25.110273361206055,76.10586547851562,2.6500000953674316,206.245361,2020-12-21,0.9718350172042847,11,93776246.444298
25.11015510559082,76.132934,2.5,200.062057,2020-12-21,0.957781970500946,5,93776246.46909
25.109949111938477,76.113935,2.3499999046325684,204.225586,2020-12-21,0.9548130035400391,8,93776246.580654
25.109794,76.12540435791016,2.5399999618530273,201.76564025878906,2020-12-21,0.951088011264801,6,93776246.349246
25.109764099121094,76.133302,2.5399999618530273,199.981323,2020-12-21,0.9638760089874268,5,93776246.477354
25.109882354736328,76.106233,2.690000057220459,206.543457,2020-12-21,0.9755269885063171,11,93776246.452562
25.109403,76.125773,2.4700000286102295,201.447586,2020-12-21,0.9566460251808167,6,93776246.357512
25.109168,76.114673,2.430000066757202,204.433319,2020-12-21,0.9604269862174988,8,93776246.597182
25.109011,76.126142,2.7699999809265137,201.640778,2020-12-21,0.966185986995697,6,93776246.365778
25.10898208618164,76.134039,2.5399999618530273,199.824554,2020-12-21,0.9600070118904114,5,93776246.493882
25.108709,76.107339,2.5,206.468033,2020-12-21,0.9550740122795105,11,93776246.477354
25.108619,76.126511,2.6500000953674316,201.570587,2020-12-21,0.9676390290260315,6,93776246.374044
25.108228,76.12687683105469,2.430000066757202,201.026505,2020-12-21,0.9500870108604431,6,93776246.38231
25.10794448852539,76.171613,8.649999618530273,189.299286,2020-12-25,0.9555140137672424,11,94116219.240061
25.107851028442383,76.190768,7.03000020980835,196.476242,2020-12-25,0.9557039737701416,6,94116219.136736
25.107927322387695,76.108077,2.5,206.760254,2020-12-21,0.9556670188903809,11,93776246.493882
25.107995986938477,76.11578369140625,2.4700000286102295,204.53359985351562,2020-12-21,0.9541599750518799,8,93776246.621974
25.107444763183594,76.127618,2.5799999237060547,200.533096,2020-12-21,0.9536399841308594,6,93776246.398842
25.107215,76.116518,2.7699999809265137,205.359879,2020-12-21,0.9541280269622803,8,93776246.638502
25.107145309448242,76.108814,2.690000057220459,207.009644,2020-12-21,0.9534720182418823,11,93776246.51041
25.106754302978516,76.109182,2.5,207.357224,2020-12-21,0.9617800116539001,11,93776246.518674
25.106824,76.116887,2.619999885559082,206.086517,2020-12-21,0.9683399796485901,8,93776246.646766
25.106290817260742,76.19224548339844,7.0,191.147995,2020-12-25,0.9513390064239502,6,94116219.1698
25.10636329650879,76.109551,2.4700000286102295,207.395325,2020-12-21,0.9606119990348816,11,93776246.526938
25.106433,76.11725616455078,2.9100000858306885,206.536942,2020-12-21,0.9633529782295227,8,93776246.65503
25.106042,76.117625,2.5,206.847061,2020-12-21,0.968451976776123,8,93776246.663294
25.105855,76.136988,2.5399999618530273,198.940887,2020-12-21,0.9658820033073425,5,93776246.559994
25.105972290039062,76.10991668701172,2.5399999618530273,207.64739990234375,2020-12-21,0.9661279916763306,11,93776246.535202
25.105880737304688,76.129093,2.5399999618530273,199.938736,2020-12-21,0.952538013458252,6,93776246.431902
25.10565185546875,76.117995,2.5799999237060547,206.532745,2020-12-21,0.9731619954109192,8,93776246.671558
25.105117,76.193351,4.980000019073486,196.129013,2020-12-25,0.953607976436615,6,94116219.194598
25.105581283569336,76.110288,2.4700000286102295,207.82958984375,2020-12-21,0.9698939919471741,11,93776246.543466
25.104726,76.193719,7.260000228881836,196.511948,2020-12-25,0.9518510103225708,6,94116219.202864
25.10519027709961,76.110657,2.430000066757202,208.126129,2020-12-21,0.9623209834098816,11,93776246.55173
25.105261,76.118364,2.5,205.833115,2020-12-21,0.9646919965744019,8,93776246.679822
25.143878936767578,76.100294,2.8399999141693115,211.770432,2021-02-10,0.9519150257110596,5,98196147.489732
25.143489,76.100664,2.5799999237060547,211.510223,2021-02-10,0.9529410004615784,5,98196147.497995
25.143098831176758,76.101034,2.6500000953674316,211.121048,2021-02-10,0.961775004863739,5,98196147.50626
25.14232063293457,76.101774,2.5799999237060547,210.594574,2021-02-10,0.9638440012931824,5,98196147.522787
25.141929626464844,76.102144,2.619999885559082,210.5489501953125,2021-02-10,0.9604979753494263,5,98196147.531052
25.141542434692383,76.102512,9.130000114440918,210.007126,2021-02-10,0.9645329713821411,5,98196147.539316
25.141151428222656,76.102884,2.4700000286102295,209.620468,2021-02-10,0.9559869766235352,5,98196147.547579
25.140372,76.103624,2.430000066757202,209.281174,2021-02-10,0.9537760019302368,5,98196147.564107
25.139982223510742,76.103994,2.5399999618530273,209.27951049804688,2021-02-10,0.9659860134124756,5,98196147.572371
25.13959312438965,76.104364,2.619999885559082,208.808716,2021-02-10,0.9531689882278442,5,98196147.580636
25.139203,76.104734,2.5,208.598801,2021-02-10,0.9693019986152649,5,98196147.588899
25.138814,76.105104,2.5399999618530273,208.284119,2021-02-10,0.9702330231666565,5,98196147.597163
25.138423919677734,76.105474,2.619999885559082,208.125748,2021-02-10,0.97182297706604,5,98196147.605428
25.13803482055664,76.105845,2.799999952316284,207.998398,2021-02-10,0.9564189910888672,5,98196147.613691
25.137645,76.106215,2.5399999618530273,207.415497,2021-02-10,0.962723970413208,5,98196147.621955
25.136867,76.106955,2.7699999809265137,207.22850036621094,2021-02-10,0.9616919755935669,5,98196147.638483
25.136476516723633,76.107326,2.690000057220459,207.159256,2021-02-10,0.958221971988678,5,98196147.646747
25.136213302612305,76.100385,2.5799999237060547,207.146759,2021-02-10,0.9529560208320618,6,98196147.518655
25.136088,76.107696,2.619999885559082,207.384781,2021-02-10,0.960752010345459,5,98196147.655012
25.135823,76.100755,2.6500000953674316,207.390793,2021-02-10,0.9581519961357117,6,98196147.526919
25.135699,76.108066,2.5399999618530273,207.082825,2021-02-10,0.953453004360199,5,98196147.663275
25.135434,76.101125,2.5,207.168884,2021-02-10,0.9574379920959473,6,98196147.535184
25.13530921936035,76.108437,2.619999885559082,207.05628967285156,2021-02-10,0.9598109722137451,5,98196147.67154
25.135045,76.10149383544922,5.159999847412109,207.238754,2021-02-10,0.9626150131225586,6,98196147.543447
25.134921,76.108807,2.5799999237060547,206.783112,2021-02-10,0.9646570086479187,5,98196147.679804
25.134531021118164,76.109177,2.619999885559082,206.633728,2021-02-10,0.9559000134468079,5,98196147.688067
25.134265,76.102235,2.619999885559082,206.407425,2021-02-10,0.9552770256996155,6,98196147.559976
25.134001,76.132944,2.690000057220459,207.095276,2021-02-10,0.9528819918632507,2,98196147.659144
25.133874893188477,76.102605,2.690000057220459,206.828888,2021-02-10,0.9623110294342041,6,98196147.568239
25.133487,76.10297393798828,6.139999866485596,206.6981201171875,2021-02-10,0.9555010199546814,6,98196147.576504
25.133363723754883,76.110288,2.5,206.006653,2021-02-10,0.9537069797515869,5,98196147.712859
25.133222,76.133685,2.9200000762939453,206.361847,2021-02-10,0.9529280066490173,2,98196147.675672
25.133096,76.103345,2.6500000953674316,206.377548,2021-02-10,0.9524700045585632,6,98196147.584768
25.13297462463379,76.110658,2.5799999237060547,205.856354,2021-02-10,0.9587579965591431,5,98196147.721124
25.132850646972656,76.126861,2.8399999141693115,208.426392,2021-02-10,0.9533389806747437,3,98196147.54758
25.132585525512695,76.111028,2.5,205.826767,2021-02-10,0.9557939767837524,5,98196147.729388
25.13231658935547,76.104086,2.5399999618530273,205.683105,2021-02-10,0.961588978767395,6,98196147.601296
25.131539,76.104826,2.7300000190734863,206.359955,2021-02-10,0.9580150246620178,6,98196147.617823
25.131418228149414,76.112139,2.4700000286102295,204.928207,2021-02-10,0.9502159953117371,5,98196147.754179
25.131149,76.105196,2.6500000953674316,206.223557,2021-02-10,0.9572709798812866,6,98196147.626088
25.130760192871094,76.105566,2.5399999618530273,205.720184,2021-02-10,0.9660639762878418,6,98196147.634352
25.130640029907227,76.112879,2.4700000286102295,204.709061,2021-02-10,0.9577429890632629,5,98196147.770708
25.13037109375,76.105937,2.5,205.594131,2021-02-10,0.9618070125579834,6,98196147.642615
25.130251,76.113249,2.5799999237060547,204.642075,2021-02-10,0.9664580225944519,5,98196147.778971
25.129981,76.106307,2.5399999618530273,205.366852,2021-02-10,0.9508609771728516,6,98196147.65088
25.129861,76.113619,2.619999885559082,204.554657,2021-02-10,0.9649140238761902,5,98196147.787235
25.129592,76.106677,2.5399999618530273,205.312973,2021-02-10,0.9633659720420837,6,98196147.659143
25.129203,76.107047,2.4700000286102295,205.335159,2021-02-10,0.9529780149459839,6,98196147.667407
25.128814,76.107418,2.5399999618530273,205.250153,2021-02-10,0.9586129784584045,6,98196147.675672
25.128425,76.107788,2.5399999618530273,205.265167,2021-02-10,0.9539819955825806,6,98196147.683935
25.128034591674805,76.108158,2.5799999237060547,205.09230041503906,2021-02-10,0.9548969864845276,6,98196147.692199
25.127914428710938,76.115469,2.5,203.578369,2021-02-10,0.9553220272064209,5,98196147.828555
25.127646,76.108528,2.6500000953674316,205.1836700439453,2021-02-10,0.9583950042724609,6,98196147.700464
25.127525329589844,76.115839,2.4700000286102295,203.522934,2021-02-10,0.9577170014381409,5,98196147.836819
25.127257,76.108898,2.5399999618530273,204.918274,2021-02-10,0.9565250277519226,6,98196147.708727
25.127135,76.116209,2.5399999618530273,203.326309,2021-02-10,0.9536489844322205,5,98196147.845084
25.126868,76.109269,2.5399999618530273,204.740402,2021-02-10,0.9636750221252441,6,98196147.716991
25.126746,76.116578,2.5799999237060547,203.433533,2021-02-10,0.9647709727287292,5,98196147.853347
25.12635612487793,76.116948,2.5399999618530273,203.576996,2021-02-10,0.9639430046081543,5,98196147.861612
25.126089096069336,76.110009,2.7300000190734863,204.680862,2021-02-10,0.9549840092658997,6,98196147.733519
25.125967025756836,76.117317,2.5399999618530273,203.459152,2021-02-10,0.9627770185470581,5,98196147.869876
25.125701,76.110379,2.619999885559082,204.657578,2021-02-10,0.9594429731369019,6,98196147.741783
25.125577,76.117687,2.619999885559082,203.320419,2021-02-10,0.9598680138587952,5,98196147.878139
25.125312,76.110749,2.5799999237060547,204.312317,2021-02-10,0.9571290016174316,6,98196147.750048
25.125186920166016,76.118056,2.5799999237060547,203.317062,2021-02-10,0.9561840295791626,5,98196147.886404
25.124921798706055,76.111119,2.5799999237060547,204.101959,2021-02-10,0.9653679728507996,6,98196147.758311
25.124797821044922,76.118426,2.619999885559082,203.066727,2021-02-10,0.9594060182571411,5,98196147.894668
25.12453269958496,76.11148834228516,2.5799999237060547,203.962479,2021-02-10,0.9568809866905212,6,98196147.766576
25.124408,76.118795,2.690000057220459,203.124374,2021-02-10,0.9567559957504272,5,98196147.902931
25.124143600463867,76.11186218261719,2.619999885559082,203.745071,2021-02-10,0.9588860273361206,6,98196147.77484
25.1240177154541,76.119164,3.740000009536743,202.447189,2021-02-10,0.9520180225372314,5,98196147.911196
25.123628616333008,76.119532,6.880000114440918,202.6630401611328,2021-02-10,0.9606840014457703,5,98196147.91946
25.12336540222168,76.11260223388672,2.619999885559082,203.515244,2021-02-10,0.9510949850082397,6,98196147.791368
25.12323760986328,76.119903,2.7699999809265137,202.618347,2021-02-10,0.9594119787216187,5,98196147.927723
25.122976303100586,76.112969,3.440000057220459,203.432068,2021-02-10,0.9523209929466248,6,98196147.799632
25.122848,76.120272,2.690000057220459,203.463409,2021-02-10,0.960997998714447,5,98196147.935988
25.122587203979492,76.113339,2.5799999237060547,203.541458,2021-02-10,0.9557390213012695,6,98196147.807895
25.12245750427246,76.120641,2.5,202.913223,2021-02-10,0.9615740180015564,5,98196147.944251
25.122197,76.113709,2.4700000286102295,203.488724,2021-02-10,0.9536100029945374,6,98196147.81616
25.122068405151367,76.12100982666016,2.6500000953674316,202.785812,2021-02-10,0.9529820084571838,5,98196147.952515
25.121808,76.114079,2.5399999618530273,203.380829,2021-02-10,0.9552890062332153,6,98196147.824424
25.121288299560547,76.121747,4.559999942779541,202.2661895751953,2021-02-10,0.9543049931526184,5,98196147.969043
25.12089729309082,76.122117,2.619999885559082,202.253815,2021-02-10,0.950776994228363,5,98196147.977307
25.120508193969727,76.122484,7.0,202.422256,2021-02-10,0.9589149951934814,5,98196147.985572
25.120250701904297,76.115558,2.4700000286102295,203.338486,2021-02-10,0.9575939774513245,6,98196147.857479
25.120116,76.122855,2.5399999618530273,201.964539,2021-02-10,0.9603049755096436,5,98196147.993835
25.119726181030273,76.123223,2.690000057220459,201.83786010742188,2021-02-10,0.9544069766998291,5,98196148.002099
25.11984634399414,76.10017395019531,2.7300000190734863,209.429672,2021-02-10,0.9624540209770203,8,98196148.039287
25.119455337524414,76.100543,2.5,209.063202,2021-02-10,0.9626560211181641,8,98196148.047551
25.119471,76.116297,2.5399999618530273,203.343063,2021-02-10,0.9682390093803406,6,98196147.874007
25.119335174560547,76.123592,2.5,201.849854,2021-02-10,0.95620197057724,5,98196148.010364
25.119064331054688,76.100911,2.4700000286102295,209.075806,2021-02-10,0.9633709788322449,8,98196148.055815
25.119083404541016,76.116664,8.3100004196167,203.299637,2021-02-10,0.9638239741325378,6,98196147.882271
25.118945,76.123961,2.5399999618530273,201.571533,2021-02-10,0.9558029770851135,5,98196148.018627
25.11869239807129,76.117036,2.5799999237060547,203.014053,2021-02-10,0.9591730237007141,6,98196147.890536
25.118554,76.124329,2.5799999237060547,201.716064,2021-02-10,0.9508730173110962,5,98196148.026891
25.118302,76.117405,2.619999885559082,203.046143,2021-02-10,0.9676340222358704,6,98196147.898799
25.118163,76.124698,2.5799999237060547,201.632156,2021-02-10,0.9609400033950806,5,98196148.035156
25.118283,76.101648,2.690000057220459,208.294144,2021-02-10,0.9590619802474976,8,98196148.072343
25.11791229248047,76.117774,2.4700000286102295,203.323975,2021-02-10,0.9604780077934265,6,98196147.907063
25.117773056030273,76.125066,2.619999885559082,201.568893,2021-02-10,0.9668539762496948,5,98196148.043419
25.117501,76.102385,2.4700000286102295,207.580688,2021-02-10,0.9620929956436157,8,98196148.088871
25.11738395690918,76.125432,11.529999732971191,201.687653,2021-02-10,0.9544349908828735,5,98196148.051684
25.11713218688965,76.118513,2.5799999237060547,202.883438,2021-02-10,0.9533510208129883,6,98196147.923591
25.11699104309082,76.125803,2.5399999618530273,201.566071,2021-02-10,0.9582809805870056,5,98196148.059948
25.116742,76.118882,2.4700000286102295,202.974854,2021-02-10,0.9556429982185364,6,98196147.931855
25.116600036621094,76.126171,2.5,201.623108,2021-02-10,0.9640719890594482,5,98196148.068211
25.116328,76.1034927368164,2.5,206.476501,2021-02-10,0.9605919718742371,8,98196148.113663
25.116352081298828,76.119251,2.5399999618530273,203.025787,2021-02-10,0.9694380164146423,6,98196147.94012
25.116209030151367,76.126539,2.5799999237060547,201.370377,2021-02-10,0.954056978225708,5,98196148.076476
25.115962,76.11962127685547,2.5,202.770523,2021-02-10,0.9574469923973083,6,98196147.948383
25.115937,76.103858,2.5799999237060547,206.010376,2021-02-10,0.9617540240287781,8,98196148.121927
25.115819,76.126908,2.5,201.469177,2021-02-10,0.9553329944610596,5,98196148.08474
25.115428,76.127276,2.5399999618530273,201.459457,2021-02-10,0.9629709720611572,5,98196148.093003
25.115546,76.104227,2.5,205.844238,2021-02-10,0.9598720073699951,8,98196148.130191
25.115155,76.104595,2.5399999618530273,205.512589,2021-02-10,0.9600359797477722,8,98196148.138455
25.115182,76.120358,2.5399999618530273,202.851059,2021-02-10,0.9606720209121704,6,98196147.964912
25.115037,76.127644,2.4700000286102295,201.36141967773438,2021-02-10,0.9543830156326294,5,98196148.101268
25.114791,76.120727,2.5399999618530273,202.634842,2021-02-10,0.9575930237770081,6,98196147.973175
25.114764,76.104963,2.7300000190734863,205.987167,2021-02-10,0.9631100296974182,8,98196148.146719
25.114646,76.128012,2.5,201.423981,2021-02-10,0.9630950093269348,5,98196148.109532
25.114401,76.121096,2.5799999237060547,202.588211,2021-02-10,0.9620749950408936,6,98196147.98144
25.114373,76.105332,3.2899999618530273,204.817551,2021-02-10,0.9626960158348083,8,98196148.154983
25.114255,76.128381,2.5,201.319962,2021-02-10,0.9609479904174805,5,98196148.117795
25.113982,76.10569763183594,2.430000066757202,205.832458,2021-02-10,0.9666320085525513,8,98196148.163247
25.113864,76.128749,2.4700000286102295,201.163269,2021-02-10,0.9582269787788391,5,98196148.12606
25.11359214782715,76.106068,2.5399999618530273,206.007797,2021-02-10,0.9595149755477905,8,98196148.171511
25.113229751586914,76.122202,2.5399999618530273,202.547867,2021-02-10,0.9592610001564026,6,98196148.006232
25.113201141357422,76.106436,2.7699999809265137,205.445862,2021-02-10,0.9575889706611633,8,98196148.179775
25.112838745117188,76.122571,2.619999885559082,202.194305,2021-02-10,0.9539980292320251,6,98196148.014496
25.112691,76.129853,2.5799999237060547,201.073578,2021-02-10,0.9623349905014038,5,98196148.150852
25.112810134887695,76.106805,2.4700000286102295,205.510727,2021-02-10,0.9666659832000732,8,98196148.188039
25.112504,76.100098,2.799999952316284,206.633438,2021-02-10,0.9613929986953735,11,98196148.059947
25.112419,76.107173,2.430000066757202,205.790085,2021-02-10,0.9601519703865051,8,98196148.196305
25.112449,76.122939,2.4700000286102295,201.974991,2021-02-10,0.9552440047264099,6,98196148.022759
25.112300872802734,76.130222,2.5,201.058685,2021-02-10,0.9601110219955444,5,98196148.159115
25.112058,76.123308,2.5799999237060547,201.783417,2021-02-10,0.9605630040168762,6,98196148.031024
25.112113,76.100466,4.079999923706055,205.035004,2021-02-10,0.958187997341156,11,98196148.068211
25.112029,76.107542,2.5,205.883286,2021-02-10,0.9562550187110901,8,98196148.204571
25.111909,76.1305923461914,2.5799999237060547,200.8022003173828,2021-02-10,0.9651119709014893,5,98196148.167379
25.111667,76.123676,2.5399999618530273,201.852264,2021-02-10,0.9598749876022339,6,98196148.039287
25.111638,76.10791015625,2.5,205.658203,2021-02-10,0.958092987537384,8,98196148.212837
25.111518,76.130958,2.5,200.751404,2021-02-10,0.9631959795951843,5,98196148.175644
25.111331939697266,76.101203,2.4700000286102295,206.656311,2021-02-10,0.9591919779777527,11,98196148.084739
25.111127853393555,76.131326,2.5399999618530273,200.613174,2021-02-10,0.964622974395752,5,98196148.183907
25.110941,76.101571,2.4700000286102295,206.782227,2021-02-10,0.972698986530304,11,98196148.093003
25.110857009887695,76.108647,2.5,205.160568,2021-02-10,0.9632570147514343,8,98196148.229369
25.11049461364746,76.124781,2.5399999618530273,202.521317,2021-02-10,0.963001012802124,6,98196148.064079
25.110549926757812,76.101939,2.619999885559082,206.833649,2021-02-10,0.9660530090332031,11,98196148.101267
25.11046600341797,76.109016,2.5399999618530273,205.156967,2021-02-10,0.956059992313385,8,98196148.237635
25.109954833984375,76.132431,2.5799999237060547,200.329376,2021-02-10,0.9506980180740356,5,98196148.208705
25.110158920288086,76.102308,2.5799999237060547,206.937485,2021-02-10,0.9600409865379333,11,98196148.109531
25.110076,76.109384,2.5399999618530273,205.422348,2021-02-10,0.9649220108985901,8,98196148.245901
25.10976791381836,76.102676,2.5,207.088348,2021-02-10,0.9635909795761108,11,98196148.117795
25.109685,76.109753,2.430000066757202,205.592148,2021-02-10,0.9634140133857727,8,98196148.254167
25.109712600708008,76.125518,2.5799999237060547,201.922485,2021-02-10,0.964119017124176,6,98196148.080608
25.10956382751465,76.13279724121094,2.5799999237060547,199.992554,2021-02-10,0.9519299864768982,5,98196148.216971
25.10932159423828,76.125886,2.5799999237060547,201.660873,2021-02-10,0.9711790084838867,6,98196148.088871
25.109376907348633,76.103044,2.5799999237060547,207.133575,2021-02-10,0.9613569974899292,11,98196148.126059
25.109294891357422,76.110121,2.430000066757202,205.726303,2021-02-10,0.9659879803657532,8,98196148.262433
25.108931,76.126254,2.5799999237060547,202.047485,2021-02-10,0.9580619931221008,6,98196148.097135
25.108987,76.103412,2.430000066757202,207.264893,2021-02-10,0.9620500206947327,11,98196148.134323
25.108903884887695,76.11048889160156,2.430000066757202,205.731262,2021-02-10,0.9635810256004333,8,98196148.270699
25.108596,76.1037826538086,2.690000057220459,207.905548,2021-02-10,0.9668869972229004,11,98196148.142587
25.108539581298828,76.126623,2.690000057220459,201.556808,2021-02-10,0.9514480233192444,6,98196148.1054
25.108392,76.133905,2.5799999237060547,199.803574,2021-02-10,0.962414026260376,5,98196148.241768
25.108514,76.110859,2.5399999618530273,205.864349,2021-02-10,0.9676939845085144,8,98196148.278965
25.108205,76.104149,2.619999885559082,207.9648895263672,2021-02-10,0.9639829993247986,11,98196148.150851
25.108123779296875,76.111228,2.430000066757202,205.976212,2021-02-10,0.967943012714386,8,98196148.287231
25.108001,76.134274,2.5799999237060547,199.643845,2021-02-10,0.956836998462677,5,98196148.250034
25.107757568359375,76.127359,2.5399999618530273,200.757889,2021-02-10,0.9590160250663757,6,98196148.121927
25.107814,76.104517,2.690000057220459,208.054642,2021-02-10,0.9673640131950378,11,98196148.159115
25.107734,76.111596,2.390000104904175,206.163376,2021-02-10,0.9684879779815674,8,98196148.295497
25.107611,76.134642,2.5,199.525314,2021-02-10,0.9509279727935791,5,98196148.2583
25.10736656188965,76.127728,2.5399999618530273,200.703644,2021-02-10,0.9594950079917908,6,98196148.130192
25.107219696044922,76.135011,2.5799999237060547,199.376907,2021-02-10,0.951557993888855,5,98196148.266567
25.107423782348633,76.104885,2.8399999141693115,207.864609,2021-02-10,0.9657899737358093,11,98196148.167379
25.107343,76.111965,2.5,206.188812,2021-02-10,0.9684280157089233,8,98196148.303763
25.107032775878906,76.105254,2.5399999618530273,207.696182,2021-02-10,0.9564499855041504,11,98196148.175643
25.106952667236328,76.112334,2.5,206.171112,2021-02-10,0.9716529846191406,8,98196148.312029
25.10664176940918,76.105622,2.5799999237060547,207.935028,2021-02-10,0.961974024772644,11,98196148.183907
25.106563,76.112703,2.4700000286102295,206.068283,2021-02-10,0.9596650004386902,8,98196148.320295
25.1061954498291,76.128832,2.5,200.367828,2021-02-10,0.9582849740982056,6,98196148.154984
25.106251,76.10598754882812,2.430000066757202,208.358475,2021-02-10,0.9726729989051819,11,98196148.192172
25.106172561645508,76.113072,2.4700000286102295,206.374268,2021-02-10,0.9718160033226013,8,98196148.328561
25.105861,76.106358,2.5399999618530273,208.418503,2021-02-10,0.9730449914932251,11,98196148.200438
25.105804443359375,76.12920379638672,2.5399999618530273,200.493057,2021-02-10,0.9642220139503479,6,98196148.163247
25.105783462524414,76.113441,2.5399999618530273,206.621628,2021-02-10,0.9683229923248291,8,98196148.336827
25.105470657348633,76.106727,2.4700000286102295,208.795547,2021-02-10,0.9717810153961182,11,98196148.208704
25.105393,76.11380767822266,2.4700000286102295,206.671082,2021-02-10,0.9660559892654419,8,98196148.345093
25.10541343688965,76.129568,2.5799999237060547,200.206192,2021-02-10,0.9589589834213257,6,98196148.171512
25.105268478393555,76.136854,2.619999885559082,199.195984,2021-02-10,0.9597640037536621,5,98196148.307896
25.105022430419922,76.129937,2.5799999237060547,200.015305,2021-02-10,0.962427020072937,6,98196148.179776
25.194869,76.16106414794922,2.319999933242798,191.165283,2021-03-07,0.9702879786491394,8,100373859.394669
25.194841384887695,76.169186,2.430000066757202,191.318375,2021-03-07,0.9674680233001709,11,100373859.423593
25.19445037841797,76.168817,4.900000095367432,191.114258,2021-03-07,0.9838129878044128,11,100373859.415329
25.194061279296875,76.168448,2.390000104904175,191.107193,2021-03-07,0.9882529973983765,11,100373859.407065
25.193671,76.168078,2.430000066757202,191.177872,2021-03-07,0.9789639711380005,11,100373859.398801
25.19369888305664,76.159955,2.390000104904175,191.475372,2021-03-07,0.9573479890823364,8,100373859.369874
25.193309,76.159585,2.430000066757202,191.534393,2021-03-07,0.9578080177307129,8,100373859.361608
25.193281173706055,76.167709,2.4700000286102295,191.234589,2021-03-07,0.9804530143737793,11,100373859.390537
25.192918,76.159215,7.039999961853027,191.641251,2021-03-07,0.9680910110473633,8,100373859.353342
25.192891,76.167339,2.430000066757202,191.228745,2021-03-07,0.9777330160140991,11,100373859.382273
25.192527770996094,76.158845,5.949999809265137,191.856964,2021-03-07,0.9669709801673889,8,100373859.345076
25.192501068115234,76.166969,2.7300000190734863,191.118652,2021-03-07,0.9759740233421326,11,100373859.374007
25.192138,76.158475,5.199999809265137,192.397873,2021-03-07,0.964443027973175,8,100373859.33681
25.192111,76.1666030883789,3.180000066757202,191.133377,2021-03-07,0.9667860269546509,11,100373859.365741
25.191720962524414,76.16622924804688,2.430000066757202,191.231415,2021-03-07,0.965237021446228,11,100373859.357475
25.191358,76.157735,2.430000066757202,191.856506,2021-03-07,0.9689229726791382,8,100373859.320278
25.190967559814453,76.157365,2.430000066757202,191.793732,2021-03-07,0.9596480131149292,8,100373859.312012
25.190941,76.16548919677734,2.359999895095825,191.391937,2021-03-07,0.9531270265579224,11,100373859.340943
25.190576553344727,76.156995,2.430000066757202,191.840973,2021-03-07,0.9587529897689819,8,100373859.303746
25.190549850463867,76.16512298583984,2.390000104904175,191.697403,2021-03-07,0.9624500274658203,11,100373859.332677
25.190187454223633,76.156625,2.430000066757202,191.689835,2021-03-07,0.9595440030097961,8,100373859.29548
25.190160751342773,76.16474914550781,2.4700000286102295,191.687347,2021-03-07,0.9710440039634705,11,100373859.324411
25.189796447753906,76.156255,5.840000152587891,190.719299,2021-03-07,0.9771770238876343,8,100373859.287214
25.189769744873047,76.16438293457031,2.5,191.743683,2021-03-07,0.9811670184135437,11,100373859.316145
25.189380645751953,76.16400909423828,2.5799999237060547,191.803406,2021-03-07,0.9591040015220642,11,100373859.307879
25.189406,76.155885,2.359999895095825,191.726089,2021-03-07,0.9640790224075317,8,100373859.278948
25.189015,76.155515,2.390000104904175,191.873596,2021-03-07,0.9730330109596252,8,100373859.270682
25.188989,76.16364288330078,2.4700000286102295,192.033936,2021-03-07,0.9640009999275208,11,100373859.299613
25.18862533569336,76.155145,2.430000066757202,192.0179901123047,2021-03-07,0.9670689702033997,8,100373859.262416
25.1885986328125,76.163269,2.430000066757202,192.201263,2021-03-07,0.962611973285675,11,100373859.291347
25.188234329223633,76.154775,2.359999895095825,192.111496,2021-03-07,0.964227020740509,8,100373859.25415
25.188207626342773,76.162899,2.430000066757202,192.31690979003906,2021-03-07,0.9630280137062073,11,100373859.283081
25.187818,76.162529,2.430000066757202,192.368805,2021-03-07,0.9569290280342102,11,100373859.274815
25.187843322753906,76.154405,2.430000066757202,192.256195,2021-03-07,0.9656640291213989,8,100373859.245884
25.187453,76.154035,2.390000104904175,192.26177978515625,2021-03-07,0.9623879790306091,8,100373859.237618
25.187427,76.162159,2.359999895095825,192.521561,2021-03-07,0.9664250016212463,11,100373859.266549
25.187062,76.153665,2.950000047683716,192.278091,2021-03-07,0.9585310220718384,8,100373859.229352
25.187036514282227,76.161789,2.430000066757202,192.45664978027344,2021-03-07,0.9606890082359314,11,100373859.258283
25.187072,76.11962127685547,2.690000057220459,200.822296,2021-03-07,0.9776790142059326,2,100373858.291347
25.186670303344727,76.153295,7.039999961853027,192.69635009765625,2021-03-07,0.9725949764251709,8,100373859.221086
25.1866455078125,76.161419,2.390000104904175,192.468933,2021-03-07,0.9701650142669678,11,100373859.250017
25.186254501342773,76.161049,2.390000104904175,192.444748,2021-03-07,0.9620329737663269,11,100373859.241751
25.186279,76.152925,7.599999904632568,192.251465,2021-03-07,0.9668949842453003,8,100373859.21282
25.185889,76.152556,2.990000009536743,192.366302,2021-03-07,0.9634850025177002,8,100373859.204554
25.18586540222168,76.160679,2.390000104904175,192.596695,2021-03-07,0.9634940028190613,11,100373859.233485
25.185498,76.152186,2.390000104904175,192.562469,2021-03-07,0.9640539884567261,8,100373859.196288
25.185473,76.160309,5.949999809265137,192.399506,2021-03-07,0.9741920232772827,11,100373859.225219
25.185107,76.151817,2.430000066757202,192.630661,2021-03-07,0.9613059759140015,8,100373859.188022
25.185083389282227,76.15994262695312,2.390000104904175,192.529251,2021-03-07,0.9710389971733093,11,100373859.216953
25.1846923828125,76.1595687866211,2.430000066757202,192.5586395263672,2021-03-07,0.9676769971847534,11,100373859.208687
25.184715270996094,76.151447,9.550000190734863,192.538330078125,2021-03-07,0.9616299867630005,8,100373859.179756
25.184323,76.151078,11.949999809265137,192.816498,2021-03-07,0.9573929905891418,8,100373859.17149
25.184301376342773,76.1592025756836,2.390000104904175,192.46932983398438,2021-03-07,0.9641050100326538,11,100373859.200421
25.18393325805664,76.150709,2.390000104904175,192.69837951660156,2021-03-07,0.9738029837608337,8,100373859.163224
25.183909,76.158831,3.0999999046325684,192.512131,2021-03-07,0.9699919819831848,11,100373859.192155
25.183541,76.15033721923828,2.430000066757202,192.896118,2021-03-07,0.9702450037002563,8,100373859.154958
25.183519,76.158461,2.359999895095825,192.446869,2021-03-07,0.9563549757003784,11,100373859.183889
25.183127,76.158092,2.390000104904175,192.607651,2021-03-07,0.9650939702987671,11,100373859.175623
25.183149,76.14997100830078,11.380000114440918,193.152985,2021-03-07,0.9660940170288086,8,100373859.146694
25.182758331298828,76.149601,10.779999732971191,193.473923,2021-03-07,0.9536579847335815,8,100373859.13843
25.182736,76.157723,2.359999895095825,192.600281,2021-03-07,0.9695900082588196,11,100373859.167357
25.182366,76.149233,6.179999828338623,194.581451,2021-03-07,0.964618980884552,8,100373859.130166
25.182345,76.157353,2.319999933242798,192.530228,2021-03-07,0.9583290219306946,11,100373859.159091
25.181975,76.148864,6.25,194.642746,2021-03-07,0.9602190256118774,8,100373859.121902
25.181562423706055,76.156615,2.390000104904175,192.559967,2021-03-07,0.9583230018615723,11,100373859.142562
25.181583404541016,76.148495,8.989999771118164,193.83197021484375,2021-03-07,0.9698280096054077,8,100373859.113638
25.181191,76.148126,8.90999984741211,194.308899,2021-03-07,0.9663869738578796,8,100373859.105374
25.181169509887695,76.156246,2.430000066757202,192.719162,2021-03-07,0.9565169811248779,11,100373859.134298
25.18079948425293,76.147758,3.930000066757202,194.297333,2021-03-07,0.9871770143508911,8,100373859.09711
25.18077850341797,76.155878,2.390000104904175,192.934753,2021-03-07,0.9621570110321045,11,100373859.126034
25.180408477783203,76.147389,2.690000057220459,194.617172,2021-03-07,0.9589110016822815,8,100373859.088846
25.180387496948242,76.155509,2.430000066757202,192.909027,2021-03-07,0.9622359871864319,11,100373859.11777
25.179994583129883,76.15514373779297,2.390000104904175,192.973221,2021-03-07,0.9621890187263489,11,100373859.109506
25.180017471313477,76.147021,2.619999885559082,194.115906,2021-03-07,0.9684450030326843,8,100373859.080582
25.179624557495117,76.146652,2.8399999141693115,194.386154,2021-03-07,0.9666889905929565,8,100373859.072318
25.179603576660156,76.154771,2.9200000762939453,192.980469,2021-03-07,0.973563015460968,11,100373859.101242
25.179231643676758,76.146284,5.909999847412109,194.764191,2021-03-07,0.9797959923744202,8,100373859.064054
25.179212,76.154403,2.990000009536743,192.816238,2021-03-07,0.9674519896507263,11,100373859.092978
25.178983688354492,76.12918853759766,2.5399999618530273,196.388947,2021-03-07,0.96002197265625,5,100373858.593006
25.178841,76.145915,2.430000066757202,194.599701,2021-03-07,0.9587259888648987,8,100373859.05579
25.17881965637207,76.154034,2.7699999809265137,194.680862,2021-03-07,0.9581019878387451,11,100373859.084714
25.178594,76.12882232666016,2.5799999237060547,196.650711,2021-03-07,0.9593989849090576,5,100373858.584742
25.178428,76.153665,3.930000066757202,193.620316,2021-03-07,0.9704409837722778,11,100373859.07645
25.178176,76.191352,2.5399999618530273,193.526489,2021-03-03,0.9569000005722046,5,100033846.786223
25.178449,76.145547,2.359999895095825,194.681641,2021-03-07,0.9626960158348083,8,100373859.047526
25.178203582763672,76.128449,2.5399999618530273,196.878799,2021-03-07,0.9675999879837036,5,100373858.576478
25.178056716918945,76.145179,2.390000104904175,194.825867,2021-03-07,0.9682090282440186,8,100373859.039262
25.178035736083984,76.153297,2.430000066757202,193.648514,2021-03-07,0.9685519933700562,11,100373859.068186
25.177783966064453,76.190982,2.5799999237060547,193.606857,2021-03-03,0.9602569937705994,5,100033846.777959
25.177812576293945,76.128079,2.5799999237060547,197.056152,2021-03-07,0.9508990049362183,5,100373858.568214
25.177665,76.14481353759766,2.4700000286102295,194.677490234375,2021-03-07,0.9503359794616699,8,100373859.030998
25.177644,76.152928,2.4700000286102295,193.835571,2021-03-07,0.9611319899559021,11,100373859.059922
25.177392959594727,76.190613,2.4700000286102295,193.499023,2021-03-03,0.9570749998092651,5,100033846.769695
25.177188873291016,76.198645,2.5799999237060547,194.132568,2021-03-03,0.9645770192146301,6,100033846.798619
25.1776065826416,76.136119,2.5,195.475479,2021-03-07,0.9672350287437439,6,100373858.597138
25.177001,76.190243,2.4700000286102295,193.809753,2021-03-03,0.9534749984741211,5,100033846.761431
25.17742347717285,76.127709,2.430000066757202,197.279114,2021-03-07,0.957135021686554,5,100373858.55995
25.177217483520508,76.135749,2.4700000286102295,195.726868,2021-03-07,0.9603919982910156,6,100373858.588874
25.17727279663086,76.144442,2.430000066757202,194.822937,2021-03-07,0.9632520079612732,8,100373859.022734
25.177253,76.15255737304688,2.390000104904175,194.121948,2021-03-07,0.9632589817047119,11,100373859.051658
25.17679786682129,76.198275,2.5799999237060547,194.23818969726562,2021-03-03,0.9602829813957214,6,100033846.790355
25.177032470703125,76.127339,2.5399999618530273,197.418518,2021-03-07,0.9542340040206909,5,100373858.551686
25.176860809326172,76.152192,2.5399999618530273,194.236786,2021-03-07,0.9685829877853394,11,100373859.043394
25.176610946655273,76.189873,2.5799999237060547,193.749039,2021-03-03,0.9578689932823181,5,100033846.753167
25.17682647705078,76.135379,2.619999885559082,195.544296,2021-03-07,0.958361029624939,6,100373858.58061
25.176881,76.144074,2.430000066757202,195.072372,2021-03-07,0.9658200144767761,8,100373859.01447
25.176406,76.197906,2.5,194.410507,2021-03-03,0.9618139863014221,6,100033846.782091
25.1766414642334,76.126968,7.789999961853027,197.515213,2021-03-07,0.9517210125923157,5,100373858.543422
25.176488,76.143705,2.390000104904175,195.212769,2021-03-07,0.9594619870185852,8,100373859.006206
25.176467895507812,76.151823,7.0,194.5209197998047,2021-03-07,0.9710760116577148,11,100373859.03513
25.176218032836914,76.189503,2.5399999618530273,193.879944,2021-03-03,0.9598299860954285,5,100033846.744903
25.176436,76.135008,2.4700000286102295,195.807037,2021-03-07,0.9528939723968506,6,100373858.572346
25.176251,76.126598,7.190000057220459,197.582428,2021-03-07,0.9589729905128479,5,100373858.535158
25.176076,76.151455,2.390000104904175,194.475113,2021-03-07,0.9669060111045837,11,100373859.026866
25.175826,76.189133,2.5399999618530273,193.851685,2021-03-03,0.9513980150222778,5,100033846.736639
25.175622940063477,76.197167,2.4700000286102295,194.326172,2021-03-03,0.9507039785385132,6,100033846.765563
25.17604637145996,76.134638,2.5,195.897568,2021-03-07,0.9573220014572144,6,100373858.564082
25.175434112548828,76.188762,2.5,193.955963,2021-03-03,0.9638760089874268,5,100033846.728375
25.175861358642578,76.126228,2.5,197.956085,2021-03-07,0.9539470076560974,5,100373858.526894
25.175655364990234,76.134268,2.4700000286102295,196.035721,2021-03-07,0.9623439908027649,6,100373858.555818
25.175683975219727,76.151087,2.430000066757202,194.58287048339844,2021-03-07,0.9680749773979187,11,100373859.018602
25.17547035217285,76.125858,2.4700000286102295,198.136749,2021-03-07,0.9574750065803528,5,100373858.51863
25.175292,76.150718,2.5399999618530273,194.709839,2021-03-07,0.9684069752693176,11,100373859.010338
25.175265,76.133898,2.5799999237060547,196.117935,2021-03-07,0.9606999754905701,6,100373858.547554
25.174840927124023,76.196427,2.5799999237060547,192.462173,2021-03-03,0.9541199803352356,6,100033846.749035
25.175079345703125,76.125488,3.0299999713897705,197.706848,2021-03-07,0.9543780088424683,5,100373858.510366
25.17490005493164,76.15035247802734,2.430000066757202,194.875671,2021-03-07,0.9673179984092712,11,100373859.002074
25.174761,76.17927551269531,2.8399999141693115,194.010056,2021-03-03,0.9504470229148865,3,100033846.2738
25.174874,76.133527,2.5,196.228088,2021-03-07,0.9544469714164734,6,100373858.53929
25.174448013305664,76.196057,2.5,191.432877,2021-03-03,0.9550849795341492,6,100033846.740771
25.174689,76.125117,2.4700000286102295,200.846191,2021-03-07,0.9913259744644165,5,100373858.502102
25.174258,76.187651,2.5399999618530273,193.778992,2021-03-03,0.9560449719429016,5,100033846.703583
25.174057006835938,76.195686,2.5,191.328354,2021-03-03,0.9639049768447876,6,100033846.732507
25.173866271972656,76.187281,2.4700000286102295,193.901047,2021-03-03,0.9575679898262024,5,100033846.695319
25.174298,76.124747,2.690000057220459,200.72933959960938,2021-03-07,0.9637349843978882,5,100373858.493838
25.17409324645996,76.132787,2.5399999618530273,196.435181,2021-03-07,0.9666079878807068,6,100373858.522762
25.173665,76.195316,2.7699999809265137,191.516922,2021-03-03,0.9567350149154663,6,100033846.724243
25.173908233642578,76.124377,2.5,198.983292,2021-03-07,0.9585170149803162,5,100373858.485574
25.173474,76.1869125366211,2.430000066757202,193.995636,2021-03-03,0.9559029936790466,5,100033846.687055
25.173703,76.132417,2.4700000286102295,196.671082,2021-03-07,0.9511240124702454,6,100373858.514498
25.17327308654785,76.194946,2.6500000953674316,191.865967,2021-03-03,0.957726001739502,6,100033846.715979
25.17351722717285,76.124007,5.199999809265137,199.164368,2021-03-07,0.9502220153808594,5,100373858.47731
25.173312,76.132047,2.6500000953674316,196.994614,2021-03-07,0.959850013256073,6,100373858.506234
25.172880172729492,76.194575,2.5,193.246368,2021-03-03,0.9587879776954651,6,100033846.707715
25.172689,76.186169,3.4800000190734863,193.824219,2021-03-03,0.9590870141983032,5,100033846.670527
25.172488,76.194204,2.6500000953674316,194.309937,2021-03-03,0.9519680142402649,6,100033846.699451
25.172922134399414,76.13167572021484,2.5799999237060547,197.415909,2021-03-07,0.9620550274848938,6,100373858.49797
25.17229652404785,76.185798,2.799999952316284,194.644012,2021-03-03,0.9540320038795471,5,100033846.662263
25.172345,76.122897,4.75,199.843811,2021-03-07,0.9609479904174805,5,100373858.452518
25.171903610229492,76.185428,8.84000015258789,194.127136,2021-03-03,0.9544749855995178,5,100033846.653999
25.172141,76.13093566894531,2.4700000286102295,198.31076049804688,2021-03-07,0.9581800103187561,6,100373858.481442
25.171704,76.193463,2.5,194.661789,2021-03-03,0.9518619775772095,6,100033846.682923
25.171954,76.122527,6.139999866485596,200.103012,2021-03-07,0.9543449878692627,5,100373858.444254
25.171647,76.176328,2.799999952316284,194.602203,2021-03-03,0.9558119773864746,3,100033846.207688
25.171749114990234,76.130566,2.5,198.683548,2021-03-07,0.9577109813690186,6,100373858.473178
25.17131233215332,76.193093,2.4700000286102295,194.567932,2021-03-03,0.9638180136680603,6,100033846.674659
25.17156410217285,76.122157,3.819999933242798,200.18128967285156,2021-03-07,0.9645540118217468,5,100373858.43599
25.171359,76.130195,7.75,198.963943,2021-03-07,0.9515830278396606,6,100373858.464914
25.171119,76.184687,2.5,194.413483,2021-03-03,0.9659850001335144,5,100033846.637471
25.170919,76.192722,2.5799999237060547,194.407135,2021-03-03,0.953112006187439,6,100033846.666395
25.170726776123047,76.184317,2.5,194.544266,2021-03-03,0.9536389708518982,5,100033846.629207
25.171173095703125,76.121787,2.619999885559082,200.1482696533203,2021-03-07,0.9577119946479797,5,100373858.427726
25.170969009399414,76.129826,2.5,199.407272,2021-03-07,0.9588479995727539,6,100373858.45665
25.1705265045166,76.192352,2.990000009536743,194.529678,2021-03-03,0.9539260268211365,6,100033846.658131
25.1707820892334,76.121417,2.7699999809265137,200.438583,2021-03-07,0.9569209814071655,5,100373858.419462
25.170333862304688,76.183947,2.5799999237060547,194.85816955566406,2021-03-03,0.9570389986038208,5,100033846.620943
25.170578002929688,76.129455,2.5799999237060547,199.824982,2021-03-07,0.9610270261764526,6,100373858.448386
25.170133590698242,76.191981,2.5,194.591812,2021-03-03,0.9591479897499084,6,100033846.649867
25.170391082763672,76.121047,2.4700000286102295,200.627228,2021-03-07,0.9562749862670898,5,100373858.411198
25.169941,76.183577,2.5399999618530273,194.884216,2021-03-03,0.9530060291290283,5,100033846.612679
25.169742,76.191611,2.5799999237060547,194.569534,2021-03-03,0.9646329879760742,6,100033846.641603
25.169795989990234,76.128715,2.5399999618530273,200.981079,2021-03-07,0.9667320251464844,6,100373858.431858
25.169549,76.183207,2.5799999237060547,195.127762,2021-03-03,0.9639310240745544,5,100033846.604415
25.169349,76.191241,2.6500000953674316,194.558609,2021-03-03,0.9556949734687805,6,100033846.633339
25.169609,76.120307,3.5199999809265137,201.717392,2021-03-07,0.9509329795837402,5,100373858.39467
25.169404983520508,76.128345,5.840000152587891,201.64649963378906,2021-03-07,0.9528819918632507,6,100373858.423594
25.169218063354492,76.119937,2.5,201.949585,2021-03-07,0.9578549861907959,5,100373858.386406
25.168763,76.182468,2.5,195.119781,2021-03-03,0.9666969776153564,5,100033846.587887
25.168563842773438,76.190501,2.5799999237060547,194.22080993652344,2021-03-03,0.9617289900779724,6,100033846.616811
25.168826,76.119567,5.730000019073486,202.00411987304688,2021-03-07,0.960207998752594,5,100373858.37814
25.16836929321289,76.182099,2.5,195.154831,2021-03-03,0.953341007232666,5,100033846.579623
25.168171,76.190131,2.5399999618530273,194.178894,2021-03-03,0.9530749917030334,6,100033846.608547
25.16843605041504,76.119197,2.5399999618530273,202.420212,2021-03-07,0.9593960046768188,5,100373858.369874
25.168233,76.12723541259766,4.079999923706055,200.681305,2021-03-07,0.9870089888572693,6,100373858.398802
25.167977,76.181729,2.5,195.291656,2021-03-03,0.9504929780960083,5,100033846.571359
25.167779,76.189761,2.430000066757202,194.162094,2021-03-03,0.951341986656189,6,100033846.600283
25.168044,76.118827,2.4700000286102295,202.708069,2021-03-07,0.9630370140075684,5,100373858.361608
25.167842,76.126865,2.5399999618530273,202.314911,2021-03-07,0.9592919945716858,6,100373858.390538
25.167386,76.189391,2.5399999618530273,194.342804,2021-03-03,0.9579139947891235,6,100033846.592019
25.167653,76.118457,2.5,203.832153,2021-03-07,0.9597960114479065,5,100373858.353342
25.167451,76.12649536132812,2.5,202.243362,2021-03-07,0.9555469751358032,6,100373858.382273
25.166993,76.189022,2.5,194.437027,2021-03-03,0.9502990245819092,6,100033846.583755
25.166799,76.180622,2.6500000953674316,195.316666,2021-03-03,0.9531390070915222,5,100033846.546567
25.1668701171875,76.117717,2.7699999809265137,203.623352,2021-03-07,0.9620270133018494,5,100373858.33681
25.166667938232422,76.1257553100586,2.5799999237060547,202.304688,2021-03-07,0.9593380093574524,6,100373858.365741
25.166406,76.180254,2.5799999237060547,195.551666,2021-03-03,0.9585239887237549,5,100033846.538303
25.166207,76.188283,2.5,194.498459,2021-03-03,0.9611709713935852,6,100033846.567227
25.166013,76.179885,2.7300000190734863,195.457703,2021-03-03,0.9622989892959595,5,100033846.530038
25.166479,76.117348,2.390000104904175,203.684647,2021-03-07,0.9574310183525085,5,100373858.328544
25.166276931762695,76.125386,2.5799999237060547,202.991074,2021-03-07,0.9611390233039856,6,100373858.357475
25.165815353393555,76.187914,2.5799999237060547,194.657028,2021-03-03,0.9540830254554749,6,100033846.558963
25.166087,76.116978,2.4700000286102295,204.061295,2021-03-07,0.9626849889755249,5,100373858.320278
25.165620803833008,76.179516,2.6500000953674316,195.584625,2021-03-03,0.9607300162315369,5,100033846.521772
25.165885,76.125016,2.5,202.995285,2021-03-07,0.9532139897346497,6,100373858.349209
25.165422439575195,76.187545,2.5799999237060547,194.829102,2021-03-03,0.9563680291175842,6,100033846.550699
25.165696,76.116608,2.619999885559082,204.299438,2021-03-07,0.961027979850769,5,100373858.312012
25.16522789001465,76.179148,2.6500000953674316,195.892868,2021-03-03,0.9607629776000977,5,100033846.513506
25.165029,76.187176,2.4700000286102295,195.079544,2021-03-03,0.9528359770774841,6,100033846.542435
25.16530418395996,76.116239,2.5,204.785889,2021-03-07,0.9623619914054871,5,100373858.303746
25.165102005004883,76.124276,2.390000104904175,203.574615,2021-03-07,0.9507910013198853,6,100373858.332677
25.16483497619629,76.178779,2.5399999618530273,195.955795,2021-03-03,0.9602400064468384,5,100033846.50524
25.164636,76.186808,2.5,195.132187,2021-03-03,0.9575099945068359,6,100033846.534171
25.16444206237793,76.178411,2.5799999237060547,195.82662963867188,2021-03-03,0.9575120210647583,5,100033846.496974
25.164913177490234,76.115869,2.4700000286102295,204.918991,2021-03-07,0.9629179835319519,5,100373858.29548
25.164710998535156,76.123906,2.5399999618530273,203.767639,2021-03-07,0.9531840085983276,6,100373858.324411
25.164243,76.186439,2.4700000286102295,195.214264,2021-03-03,0.9575139880180359,6,100033846.525905
25.164521,76.1155014038086,2.5,204.966171,2021-03-07,0.9549670219421387,5,100373858.287214
25.16404914855957,76.178042,2.8399999141693115,195.258926,2021-03-03,0.9556599855422974,5,100033846.488708
25.164319,76.123536,2.5799999237060547,204.674911,2021-03-07,0.9587929844856262,6,100373858.316145
25.16412925720215,76.11512756347656,2.5399999618530273,205.493896,2021-03-07,0.9628509879112244,5,100373858.278948
25.163928,76.123167,2.5,203.814453,2021-03-07,0.9610900282859802,6,100373858.307879
25.163738250732422,76.114761,2.5399999618530273,205.893616,2021-03-07,0.9575309753417969,5,100373858.270682
25.163537,76.122797,2.5399999618530273,204.635727,2021-03-07,0.9546639919281006,6,100373858.299613
25.163264,76.177305,14.680000305175781,195.728806,2021-03-03,0.9528689980506897,5,100033846.472176
25.16306495666504,76.185333,2.5399999618530273,195.123886,2021-03-03,0.9665210247039795,6,100033846.501107
25.162871,76.176937,17.149999618530273,195.710556,2021-03-03,0.9595760107040405,5,100033846.46391
25.163347244262695,76.114391,2.5399999618530273,206.286499,2021-03-07,0.9506829977035522,5,100373858.262416
25.163144,76.122427,12.770000457763672,204.957153,2021-03-07,0.960282027721405,6,100373858.291347
25.16267204284668,76.184965,7.260000228881836,195.463058,2021-03-03,0.9544690251350403,6,100033846.492841
25.162955,76.114022,2.4700000286102295,206.634476,2021-03-07,0.9543660283088684,5,100373858.25415
25.162479400634766,76.176569,4.079999923706055,195.856598,2021-03-03,0.9544129967689514,5,100033846.455644
25.16275405883789,76.122058,2.5,205.249832,2021-03-07,0.9640349745750427,6,100373858.283081
25.16227912902832,76.184596,5.949999809265137,195.368362,2021-03-03,0.9613519906997681,6,100033846.484575
25.162564,76.113653,2.5,207.04537963867188,2021-03-07,0.9558680057525635,5,100373858.245884
25.162087,76.17620086669922,17.530001,196.10523986816406,2021-03-03,0.9566590189933777,5,100033846.447378
25.162362,76.121689,2.5,205.550781,2021-03-07,0.9700620174407959,6,100373858.274815
25.161887,76.184228,3.740000009536743,199.691666,2021-03-03,0.9539620280265808,6,100033846.476309
25.161971,76.121319,2.5399999618530273,205.991653,2021-03-07,0.9729779958724976,6,100373858.266549
25.161697387695312,76.175832,5.28000020980835,196.130859,2021-03-03,0.9617050290107727,5,100033846.439112
25.161495208740234,76.183859,4.570000171661377,200.216888,2021-03-03,0.9551079869270325,6,100033846.468043
25.161781311035156,76.1129150390625,3.440000057220459,207.634323,2021-03-07,0.9603599905967712,5,100373858.229352
25.161305,76.175464,3.2899999618530273,196.365189,2021-03-03,0.9517369866371155,5,100033846.430846
25.161579,76.1209487915039,2.5399999618530273,205.964676,2021-03-07,0.9720140099525452,6,100373858.258283
25.161103,76.183491,3.4800000190734863,194.98348999023438,2021-03-03,0.9671970009803772,6,100033846.459777
25.16139030456543,76.112546,2.5399999618530273,207.984879,2021-03-07,0.9555680155754089,5,100373858.221086
25.160913467407227,76.175096,8.720000267028809,196.952789,2021-03-03,0.9524359703063965,5,100033846.42258
25.16118812561035,76.120581,2.430000066757202,206.011719,2021-03-07,0.971858024597168,6,100373858.250017
25.16071128845215,76.183123,4.0,195.282166,2021-03-03,0.9689189791679382,6,100033846.451511
25.160999,76.112177,2.5799999237060547,208.306305,2021-03-07,0.951807975769043,5,100373858.21282
25.1605224609375,76.174727,9.4399995803833,197.393768,2021-03-03,0.9574069976806641,5,100033846.414314
25.160797119140625,76.120212,2.5,205.835876,2021-03-07,0.9720360040664673,6,100373858.241751
25.16031837463379,76.182754,12.960000038146973,196.097656,2021-03-03,0.9590340256690979,6,100033846.443245
25.160608291625977,76.111808,2.5799999237060547,208.494385,2021-03-07,0.9656670093536377,5,100373858.204554
25.160405,76.119842,2.5,206.100876,2021-03-07,0.9725729823112488,6,100373858.233485
25.160131454467773,76.174359,4.489999771118164,197.627655,2021-03-03,0.9610069990158081,5,100033846.406048
25.159927368164062,76.182386,9.550000190734863,195.926865,2021-03-03,0.9559460282325745,6,100033846.434979
25.159740447998047,76.173991,2.799999952316284,197.969131,2021-03-03,0.9537979960441589,5,100033846.397782
25.160014,76.119473,2.4700000286102295,206.216858,2021-03-07,0.9688929915428162,6,100373858.225219
25.159536361694336,76.182018,2.799999952316284,195.603455,2021-03-03,0.9614710211753845,6,100033846.426713
25.15934944152832,76.173622,2.7300000190734863,198.582062,2021-03-03,0.9632819890975952,5,100033846.389516
25.159622192382812,76.119104,5.199999809265137,206.682236,2021-03-07,0.9564329981803894,6,100373858.216953
25.15914535522461,76.18164825439453,6.400000095367432,196.744171,2021-03-03,0.9647229909896851,6,100033846.418447
25.158959,76.173253,9.4399995803833,199.009872,2021-03-03,0.9590299725532532,5,100033846.38125
25.159232,76.118736,2.4700000286102295,207.08432006835938,2021-03-07,0.958499014377594,6,100373858.208687
25.158754348754883,76.181281,2.5,196.282135,2021-03-03,0.9575939774513245,6,100033846.410181
25.158841,76.118367,2.4700000286102295,207.658966,2021-03-07,0.9637079834938049,6,100373858.200421
25.158568,76.172885,7.449999809265137,199.168655,2021-03-03,0.9528719782829285,5,100033846.372984
25.158178329467773,76.17251586914062,8.15999984741211,199.11058044433594,2021-03-03,0.9597700238227844,5,100033846.364718
25.157788,76.172148,13.140000343322754,199.262817,2021-03-03,0.9634680151939392,5,100033846.356452
25.157582,76.18017578125,2.7300000190734863,196.834518,2021-03-03,0.9701269865036011,6,100033846.385383
25.157398223876953,76.171779,14.420000076293945,199.73731994628906,2021-03-03,0.9650760293006897,5,100033846.348186
25.157190322875977,76.179807,11.119999885559082,196.882324,2021-03-03,0.9541680216789246,6,100033846.377117
25.157009,76.1714096069336,9.59000015258789,200.332474,2021-03-03,0.9634870290756226,5,100033846.33992
25.156707,76.187956,8.270000457763672,195.300461,2021-03-03,0.9629259705543518,8,100033846.798619
25.156619,76.171042,7.639999866485596,200.115509,2021-03-03,0.9649149775505066,5,100033846.331654
25.156913,76.125246,2.430000066757202,203.178223,2021-03-07,0.9662269949913025,8,100373858.593006
25.156410217285156,76.17906951904297,17.110001,197.289078,2021-03-03,0.9508240222930908,6,100033846.360585
25.156316,76.187587,12.619999885559082,194.776215,2021-03-03,0.9600719809532166,8,100033846.790355
25.156522750854492,76.124876,2.359999895095825,203.443115,2021-03-07,0.9734240174293518,8,100373858.584742
25.156230926513672,76.170673,5.159999847412109,200.693604,2021-03-03,0.9677150249481201,5,100033846.323388
25.156018,76.17870330810547,33.790001,197.095078,2021-03-03,0.9520310163497925,6,100033846.352319
25.15592384338379,76.187217,8.84000015258789,195.602325,2021-03-03,0.9594370126724243,8,100033846.782091
25.156131744384766,76.124506,2.319999933242798,203.726303,2021-03-07,0.9646220207214355,8,100373858.576478
25.155839920043945,76.170304,5.28000020980835,201.007217,2021-03-03,0.9580469727516174,5,100033846.315122
25.155742,76.124136,2.319999933242798,204.153641,2021-03-07,0.9670959711074829,8,100373858.568214
25.155717,76.132259,7.110000133514404,201.582321,2021-03-07,0.9740769863128662,11,100373858.597138
25.155451,76.169936,2.690000057220459,201.285278,2021-03-03,0.9520170092582703,5,100033846.306856
25.155141,76.186478,24.079999923706055,195.511902,2021-03-03,0.9523919820785522,8,100033846.765563
25.155118942260742,76.194594,2.4700000286102295,195.513794,2021-03-03,0.9694280028343201,11,100033846.794487
25.155326,76.131889,8.3100004196167,201.600098,2021-03-07,0.9690510034561157,11,100373858.588874
25.155061721801758,76.169567,3.180000066757202,201.494583,2021-03-03,0.9557909965515137,5,100033846.298591
25.155351,76.123766,2.390000104904175,204.3154296875,2021-03-07,0.9660459756851196,8,100373858.55995
25.15475082397461,76.186108,10.369999885559082,195.9419403076172,2021-03-03,0.9652109742164612,8,100033846.757299
25.154727935791016,76.194225,2.359999895095825,195.710831,2021-03-03,0.9678429961204529,11,100033846.786223
25.154961,76.123396,2.430000066757202,204.807632,2021-03-07,0.9702500104904175,8,100373858.551686
25.154935836791992,76.131519,6.360000133514404,201.80274963378906,2021-03-07,0.9743340015411377,11,100373858.58061
25.154461,76.177226,19.139999,197.784683,2021-03-03,0.9560719728469849,6,100033846.319255
25.15435791015625,76.185738,8.3100004196167,195.970764,2021-03-03,0.9618059992790222,8,100033846.749035
25.154336,76.193856,2.390000104904175,195.79129028320312,2021-03-03,0.9616100192070007,11,100033846.777959
25.154569625854492,76.123025,2.390000104904175,205.357147,2021-03-07,0.9728919863700867,8,100373858.543422
25.154544830322266,76.131148,7.940000057220459,202.288422,2021-03-07,0.9744179844856262,11,100373858.572346
25.15428352355957,76.16883087158203,2.359999895095825,201.761368,2021-03-03,0.9502289891242981,5,100033846.282063
25.15407371520996,76.176858,2.690000057220459,197.876694,2021-03-03,0.9525899887084961,6,100033846.310989
25.153945,76.193486,2.390000104904175,195.96701049804688,2021-03-03,0.9646660089492798,11,100033846.769695
25.153966,76.185368,6.630000114440918,195.775681,2021-03-03,0.9606149792671204,8,100033846.740771
25.1541805267334,76.122655,2.319999933242798,205.679047,2021-03-07,0.9686300158500671,8,100373858.535158
25.154155,76.130778,10.0,201.731644,2021-03-07,0.9728339910507202,11,100373858.564082
25.153895,76.168461,2.4700000286102295,201.845825,2021-03-03,0.9573270082473755,5,100033846.273799
25.153684,76.176489,3.5199999809265137,198.080338,2021-03-03,0.9630339741706848,6,100033846.302723
25.153573,76.184998,25.399999618530273,195.648285,2021-03-03,0.9516739845275879,8,100033846.732507
25.153553009033203,76.193116,2.390000104904175,195.929428,2021-03-03,0.9630429744720459,11,100033846.761431
25.153764724731445,76.130408,2.4700000286102295,201.973618,2021-03-07,0.9774850010871887,11,100373858.555818
25.153505325317383,76.168093,9.880000114440918,201.727905,2021-03-03,0.9579030275344849,5,100033846.265535
25.153789,76.122285,2.390000104904175,205.985367,2021-03-07,0.9712389707565308,8,100373858.526894
25.15329360961914,76.17611694335938,16.479999542236328,198.263474,2021-03-03,0.9607920050621033,6,100033846.294459
25.153182,76.184627,11.869999885559082,195.792358,2021-03-03,0.9625669717788696,8,100033846.724243
25.153161,76.192746,2.7699999809265137,195.865829,2021-03-03,0.9900320172309875,11,100033846.753167
25.153398513793945,76.121915,2.319999933242798,205.984497,2021-03-07,0.9699500203132629,8,100373858.51863
25.15337371826172,76.130038,7.670000076293945,202.307632,2021-03-07,0.9724029898643494,11,100373858.547554
25.15311622619629,76.167724,5.690000057220459,201.481873,2021-03-03,0.9538729786872864,5,100033846.257271
25.152790069580078,76.184257,21.15999984741211,195.931656,2021-03-03,0.9630489945411682,8,100033846.715979
25.153009,76.121545,2.359999895095825,205.716705,2021-03-07,0.9725440144538879,8,100373858.510366
25.152984,76.129668,2.430000066757202,202.541718,2021-03-07,0.9751790165901184,11,100373858.53929
25.152727127075195,76.167356,7.639999866485596,201.937668,2021-03-03,0.9557120203971863,5,100033846.249007
25.152517318725586,76.175383,2.5399999618530273,198.836273,2021-03-03,0.9560850262641907,6,100033846.277931
25.15237808227539,76.192006,2.619999885559082,196.009888,2021-03-03,0.9853839874267578,11,100033846.736639
25.1523380279541,76.166987,3.5199999809265137,201.992081,2021-03-03,0.9597430229187012,5,100033846.240743
25.152618408203125,76.121175,2.5799999237060547,205.401123,2021-03-07,0.9670519828796387,8,100373858.502102
25.1525936126709,76.129298,2.430000066757202,202.918213,2021-03-07,0.9776719808578491,11,100373858.531026
25.152128219604492,76.175015,2.619999885559082,199.382599,2021-03-03,0.9632710218429565,6,100033846.269667
25.152006149291992,76.183516,12.579999923706055,196.054962,2021-03-03,0.9565770030021667,8,100033846.699451
25.151986,76.191636,2.430000066757202,196.315811,2021-03-03,0.9617999792098999,11,100033846.728375
25.152202606201172,76.128928,2.430000066757202,203.192398,2021-03-07,0.971705973148346,11,100373858.522762
25.151948928833008,76.166619,4.789999961853027,201.823578,2021-03-03,0.958361029624939,5,100033846.232479
25.1522274017334,76.120805,2.390000104904175,206.440552,2021-03-07,0.9696840047836304,8,100373858.493838
25.151739,76.174646,2.5,199.744385,2021-03-03,0.9591209888458252,6,100033846.261403
25.151614,76.183146,18.15999984741211,195.799896,2021-03-03,0.9667369723320007,8,100033846.691187
25.151594161987305,76.191265,2.430000066757202,196.338684,2021-03-03,0.9656490087509155,11,100033846.720111
25.151837,76.120435,2.390000104904175,206.500183,2021-03-07,0.9636269807815552,8,100373858.485574
25.151813,76.128558,2.390000104904175,203.223984,2021-03-07,0.97188800573349,11,100373858.514498
25.151559,76.16625213623047,6.400000095367432,201.834229,2021-03-03,0.9595010280609131,5,100033846.224215
25.151349,76.174278,2.430000066757202,200.020554,2021-03-03,0.9608749747276306,6,100033846.253139
25.151221,76.182775,19.440001,195.755386,2021-03-03,0.9542109966278076,8,100033846.682923
25.151202,76.1908950805664,2.390000104904175,196.36676025390625,2021-03-03,0.9577929973602295,11,100033846.711847
25.151446,76.120065,2.430000066757202,206.655975,2021-03-07,0.9705399870872498,8,100373858.47731
25.151422,76.128188,2.5799999237060547,203.209106,2021-03-07,0.9701439738273621,11,100373858.506234
25.15117073059082,76.165882,4.679999828338623,201.627945,2021-03-03,0.9544199705123901,5,100033846.215951
25.15081024169922,76.190524,2.359999895095825,196.185089,2021-03-03,0.9585930109024048,11,100033846.703583
25.15105628967285,76.119695,2.390000104904175,206.8794403076172,2021-03-07,0.9550390243530273,8,100373858.469046
25.151032,76.127818,2.430000066757202,203.434036,2021-03-07,0.973954975605011,11,100373858.49797
25.150437,76.182034,8.720000267028809,196.068161,2021-03-03,0.9547719955444336,8,100033846.666395
25.150418,76.190154,2.4700000286102295,196.070969,2021-03-03,0.9674440026283264,11,100033846.695319
25.150641,76.127448,2.4700000286102295,203.61141967773438,2021-03-07,0.9684910178184509,11,100373858.489706
25.150665283203125,76.119325,2.430000066757202,206.998642,2021-03-07,0.9655089974403381,8,100373858.460782
25.150044,76.181664,18.200001,195.851273,2021-03-03,0.9645580053329468,8,100033846.658131
25.150026321411133,76.189783,2.319999933242798,196.022446,2021-03-03,0.9684020280838013,11,100033846.687055
25.1502742767334,76.118955,2.4700000286102295,207.552917,2021-03-07,0.9685140252113342,8,100373858.452518
25.150251388549805,76.127078,2.390000104904175,203.818817,2021-03-07,0.9726369976997375,11,100373858.481442
25.149791717529297,76.172804,2.4700000286102295,200.894638,2021-03-03,0.960902988910675,6,100033846.220083
25.149653,76.181294,5.989999771118164,195.887161,2021-03-03,0.9501810073852539,8,100033846.649867
25.149633407592773,76.189413,2.390000104904175,195.593231,2021-03-03,0.9680479764938354,11,100033846.678791
25.149884,76.118585,2.359999895095825,207.815887,2021-03-07,0.9650170207023621,8,100373858.444254
25.149860382080078,76.126707,2.5,204.068115,2021-03-07,0.9700160026550293,11,100373858.473178
25.149402618408203,76.172436,2.430000066757202,201.018677,2021-03-03,0.9562600255012512,6,100033846.211819
25.149241,76.189042,2.359999895095825,195.158356,2021-03-03,0.9626560211181641,11,100033846.670527
25.149259,76.180923,20.68000030517578,195.823807,2021-03-03,0.9601860046386719,8,100033846.641603
25.149493,76.118215,2.390000104904175,208.042053,2021-03-07,0.9672060012817383,8,100373858.43599
25.149469,76.126337,2.5399999618530273,204.186157,2021-03-07,0.9765689969062805,11,100373858.464914
25.148866653442383,76.180553,19.399999618530273,195.778442,2021-03-03,0.9608489871025085,8,100033846.633339
25.148849,76.188672,2.4700000286102295,195.151505,2021-03-03,0.9658650159835815,11,100033846.662263
25.149079,76.125967,2.430000066757202,204.312927,2021-03-07,0.9724289774894714,11,100373858.45665
25.149102,76.117845,2.390000104904175,208.18807983398438,2021-03-07,0.9645059704780579,8,100373858.427726
25.148475,76.180183,10.220000267028809,194.762146,2021-03-03,0.9821410179138184,8,100033846.625075
25.148456,76.188301,2.390000104904175,194.624603,2021-03-03,0.9657099843025208,11,100033846.653999
25.148711,76.117475,2.4700000286102295,208.222122,2021-03-07,0.9643869996070862,8,100373858.419462
25.148688,76.125597,2.319999933242798,204.383438,2021-03-07,0.9759929776191711,11,100373858.448386
25.148082,76.179813,12.430000305175781,195.774948,2021-03-03,0.9611669778823853,8,100033846.616811
25.14806365966797,76.187931,2.430000066757202,194.632324,2021-03-03,0.9657890200614929,11,100033846.645735
25.148319244384766,76.117105,2.5799999237060547,208.00209045410156,2021-03-07,0.9686830043792725,8,100373858.411198
25.148297,76.125227,2.4700000286102295,205.087158,2021-03-07,0.9757339954376221,11,100373858.440122
25.147671,76.187561,2.509999990463257,194.793152,2021-03-03,0.9726259708404541,11,100033846.637471
25.147689,76.179443,14.789999961853027,195.912384,2021-03-03,0.9615899920463562,8,100033846.608547
25.147929,76.116735,2.4700000286102295,208.605957,2021-03-07,0.966575026512146,8,100373858.402934
25.147907257080078,76.124857,2.359999895095825,205.389084,2021-03-07,0.9763299822807312,11,100373858.431858
25.147296,76.179073,16.93000030517578,197.133163,2021-03-03,0.9570680260658264,8,100033846.600283
25.147279,76.187191,2.430000066757202,195.094177,2021-03-03,0.9675419926643372,11,100033846.629207
25.147538,76.116365,2.390000104904175,209.181137,2021-03-07,0.9614530205726624,8,100373858.39467
25.14751625061035,76.124488,2.359999895095825,205.465195,2021-03-07,0.9696509838104248,11,100373858.423594
25.14690399169922,76.178704,6.440000057220459,197.571045,2021-03-03,0.9644169807434082,8,100033846.592019
25.146886,76.18682098388672,2.319999933242798,195.360565,2021-03-03,0.9698569774627686,11,100033846.620943
25.147147,76.115996,2.619999885559082,209.6072998046875,2021-03-07,0.9661449790000916,8,100373858.386406
25.147125244140625,76.124118,2.430000066757202,205.768524,2021-03-07,0.9740269780158997,11,100373858.41533
25.14651107788086,76.178334,9.8100004196167,198.082031,2021-03-03,0.9605929851531982,8,100033846.583755
25.146493,76.186451,2.430000066757202,195.564941,2021-03-03,0.9622750282287598,11,100033846.612679
25.146756,76.115626,2.390000104904175,210.028519,2021-03-07,0.9607250094413757,8,100373858.37814
25.1467342376709,76.123748,2.4700000286102295,206.230347,2021-03-07,0.9695209860801697,11,100373858.407066
25.146100997924805,76.186081,2.390000104904175,195.753799,2021-03-03,0.9623780250549316,11,100033846.604415
25.1461181640625,76.177965,9.399999618530273,198.373367,2021-03-03,0.9609709978103638,8,100033846.575491
25.146364212036133,76.115256,2.319999933242798,210.473953,2021-03-07,0.9668390154838562,8,100373858.369874
25.146343231201172,76.123378,2.359999895095825,206.738129,2021-03-07,0.9736539721488953,11,100373858.398802
25.14572525024414,76.177596,8.760000228881836,199.254898,2021-03-03,0.9608520269393921,8,100033846.567227
25.145708084106445,76.185711,2.359999895095825,195.881042,2021-03-03,0.9558749794960022,11,100033846.596151
25.145973205566406,76.114886,2.390000104904175,210.683746,2021-03-07,0.966389000415802,8,100373858.361608
25.145952224731445,76.123008,2.5,206.564743,2021-03-07,0.9729610085487366,11,100373858.390538
25.14533233642578,76.177227,9.960000038146973,199.299454,2021-03-03,0.9602159857749939,8,100033846.558963
25.145315170288086,76.185342,2.430000066757202,195.795853,2021-03-03,0.967877984046936,11,100033846.587887
25.14558219909668,76.114516,2.359999895095825,211.160614,2021-03-07,0.969756007194519,8,100373858.353342
25.14556121826172,76.122638,2.430000066757202,207.129593,2021-03-07,0.9709129929542542,11,100373858.382273
25.144939,76.176858,8.050000190734863,199.869034,2021-03-03,0.9639210104942322,8,100033846.550699
25.144922256469727,76.184972,2.390000104904175,195.639328,2021-03-03,0.9793199896812439,11,100033846.579623
25.14518928527832,76.114146,2.509999990463257,211.478973,2021-03-07,0.9698920249938965,8,100373858.345076
25.145169,76.122268,2.430000066757202,207.633789,2021-03-07,0.9718689918518066,11,100373858.374007
25.144529342651367,76.184603,2.430000066757202,195.467026,2021-03-03,0.9689540266990662,11,100033846.571359
25.144546508789062,76.1764907836914,6.960000038146973,199.912155,2021-03-03,0.9621790051460266,8,100033846.542435
25.144799,76.113777,2.430000066757202,211.911331,2021-03-07,0.9676629900932312,8,100373858.33681
25.144778,76.121898,2.430000066757202,208.146469,2021-03-07,0.9586520195007324,11,100373858.365741
25.144153594970703,76.176121,8.949999809265137,199.987488,2021-03-03,0.9657959938049316,8,100033846.534171
25.144137,76.184234,2.430000066757202,195.511261,2021-03-03,0.964963972568512,11,100033846.563095
25.144407272338867,76.113407,2.509999990463257,212.123428,2021-03-07,0.9585059881210327,8,100373858.328544
25.144387,76.121528,2.430000066757202,208.611435,2021-03-07,0.9679329991340637,11,100373858.357475
25.143761,76.175752,9.4399995803833,199.849121,2021-03-03,0.9623730182647705,8,100033846.525905
25.14374351501465,76.183865,2.430000066757202,195.155823,2021-03-03,0.9590439796447754,11,100033846.554831
25.14401626586914,76.113037,2.359999895095825,212.382477,2021-03-07,0.9563630223274231,8,100373858.320278
25.14399528503418,76.121158,2.430000066757202,209.049362,2021-03-07,0.9742199778556824,11,100373858.349209
25.143367767333984,76.175384,9.739999771118164,200.063766,2021-03-03,0.9626150131225586,8,100033846.517639
25.143351,76.183496,2.430000066757202,194.787231,2021-03-03,0.9614279866218567,11,100033846.546567
25.143625259399414,76.112668,2.2799999713897705,212.372421,2021-03-07,0.9559779763221741,8,100373858.312012
25.143604278564453,76.120789,2.430000066757202,209.457611,2021-03-07,0.9682869911193848,11,100373858.340943
25.14295768737793,76.183128,2.4700000286102295,194.902481,2021-03-03,0.9622489809989929,11,100033846.538303
25.142974853515625,76.175015,10.819999694824219,199.988556,2021-03-03,0.9582690000534058,8,100033846.509373
25.143233,76.112298,2.319999933242798,212.108582,2021-03-07,0.954912006855011,8,100373858.303746
25.143212,76.120419,2.430000066757202,209.907089,2021-03-07,0.9680259823799133,11,100373858.332677
25.142583,76.174647,7.860000133514404,199.746979,2021-03-03,0.9634860157966614,8,100033846.501107
25.14256477355957,76.182759,2.430000066757202,194.574356,2021-03-03,0.9658309817314148,11,100033846.530038
25.142842,76.111929,2.2799999713897705,211.565887,2021-03-07,0.9542099833488464,8,100373858.29548
25.142821,76.120049,2.4700000286102295,210.244385,2021-03-07,0.9649739861488342,11,100373858.324411
25.14219093322754,76.174279,2.390000104904175,199.127487,2021-03-03,0.9574990272521973,8,100033846.492841
25.142173,76.182391,2.430000066757202,194.535645,2021-03-03,0.9797019958496094,11,100033846.521772
25.1424503326416,76.111559,2.430000066757202,211.217896,2021-03-07,0.9657289981842041,8,100373858.287214
25.14242935180664,76.11968231201172,2.390000104904175,210.723099,2021-03-07,0.9673429727554321,11,100373858.316145
25.14179801940918,76.173911,2.390000104904175,199.017517,2021-03-03,0.9617980122566223,8,100033846.484575
25.141780853271484,76.182022,2.430000066757202,194.567627,2021-03-03,0.9731600284576416,11,100033846.513506
25.142059,76.11119079589844,2.359999895095825,210.85289001464844,2021-03-07,0.9661179780960083,8,100373858.278948
25.142038345336914,76.11930847167969,2.4700000286102295,210.938156,2021-03-07,0.9723250269889832,11,100373858.307879
25.141387,76.181654,2.390000104904175,194.412872,2021-03-03,0.9764789938926697,11,100033846.50524
25.141647338867188,76.11894226074219,2.4700000286102295,211.314407,2021-03-07,0.9720379710197449,11,100373858.299613
25.141406,76.173542,2.5399999618530273,198.693283,2021-03-03,0.959883987903595,8,100033846.476309
25.141667,76.110821,2.390000104904175,210.780075,2021-03-07,0.9588379859924316,8,100373858.270682
25.141013,76.173174,2.5399999618530273,198.86351013183594,2021-03-03,0.9645079970359802,8,100033846.468043
25.140995025634766,76.181285,2.6500000953674316,194.124725,2021-03-03,0.9778500199317932,11,100033846.496974
25.141276,76.110451,2.359999895095825,210.441574,2021-03-07,0.9689109921455383,8,100373858.262416
25.141255,76.118571,2.390000104904175,211.596603,2021-03-07,0.9751560091972351,11,100373858.291347
25.140621185302734,76.17280578613281,2.799999952316284,197.74703979492188,2021-03-03,0.9543750286102295,8,100033846.459777
25.140602111816406,76.180917,2.430000066757202,194.211029,2021-03-03,0.9796320199966431,11,100033846.488708
25.140885,76.110082,2.390000104904175,209.806549,2021-03-07,0.9745929837226868,8,100373858.25415
25.140864,76.118201,2.5,211.513458,2021-03-07,0.9715790152549744,11,100373858.283081
25.140229,76.172438,2.430000066757202,196.945923,2021-03-03,0.964227020740509,8,100033846.451511
25.140209197998047,76.180549,2.7300000190734863,194.891052,2021-03-03,0.9678170084953308,11,100033846.480442
25.140493392944336,76.109713,2.390000104904175,209.078735,2021-03-07,0.9714170098304749,8,100373858.245884
25.140472412109375,76.117832,2.390000104904175,211.168045,2021-03-07,0.9761149883270264,11,100373858.274815
25.139817,76.18018341064453,2.690000057220459,195.33460998535156,2021-03-03,0.9675610065460205,11,100033846.472176
25.14008140563965,76.117463,2.319999933242798,210.71640014648438,2021-03-07,0.9729880094528198,11,100373858.266549
25.13983726501465,76.17207336425781,2.319999933242798,196.794159,2021-03-03,0.9540929794311523,8,100033846.443245
25.14010238647461,76.10934448242188,2.359999895095825,208.7538299560547,2021-03-07,0.9687010049819946,8,100373858.237618
25.139446258544922,76.171701,2.4700000286102295,196.142136,2021-03-03,0.9664469957351685,8,100033846.434979
25.13942527770996,76.179812,9.25,195.674286,2021-03-03,0.968038022518158,11,100033846.46391
25.139711380004883,76.108975,2.359999895095825,208.249191,2021-03-07,0.9752709865570068,8,100373858.229352
25.139690399169922,76.117094,2.319999933242798,210.1942901611328,2021-03-07,0.9604460000991821,11,100373858.258283
25.139054,76.171333,2.619999885559082,196.103424,2021-03-03,0.9708170294761658,8,100033846.426713
25.139033,76.179444,8.869999885559082,195.830902,2021-03-03,0.979653000831604,11,100033846.455644
25.139320373535156,76.108606,2.430000066757202,208.126404,2021-03-07,0.9745630025863647,8,100373858.221086
25.139298,76.116724,2.390000104904175,209.646027,2021-03-07,0.9656059741973877,11,100373858.250017
25.138663,76.170965,2.359999895095825,196.582672,2021-03-03,0.9800810217857361,8,100033846.418447
25.138641357421875,76.179076,2.4700000286102295,200.861404,2021-03-03,0.9932810068130493,11,100033846.447378
25.138928,76.108237,2.430000066757202,208.310196,2021-03-07,0.9635850191116333,8,100373858.21282
25.138907,76.116355,2.4700000286102295,209.074402,2021-03-07,0.9726859927177429,11,100373858.241751
25.138516,76.115986,2.430000066757202,208.988388,2021-03-07,0.9731580018997192,11,100373858.233485
25.138272,76.170597,2.359999895095825,196.821365,2021-03-03,0.970221996307373,8,100033846.410181
25.138537,76.107869,2.390000104904175,208.009598,2021-03-07,0.9641339778900146,8,100373858.204554
25.137881,76.170229,2.390000104904175,196.749161,2021-03-03,0.9630780220031738,8,100033846.401915
25.13785743713379,76.178339,11.3100004196167,196.35321044921875,2021-03-03,0.9666150212287903,11,100033846.430846
25.138125,76.115617,2.430000066757202,208.13623046875,2021-03-07,0.9677010178565979,11,100373858.225219
25.137489318847656,76.16986083984375,2.359999895095825,196.766541,2021-03-03,0.9607539772987366,8,100033846.393649
25.137466430664062,76.177971,2.5799999237060547,195.850143,2021-03-03,0.9623860120773315,11,100033846.42258
25.137733459472656,76.115249,2.390000104904175,207.719681,2021-03-07,0.9672660231590271,11,100373858.216953
25.137099,76.169492,2.430000066757202,196.828995,2021-03-03,0.9616219997406006,8,100033846.385383
25.137075424194336,76.177603,2.390000104904175,195.727829,2021-03-03,0.9670959711074829,11,100033846.414314
25.13734245300293,76.11488342285156,2.390000104904175,207.375839,2021-03-07,0.9754089713096619,11,100373858.208687
25.13668441772461,76.177235,2.430000066757202,195.958511,2021-03-03,0.9682729840278625,11,100033846.406048
25.136951446533203,76.114511,2.390000104904175,207.395599,2021-03-07,0.9748110175132751,11,100373858.200421
25.136319,76.16875457763672,2.4700000286102295,197.004425,2021-03-03,0.9789190292358398,8,100033846.368851
25.136293411254883,76.176867,2.4700000286102295,195.760178,2021-03-03,0.9692680239677429,11,100033846.397782
25.135902404785156,76.176498,3.25,195.648941,2021-03-03,0.9653130173683167,11,100033846.389516
25.135512,76.17613220214844,2.319999933242798,195.609085,2021-03-03,0.9663509726524353,11,100033846.38125
25.135122299194336,76.175761,2.950000047683716,195.466965,2021-03-03,0.9818469882011414,11,100033846.372984
25.135149002075195,76.167649,8.869999885559082,196.911041,2021-03-03,0.968080997467041,8,100033846.344053
25.134759,76.167281,2.359999895095825,196.967346,2021-03-03,0.9527909755706787,8,100033846.335787
25.134342193603516,76.175024,2.390000104904175,196.116989,2021-03-03,0.9739350080490112,11,100033846.356452
25.133952,76.174656,2.509999990463257,195.311203,2021-03-03,0.9822739958763123,11,100033846.348186
25.133562088012695,76.174287,2.359999895095825,196.035278,2021-03-03,0.9643930196762085,11,100033846.33992
25.133201599121094,76.165807,2.359999895095825,196.787842,2021-03-03,0.9734359979629517,8,100033846.302723
25.1331729888916,76.173919,2.359999895095825,196.184433,2021-03-03,0.9614480137825012,11,100033846.331654
25.132813,76.165438,2.390000104904175,196.854584,2021-03-03,0.9737160205841064,8,100033846.294459
25.132783,76.17355346679688,2.430000066757202,196.426025,2021-03-03,0.9639080166816711,11,100033846.323388
25.132423400878906,76.16506958007812,2.2799999713897705,197.012909,2021-03-03,0.9614120125770569,8,100033846.286195
25.132394,76.173181,2.390000104904175,196.561188,2021-03-03,0.9605969786643982,11,100033846.315122
25.132005,76.172813,2.390000104904175,196.689316,2021-03-03,0.9698200225830078,11,100033846.306856
25.132034301757812,76.164701,2.390000104904175,196.971329,2021-03-03,0.9635480046272278,8,100033846.277931
25.13164520263672,76.164333,2.390000104904175,197.068649,2021-03-03,0.956242024898529,8,100033846.269667
25.131614685058594,76.172444,2.359999895095825,196.855728,2021-03-03,0.9616770148277283,11,100033846.298591
25.131256103515625,76.163964,2.390000104904175,197.010651,2021-03-03,0.9630690217018127,8,100033846.261403
25.1312255859375,76.172076,2.390000104904175,196.862564,2021-03-03,0.9702150225639343,11,100033846.290327
25.13086700439453,76.163596,2.430000066757202,197.263016,2021-03-03,0.9610049724578857,8,100033846.253139
25.130837,76.171707,2.4700000286102295,196.831787,2021-03-03,0.9708399772644043,11,100033846.282063
25.130477905273438,76.163227,2.390000104904175,197.285904,2021-03-03,0.956121027469635,8,100033846.244875
25.130448,76.171339,2.4700000286102295,196.853653,2021-03-03,0.9682289958000183,11,100033846.273799
25.130088,76.162859,2.390000104904175,197.377594,2021-03-03,0.9571729898452759,8,100033846.236611
25.130059,76.17096710205078,2.390000104904175,196.932648,2021-03-03,0.9656429886817932,11,100033846.265535
25.129699,76.162491,2.430000066757202,197.432404,2021-03-03,0.9591950178146362,8,100033846.228347
25.129669189453125,76.170602,2.430000066757202,197.000977,2021-03-03,0.9648060202598572,11,100033846.257271
25.129310607910156,76.162122,2.5399999618530273,197.315948,2021-03-03,0.9817609786987305,8,100033846.220083
25.129281,76.170233,2.509999990463257,197.104187,2021-03-03,0.9738519787788391,11,100033846.249007
25.12891960144043,76.161754,2.430000066757202,197.496338,2021-03-03,0.9651889801025391,8,100033846.211819
25.128890991210938,76.169865,7.079999923706055,196.933533,2021-03-03,0.9645619988441467,11,100033846.240743
25.128530502319336,76.161386,2.390000104904175,197.514877,2021-03-03,0.9608179926872253,8,100033846.203555
25.128501892089844,76.169496,2.4700000286102295,196.972153,2021-03-03,0.964044988155365,11,100033846.232479
25.12811279296875,76.169128,2.390000104904175,196.993454,2021-03-03,0.9670330286026001,11,100033846.224215
25.127723,76.16876220703125,2.390000104904175,196.975174,2021-03-03,0.9679399728775024,11,100033846.215951
25.127334,76.168392,2.430000066757202,197.098984,2021-03-03,0.9658219814300537,11,100033846.207687
25.139932,76.199273,2.5,189.218796,2021-07-16,0.9625610113143921,11,111678758.794215
25.139541625976562,76.198903,2.5,190.101669,2021-07-16,0.963916003704071,11,111678758.785951
25.139152,76.198533,2.5799999237060547,188.820908,2021-07-16,0.9597730040550232,11,111678758.777687
25.138761,76.198163,2.6500000953674316,190.893402,2021-07-16,0.9624289870262146,11,111678758.769423
25.138371,76.197793,2.799999952316284,189.319366,2021-07-16,0.9515510201454163,11,111678758.761159
25.137981414794922,76.197423,2.5,191.613129,2021-07-16,0.9595289826393127,11,111678758.752895
25.137590408325195,76.197053,3.4000000953674316,189.701736,2021-07-16,0.9548100233078003,11,111678758.744631
25.13719940185547,76.196682,2.5,189.086533,2021-07-16,0.9643700122833252,11,111678758.736367
25.136809,76.196312,2.619999885559082,188.989044,2021-07-16,0.9554139971733093,11,111678758.728103
25.136419,76.195942,2.690000057220459,190.234421,2021-07-16,0.9625300168991089,11,111678758.719839
25.135638,76.195201,2.5,189.147186,2021-07-16,0.957955002784729,11,111678758.703311
25.1352481842041,76.194831,2.5799999237060547,189.1456298828125,2021-07-16,0.9603829979896545,11,111678758.695047
25.134857177734375,76.194461,2.5,189.038544,2021-07-16,0.9529060125350952,11,111678758.686783
25.134467,76.194091,3.0999999046325684,187.940323,2021-07-16,0.9574549794197083,11,111678758.678519
25.134076,76.193721,2.9200000762939453,187.074219,2021-07-16,0.9545549750328064,11,111678758.670255
25.133685,76.193351,2.7699999809265137,186.300339,2021-07-16,0.957705020904541,11,111678758.661991
25.1332950592041,76.192981,3.069999933242798,185.143646,2021-07-16,0.9655659794807434,11,111678758.653727
25.132904052734375,76.192611,3.5199999809265137,183.035126,2021-07-16,0.9614449739456177,11,111678758.645463
25.132514,76.192241,2.6500000953674316,184.598297,2021-07-16,0.9625250101089478,11,111678758.637199
25.132123,76.191872,3.440000057220459,184.170731,2021-07-16,0.9624789953231812,11,111678758.628935
25.131732940673828,76.191504,7.110000133514404,182.793274,2021-07-16,0.9685230255126953,11,111678758.620671
25.131341,76.191132,3.25,181.159485,2021-07-16,0.9599230289459229,11,111678758.612407
25.130951,76.190763,4.559999942779541,179.472244,2021-07-16,0.9690719842910767,11,111678758.604143
25.130561,76.190396,4.789999961853027,184.908875,2021-07-16,0.9586769938468933,11,111678758.595879
25.130355,76.198991,2.3499999046325684,194.551895,2021-07-16,0.9573609828948975,8,111678758.641331
25.130171,76.190029,4.980000019073486,191.040634,2021-07-16,0.9593570232391357,11,111678758.587615
25.12996482849121,76.198621,9.09000015258789,184.713974,2021-07-16,0.9632850289344788,8,111678758.633067
25.1293888092041,76.189291,3.440000057220459,191.421097,2021-07-16,0.9552459716796875,11,111678758.571087
25.129182,76.197879,3.9600000381469727,180.577438,2021-07-16,0.9535419940948486,8,111678758.616539
25.128997802734375,76.188922,2.5799999237060547,191.537918,2021-07-16,0.9544219970703125,11,111678758.562823
25.128608,76.188554,3.4800000190734863,192.854965,2021-07-16,0.9601789712905884,11,111678758.554559
25.128217,76.188185,2.430000066757202,192.752274,2021-07-16,0.9611639976501465,11,111678758.546295
25.127826,76.187817,3.6600000858306885,192.3888397216797,2021-07-16,0.9618399739265442,11,111678758.538031
25.127435,76.187448,6.960000038146973,187.353012,2021-07-16,0.9612820148468018,11,111678758.529767
25.127044,76.187078,3.440000057220459,184.899994,2021-07-16,0.9666060209274292,11,111678758.521503
25.1268367767334,76.195663,2.6500000953674316,177.042282,2021-07-16,0.963362991809845,8,111678758.566955
25.126653,76.186709,2.950000047683716,184.659103,2021-07-16,0.9693790078163147,11,111678758.513239
25.126445770263672,76.195295,2.390000104904175,176.865692,2021-07-16,0.9714999794960022,8,111678758.558691
25.126262,76.186341,2.7300000190734863,184.321136,2021-07-16,0.9623749852180481,11,111678758.504975
25.126056,76.194926,2.5399999618530273,177.249802,2021-07-16,0.9691680073738098,8,111678758.550427
25.125871658325195,76.185973,2.799999952316284,186.430328,2021-07-16,0.9643409848213196,11,111678758.496711
25.125665,76.194558,2.4700000286102295,177.857422,2021-07-16,0.9742349982261658,8,111678758.542163
25.125481,76.185605,2.5,187.468796,2021-07-16,0.9701030254364014,11,111678758.488447
25.125274,76.194189,2.430000066757202,177.551315,2021-07-16,0.9667289853096008,8,111678758.533899
25.125446319580078,76.19804382324219,2.5399999618530273,172.690765,2021-07-16,0.9534199833869934,6,111678758.938858
25.125089645385742,76.185237,2.7300000190734863,186.937668,2021-07-16,0.9736859798431396,11,111678758.480183
25.124883,76.193821,2.6500000953674316,177.452652,2021-07-16,0.9744960069656372,8,111678758.525635
25.124665,76.197304,2.5,172.690125,2021-07-16,0.956030011177063,6,111678758.922326
25.124492,76.193452,2.8399999141693115,175.940704,2021-07-16,0.9617720246315002,8,111678758.517371
25.124309,76.184501,3.0999999046325684,185.751465,2021-07-16,0.9752159714698792,11,111678758.463655
25.124274,76.196934,2.4700000286102295,172.791611,2021-07-16,0.9594389796257019,6,111678758.91406
25.124101,76.193084,2.6500000953674316,175.362427,2021-07-16,0.9714429974555969,8,111678758.509107
25.123918,76.184132,2.5,185.996353,2021-07-16,0.9676719903945923,11,111678758.455391
25.123711,76.192715,2.430000066757202,175.122986,2021-07-16,0.9605119824409485,8,111678758.500843
25.123883,76.196564,2.5,172.797226,2021-07-16,0.970973014831543,6,111678758.905794
25.123493194580078,76.196195,2.7300000190734863,172.791901,2021-07-16,0.9624029994010925,6,111678758.897528
25.12352752685547,76.183765,3.180000066757202,185.885391,2021-07-16,0.959650993347168,11,111678758.447127
25.123319625854492,76.192347,2.880000114440918,174.069153,2021-07-16,0.9605010151863098,8,111678758.492579
25.123136520385742,76.183396,2.690000057220459,186.021591,2021-07-16,0.9647949934005737,11,111678758.438863
25.12310218811035,76.195825,2.5799999237060547,172.798279,2021-07-16,0.957660973072052,6,111678758.889262
25.12274742126465,76.183028,3.809999942779541,183.655182,2021-07-16,0.9569609761238098,11,111678758.430599
25.122712,76.195455,2.799999952316284,172.645264,2021-07-16,0.9601110219955444,6,111678758.880996
25.12253761291504,76.191611,3.2200000286102295,173.852158,2021-07-16,0.9564729928970337,8,111678758.476051
25.122356414794922,76.18266296386719,2.619999885559082,185.645538,2021-07-16,0.9521610140800476,11,111678758.422335
25.122148,76.191243,5.050000190734863,172.598572,2021-07-16,0.9842479825019836,8,111678758.467787
25.121966,76.182292,2.7300000190734863,185.25885009765625,2021-07-16,0.9531350135803223,11,111678758.414071
25.121757,76.190874,3.2899999618530273,172.577148,2021-07-16,0.9839029908180237,8,111678758.459523
25.121575,76.181923,2.5799999237060547,182.4993896484375,2021-07-16,0.9591259956359863,11,111678758.405807
25.121366500854492,76.190507,2.950000047683716,178.018738,2021-07-16,0.966401994228363,8,111678758.451259
25.121185302734375,76.181555,2.5399999618530273,182.514877,2021-07-16,0.9575039744377136,11,111678758.397543
25.121152,76.193979,3.4800000190734863,184.118515,2021-07-16,0.9634519815444946,6,111678758.847932
25.1209774017334,76.190141,2.5,183.094193,2021-07-16,0.966143012046814,8,111678758.442995
25.120761,76.193609,4.150000095367432,183.362976,2021-07-16,0.9580489993095398,6,111678758.839667
25.120586395263672,76.189773,2.5,183.208740234375,2021-07-16,0.9566310048103333,8,111678758.434731
25.120405197143555,76.18081665039062,5.949999809265137,183.684036,2021-07-16,0.9592130184173584,11,111678758.381015
25.120196,76.189404,2.6500000953674316,182.551086,2021-07-16,0.9633839726448059,8,111678758.426467
25.120017,76.180456,11.0,192.786423,2021-07-16,0.9680430293083191,11,111678758.372751
25.119807,76.189039,11.119999885559082,182.586075,2021-07-16,0.9632290005683899,8,111678758.418203
25.119626998901367,76.180087,5.949999809265137,194.770615,2021-07-16,0.9686149954795837,11,111678758.364487
25.119588,76.192496,2.5799999237060547,176.230331,2021-07-16,0.9521049857139587,6,111678758.814875
25.118417,76.191386,2.5399999618530273,177.276688,2021-07-16,0.958620011806488,6,111678758.790083
25.118066,76.178613,2.4700000286102295,196.423599,2021-07-16,0.9501039981842041,11,111678758.331431
25.11802864074707,76.191021,8.270000457763672,184.312714,2021-07-16,0.9672759771347046,6,111678758.781819
25.11764144897461,76.190655,14.520000457763672,188.743286,2021-07-16,0.962460994720459,6,111678758.773555
25.117250442504883,76.1902847290039,7.630000114440918,195.932007,2021-07-16,0.9626820087432861,6,111678758.765291
25.117265,76.199134,2.3499999046325684,196.134644,2021-07-16,0.9504929780960083,5,111678758.819007
25.116859436035156,76.189914,3.509999990463257,198.234161,2021-07-16,0.961558997631073,6,111678758.757027
25.116118,76.176771,2.8399999141693115,197.176117,2021-07-16,0.9541659951210022,11,111678758.290111
25.1157283782959,76.176402,7.820000171661377,192.517181,2021-07-16,0.9704920053482056,11,111678758.281847
25.115338,76.176032,10.699999809265137,185.92568969726562,2021-07-16,0.9687449932098389,11,111678758.273583
25.115297317504883,76.188433,5.840000152587891,192.767609,2021-07-16,0.953669011592865,6,111678758.723971
25.114947,76.1756591796875,3.9600000381469727,182.527878,2021-07-16,0.9636290073394775,11,111678758.265319
25.11490821838379,76.188064,8.119999885559082,194.980362,2021-07-16,0.9613329768180847,6,111678758.715707
25.11455726623535,76.175291,2.5399999618530273,182.834152,2021-07-16,0.9596980214118958,11,111678758.257055
25.114167,76.174922,2.4700000286102295,183.656036,2021-07-16,0.9565730094909668,11,111678758.248791
25.11377716064453,76.174553,2.430000066757202,183.734726,2021-07-16,0.9551079869270325,11,111678758.240527
25.113178253173828,76.182778,2.5399999618530273,196.428741,2021-07-16,0.9509959816932678,8,111678758.277715
25.112998,76.173816,2.5,183.9384002685547,2021-07-16,0.9543970227241516,11,111678758.223999
25.112607955932617,76.173447,2.6500000953674316,183.658722,2021-07-16,0.9581680297851562,11,111678758.215735
25.111799,76.19395446777344,3.3299999237060547,194.967438,2021-07-16,0.951885998249054,5,111678758.703311
25.111827850341797,76.172709,2.5399999618530273,183.421402,2021-07-16,0.963238000869751,11,111678758.199207
25.111438,76.1723403930664,2.5,183.767593,2021-07-16,0.9686239957809448,11,111678758.190943
25.111408233642578,76.193584,2.690000057220459,194.501511,2021-07-16,0.9568309783935547,5,111678758.695047
25.11104965209961,76.171973,7.599999904632568,186.187332,2021-07-16,0.9709770083427429,11,111678758.182679
25.111019,76.193215,6.059999942779541,195.050522,2021-07-16,0.9594820141792297,5,111678758.686783
25.110660552978516,76.171605,2.5,195.285645,2021-07-16,0.9560490250587463,11,111678758.174415
25.110238,76.192476,7.860000133514404,194.17214965820312,2021-07-16,0.9567689895629883,5,111678758.670255
25.109880447387695,76.170867,2.430000066757202,195.375443,2021-07-16,0.9579709768295288,11,111678758.157887
25.109846115112305,76.192103,11.680000305175781,181.847519,2021-07-16,0.9505109786987305,5,111678758.661991
25.10948944091797,76.170498,2.3499999046325684,196.422546,2021-07-16,0.9544849991798401,11,111678758.149623
25.109455108642578,76.191733,9.0600004196167,182.323853,2021-07-16,0.9528440237045288,5,111678758.653727
25.109066009521484,76.191366,8.609999656677246,192.114044,2021-07-16,0.9624159932136536,5,111678758.645463
25.109100341796875,76.170129,2.390000104904175,196.982086,2021-07-16,0.9538450241088867,11,111678758.141359
25.108676,76.190998,7.260000228881836,195.402466,2021-07-16,0.9591289758682251,5,111678758.637199
25.10870933532715,76.16976165771484,2.430000066757202,197.561752,2021-07-16,0.9508910179138184,11,111678758.133095
25.108320236206055,76.16938781738281,2.4700000286102295,197.758804,2021-07-16,0.95243901014328,11,111678758.124831
25.107894,76.190257,2.799999952316284,195.423706,2021-07-16,0.952646017074585,5,111678758.620671
25.107149124145508,76.168283,2.690000057220459,198.021301,2021-07-16,0.9678030014038086,11,111678758.100039
25.106759,76.167913,2.619999885559082,197.909149,2021-07-16,0.9513670206069946,11,111678758.091775
25.106162,76.176138,8.9399995803833,197.742599,2021-07-16,0.9586330056190491,8,111678758.128963
25.105771,76.175768,9.65999984741211,193.38710021972656,2021-07-16,0.9664689898490906,8,111678758.120699
25.10538101196289,76.175397,6.960000038146973,191.661362,2021-07-16,0.966405987739563,8,111678758.112435
25.104991,76.175028,9.210000038146973,189.833878,2021-07-16,0.9664340019226074,8,111678758.104171
25.192872,76.142516,2.7300000190734863,193.625122,2022-01-02,0.9584270119667053,6,126330993.101605
25.192483,76.142886,2.799999952316284,193.861359,2022-01-02,0.9596790075302124,6,126330993.109869
25.181049,76.142399,2.690000057220459,195.953705,2022-01-02,0.9537450075149536,8,126330993.589186
25.180659,76.142769,2.799999952316284,195.999176,2022-01-02,0.9525730013847351,8,126330993.597451
25.179879,76.14350891113281,2.9100000858306885,196.063797,2022-01-02,0.9562180042266846,8,126330993.613983
25.168052,76.146911,2.5799999237060547,200.880997,2022-01-02,0.9505379796028137,11,126330993.73384
25.159491,76.155059,3.0199999809265137,202.609467,2022-01-02,0.9502090215682983,11,126330993.915664
25.159102,76.155429,2.799999952316284,202.7986602783203,2022-01-02,0.9561520218849182,11,126330993.923928
25.178353,76.100695,2.6500000953674316,208.292801,2022-02-13,0.9694600105285645,5,129985945.375939
25.177963256835938,76.101065,2.5399999618530273,208.656235,2022-02-13,0.9585649967193604,5,129985945.384203
25.176790237426758,76.102175,2.619999885559082,209.321762,2022-02-13,0.9681239724159241,5,129985945.409001
25.176399,76.102545,2.690000057220459,209.729294,2022-02-13,0.9703450202941895,5,129985945.417267
25.176009,76.102915,2.5399999618530273,209.553223,2022-02-13,0.9592829942703247,5,129985945.425533
25.175618,76.103286,2.619999885559082,209.105423,2022-02-13,0.953370988368988,5,129985945.433799
25.175227,76.103656,2.9100000858306885,209.067429,2022-02-13,0.9595370292663574,5,129985945.442065
25.174837112426758,76.104026,2.5799999237060547,208.927719,2022-02-13,0.9661350250244141,5,129985945.450331
25.17444610595703,76.104396,2.5799999237060547,208.471786,2022-02-13,0.9672160148620605,5,129985945.458597
25.174055099487305,76.104766,2.5399999618530273,208.237289,2022-02-13,0.9651659727096558,5,129985945.466863
25.173665,76.105137,2.5799999237060547,207.934769,2022-02-13,0.9558560252189636,5,129985945.475129
25.173274,76.105507,2.619999885559082,207.765915,2022-02-13,0.9593170285224915,5,129985945.483395
25.172883,76.105877,2.5799999237060547,207.342041,2022-02-13,0.961329996585846,5,129985945.491661
25.17249298095703,76.106247,2.799999952316284,206.91184997558594,2022-02-13,0.962548017501831,5,129985945.499927
25.172101974487305,76.106618,2.619999885559082,206.710632,2022-02-13,0.9628829956054688,5,129985945.508193
25.171710968017578,76.106988,2.5799999237060547,206.432816,2022-02-13,0.9636399745941162,5,129985945.516459
25.17131996154785,76.107358,2.690000057220459,206.139282,2022-02-13,0.9619119763374329,5,129985945.524725
25.170928955078125,76.107729,2.690000057220459,207.170639,2022-02-13,0.9668340086936951,5,129985945.532991
25.170223236083984,76.100598,2.5799999237060547,211.454788,2022-02-13,0.9689480066299438,6,129985945.4214
25.170146,76.10846710205078,5.760000228881836,205.993851,2022-02-13,0.9550399780273438,5,129985945.549523
25.169833,76.100968,2.6500000953674316,211.169495,2022-02-13,0.9691529870033264,6,129985945.429666
25.169442,76.101338,3.059999942779541,210.90859985351562,2022-02-13,0.9585310220718384,6,129985945.437932
25.16936492919922,76.10920715332031,4.860000133514404,205.598236,2022-02-13,0.9596480131149292,5,129985945.566055
25.169051,76.101708,2.6500000953674316,210.516693,2022-02-13,0.955223023891449,6,129985945.446198
25.168975,76.10958099365234,2.5,204.679825,2022-02-13,0.9641039967536926,5,129985945.574321
25.16866111755371,76.102078,2.690000057220459,210.059341,2022-02-13,0.9546409845352173,6,129985945.454464
25.168582916259766,76.10994720458984,4.260000228881836,204.700287,2022-02-13,0.9558600187301636,5,129985945.582587
25.168270111083984,76.102448,2.5799999237060547,209.909103,2022-02-13,0.9697059988975525,6,129985945.46273
25.167879,76.102819,2.6500000953674316,209.835861,2022-02-13,0.9663540124893188,6,129985945.470996
25.167801,76.110691,2.799999952316284,205.488647,2022-02-13,0.9651150107383728,5,129985945.599119
25.167489,76.103189,2.6500000953674316,209.865097,2022-02-13,0.9677879810333252,6,129985945.479262
25.167409896850586,76.111061,2.799999952316284,205.203552,2022-02-13,0.9655179977416992,5,129985945.607385
25.167098,76.103559,2.7300000190734863,210.151199,2022-02-13,0.9699130058288574,6,129985945.487528
25.16701889038086,76.111431,2.7699999809265137,205.022003,2022-02-13,0.9638509750366211,5,129985945.615651
25.166707,76.10392761230469,2.7300000190734863,209.800781,2022-02-13,0.9658539891242981,6,129985945.495794
25.166627883911133,76.111801,2.7699999809265137,206.003723,2022-02-13,0.9705939888954163,5,129985945.623915
25.166316,76.10430145263672,2.7699999809265137,209.861923,2022-02-13,0.9725810289382935,6,129985945.50406
25.166236877441406,76.112171,2.9100000858306885,206.020248,2022-02-13,0.9647600054740906,5,129985945.632179
25.165925,76.10466766357422,2.619999885559082,209.977875,2022-02-13,0.9731709957122803,6,129985945.512326
25.165845,76.112542,2.7300000190734863,206.079453,2022-02-13,0.9623140096664429,5,129985945.640443
25.165534,76.10504150390625,2.6500000953674316,209.8080596923828,2022-02-13,0.9679449796676636,6,129985945.520592
25.16545295715332,76.112912,4.190000057220459,207.080063,2022-02-13,0.9572319984436035,5,129985945.648707
25.165143966674805,76.105411,2.619999885559082,209.390579,2022-02-13,0.9689840078353882,6,129985945.528858
25.165063,76.113282,4.110000133514404,203.498047,2022-02-13,0.9530990123748779,5,129985945.656971
25.164752960205078,76.105781,2.5399999618530273,209.55072021484375,2022-02-13,0.9637420177459717,6,129985945.537124
25.164672,76.113652,2.8399999141693115,206.331635,2022-02-13,0.965723991394043,5,129985945.665235
25.16436195373535,76.106151,2.6500000953674316,208.729462,2022-02-13,0.9703109860420227,6,129985945.54539
25.16427993774414,76.114022,2.7699999809265137,206.324936,2022-02-13,0.9685450196266174,5,129985945.673499
25.163971,76.106521,2.690000057220459,208.694504,2022-02-13,0.9614440202713013,6,129985945.553656
25.163888931274414,76.114392,2.5799999237060547,206.191879,2022-02-13,0.9622009992599487,5,129985945.681763
25.1635799407959,76.106892,2.7300000190734863,208.876801,2022-02-13,0.9574519991874695,6,129985945.561922
25.163497924804688,76.114762,2.6500000953674316,206.808594,2022-02-13,0.9683110117912292,5,129985945.690027
25.163188934326172,76.107262,2.8399999141693115,209.018311,2022-02-13,0.963030993938446,6,129985945.570188
25.163106,76.115132,2.619999885559082,206.952316,2022-02-13,0.9653080105781555,5,129985945.698291
25.162797927856445,76.107632,2.7300000190734863,209.58370971679688,2022-02-13,0.9650400280952454,6,129985945.578454
25.162715,76.115502,2.5,206.583862,2022-02-13,0.9607359766960144,5,129985945.706555
25.16240692138672,76.108003,2.690000057220459,209.828735,2022-02-13,0.9636880159378052,6,129985945.58672
25.162324,76.115872,2.619999885559082,205.674561,2022-02-13,0.9651110172271729,5,129985945.714819
25.162015914916992,76.108373,2.6500000953674316,208.784714,2022-02-13,0.9670529961585999,6,129985945.594986
25.16193199157715,76.116242,4.940000057220459,204.992859,2022-02-13,0.9622210264205933,5,129985945.723083
25.161624908447266,76.108743,2.619999885559082,208.476227,2022-02-13,0.9591630101203918,6,129985945.603252
25.161542,76.116612,2.7699999809265137,205.631348,2022-02-13,0.9671750068664551,5,129985945.731347
25.16123390197754,76.109113,2.5,208.944962,2022-02-13,0.9573839902877808,6,129985945.611518
25.161149978637695,76.116982,2.619999885559082,206.667969,2022-02-13,0.9655799865722656,5,129985945.739611
25.160842,76.109483,2.690000057220459,209.0315704345703,2022-02-13,0.9634760022163391,6,129985945.619783
25.160758,76.117352,2.690000057220459,207.889145,2022-02-13,0.9547290205955505,5,129985945.747875
25.160451,76.109854,2.5799999237060547,209.602203,2022-02-13,0.9548749923706055,6,129985945.628047
25.160367,76.117722,2.799999952316284,208.412903,2022-02-13,0.9575999975204468,5,129985945.756139
25.16006088256836,76.110224,2.619999885559082,209.958359,2022-02-13,0.9640809893608093,6,129985945.636311
25.159975051879883,76.118092,2.7300000190734863,208.087173,2022-02-13,0.9600579738616943,5,129985945.764403
25.15966796875,76.110594,2.619999885559082,210.49649047851562,2022-02-13,0.9667019844055176,6,129985945.644575
25.159584045410156,76.118462,2.799999952316284,207.859497,2022-02-13,0.9651809930801392,5,129985945.772667
25.159276962280273,76.110964,2.7300000190734863,210.092926,2022-02-13,0.9696930050849915,6,129985945.652839
25.15919303894043,76.118832,2.6500000953674316,207.767776,2022-02-13,0.9618890285491943,5,129985945.780931
25.158885955810547,76.111334,2.619999885559082,210.05130004882812,2022-02-13,0.967756986618042,6,129985945.661103
25.158802032470703,76.119203,2.690000057220459,207.638428,2022-02-13,0.9642109870910645,5,129985945.789195
25.15849494934082,76.111704,2.690000057220459,208.348984,2022-02-13,0.9662629961967468,6,129985945.669367
25.158409118652344,76.119573,2.5799999237060547,207.723602,2022-02-13,0.971185028553009,5,129985945.797459
25.158443450927734,76.100472,8.420000076293945,214.321732,2022-02-13,0.9627249836921692,8,129985945.900759
25.158055,76.100841,2.6500000953674316,214.537323,2022-02-13,0.9683240056037903,8,129985945.909023
25.158103942871094,76.112074,2.6500000953674316,208.228409,2022-02-13,0.9552379846572876,6,129985945.677631
25.158019,76.119943,2.619999885559082,207.703842,2022-02-13,0.969444990158081,5,129985945.805723
25.157664,76.101211,2.6500000953674316,214.783188,2022-02-13,0.9638789892196655,8,129985945.917287
25.157712936401367,76.112444,2.5399999618530273,209.335571,2022-02-13,0.962215006351471,6,129985945.685895
25.157628,76.120313,2.6500000953674316,207.92626953125,2022-02-13,0.9644190073013306,5,129985945.813987
25.157321,76.112814,2.5399999618530273,209.934494,2022-02-13,0.9735980033874512,6,129985945.694159
25.157237,76.120683,2.5,207.130997,2022-02-13,0.9711750149726868,5,129985945.822251
25.157273,76.101582,2.7300000190734863,214.979446,2022-02-13,0.9715549945831299,8,129985945.925551
25.15692901611328,76.113184,2.6500000953674316,210.738281,2022-02-13,0.9706850051879883,6,129985945.702423
25.156846,76.121053,2.5799999237060547,206.888748,2022-02-13,0.9690819978713989,5,129985945.830515
25.156882,76.101952,2.6500000953674316,215.360886,2022-02-13,0.9616749882698059,8,129985945.933815
25.156491,76.102322,2.7300000190734863,215.791946,2022-02-13,0.9665250182151794,8,129985945.942079
25.156455,76.121423,2.6500000953674316,206.531738,2022-02-13,0.9754199981689453,5,129985945.838779
25.156099319458008,76.102692,2.7300000190734863,215.784866,2022-02-13,0.971776008605957,8,129985945.950343
25.156064,76.121793,2.619999885559082,205.74407958984375,2022-02-13,0.973442018032074,5,129985945.847043
25.155755,76.114294,2.5399999618530273,210.798157,2022-02-13,0.9536070227622986,6,129985945.727215
25.155673,76.122163,2.690000057220459,205.321945,2022-02-13,0.9671279788017273,5,129985945.855307
25.155709,76.103063,2.609999895095825,216.030289,2022-02-13,0.9631969928741455,8,129985945.958607
25.155318,76.103433,2.6500000953674316,216.084381,2022-02-13,0.9743149876594543,8,129985945.966871
25.155364,76.114664,2.619999885559082,211.026459,2022-02-13,0.9570170044898987,6,129985945.735479
25.155282,76.122534,2.7300000190734863,205.00914001464844,2022-02-13,0.9643059968948364,5,129985945.863571
25.154927,76.103803,2.759999990463257,216.18128967285156,2022-02-13,0.9698039889335632,8,129985945.975135
25.154973,76.115034,2.6500000953674316,210.650803,2022-02-13,0.9583330154418945,6,129985945.743743
25.154891,76.122904,2.6500000953674316,205.573441,2022-02-13,0.9678379893302917,5,129985945.871835
25.154582,76.115404,2.5799999237060547,210.570084,2022-02-13,0.96561598777771,6,129985945.752007
25.154499,76.123274,2.7300000190734863,205.963806,2022-02-13,0.9604300260543823,5,129985945.880099
25.154537200927734,76.104173,2.7300000190734863,215.748566,2022-02-13,0.9672030210494995,8,129985945.983399
25.154190063476562,76.115774,2.4700000286102295,210.267624,2022-02-13,0.9620370268821716,6,129985945.760271
25.154109,76.123644,2.6500000953674316,205.20281982421875,2022-02-13,0.9546970129013062,5,129985945.888363
25.154145,76.104543,2.5399999618530273,216.303238,2022-02-13,0.9688889980316162,8,129985945.991663
25.15375518798828,76.104913,2.5399999618530273,215.757019,2022-02-13,0.9668279886245728,8,129985945.999927
25.153799,76.116144,2.5799999237060547,210.053574,2022-02-13,0.9671679735183716,6,129985945.768535
25.153718,76.124014,2.5799999237060547,205.065384,2022-02-13,0.9625530242919922,5,129985945.896627
25.153364181518555,76.105283,2.5799999237060547,215.398148,2022-02-13,0.9679489731788635,8,129985946.008191
25.153327,76.124384,2.7300000190734863,204.771088,2022-02-13,0.9694309830665588,5,129985945.904891
25.153017044067383,76.116884,2.5799999237060547,209.424881,2022-02-13,0.9598730206489563,6,129985945.785063
25.152936,76.124755,2.6500000953674316,204.8959197998047,2022-02-13,0.9689769744873047,5,129985945.913155
25.152972,76.105653,3.180000066757202,215.177597,2022-02-13,0.9700499773025513,8,129985946.016455
25.1525821685791,76.106023,2.6500000953674316,215.675552,2022-02-13,0.963047981262207,8,129985946.024719
25.152626037597656,76.117254,2.4700000286102295,208.999954,2022-02-13,0.9533990025520325,6,129985945.793327
25.152545,76.125125,3.0299999713897705,203.6385498046875,2022-02-13,0.9627469778060913,5,129985945.921419
25.152191162109375,76.106393,2.7300000190734863,215.518646,2022-02-13,0.9634609818458557,8,129985946.032983
25.15223503112793,76.117624,2.4700000286102295,208.292679,2022-02-13,0.9629279971122742,6,129985945.801591
25.152154,76.125495,2.5399999618530273,204.138077,2022-02-13,0.9597480297088623,5,129985945.929683
25.151844024658203,76.117994,2.5799999237060547,207.401489,2022-02-13,0.966048002243042,6,129985945.809855
25.151763,76.125865,2.6500000953674316,203.838623,2022-02-13,0.9647889733314514,5,129985945.937947
25.15180015563965,76.106763,2.5799999237060547,216.361542,2022-02-13,0.9659219980239868,8,129985946.041247
25.151452,76.118365,2.619999885559082,208.880463,2022-02-13,0.9636809825897217,6,129985945.818119
25.151372,76.126235,2.5799999237060547,203.891006,2022-02-13,0.9692649841308594,5,129985945.946211
25.151409,76.107133,2.5,216.274719,2022-02-13,0.9674370288848877,8,129985946.049511
25.151018142700195,76.107502,2.5399999618530273,215.816055,2022-02-13,0.9606990218162537,8,129985946.057775
25.151061,76.118735,2.5,207.9581298828125,2022-02-13,0.971455991268158,6,129985945.826383
25.150981,76.126605,2.6500000953674316,203.251556,2022-02-13,0.9509090185165405,5,129985945.954475
25.150628,76.107872,2.5799999237060547,215.24790954589844,2022-02-13,0.9695820212364197,8,129985946.066039
25.15066909790039,76.119105,2.7300000190734863,207.954285,2022-02-13,0.9678109884262085,6,129985945.834647
25.150590896606445,76.126975,2.690000057220459,204.372986,2022-02-13,0.9672660231590271,5,129985945.962739
25.150279,76.119475,2.690000057220459,207.976028,2022-02-13,0.9663640260696411,6,129985945.842911
25.150199,76.127345,2.7300000190734863,204.910278,2022-02-13,0.9628090262413025,5,129985945.971003
25.150237,76.108242,2.6500000953674316,215.061203,2022-02-13,0.9699239730834961,8,129985946.074303
25.149888,76.119845,2.6500000953674316,207.353226,2022-02-13,0.9716709852218628,6,129985945.851175
25.149808,76.127715,2.690000057220459,205.052917,2022-02-13,0.9641410112380981,5,129985945.979267
25.149835,76.100937,2.6500000953674316,216.826004,2022-02-13,0.9638149738311768,11,129985945.954475
25.149846,76.108612,2.609999895095825,214.780975,2022-02-13,0.9686819911003113,8,129985946.082567
25.149455,76.108982,2.5399999618530273,214.434631,2022-02-13,0.9501559734344482,8,129985946.090831
25.149497,76.120215,2.5799999237060547,206.969284,2022-02-13,0.9676610231399536,6,129985945.859439
25.149415969848633,76.128085,2.5799999237060547,205.558548,2022-02-13,0.9708210229873657,5,129985945.987531
25.149444,76.101308,2.6500000953674316,216.81163024902344,2022-02-13,0.9707679748535156,11,129985945.962739
25.149106,76.120585,2.5,206.213181,2022-02-13,0.9504849910736084,6,129985945.867703
25.149026,76.128455,2.5,205.131058,2022-02-13,0.9572740197181702,5,129985945.995795
25.149053,76.101678,2.7300000190734863,216.47467041015625,2022-02-13,0.970661997795105,11,129985945.971003
25.149064,76.109351,2.759999990463257,214.4029998779297,2022-02-13,0.9571490287780762,8,129985946.099095
25.148715,76.120955,2.5399999618530273,205.986893,2022-02-13,0.9677649736404419,6,129985945.875967
25.148635,76.128825,2.6500000953674316,205.497864,2022-02-13,0.9564300179481506,5,129985946.004059
25.148662,76.102048,2.619999885559082,216.174042,2022-02-13,0.9686970114707947,11,129985945.979267
25.148673,76.109721,2.7300000190734863,214.492889,2022-02-13,0.9693949818611145,8,129985946.107359
25.148282,76.110091,2.5399999618530273,214.324387,2022-02-13,0.9686509966850281,8,129985946.115623
25.148324,76.121326,2.799999952316284,206.735886,2022-02-13,0.9691550135612488,6,129985945.884231
25.148244,76.129195,2.5,205.629791,2022-02-13,0.9520490169525146,5,129985946.012323
25.148271,76.102418,2.619999885559082,215.706879,2022-02-13,0.9705730080604553,11,129985945.987531
25.147881,76.102787,2.5,214.673035,2022-02-13,0.9705290198326111,11,129985945.995795
25.147891,76.110461,2.609999895095825,214.165207,2022-02-13,0.9643430113792419,8,129985946.123887
25.147933,76.121696,2.619999885559082,206.771896,2022-02-13,0.9618250131607056,6,129985945.892495
25.147851943969727,76.129565,2.6500000953674316,205.856094,2022-02-13,0.963392972946167,5,129985946.020587
25.147542,76.122066,2.9200000762939453,206.651581,2022-02-13,0.9654030203819275,6,129985945.900759
25.1474609375,76.129936,6.429999828338623,205.964005,2022-02-13,0.9521840214729309,5,129985946.028851
25.147489547729492,76.103157,2.5399999618530273,214.133011,2022-02-13,0.9663500189781189,11,129985946.004059
25.147499084472656,76.110831,2.5,213.329193,2022-02-13,0.9546549916267395,8,129985946.132151
25.147151,76.122436,2.7300000190734863,206.886002,2022-02-13,0.9652130007743835,6,129985945.909023
25.147069931030273,76.130305,2.5799999237060547,206.16510009765625,2022-02-13,0.9626110196113586,5,129985946.037115
25.1471004486084,76.103527,2.5399999618530273,213.473236,2022-02-13,0.9683369994163513,11,129985946.012323
25.147109,76.111201,2.690000057220459,213.201675,2022-02-13,0.9652739763259888,8,129985946.140415
25.146718,76.111571,2.7300000190734863,212.961334,2022-02-13,0.9651839733123779,8,129985946.148679
25.146760940551758,76.122806,2.799999952316284,206.928879,2022-02-13,0.969277024269104,6,129985945.917287
25.146678924560547,76.130675,2.5799999237060547,206.601242,2022-02-13,0.9626359939575195,5,129985946.045379
25.146709,76.103897,2.5,213.175858,2022-02-13,0.9673979878425598,11,129985946.020587
25.1463680267334,76.123176,2.9200000762939453,207.037872,2022-02-13,0.9625880122184753,6,129985945.925551
25.146318435668945,76.104267,2.5,213.029694,2022-02-13,0.9651229977607727,11,129985946.028851
25.146327,76.111941,2.5,212.767563,2022-02-13,0.965641975402832,8,129985946.156943
25.14628791809082,76.131045,2.6500000953674316,207.225937,2022-02-13,0.959197998046875,5,129985946.053643
25.145977020263672,76.123547,2.690000057220459,207.724884,2022-02-13,0.9678270220756531,6,129985945.933815
25.145896911621094,76.131414,2.619999885559082,207.589035,2022-02-13,0.963316023349762,5,129985946.061907
25.14592742919922,76.104637,2.5799999237060547,212.707367,2022-02-13,0.9640769958496094,11,129985946.037115
25.145936,76.112311,2.609999895095825,212.538177,2022-02-13,0.9526919722557068,8,129985946.165207
25.145545,76.112681,2.5399999618530273,212.670242,2022-02-13,0.9606930017471313,8,129985946.173471
25.145586013793945,76.123917,2.690000057220459,207.994263,2022-02-13,0.9658600091934204,6,129985945.942079
25.145505905151367,76.131784,2.619999885559082,207.496078,2022-02-13,0.9624159932136536,5,129985946.070171
25.145536422729492,76.105006,2.5,212.340698,2022-02-13,0.9605169892311096,11,129985946.045379
25.145146,76.105376,2.619999885559082,211.897781,2022-02-13,0.9638620018959045,11,129985946.053643
25.145154,76.113051,2.609999895095825,212.40480041503906,2022-02-13,0.9582819938659668,8,129985946.181735
25.14519500732422,76.124287,2.799999952316284,207.848633,2022-02-13,0.9630100131034851,6,129985945.950343
25.14511489868164,76.132154,2.7300000190734863,206.845871,2022-02-13,0.9599639773368835,5,129985946.078435
25.144804000854492,76.124657,2.7699999809265137,208.770615,2022-02-13,0.9665089845657349,6,129985945.958607
25.144723892211914,76.132524,2.6500000953674316,206.7815399169922,2022-02-13,0.9630659818649292,5,129985946.086699
25.144755,76.105746,2.5,211.624283,2022-02-13,0.9563320279121399,11,129985946.061907
25.144412994384766,76.125027,2.690000057220459,208.961014,2022-02-13,0.9666339755058289,6,129985945.966871
25.144334,76.132893,2.5799999237060547,206.354156,2022-02-13,0.9514960050582886,5,129985946.094963
25.144364,76.106116,2.5,211.230881,2022-02-13,0.9631860256195068,11,129985946.070171
25.144372,76.113791,2.609999895095825,212.100693,2022-02-13,0.9583650231361389,8,129985946.198263
25.143981,76.114161,2.5,211.801041,2022-02-13,0.9574440121650696,8,129985946.206527
25.14402198791504,76.125397,2.5399999618530273,208.838928,2022-02-13,0.9714530110359192,6,129985945.975135
25.14394187927246,76.133263,2.799999952316284,206.684937,2022-02-13,0.9684129953384399,5,129985946.103227
25.143973,76.106486,2.759999990463257,210.831024,2022-02-13,0.9663779735565186,11,129985946.078435
25.143630981445312,76.125767,2.5399999618530273,208.931274,2022-02-13,0.966746985912323,6,129985945.983399
25.14358139038086,76.106856,3.890000104904175,210.820908,2022-02-13,0.9647979736328125,11,129985946.086699
25.143590927124023,76.114532,2.5,212.027695,2022-02-13,0.9642549753189087,8,129985946.214791
25.143552,76.133633,2.5799999237060547,206.385376,2022-02-13,0.9627770185470581,5,129985946.111491
25.143239974975586,76.126137,2.619999885559082,208.664001,2022-02-13,0.9678890109062195,6,129985945.991663
25.143161,76.134003,2.619999885559082,205.571045,2022-02-13,0.9597460031509399,5,129985946.119755
25.143191,76.107225,2.690000057220459,211.057404,2022-02-13,0.9630429744720459,11,129985946.094963
25.143199,76.114902,2.5,211.832382,2022-02-13,0.9678540229797363,8,129985946.223055
25.142808,76.115272,2.5399999618530273,211.754959,2022-02-13,0.9561269879341125,8,129985946.231319
25.14284896850586,76.126507,2.5799999237060547,208.779083,2022-02-13,0.9695889949798584,6,129985945.999927
25.142770767211914,76.134372,2.6500000953674316,205.471222,2022-02-13,0.9668449759483337,5,129985946.128019
25.142799377441406,76.107595,2.5799999237060547,210.702728,2022-02-13,0.9697800278663635,11,129985946.103227
25.142409,76.107965,2.5799999237060547,210.282364,2022-02-13,0.9636309742927551,11,129985946.111491
25.142417,76.115643,2.6500000953674316,211.809402,2022-02-13,0.9565749764442444,8,129985946.239583
25.142457962036133,76.126877,2.6500000953674316,209.323471,2022-02-13,0.9613209962844849,6,129985946.008191
25.142379,76.134742,2.5,205.275665,2022-02-13,0.959214985370636,5,129985946.136283
25.142066955566406,76.127247,2.5799999237060547,209.794189,2022-02-13,0.9730039834976196,6,129985946.016455
25.141988,76.135112,2.619999885559082,205.145325,2022-02-13,0.961463987827301,5,129985946.144547
25.142019,76.108335,2.5799999237060547,209.596451,2022-02-13,0.9665110111236572,11,129985946.119755
25.142026,76.116013,2.609999895095825,211.662506,2022-02-13,0.9619119763374329,8,129985946.247847
25.14167594909668,76.127617,2.5799999237060547,210.193253,2022-02-13,0.9668099880218506,6,129985946.024719
25.141597,76.135482,2.619999885559082,205.729431,2022-02-13,0.9585369825363159,5,129985946.152811
25.14162826538086,76.108705,2.430000066757202,209.525604,2022-02-13,0.9713330268859863,11,129985946.128019
25.141633987426758,76.116384,2.4700000286102295,211.582214,2022-02-13,0.9634940028190613,8,129985946.256111
25.14124298095703,76.116754,2.5799999237060547,211.440994,2022-02-13,0.971114993095398,8,129985946.264375
25.141284942626953,76.127986,2.619999885559082,210.349731,2022-02-13,0.9639449715614319,6,129985946.032983
25.141206,76.135852,2.7699999809265137,205.327271,2022-02-13,0.9704660177230835,5,129985946.161075
25.141237258911133,76.109075,2.5399999618530273,209.118881,2022-02-13,0.9691179990768433,11,129985946.136283
25.140846252441406,76.109445,2.6500000953674316,209.030533,2022-02-13,0.9692090153694153,11,129985946.144547
25.140851974487305,76.117125,2.5399999618530273,210.984055,2022-02-13,0.9719979763031006,8,129985946.272639
25.140893936157227,76.128356,2.5399999618530273,210.678864,2022-02-13,0.9758520126342773,6,129985946.041247
25.140815,76.136222,2.6500000953674316,205.212143,2022-02-13,0.9638389945030212,5,129985946.169339
25.1405029296875,76.128726,2.619999885559082,210.216537,2022-02-13,0.9721270203590393,6,129985946.049511
25.140424,76.136592,2.690000057220459,205.242264,2022-02-13,0.9662659764289856,5,129985946.177603
25.14045524597168,76.109815,2.619999885559082,209.130356,2022-02-13,0.9527300000190735,11,129985946.152811
25.140460968017578,76.117495,2.609999895095825,211.006668,2022-02-13,0.9702590107917786,8,129985946.280903
25.140111923217773,76.129096,2.430000066757202,210.26651000976562,2022-02-13,0.9520050287246704,6,129985946.057775
25.140031,76.136963,6.360000133514404,204.661392,2022-02-13,0.9546899795532227,5,129985946.185867
25.140063,76.110185,2.759999990463257,209.962265,2022-02-13,0.9713860154151917,11,129985946.161075
25.14006996154785,76.117866,2.5399999618530273,210.984436,2022-02-13,0.9716989994049072,8,129985946.289167
25.139678955078125,76.118236,2.5799999237060547,210.939423,2022-02-13,0.9649189710617065,8,129985946.297431
25.139721,76.129465,2.5399999618530273,209.298889,2022-02-13,0.9715780019760132,6,129985946.066039
25.139642,76.137332,2.7300000190734863,205.295273,2022-02-13,0.9633899927139282,5,129985946.194131
25.13932991027832,76.129835,2.6500000953674316,209.150467,2022-02-13,0.9686059951782227,6,129985946.074303
25.139251,76.137702,2.5799999237060547,205.289734,2022-02-13,0.9674519896507263,5,129985946.202395
25.139281,76.110925,2.7300000190734863,210.101624,2022-02-13,0.9742199778556824,11,129985946.177603
25.1392879486084,76.118606,2.6500000953674316,210.320709,2022-02-13,0.9667800068855286,8,129985946.305695
25.138938903808594,76.130205,2.6500000953674316,209.738571,2022-02-13,0.9648619890213013,6,129985946.082567
25.13888931274414,76.111295,2.6500000953674316,209.857498,2022-02-13,0.9697579741477966,11,129985946.185867
25.138896942138672,76.118977,2.5799999237060547,209.989578,2022-02-13,0.9681770205497742,8,129985946.313959
25.138505935668945,76.119347,2.880000114440918,209.444427,2022-02-13,0.9637010097503662,8,129985946.322223
25.138547897338867,76.130575,2.619999885559082,209.391251,2022-02-13,0.9684249758720398,6,129985946.090831
25.138469,76.138443,2.5799999237060547,204.2284698486328,2022-02-13,0.9551810026168823,5,129985946.218923
25.138499,76.111665,2.8399999141693115,209.547806,2022-02-13,0.9669020175933838,11,129985946.194131
25.138108,76.112035,2.690000057220459,209.257767,2022-02-13,0.9648749828338623,11,129985946.202395
25.138114,76.119717,2.5399999618530273,210.010757,2022-02-13,0.9655500054359436,8,129985946.330487
25.13815689086914,76.130945,2.5799999237060547,209.237137,2022-02-13,0.9577299952507019,6,129985946.099095
25.138076782226562,76.138813,2.7300000190734863,204.431747,2022-02-13,0.9628540277481079,5,129985946.227187
25.137765884399414,76.131314,2.6500000953674316,209.076218,2022-02-13,0.9707900285720825,6,129985946.107359
25.137685775756836,76.139183,2.5799999237060547,204.430557,2022-02-13,0.9515730142593384,5,129985946.235451
25.137717,76.112405,2.5399999618530273,208.106842,2022-02-13,0.9637680053710938,11,129985946.210659
25.137723,76.120088,2.609999895095825,209.931137,2022-02-13,0.9658880233764648,8,129985946.338751
25.137374877929688,76.131684,2.5799999237060547,209.623795,2022-02-13,0.9712669849395752,6,129985946.115623
25.137326,76.112776,2.7300000190734863,208.057358,2022-02-13,0.9699990153312683,11,129985946.218923
25.137332,76.120458,2.7300000190734863,209.607529,2022-02-13,0.9583010077476501,8,129985946.347015
25.136941,76.120828,2.7300000190734863,209.272369,2022-02-13,0.962598979473114,8,129985946.355279
25.13698387145996,76.132054,2.6500000953674316,210.170364,2022-02-13,0.9695180058479309,6,129985946.123887
25.136903762817383,76.139924,2.5399999618530273,204.722672,2022-02-13,0.950950026512146,5,129985946.251979
25.136935,76.113146,2.619999885559082,208.081039,2022-02-13,0.9662830233573914,11,129985946.227187
25.136544,76.113516,2.5799999237060547,207.12709045410156,2022-02-13,0.9636099934577942,11,129985946.235451
25.136550903320312,76.121198,2.5399999618530273,209.915649,2022-02-13,0.968675971031189,8,129985946.363543
25.136512756347656,76.140295,2.5799999237060547,205.148392,2022-02-13,0.9613639712333679,5,129985946.260243
25.136121,76.140665,2.5799999237060547,205.273941,2022-02-13,0.9640420079231262,5,129985946.268507
25.136153,76.113887,2.4700000286102295,206.990997,2022-02-13,0.9585450291633606,11,129985946.243715
25.136159,76.121568,2.5,209.221344,2022-02-13,0.9599810242652893,8,129985946.371807
25.135768,76.121938,2.5399999618530273,208.932434,2022-02-13,0.9693030118942261,8,129985946.380071
25.135812,76.133164,2.5,208.666031,2022-02-13,0.9709089994430542,6,129985946.148679
25.135730743408203,76.141035,2.5799999237060547,205.206787,2022-02-13,0.9618539810180664,5,129985946.276771
25.135762,76.114257,2.430000066757202,206.555496,2022-02-13,0.951869010925293,11,129985946.251979
25.135371,76.114628,3.0299999713897705,206.871582,2022-02-13,0.9669190049171448,11,129985946.260243
25.135377,76.122308,2.5,208.351105,2022-02-13,0.9616730213165283,8,129985946.388336
25.135421,76.133534,2.5399999618530273,208.461044,2022-02-13,0.9706979990005493,6,129985946.156943
25.135339,76.141406,2.690000057220459,205.160156,2022-02-13,0.9592260122299194,5,129985946.285035
25.134948,76.141776,2.5399999618530273,204.753082,2022-02-13,0.954587996006012,5,129985946.293299
25.134979248046875,76.114998,2.799999952316284,206.874832,2022-02-13,0.9701700210571289,11,129985946.268507
25.134984970092773,76.122678,2.609999895095825,208.535156,2022-02-13,0.9642170071601868,8,129985946.396602
25.134639,76.134273,2.5,207.546005,2022-02-13,0.9634649753570557,6,129985946.173471
25.134589,76.115369,2.619999885559082,206.815521,2022-02-13,0.9748079776763916,11,129985946.276771
25.134593963623047,76.123048,2.690000057220459,209.440369,2022-02-13,0.9638620018959045,8,129985946.404868
25.134202,76.123418,2.609999895095825,209.618591,2022-02-13,0.9578559994697571,8,129985946.413134
25.134248,76.134643,2.5,207.429138,2022-02-13,0.9663310050964355,6,129985946.181735
25.134164810180664,76.142517,2.6500000953674316,205.28829956054688,2022-02-13,0.9629459977149963,5,129985946.309827
25.134198,76.115739,2.6500000953674316,206.054733,2022-02-13,0.9725660085678101,11,129985946.285035
25.133857,76.135014,2.5799999237060547,206.920029,2022-02-13,0.9683340191841125,6,129985946.189999
25.133807,76.1161117553711,2.5799999237060547,205.550186,2022-02-13,0.9675170183181763,11,129985946.293299
25.133811,76.123787,2.5399999618530273,209.006393,2022-02-13,0.9528849720954895,8,129985946.4214
25.133773803710938,76.142887,2.6500000953674316,205.280502,2022-02-13,0.9620239734649658,5,129985946.318091
25.13338279724121,76.143258,2.6500000953674316,204.229187,2022-02-13,0.9714109897613525,5,129985946.326355
25.133416,76.1164779663086,2.5399999618530273,205.461761,2022-02-13,0.9664409756660461,11,129985946.301563
25.133420944213867,76.124157,2.609999895095825,209.01914978027344,2022-02-13,0.967868983745575,8,129985946.429666
25.133029,76.124526,2.5799999237060547,208.6700897216797,2022-02-13,0.9664769768714905,8,129985946.437932
25.133075,76.135754,2.619999885559082,206.456467,2022-02-13,0.9507889747619629,6,129985946.206527
25.132991790771484,76.143628,2.619999885559082,204.05101013183594,2022-02-13,0.9635630249977112,5,129985946.334619
25.133024215698242,76.11685180664062,2.619999885559082,205.187592,2022-02-13,0.9541850090026855,11,129985946.309827
25.132633209228516,76.117221,2.5399999618530273,205.345474,2022-02-13,0.9663400053977966,11,129985946.318091
25.132638,76.124896,2.690000057220459,208.242477,2022-02-13,0.9740449786186218,8,129985946.446198
25.132684,76.136124,2.5799999237060547,206.361099,2022-02-13,0.9606379866600037,6,129985946.214791
25.132601,76.143998,2.880000114440918,203.868286,2022-02-13,0.9687790274620056,5,129985946.342883
25.132293,76.136494,2.619999885559082,206.372635,2022-02-13,0.9673759937286377,6,129985946.223055
25.13220977783203,76.144368,2.5399999618530273,203.457687,2022-02-13,0.9660300016403198,5,129985946.351147
25.13224220275879,76.117591,2.690000057220459,205.704437,2022-02-13,0.9624800086021423,11,129985946.326355
25.132247,76.125265,2.4700000286102295,207.889755,2022-02-13,0.9673479795455933,8,129985946.454464
25.131902,76.136865,2.5799999237060547,206.08547973632812,2022-02-13,0.9691089987754822,6,129985946.231319
25.131818771362305,76.144738,2.5799999237060547,203.280273,2022-02-13,0.962785005569458,5,129985946.359411
25.13184928894043,76.117962,2.759999990463257,205.87232971191406,2022-02-13,0.9710360169410706,11,129985946.334619
25.131856,76.125634,2.609999895095825,207.285995,2022-02-13,0.9653400182723999,8,129985946.46273
25.131465,76.126003,2.5399999618530273,206.831146,2022-02-13,0.9706739783287048,8,129985946.470996
25.131511,76.137235,2.5799999237060547,205.666656,2022-02-13,0.965910017490387,6,129985946.239583
25.131427764892578,76.145108,2.5399999618530273,202.965881,2022-02-13,0.962643027305603,5,129985946.367675
25.131460189819336,76.118332,2.5399999618530273,205.029358,2022-02-13,0.9530839920043945,11,129985946.342883
25.131120681762695,76.137605,2.5399999618530273,205.322144,2022-02-13,0.9644150137901306,6,129985946.247847
25.131069,76.118702,2.5,204.978394,2022-02-13,0.9509360194206238,11,129985946.351147
25.131074,76.126373,2.5799999237060547,206.675812,2022-02-13,0.9742090106010437,8,129985946.479262
25.13103675842285,76.145478,2.5399999618530273,202.570816,2022-02-13,0.9571539759635925,5,129985946.375939
25.130729,76.137976,2.5,204.819458,2022-02-13,0.9607440233230591,6,129985946.256111
25.130677,76.119072,2.5399999618530273,205.238785,2022-02-13,0.9511770009994507,11,129985946.359411
25.130683,76.126742,2.4700000286102295,206.567337,2022-02-13,0.9722809791564941,8,129985946.487528
25.130338,76.138346,2.5399999618530273,204.300644,2022-02-13,0.9554420113563538,6,129985946.264375
25.130286,76.119442,2.5799999237060547,205.329269,2022-02-13,0.955793023109436,11,129985946.367675
25.130292,76.127111,2.5399999618530273,206.281113,2022-02-13,0.9637519717216492,8,129985946.495794
25.129901,76.12747955322266,2.5,205.887756,2022-02-13,0.9726150035858154,8,129985946.50406
25.129947,76.138716,2.5799999237060547,203.975769,2022-02-13,0.9637150168418884,6,129985946.272639
25.129863,76.146587,2.619999885559082,201.671844,2022-02-13,0.9597910046577454,5,129985946.400735
25.129895,76.119812,2.5399999618530273,204.978134,2022-02-13,0.9667789936065674,11,129985946.375939
25.129556,76.139087,2.4700000286102295,203.662033,2022-02-13,0.965927004814148,6,129985946.280903
25.129472,76.146957,2.5,201.42601013183594,2022-02-13,0.9593049883842468,5,129985946.409001
25.129504,76.120182,2.4700000286102295,204.933807,2022-02-13,0.9559590220451355,11,129985946.384203
25.1295108795166,76.127849,2.609999895095825,205.915344,2022-02-13,0.9647409915924072,8,129985946.512326
25.129165,76.139457,2.5799999237060547,203.0527801513672,2022-02-13,0.9723610281944275,6,129985946.289167
25.129081,76.147327,2.5799999237060547,201.093719,2022-02-13,0.9581949710845947,5,129985946.417267
25.129119,76.128218,2.5799999237060547,205.747772,2022-02-13,0.9628919959068298,8,129985946.520592
25.128728,76.128587,2.5399999618530273,205.099518,2022-02-13,0.9646940231323242,8,129985946.528858
25.128772735595703,76.139827,2.690000057220459,202.603729,2022-02-13,0.9714779853820801,6,129985946.297431
25.12868881225586,76.147696,2.619999885559082,200.872467,2022-02-13,0.9568459987640381,5,129985946.425533
25.128722,76.120922,2.4700000286102295,204.463364,2022-02-13,0.9514780044555664,11,129985946.400735
25.12833023071289,76.121292,2.5399999618530273,204.702438,2022-02-13,0.9609760046005249,11,129985946.409001
25.128337,76.128955,2.5399999618530273,204.374573,2022-02-13,0.9633839726448059,8,129985946.537124
25.128381729125977,76.140198,2.5,202.315872,2022-02-13,0.9682549834251404,6,129985946.305695
25.128297805786133,76.148065,2.4700000286102295,200.47438049316406,2022-02-13,0.9538840055465698,5,129985946.433799
25.127991,76.140568,2.5,201.776794,2022-02-13,0.9663479924201965,6,129985946.313959
25.127939,76.121661,2.5799999237060547,204.513351,2022-02-13,0.9665279984474182,11,129985946.417267
25.12751579284668,76.148804,2.5,199.878906,2022-02-13,0.9512460231781006,5,129985946.450331
25.127548217773438,76.122031,2.619999885559082,204.413849,2022-02-13,0.9751859903335571,11,129985946.425533
25.127555,76.129693,2.5799999237060547,203.320892,2022-02-13,0.9647380113601685,8,129985946.553656
25.127164,76.130062,2.5,203.521408,2022-02-13,0.9648990035057068,8,129985946.561922
25.127124786376953,76.149173,2.5,199.591385,2022-02-13,0.9502919912338257,5,129985946.458597
25.12715721130371,76.12239837646484,2.5,204.08901977539062,2022-02-13,0.969527006149292,11,129985946.433799
25.12681770324707,76.141679,2.4700000286102295,201.092926,2022-02-13,0.9619770050048828,6,129985946.338751
25.12676429748535,76.122771,3.3299999237060547,203.934204,2022-02-13,0.9656929969787598,11,129985946.442065
25.126773,76.130431,2.5799999237060547,202.831619,2022-02-13,0.9717860221862793,8,129985946.570188
25.126733779907227,76.149542,2.5399999618530273,199.405792,2022-02-13,0.9572629928588867,5,129985946.466863
25.126426696777344,76.142049,2.5399999618530273,200.697525,2022-02-13,0.9617459774017334,6,129985946.347015
25.126342,76.149912,2.5799999237060547,199.642715,2022-02-13,0.966277003288269,5,129985946.475129
25.126375198364258,76.123139,2.5799999237060547,203.652099609375,2022-02-13,0.9729310274124146,11,129985946.450331
25.12638282775879,76.13079833984375,2.5,202.422943,2022-02-13,0.9642120003700256,8,129985946.578454
25.125991821289062,76.131169,2.759999990463257,202.122681,2022-02-13,0.9657390117645264,8,129985946.58672
25.126035690307617,76.142419,2.4700000286102295,200.454132,2022-02-13,0.9660540223121643,6,129985946.355279
25.1259822845459,76.123509,5.610000133514404,203.665588,2022-02-13,0.971809983253479,11,129985946.458597
25.125591278076172,76.123878,4.340000152587891,203.379425,2022-02-13,0.9686009883880615,11,129985946.466863
25.125601,76.131538,2.799999952316284,201.694992,2022-02-13,0.9677900075912476,8,129985946.594986
25.12564468383789,76.142789,2.4700000286102295,200.352966,2022-02-13,0.96424800157547,6,129985946.363543
25.125560760498047,76.15065002441406,2.6500000953674316,198.620804,2022-02-13,0.9723269939422607,5,129985946.491661
25.125253677368164,76.143159,2.5399999618530273,199.867279,2022-02-13,0.9655370116233826,6,129985946.371807
25.125169,76.151018,2.619999885559082,198.388596,2022-02-13,0.9646289944648743,5,129985946.499927
25.125197,76.124249,10.210000038146973,204.688278,2022-02-13,0.9620980024337769,11,129985946.475129
25.12520980834961,76.131907,2.4700000286102295,202.077744,2022-02-13,0.9615989923477173,8,129985946.603252
25.124862670898438,76.143529,2.5,199.412811,2022-02-13,0.9592199921607971,6,129985946.380071
25.124778,76.151387,2.5,198.037903,2022-02-13,0.963674008846283,5,129985946.508193
25.124807357788086,76.124617,8.600000381469727,203.828674,2022-02-13,0.9593430161476135,11,129985946.483395
25.124818801879883,76.132276,2.5799999237060547,201.120728,2022-02-13,0.9546939730644226,8,129985946.611518
25.124427795410156,76.13264465332031,2.609999895095825,201.072815,2022-02-13,0.9522510170936584,8,129985946.619782
25.124471,76.143899,2.5,199.413498,2022-02-13,0.974943995475769,6,129985946.388336
25.124417,76.124986,7.369999885559082,204.1043701171875,2022-02-13,0.9629529714584351,11,129985946.491661
25.124078,76.144269,6.059999942779541,199.295334,2022-02-13,0.9575960040092468,6,129985946.396602
25.124027252197266,76.125355,2.6500000953674316,206.288086,2022-02-13,0.9596239924430847,11,129985946.499927
25.123689,76.144638,2.619999885559082,199.018326,2022-02-13,0.9714969992637634,6,129985946.404868
25.12363624572754,76.125723,4.670000076293945,201.512894,2022-02-13,0.9638760089874268,11,129985946.508193
25.123647,76.133382,2.690000057220459,200.450516,2022-02-13,0.9657809734344482,8,129985946.63631
25.1232967376709,76.145008,2.5399999618530273,198.893616,2022-02-13,0.964900016784668,6,129985946.413134
25.123246,76.126092,2.5799999237060547,201.479355,2022-02-13,0.9779499769210815,11,129985946.516459
25.122855,76.126461,2.5399999618530273,200.956146,2022-02-13,0.953997015953064,11,129985946.524725
25.122865,76.13411712646484,2.5399999618530273,199.947708,2022-02-13,0.9590659737586975,8,129985946.652838
25.122514724731445,76.145747,2.5399999618530273,198.456146,2022-02-13,0.9594780206680298,6,129985946.429666
25.12242889404297,76.153601,2.7699999809265137,201.350494,2022-02-13,0.9575899839401245,5,129985946.557789
25.122464,76.1268310546875,2.5399999618530273,200.807846,2022-02-13,0.9693160057067871,11,129985946.532991
25.122474670410156,76.134489,2.5399999618530273,199.994324,2022-02-13,0.9614610075950623,8,129985946.661102
25.12212371826172,76.146116,2.7300000190734863,198.633423,2022-02-13,0.9588199853897095,6,129985946.437932
25.122073,76.127198,2.5799999237060547,200.4307098388672,2022-02-13,0.9688349962234497,11,129985946.541257
25.121692657470703,76.135228,2.5799999237060547,199.776688,2022-02-13,0.9656170010566711,8,129985946.67763
25.121732,76.146485,2.5799999237060547,198.376465,2022-02-13,0.9692180156707764,6,129985946.446198
25.121648,76.154338,2.990000009536743,197.533234,2022-02-13,0.960843026638031,5,129985946.574321
25.121682,76.127567,2.6500000953674316,200.605499,2022-02-13,0.9714329838752747,11,129985946.549523
25.121291,76.127936,2.6500000953674316,200.575943,2022-02-13,0.9791219830513,11,129985946.557789
25.121301651000977,76.135597,2.5799999237060547,199.686066,2022-02-13,0.9550009965896606,8,129985946.685894
25.12095069885254,76.14722442626953,2.5399999618530273,197.729767,2022-02-13,0.9536409974098206,6,129985946.46273
25.120866,76.155076,2.5799999237060547,196.758881,2022-02-13,0.9553490281105042,5,129985946.590853
25.120899,76.128306,3.890000104904175,200.562805,2022-02-13,0.9674130082130432,11,129985946.566055
25.120911,76.135966,2.5799999237060547,199.544449,2022-02-13,0.9611309766769409,8,129985946.694158
25.120519638061523,76.136335,2.5,199.505325,2022-02-13,0.9575939774513245,8,129985946.702422
25.120559,76.147593,2.5399999618530273,197.841263,2022-02-13,0.9544619917869568,6,129985946.470996
25.120475,76.155445,2.6500000953674316,196.606094,2022-02-13,0.9593049883842468,5,129985946.599119
25.120509,76.128674,2.5,200.615646,2022-02-13,0.9661530256271362,11,129985946.574321
25.120128631591797,76.136704,2.6500000953674316,199.077957,2022-02-13,0.9621390104293823,8,129985946.710686
25.120168,76.147962,2.5399999618530273,197.627045,2022-02-13,0.9529759883880615,6,129985946.479262
25.120084,76.155814,2.880000114440918,196.680984,2022-02-13,0.9544039964675903,5,129985946.607385
25.120118,76.129043,2.5399999618530273,200.382553,2022-02-13,0.9679049849510193,11,129985946.582587
25.119693,76.156183,2.799999952316284,196.757523,2022-02-13,0.9643179774284363,5,129985946.61565
25.119727,76.129412,3.440000057220459,199.37294006347656,2022-02-13,0.9658100008964539,11,129985946.590853
25.119735717773438,76.137074,6.690000057220459,199.130844,2022-02-13,0.9522870182991028,8,129985946.71895
25.119384765625,76.14869689941406,2.5799999237060547,197.519272,2022-02-13,0.9697790145874023,6,129985946.495794
25.119302,76.156551,2.690000057220459,197.121262,2022-02-13,0.9693800210952759,5,129985946.623914
25.119336,76.129781,2.5399999618530273,200.272614,2022-02-13,0.9665780067443848,11,129985946.599119
25.119346618652344,76.137442,2.6500000953674316,198.931152,2022-02-13,0.9637569785118103,8,129985946.727214
25.118955612182617,76.137811,2.5,199.266479,2022-02-13,0.9714530110359192,8,129985946.735478
25.118993759155273,76.149069,2.6500000953674316,197.722794,2022-02-13,0.967710018157959,6,129985946.50406
25.118911,76.15692138671875,2.430000066757202,197.058334,2022-02-13,0.9577710032463074,5,129985946.632178
25.118946075439453,76.1301498413086,2.5799999237060547,200.075439,2022-02-13,0.9721019864082336,11,129985946.607385
25.118552,76.13052368164062,7.820000171661377,199.761734,2022-02-13,0.9720699787139893,11,129985946.61565
25.11856460571289,76.13818359375,2.609999895095825,198.553802,2022-02-13,0.9639809727668762,8,129985946.743742
25.118602752685547,76.149438,2.5,197.630035,2022-02-13,0.9615659713745117,6,129985946.512326
25.11821174621582,76.149806,2.5799999237060547,197.397964,2022-02-13,0.9636560082435608,6,129985946.520592
25.118161,76.130889,8.270000457763672,199.967941,2022-02-13,0.9729520082473755,11,129985946.623914
25.118173,76.138549,2.5799999237060547,198.481979,2022-02-13,0.9560269713401794,8,129985946.752006
25.117818,76.150176,8.079999923706055,197.100815,2022-02-13,0.9710900187492371,6,129985946.528858
25.117738,76.158027,2.5399999618530273,197.273132,2022-02-13,0.9620069861412048,5,129985946.65697
25.117773056030273,76.131257,2.6500000953674316,200.054047,2022-02-13,0.9701989889144897,11,129985946.632178
25.117782,76.138918,2.5799999237060547,199.129745,2022-02-13,0.9573420286178589,8,129985946.76027
25.117389678955078,76.139287,2.5,199.001602,2022-02-13,0.9585980176925659,8,129985946.768534
25.117429,76.150544,2.619999885559082,197.598251,2022-02-13,0.9688259959220886,6,129985946.537124
25.117347,76.158396,2.5399999618530273,196.883392,2022-02-13,0.9645569920539856,5,129985946.665234
25.117382049560547,76.131626,2.5799999237060547,200.203552,2022-02-13,0.9679449796676636,11,129985946.640442
25.117038,76.150913,2.5399999618530273,197.188416,2022-02-13,0.9651029706001282,6,129985946.54539
25.11699104309082,76.131995,2.5,200.072708,2022-02-13,0.961355984210968,11,129985946.648706
25.11699867248535,76.13965606689453,2.609999895095825,198.329086,2022-02-13,0.9530709981918335,8,129985946.776798
25.116956,76.158765,2.6500000953674316,196.720963,2022-02-13,0.9640570282936096,5,129985946.673498
25.116565,76.15913391113281,2.5799999237060547,196.668106,2022-02-13,0.9551939964294434,5,129985946.681762
25.116600036621094,76.132364,2.5799999237060547,200.032318,2022-02-13,0.9608280062675476,11,129985946.65697
25.116607,76.140025,2.7300000190734863,198.656555,2022-02-13,0.9628589749336243,8,129985946.785062
25.116216,76.140394,2.5799999237060547,198.958237,2022-02-13,0.9621359705924988,8,129985946.793326
25.116174,76.159503,2.5,197.040192,2022-02-13,0.9509199857711792,5,129985946.690026
25.116209030151367,76.132733,2.5399999618530273,200.266296,2022-02-13,0.9687449932098389,11,129985946.665234
25.115819,76.133102,2.5,200.152481,2022-02-13,0.9725649952888489,11,129985946.673498
25.11582374572754,76.140763,2.609999895095825,199.196198,2022-02-13,0.9672279953956604,8,129985946.80159
25.115863800048828,76.152019,2.619999885559082,197.518387,2022-02-13,0.9550349712371826,6,129985946.570188
25.115783,76.159872,2.6500000953674316,197.088547,2022-02-13,0.9593250155448914,5,129985946.69829
25.1154727935791,76.152388,2.5399999618530273,197.15097045898438,2022-02-13,0.9619029760360718,6,129985946.578454
25.115392,76.160241,2.690000057220459,197.256409,2022-02-13,0.9569090008735657,5,129985946.706554
25.115426,76.133472,6.210000038146973,199.986053,2022-02-13,0.9670230150222778,11,129985946.681762
25.115432,76.141132,2.5399999618530273,199.1494598388672,2022-02-13,0.9626839756965637,8,129985946.809854
25.115081787109375,76.152757,2.5799999237060547,197.556763,2022-02-13,0.9629989862442017,6,129985946.58672
25.115001,76.16060638427734,2.619999885559082,197.371063,2022-02-13,0.9603840112686157,5,129985946.714818
25.115037,76.13384246826172,2.5399999618530273,200.116394,2022-02-13,0.9682300090789795,11,129985946.690026
25.115039825439453,76.141501,2.5,198.913376,2022-02-13,0.9531869888305664,8,129985946.818118
25.114648,76.1418685913086,2.5,198.884003,2022-02-13,0.9578369855880737,8,129985946.826382
25.114691,76.153126,2.5399999618530273,197.395386,2022-02-13,0.9623889923095703,6,129985946.594986
25.114608764648438,76.160979,2.619999885559082,197.471527,2022-02-13,0.9684919714927673,5,129985946.723082
25.114646,76.134209,2.6500000953674316,200.304535,2022-02-13,0.9618970155715942,11,129985946.69829
25.114299774169922,76.153495,2.690000057220459,197.489929,2022-02-13,0.9622730016708374,6,129985946.603252
25.114255,76.134578,2.5,199.938049,2022-02-13,0.9662479758262634,11,129985946.706554
25.114255905151367,76.142239,2.7300000190734863,198.648117,2022-02-13,0.9511489868164062,8,129985946.834646
25.11421775817871,76.161348,2.6500000953674316,197.286758,2022-02-13,0.9641910195350647,5,129985946.731346
25.113826751708984,76.161717,2.5799999237060547,197.226791,2022-02-13,0.9551910161972046,5,129985946.73961
25.113864,76.134947,2.5399999618530273,199.735626,2022-02-13,0.9602310061454773,11,129985946.714818
25.113862991333008,76.142608,3.0299999713897705,199.216675,2022-02-13,0.9593499898910522,8,129985946.84291
25.11347198486328,76.142976,2.690000057220459,198.863007,2022-02-13,0.9659850001335144,8,129985946.851174
25.11351776123047,76.154232,2.619999885559082,197.627686,2022-02-13,0.9572470188140869,6,129985946.619782
25.113435745239258,76.162086,2.5399999618530273,197.325333,2022-02-13,0.9539340138435364,5,129985946.747874
25.113473,76.135316,2.6500000953674316,199.650803,2022-02-13,0.9677379727363586,11,129985946.723082
25.113082,76.135685,2.619999885559082,199.404434,2022-02-13,0.966268002986908,11,129985946.731346
25.113079,76.143345,2.5399999618530273,199.300644,2022-02-13,0.9686449766159058,8,129985946.859438
25.113126754760742,76.154601,2.619999885559082,197.689819,2022-02-13,0.9621819853782654,6,129985946.628046
25.113044,76.162455,2.5,197.055328,2022-02-13,0.9623749852180481,5,129985946.756138
25.112735748291016,76.15496826171875,2.5,197.664124,2022-02-13,0.9643509984016418,6,129985946.63631
25.112689971923828,76.136054,2.690000057220459,199.409668,2022-02-13,0.9647160172462463,11,129985946.73961
25.112687,76.143714,2.5399999618530273,198.683929,2022-02-13,0.9656360149383545,8,129985946.867702
25.11234474182129,76.155339,2.5399999618530273,197.6314697265625,2022-02-13,0.9623180031776428,6,129985946.644574
25.112262,76.163193,2.5,196.022812,2022-02-13,0.9679949879646301,5,129985946.772666
25.1122989654541,76.136423,2.690000057220459,199.384796,2022-02-13,0.9671859741210938,11,129985946.747874
25.112295150756836,76.144082,2.5799999237060547,198.608261,2022-02-13,0.9595119953155518,8,129985946.875966
25.111953735351562,76.155708,2.619999885559082,197.655518,2022-02-13,0.9618290066719055,6,129985946.652838
25.111871,76.163561,2.4700000286102295,195.042557,2022-02-13,0.9536280035972595,5,129985946.78093
25.111907958984375,76.136792,2.5799999237060547,199.326935,2022-02-13,0.9663919806480408,11,129985946.756138
25.111562728881836,76.156077,2.619999885559082,197.682571,2022-02-13,0.9595890045166016,6,129985946.661102
25.111516,76.137161,2.690000057220459,199.207535,2022-02-13,0.9553660154342651,11,129985946.764402
25.111478805541992,76.16393280029297,2.7300000190734863,194.810257,2022-02-13,0.960053026676178,5,129985946.789194
25.11117172241211,76.156446,2.5799999237060547,197.730347,2022-02-13,0.9647369980812073,6,129985946.669366
25.111125,76.13752746582031,2.5799999237060547,199.520401,2022-02-13,0.9653769731521606,11,129985946.772666
25.11111831665039,76.145189,2.609999895095825,198.408981,2022-02-13,0.962922990322113,8,129985946.900758
25.110781,76.15681457519531,2.5799999237060547,197.712799,2022-02-13,0.9639890193939209,6,129985946.67763
25.110694885253906,76.164668,2.5799999237060547,195.420731,2022-02-13,0.95489501953125,5,129985946.805722
25.110733032226562,76.137899,2.5799999237060547,199.186523,2022-02-13,0.9753289818763733,11,129985946.78093
25.11072540283203,76.145557,2.5,198.314484,2022-02-13,0.9633110165596008,8,129985946.909022
25.110333,76.145926,2.5799999237060547,198.245728,2022-02-13,0.966284990310669,8,129985946.917286
25.110389709472656,76.157184,2.5799999237060547,197.612518,2022-02-13,0.9651209712028503,6,129985946.685894
25.110342025756836,76.138268,2.5799999237060547,199.043472,2022-02-13,0.9734529852867126,11,129985946.789194
25.10999870300293,76.157553,2.5,197.767929,2022-02-13,0.9664700031280518,6,129985946.694158
25.109949111938477,76.138637,2.619999885559082,198.955231,2022-02-13,0.9785990118980408,11,129985946.797458
25.109941482543945,76.146295,2.5,198.208755,2022-02-13,0.9671180248260498,8,129985946.92555
25.109607696533203,76.157922,2.5399999618530273,197.650955,2022-02-13,0.9608590006828308,6,129985946.702422
25.109519,76.165775,2.5,196.924393,2022-02-13,0.9583960175514221,5,129985946.830514
25.109559,76.139006,2.5799999237060547,198.834885,2022-02-13,0.9737870097160339,11,129985946.805722
25.109167098999023,76.139375,2.5799999237060547,198.750687,2022-02-13,0.9772560000419617,11,129985946.813986
25.108774185180664,76.139744,2.7300000190734863,199.56546020507812,2022-02-13,0.9704949855804443,11,129985946.82225
25.108734130859375,76.166512,2.5799999237060547,197.73789978027344,2022-02-13,0.961322009563446,5,129985946.847042
25.108434,76.159029,2.6500000953674316,197.582703,2022-02-13,0.9667940139770508,6,129985946.727214
25.108341217041016,76.166881,2.619999885559082,197.934158,2022-02-13,0.9617769718170166,5,129985946.855306
25.108383178710938,76.140113,2.619999885559082,198.872772,2022-02-13,0.9716489911079407,11,129985946.830514
25.108371,76.147769,2.6500000953674316,197.659134,2022-02-13,0.9537349939346313,8,129985946.958606
25.108043,76.159398,2.5399999618530273,197.628281,2022-02-13,0.9672330021858215,6,129985946.735478
25.107949,76.16725158691406,2.6500000953674316,198.300766,2022-02-13,0.9534819722175598,5,129985946.86357
25.107991,76.140481,2.5399999618530273,198.36907958984375,2022-02-13,0.9551020264625549,11,129985946.838778
25.107978,76.148138,2.6500000953674316,197.948288,2022-02-13,0.9690380096435547,8,129985946.96687
25.107585906982422,76.148507,2.5799999237060547,197.932587,2022-02-13,0.9680110216140747,8,129985946.975134
25.107652,76.159767,2.5799999237060547,197.402405,2022-02-13,0.9718970060348511,6,129985946.743742
25.10755729675293,76.167618,2.5799999237060547,198.428711,2022-02-13,0.9670299887657166,5,129985946.871834
25.107598,76.1408462524414,2.619999885559082,198.445847,2022-02-13,0.9755120277404785,11,129985946.847042
25.107261,76.160135,2.4700000286102295,197.106781,2022-02-13,0.9698089957237244,6,129985946.752006
25.107206344604492,76.141219,2.5799999237060547,198.241745,2022-02-13,0.9595130085945129,11,129985946.855306
25.107192993164062,76.148876,2.5799999237060547,197.87673950195312,2022-02-13,0.9667840003967285,8,129985946.983398
25.10716438293457,76.167987,2.6500000953674316,198.606628,2022-02-13,0.9636179804801941,5,129985946.880098
25.106868743896484,76.160504,2.5799999237060547,196.603104,2022-02-13,0.9625120162963867,6,129985946.76027
25.106772,76.168356,2.690000057220459,198.397522,2022-02-13,0.9592880010604858,5,129985946.888362
25.106814,76.141588,2.799999952316284,198.242599,2022-02-13,0.9614390134811401,11,129985946.86357
25.106801,76.149244,2.5,197.713318,2022-02-13,0.950128972530365,8,129985946.991662
25.106479,76.160873,2.4700000286102295,195.373947,2022-02-13,0.9653540253639221,6,129985946.768534
25.10637855529785,76.1687240600586,2.5799999237060547,198.389252,2022-02-13,0.9725379943847656,5,129985946.896626
25.106422424316406,76.141957,2.5399999618530273,198.749008,2022-02-13,0.9736549854278564,11,129985946.871834
25.106409,76.149613,2.390000104904175,197.311371,2022-02-13,0.9616889953613281,8,129985946.999926
25.106029,76.142325,2.619999885559082,198.519562,2022-02-13,0.9722570180892944,11,129985946.880098
25.106017,76.149981,2.6500000953674316,196.3131103515625,2022-02-13,0.9573130011558533,8,129985947.00819
25.10608673095703,76.161242,2.7300000190734863,195.186661,2022-02-13,0.9523259997367859,6,129985946.776798
25.105695,76.161611,2.5799999237060547,195.590652,2022-02-13,0.9657149910926819,6,129985946.785062
25.105636596679688,76.142694,2.5799999237060547,197.978424,2022-02-13,0.9665859937667847,11,129985946.888362
25.10562515258789,76.15035247802734,2.880000114440918,196.692413,2022-02-13,0.9620599746704102,8,129985947.016454
25.105302810668945,76.16197967529297,2.619999885559082,195.674942,2022-02-13,0.9735680222511292,6,129985946.793326
25.105201721191406,76.16983032226562,2.619999885559082,197.36936950683594,2022-02-13,0.9681860208511353,5,129985946.921418
25.105245,76.143063,2.5399999618530273,197.62557983398438,2022-02-13,0.9668440222740173,11,129985946.896626
25.10523223876953,76.150719,4.489999771118164,196.15744018554688,2022-02-13,0.958666980266571,8,129985947.024718
25.104839,76.151089,5.460000038146973,197.438904,2022-02-13,0.9629709720611572,8,129985947.032982
25.104911,76.162349,2.690000057220459,196.097824,2022-02-13,0.9659469723701477,6,129985946.80159
25.104811,76.170198,3.3299999237060547,193.814804,2022-02-13,0.958407998085022,5,129985946.929682
25.192508697509766,76.110818,2.5799999237060547,203.870972,2022-04-04,0.9502720236778259,6,134320833.09368
25.18977928161621,76.113403,2.6500000953674316,202.226395,2022-04-04,0.9561349749565125,6,134320833.151528
25.188365936279297,76.103216,2.690000057220459,206.065674,2022-04-04,0.9597089886665344,8,134320833.415976
25.188252,76.122754,2.430000066757202,199.735168,2022-04-04,0.9541419744491577,5,134320833.312676
25.187974,76.103585,2.5799999237060547,206.372925,2022-04-04,0.9579669833183289,8,134320833.42424
25.18758201599121,76.103953,2.8399999141693115,206.388107,2022-04-04,0.9585509896278381,8,134320833.432504
25.187191009521484,76.104322,2.8399999141693115,206.603531,2022-04-04,0.95346999168396,8,134320833.440768
25.186015,76.105427,2.690000057220459,207.075653,2022-04-04,0.9530419707298279,8,134320833.46556
25.182784,76.100707,2.7200000286102295,206.518051,2022-04-04,0.9504799842834473,11,134320833.40358
25.182371139526367,76.120416,2.5399999618530273,199.766785,2022-04-04,0.9531890153884888,6,134320833.308544
25.1820011138916,76.101444,2.690000057220459,206.734558,2022-04-04,0.9562529921531677,11,134320833.420108
25.181610107421875,76.101812,2.6500000953674316,206.799042,2022-04-04,0.9678149819374084,11,134320833.428372
25.181218,76.10218048095703,2.759999990463257,206.993103,2022-04-04,0.9647390246391296,11,134320833.436636
25.179651260375977,76.103654,2.690000057220459,207.844986,2022-04-04,0.9563080072402954,11,134320833.469692
25.179259,76.104022,2.759999990463257,207.867233,2022-04-04,0.9637060165405273,11,134320833.477957
25.179359,76.111693,2.5799999237060547,203.655365,2022-04-04,0.954371988773346,8,134320833.60608
25.17886734008789,76.104391,2.8399999141693115,207.974274,2022-04-04,0.9575589895248413,11,134320833.486223
25.178475,76.104759,2.759999990463257,207.968292,2022-04-04,0.9543750286102295,11,134320833.494489
25.178084,76.105127,2.6500000953674316,207.686508,2022-04-04,0.971464991569519,11,134320833.502755
25.177692413330078,76.105496,2.6500000953674316,207.510757,2022-04-04,0.9565079808235168,11,134320833.511021
25.177796,76.113171,2.690000057220459,202.688232,2022-04-04,0.956046998500824,8,134320833.639144
25.177406311035156,76.11354064941406,2.5799999237060547,202.308243,2022-04-04,0.951511025428772,8,134320833.64741
25.17729949951172,76.105864,2.690000057220459,207.312897,2022-04-04,0.9552289843559265,11,134320833.519287
25.17701530456543,76.11390686035156,2.6500000953674316,202.195404,2022-04-04,0.9548119902610779,8,134320833.655676
25.176908493041992,76.106233,2.609999895095825,207.163269,2022-04-04,0.9599390029907227,11,134320833.527553
25.176517486572266,76.106601,2.609999895095825,206.696579,2022-04-04,0.9571890234947205,11,134320833.535819
25.176625,76.114279,2.5799999237060547,202.077728,2022-04-04,0.954509973526001,8,134320833.663942
25.17623519897461,76.114649,2.5399999618530273,201.764343,2022-04-04,0.9543529748916626,8,134320833.672208
25.175342,76.107707,2.690000057220459,205.512756,2022-04-04,0.950793981552124,11,134320833.560617
25.174674,76.116128,3.440000057220459,201.02239990234375,2022-04-04,0.9604099988937378,8,134320833.705271
25.174558639526367,76.10844421386719,2.759999990463257,205.357788,2022-04-04,0.9535530209541321,11,134320833.577149
25.173776626586914,76.109182,2.7200000286102295,205.136978,2022-04-04,0.9512760043144226,11,134320833.593681
25.173891067504883,76.116869,8.819999694824219,199.687958,2022-04-04,0.9548029899597168,8,134320833.721799
25.173503875732422,76.117235,2.869999885559082,200.065857,2022-04-04,0.95728600025177,8,134320833.730063
25.173381,76.136759,2.5799999237060547,195.78298950195312,2022-04-04,0.9523919820785522,5,134320833.626745
25.173385620117188,76.109551,2.609999895095825,204.827118,2022-04-04,0.9627249836921692,11,134320833.601947
25.17299461364746,76.10991668701172,2.5799999237060547,204.658661,2022-04-04,0.9596660137176514,11,134320833.610213
25.172212600708008,76.11065673828125,3.8499999046325684,204.658676,2022-04-04,0.9502000212669373,11,134320833.626745
25.171159744262695,76.119453,7.46999979019165,201.275284,2022-04-04,0.9509570002555847,8,134320833.779647
25.171021,76.131103515625,2.5799999237060547,198.482956,2022-04-04,0.9528449773788452,6,134320833.548218
25.171039581298828,76.111769,5.489999771118164,204.33078002929688,2022-04-04,0.9547179937362671,11,134320833.651543
25.170650482177734,76.112139,5.980000019073486,203.739258,2022-04-04,0.9521859884262085,11,134320833.659809
25.170629501342773,76.131469,2.5,198.420715,2022-04-04,0.9607229828834534,6,134320833.556484
25.170238494873047,76.131837,2.609999895095825,198.263763,2022-04-04,0.9527810215950012,6,134320833.56475
25.169871,76.112876,2.5799999237060547,202.753525,2022-04-04,0.9513909816741943,11,134320833.676341
25.16948127746582,76.113246,2.759999990463257,202.587265,2022-04-04,0.9635800123214722,11,134320833.684607
25.169090270996094,76.113616,3.140000104904175,202.815506,2022-04-04,0.9653059840202332,11,134320833.692873
25.168310165405273,76.114355,2.799999952316284,203.2049102783203,2022-04-04,0.9574080109596252,11,134320833.709403
25.167914,76.141933,2.690000057220459,198.372055,2022-04-04,0.953881025314331,5,134320833.742459
25.167890548706055,76.134051,2.5399999618530273,197.363754,2022-04-04,0.9524980187416077,6,134320833.614346
25.16752052307129,76.142304,9.529999732971191,198.4590301513672,2022-04-04,0.9507250189781189,5,134320833.750723
25.167108,76.1347885131836,2.690000057220459,197.256897,2022-04-04,0.9577699899673462,6,134320833.630878
25.167139,76.115464,2.7200000286102295,203.661545,2022-04-04,0.954945981502533,11,134320833.734195
25.166358947753906,76.116202,2.5799999237060547,203.95252990722656,2022-04-04,0.9588119983673096,11,134320833.750723
25.166083,76.124237,2.6500000953674316,203.309219,2022-04-04,0.9584649801254272,8,134320833.887079
25.165969,76.116572,2.7200000286102295,204.147064,2022-04-04,0.9520620107650757,11,134320833.758987
25.165692,76.124604,2.609999895095825,203.067642,2022-04-04,0.9585149884223938,8,134320833.895343
25.165578842163086,76.116941,2.799999952316284,204.020218,2022-04-04,0.9530550241470337,11,134320833.767251
25.165189,76.117309,2.4600000381469727,203.487732,2022-04-04,0.95489501953125,11,134320833.775515
25.16490936279297,76.125339,2.5799999237060547,202.517532,2022-04-04,0.957394003868103,8,134320833.911871
25.164798,76.117678,2.6500000953674316,203.453461,2022-04-04,0.9529809951782227,11,134320833.783779
25.164520263671875,76.125706,2.5399999618530273,202.260849,2022-04-04,0.957394003868103,8,134320833.920135
25.164399,76.145252,2.8399999141693115,201.321075,2022-04-04,0.9581279754638672,5,134320833.816835
25.164129,76.126074,2.609999895095825,201.801407,2022-04-04,0.9650959968566895,8,134320833.928399
25.163739,76.126441,2.609999895095825,201.187164,2022-04-04,0.9595029950141907,8,134320833.936663
25.163348,76.126809,2.759999990463257,201.194595,2022-04-04,0.9518719911575317,8,134320833.944927
25.163227081298828,76.146356,2.5,202.213181,2022-04-04,0.9546819925308228,5,134320833.841627
25.162957,76.127177,2.609999895095825,201.128616,2022-04-04,0.9554780125617981,8,134320833.953191
25.162063,76.120257,2.759999990463257,206.039963,2022-04-04,0.9531909823417664,11,134320833.841627
25.16164207458496,76.139963,2.5399999618530273,200.568024,2022-04-04,0.9509400129318237,6,134320833.746591
25.16088104248047,76.148563,2.5399999618530273,203.763794,2022-04-04,0.9519209861755371,5,134320833.891211
25.160861,76.140702,2.5799999237060547,201.422775,2022-04-04,0.9556589722633362,6,134320833.763119
25.16050148010254,76.121728,2.7200000286102295,204.410385,2022-04-04,0.9565179944038391,11,134320833.874683
25.160079956054688,76.14144134521484,2.5799999237060547,202.164642,2022-04-04,0.9521880149841309,6,134320833.779647
25.160099029541016,76.149297,2.5399999618530273,202.822403,2022-04-04,0.9521480202674866,5,134320833.907739
25.159835815429688,76.130122,2.5799999237060547,200.1146697998047,2022-04-04,0.9518880248069763,8,134320834.019303
25.159690856933594,76.141809,2.6500000953674316,202.582855,2022-04-04,0.9541820287704468,6,134320833.787911
25.159299,76.142177,2.6500000953674316,203.082794,2022-04-04,0.9561089873313904,6,134320833.796175
25.159057,76.130859375,2.6500000953674316,200.091507,2022-04-04,0.9545170068740845,8,134320834.035831
25.15890884399414,76.142546,2.5399999618530273,203.588058,2022-04-04,0.9516909718513489,6,134320833.804439
25.158927,76.150399,2.609999895095825,201.123444,2022-04-04,0.9601280093193054,5,134320833.932531
25.158547,76.123565,2.5799999237060547,203.741745,2022-04-04,0.9556710124015808,11,134320833.916003
25.158666610717773,76.131229,2.690000057220459,200.057037,2022-04-04,0.9518070220947266,8,134320834.044095
25.158517837524414,76.14291381835938,2.5799999237060547,203.939835,2022-04-04,0.9526469707489014,6,134320833.812703
25.158277,76.131598,2.799999952316284,200.372543,2022-04-04,0.9582089781761169,8,134320834.052359
25.158156,76.123933,2.609999895095825,204.044785,2022-04-04,0.9518489837646484,11,134320833.924267
25.157765,76.12429809570312,2.690000057220459,203.845474,2022-04-04,0.9580709934234619,11,134320833.932531
25.157374,76.124668,2.5399999618530273,203.657837,2022-04-04,0.962382972240448,11,134320833.940795
25.156984329223633,76.125036,2.690000057220459,203.066757,2022-04-04,0.9636039733886719,11,134320833.949059
25.156203,76.125771,2.7200000286102295,202.825684,2022-04-04,0.9658989906311035,11,134320833.965587
25.15542221069336,76.126507,2.609999895095825,202.772415,2022-04-04,0.9504749774932861,11,134320833.982115
25.154252,76.127612,2.6500000953674316,202.504669,2022-04-04,0.9631180167198181,11,134320834.006907
25.15386199951172,76.12798309326172,2.5799999237060547,202.419388,2022-04-04,0.9580720067024231,11,134320834.015171
25.153081,76.12872314453125,6.199999809265137,202.29183959960938,2022-04-04,0.9575350284576416,11,134320834.031699
25.152303,76.12945556640625,2.799999952316284,202.955307,2022-04-04,0.952111005783081,11,134320834.048227
25.151914,76.129825,2.390000104904175,203.086761,2022-04-04,0.9515290260314941,11,134320834.056491
25.151135,76.130564,2.609999895095825,203.176682,2022-04-04,0.9519690275192261,11,134320834.073019
25.15035629272461,76.131303,2.8399999141693115,203.606857,2022-04-04,0.962007999420166,11,134320834.089547
25.149966,76.131673,2.7200000286102295,204.203629,2022-04-04,0.958702027797699,11,134320834.097811
25.149577,76.132042,2.6500000953674316,204.532547,2022-04-04,0.9554269909858704,11,134320834.106075
25.149316787719727,76.140095,2.5399999618530273,201.095154,2022-04-04,0.9507110118865967,8,134320834.242431
25.149187088012695,76.132412,2.6500000953674316,204.937592,2022-04-04,0.9612500071525574,11,134320834.114339
25.148927,76.140464,2.609999895095825,200.947861,2022-04-04,0.9570680260658264,8,134320834.250695
25.148408,76.133152,2.759999990463257,205.794861,2022-04-04,0.9536979794502258,11,134320834.130867
25.14801597595215,76.133525,9.489999771118164,206.065872,2022-04-04,0.959526002407074,11,134320834.139131
25.14763069152832,76.133891,2.609999895095825,205.697678,2022-04-04,0.9615679979324341,11,134320834.147395
25.147241,76.13426208496094,2.6500000953674316,205.088776,2022-04-04,0.9617570042610168,11,134320834.155659
25.146852493286133,76.134629,2.609999895095825,204.556702,2022-04-04,0.9613800048828125,11,134320834.163923
25.146462,76.134999,2.690000057220459,204.125839,2022-04-04,0.9643970131874084,11,134320834.172187
25.146073,76.135368,2.609999895095825,203.584763,2022-04-04,0.961260974407196,11,134320834.180451
25.14568328857422,76.135737,2.7200000286102295,203.23941040039062,2022-04-04,0.9641849994659424,11,134320834.188715
25.14541244506836,76.143786,2.869999885559082,199.076706,2022-04-04,0.9516090154647827,8,134320834.325071
25.145294189453125,76.136106,2.5399999618530273,203.138474,2022-04-04,0.965641975402832,11,134320834.196979
25.144904,76.136476,2.6500000953674316,202.975296,2022-04-04,0.9619429707527161,11,134320834.205243
25.14423942565918,76.144893,2.7200000286102295,199.019608,2022-04-04,0.9534369707107544,8,134320834.349863
25.143733978271484,76.137583,2.869999885559082,202.442719,2022-04-04,0.9512140154838562,11,134320834.230035
25.143342971801758,76.137953,3.1700000762939453,202.552841,2022-04-04,0.9535170197486877,11,134320834.238299
25.142173,76.139059,2.609999895095825,202.187653,2022-04-04,0.955909013748169,11,134320834.263091
25.14228630065918,76.146742,2.6500000953674316,198.265106,2022-04-04,0.9530079960823059,8,134320834.391183
25.141895294189453,76.147112,2.690000057220459,198.149277,2022-04-04,0.9605649709701538,8,134320834.399447
25.141782760620117,76.139428,2.7200000286102295,202.435638,2022-04-04,0.9529680013656616,11,134320834.271355
25.141114,76.147852,2.609999895095825,197.973038,2022-04-04,0.9545199871063232,8,134320834.415975
25.141002,76.140166,2.799999952316284,202.129349,2022-04-04,0.9512310028076172,11,134320834.287883
25.140220642089844,76.140904,2.6500000953674316,202.102188,2022-04-04,0.9560719728469849,11,134320834.304411
25.13916015625,76.149706,2.690000057220459,197.780365,2022-04-04,0.9503960013389587,8,134320834.457295
25.138656616210938,76.142382,2.799999952316284,202.659088,2022-04-04,0.9550480246543884,11,134320834.337467
25.138379,76.150447,2.5399999618530273,197.841141,2022-04-04,0.9575219750404358,8,134320834.473823
25.137874603271484,76.14311981201172,2.7200000286102295,202.748932,2022-04-04,0.9545040130615234,11,134320834.353995
25.137988,76.150818,2.759999990463257,197.460342,2022-04-04,0.963549017906189,8,134320834.482089
25.136703491210938,76.144229,2.609999895095825,202.545578,2022-04-04,0.9659320116043091,11,134320834.378787
25.13513946533203,76.14571380615234,2.759999990463257,202.757706,2022-04-04,0.9531490206718445,11,134320834.411843
25.133954,76.174026,2.8399999141693115,194.865051,2022-04-04,0.9526749849319458,5,134320834.461427
25.133563,76.174396,2.5399999618530273,195.082977,2022-04-04,0.9627289772033691,5,134320834.469691
25.13318634033203,76.147563,2.799999952316284,201.946335,2022-04-04,0.9534569978713989,11,134320834.453163
25.13290786743164,76.155638,3.880000114440918,197.112762,2022-04-04,0.9513649940490723,8,134320834.589547
25.131624221801758,76.149046,2.7200000286102295,200.565903,2022-04-04,0.9529449939727783,11,134320834.486222
25.13123321533203,76.149417,2.690000057220459,200.540375,2022-04-04,0.9549890160560608,11,134320834.494488
25.130842208862305,76.149788,2.869999885559082,200.024323,2022-04-04,0.9556530117988586,11,134320834.502754
25.130452,76.150158,2.609999895095825,199.826157,2022-04-04,0.9603180289268494,11,134320834.51102
25.130061,76.150529,2.6500000953674316,199.513596,2022-04-04,0.9631350040435791,11,134320834.519286
25.129669189453125,76.1509017944336,3.140000104904175,199.30661010742188,2022-04-04,0.9588950276374817,11,134320834.527552
25.12928009033203,76.151271,2.6500000953674316,199.014908,2022-04-04,0.9639390110969543,11,134320834.535818
25.128889,76.151641,2.609999895095825,198.762604,2022-04-04,0.9647380113601685,11,134320834.544084
25.128499,76.152012,2.690000057220459,198.5174102783203,2022-04-04,0.9547799825668335,11,134320834.55235
25.128108,76.152383,2.690000057220459,198.574768,2022-04-04,0.9530569911003113,11,134320834.560616
25.126155853271484,76.154233,2.6500000953674316,197.078522,2022-04-04,0.9557819962501526,11,134320834.601946
25.125879287719727,76.162272,2.609999895095825,196.217316,2022-04-04,0.9606860280036926,8,134320834.738327
25.1253719329834,76.154974,4.03000020980835,201.3198699951172,2022-04-04,0.9545490145683289,11,134320834.618478
25.125099,76.163007,2.7200000286102295,196.036652,2022-04-04,0.9520450234413147,8,134320834.754855
25.124709,76.163374,2.7200000286102295,195.932495,2022-04-04,0.9536449909210205,8,134320834.763119
25.123537063598633,76.164475,2.690000057220459,196.133194,2022-04-04,0.9546189904212952,8,134320834.787911
25.121861,76.158289,2.5799999237060547,195.840378,2022-04-04,0.9586250185966492,11,134320834.692872
25.121471405029297,76.158657,2.7200000286102295,195.778763,2022-04-04,0.9640830159187317,11,134320834.701138
25.12108039855957,76.159025,2.690000057220459,195.224197,2022-04-04,0.9606260061264038,11,134320834.709403
25.120689392089844,76.159392,2.8399999141693115,194.725464,2022-04-04,0.9501199722290039,11,134320834.717667
25.120299,76.15975952148438,2.759999990463257,195.185272,2022-04-04,0.9546840190887451,11,134320834.725931
25.119519,76.160495,2.430000066757202,195.395065,2022-04-04,0.9557639956474304,11,134320834.742459
25.117284774780273,76.170337,3.059999942779541,196.086685,2022-04-04,0.9548400044441223,8,134320834.920135
25.116783142089844,76.163063,2.6500000953674316,196.429382,2022-04-04,0.9638689756393433,11,134320834.800307
25.116393,76.1634292602539,2.609999895095825,196.029816,2022-04-04,0.9515969753265381,11,134320834.808571
25.115611,76.164162,2.609999895095825,195.022659,2022-04-04,0.955374002456665,11,134320834.825099
25.114830017089844,76.164895,2.5,194.428452,2022-04-04,0.9555469751358032,11,134320834.841627
25.11287498474121,76.166727,2.690000057220459,194.950516,2022-04-04,0.95906001329422,11,134320834.882947
25.112094,76.1674575805664,2.990000009536743,196.155777,2022-04-04,0.9510779976844788,11,134320834.899475
25.111703,76.167826,2.759999990463257,196.830002,2022-04-04,0.9508730173110962,11,134320834.907739
25.11092185974121,76.1685562133789,3.25,197.681747,2022-04-04,0.9518120288848877,11,134320834.924267
25.10973358154297,76.196848,2.5799999237060547,195.930908,2022-04-04,0.9548490047454834,5,134320834.973851
25.10897445678711,76.170391,2.5799999237060547,196.271439,2022-04-04,0.958549976348877,11,134320834.965587
25.108741760253906,76.178418,6.460000038146973,196.78746032714844,2022-04-04,0.9519799947738647,8,134320835.101943
25.104861,76.182097,2.759999990463257,197.271240234375,2022-04-04,0.9572950005531311,8,134320835.184583
25.195209,76.105914,2.3499999046325684,206.554703,2022-11-01,0.9510049819946289,11,152563100.488845
25.194034576416016,76.104806,2.3499999046325684,207.05661010742188,2022-11-01,0.9628210067749023,11,152563100.464053
25.193252,76.104066,2.3499999046325684,206.888733,2022-11-01,0.9516040086746216,11,152563100.447525
25.191293716430664,76.102218,2.390000104904175,206.429855,2022-11-01,0.9540969729423523,11,152563100.406205
25.195357,76.108241,2.4700000286102295,205.627136,2023-02-03,0.9686300158500671,6,160670118.172699
25.19496726989746,76.10861206054688,2.5399999618530273,205.674408,2023-02-03,0.9671000242233276,6,160670118.180963
25.194577,76.108979,2.4700000286102295,205.198196,2023-02-03,0.9582059979438782,6,160670118.189227
25.19418716430664,76.109348,2.390000104904175,204.531738,2023-02-03,0.9534239768981934,6,160670118.197491
25.194250106811523,76.117233,2.799999952316284,202.337051,2023-02-03,0.951117992401123,5,160670118.325583
25.193858,76.117603,15.470000267028809,202.831909,2023-02-03,0.9500659704208374,5,160670118.333847
25.193796157836914,76.109716,2.5,204.8888702392578,2023-02-03,0.9694240093231201,6,160670118.205755
25.193469,76.117971,5.650000095367432,200.481308,2023-02-03,0.9513689875602722,5,160670118.342111
25.193078994750977,76.118339,3.549999952316284,200.192993,2023-02-03,0.956059992313385,5,160670118.350375
25.192689,76.118708,2.690000057220459,200.01560974121094,2023-02-03,0.9591760039329529,5,160670118.358639
25.192298,76.119077,2.5399999618530273,199.344818,2023-02-03,0.9700390100479126,5,160670118.366903
25.192283,76.130987,2.7300000190734863,196.913177,2023-02-03,0.9548519849777222,3,160670118.127247
25.192235,76.111192,2.4700000286102295,204.521896,2023-02-03,0.965707004070282,6,160670118.238811
25.191844940185547,76.111561,2.4700000286102295,204.664505,2023-02-03,0.96670001745224,6,160670118.247075
25.19190788269043,76.119445,2.5,199.235382,2023-02-03,0.958076000213623,5,160670118.375167
25.19145393371582,76.11193084716797,2.5399999618530273,204.834991,2023-02-03,0.9739879965782166,6,160670118.255339
25.191516876220703,76.119814,2.5,200.006287,2023-02-03,0.9655460119247437,5,160670118.383431
25.191127,76.120183,2.5,200.343201,2023-02-03,0.9696149826049805,5,160670118.391695
25.19100570678711,76.100705,2.5,206.308426,2023-02-03,0.9581760168075562,8,160670118.499127
25.191064,76.112299,2.5,203.640686,2023-02-03,0.9591959714889526,6,160670118.263603
25.190736,76.120551,2.5,200.921295,2023-02-03,0.9694120287895203,5,160670118.399959
25.190614700317383,76.101073,2.390000104904175,206.23764038085938,2023-02-03,0.9529070258140564,8,160670118.507391
25.190673828125,76.112668,2.5,203.47348022460938,2023-02-03,0.9708930253982544,6,160670118.271867
25.190282821655273,76.113037,2.5,203.620453,2023-02-03,0.9689599871635437,6,160670118.280131
25.190345764160156,76.12091827392578,2.430000066757202,201.2667999267578,2023-02-03,0.9550150036811829,5,160670118.408223
25.190225,76.101441,2.5,206.415344,2023-02-03,0.9555079936981201,8,160670118.515655
25.189956,76.121288,2.4700000286102295,201.361267,2023-02-03,0.9568960070610046,5,160670118.416487
25.189893,76.113406,2.430000066757202,203.18692016601562,2023-02-03,0.9638839960098267,6,160670118.288395
25.189834594726562,76.101809,2.430000066757202,206.546677,2023-02-03,0.9577990174293518,8,160670118.523921
25.189565,76.121657,2.5,201.281647,2023-02-03,0.9620069861412048,5,160670118.424751
25.18944549560547,76.102178,2.4700000286102295,206.634018,2023-02-03,0.9585239887237549,8,160670118.532187
25.189502,76.113775,2.5799999237060547,203.432709,2023-02-03,0.9551560282707214,6,160670118.296659
25.189111709594727,76.114144,2.4700000286102295,203.599686,2023-02-03,0.9536629915237427,6,160670118.304923
25.18917465209961,76.12202453613281,2.4700000286102295,201.204102,2023-02-03,0.9604229927062988,5,160670118.433015
25.189054489135742,76.102546,2.4700000286102295,206.662811,2023-02-03,0.9659619927406311,8,160670118.540453
25.188770294189453,76.134305,2.799999952316284,195.253464,2023-02-03,0.9506480097770691,3,160670118.201623
25.188722,76.114513,2.5,202.977615,2023-02-03,0.966808021068573,6,160670118.313187
25.188783645629883,76.122393,2.5799999237060547,201.190796,2023-02-03,0.9625279903411865,5,160670118.441279
25.188664,76.102914,2.7300000190734863,207.075409,2023-02-03,0.9663410186767578,8,160670118.548719
25.188394,76.122762,2.4700000286102295,200.713196,2023-02-03,0.962007999420166,5,160670118.449543
25.188274383544922,76.103283,2.4700000286102295,207.260727,2023-02-03,0.9618440270423889,8,160670118.556985
25.188331,76.114882,2.4700000286102295,202.887024,2023-02-03,0.9619190096855164,6,160670118.321451
25.188003540039062,76.12313079833984,4.0,199.888702,2023-02-03,0.9591540098190308,5,160670118.457807
25.187884,76.103651,2.5,207.3782196044922,2023-02-03,0.9671990275382996,8,160670118.565251
25.187941,76.115251,2.4700000286102295,203.605759,2023-02-03,0.9534170031547546,6,160670118.329715
25.187549591064453,76.1156234741211,2.5399999618530273,204.074829,2023-02-03,0.9586660265922546,6,160670118.337979
25.18761444091797,76.123498,2.430000066757202,199.564362,2023-02-03,0.9580410122871399,5,160670118.466071
25.187493,76.104019,2.4700000286102295,207.539688,2023-02-03,0.9670249819755554,8,160670118.573517
25.18716049194336,76.115989,2.880000114440918,203.273895,2023-02-03,0.9599949717521667,6,160670118.346243
25.187103271484375,76.104388,2.4700000286102295,207.743042,2023-02-03,0.9688360095024109,8,160670118.581783
25.186833,76.124234,2.4700000286102295,198.787292,2023-02-03,0.9599509835243225,5,160670118.482599
25.186713,76.104756,2.430000066757202,207.917633,2023-02-03,0.9632940292358398,8,160670118.590049
25.186769485473633,76.116358,2.6500000953674316,203.904358,2023-02-03,0.9700649976730347,6,160670118.354507
25.186379,76.116726,2.5,203.482803,2023-02-03,0.9682450294494629,6,160670118.362771
25.186443328857422,76.124602,2.390000104904175,198.468948,2023-02-03,0.9556800127029419,5,160670118.490863
25.186323165893555,76.1051254272461,2.430000066757202,208.091461,2023-02-03,0.9666410088539124,8,160670118.598315
25.185989,76.117095,2.5,202.915085,2023-02-03,0.9716119766235352,6,160670118.371035
25.185933,76.105493,2.5,208.320145,2023-02-03,0.9654279947280884,8,160670118.606581
25.185662,76.125339,2.619999885559082,198.377869,2023-02-03,0.9658899903297424,5,160670118.507391
25.185543060302734,76.105862,2.430000066757202,208.680618,2023-02-03,0.9700109958648682,8,160670118.614847
25.185598373413086,76.117464,2.5799999237060547,202.835709,2023-02-03,0.9761239886283875,6,160670118.379299
25.185153,76.106231,2.5,208.693893,2023-02-03,0.9676709771156311,8,160670118.623113
25.185208,76.117832,2.7300000190734863,202.980637,2023-02-03,0.964792013168335,6,160670118.387563
25.184818267822266,76.118201,2.990000009536743,202.789795,2023-02-03,0.9627699851989746,6,160670118.395827
25.18488121032715,76.126075,2.5399999618530273,198.045792,2023-02-03,0.9585890173912048,5,160670118.523921
25.184762954711914,76.106599,2.5799999237060547,208.820251,2023-02-03,0.9647020101547241,8,160670118.631379
25.184491,76.126443,2.4700000286102295,197.953323,2023-02-03,0.9646890163421631,5,160670118.532187
25.18442726135254,76.118569,2.5,202.248734,2023-02-03,0.9612929821014404,6,160670118.404091
25.184373,76.106968,2.5,208.748764,2023-02-03,0.9587669968605042,8,160670118.639645
25.184101104736328,76.126811,2.5799999237060547,197.885727,2023-02-03,0.9574710130691528,5,160670118.540453
25.183982849121094,76.107337,2.430000066757202,208.988602,2023-02-03,0.9686229825019836,8,160670118.647911
25.184037,76.118938,2.7300000190734863,202.192047,2023-02-03,0.9593589901924133,6,160670118.412355
25.18364715576172,76.119306,2.5799999237060547,201.817596,2023-02-03,0.963329017162323,6,160670118.420619
25.183711,76.127179,2.5399999618530273,197.526062,2023-02-03,0.9691849946975708,5,160670118.548719
25.183593,76.107705,2.5,208.943588,2023-02-03,0.9660869836807251,8,160670118.656177
25.183256149291992,76.119674,2.619999885559082,201.543076,2023-02-03,0.9587100148200989,6,160670118.428883
25.183319091796875,76.127548,2.5399999618530273,197.479935,2023-02-03,0.9669650197029114,5,160670118.556985
25.183202743530273,76.108074,2.430000066757202,208.816025,2023-02-03,0.9719579815864563,8,160670118.664443
25.18292999267578,76.127916,2.5399999618530273,197.124908,2023-02-03,0.9669690132141113,5,160670118.565251
25.182813,76.108443,2.430000066757202,208.388901,2023-02-03,0.9728919863700867,8,160670118.672709
25.182866,76.120043,2.5399999618530273,201.414368,2023-02-03,0.9730299711227417,6,160670118.437147
25.182655334472656,76.100761,2.430000066757202,207.585144,2023-02-03,0.972000002861023,11,160670118.544586
25.182540893554688,76.128284,2.5399999618530273,196.691971,2023-02-03,0.9661200046539307,5,160670118.573517
25.182422637939453,76.108812,2.5,208.019608,2023-02-03,0.9678199887275696,8,160670118.680975
25.182476043701172,76.120411,2.5,201.380539,2023-02-03,0.9718819856643677,6,160670118.445411
25.182265,76.101129,2.390000104904175,207.589508,2023-02-03,0.9601600170135498,11,160670118.552852
25.18214988708496,76.128652,2.5,196.896301,2023-02-03,0.9651709794998169,5,160670118.581783
25.182033,76.109181,2.4700000286102295,207.648422,2023-02-03,0.9771090149879456,8,160670118.689241
25.181758880615234,76.129021,9.770000457763672,196.493195,2023-02-03,0.9622049927711487,5,160670118.590049
25.181874,76.101497,2.430000066757202,207.693863,2023-02-03,0.9591760039329529,11,160670118.561118
25.181695,76.121147,2.5399999618530273,199.96788024902344,2023-02-03,0.954446017742157,6,160670118.461939
25.181642532348633,76.10955047607422,2.430000066757202,207.32102966308594,2023-02-03,0.9783200025558472,8,160670118.697507
25.181369,76.129389,2.4700000286102295,196.514084,2023-02-03,0.966284990310669,5,160670118.598315
25.18148422241211,76.101866,2.5799999237060547,208.040909,2023-02-03,0.9636560082435608,11,160670118.569384
25.181254,76.109919,2.390000104904175,206.872269,2023-02-03,0.9714040160179138,8,160670118.705773
25.181304931640625,76.121515,2.4700000286102295,199.745026,2023-02-03,0.9519500136375427,6,160670118.470203
25.181094,76.10223388671875,2.430000066757202,208.190918,2023-02-03,0.9691740274429321,11,160670118.57765
25.1809139251709,76.121884,3.2899999618530273,199.757538,2023-02-03,0.973924994468689,6,160670118.478467
25.180978775024414,76.129757,2.5399999618530273,196.431213,2023-02-03,0.9678829908370972,5,160670118.606581
25.180864334106445,76.110288,2.4700000286102295,206.580124,2023-02-03,0.9723129868507385,8,160670118.714039
25.18070411682129,76.102602,2.4700000286102295,208.388641,2023-02-03,0.9701449871063232,11,160670118.585916
25.180524,76.122252,3.180000066757202,202.407455,2023-02-03,0.9513279795646667,6,160670118.486731
25.180589,76.130126,2.5399999618530273,196.434601,2023-02-03,0.9666749835014343,5,160670118.614847
25.180474,76.110656,2.390000104904175,205.752563,2023-02-03,0.9724829792976379,8,160670118.722305
25.180198669433594,76.130494,2.619999885559082,196.434402,2023-02-03,0.9674260020256042,5,160670118.623113
25.180314,76.102971,2.3499999046325684,208.5802001953125,2023-02-03,0.9629570245742798,11,160670118.594182
25.180084228515625,76.111025,2.390000104904175,205.044662,2023-02-03,0.9688010215759277,8,160670118.730571
25.17992401123047,76.103339,2.430000066757202,208.903381,2023-02-03,0.9702839851379395,11,160670118.602448
25.179809,76.130863,2.430000066757202,196.576599,2023-02-03,0.9683099985122681,5,160670118.631379
25.17969512939453,76.111395,2.4700000286102295,204.619675,2023-02-03,0.9712690114974976,8,160670118.738837
25.179534,76.103708,2.3499999046325684,208.918625,2023-02-03,0.9637569785118103,11,160670118.610714
25.179418563842773,76.131232,2.4700000286102295,196.752716,2023-02-03,0.9657289981842041,5,160670118.639645
25.179029,76.13159942626953,2.5399999618530273,196.834625,2023-02-03,0.9633259773254395,5,160670118.647911
25.17914390563965,76.104077,2.4700000286102295,209.075485,2023-02-03,0.9742689728736877,11,160670118.61898
25.178962,76.123725,9.550000190734863,202.198288,2023-02-03,0.9557909965515137,6,160670118.519788
25.17891502380371,76.112133,2.3499999046325684,204.330231,2023-02-03,0.9582809805870056,8,160670118.755366
25.178639,76.131969,2.430000066757202,196.895309,2023-02-03,0.9613829851150513,5,160670118.656177
25.178754,76.104445,2.430000066757202,209.158264,2023-02-03,0.9743499755859375,11,160670118.627246
25.178525,76.112502,2.3499999046325684,204.187576,2023-02-03,0.9587860107421875,8,160670118.76363
25.178571,76.124093,11.979999542236328,199.299774,2023-02-03,0.9651960134506226,6,160670118.528054
25.178363800048828,76.104814,2.390000104904175,209.022812,2023-02-03,0.9757170081138611,11,160670118.635512
25.178182,76.124461,6.889999866485596,198.529282,2023-02-03,0.957850992679596,6,160670118.53632
25.178249,76.132338,2.4700000286102295,196.713287,2023-02-03,0.9625219702720642,5,160670118.664443
25.178136,76.112871,2.319999933242798,203.804001,2023-02-03,0.9519379734992981,8,160670118.771894
25.177974,76.105182,2.430000066757202,208.708984,2023-02-03,0.9748389720916748,11,160670118.643778
25.177791595458984,76.124828,2.5399999618530273,198.181671,2023-02-03,0.9534159898757935,6,160670118.544586
25.177859,76.13270568847656,2.5399999618530273,196.838242,2023-02-03,0.9688770174980164,5,160670118.672709
25.177745819091797,76.11324310302734,2.319999933242798,203.246948,2023-02-03,0.950564980506897,8,160670118.780158
25.177583694458008,76.105551,2.390000104904175,208.589432,2023-02-03,0.9749550223350525,11,160670118.652044
25.177356,76.113609,2.4700000286102295,203.292465,2023-02-03,0.9653779864311218,8,160670118.788422
25.17719268798828,76.105921,7.900000095367432,208.19223022460938,2023-02-03,0.9701700210571289,11,160670118.66031
25.177079,76.133444,2.4700000286102295,196.354614,2023-02-03,0.965785026550293,5,160670118.689241
25.176965713500977,76.113978,2.390000104904175,203.310349,2023-02-03,0.9679340124130249,8,160670118.796686
25.177012,76.12556457519531,2.4700000286102295,198.172577,2023-02-03,0.9514229893684387,6,160670118.561118
25.176803588867188,76.106289,2.5,207.874466,2023-02-03,0.9671729803085327,11,160670118.668576
25.176620483398438,76.125934,10.600000381469727,198.303741,2023-02-03,0.9514830112457275,6,160670118.569384
25.176688,76.133813,9.850000381469727,196.61351013183594,2023-02-03,0.9633209705352783,5,160670118.697507
25.176576614379883,76.114348,2.430000066757202,203.099594,2023-02-03,0.9672330021858215,8,160670118.80495
25.176299,76.134182,2.4700000286102295,196.576248,2023-02-03,0.9553689956665039,5,160670118.705773
25.176231384277344,76.126301,2.5,198.274033,2023-02-03,0.9545429944992065,6,160670118.57765
25.176068,76.154243,2.619999885559082,195.101791,2023-02-03,0.9557639956474304,2,160670118.602448
25.176187,76.114717,2.390000104904175,202.706619,2023-02-03,0.9704179763793945,8,160670118.813214
25.1759090423584,76.134551,2.4700000286102295,196.451004,2023-02-03,0.9560660123825073,5,160670118.714039
25.176024,76.107026,2.390000104904175,207.075378,2023-02-03,0.9550690054893494,11,160670118.685108
25.175796508789062,76.115086,2.5,202.37001037597656,2023-02-03,0.9614499807357788,8,160670118.821478
25.175840377807617,76.12667083740234,5.840000152587891,198.550095,2023-02-03,0.9677249789237976,6,160670118.585916
25.175634384155273,76.107395,2.5399999618530273,206.711594,2023-02-03,0.9528030157089233,11,160670118.693374
25.175451278686523,76.127038,2.5399999618530273,198.467529,2023-02-03,0.9667080044746399,6,160670118.594182
25.17540740966797,76.1154556274414,5.650000095367432,202.073151,2023-02-03,0.9565359950065613,8,160670118.829742
25.175244,76.107764,2.430000066757202,206.546082,2023-02-03,0.9706929922103882,11,160670118.70164
25.175060272216797,76.127407,7.039999961853027,198.857117,2023-02-03,0.9633700251579285,6,160670118.602448
25.175128936767578,76.135289,2.5,196.569931,2023-02-03,0.9540860056877136,5,160670118.730571
25.175017,76.115825,4.0,202.356796,2023-02-03,0.9587849974632263,8,160670118.838006
25.174739837646484,76.135658,2.5,196.534302,2023-02-03,0.9596549868583679,5,160670118.738837
25.174855,76.108133,2.4700000286102295,206.425613,2023-02-03,0.9701229929924011,11,160670118.709906
25.17462730407715,76.116195,4.940000057220459,201.6465301513672,2023-02-03,0.9644629955291748,8,160670118.84627
25.17466926574707,76.127775,2.5,198.679718,2023-02-03,0.9688950181007385,6,160670118.610714
25.17446517944336,76.108502,2.430000066757202,206.105255,2023-02-03,0.9586920142173767,11,160670118.718172
25.174238204956055,76.116564,4.409999847412109,201.044556,2023-02-03,0.9626100063323975,8,160670118.854534
25.174280166625977,76.128143,2.5,198.889526,2023-02-03,0.9691510200500488,6,160670118.61898
25.174075,76.108871,2.4700000286102295,206.122803,2023-02-03,0.9668819904327393,11,160670118.726438
25.17388916015625,76.128512,2.5,198.946945,2023-02-03,0.9665229916572571,6,160670118.627246
25.173848,76.116933,5.5,200.565796,2023-02-03,0.9535620212554932,8,160670118.862798
25.17357063293457,76.13676452636719,2.5799999237060547,196.882401,2023-02-03,0.9550099968910217,5,160670118.76363
25.17368507385254,76.10923767089844,2.430000066757202,206.164398,2023-02-03,0.9721879959106445,11,160670118.734704
25.173500061035156,76.1288833618164,2.430000066757202,198.816849,2023-02-03,0.9687700271606445,6,160670118.635512
25.173458099365234,76.117303,5.840000152587891,200.9713897705078,2023-02-03,0.9669319987297058,8,160670118.871062
25.173179626464844,76.137134,2.5799999237060547,197.028595,2023-02-03,0.9685909748077393,5,160670118.771894
25.173295,76.109609,2.5,205.773514,2023-02-03,0.9721329808235168,11,160670118.74297
25.17306900024414,76.117672,2.430000066757202,200.688599,2023-02-03,0.9669600129127502,8,160670118.879326
25.17310905456543,76.129249,2.5799999237060547,198.751358,2023-02-03,0.9678260087966919,6,160670118.643778
25.17290496826172,76.109979,7.21999979019165,205.758698,2023-02-03,0.96732097864151,11,160670118.751234
25.17279052734375,76.137503,2.390000104904175,196.672073,2023-02-03,0.963808000087738,5,160670118.780158
25.172677993774414,76.118042,8.529999732971191,201.326736,2023-02-03,0.9568269848823547,8,160670118.88759
25.172330856323242,76.129986,2.5799999237060547,199.210022,2023-02-03,0.9676740169525146,6,160670118.66031
25.172401428222656,76.137872,2.4700000286102295,196.651688,2023-02-03,0.9656130075454712,5,160670118.788422
25.17228889465332,76.118411,3.549999952316284,200.840805,2023-02-03,0.956180989742279,8,160670118.895854
25.172011,76.138241,2.5399999618530273,197.059875,2023-02-03,0.9672809839248657,5,160670118.796686
25.172126,76.110717,2.799999952316284,205.543427,2023-02-03,0.9656779766082764,11,160670118.767762
25.171897888183594,76.118781,7.789999961853027,202.563889,2023-02-03,0.9599419832229614,8,160670118.904118
25.171939849853516,76.130355,2.4700000286102295,199.394638,2023-02-03,0.9699559807777405,6,160670118.668576
25.171735763549805,76.111086,4.789999961853027,206.59934997558594,2023-02-03,0.9568309783935547,11,160670118.776026
25.171621322631836,76.13861083984375,2.619999885559082,196.941544,2023-02-03,0.9677950143814087,5,160670118.80495
25.171550750732422,76.130724,2.4700000286102295,199.262344,2023-02-03,0.960407018661499,6,160670118.676842
25.171346,76.111456,6.769999980926514,206.231735,2023-02-03,0.9639570116996765,11,160670118.78429
25.171159744262695,76.131093,2.430000066757202,199.372482,2023-02-03,0.9634699821472168,6,160670118.685108
25.171231,76.138979,2.9200000762939453,196.604263,2023-02-03,0.9584969878196716,5,160670118.813214
25.171119,76.119519,4.0,201.981552,2023-02-03,0.9602770209312439,8,160670118.920646
25.170841217041016,76.139349,2.799999952316284,198.526169,2023-02-03,0.958076000213623,5,160670118.821478
25.1707706451416,76.131461,2.4700000286102295,199.112274,2023-02-03,0.9606040120124817,6,160670118.693374
25.17072868347168,76.119889,4.940000057220459,202.043991,2023-02-03,0.9537529945373535,8,160670118.92891
25.170339,76.120258,6.889999866485596,202.151215,2023-02-03,0.9671199917793274,8,160670118.937174
25.170379638671875,76.13182830810547,2.4700000286102295,199.0934295654297,2023-02-03,0.9692590236663818,6,160670118.70164
25.170177459716797,76.112563,3.8499999046325684,203.774124,2023-02-03,0.9580219984054565,11,160670118.809082
25.16999053955078,76.132199,2.5399999618530273,199.125809,2023-02-03,0.9660090208053589,6,160670118.709906
25.169787,76.112932,3.549999952316284,203.637573,2023-02-03,0.9639859795570374,11,160670118.817346
25.169559478759766,76.120996,2.430000066757202,201.566132,2023-02-03,0.9536920189857483,8,160670118.953702
25.169281005859375,76.140826,6.210000038146973,198.392502,2023-02-03,0.9555249810218811,5,160670118.854534
25.169398,76.113301,2.430000066757202,203.856873,2023-02-03,0.9722309708595276,11,160670118.82561
25.169170379638672,76.121366,2.4700000286102295,201.840637,2023-02-03,0.968438982963562,8,160670118.961966
25.16921043395996,76.132937,4.980000019073486,199.714874,2023-02-03,0.9581009745597839,6,160670118.726438
25.169008255004883,76.113671,5.010000228881836,204.143768,2023-02-03,0.9649279713630676,11,160670118.833874
25.168891,76.141196,7.710000038146973,198.124893,2023-02-03,0.9520320296287537,5,160670118.862798
25.168779,76.121736,8.09000015258789,202.562271,2023-02-03,0.9540259838104248,8,160670118.97023
25.168617248535156,76.1140365600586,7.519999980926514,204.129349,2023-02-03,0.9643949866294861,11,160670118.842138
25.168431,76.13367462158203,2.799999952316284,199.697983,2023-02-03,0.9547950029373169,6,160670118.74297
25.168502,76.141564,2.5,198.462662,2023-02-03,0.9634640216827393,5,160670118.871062
25.168389,76.122105,7.070000171661377,204.417297,2023-02-03,0.9540920257568359,8,160670118.978494
25.168228149414062,76.114409,2.5399999618530273,204.152588,2023-02-03,0.9618179798126221,11,160670118.850402
25.168041229248047,76.134044,2.5799999237060547,198.767578,2023-02-03,0.9665430188179016,6,160670118.751234
25.167999267578125,76.122474,2.5,203.944122,2023-02-03,0.9507070183753967,8,160670118.986758
25.167839,76.114778,2.6500000953674316,203.976364,2023-02-03,0.9607620239257812,11,160670118.858666
25.16761016845703,76.122843,2.4700000286102295,203.369263,2023-02-03,0.9647470116615295,8,160670118.995022
25.167651,76.134413,5.130000114440918,198.263428,2023-02-03,0.9624099731445312,6,160670118.759498
25.167262,76.134782,2.390000104904175,198.131989,2023-02-03,0.9640820026397705,6,160670118.767762
25.167331,76.142673,5.880000114440918,199.397522,2023-02-03,0.9568359851837158,5,160670118.895854
25.167219161987305,76.123212,2.7699999809265137,203.983566,2023-02-03,0.9650120139122009,8,160670119.003286
25.16705894470215,76.115517,2.7300000190734863,204.915497,2023-02-03,0.9631360173225403,11,160670118.875194
25.166872024536133,76.135151,2.619999885559082,198.785736,2023-02-03,0.9686340093612671,6,160670118.776026
25.166942,76.143042,2.5,200.376007,2023-02-03,0.9634559750556946,5,160670118.904118
25.166829,76.123582,6.920000076293945,204.466049,2023-02-03,0.9677900075912476,8,160670119.01155
25.16655158996582,76.143411,2.4700000286102295,200.932465,2023-02-03,0.9721760153770447,5,160670118.912382
25.166669,76.115887,2.5399999618530273,205.102554,2023-02-03,0.9622060060501099,11,160670118.883458
25.166439056396484,76.123951,2.5799999237060547,205.01943969726562,2023-02-03,0.9750800132751465,8,160670119.019814
25.166482,76.1355209350586,2.619999885559082,198.558319,2023-02-03,0.9639319777488708,6,160670118.78429
25.166278839111328,76.116256,2.6500000953674316,205.310852,2023-02-03,0.9608100056648254,11,160670118.891722
25.166161,76.143781,4.679999828338623,200.689957,2023-02-03,0.953702986240387,5,160670118.920646
25.16604995727539,76.12432098388672,2.4700000286102295,205.087708,2023-02-03,0.9765620231628418,8,160670119.028078
25.165889,76.116625,2.5399999618530273,205.074005,2023-02-03,0.9621710181236267,11,160670118.899986
25.165702,76.136259,2.690000057220459,198.578674,2023-02-03,0.9606509804725647,6,160670118.800818
25.165771484375,76.14414978027344,9.279999732971191,202.171143,2023-02-03,0.9529550075531006,5,160670118.92891
25.165660858154297,76.124689,2.430000066757202,204.543808,2023-02-03,0.9740480184555054,8,160670119.036342
25.165382385253906,76.144519,2.5399999618530273,201.234589,2023-02-03,0.9650070071220398,5,160670118.937174
25.16550064086914,76.116995,2.5799999237060547,204.894318,2023-02-03,0.9535040259361267,11,160670118.90825
25.165311813354492,76.136628,2.5399999618530273,199.050415,2023-02-03,0.967773973941803,6,160670118.809082
25.16526985168457,76.125058,2.4700000286102295,204.208115,2023-02-03,0.9687889814376831,8,160670119.044606
25.164992,76.144888,2.4700000286102295,201.533142,2023-02-03,0.9650580286979675,5,160670118.945438
25.165109634399414,76.117364,2.6500000953674316,204.17926025390625,2023-02-03,0.961555004119873,11,160670118.916514
25.164881,76.125427,2.430000066757202,204.035797,2023-02-03,0.9703279733657837,8,160670119.05287
25.164922,76.136997,2.5799999237060547,199.33872985839844,2023-02-03,0.9683489799499512,6,160670118.817346
25.16472053527832,76.117734,2.430000066757202,204.547867,2023-02-03,0.9632560014724731,11,160670118.924778
25.164533,76.137366,2.5399999618530273,199.314774,2023-02-03,0.9684140086174011,6,160670118.82561
25.164601,76.145258,11.199999809265137,201.856735,2023-02-03,0.9583010077476501,5,160670118.953702
25.164567947387695,76.15715026855469,2.5799999237060547,198.655716,2023-02-03,0.9593409895896912,3,160670118.714039
25.164491,76.125796,2.3499999046325684,204.029739,2023-02-03,0.9771069884300232,8,160670119.061134
25.164329528808594,76.118103,2.5,204.641113,2023-02-03,0.9607750177383423,11,160670118.933042
25.164142608642578,76.137735,2.5,199.544174,2023-02-03,0.9634460210800171,6,160670118.833874
25.164212,76.145627,2.6500000953674316,202.759308,2023-02-03,0.953033983707428,5,160670118.961966
25.164101,76.126165,2.430000066757202,203.3092803955078,2023-02-03,0.9716740250587463,8,160670119.069398
25.1639404296875,76.118473,2.8399999141693115,205.664627,2023-02-03,0.9709150195121765,11,160670118.941306
25.163711,76.126534,2.3499999046325684,202.432373,2023-02-03,0.9705600142478943,8,160670119.077662
25.163753,76.138105,2.4700000286102295,199.940201,2023-02-03,0.9658560156822205,6,160670118.842138
25.163549423217773,76.118842,2.5399999618530273,206.877319,2023-02-03,0.9717339873313904,11,160670118.94957
25.16343116760254,76.146366,8.15999984741211,203.046616,2023-02-03,0.956496000289917,5,160670118.978494
25.163321,76.126904,2.5799999237060547,202.62973022460938,2023-02-03,0.9730830192565918,8,160670119.085926
25.163362,76.138475,9.65999984741211,200.204956,2023-02-03,0.9549930095672607,6,160670118.850402
25.16316032409668,76.119211,2.5399999618530273,207.409607,2023-02-03,0.9748820066452026,11,160670118.957834
25.162973403930664,76.138843,2.5399999618530273,200.406097,2023-02-03,0.9615939855575562,6,160670118.858666
25.163042068481445,76.146735,2.619999885559082,203.655624,2023-02-03,0.9644860029220581,5,160670118.986758
25.162931442260742,76.127273,2.390000104904175,202.818527,2023-02-03,0.9689850211143494,8,160670119.09419
25.162652,76.147104,2.4700000286102295,203.889557,2023-02-03,0.9711729884147644,5,160670118.995022
25.162769317626953,76.119581,2.4700000286102295,207.764191,2023-02-03,0.9708520174026489,11,160670118.966098
25.162583,76.139213,2.690000057220459,200.91983032226562,2023-02-03,0.9501889944076538,6,160670118.86693
25.162541,76.127642,2.619999885559082,202.377747,2023-02-03,0.960444986820221,8,160670119.102454
25.162261962890625,76.147473,2.5,204.126114,2023-02-03,0.967881977558136,5,160670119.003286
25.16238021850586,76.11994934082031,2.5,207.820709,2023-02-03,0.977046012878418,11,160670118.974362
25.162151336669922,76.128011,2.4700000286102295,202.44313049316406,2023-02-03,0.9634050130844116,8,160670119.110718
25.162193298339844,76.139582,2.5799999237060547,201.535629,2023-02-03,0.9628260135650635,6,160670118.875194
25.161989212036133,76.120319,2.4700000286102295,207.600723,2023-02-03,0.9769330024719238,11,160670118.982626
25.161803,76.139951,2.950000047683716,201.602997,2023-02-03,0.9554370045661926,6,160670118.883458
25.161872,76.147842,2.619999885559082,204.447388,2023-02-03,0.9569389820098877,5,160670119.01155
25.161761,76.12837982177734,2.3499999046325684,201.728226,2023-02-03,0.9562029838562012,8,160670119.118982
25.161601,76.120689,2.5,207.370911,2023-02-03,0.9751799702644348,11,160670118.99089
25.161481857299805,76.148211,2.5399999618530273,205.30780029296875,2023-02-03,0.9641759991645813,5,160670119.019814
25.1613712310791,76.128749,2.430000066757202,201.461761,2023-02-03,0.9605399966239929,8,160670119.127246
25.161211013793945,76.121058,2.4700000286102295,206.937988,2023-02-03,0.9758099913597107,11,160670118.999154
25.161023,76.14069366455078,2.5399999618530273,201.969757,2023-02-03,0.9607830047607422,6,160670118.899986
25.160821,76.121427,2.430000066757202,206.085159,2023-02-03,0.9733110070228577,11,160670119.007418
25.160981,76.129118,2.390000104904175,201.467834,2023-02-03,0.9739140272140503,8,160670119.13551
25.160701751708984,76.148949,2.4700000286102295,204.684433,2023-02-03,0.9676390290260315,5,160670119.036342
25.16059112548828,76.129487,2.430000066757202,201.195099,2023-02-03,0.9730539917945862,8,160670119.143774
25.160633087158203,76.141059,2.5399999618530273,202.601242,2023-02-03,0.9631829857826233,6,160670118.90825
25.160431,76.12179565429688,2.4700000286102295,205.957458,2023-02-03,0.9768689870834351,11,160670119.015682
25.160243,76.141428,2.5799999237060547,202.878464,2023-02-03,0.9589160084724426,6,160670118.916514
25.160312,76.149318,2.5399999618530273,204.116592,2023-02-03,0.9649140238761902,5,160670119.044606
25.160202026367188,76.129856,2.430000066757202,201.170776,2023-02-03,0.9695619940757751,8,160670119.152038
25.160041,76.122165,2.4700000286102295,205.851685,2023-02-03,0.9772199988365173,11,160670119.023946
25.159852981567383,76.141798,2.5,203.291901,2023-02-03,0.964818000793457,6,160670118.924778
25.159921646118164,76.149687,2.4700000286102295,203.610992,2023-02-03,0.9718120098114014,5,160670119.05287
25.159812,76.130225,2.5799999237060547,201.204376,2023-02-03,0.971563994884491,8,160670119.160302
25.159532,76.150056,2.430000066757202,203.265457,2023-02-03,0.9648100137710571,5,160670119.061134
25.159651,76.122534,2.430000066757202,205.694565,2023-02-03,0.9666699767112732,11,160670119.03221
25.159421920776367,76.130594,2.390000104904175,201.302307,2023-02-03,0.9718869924545288,8,160670119.168566
25.159463,76.142167,2.5399999618530273,203.808243,2023-02-03,0.9638149738311768,6,160670118.933042
25.159261,76.122903,2.390000104904175,205.177414,2023-02-03,0.9681959748268127,11,160670119.040474
25.159072875976562,76.142536,2.5,204.28269958496094,2023-02-03,0.9696469902992249,6,160670118.941306
25.159141540527344,76.150425,2.5399999618530273,202.447205,2023-02-03,0.9711899757385254,5,160670119.069398
25.159032,76.130963,2.5,201.092255,2023-02-03,0.9741060137748718,8,160670119.17683
25.158616,76.184187,2.690000057220459,196.833832,2023-02-03,0.9571089744567871,0,160670119.437147
25.158871,76.123273,2.390000104904175,205.244644,2023-02-03,0.9686310291290283,11,160670119.048738
25.158683,76.142906,2.5,204.735474,2023-02-03,0.9564089775085449,6,160670118.94957
25.15875244140625,76.150794,2.4700000286102295,202.010483,2023-02-03,0.9538559913635254,5,160670119.077662
25.158470153808594,76.187293,2.619999885559082,196.123566,2023-02-01,0.9592220187187195,2,160467845.021508
25.158641815185547,76.131332,2.390000104904175,201.11618041992188,2023-02-03,0.9698939919471741,8,160670119.185094
25.158079,76.186924,2.5399999618530273,196.276932,2023-02-01,0.9653800129890442,2,160467845.013244
25.15848159790039,76.123642,2.5399999618530273,204.762772,2023-02-03,0.9673190116882324,11,160670119.057002
25.158092498779297,76.124011,2.4700000286102295,205.240082,2023-02-03,0.9707919955253601,11,160670119.065266
25.15825080871582,76.131702,11.270000457763672,201.574326,2023-02-03,0.9673110246658325,8,160670119.193358
25.15797233581543,76.151532,2.430000066757202,201.585693,2023-02-03,0.9623550176620483,5,160670119.09419
25.157861,76.132071,8.829999923706055,201.556519,2023-02-03,0.9572619795799255,8,160670119.201622
25.157702,76.12438201904297,2.5,205.156845,2023-02-03,0.9719939827919006,11,160670119.07353
25.157514,76.144013,2.4700000286102295,204.450012,2023-02-03,0.9702569842338562,6,160670118.974362
25.157582,76.151901,2.5799999237060547,202.050476,2023-02-03,0.9696869850158691,5,160670119.102454
25.157472,76.132439,2.5399999618530273,201.511047,2023-02-03,0.9691449999809265,8,160670119.209886
25.157312393188477,76.124749,2.430000066757202,204.987732,2023-02-03,0.9753320217132568,11,160670119.081794
25.157123565673828,76.144382,2.5,203.877884,2023-02-03,0.9674649834632874,6,160670118.982626
25.15719223022461,76.15226745605469,2.619999885559082,201.52005004882812,2023-02-03,0.9691029787063599,5,160670119.110718
25.157081604003906,76.132808,2.430000066757202,201.885681,2023-02-03,0.9674000144004822,8,160670119.21815
25.156692,76.133178,2.5799999237060547,202.737869,2023-02-03,0.9676060080528259,8,160670119.226414
25.156734466552734,76.144752,2.5399999618530273,203.474838,2023-02-03,0.9609400033950806,6,160670118.99089
25.15641212463379,76.153008,2.430000066757202,200.449051,2023-02-03,0.9653570055961609,5,160670119.127246
25.156302,76.133547,2.8399999141693115,202.597443,2023-02-03,0.9626520276069641,8,160670119.234678
25.156344,76.145121,2.430000066757202,202.834061,2023-02-03,0.9598060250282288,6,160670118.999154
25.156142,76.125856,2.430000066757202,203.940598,2023-02-03,0.9776999950408936,11,160670119.106586
25.155954360961914,76.14549255371094,2.4700000286102295,202.2036895751953,2023-02-03,0.964739978313446,6,160670119.007418
25.156022,76.153377,2.4700000286102295,200.245804,2023-02-03,0.9638969898223877,5,160670119.13551
25.155912399291992,76.133916,2.5,203.388809,2023-02-03,0.9751020073890686,8,160670119.242942
25.15563201904297,76.153746,2.5399999618530273,200.148438,2023-02-03,0.9721750020980835,5,160670119.143774
25.155752182006836,76.126225,2.4700000286102295,204.007263,2023-02-03,0.9773480296134949,11,160670119.11485
25.155564,76.145859,2.6500000953674316,201.968872,2023-02-03,0.9705079793930054,6,160670119.015682
25.155362,76.126594,2.5,203.735962,2023-02-03,0.9783830046653748,11,160670119.123114
25.155522,76.13428497314453,2.4700000286102295,203.636536,2023-02-03,0.9691359996795654,8,160670119.251206
25.155242,76.154115,2.430000066757202,199.864105,2023-02-03,0.9605079889297485,5,160670119.152038
25.155132293701172,76.134654,2.5799999237060547,203.840729,2023-02-03,0.9685080051422119,8,160670119.25947
25.155174255371094,76.146228,2.5799999237060547,201.337311,2023-02-03,0.9704020023345947,6,160670119.023946
25.154972076416016,76.126963,2.5,203.879013,2023-02-03,0.9756789803504944,11,160670119.131378
25.154784,76.146597,2.5399999618530273,201.024063,2023-02-03,0.9710040092468262,6,160670119.03221
25.154742,76.135024,2.390000104904175,203.873917,2023-02-03,0.9701200127601624,8,160670119.267734
25.154582,76.127332,2.4700000286102295,204.24649047851562,2023-02-03,0.9726629853248596,11,160670119.139642
25.154394149780273,76.146966,2.4700000286102295,200.92189025878906,2023-02-03,0.9731919765472412,6,160670119.040474
25.154462,76.154852,2.5799999237060547,199.185226,2023-02-03,0.9529380202293396,5,160670119.168566
25.15435218811035,76.135393,2.430000066757202,204.031357,2023-02-03,0.9677050113677979,8,160670119.275998
25.154071807861328,76.155221,2.4700000286102295,198.94223022460938,2023-02-03,0.9567220211029053,5,160670119.17683
25.154191970825195,76.127701,2.390000104904175,203.953033,2023-02-03,0.9689000248908997,11,160670119.147906
25.153962,76.135762,2.4700000286102295,204.253983,2023-02-03,0.9644299745559692,8,160670119.284262
25.154004,76.147335,2.430000066757202,200.511536,2023-02-03,0.9735900163650513,6,160670119.048738
25.153802,76.12806701660156,2.4700000286102295,203.8154296875,2023-02-03,0.9720270037651062,11,160670119.15617
25.153682,76.15558624267578,2.4700000286102295,198.881607,2023-02-03,0.9530730247497559,5,160670119.185094
25.153571,76.136132,6.400000095367432,204.619995,2023-02-03,0.9641410112380981,8,160670119.292526
25.153614044189453,76.147704,2.5,200.205261,2023-02-03,0.9671030044555664,6,160670119.057002
25.153411865234375,76.128439,5.239999771118164,203.5380401611328,2023-02-03,0.9700629711151123,11,160670119.164434
25.153224,76.148073,2.5,200.077026,2023-02-03,0.9697149991989136,6,160670119.065266
25.153182,76.136501,2.4700000286102295,205.296387,2023-02-03,0.9702979922294617,8,160670119.30079
25.152902,76.156328,2.430000066757202,198.475616,2023-02-03,0.9659090042114258,5,160670119.201622
25.153022,76.128808,2.4700000286102295,203.27651977539062,2023-02-03,0.973160982131958,11,160670119.172698
25.152833938598633,76.148442,2.4700000286102295,199.8372802734375,2023-02-03,0.967635989189148,6,160670119.07353
25.152631759643555,76.129177,2.5,203.382828,2023-02-03,0.97148197889328,11,160670119.180962
25.152791,76.136871,7.519999980926514,205.637177,2023-02-03,0.9647169709205627,8,160670119.309054
25.152511596679688,76.156697,2.390000104904175,198.199997,2023-02-03,0.9619889855384827,5,160670119.209886
25.152402,76.137239,2.390000104904175,204.935059,2023-02-03,0.9595069885253906,8,160670119.317318
25.152444,76.148811,2.5,199.608322,2023-02-03,0.9698050022125244,6,160670119.081794
25.152242,76.129546,2.430000066757202,204.050812,2023-02-03,0.97114098072052,11,160670119.189226
25.152053833007812,76.14917755126953,2.4700000286102295,199.187592,2023-02-03,0.960220992565155,6,160670119.090058
25.152122497558594,76.157066,2.5,198.286575,2023-02-03,0.9711679816246033,5,160670119.21815
25.152013,76.137608,2.3499999046325684,204.238617,2023-02-03,0.9560379981994629,8,160670119.325582
25.151853,76.129915,2.430000066757202,203.786499,2023-02-03,0.9632310271263123,11,160670119.19749
25.151664,76.149549,2.390000104904175,199.0418701171875,2023-02-03,0.9617120027542114,6,160670119.098322
25.151732,76.157435,2.4700000286102295,197.990479,2023-02-03,0.9662410020828247,5,160670119.226414
25.151622772216797,76.137977,2.430000066757202,203.793564,2023-02-03,0.9710419774055481,8,160670119.333846
25.151342391967773,76.157804,2.430000066757202,197.747223,2023-02-03,0.9599930047988892,5,160670119.234678
25.151462,76.130284,2.690000057220459,204.440536,2023-02-03,0.9693260192871094,11,160670119.205754
25.151233,76.138346,2.390000104904175,203.372757,2023-02-03,0.9725769758224487,8,160670119.34211
25.151273727416992,76.149918,2.4700000286102295,198.434738,2023-02-03,0.9628660082817078,6,160670119.106586
25.151073455810547,76.130654,2.4700000286102295,204.73468017578125,2023-02-03,0.9774100184440613,11,160670119.214018
25.150952,76.158173,2.390000104904175,197.601883,2023-02-03,0.9616109728813171,5,160670119.242942
25.150842666625977,76.138715,2.390000104904175,203.103714,2023-02-03,0.9564229846000671,8,160670119.350374
25.150884,76.150286,2.4700000286102295,198.364319,2023-02-03,0.9675650000572205,6,160670119.11485
25.150683,76.131023,2.5399999618530273,204.672882,2023-02-03,0.968209981918335,11,160670119.222282
25.150562286376953,76.158543,2.430000066757202,197.634369,2023-02-03,0.9714170098304749,5,160670119.251206
25.150453,76.139085,2.4700000286102295,202.727539,2023-02-03,0.9647700190544128,8,160670119.358638
25.150172,76.158912,2.5,197.539871,2023-02-03,0.9674490094184875,5,160670119.25947
25.150293350219727,76.131392,2.5399999618530273,204.853836,2023-02-03,0.9753479957580566,11,160670119.230546
25.149903,76.131761,2.430000066757202,205.324661,2023-02-03,0.9735199809074402,11,160670119.23881
25.150062561035156,76.139454,2.430000066757202,202.619904,2023-02-03,0.9770659804344177,8,160670119.366902
25.149782180786133,76.159281,2.4700000286102295,197.531906,2023-02-03,0.9617030024528503,5,160670119.267734
25.149674,76.139823,2.430000066757202,202.478439,2023-02-03,0.9706140160560608,8,160670119.375166
25.14971351623535,76.151393,2.5799999237060547,197.992737,2023-02-03,0.9680060148239136,6,160670119.139642
25.149513244628906,76.13213348388672,2.430000066757202,205.78359985351562,2023-02-03,0.9749860167503357,11,160670119.247074
25.149324417114258,76.151762,4.570000171661377,198.049622,2023-02-03,0.9568269848823547,6,160670119.147906
25.149392,76.15965270996094,2.430000066757202,197.560226,2023-02-03,0.9559720158576965,5,160670119.275998
25.14928436279297,76.140192,2.430000066757202,202.047043,2023-02-03,0.9746659994125366,8,160670119.38343
25.149002075195312,76.160019,2.5399999618530273,197.470978,2023-02-03,0.9663779735565186,5,160670119.284262
25.149123,76.132499,2.5,206.277237,2023-02-03,0.9779760241508484,11,160670119.255338
25.148934,76.152131,4.599999904632568,197.837921,2023-02-03,0.9631530046463013,6,160670119.15617
25.148894,76.140561,2.5,201.943481,2023-02-03,0.9708799719810486,8,160670119.391694
25.148612,76.160388,2.4700000286102295,197.431885,2023-02-03,0.9658129811286926,5,160670119.292526
25.148733139038086,76.132869,2.5799999237060547,206.722916,2023-02-03,0.9744729995727539,11,160670119.263602
25.14850425720215,76.14093017578125,2.3499999046325684,201.661011,2023-02-03,0.9719690084457397,8,160670119.399958
25.148544311523438,76.15249633789062,4.0,197.962952,2023-02-03,0.9573249816894531,6,160670119.164434
25.148343,76.133238,2.430000066757202,207.089554,2023-02-03,0.9680089950561523,11,160670119.271866
25.148221969604492,76.160757,2.430000066757202,197.331635,2023-02-03,0.9586340188980103,5,160670119.30079
25.148114,76.141299,2.390000104904175,201.405502,2023-02-03,0.9725469946861267,8,160670119.408222
25.147952,76.133608,8.460000038146973,206.934341,2023-02-03,0.9605110287666321,11,160670119.28013
25.147832,76.161126,2.390000104904175,197.376785,2023-02-03,0.9543439745903015,5,160670119.309054
25.147724151611328,76.141668,2.430000066757202,201.0545196533203,2023-02-03,0.9630140066146851,8,160670119.416486
25.147441864013672,76.161495,2.4700000286102295,197.438614,2023-02-03,0.9642980098724365,5,160670119.317318
25.147504806518555,76.176949,2.7699999809265137,200.980667,2023-02-01,0.9533910155296326,2,160467844.790105
25.147563,76.133976,2.5399999618530273,207.061234,2023-02-03,0.9698590040206909,11,160670119.288394
25.147113,76.176579,2.619999885559082,201.132797,2023-02-01,0.9698420166969299,2,160467844.781839
25.147172927856445,76.134345,2.4700000286102295,206.36199951171875,2023-02-03,0.9725819826126099,11,160670119.296658
25.147334,76.142037,2.5,200.956543,2023-02-03,0.9667829871177673,8,160670119.42475
25.147052,76.161864,2.430000066757202,197.495026,2023-02-03,0.9690650105476379,5,160670119.325582
25.146945,76.142406,2.4700000286102295,201.021942,2023-02-03,0.970570981502533,8,160670119.433014
25.146722,76.17620849609375,2.7300000190734863,201.237534,2023-02-01,0.9527990221977234,2,160467844.773573
25.146783,76.134714,2.4700000286102295,205.650406,2023-02-03,0.9694790244102478,11,160670119.304922
25.14666175842285,76.162233,2.5399999618530273,197.273361,2023-02-03,0.9649919867515564,5,160670119.333846
25.146554946899414,76.142775,2.430000066757202,200.94190979003906,2023-02-03,0.9803310036659241,8,160670119.441278
25.146394,76.135083,2.430000066757202,205.044296,2023-02-03,0.97052001953125,11,160670119.313186
25.146203994750977,76.154714,2.5399999618530273,197.818878,2023-02-03,0.9653059840202332,6,160670119.214018
25.146272,76.162602,2.4700000286102295,197.294647,2023-02-03,0.9620599746704102,5,160670119.34211
25.146165,76.143144,2.5799999237060547,200.574631,2023-02-03,0.9617000222206116,8,160670119.449542
25.14588165283203,76.162972,2.5399999618530273,197.26712036132812,2023-02-03,0.969651997089386,5,160670119.350374
25.145938,76.175471,2.690000057220459,201.450623,2023-02-01,0.9864140152931213,2,160467844.757041
25.14600372314453,76.135452,2.390000104904175,204.4893798828125,2023-02-03,0.9681540131568909,11,160670119.32145
25.145774841308594,76.143513,2.4700000286102295,200.07192993164062,2023-02-03,0.9647520184516907,8,160670119.457806
25.145814,76.155083,2.619999885559082,197.639771,2023-02-03,0.9566829800605774,6,160670119.222282
25.145614,76.135822,2.430000066757202,204.220016,2023-02-03,0.9689019918441772,11,160670119.329714
25.145492,76.163341,2.3499999046325684,197.239838,2023-02-03,0.9641010165214539,5,160670119.358638
25.145385,76.143882,2.4700000286102295,200.169144,2023-02-03,0.9626259803771973,8,160670119.46607
25.14522361755371,76.136191,2.4700000286102295,203.984833,2023-02-03,0.9605169892311096,11,160670119.337978
25.145034,76.155821,2.4700000286102295,197.648499,2023-02-03,0.9691780209541321,6,160670119.23881
25.14510154724121,76.16371154785156,2.4700000286102295,197.28302001953125,2023-02-03,0.9624419808387756,5,160670119.366902
25.144994735717773,76.144251,2.3499999046325684,200.073196,2023-02-03,0.9525870084762573,8,160670119.474334
25.144712448120117,76.164079,2.4700000286102295,197.230453,2023-02-03,0.9634929895401001,5,160670119.375166
25.144834,76.13655853271484,2.390000104904175,204.108612,2023-02-03,0.974361002445221,11,160670119.346242
25.144643783569336,76.15618896484375,2.5799999237060547,197.596756,2023-02-03,0.9664400219917297,6,160670119.247074
25.14444351196289,76.136929,2.390000104904175,203.633606,2023-02-03,0.9689499735832214,11,160670119.354506
25.144605,76.14462280273438,2.5399999618530273,199.936661,2023-02-03,0.9573709964752197,8,160670119.482598
25.144322,76.164448,2.4700000286102295,197.214661,2023-02-03,0.9698320031166077,5,160670119.38343
25.144214630126953,76.144989,2.6500000953674316,200.335358,2023-02-03,0.9679470062255859,8,160670119.490862
25.144254,76.156559,2.4700000286102295,197.46047973632812,2023-02-03,0.9686949849128723,6,160670119.255338
25.144055,76.137298,2.430000066757202,203.282776,2023-02-03,0.960877001285553,11,160670119.36277
25.143863677978516,76.156928,2.5,197.396515,2023-02-03,0.9636350274085999,6,160670119.263602
25.143932342529297,76.164817,2.4700000286102295,197.182617,2023-02-03,0.9681980013847351,5,160670119.391694
25.143825,76.145358,2.430000066757202,200.336029,2023-02-03,0.9698839783668518,8,160670119.499126
25.143665313720703,76.137667,2.430000066757202,203.610443,2023-02-03,0.9706419706344604,11,160670119.371034
25.143474,76.157297,2.4700000286102295,197.40802001953125,2023-02-03,0.9651830196380615,6,160670119.271866
25.143542,76.165186,2.5,196.936569,2023-02-03,0.9648560285568237,5,160670119.399958
25.143436431884766,76.145727,2.390000104904175,199.623917,2023-02-03,0.9598990082740784,8,160670119.50739
25.143152236938477,76.165555,2.430000066757202,196.819229,2023-02-03,0.9567750096321106,5,160670119.408222
25.143275,76.138036,2.4700000286102295,203.384506,2023-02-03,0.9672579765319824,11,160670119.379298
25.143046,76.146096,2.430000066757202,199.442093,2023-02-03,0.9582840204238892,8,160670119.515654
25.143083572387695,76.157666,2.430000066757202,197.382355,2023-02-03,0.9573370218276978,6,160670119.28013
25.142885208129883,76.1384048461914,2.5399999618530273,203.471985,2023-02-03,0.9695289731025696,11,160670119.387562
25.142762,76.16592407226562,2.4700000286102295,196.676636,2023-02-03,0.9608449935913086,5,160670119.416486
25.142468,76.197412,2.5399999618530273,185.572998,2023-02-01,0.9546059966087341,6,160467845.186787
25.142656326293945,76.146465,2.430000066757202,199.348801,2023-02-03,0.9526829719543457,8,160670119.52392
25.1426944732666,76.15803527832031,2.4700000286102295,197.368469,2023-02-03,0.9652730226516724,6,160670119.288394
25.142495,76.138774,2.430000066757202,203.108444,2023-02-03,0.9687359929084778,11,160670119.395826
25.142304,76.158404,2.5399999618530273,197.371506,2023-02-03,0.9695600271224976,6,160670119.296658
25.142372131347656,76.166293,2.5399999618530273,196.694366,2023-02-03,0.9640820026397705,5,160670119.42475
25.141982,76.166662,2.430000066757202,196.650482,2023-02-03,0.9622989892959595,5,160670119.433014
25.142105102539062,76.139144,2.3499999046325684,203.210602,2023-02-03,0.9703630208969116,11,160670119.40409
25.14191436767578,76.158773,2.4700000286102295,197.410568,2023-02-03,0.9669100046157837,6,160670119.304922
25.141875,76.147203,2.5399999618530273,199.519257,2023-02-03,0.9626060128211975,8,160670119.540452
25.141592025756836,76.16703033447266,2.430000066757202,196.681702,2023-02-03,0.9576510190963745,5,160670119.441278
25.141486,76.188304,3.069999933242798,198.982559,2023-02-01,0.9522299766540527,5,160467845.133071
25.141715,76.139513,2.4700000286102295,203.147263,2023-02-03,0.9689249992370605,11,160670119.412354
25.1414852142334,76.147572,2.4700000286102295,199.520996,2023-02-03,0.9709159731864929,8,160670119.548718
25.141524,76.159142,2.5,197.407959,2023-02-03,0.9704319834709167,6,160670119.313186
25.141324996948242,76.139882,2.430000066757202,203.127029,2023-02-03,0.969078004360199,11,160670119.420618
25.14113426208496,76.159511,2.4700000286102295,197.342896,2023-02-03,0.9643359780311584,6,160670119.32145
25.141202,76.167399,2.5,197.033005,2023-02-03,0.9659429788589478,5,160670119.449542
25.141095,76.147941,2.5,199.3711700439453,2023-02-03,0.9732289910316467,8,160670119.556984
25.140703201293945,76.187566,2.619999885559082,197.045074,2023-02-01,0.9513030052185059,5,160467845.116543
25.14093589782715,76.140251,2.390000104904175,203.172623,2023-02-03,0.9678750038146973,11,160670119.428882
25.140744,76.15988159179688,2.4700000286102295,197.240677,2023-02-03,0.960191011428833,6,160670119.329714
25.140811920166016,76.167768,2.619999885559082,196.990341,2023-02-03,0.9612979888916016,5,160670119.457806
25.140705108642578,76.148309,2.5,199.112396,2023-02-03,0.9626610279083252,8,160670119.56525
25.140422,76.168137,2.5,196.925247,2023-02-03,0.9615060091018677,5,160670119.46607
25.140311,76.187196,2.5799999237060547,195.338074,2023-02-01,0.9535549879074097,5,160467845.108279
25.140546,76.14061737060547,2.430000066757202,203.300003,2023-02-03,0.969664990901947,11,160670119.437146
25.140315,76.148678,2.5399999618530273,199.243988,2023-02-03,0.9543930292129517,8,160670119.573516
25.14035415649414,76.16024780273438,2.5,197.390503,2023-02-03,0.9581220149993896,6,160670119.337978
25.140155792236328,76.140989,2.4700000286102295,203.158768,2023-02-03,0.9741520285606384,11,160670119.44541
25.140031814575195,76.168506,2.4700000286102295,196.977173,2023-02-03,0.9654470086097717,5,160670119.474334
25.139968872070312,76.178056,2.5,200.107849,2023-02-01,0.9749839901924133,3,160467844.661982
25.139924,76.149047,2.430000066757202,199.288116,2023-02-03,0.9671379923820496,8,160670119.581782
25.139964,76.160619,2.5,197.477051,2023-02-03,0.9673799872398376,6,160670119.346242
25.139932,76.162274,2.619999885559082,196.196518,2023-02-01,0.9543930292129517,1,160467844.827302
25.139766,76.141358,2.6500000953674316,202.659821,2023-02-03,0.9594110250473022,11,160670119.453674
25.13957405090332,76.160988,2.430000066757202,197.477066,2023-02-03,0.9630939960479736,6,160670119.354506
25.139642,76.168875,2.430000066757202,196.847183,2023-02-03,0.9543089866638184,5,160670119.482598
25.13953399658203,76.149416,2.430000066757202,199.134949,2023-02-03,0.9615640044212341,8,160670119.590048
25.139251708984375,76.169244,2.430000066757202,196.881577,2023-02-03,0.9607669711112976,5,160670119.490862
25.139375686645508,76.141727,2.390000104904175,203.217514,2023-02-03,0.9701859951019287,11,160670119.461938
25.139184,76.161357,2.5,197.372559,2023-02-03,0.9684720039367676,6,160670119.36277
25.139144,76.149785,2.5399999618530273,199.112335,2023-02-03,0.9707279801368713,8,160670119.598314
25.138862,76.169613,2.430000066757202,196.911942,2023-02-03,0.9581300020217896,5,160670119.499126
25.138986,76.142096,2.4700000286102295,203.220413,2023-02-03,0.9714969992637634,11,160670119.470202
25.13875389099121,76.15015411376953,2.4700000286102295,199.141327,2023-02-03,0.9607070088386536,8,160670119.60658
25.1387939453125,76.161726,2.4700000286102295,197.382736,2023-02-03,0.9507870078086853,6,160670119.371034
25.138595581054688,76.142465,2.5,203.469696,2023-02-03,0.9705150127410889,11,160670119.478466
25.138404,76.162095,2.5399999618530273,197.230133,2023-02-03,0.9518240094184875,6,160670119.379298
25.138471603393555,76.169981,2.4700000286102295,196.876846,2023-02-03,0.9630169868469238,5,160670119.50739
25.138362884521484,76.150523,2.5399999618530273,198.797531,2023-02-03,0.965254008769989,8,160670119.614846
25.138206481933594,76.142834,2.430000066757202,203.423492,2023-02-03,0.9673069715499878,11,160670119.48673
25.13801383972168,76.162464,2.4700000286102295,197.376068,2023-02-03,0.9625200033187866,6,160670119.387562
25.138082,76.17034912109375,2.4700000286102295,196.852005,2023-02-03,0.9681569933891296,5,160670119.515654
25.137973,76.150891,2.5399999618530273,198.904068,2023-02-03,0.9695510268211365,8,160670119.623112
25.137692,76.170719,2.4700000286102295,196.694122,2023-02-03,0.9629960060119629,5,160670119.52392
25.137816,76.143202,2.430000066757202,203.602631,2023-02-03,0.9763649702072144,11,160670119.494994
25.137582,76.15126037597656,2.5,198.9168701171875,2023-02-03,0.9712949991226196,8,160670119.631378
25.137624,76.162833,2.430000066757202,197.297867,2023-02-03,0.9587209820747375,6,160670119.395826
25.13737678527832,76.192612,2.4700000286102295,182.2503204345703,2023-02-01,0.9566709995269775,6,160467845.079355
25.137426376342773,76.143571,2.430000066757202,203.602173,2023-02-03,0.9736239910125732,11,160670119.503258
25.13730239868164,76.171088,2.5399999618530273,196.587173,2023-02-03,0.9565179944038391,5,160670119.532186
25.137191772460938,76.151629,2.5399999618530273,198.511215,2023-02-03,0.9613159894943237,8,160670119.639644
25.13723373413086,76.163202,2.4700000286102295,197.298721,2023-02-03,0.9540730118751526,6,160670119.40409
25.136985778808594,76.192243,2.4700000286102295,182.279846,2023-02-01,0.9788749814033508,6,160467845.071091
25.13703727722168,76.1439437866211,2.390000104904175,203.557266,2023-02-03,0.9731000065803528,11,160670119.511522
25.136844,76.163571,2.5399999618530273,197.236023,2023-02-03,0.9703279733657837,6,160670119.412354
25.136912,76.171457,2.4700000286102295,196.656815,2023-02-03,0.9598029851913452,5,160670119.540452
25.136788,76.183874,2.430000066757202,196.408981,2023-02-01,0.9599270224571228,5,160467845.033903
25.136802,76.151998,2.390000104904175,198.711411,2023-02-03,0.9693379998207092,8,160670119.64791
25.136521,76.171826,2.5,196.692703,2023-02-03,0.9647300243377686,5,160670119.548718
25.136647,76.144309,2.390000104904175,203.513077,2023-02-03,0.9726070165634155,11,160670119.519787
25.136455,76.1639404296875,2.4700000286102295,197.302521,2023-02-03,0.9727749824523926,6,160670119.420618
25.136397,76.183505,2.5,196.449005,2023-02-01,0.9641249775886536,5,160467845.025639
25.136411,76.152366,2.3499999046325684,198.276016,2023-02-03,0.9615910053253174,8,160670119.656176
25.136131286621094,76.172194,2.4700000286102295,196.670364,2023-02-03,0.967432975769043,5,160670119.556984
25.136256,76.144678,2.5,203.58522033691406,2023-02-03,0.9760550260543823,11,160670119.528053
25.136021,76.152735,2.430000066757202,198.375763,2023-02-03,0.9633229970932007,8,160670119.664442
25.136064529418945,76.164308,2.4700000286102295,197.080887,2023-02-03,0.9646639823913574,6,160670119.428882
25.135866165161133,76.145048,7.340000152587891,203.600281,2023-02-03,0.9678590297698975,11,160670119.536319
25.13567543029785,76.164677,2.4700000286102295,197.088776,2023-02-03,0.9694179892539978,6,160670119.437146
25.135741,76.172563,2.4700000286102295,196.689285,2023-02-03,0.9646710157394409,5,160670119.56525
25.135629653930664,76.153104,2.319999933242798,198.296463,2023-02-03,0.9617630243301392,8,160670119.672708
25.135476,76.145416,2.5799999237060547,204.145096,2023-02-03,0.9692429900169373,11,160670119.544585
25.135351181030273,76.172932,2.619999885559082,196.425247,2023-02-03,0.9656999707221985,5,160670119.573516
25.13524055480957,76.153473,2.430000066757202,198.25765991210938,2023-02-03,0.962382972240448,8,160670119.680974
25.134960174560547,76.173301,2.4700000286102295,196.46961975097656,2023-02-03,0.9675729870796204,5,160670119.581782
25.135086059570312,76.145785,2.5,204.03713989257812,2023-02-03,0.9673529863357544,11,160670119.552851
25.134849,76.153842,2.430000066757202,198.256729,2023-02-03,0.9610530138015747,8,160670119.68924
25.13489532470703,76.165415,2.5399999618530273,197.153824,2023-02-03,0.9653589725494385,6,160670119.453674
25.13456916809082,76.17366790771484,2.7300000190734863,196.294861,2023-02-03,0.9611849784851074,5,160670119.590048
25.134458,76.15421295166016,2.319999933242798,198.062195,2023-02-03,0.9503340125083923,8,160670119.697506
25.134505,76.165784,2.5799999237060547,196.774689,2023-02-03,0.9584019780158997,6,160670119.461938
25.13411521911621,76.166153,2.5,196.998642,2023-02-03,0.9726740121841431,6,160670119.470202
25.133916,76.146892,2.5,203.296173,2023-02-03,0.9621739983558655,11,160670119.577649
25.133725,76.166522,2.4700000286102295,196.946442,2023-02-03,0.9664580225944519,6,160670119.478466
25.133655548095703,76.180919,2.4700000286102295,194.002457,2023-02-01,0.9517279863357544,5,160467844.967791
25.133459,76.197517,2.5,194.823227,2023-02-01,0.9580749869346619,8,160467845.426443
25.133399,76.174776,2.5799999237060547,196.899323,2023-02-03,0.9522320032119751,5,160670119.614846
25.133525,76.14726257324219,2.5,203.132355,2023-02-03,0.9632070064544678,11,160670119.585915
25.133285522460938,76.155317,2.390000104904175,198.26177978515625,2023-02-03,0.960548996925354,8,160670119.722304
25.13333511352539,76.166891,2.5399999618530273,196.990829,2023-02-03,0.9701849818229675,6,160670119.48673
25.133134841918945,76.147629,2.4700000286102295,202.780701,2023-02-03,0.9670889973640442,11,160670119.594181
25.133008,76.175144,2.6500000953674316,196.6411895751953,2023-02-03,0.9575650095939636,5,160670119.623112
25.132871627807617,76.180181,2.5399999618530273,193.797165,2023-02-01,0.9529659748077393,5,160467844.951263
25.13289451599121,76.155686,4.340000152587891,199.402496,2023-02-03,0.9617059826850891,8,160670119.73057
25.132745,76.147998,2.430000066757202,202.234024,2023-02-03,0.9613569974899292,11,160670119.602447
25.13255500793457,76.167628,2.430000066757202,196.718704,2023-02-03,0.9535689949989319,6,160670119.503258
25.132481,76.179811,2.5399999618530273,193.853027,2023-02-01,0.9578670263290405,5,160467844.942999
25.132226943969727,76.175882,2.390000104904175,196.204391,2023-02-03,0.9504089951515198,5,160670119.639644
25.132354736328125,76.148367,2.430000066757202,202.191422,2023-02-03,0.9601290225982666,11,160670119.610713
25.13211441040039,76.156423,2.390000104904175,199.89830017089844,2023-02-03,0.9886109828948975,8,160670119.747102
25.132165,76.167997,2.4700000286102295,196.685791,2023-02-03,0.9600989818572998,6,160670119.511522
25.1319637298584,76.14873504638672,2.5,201.897049,2023-02-03,0.964818000793457,11,160670119.618979
25.131723403930664,76.156792,2.5,202.480957,2023-02-03,0.9581050276756287,8,160670119.755366
25.131774,76.168366,2.5,196.642014,2023-02-03,0.9628919959068298,6,160670119.519787
25.131574,76.149104,2.430000066757202,201.480911,2023-02-03,0.9613270163536072,11,160670119.627245
25.131383895874023,76.168735,2.4700000286102295,196.532959,2023-02-03,0.9666529893875122,6,160670119.528053
25.131446,76.176619,2.430000066757202,196.793808,2023-02-03,0.9500089883804321,5,160670119.656176
25.131333,76.15715789794922,2.690000057220459,198.160263,2023-02-03,0.9584410190582275,8,160670119.76363
25.131114,76.186706,3.4800000190734863,193.268677,2023-02-01,0.9511010050773621,6,160467844.947131
25.131183,76.149473,2.390000104904175,201.493546,2023-02-03,0.9673770070075989,11,160670119.635511
25.130942,76.157529,2.4700000286102295,198.164307,2023-02-03,0.962440013885498,8,160670119.771894
25.130664825439453,76.177357,2.430000066757202,196.992401,2023-02-03,0.9593009948730469,5,160670119.672708
25.130723,76.186336,5.429999828338623,191.493256,2023-02-01,0.9513869881629944,6,160467844.938867
25.13079261779785,76.149842,2.5399999618530273,201.109329,2023-02-03,0.9655839800834656,11,160670119.643777
25.130552291870117,76.157898,2.430000066757202,197.662338,2023-02-03,0.9639880061149597,8,160670119.780158
25.130603790283203,76.169472,2.7699999809265137,197.00205993652344,2023-02-03,0.955394983291626,6,160670119.544585
25.13033103942871,76.185967,7.710000038146973,191.033798,2023-02-01,0.9511579871177673,6,160467844.930603
25.130401611328125,76.150211,2.5399999618530273,201.429276,2023-02-03,0.967212975025177,11,160670119.652043
25.130214,76.169841,2.5799999237060547,197.11795043945312,2023-02-03,0.9643849730491638,6,160670119.552851
25.130273818969727,76.177725,5.090000152587891,195.866684,2023-02-03,0.9523530006408691,5,160670119.680974
25.13016128540039,76.158266,2.3499999046325684,197.183228,2023-02-03,0.9564039707183838,8,160670119.788422
25.130012,76.150579,2.4700000286102295,201.158188,2023-02-03,0.9723259806632996,11,160670119.660309
25.129823,76.17021179199219,2.5,197.024841,2023-02-03,0.9709470272064209,6,160670119.561117
25.129739,76.177226,2.4700000286102295,195.829102,2023-02-01,0.950639009475708,5,160467844.885151
25.129884,76.178094,3.25,194.183777,2023-02-03,0.9592409729957581,5,160670119.68924
25.129770278930664,76.158635,2.3499999046325684,196.98880004882812,2023-02-03,0.9598000049591064,8,160670119.796686
25.129493,76.178462,2.430000066757202,193.732941,2023-02-03,0.9524030089378357,5,160670119.697506
25.129621505737305,76.150948,2.5,200.478714,2023-02-03,0.9615269899368286,11,160670119.668575
25.129379272460938,76.15900421142578,2.430000066757202,197.019058,2023-02-03,0.9564399719238281,8,160670119.80495
25.129432678222656,76.170579,2.5,197.03273010253906,2023-02-03,0.9657449722290039,6,160670119.569383
25.129231,76.151317,2.4700000286102295,200.320831,2023-02-03,0.9711710214614868,11,160670119.676841
25.128989,76.159373,2.390000104904175,197.33580017089844,2023-02-03,0.9510380029678345,8,160670119.813214
25.129043,76.170947,2.5,197.110748,2023-02-03,0.9690009951591492,6,160670119.577649
25.12883949279785,76.151685,2.430000066757202,200.129837,2023-02-03,0.9709460139274597,11,160670119.685107
25.128652,76.171316,2.430000066757202,197.325989,2023-02-03,0.9651679992675781,6,160670119.585915
25.128598,76.159741,2.390000104904175,197.414459,2023-02-03,0.9581019878387451,8,160670119.821478
25.128321,76.179569,2.4700000286102295,196.192276,2023-02-03,0.9603620171546936,5,160670119.722304
25.128374099731445,76.184121,7.110000133514404,195.682938,2023-02-01,0.9548749923706055,6,160467844.889283
25.128450393676758,76.15205383300781,2.430000066757202,199.953064,2023-02-03,0.9686040282249451,11,160670119.693373
25.12826156616211,76.171685,2.4700000286102295,197.207977,2023-02-03,0.9675970077514648,6,160670119.594181
25.12820816040039,76.16011047363281,2.4700000286102295,197.370804,2023-02-03,0.9679589867591858,8,160670119.829742
25.1279296875,76.179937,3.6700000762939453,197.185181,2023-02-03,0.9539989829063416,5,160670119.73057
25.128059,76.152423,2.3499999046325684,199.6311798095703,2023-02-03,0.9730150103569031,11,160670119.701639
25.127817153930664,76.160479,2.5,197.550964,2023-02-03,0.9642230272293091,8,160670119.838006
25.127872467041016,76.172054,2.5799999237060547,197.072754,2023-02-03,0.9666839838027954,6,160670119.602447
25.127669,76.152791,2.430000066757202,199.208252,2023-02-03,0.9575340151786804,11,160670119.709905
25.12748146057129,76.172422,2.430000066757202,197.304199,2023-02-03,0.9738039970397949,6,160670119.610713
25.12759017944336,76.183382,2.5799999237060547,196.003922,2023-02-01,0.9597679972648621,6,160467844.872755
25.127426147460938,76.160848,2.4700000286102295,197.345154,2023-02-03,0.9618039727210999,8,160670119.84627
25.127389,76.17501068115234,2.390000104904175,196.261734,2023-02-01,0.9575510025024414,5,160467844.835567
25.127198,76.183012,2.5399999618530273,196.302475,2023-02-01,0.9627590179443359,6,160467844.864491
25.127278,76.15316009521484,2.430000066757202,199.156708,2023-02-03,0.9670490026473999,11,160670119.718171
25.127091,76.172791,2.5399999618530273,197.364243,2023-02-03,0.9648690223693848,6,160670119.618979
25.126998,76.174641,2.430000066757202,196.241119,2023-02-01,0.9559569954872131,5,160467844.827302
25.127149,76.180675,2.430000066757202,197.539917,2023-02-03,0.9648500084877014,5,160670119.747102
25.12703514099121,76.161217,2.390000104904175,197.525665,2023-02-03,0.9546160101890564,8,160670119.854534
25.126758,76.181043,2.5,197.446335,2023-02-03,0.9700490236282349,5,160670119.755366
25.126887,76.153529,2.4700000286102295,198.930313,2023-02-03,0.9746770262718201,11,160670119.726437
25.126645,76.161585,2.390000104904175,197.606842,2023-02-03,0.9731600284576416,8,160670119.862798
25.126699447631836,76.17315673828125,2.5799999237060547,197.47998046875,2023-02-03,0.9698079824447632,6,160670119.627245
25.126393,76.198958,2.3499999046325684,176.578323,2023-02-01,0.960748016834259,11,160467845.306615
25.126497268676758,76.153898,2.5,198.621353,2023-02-03,0.9679909944534302,11,160670119.734703
25.126367,76.181412,2.5799999237060547,197.561905,2023-02-03,0.9594500064849854,5,160670119.76363
25.126415252685547,76.1822738647461,2.7699999809265137,196.558197,2023-02-01,0.9579030275344849,6,160467844.847963
25.126253128051758,76.161955,4.53000020980835,197.507553,2023-02-03,0.9732660055160522,8,160670119.871062
25.126310348510742,76.173528,2.4700000286102295,197.051514,2023-02-03,0.9722020030021667,6,160670119.635511
25.126214,76.173902,2.5,195.750626,2023-02-01,0.9523699879646301,5,160467844.81077
25.126011,76.190502,2.619999885559082,177.084518,2023-02-01,0.9636840224266052,8,160467845.269427
25.126001358032227,76.198589,2.390000104904175,176.534637,2023-02-01,0.9681739807128906,11,160467845.298351
25.12610626220703,76.154266,2.4700000286102295,198.432159,2023-02-03,0.9739109873771667,11,160670119.742969
25.125919,76.173897,2.5,196.142166,2023-02-03,0.9652889966964722,6,160670119.643777
25.1259765625,76.18177795410156,4.300000190734863,194.902252,2023-02-03,0.9525200128555298,5,160670119.771894
25.125863,76.162323,2.4700000286102295,197.388351,2023-02-03,0.9713960289955139,8,160670119.879326
25.125587463378906,76.182149,4.420000076293945,189.682617,2023-02-03,0.960116982460022,5,160670119.780158
25.125609,76.1982192993164,2.430000066757202,176.561096,2023-02-01,0.9687759876251221,11,160467845.290087
25.125715255737305,76.154635,3.2200000286102295,198.125381,2023-02-03,0.9705229997634888,11,160670119.751234
25.125529,76.174266,2.950000047683716,194.108597,2023-02-03,0.9544519782066345,6,160670119.652043
25.125473022460938,76.162692,2.430000066757202,197.431076,2023-02-03,0.9715359807014465,8,160670119.88759
25.125228,76.189765,3.3299999237060547,182.644501,2023-02-01,0.9532809853553772,8,160467845.252899
25.12521743774414,76.197851,2.430000066757202,176.567047,2023-02-01,0.9781780242919922,11,160467845.281823
25.12508201599121,76.163061,2.430000066757202,197.355911,2023-02-03,0.9789770245552063,8,160670119.895854
25.125039,76.172793,2.4700000286102295,195.636627,2023-02-01,0.9527990221977234,5,160467844.785972
25.12482452392578,76.197482,2.430000066757202,176.455612,2023-02-01,0.9897300004959106,11,160467845.273559
25.12474822998047,76.175003,3.25,194.915802,2023-02-03,0.9581080079078674,6,160670119.668575
25.124837,76.189396,4.860000133514404,183.795197,2023-02-01,0.9516270160675049,8,160467845.244635
25.124691009521484,76.163429,2.430000066757202,197.401047,2023-02-03,0.9728819727897644,8,160670119.904118
25.12464714050293,76.17242431640625,2.430000066757202,195.658615,2023-02-01,0.953594982624054,5,160467844.777706
25.124543,76.155741,3.4000000953674316,197.699432,2023-02-03,0.9676250219345093,11,160670119.776026
25.124357223510742,76.175372,2.619999885559082,195.724442,2023-02-03,0.963358998298645,6,160670119.676841
25.124415,76.183254,2.6500000953674316,187.052643,2023-02-03,0.9645450115203857,5,160670119.80495
25.124301,76.163798,2.430000066757202,197.305389,2023-02-03,0.9708930253982544,8,160670119.912382
25.124053,76.188658,5.460000038146973,180.852539,2023-02-01,0.9534569978713989,8,160467845.228107
25.12415313720703,76.15611267089844,2.430000066757202,197.091614,2023-02-03,0.9620739817619324,11,160670119.78429
25.123966217041016,76.17574310302734,2.5399999618530273,196.790695,2023-02-03,0.965224027633667,6,160670119.685107
25.123762130737305,76.156478,2.430000066757202,196.897217,2023-02-03,0.9685360193252563,11,160670119.792554
25.123910903930664,76.164167,2.390000104904175,197.386261,2023-02-03,0.9638400077819824,8,160670119.920646
25.123634338378906,76.183992,2.5,186.501572,2023-02-03,0.9563630223274231,5,160670119.821478
25.123649,76.196374,2.390000104904175,176.665482,2023-02-01,0.9919859766960144,11,160467845.248767
25.123519,76.16453552246094,2.3499999046325684,197.553253,2023-02-03,0.967333972454071,8,160670119.92891
25.123576,76.176109,2.880000114440918,197.245636,2023-02-03,0.9541159868240356,6,160670119.693373
25.12325668334961,76.196005,2.3499999046325684,176.725815,2023-02-01,0.9855419993400574,11,160467845.240503
25.123372,76.156847,2.4700000286102295,197.395447,2023-02-03,0.969169020652771,11,160670119.800818
25.12324333190918,76.18435668945312,2.5799999237060547,185.866272,2023-02-03,0.9583010077476501,5,160670119.829742
25.12312889099121,76.164905,2.430000066757202,197.428268,2023-02-03,0.9686999917030334,8,160670119.937174
25.12308120727539,76.170946,2.5399999618530273,194.548538,2023-02-01,0.9630259871482849,5,160467844.744642
25.122852325439453,76.184729,2.4700000286102295,185.268036,2023-02-03,0.9538570046424866,5,160670119.838006
25.122981,76.157216,2.430000066757202,197.503082,2023-02-03,0.9688569903373718,11,160670119.809082
25.122794,76.176846,2.5399999618530273,197.098419,2023-02-03,0.9639739990234375,6,160670119.709905
25.122737884521484,76.165273,2.430000066757202,197.3189697265625,2023-02-03,0.9719809889793396,8,160670119.945438
25.122462,76.185098,2.4700000286102295,183.222855,2023-02-03,0.9509829878807068,5,160670119.84627
25.122474,76.195267,2.319999933242798,176.752823,2023-02-01,0.979233980178833,11,160467845.223975
25.122589111328125,76.15758514404297,2.390000104904175,197.231537,2023-02-03,0.9617940187454224,11,160670119.817346
25.122348,76.165642,2.390000104904175,197.200989,2023-02-03,0.9750570058822632,8,160670119.953702
25.12220001220703,76.157953,2.4700000286102295,196.56134033203125,2023-02-03,0.9680609703063965,11,160670119.82561
25.122014,76.177583,2.430000066757202,184.898682,2023-02-03,0.9624940156936646,6,160670119.726437
25.122071,76.185466,2.430000066757202,181.654709,2023-02-03,0.9737250208854675,5,160670119.854534
25.122093200683594,76.186812,2.9200000762939453,182.384705,2023-02-01,0.9540039896965027,8,160467845.186787
25.121957,76.166011,2.390000104904175,196.758881,2023-02-03,0.9733309745788574,8,160670119.961966
25.121809005737305,76.158322,2.390000104904175,197.159225,2023-02-03,0.9696760177612305,11,160670119.833874
25.121623992919922,76.177951,2.5399999618530273,183.663773,2023-02-03,0.9588119983673096,6,160670119.734703
25.121566772460938,76.1663818359375,2.430000066757202,196.214096,2023-02-03,0.9729750156402588,8,160670119.97023
25.121417999267578,76.158691,2.4700000286102295,197.001251,2023-02-03,0.9741550087928772,11,160670119.842138
25.12102699279785,76.1590576171875,2.4700000286102295,196.591644,2023-02-03,0.9686869978904724,11,160670119.850402
25.121177,76.166748,2.430000066757202,195.813828,2023-02-03,0.9684349894523621,8,160670119.978494
25.120931,76.177099,2.430000066757202,183.591843,2023-02-01,0.9505050182342529,6,160467844.732243
25.12091827392578,76.185704,2.7300000190734863,181.101593,2023-02-01,0.966821014881134,8,160467845.161995
25.120786,76.167117,2.390000104904175,195.681183,2023-02-03,0.9646549820899963,8,160670119.986758
25.12084197998047,76.178689,2.5,183.71253967285156,2023-02-03,0.9588590264320374,6,160670119.751234
25.120637,76.159429,2.690000057220459,196.062958,2023-02-03,0.9627000093460083,11,160670119.858666
25.12053871154785,76.176729,2.4700000286102295,182.81398010253906,2023-02-01,0.976364016532898,6,160467844.723977
25.120528,76.185337,7.0,181.135498,2023-02-01,0.9611870050430298,8,160467845.153731
25.12039566040039,76.167486,2.390000104904175,195.521271,2023-02-03,0.9678670167922974,8,160670119.995022
25.120339,76.1683578491211,2.5799999237060547,194.487152,2023-02-01,0.9568290114402771,5,160467844.68678
25.120246,76.159797,2.430000066757202,196.328506,2023-02-03,0.963146984577179,11,160670119.86693
25.120006,76.16785430908203,2.5,195.678665,2023-02-03,0.9659730195999146,8,160670120.003286
25.119948,76.167991,2.5399999618530273,194.847168,2023-02-01,0.9550849795341492,5,160467844.678514
25.119746,76.184599,2.3499999046325684,195.996185,2023-02-01,0.9576510190963745,8,160467845.137203
25.119725,76.18768310546875,2.430000066757202,195.922394,2023-02-03,0.9620130062103271,5,160670119.904118
25.119855,76.160167,4.75,195.920685,2023-02-03,0.959788978099823,11,160670119.875194
25.11966896057129,76.179796,3.930000066757202,196.102478,2023-02-03,0.9511119723320007,6,160670119.776026
25.119464874267578,76.160535,2.430000066757202,196.648895,2023-02-03,0.9687489867210388,11,160670119.883458
25.11936378479004,76.175621,2.5,182.863403,2023-02-01,0.95169997215271,6,160467844.699179
25.119277954101562,76.180164,2.5799999237060547,195.481934,2023-02-03,0.966592013835907,6,160670119.78429
25.11907386779785,76.16090393066406,2.4700000286102295,196.116516,2023-02-03,0.9686560034751892,11,160670119.891722
25.118972,76.175252,2.4700000286102295,182.755432,2023-02-01,0.9683859944343567,6,160467844.690913
25.118886947631836,76.180533,7.860000133514404,194.771683,2023-02-03,0.9590839743614197,6,160670119.792554
25.11896324157715,76.183861,2.390000104904175,195.828278,2023-02-01,0.9552289843559265,8,160467845.120675
25.11883544921875,76.16896057128906,2.390000104904175,195.051544,2023-02-03,0.9735720157623291,8,160670120.028078
25.11855697631836,76.191575,2.5799999237060547,177.293228,2023-02-01,0.9567880034446716,11,160467845.141335
25.118682861328125,76.161273,2.5399999618530273,196.8617401123047,2023-02-03,0.9688010215759277,11,160670119.899986
25.118581,76.174883,2.5,182.728256,2023-02-01,0.9642500281333923,6,160467844.682647
25.1182918548584,76.161642,2.5799999237060547,197.848892,2023-02-03,0.9713889956474304,11,160670119.90825
25.118445,76.169329,2.430000066757202,194.909454,2023-02-03,0.9694210290908813,8,160670120.036342
25.11805534362793,76.169697,2.4700000286102295,195.297806,2023-02-03,0.9578080177307129,8,160670120.044606
25.118106,76.18126678466797,6.25,192.131104,2023-02-03,0.9595680236816406,6,160670119.809082
25.117902,76.162011,2.5399999618530273,198.07752990722656,2023-02-03,0.9713360071182251,11,160670119.916514
25.1177978515625,76.174144,2.430000066757202,182.89620971679688,2023-02-01,0.9559159874916077,6,160467844.666115
25.117715,76.181639,6.03000020980835,195.09613037109375,2023-02-03,0.9521309733390808,6,160670119.817346
25.117772,76.189523,5.090000152587891,196.633759,2023-02-03,0.9569669961929321,5,160670119.945438
25.11777687072754,76.190841,9.319999694824219,191.609558,2023-02-01,0.9556270241737366,11,160467845.124807
25.117665,76.170066,2.5399999618530273,196.072937,2023-02-03,0.9539039731025696,8,160670120.05287
25.117511,76.162379,2.430000066757202,198.006729,2023-02-03,0.9752079844474792,11,160670119.924778
25.117381,76.189892,5.909999847412109,197.4890899658203,2023-02-03,0.9540860056877136,5,160670119.953702
25.117385,76.190471,17.149999618530273,182.635803,2023-02-01,0.9542250037193298,11,160467845.116543
25.117274,76.170435,2.5799999237060547,197.7001495361328,2023-02-03,0.9677510261535645,8,160670120.061134
25.116994,76.190103,14.9399995803833,187.27593994140625,2023-02-01,0.95660799741745,11,160467845.108279
25.117121,76.162748,2.4700000286102295,197.816635,2023-02-03,0.9622740149497986,11,160670119.933042
25.116884231567383,76.170804,2.5399999618530273,198.259171,2023-02-03,0.9733840227127075,8,160670120.069398
25.117015838623047,76.173408,11.489999771118164,189.103745,2023-02-01,0.9539840221405029,6,160467844.649583
25.116729736328125,76.163117,2.430000066757202,197.652191,2023-02-03,0.9738079905509949,11,160670119.941306
25.116614,76.181646,2.5799999237060547,194.60289001464844,2023-02-01,0.9532819986343384,8,160467845.071091
25.116601943969727,76.189733,11.789999961853027,186.807724,2023-02-01,0.9551429748535156,11,160467845.100015
25.116600036621094,76.19062805175781,7.369999885559082,196.435486,2023-02-03,0.9515849947929382,5,160670119.97023
25.116494,76.171172,2.390000104904175,198.024582,2023-02-03,0.9606419801712036,8,160670120.077662
25.11654281616211,76.182745,2.5,196.52593994140625,2023-02-03,0.956462025642395,6,160670119.842138
25.11634063720703,76.163486,2.430000066757202,197.280914,2023-02-03,0.9722210168838501,11,160670119.94957
25.116151809692383,76.183114,2.430000066757202,197.111847,2023-02-03,0.97052001953125,6,160670119.850402
25.1162109375,76.189363,3.4800000190734863,194.077179,2023-02-01,0.957086980342865,11,160467845.091751
25.1162109375,76.190998,8.800000190734863,193.806824,2023-02-03,0.9517369866371155,5,160670119.978494
25.116031646728516,76.164299,2.5399999618530273,195.68540954589844,2023-02-01,0.9532889723777771,5,160467844.595856
25.116104125976562,76.171541,3.369999885559082,197.052307,2023-02-03,0.959900975227356,8,160670120.085926
25.115819,76.188994,2.430000066757202,195.183685,2023-02-01,0.9581040143966675,11,160467845.083487
25.115949,76.163854,2.430000066757202,196.433868,2023-02-03,0.9619730114936829,11,160670119.957834
25.115841,76.17230224609375,2.4700000286102295,197.265778,2023-02-01,0.9517890214920044,6,160467844.624785
25.115761,76.183482,2.430000066757202,197.227737,2023-02-03,0.9680399894714355,6,160670119.858666
25.11564064025879,76.16393280029297,2.5,195.461258,2023-02-01,0.9539830088615417,5,160467844.587592
25.11571502685547,76.171909,2.690000057220459,195.371719,2023-02-03,0.9552369713783264,8,160670120.09419
25.115440368652344,76.180539,5.5,195.074249,2023-02-01,0.9539250135421753,8,160467845.046299
25.115428,76.188626,4.900000095367432,194.832336,2023-02-01,0.9502879977226257,11,160467845.075223
25.11543083190918,76.191735,12.770000457763672,181.515106,2023-02-03,0.9535719752311707,5,160670119.995022
25.115558624267578,76.164223,2.3499999046325684,196.118469,2023-02-03,0.9737989902496338,11,160670119.966098
25.115324020385742,76.172278,5.730000019073486,195.740128,2023-02-03,0.9565340280532837,8,160670120.102454
25.115371,76.183851,2.430000066757202,197.082428,2023-02-03,0.9671409726142883,6,160670119.86693
25.115169,76.164592,2.430000066757202,195.750885,2023-02-03,0.9753490090370178,11,160670119.974362
25.115058,76.171562,3.4800000190734863,195.071106,2023-02-01,0.9528610110282898,6,160467844.608253
25.115048,76.180169,2.430000066757202,194.285721,2023-02-01,0.9587849974632263,8,160467845.038035
25.114980697631836,76.18421936035156,2.4700000286102295,197.163055,2023-02-03,0.9712129831314087,6,160670119.875194
25.115036010742188,76.188256,5.130000114440918,194.034393,2023-02-01,0.9542019963264465,11,160467845.066959
25.11503791809082,76.192104,9.880000114440918,192.532135,2023-02-03,0.9521260261535645,5,160670120.003286
25.114856719970703,76.163193,2.5,196.725815,2023-02-01,0.9560080170631409,5,160467844.571064
25.114778,76.16496276855469,2.4700000286102295,195.441376,2023-02-03,0.9714530110359192,11,160670119.982626
25.114665985107422,76.171193,2.5,197.516129,2023-02-01,0.9552419781684875,6,160467844.599988
25.114656448364258,76.179801,2.5,195.18157958984375,2023-02-01,0.9560980200767517,8,160467845.029771
25.114589,76.184589,2.5799999237060547,197.088654,2023-02-03,0.9674410223960876,6,160670119.883458
25.11464500427246,76.187887,2.430000066757202,195.223114,2023-02-01,0.9636639952659607,11,160467845.058695
25.114648,76.192472,4.489999771118164,195.904404,2023-02-03,0.9522609710693359,5,160670120.01155
25.114465713500977,76.162824,2.5799999237060547,196.443192,2023-02-01,0.9520450234413147,5,160467844.5628
25.114253,76.187518,2.5,195.393234,2023-02-01,0.9565979838371277,11,160467845.050431
25.1142578125,76.192841,2.7300000190734863,196.336853,2023-02-03,0.9620010256767273,5,160670120.019814
25.11438751220703,76.165329,2.390000104904175,195.228775,2023-02-03,0.9668689966201782,11,160670119.99089
25.114274978637695,76.170824,2.7699999809265137,196.976746,2023-02-01,0.9605929851531982,6,160467844.591724
25.114156,76.173381,2.3499999046325684,183.910416,2023-02-03,0.9567679762840271,8,160670120.127246
25.114198684692383,76.184957,2.5,197.042557,2023-02-03,0.9621250033378601,6,160670119.891722
25.113998413085938,76.165698,2.5,194.725677,2023-02-03,0.9580590128898621,11,160670119.999154
25.113862,76.187149,2.390000104904175,195.45928955078125,2023-02-01,0.9638190269470215,11,160467845.042167
25.113868,76.193209,2.619999885559082,196.331863,2023-02-03,0.9597949981689453,5,160670120.028078
25.113765716552734,76.17375183105469,2.3499999046325684,184.754379,2023-02-03,0.9664289951324463,8,160670120.13551
25.113807678222656,76.1853256225586,2.4700000286102295,196.796249,2023-02-03,0.9615300297737122,6,160670119.899986
25.11360740661621,76.166067,2.7699999809265137,195.809677,2023-02-03,0.9531880021095276,11,160670120.007418
25.113492,76.170086,2.5799999237060547,198.044678,2023-02-01,0.9566490054130554,6,160467844.575196
25.113481521606445,76.178694,5.130000114440918,195.182037,2023-02-01,0.9581249952316284,8,160467845.004979
25.11341667175293,76.185695,2.5399999618530273,196.581406,2023-02-03,0.972586989402771,6,160670119.90825
25.11347007751465,76.186779,2.430000066757202,195.665161,2023-02-01,0.963172972202301,11,160467845.033903
25.113376,76.174119,2.319999933242798,184.627533,2023-02-03,0.9580219984054565,8,160670120.143774
25.113088,76.193946,2.4700000286102295,195.800201,2023-02-03,0.9684119820594788,5,160670120.044606
25.113291,76.161718,2.4700000286102295,197.304214,2023-02-01,0.9638969898223877,5,160467844.538008
25.113217,76.16643524169922,2.390000104904175,196.342834,2023-02-03,0.9775630235671997,11,160670120.015682
25.113100051879883,76.169717,2.5,197.877808,2023-02-01,0.9522389769554138,6,160467844.566932
25.113027,76.186063,2.4700000286102295,196.424133,2023-02-03,0.9754980206489563,6,160670119.916514
25.113079,76.18640899658203,2.390000104904175,195.664169,2023-02-01,0.9606750011444092,11,160467845.025639
25.112899,76.161349,2.4700000286102295,197.348755,2023-02-01,0.9525970220565796,5,160467844.529744
25.112687,76.186041,2.430000066757202,195.620438,2023-02-01,0.9664940237998962,11,160467845.017375
25.11269760131836,76.194315,2.4700000286102295,195.912872,2023-02-03,0.9673770070075989,5,160670120.05287
25.11282730102539,76.166804,2.4700000286102295,196.158295,2023-02-03,0.9672039747238159,11,160670120.023946
25.112596,76.174856,2.3499999046325684,186.87261962890625,2023-02-03,0.9519709944725037,8,160670120.160302
25.112636,76.186432,2.5399999618530273,196.698883,2023-02-03,0.9663919806480408,6,160670119.924778
25.112508,76.16098022460938,2.950000047683716,197.249374,2023-02-01,0.9594039916992188,5,160467844.52148
25.112437,76.167172,2.430000066757202,196.789917,2023-02-03,0.9697139859199524,11,160670120.03221
25.112306594848633,76.177586,2.6500000953674316,197.212128,2023-02-01,0.9579399824142456,8,160467844.980187
25.112245559692383,76.186801,2.4700000286102295,196.8888397216797,2023-02-03,0.9654830098152161,6,160670119.933042
25.112308,76.194683,2.5399999618530273,195.849655,2023-02-03,0.9626020193099976,5,160670120.061134
25.112205505371094,76.17522430419922,2.390000104904175,186.634735,2023-02-03,0.9514579772949219,8,160670120.168566
25.112046,76.167541,2.4700000286102295,197.210571,2023-02-03,0.9724559783935547,11,160670120.040474
25.11191749572754,76.177219,12.880000114440918,196.625473,2023-02-01,0.9542269706726074,8,160467844.971923
25.11190414428711,76.185303,2.6500000953674316,196.1288604736328,2023-02-01,0.9523490071296692,11,160467845.000847
25.111854553222656,76.18717193603516,2.5,196.824432,2023-02-03,0.9696660041809082,6,160670119.941306
25.11191749572754,76.195052,2.619999885559082,196.209457,2023-02-03,0.9586570262908936,5,160670120.069398
25.111527,76.19541931152344,2.5799999237060547,196.266968,2023-02-03,0.9547629952430725,5,160670120.077662
25.111656188964844,76.16790771484375,2.4700000286102295,197.618591,2023-02-03,0.9657269716262817,11,160670120.048738
25.111534118652344,76.168242,2.5,197.282913,2023-02-01,0.9655299782752991,6,160467844.533876
25.111425399780273,76.175962,6.360000133514404,186.416595,2023-02-03,0.9547759890556335,8,160670120.185094
25.111524,76.176848,3.740000009536743,196.067657,2023-02-01,0.9564319849014282,8,160467844.963659
25.111513137817383,76.184934,2.390000104904175,196.21759033203125,2023-02-01,0.9520090222358704,11,160467844.992583
25.11146354675293,76.187538,2.7699999809265137,197.366165,2023-02-03,0.9605460166931152,6,160670119.94957
25.111333,76.15987396240234,2.5,197.350967,2023-02-01,0.9561229944229126,5,160467844.496688
25.111266,76.168278,2.5,198.347961,2023-02-03,0.9706479907035828,11,160670120.057002
25.111121,76.184564,2.390000104904175,196.147888,2023-02-01,0.9529430270195007,11,160467844.984319
25.11113739013672,76.195789,2.5399999618530273,196.052185,2023-02-03,0.9559770226478577,5,160670120.085926
25.111033,76.176332,8.420000076293945,192.435257,2023-02-03,0.9615539908409119,8,160670120.193358
25.111074447631836,76.187907,2.4700000286102295,197.074295,2023-02-03,0.953233003616333,6,160670119.957834
25.110876083374023,76.168647,2.5399999618530273,198.703033,2023-02-03,0.9654849767684937,11,160670120.065266
25.110729217529297,76.184195,2.4700000286102295,196.517624,2023-02-01,0.9612089991569519,11,160467844.976055
25.11068344116211,76.188276,2.430000066757202,197.147141,2023-02-03,0.9693089723587036,6,160670119.966098
25.110747,76.196157,2.4700000286102295,196.353882,2023-02-03,0.9628289937973022,5,160670120.09419
25.11064338684082,76.17669677734375,2.390000104904175,198.165863,2023-02-03,0.9705179929733276,8,160670120.201622
25.1103572845459,76.19652557373047,2.430000066757202,196.664825,2023-02-03,0.9692069888114929,5,160670120.102454
25.110486,76.169016,2.4700000286102295,198.731735,2023-02-03,0.9688460230827332,11,160670120.07353
25.11033821105957,76.183826,2.4700000286102295,196.696609,2023-02-01,0.9632949829101562,11,160467844.967791
25.110293,76.18864440917969,2.4700000286102295,197.204376,2023-02-03,0.9557660222053528,6,160670119.974362
25.110253,76.177069,2.990000009536743,197.929245,2023-02-03,0.9601340293884277,8,160670120.209886
25.109967,76.196894,2.6500000953674316,197.006409,2023-02-03,0.9641820192337036,5,160670120.110718
25.110095977783203,76.169384,2.5799999237060547,198.419189,2023-02-03,0.9748330116271973,11,160670120.081794
25.10986328125,76.177437,2.390000104904175,196.99147033691406,2023-02-03,0.968563973903656,8,160670120.21815
25.109947204589844,76.183457,2.4700000286102295,196.724518,2023-02-01,0.9618369936943054,11,160467844.959527
25.109902,76.189013,2.4700000286102295,197.521881,2023-02-03,0.9686229825019836,6,160670119.982626
25.109706,76.169753,2.4700000286102295,198.518646,2023-02-03,0.9740790128707886,11,160670120.090058
25.109555,76.183088,2.5399999618530273,196.703583,2023-02-01,0.9607660174369812,11,160467844.951263
25.109512329101562,76.189382,2.4700000286102295,197.491806,2023-02-03,0.9609889984130859,6,160670119.99089
25.109577178955078,76.197262,2.5799999237060547,197.337234,2023-02-03,0.9669870138168335,5,160670120.118982
25.109575271606445,76.166398,2.5399999618530273,197.135025,2023-02-01,0.9615730047225952,6,160467844.492556
25.109472274780273,76.177806,2.5,196.658981,2023-02-03,0.9639679789543152,8,160670120.226414
25.109315872192383,76.170121,2.4700000286102295,198.166138,2023-02-03,0.9731169939041138,11,160670120.098322
25.109163284301758,76.182718,2.4700000286102295,196.814026,2023-02-01,0.9650189876556396,11,160467844.942999
25.10918617248535,76.197631,2.5399999618530273,197.324997,2023-02-03,0.961571991443634,5,160670120.127246
25.109082,76.178175,2.430000066757202,196.949432,2023-02-03,0.965565025806427,8,160670120.234678
25.108796,76.197999,2.5,197.446228,2023-02-03,0.9678739905357361,5,160670120.13551
25.108792,76.165661,7.150000095367432,196.800461,2023-02-01,0.9569169878959656,6,160467844.476028
25.108926,76.17048645019531,2.430000066757202,197.495392,2023-02-03,0.9692569971084595,11,160670120.106586
25.108691,76.178543,2.5,197.52182006835938,2023-02-03,0.9729070067405701,8,160670120.242942
25.10877227783203,76.182349,2.4700000286102295,197.085434,2023-02-01,0.9652199745178223,11,160467844.934735
25.108731,76.190119,2.6500000953674316,196.913406,2023-02-03,0.9658480286598206,6,160670120.007418
25.108535766601562,76.170858,2.5799999237060547,197.780777,2023-02-03,0.9619899988174438,11,160670120.11485
25.10840606689453,76.198368,2.5,197.454407,2023-02-03,0.9673510193824768,5,160670120.143774
25.108591079711914,76.157292,2.5399999618530273,197.221924,2023-02-01,0.9537960290908813,5,160467844.43884
25.108400344848633,76.165291,2.5799999237060547,197.009262,2023-02-01,0.9659180045127869,6,160467844.467764
25.108301162719727,76.178912,2.430000066757202,197.745773,2023-02-03,0.973022997379303,8,160670120.251206
25.108379364013672,76.18197631835938,2.5,197.28269958496094,2023-02-01,0.9582319855690002,11,160467844.926471
25.108341217041016,76.190487,2.4700000286102295,196.761932,2023-02-03,0.9501789808273315,6,160670120.015682
25.108199,76.156923,2.4700000286102295,197.227066,2023-02-01,0.9571980237960815,5,160467844.430576
25.108146,76.171227,2.4700000286102295,198.13121032714844,2023-02-03,0.9642289876937866,11,160670120.123114
25.107988357543945,76.181611,2.5799999237060547,197.103485,2023-02-01,0.9641249775886536,11,160467844.918207
25.10795021057129,76.190856,5.909999847412109,196.854218,2023-02-03,0.9500799775123596,6,160670120.023946
25.108016,76.198736,2.4700000286102295,197.521118,2023-02-03,0.9688299894332886,5,160670120.152038
25.10791015625,76.179281,2.430000066757202,197.834549,2023-02-03,0.9675019979476929,8,160670120.25947
25.107755661010742,76.171595,7.489999771118164,189.258591,2023-02-03,0.9608700275421143,11,160670120.131378
25.10759735107422,76.181241,2.3499999046325684,196.839951,2023-02-01,0.9607080221176147,11,160467844.909943
25.107617,76.164554,2.4700000286102295,196.334854,2023-02-01,0.9544140100479126,6,160467844.451236
25.107519149780273,76.179649,2.390000104904175,197.927979,2023-02-03,0.9622520208358765,8,160670120.267734
25.10736656188965,76.171962,2.7699999809265137,185.70928955078125,2023-02-03,0.957165002822876,11,160670120.139642
25.107205,76.180872,2.390000104904175,196.854401,2023-02-01,0.9564970135688782,11,160467844.901679
25.10717010498047,76.191593,8.760000228881836,193.15274047851562,2023-02-03,0.9602559804916382,6,160670120.040474
25.106978,76.17233276367188,2.4700000286102295,185.248459,2023-02-03,0.9546599984169006,11,160670120.147906
25.106822,76.172414,2.240000009536743,184.455963,2023-02-01,0.9538580179214478,8,160467844.864491
25.106739044189453,76.180387,2.3499999046325684,197.925766,2023-02-03,0.9617540240287781,8,160670120.284262
25.106813430786133,76.180503,2.430000066757202,196.909088,2023-02-01,0.9662629961967468,11,160467844.893415
25.106422424316406,76.180134,2.4700000286102295,196.904175,2023-02-01,0.962116003036499,11,160467844.885151
25.10638999938965,76.19232940673828,7.860000133514404,192.018723,2023-02-03,0.9527029991149902,6,160670120.057002
25.106442,76.163447,2.5399999618530273,196.041107,2023-02-01,0.950721025466919,6,160467844.426444
25.106348037719727,76.180755,2.430000066757202,197.836975,2023-02-03,0.9653440117835999,8,160670120.292526
25.106039,76.171676,2.4700000286102295,186.532043,2023-02-01,0.9532889723777771,8,160467844.847963
25.106029510498047,76.179764,2.390000104904175,196.906113,2023-02-01,0.9658129811286926,11,160467844.876887
25.105958,76.181124,2.390000104904175,197.840286,2023-02-03,0.9619060158729553,8,160670120.30079
25.106000900268555,76.192698,9.699999809265137,190.364807,2023-02-03,0.9518229961395264,6,160670120.065266
25.10565757751465,76.162709,2.5,195.948792,2023-02-01,0.9517840147018433,6,160467844.409916
25.105648040771484,76.171307,2.390000104904175,187.27655029296875,2023-02-01,0.951894998550415,8,160467844.839699
25.105638,76.179395,2.430000066757202,196.685287,2023-02-01,0.9649050235748291,11,160467844.868623
25.105609893798828,76.193066,10.069999694824219,185.473846,2023-02-03,0.9547240138053894,6,160670120.07353
25.105266571044922,76.16233825683594,2.5399999618530273,195.889465,2023-02-01,0.9629449844360352,6,160467844.401652
25.105247497558594,76.179026,2.3499999046325684,196.305099,2023-02-01,0.9550970196723938,11,160467844.860359
25.10517692565918,76.181861,2.4700000286102295,197.757263,2023-02-03,0.9689509868621826,8,160670120.317318
25.105027,76.174173,2.390000104904175,184.903641,2023-02-03,0.983460009098053,11,160670120.189226
25.104854583740234,76.178657,2.4700000286102295,196.612549,2023-02-01,0.9577599763870239,11,160467844.852095
25.104829,76.193804,5.690000057220459,196.852188,2023-02-03,0.9616870284080505,6,160670120.090058
25.104875,76.161971,2.5,195.502686,2023-02-01,0.9528099894523621,6,160467844.393388
25.104785919189453,76.1822280883789,2.390000104904175,197.953018,2023-02-03,0.9737380146980286,8,160670120.325582
25.136771,76.101597,11.479999542236328,208.264877,2024-11-12,0.9551389813423157,6,216683578.702445
25.131284713745117,76.106775,2.4600000381469727,205.364868,2024-11-12,0.9506909847259521,6,216683578.818141
25.124818801879883,76.120527,6.429999828338623,203.494324,2024-11-12,0.9504410028457642,5,216683579.078457
25.122073,76.123117,11.300000190734863,201.613373,2024-11-12,0.9532930254936218,5,216683579.136305
25.121681213378906,76.123486,10.470000267028809,202.06777954101562,2024-11-12,0.9549310207366943,5,216683579.144569
25.120899,76.124224,5.5,202.128067,2024-11-12,0.9530029892921448,5,216683579.161097
25.120507,76.124593,4.559999942779541,202.463104,2024-11-12,0.9623460173606873,5,216683579.169361
25.118741,76.11860656738281,2.4600000381469727,202.618591,2024-11-12,0.9519799947738647,6,216683579.082589
25.118600845336914,76.100024,7.809999942779541,207.810577,2024-11-12,0.9547659754753113,11,216683579.185889
25.117371,76.127551,8.270000457763672,201.184631,2024-11-12,0.9537379741668701,5,216683579.235473
25.116981,76.127918,2.5,201.113251,2024-11-12,0.954177975654602,5,216683579.243737
25.116640090942383,76.101872,10.0600004196167,206.536301,2024-11-12,0.962073028087616,11,216683579.227209
25.115859,76.102608,2.5399999618530273,206.778656,2024-11-12,0.9562810063362122,11,216683579.243737
25.115076065063477,76.103346,2.5399999618530273,206.0463104248047,2024-11-12,0.9501609802246094,11,216683579.260265
25.113901138305664,76.104455,2.5399999618530273,206.013763,2024-11-12,0.9530839920043945,11,216683579.285062
25.113509,76.104824,2.5,205.885254,2024-11-12,0.9552180171012878,11,216683579.293328
25.112333297729492,76.105935,6.880000114440918,205.380356,2024-11-12,0.9566559791564941,11,216683579.318126
25.109983444213867,76.108149,2.690000057220459,205.385284,2024-11-12,0.9608489871025085,11,216683579.367722
25.10645294189453,76.111475,2.4600000381469727,206.707535,2024-11-12,0.9518889784812927,11,216683579.442116
25.194671,76.194029,2.8299999237060547,192.928085,2025-02-01,0.9525970220565796,8,223621109.780317
25.193891,76.193289,2.7200000286102295,193.300751,2025-02-01,0.9625459909439087,8,223621109.763789
25.193095,76.175518,2.569999933242798,191.969147,2025-02-01,0.9586470127105713,5,223621109.28029
25.192718,76.19217681884766,2.7200000286102295,190.437378,2025-02-01,0.9549750089645386,8,223621109.738997
25.1925106048584,76.183163,2.569999933242798,192.303909,2025-02-01,0.9540050029754639,6,223621109.30095
25.192310333251953,76.199906,3.0199999809265137,191.315979,2025-02-01,0.9533159732818604,11,223621109.759657
25.192313,76.174779,2.6500000953674316,191.874619,2025-02-01,0.9544079899787903,5,223621109.263761
25.192119598388672,76.182794,2.569999933242798,192.359879,2025-02-01,0.9593139886856079,6,223621109.292686
25.191939,76.191441,2.609999895095825,192.348892,2025-02-01,0.9594900012016296,8,223621109.722469
25.191919326782227,76.199536,3.4700000286102295,191.517044,2025-02-01,0.9613209962844849,11,223621109.751393
25.191923141479492,76.174409,2.5399999618530273,191.950562,2025-02-01,0.9581670165061951,5,223621109.255497
25.191139221191406,76.198797,3.5799999237060547,191.825577,2025-02-01,0.9542019963264465,11,223621109.734865
25.190167,76.180945,2.609999895095825,192.226227,2025-02-01,0.9514070153236389,6,223621109.251366
25.189208,76.188853,2.759999990463257,193.149292,2025-02-01,0.9542940258979797,8,223621109.664609
25.188995361328125,76.179836,2.5,192.410446,2025-02-01,0.9509389996528625,6,223621109.226573
25.188821,76.18848419189453,7.059999942779541,193.113403,2025-02-01,0.9540860056877136,8,223621109.656343
25.188800811767578,76.196579,3.0199999809265137,193.460205,2025-02-01,0.9590280055999756,11,223621109.685274
25.1886043548584,76.179466,2.5399999618530273,192.356598,2025-02-01,0.9567360281944275,6,223621109.218309
25.188018798828125,76.195839,2.609999895095825,193.640015,2025-02-01,0.9527789950370789,11,223621109.668742
25.188039,76.187744140625,3.6600000858306885,193.743774,2025-02-01,0.9548360109329224,8,223621109.639811
25.187629,76.19547271728516,2.680000066757202,193.979843,2025-02-01,0.9600459933280945,11,223621109.660476
25.18743324279785,76.178357,2.6500000953674316,192.514816,2025-02-01,0.9529920220375061,6,223621109.193518
25.187259674072266,76.187005,4.929999828338623,194.861771,2025-02-01,0.9616010189056396,8,223621109.623279
25.187238693237305,76.19509887695312,2.7200000286102295,194.052856,2025-02-01,0.9620890021324158,11,223621109.65221
25.187042236328125,76.177987,2.6500000953674316,192.449921,2025-02-01,0.9522659778594971,6,223621109.185254
25.186851501464844,76.194731,5.300000190734863,195.409805,2025-02-01,0.9503229856491089,11,223621109.643944
25.186086,76.185895,2.7200000286102295,193.057053,2025-02-01,0.9584019780158997,8,223621109.598481
25.18606948852539,76.193991,5.150000095367432,193.6500701904297,2025-02-01,0.9552059769630432,11,223621109.627412
25.186063766479492,76.168864,2.609999895095825,192.639404,2025-02-01,0.9528390169143677,5,223621109.131537
25.185676,76.193621,2.8299999237060547,190.987427,2025-02-01,0.9585620164871216,11,223621109.619146
25.185285568237305,76.193251,2.680000066757202,191.592346,2025-02-01,0.954617977142334,11,223621109.61088
25.184897,76.192881,2.6500000953674316,192.317886,2025-02-01,0.9641669988632202,11,223621109.602614
25.184894,76.16775512695312,4.739999771118164,193.279999,2025-02-01,0.951774001121521,5,223621109.106746
25.184507369995117,76.192512,2.869999885559082,192.770889,2025-02-01,0.9687889814376831,11,223621109.594348
25.18450164794922,76.167385,2.609999895095825,193.249207,2025-02-01,0.9565060138702393,5,223621109.098482
25.184308,76.175399,2.6500000953674316,192.750854,2025-02-01,0.9557390213012695,6,223621109.127405
25.184133529663086,76.184046,2.8299999237060547,192.905701,2025-02-01,0.9549319744110107,8,223621109.557151
25.183917999267578,76.175029,2.609999895095825,192.713974,2025-02-01,0.9529439806938171,6,223621109.119141
25.183744430541992,76.183676,2.799999952316284,193.049942,2025-02-01,0.9568250179290771,8,223621109.548885
25.183728,76.191773,4.590000152587891,193.277618,2025-02-01,0.9558150172233582,11,223621109.577816
25.183354,76.183306,2.869999885559082,193.021866,2025-02-01,0.9631360173225403,8,223621109.540619
25.182963,76.182937,2.759999990463257,192.931839,2025-02-01,0.9511110186576843,8,223621109.532353
25.182572,76.182567,2.799999952316284,193.01531982421875,2025-02-01,0.9548940062522888,8,223621109.524087
25.182157516479492,76.165165,2.5399999618530273,193.296097,2025-02-01,0.9567790031433105,5,223621109.048898
25.182165145874023,76.190293,2.7200000286102295,193.367722,2025-02-01,0.9547190070152283,11,223621109.544752
25.181775,76.189923,2.869999885559082,193.564926,2025-02-01,0.9648920297622681,11,223621109.536486
25.1817684173584,76.164794921875,2.569999933242798,193.408493,2025-02-01,0.959043025970459,5,223621109.040633
25.181401,76.181457,2.799999952316284,192.971771,2025-02-01,0.9510629773139954,8,223621109.499289
25.181384,76.189553,2.759999990463257,193.485748,2025-02-01,0.9545080065727234,11,223621109.52822
25.18101692199707,76.181089,12.25,192.888855,2025-02-01,0.9530879855155945,8,223621109.491023
25.180997,76.189184,7.059999942779541,193.564056,2025-02-01,0.9509890079498291,11,223621109.519954
25.180596,76.163685,2.5,193.500351,2025-02-01,0.953141987323761,5,223621109.015842
25.180620193481445,76.180717,2.7200000286102295,193.126724,2025-02-01,0.9512050151824951,8,223621109.482757
25.180213,76.188443,2.9800000190734863,193.444489,2025-02-01,0.9520879983901978,11,223621109.503422
25.180206298828125,76.16331481933594,2.569999933242798,193.56134033203125,2025-02-01,0.952422022819519,5,223621109.007578
25.179822,76.188074,2.7200000286102295,193.605576,2025-02-01,0.9551389813423157,11,223621109.495156
25.179431,76.187704,2.6500000953674316,193.587982,2025-02-01,0.9501109719276428,11,223621109.48689
25.179034,76.162204,2.569999933242798,193.811737,2025-02-01,0.9507030248641968,5,223621108.982785
25.179058074951172,76.179238,2.8299999237060547,193.179947,2025-02-01,0.9515699744224548,8,223621109.449701
25.179041,76.187334,2.799999952316284,193.611435,2025-02-01,0.9591159820556641,11,223621109.478625
25.178651,76.186964,2.8299999237060547,193.721024,2025-02-01,0.9568049907684326,11,223621109.470361
25.178643,76.161834,2.5399999618530273,193.963638,2025-02-01,0.958450973033905,5,223621108.974521
25.178260803222656,76.186594,2.680000066757202,193.897598,2025-02-01,0.9581289887428284,11,223621109.462097
25.178253173828125,76.161463,2.609999895095825,193.958298,2025-02-01,0.9550169706344604,5,223621108.966258
25.17806053161621,76.169479,2.6500000953674316,193.775146,2025-02-01,0.9563050270080566,6,223621108.995182
25.177886,76.178129,2.759999990463257,193.222916,2025-02-01,0.9576960206031799,8,223621109.424909
25.17786979675293,76.186224,2.8299999237060547,193.872971,2025-02-01,0.9573130011558533,11,223621109.453833
25.1774959564209,76.177759,2.799999952316284,193.616257,2025-02-01,0.9552540183067322,8,223621109.416645
25.177278518676758,76.168739,2.6500000953674316,193.948135,2025-02-01,0.9598090052604675,6,223621108.978653
25.177104949951172,76.177389,2.7200000286102295,193.579315,2025-02-01,0.9608460068702698,8,223621109.408381
25.177087783813477,76.185485,2.759999990463257,193.384415,2025-02-01,0.9551090002059937,11,223621109.437305
25.176698,76.185115,2.7200000286102295,193.616272,2025-02-01,0.965287983417511,11,223621109.429041
25.176496505737305,76.167998,2.5,193.969757,2025-02-01,0.9517379999160767,6,223621108.962126
25.176307,76.184745,2.799999952316284,193.609863,2025-02-01,0.9638590216636658,11,223621109.420777
25.175153,76.175541,2.799999952316284,193.863983,2025-02-01,0.9577959775924683,8,223621109.367061
25.17473793029785,76.15812683105469,2.569999933242798,195.012283,2025-02-01,0.953669011592865,5,223621108.891881
25.17415428161621,76.165776,2.569999933242798,194.534683,2025-02-01,0.9522640109062195,6,223621108.912542
25.173981,76.174431,2.680000066757202,194.032501,2025-02-01,0.9556040167808533,8,223621109.342269
25.173966,76.182527,5.519999980926514,193.968765,2025-02-01,0.9516220092773438,11,223621109.371193
25.173957,76.157389,2.569999933242798,195.288895,2025-02-01,0.9580739736557007,5,223621108.875353
25.1735897064209,76.174062,2.8299999237060547,194.081833,2025-02-01,0.9604790210723877,8,223621109.334005
25.173200607299805,76.173692,2.759999990463257,194.2222900390625,2025-02-01,0.9602890014648438,8,223621109.325741
25.172983169555664,76.164664,2.609999895095825,195.166367,2025-02-01,0.9533020257949829,6,223621108.887749
25.172793,76.181418,4.03000020980835,194.368408,2025-02-01,0.9569609761238098,11,223621109.346401
25.172809,76.173322,2.799999952316284,194.07810974121094,2025-02-01,0.9551439881324768,8,223621109.317477
25.17241859436035,76.172953,2.9100000858306885,194.386566,2025-02-01,0.9647009968757629,8,223621109.309213
25.172402,76.181048,2.609999895095825,194.655807,2025-02-01,0.9557080268859863,11,223621109.338137
25.172393798828125,76.155907,2.569999933242798,195.569504,2025-02-01,0.9514250159263611,5,223621108.842297
25.172027587890625,76.172583,2.799999952316284,194.428146,2025-02-01,0.955748975276947,8,223621109.300949
25.172011,76.180678,2.7200000286102295,194.740845,2025-02-01,0.9558249711990356,11,223621109.329873
25.172004,76.155536,2.5,195.780792,2025-02-01,0.9613109827041626,5,223621108.834033
25.1716365814209,76.172213,2.8299999237060547,194.458435,2025-02-01,0.9596329927444458,8,223621109.292685
25.171621322631836,76.180308,2.7200000286102295,194.798706,2025-02-01,0.959659993648529,11,223621109.321609
25.171030044555664,76.162812,2.5399999618530273,195.616867,2025-02-01,0.9536830186843872,6,223621108.846429
25.170839309692383,76.179569,2.759999990463257,194.856033,2025-02-01,0.957364022731781,11,223621109.305081
25.17064094543457,76.162441,2.6500000953674316,195.662994,2025-02-01,0.9626960158348083,6,223621108.838165
25.17046546936035,76.171105,2.7200000286102295,194.879562,2025-02-01,0.9519960284233093,8,223621109.267893
25.170449,76.179199,2.680000066757202,195.146561,2025-02-01,0.9620389938354492,11,223621109.296817
25.17005157470703,76.153685,2.569999933242798,197.026474,2025-02-01,0.9555040001869202,5,223621108.792713
25.170059,76.1788330078125,2.6500000953674316,195.300537,2025-02-01,0.9618030190467834,11,223621109.288553
25.169858932495117,76.16169738769531,2.5399999618530273,195.646637,2025-02-01,0.9596239924430847,6,223621108.821638
25.169668197631836,76.17845916748047,2.8299999237060547,195.194046,2025-02-01,0.9728689789772034,11,223621109.280289
25.169662475585938,76.153314,2.569999933242798,197.645691,2025-02-01,0.9611999988555908,5,223621108.784449
25.16927719116211,76.17809295654297,2.759999990463257,195.329086,2025-02-01,0.962490975856781,11,223621109.272025
25.168903350830078,76.169626,2.8299999237060547,195.427902,2025-02-01,0.9589380025863647,8,223621109.234837
25.168887,76.177721,2.799999952316284,195.294144,2025-02-01,0.9524379968643188,11,223621109.263761
25.168492,76.152204,2.569999933242798,198.960251,2025-02-01,0.9572439789772034,5,223621108.759658
25.168102264404297,76.151834,2.7200000286102295,199.271759,2025-02-01,0.9562190175056458,5,223621108.751393
25.168122,76.168887,2.5399999618530273,195.714981,2025-02-01,0.9602220058441162,8,223621109.218309
25.16773223876953,76.168517,2.759999990463257,195.700806,2025-02-01,0.968762993812561,8,223621109.210045
25.167715072631836,76.176612,2.7200000286102295,195.424637,2025-02-01,0.9587630033493042,11,223621109.238969
25.167341232299805,76.168148,2.759999990463257,195.790192,2025-02-01,0.9607899785041809,8,223621109.201781
25.167325,76.176242,2.8299999237060547,195.781082,2025-02-01,0.9584680199623108,11,223621109.230705
25.166932,76.150724,2.5399999618530273,200.408005,2025-02-01,0.9501439929008484,5,223621108.726602
25.166950225830078,76.167778,2.799999952316284,195.804276,2025-02-01,0.9598720073699951,8,223621109.193517
25.166934,76.175872,2.7200000286102295,195.880768,2025-02-01,0.964576005935669,11,223621109.222441
25.166736,76.158738,2.569999933242798,197.239578,2025-02-01,0.9558280110359192,6,223621108.755525
25.166543,76.175503,2.759999990463257,195.754456,2025-02-01,0.9574369788169861,11,223621109.214177
25.166169,76.167039,2.680000066757202,196.049393,2025-02-01,0.952235996723175,8,223621109.176989
25.166152954101562,76.175133,2.950000047683716,195.859543,2025-02-01,0.9606829881668091,11,223621109.205913
25.165779,76.166669,2.759999990463257,196.179657,2025-02-01,0.9529010057449341,8,223621109.168725
25.165371,76.174394,2.609999895095825,195.819336,2025-02-01,0.95209801197052,11,223621109.189385
25.164981,76.174024,2.680000066757202,196.01058959960938,2025-02-01,0.9514189958572388,11,223621109.181121
25.164981,76.148873,2.5,202.515228,2025-02-01,0.9604629874229431,5,223621108.685275
25.164591,76.173655,2.759999990463257,196.0622100830078,2025-02-01,0.9562000036239624,11,223621109.172857
25.164201,76.148133,2.6500000953674316,203.317841,2025-02-01,0.951587975025177,5,223621108.668743
25.163841247558594,76.164826,23.760000228881836,197.385834,2025-02-01,0.9500190019607544,8,223621109.127405
25.163616180419922,76.155777,2.569999933242798,199.878113,2025-02-01,0.9560390114784241,6,223621108.689408
25.163442,76.164454,9.819999694824219,197.772003,2025-02-01,0.9607980251312256,8,223621109.119141
25.163421,76.147393,2.609999895095825,203.560806,2025-02-01,0.9573330283164978,5,223621108.652211
25.163225173950195,76.155407,2.7200000286102295,199.908142,2025-02-01,0.9502630233764648,6,223621108.681142
25.16304588317871,76.164083,3.0199999809265137,197.780914,2025-02-01,0.9700809717178345,8,223621109.110877
25.16303062438965,76.147023,2.5399999618530273,203.747025,2025-02-01,0.9554280042648315,5,223621108.643945
25.162639617919922,76.146653,2.569999933242798,203.588989,2025-02-01,0.9524999856948853,5,223621108.635679
25.162445068359375,76.154667,2.5399999618530273,200.822845,2025-02-01,0.9550750255584717,6,223621108.66461
25.162254333496094,76.171439,11.199999809265137,197.89385986328125,2025-02-01,0.9524170160293579,11,223621109.123273
25.162250518798828,76.146283,2.690000057220459,203.980209,2025-02-01,0.953682005405426,5,223621108.627413
25.162269592285156,76.16334533691406,10.460000038146973,198.462555,2025-02-01,0.9506459832191467,8,223621109.094349
25.161866,76.17106628417969,14.9399995803833,197.784439,2025-02-01,0.9605929851531982,11,223621109.115009
25.161489486694336,76.162606,10.640000343322754,199.373932,2025-02-01,0.9550009965896606,8,223621109.077821
25.161475,76.17070007324219,12.619999885559082,198.842072,2025-02-01,0.956529974937439,11,223621109.106745
25.161101,76.162236,12.470000267028809,199.629272,2025-02-01,0.9604120254516602,8,223621109.069557
25.161083221435547,76.17032623291016,11.170000076293945,198.911682,2025-02-01,0.9541980028152466,11,223621109.098481
25.161079,76.145173,2.5,204.244507,2025-02-01,0.9516549706459045,5,223621108.602615
25.16069221496582,76.16996002197266,9.260000228881836,199.049942,2025-02-01,0.9637899994850159,11,223621109.090217
25.160320281982422,76.161497,12.399999618530273,200.368469,2025-02-01,0.9573829770088196,8,223621109.053029
25.160302,76.169591,9.819999694824219,200.099716,2025-02-01,0.9657880067825317,11,223621109.081953
25.160104751586914,76.152447,2.799999952316284,204.018982,2025-02-01,0.9505220055580139,6,223621108.615014
25.159931182861328,76.161127,13.5600004196167,200.940689,2025-02-01,0.9625170230865479,8,223621109.044765
25.159915,76.169222,14.119999885559082,201.073792,2025-02-01,0.9524080157279968,11,223621109.073689
25.159908294677734,76.144064,2.6500000953674316,205.026535,2025-02-01,0.9518499970436096,5,223621108.577817
25.159523010253906,76.168852,12.0600004196167,200.245239,2025-02-01,0.9672099947929382,11,223621109.065425
25.159133,76.168482,12.550000190734863,200.929611,2025-02-01,0.9590499997138977,11,223621109.057161
25.159128189086914,76.143324,2.569999933242798,204.882309,2025-02-01,0.9519559741020203,5,223621108.561285
25.158739,76.168111,6.980000019073486,200.480453,2025-02-01,0.9589179754257202,11,223621109.048897
25.158737182617188,76.142954,2.609999895095825,204.937286,2025-02-01,0.9509990215301514,5,223621108.553019
25.15835952758789,76.1596450805664,2.759999990463257,200.537323,2025-02-01,0.953935980796814,8,223621109.011709
25.158349990844727,76.167742,10.979999542236328,200.874359,2025-02-01,0.9505249857902527,11,223621109.040633
25.157956,76.142214,2.5,204.795731,2025-02-01,0.9572240114212036,5,223621108.536487
25.157962,76.167373,11.6899995803833,201.669205,2025-02-01,0.9625959992408752,11,223621109.032369
25.157762,76.150227,2.569999933242798,201.89566040039062,2025-02-01,0.9560120105743408,6,223621108.565418
25.157569885253906,76.167002,11.460000038146973,201.454102,2025-02-01,0.9561529755592346,11,223621109.024105
25.157582,76.158906,6.230000019073486,200.684769,2025-02-01,0.9582890272140503,8,223621108.995181
25.157188415527344,76.158535,2.759999990463257,200.450119,2025-02-01,0.9532769918441772,8,223621108.986917
25.157178,76.166632,9.109999656677246,201.848862,2025-02-01,0.9520689845085144,11,223621109.015841
25.157175064086914,76.141474,2.609999895095825,204.736572,2025-02-01,0.9558010101318359,5,223621108.519955
25.156981,76.149487,2.609999895095825,201.543137,2025-02-01,0.9577590227127075,6,223621108.548886
25.156797409057617,76.15816497802734,2.8299999237060547,199.999222,2025-02-01,0.956134021282196,8,223621108.978653
25.156787872314453,76.166262,10.899999618530273,201.10321044921875,2025-02-01,0.9657800197601318,11,223621109.007577
25.156591415405273,76.149117,2.5399999618530273,201.740829,2025-02-01,0.9518179893493652,6,223621108.54062
25.156407,76.157795,2.9800000190734863,200.308273,2025-02-01,0.95449298620224,8,223621108.970389
25.156398,76.165892,10.609999656677246,201.8434295654297,2025-02-01,0.9616109728813171,11,223621108.999313
25.156200408935547,76.148748,2.6500000953674316,201.507919,2025-02-01,0.9529849886894226,6,223621108.532354
25.156005859375,76.165522,9.710000038146973,201.357498,2025-02-01,0.9552010297775269,11,223621108.991049
25.156003952026367,76.140365,2.6500000953674316,204.899673,2025-02-01,0.9528110027313232,5,223621108.495157
25.156016,76.15742492675781,2.7200000286102295,200.504379,2025-02-01,0.9551479816436768,8,223621108.962125
25.15562629699707,76.157054,2.799999952316284,200.336044,2025-02-01,0.9606260061264038,8,223621108.953861
25.155616760253906,76.165152,10.869999885559082,201.889328,2025-02-01,0.9584640264511108,11,223621108.982785
25.155227661132812,76.1396255493164,7.429999828338623,206.935349,2025-02-01,0.9516109824180603,5,223621108.478626
25.155029,76.147638,2.6500000953674316,200.978424,2025-02-01,0.9586600065231323,6,223621108.507556
25.154844284057617,76.156314,2.759999990463257,199.861862,2025-02-01,0.9551900029182434,8,223621108.937333
25.154834747314453,76.164411,10.869999885559082,201.323853,2025-02-01,0.9582579731941223,11,223621108.966257
25.154638290405273,76.147268,2.609999895095825,201.102463,2025-02-01,0.9511110186576843,6,223621108.49929
25.15445327758789,76.155943,2.8299999237060547,199.624405,2025-02-01,0.9595230221748352,8,223621108.929069
25.154248,76.146898,2.6500000953674316,200.969376,2025-02-01,0.9646440148353577,6,223621108.491024
25.154062271118164,76.155573,2.609999895095825,199.298981,2025-02-01,0.9549859762191772,8,223621108.920805
25.153857,76.146528,2.6500000953674316,200.81661987304688,2025-02-01,0.9583150148391724,6,223621108.482758
25.153671264648438,76.155202,2.799999952316284,199.013474,2025-02-01,0.9614650011062622,8,223621108.912541
25.153657,76.163299,2.869999885559082,199.939285,2025-02-01,0.9585700035095215,11,223621108.941465
25.153266,76.162928,2.8299999237060547,199.817474,2025-02-01,0.9562240242958069,11,223621108.933201
25.153077,76.145788,2.5399999618530273,201.04183959960938,2025-02-01,0.9521719813346863,6,223621108.46623
25.152889251708984,76.154461,2.799999952316284,198.512421,2025-02-01,0.9529809951782227,8,223621108.896013
25.152881,76.13740539550781,2.6500000953674316,205.647293,2025-02-01,0.9549880027770996,5,223621108.429042
25.152499,76.154091,2.8299999237060547,198.503906,2025-02-01,0.9641309976577759,8,223621108.887749
25.152484,76.162187,2.759999990463257,198.066223,2025-02-01,0.9525840282440186,11,223621108.916673
25.152490615844727,76.137035,2.7200000286102295,205.300247,2025-02-01,0.9567480087280273,5,223621108.420778
25.15229606628418,76.145048,2.5399999618530273,201.01296997070312,2025-02-01,0.9522749781608582,6,223621108.449702
25.152093,76.161817,2.8299999237060547,198.019867,2025-02-01,0.9652500152587891,11,223621108.908409
25.152099,76.13666534423828,2.5399999618530273,205.344589,2025-02-01,0.9510390162467957,5,223621108.412514
25.151702,76.161447,2.759999990463257,197.828537,2025-02-01,0.964963972568512,11,223621108.900145
25.151515,76.144308,2.609999895095825,201.077011,2025-02-01,0.9517629742622375,6,223621108.433174
25.15132713317871,76.1529769897461,2.6500000953674316,198.160797,2025-02-01,0.9513790011405945,8,223621108.862957
25.15131187438965,76.161076,2.759999990463257,197.893585,2025-02-01,0.9633939862251282,11,223621108.891881
25.150936126708984,76.152609,2.9100000858306885,198.158127,2025-02-01,0.9557690024375916,8,223621108.854693
25.150921,76.16070556640625,2.799999952316284,197.828079,2025-02-01,0.9542819857597351,11,223621108.883617
25.150529861450195,76.160335,2.7200000286102295,197.845917,2025-02-01,0.960444986820221,11,223621108.875353
25.1501407623291,76.159965,2.680000066757202,197.756699,2025-02-01,0.9621800184249878,11,223621108.867089
25.149765014648438,76.151498,2.799999952316284,197.945129,2025-02-01,0.9571830034255981,8,223621108.829901
25.149749,76.159595,2.759999990463257,197.753815,2025-02-01,0.9579089879989624,11,223621108.858825
25.149755477905273,76.13444519042969,2.5399999618530273,205.610657,2025-02-01,0.9529470205307007,5,223621108.36293
25.148984,76.150758,2.759999990463257,198.18540954589844,2025-02-01,0.9562640190124512,8,223621108.813373
25.148584365844727,76.133335,2.569999933242798,206.704666,2025-02-01,0.9521880149841309,5,223621108.338138
25.148593,76.150387,2.799999952316284,198.328476,2025-02-01,0.9559779763221741,8,223621108.805109
25.14838981628418,76.141348,2.6500000953674316,201.437576,2025-02-01,0.9554870128631592,6,223621108.367062
25.148206,76.150018,6.789999961853027,198.310104,2025-02-01,0.9556970000267029,8,223621108.796845
25.148187,76.158113,2.759999990463257,197.613907,2025-02-01,0.9528290033340454,11,223621108.825769
25.148193359375,76.13296508789062,2.569999933242798,206.925079,2025-02-01,0.9532210230827332,5,223621108.329874
25.147796,76.157743,2.7200000286102295,197.619598,2025-02-01,0.9540339708328247,11,223621108.817505
25.147609,76.140608,2.5399999618530273,201.73435974121094,2025-02-01,0.9563999772071838,6,223621108.350534
25.14740562438965,76.157372,2.7200000286102295,197.572998,2025-02-01,0.9520189762115479,11,223621108.809241
25.147218,76.140238,2.609999895095825,201.89035034179688,2025-02-01,0.9555050134658813,6,223621108.34227
25.147014617919922,76.157002,2.7200000286102295,197.716599,2025-02-01,0.9519060254096985,11,223621108.800977
25.147021,76.131854,2.6500000953674316,207.406601,2025-02-01,0.9510759711265564,5,223621108.305082
25.147031784057617,76.148906,2.799999952316284,198.588409,2025-02-01,0.9556429982185364,8,223621108.772053
25.146827,76.139867,2.609999895095825,202.24790954589844,2025-02-01,0.9545990228652954,6,223621108.334006
25.146641,76.148536,2.7200000286102295,198.806686,2025-02-01,0.9506850242614746,8,223621108.763789
25.146625,76.156632,2.680000066757202,197.764618,2025-02-01,0.9611089825630188,11,223621108.792713
25.146629333496094,76.131484,2.569999933242798,207.424683,2025-02-01,0.9599440097808838,5,223621108.296818
25.14643669128418,76.139497,2.569999933242798,202.4065704345703,2025-02-01,0.9560480117797852,6,223621108.325742
25.146251678466797,76.148166,2.9800000190734863,199.0103302001953,2025-02-01,0.953436017036438,8,223621108.755525
25.1462345123291,76.156261,2.7200000286102295,197.708557,2025-02-01,0.9544939994812012,11,223621108.784449
25.146045684814453,76.139127,2.6500000953674316,202.666016,2025-02-01,0.9637920260429382,6,223621108.317478
25.145848,76.130744,2.5399999618530273,207.650314,2025-02-01,0.9562789797782898,5,223621108.28029
25.145867,76.147798,10.3100004196167,200.803207,2025-02-01,0.9556620121002197,8,223621108.747261
25.145843505859375,76.155891,2.680000066757202,197.863953,2025-02-01,0.9582210183143616,11,223621108.776185
25.145654678344727,76.138757,2.6500000953674316,202.491058,2025-02-01,0.9550129771232605,6,223621108.309214
25.145082473754883,76.147056,4.179999828338623,199.387817,2025-02-01,0.9597460031509399,8,223621108.730733
25.145064,76.155151,2.609999895095825,197.932785,2025-02-01,0.9647960066795349,11,223621108.759657
25.144872665405273,76.13801574707031,2.5399999618530273,203.183746,2025-02-01,0.9565140008926392,6,223621108.292686
25.144689559936523,76.146686,2.7200000286102295,199.6347198486328,2025-02-01,0.9626269936561584,8,223621108.722469
25.144673,76.154781,2.7200000286102295,197.928192,2025-02-01,0.9638010263442993,11,223621108.751393
25.144675,76.129633,2.6500000953674316,208.207977,2025-02-01,0.9539840221405029,5,223621108.255498
25.144481658935547,76.137646,2.569999933242798,203.202225,2025-02-01,0.9559019804000854,6,223621108.284422
25.14430046081543,76.146316,2.8299999237060547,199.771286,2025-02-01,0.9661790132522583,8,223621108.714205
25.144283294677734,76.154411,2.759999990463257,198.032608,2025-02-01,0.9596310257911682,11,223621108.743129
25.144092,76.13727569580078,2.5399999618530273,203.460052,2025-02-01,0.9551399946212769,6,223621108.276158
25.143893,76.15403747558594,2.799999952316284,198.067856,2025-02-01,0.9626309871673584,11,223621108.734865
25.143893,76.128893,2.569999933242798,208.580841,2025-02-01,0.9595659971237183,5,223621108.23897
25.143909454345703,76.145946,2.680000066757202,200.010117,2025-02-01,0.9660789966583252,8,223621108.70594
25.143701,76.136906,2.609999895095825,203.796371,2025-02-01,0.9507039785385132,6,223621108.267894
25.143519,76.145576,2.799999952316284,199.82810974121094,2025-02-01,0.9547910094261169,8,223621108.697674
25.143310546875,76.13653564453125,2.569999933242798,204.013138,2025-02-01,0.9573779702186584,6,223621108.25963
25.143129,76.145206,2.759999990463257,200.303772,2025-02-01,0.9623990058898926,8,223621108.689408
25.143112182617188,76.1532974243164,2.7200000286102295,197.988663,2025-02-01,0.9507949948310852,11,223621108.718337
25.143111,76.128153,2.6500000953674316,209.3298797607422,2025-02-01,0.9511849880218506,5,223621108.222442
25.142719268798828,76.127782,2.609999895095825,209.846024,2025-02-01,0.9500589966773987,5,223621108.214178
25.142739,76.144836,2.680000066757202,200.721573,2025-02-01,0.9551780223846436,8,223621108.681142
25.142722,76.1529312133789,2.6500000953674316,198.08493041992188,2025-02-01,0.9579399824142456,11,223621108.710073
25.142331,76.15255737304688,2.759999990463257,198.037399,2025-02-01,0.9565219879150391,11,223621108.701807
25.142349243164062,76.144466,2.799999952316284,201.334518,2025-02-01,0.9541710019111633,8,223621108.672876
25.141959,76.144096,2.680000066757202,201.637695,2025-02-01,0.9534209966659546,8,223621108.66461
25.14194107055664,76.15219116210938,2.7200000286102295,198.206573,2025-02-01,0.9565230011940002,11,223621108.693541
25.141938,76.127042,2.6500000953674316,209.822861,2025-02-01,0.9525499939918518,5,223621108.19765
25.141746,76.135055,2.609999895095825,205.597443,2025-02-01,0.9541059732437134,6,223621108.226574
25.141569,76.143726,2.799999952316284,201.921005,2025-02-01,0.9541530013084412,8,223621108.656344
25.141551,76.15181732177734,3.059999942779541,198.69046020507812,2025-02-01,0.9527860283851624,11,223621108.685275
25.141355,76.134685,2.609999895095825,205.891983,2025-02-01,0.9620320200920105,6,223621108.21831
25.140789031982422,76.142986,2.7200000286102295,202.2178497314453,2025-02-01,0.9590539932250977,8,223621108.639812
25.140765,76.125932,2.569999933242798,211.222122,2025-02-01,0.9627450108528137,5,223621108.172858
25.140399,76.142616,2.869999885559082,202.463882,2025-02-01,0.9598780274391174,8,223621108.631546
25.140374,76.125562,2.609999895095825,211.708771,2025-02-01,0.9607700109481812,5,223621108.164594
25.140182495117188,76.133574,2.5399999618530273,206.194214,2025-02-01,0.9521409869194031,6,223621108.193518
25.140008,76.142247,2.680000066757202,202.754303,2025-02-01,0.9537839889526367,8,223621108.62328
25.139989852905273,76.15033721923828,2.759999990463257,198.974304,2025-02-01,0.9527159929275513,11,223621108.652211
25.13979148864746,76.133204,2.6500000953674316,206.8814697265625,2025-02-01,0.950107991695404,6,223621108.185254
25.139617919921875,76.141877,2.680000066757202,203.187454,2025-02-01,0.9547669887542725,8,223621108.615014
25.139400482177734,76.132834,2.6500000953674316,207.533142,2025-02-01,0.9612540006637573,6,223621108.17699
25.139228,76.141507,2.8299999237060547,203.496292,2025-02-01,0.9525859951972961,8,223621108.606748
25.139209,76.14959716796875,2.609999895095825,199.213882,2025-02-01,0.9583979845046997,11,223621108.635679
25.138837814331055,76.141137,2.950000047683716,203.991837,2025-02-01,0.9564890265464783,8,223621108.598482
25.138818740844727,76.14923095703125,2.569999933242798,199.82073974609375,2025-02-01,0.9593999981880188,11,223621108.627413
25.138448,76.140767,2.8299999237060547,204.228622,2025-02-01,0.95135498046875,8,223621108.590216
25.138417,76.123712,2.6500000953674316,211.905273,2025-02-01,0.9582409858703613,5,223621108.123274
25.138227462768555,76.131724,2.5399999618530273,208.995636,2025-02-01,0.9557719826698303,6,223621108.152198
25.138057708740234,76.140398,2.950000047683716,204.633942,2025-02-01,0.9507889747619629,8,223621108.58195
25.137836456298828,76.131354,2.5399999618530273,209.694748,2025-02-01,0.9553089737892151,6,223621108.143934
25.137668,76.140028,2.759999990463257,204.859283,2025-02-01,0.963096022605896,8,223621108.573684
25.137649536132812,76.148121,2.8299999237060547,201.670502,2025-02-01,0.9506450295448303,11,223621108.602615
25.13763427734375,76.122972,2.759999990463257,211.078735,2025-02-01,0.9612990021705627,5,223621108.106746
25.1374454498291,76.130985,2.5,210.362152,2025-02-01,0.9501709938049316,6,223621108.13567
25.137277603149414,76.139658,2.759999990463257,205.33251953125,2025-02-01,0.9522119760513306,8,223621108.565418
25.13726043701172,76.147751,2.759999990463257,202.139084,2025-02-01,0.9500190019607544,11,223621108.594349
25.137243270874023,76.122602,2.7200000286102295,211.012085,2025-02-01,0.9558879733085632,5,223621108.098482
25.137054443359375,76.130614,2.569999933242798,210.469086,2025-02-01,0.9544309973716736,6,223621108.127406
25.136497497558594,76.138919,2.609999895095825,206.107498,2025-02-01,0.9598730206489563,8,223621108.548886
25.136089324951172,76.146642,2.680000066757202,203.294769,2025-02-01,0.9522950053215027,11,223621108.569551
25.135879516601562,76.129505,2.5399999618530273,210.331818,2025-02-01,0.9591799974441528,6,223621108.102614
25.135309,76.145903,2.680000066757202,204.040619,2025-02-01,0.9618579745292664,11,223621108.553019
25.134919,76.145533,2.7200000286102295,204.231033,2025-02-01,0.9655889868736267,11,223621108.544753
25.134937286376953,76.13744354248047,2.609999895095825,208.93836975097656,2025-02-01,0.9507250189781189,8,223621108.515822
25.134706497192383,76.1283950805664,2.569999933242798,210.14151000976562,2025-02-01,0.9513819813728333,6,223621108.077822
25.134529,76.145163,2.8299999237060547,204.608902,2025-02-01,0.9606599807739258,11,223621108.536487
25.134313583374023,76.128025,2.609999895095825,209.631943,2025-02-01,0.9585109949111938,6,223621108.069558
25.134109497070312,76.119643,2.569999933242798,207.557571,2025-02-01,0.9542379975318909,5,223621108.03237
25.133922576904297,76.12765502929688,2.799999952316284,209.105316,2025-02-01,0.9610419869422913,6,223621108.061294
25.133718490600586,76.119273,2.6500000953674316,207.239471,2025-02-01,0.9505929946899414,5,223621108.024106
25.133358001708984,76.144054,2.759999990463257,205.216064,2025-02-01,0.956833004951477,11,223621108.511689
25.13332748413086,76.118903,2.569999933242798,207.25057983398438,2025-02-01,0.9508470296859741,5,223621108.015842
25.13337516784668,76.135961,2.799999952316284,207.661697,2025-02-01,0.9529489874839783,8,223621108.482758
25.133141,76.12691497802734,2.7200000286102295,209.684738,2025-02-01,0.9587460160255432,6,223621108.044766
25.132984161376953,76.135591,2.9100000858306885,206.990509,2025-02-01,0.9549210071563721,8,223621108.474494
25.132968,76.14368438720703,2.869999885559082,205.528442,2025-02-01,0.9587939977645874,11,223621108.503423
25.132936477661133,76.118534,2.869999885559082,207.127243,2025-02-01,0.9535840153694153,5,223621108.007578
25.132577896118164,76.143314,2.799999952316284,205.544998,2025-02-01,0.9622750282287598,11,223621108.495157
25.132545471191406,76.1181640625,2.6500000953674316,206.970383,2025-02-01,0.9515849947929382,5,223621107.999314
25.1322021484375,76.134851,2.799999952316284,206.135773,2025-02-01,0.9590229988098145,8,223621108.457966
25.131797,76.142575,2.869999885559082,205.288895,2025-02-01,0.9618939757347107,11,223621108.478626
25.131812,76.134482,2.8299999237060547,206.095612,2025-02-01,0.9644500017166138,8,223621108.449702
25.131574630737305,76.125436,2.6500000953674316,207.712814,2025-02-01,0.9502779841423035,6,223621108.01171
25.131406,76.142205,2.759999990463257,205.1326904296875,2025-02-01,0.9620839953422546,11,223621108.470362
25.131183,76.125067,2.5399999618530273,207.806061,2025-02-01,0.9560890197753906,6,223621108.003446
25.130792,76.124697,2.609999895095825,207.546036,2025-02-01,0.9546779990196228,6,223621107.995182
25.130624771118164,76.141465,2.799999952316284,204.535477,2025-02-01,0.9666360020637512,11,223621108.453834
25.130233764648438,76.141095,2.7200000286102295,204.283875,2025-02-01,0.955253005027771,11,223621108.44557
25.1300106048584,76.123958,2.609999895095825,207.034088,2025-02-01,0.9568629860877991,6,223621107.978654
25.129858016967773,76.132632,2.799999952316284,205.324081,2025-02-01,0.964514970779419,8,223621108.408382
25.129844,76.140726,2.950000047683716,204.283646,2025-02-01,0.9610779881477356,11,223621108.437306
25.129619,76.123588,2.569999933242798,206.622269,2025-02-01,0.9518749713897705,6,223621107.97039
25.129468,76.132262,2.950000047683716,205.139191,2025-02-01,0.9609159827232361,8,223621108.400118
25.129453,76.140356,2.7200000286102295,204.041153,2025-02-01,0.9500349760055542,11,223621108.429042
25.129228,76.123219,2.6500000953674316,206.240814,2025-02-01,0.9593279957771301,6,223621107.962126
25.129077,76.131892,2.8299999237060547,205.093887,2025-02-01,0.9669079780578613,8,223621108.391854
25.129062,76.139986,2.869999885559082,203.791687,2025-02-01,0.95974200963974,11,223621108.420778
25.128835678100586,76.122849,2.6500000953674316,205.857376,2025-02-01,0.9590880274772644,6,223621107.953862
25.128671,76.139616,2.799999952316284,203.306656,2025-02-01,0.9598900079727173,11,223621108.412514
25.128281,76.139246,2.950000047683716,202.971909,2025-02-01,0.9559450149536133,11,223621108.40425
25.128053665161133,76.12210845947266,2.690000057220459,205.252228,2025-02-01,0.9514889717102051,6,223621107.937334
25.127904,76.130782,2.759999990463257,204.236206,2025-02-01,0.956725001335144,8,223621108.367062
25.12788963317871,76.138876,2.799999952316284,202.923248,2025-02-01,0.9580370187759399,11,223621108.395986
25.127662658691406,76.121741,2.569999933242798,205.322662,2025-02-01,0.952144980430603,6,223621107.92907
25.127513,76.130412,2.869999885559082,203.855087,2025-02-01,0.9591720104217529,8,223621108.358798
25.127498626708984,76.138506,2.9800000190734863,202.900406,2025-02-01,0.9611309766769409,11,223621108.387722
25.127461,76.11335754394531,2.609999895095825,203.970367,2025-02-01,0.9531840085983276,5,223621107.891882
25.12727165222168,76.121371,2.690000057220459,204.9997100830078,2025-02-01,0.9515780210494995,6,223621107.920806
25.127107620239258,76.138136,2.8299999237060547,202.863235,2025-02-01,0.966064989566803,11,223621108.379458
25.126881,76.121002,2.6500000953674316,204.795288,2025-02-01,0.9521570205688477,6,223621107.912542
25.126679,76.112622,2.5399999618530273,204.030869,2025-02-01,0.9534689784049988,5,223621107.875354
25.126342,76.129302,4.070000171661377,203.336487,2025-02-01,0.9652760028839111,8,223621108.334006
25.126288,76.112252,2.7200000286102295,204.158493,2025-02-01,0.9543610215187073,5,223621107.86709
25.1260986328125,76.120263,2.569999933242798,204.049377,2025-02-01,0.9578239917755127,6,223621107.896014
25.125936,76.137025,2.5399999618530273,202.534744,2025-02-01,0.9614289999008179,11,223621108.354666
25.125949,76.128931,2.9100000858306885,203.040039,2025-02-01,0.9553549885749817,8,223621108.325742
25.125898361206055,76.111883,2.569999933242798,204.39035034179688,2025-02-01,0.9521819949150085,5,223621107.858826
25.125707626342773,76.119893,2.569999933242798,203.818176,2025-02-01,0.958391010761261,6,223621107.88775
25.125558,76.128561,2.799999952316284,203.105881,2025-02-01,0.9540870189666748,8,223621108.317478
25.125155,76.136285,2.869999885559082,202.664215,2025-02-01,0.9581210017204285,11,223621108.338138
25.12492561340332,76.119154,2.609999895095825,202.764862,2025-02-01,0.9520320296287537,6,223621107.871222
25.124778747558594,76.127821,5.519999980926514,202.358887,2025-02-01,0.9670029878616333,8,223621108.30095
25.12476348876953,76.135915,2.8299999237060547,201.862839,2025-02-01,0.9597110152244568,11,223621108.329874
25.124536,76.118785,2.6500000953674316,203.186218,2025-02-01,0.9629340171813965,6,223621107.862958
25.124372482299805,76.135545,2.799999952316284,201.511002,2025-02-01,0.962119996547699,11,223621108.32161
25.124335,76.11040496826172,2.609999895095825,204.564255,2025-02-01,0.9566619992256165,5,223621107.82577
25.124387,76.127451,6.050000190734863,202.114471,2025-02-01,0.9500010013580322,8,223621108.292686
25.124145,76.11841583251953,2.609999895095825,202.929199,2025-02-01,0.9541400074958801,6,223621107.854694
25.123994,76.12708282470703,2.680000066757202,201.961136,2025-02-01,0.9503440260887146,8,223621108.284422
25.123981475830078,76.135175,2.8299999237060547,201.384613,2025-02-01,0.9638299942016602,11,223621108.313346
25.123944,76.110036,2.5399999618530273,204.925323,2025-02-01,0.9532819986343384,5,223621107.817506
25.12359046936035,76.134804,3.0999999046325684,200.724854,2025-02-01,0.9565399885177612,11,223621108.305082
25.123197555541992,76.134434,2.7200000286102295,200.599289,2025-02-01,0.9516670107841492,11,223621108.296818
25.122973,76.117307,2.7200000286102295,203.080154,2025-02-01,0.9543309807777405,6,223621107.829902
25.1228084564209,76.134064,2.759999990463257,200.762466,2025-02-01,0.9574670195579529,11,223621108.288554
25.122819900512695,76.12596893310547,2.569999933242798,201.583405,2025-02-01,0.9559940099716187,8,223621108.25963
25.12242889404297,76.125599,2.799999952316284,201.511383,2025-02-01,0.9562339782714844,8,223621108.251366
25.12241554260254,76.133694,2.8299999237060547,200.574142,2025-02-01,0.9611650109291077,11,223621108.28029
25.122191,76.116568,2.5,203.176834,2025-02-01,0.9508559703826904,6,223621107.813374
25.122037887573242,76.125229,2.8299999237060547,201.387115,2025-02-01,0.9521639943122864,8,223621108.243102
25.122024536132812,76.133323,2.869999885559082,200.467148,2025-02-01,0.9598760008811951,11,223621108.272026
25.12179946899414,76.116199,2.6500000953674316,203.22373962402344,2025-02-01,0.956466019153595,6,223621107.80511
25.121633529663086,76.132953,2.8299999237060547,200.340851,2025-02-01,0.9629030227661133,11,223621108.263762
25.121410369873047,76.115829,2.609999895095825,203.239029,2025-02-01,0.9586160182952881,6,223621107.796846
25.121261,76.124491,10.609999656677246,201.395309,2025-02-01,0.9546899795532227,8,223621108.226574
25.120864868164062,76.124119,3.509999990463257,201.5557098388672,2025-02-01,0.9554129838943481,8,223621108.21831
25.120851516723633,76.132213,2.9100000858306885,200.243942,2025-02-01,0.9572439789772034,11,223621108.247234
25.120819091796875,76.1070785522461,2.799999952316284,208.130569,2025-02-01,0.960224986076355,5,223621107.751394
25.12047576904297,76.123749,5.340000152587891,201.539932,2025-02-01,0.9549340009689331,8,223621108.210046
25.120461,76.131843,2.6500000953674316,200.51412963867188,2025-02-01,0.9611110091209412,11,223621108.23897
25.120237350463867,76.1147232055664,2.6500000953674316,203.548492,2025-02-01,0.9554179906845093,6,223621107.772054
25.12006950378418,76.131472,2.9100000858306885,200.412827,2025-02-01,0.9612830281257629,11,223621108.230706
25.120038,76.10633850097656,2.759999990463257,208.537033,2025-02-01,0.9578109979629517,5,223621107.734866
25.119679,76.131102,2.799999952316284,200.694839,2025-02-01,0.957772970199585,11,223621108.222442
25.119691,76.123009,2.759999990463257,201.848328,2025-02-01,0.9643110036849976,8,223621108.193518
25.119300842285156,76.122639,2.799999952316284,201.976868,2025-02-01,0.9566159844398499,8,223621108.185254
25.119292,76.130733,8.920000076293945,200.848358,2025-02-01,0.9543899893760681,11,223621108.214178
25.119256,76.105601,2.869999885559082,207.785339,2025-02-01,0.950560986995697,5,223621107.718338
25.119065,76.113611,2.690000057220459,203.892166,2025-02-01,0.9582200050354004,6,223621107.747262
25.118897,76.130362,2.9100000858306885,200.641769,2025-02-01,0.9652090072631836,11,223621108.205914
25.11851692199707,76.121898,2.680000066757202,202.027145,2025-02-01,0.9528489708900452,8,223621108.168726
25.118505477905273,76.129992,2.8299999237060547,200.529617,2025-02-01,0.9577909708023071,11,223621108.19765
25.118474,76.104861,2.569999933242798,207.669861,2025-02-01,0.9567970037460327,5,223621107.701807
25.118283,76.112872,2.5399999618530273,203.733582,2025-02-01,0.952206015586853,6,223621107.730734
25.118125915527344,76.121529,2.799999952316284,202.229019,2025-02-01,0.9624059796333313,8,223621108.160462
25.117892,76.112502,2.609999895095825,203.651947,2025-02-01,0.9501230120658875,6,223621107.72247
25.117734909057617,76.121159,2.6500000953674316,202.235458,2025-02-01,0.9523230195045471,8,223621108.152198
25.11772346496582,76.129252,2.7200000286102295,201.093262,2025-02-01,0.957584023475647,11,223621108.181122
25.117692,76.104122,2.569999933242798,207.243622,2025-02-01,0.9597619771957397,5,223621107.685275
25.117349,76.12078857421875,11.350000381469727,201.916626,2025-02-01,0.9527739882469177,8,223621108.143934
25.117331,76.128882,2.759999990463257,200.925888,2025-02-01,0.9510459899902344,11,223621108.172858
25.117301,76.103752,2.609999895095825,207.099106,2025-02-01,0.9640550017356873,5,223621107.677009
25.116942,76.128512,4.179999828338623,201.208328,2025-02-01,0.9631329774856567,11,223621108.164594
25.11672019958496,76.111393,2.5,204.543594,2025-02-01,0.957834005355835,6,223621107.697674
25.116555,76.128143,10.039999961853027,201.2423095703125,2025-02-01,0.9545779824256897,11,223621108.15633
25.11617088317871,76.119679,2.6500000953674316,202.680084,2025-02-01,0.9518020153045654,8,223621108.119142
25.115766,76.127402,2.6500000953674316,201.3743896484375,2025-02-01,0.9509159922599792,11,223621108.139802
25.115737,76.102273,2.609999895095825,207.244995,2025-02-01,0.9560149908065796,5,223621107.643945
25.115386962890625,76.118939,2.799999952316284,202.920883,2025-02-01,0.9588159918785095,8,223621108.102614
25.115346,76.101903,2.609999895095825,206.496368,2025-02-01,0.9518330097198486,5,223621107.635679
25.115156173706055,76.109914,2.5399999618530273,204.577209,2025-02-01,0.9500409960746765,6,223621107.66461
25.114955,76.101533,2.5,206.741653,2025-02-01,0.9583110213279724,5,223621107.627413
25.1149959564209,76.11856842041016,2.799999952316284,203.138809,2025-02-01,0.9739019870758057,8,223621108.09435
25.114604949951172,76.11820220947266,2.759999990463257,203.357086,2025-02-01,0.9612489938735962,8,223621108.086086
25.114593,76.126292,2.680000066757202,201.809143,2025-02-01,0.9642850160598755,11,223621108.11501
25.114564,76.101164,2.6500000953674316,206.921906,2025-02-01,0.9594929814338684,5,223621107.619147
25.114213,76.11782836914062,2.759999990463257,203.466934,2025-02-01,0.9613969922065735,8,223621108.077822
25.114201,76.125922,2.799999952316284,201.905762,2025-02-01,0.9646360278129578,11,223621108.106746
25.113983154296875,76.108804,2.569999933242798,204.996185,2025-02-01,0.9580519795417786,6,223621107.639812
25.113822,76.11746215820312,2.6500000953674316,203.544418,2025-02-01,0.9585049748420715,8,223621108.069558
25.11380958557129,76.125553,2.759999990463257,202.090195,2025-02-01,0.9629600048065186,11,223621108.098482
25.11359214782715,76.108435,2.609999895095825,205.085266,2025-02-01,0.9631530046463013,6,223621107.631546
25.113418579101562,76.125183,2.759999990463257,202.195374,2025-02-01,0.9586420059204102,11,223621108.090218
25.113391,76.100055,2.569999933242798,207.181335,2025-02-01,0.9573519825935364,5,223621107.594349
25.113431,76.117091,2.869999885559082,203.636276,2025-02-01,0.9686700105667114,8,223621108.061294
25.113201141357422,76.108065,2.6500000953674316,204.860733,2025-02-01,0.9533129930496216,6,223621107.62328
25.113039016723633,76.116721,2.680000066757202,203.758011,2025-02-01,0.9572280049324036,8,223621108.05303
25.113027572631836,76.124813,2.8299999237060547,201.95787048339844,2025-02-01,0.9604340195655823,11,223621108.081954
25.112648010253906,76.116352,2.680000066757202,203.685318,2025-02-01,0.9615229964256287,8,223621108.044766
25.11263656616211,76.124443,2.8299999237060547,202.735672,2025-02-01,0.9683079719543457,11,223621108.07369
25.112245,76.124074,2.6500000953674316,202.093506,2025-02-01,0.9661110043525696,11,223621108.065426
25.112029,76.106956,2.609999895095825,205.916031,2025-02-01,0.9569420218467712,6,223621107.598482
25.111852645874023,76.123704,2.7200000286102295,201.969635,2025-02-01,0.9552429914474487,11,223621108.057162
25.111865997314453,76.115613,2.799999952316284,203.980042,2025-02-01,0.9566720128059387,8,223621108.028238
25.111638,76.106587,2.6500000953674316,205.854904,2025-02-01,0.9542440176010132,6,223621107.590216
25.111474990844727,76.115243,2.8299999237060547,204.16860961914062,2025-02-01,0.9538030028343201,8,223621108.019974
25.111461639404297,76.123334,2.7200000286102295,202.1072998046875,2025-02-01,0.9676889777183533,11,223621108.048898
25.111247,76.106217,2.569999933242798,205.711136,2025-02-01,0.9572759866714478,6,223621107.58195
25.111071,76.122965,2.6500000953674316,202.18807983398438,2025-02-01,0.9677000045776367,11,223621108.040634
25.110856,76.105847,2.6500000953674316,205.896866,2025-02-01,0.9554139971733093,6,223621107.573684
25.110692,76.114504,2.9800000190734863,203.9584503173828,2025-02-01,0.9538140296936035,8,223621108.003446
25.110465,76.105478,2.6500000953674316,206.202362,2025-02-01,0.9570630192756653,6,223621107.565418
25.110288619995117,76.122226,2.680000066757202,203.0386199951172,2025-02-01,0.9638199806213379,11,223621108.024106
25.110301,76.114135,2.680000066757202,204.530334,2025-02-01,0.9605230093002319,8,223621107.995182
25.110074,76.105108,2.7200000286102295,206.286285,2025-02-01,0.9565520286560059,6,223621107.557152
25.109909057617188,76.113766,2.799999952316284,204.584625,2025-02-01,0.9593830108642578,8,223621107.986918
25.10989761352539,76.121856,2.7200000286102295,203.511948,2025-02-01,0.96977299451828,11,223621108.015842
25.109506607055664,76.121487,2.569999933242798,203.870819,2025-02-01,0.9615520238876343,11,223621108.007578
25.109115600585938,76.121118,2.6500000953674316,203.981812,2025-02-01,0.96424800157547,11,223621107.999314
25.108901977539062,76.10399627685547,2.6500000953674316,207.75473022460938,2025-02-01,0.9507129788398743,6,223621107.532354
25.10873794555664,76.112658,2.7200000286102295,205.436264,2025-02-01,0.9681810140609741,8,223621107.962126
25.108510971069336,76.103631,2.7200000286102295,208.429947,2025-02-01,0.9607809782028198,6,223621107.524088
25.108346939086914,76.112289,2.680000066757202,205.832413,2025-02-01,0.9580219984054565,8,223621107.953862
25.108335494995117,76.120379,2.759999990463257,204.649933,2025-02-01,0.967769980430603,11,223621107.982786
25.107955932617188,76.111919,2.799999952316284,206.041626,2025-02-01,0.957144021987915,8,223621107.945598
25.10794448852539,76.12001037597656,2.759999990463257,204.977859,2025-02-01,0.9684479832649231,11,223621107.974522
25.107553482055664,76.11963653564453,2.5399999618530273,205.581177,2025-02-01,0.9596729874610901,11,223621107.966258
25.107566,76.1115493774414,2.799999952316284,206.332077,2025-02-01,0.963146984577179,8,223621107.937334
25.106381,76.118533,2.680000066757202,206.178787,2025-02-01,0.9595710039138794,11,223621107.941466
25.106166,76.101415,2.5,209.502365,2025-02-01,0.96384197473526,6,223621107.474494
25.105989456176758,76.1181640625,2.799999952316284,206.471344,2025-02-01,0.9665449857711792,11,223621107.933202
25.105775833129883,76.101046,2.5399999618530273,209.935226,2025-02-01,0.9591500163078308,6,223621107.46623
25.105599,76.117794,2.799999952316284,206.414597,2025-02-01,0.9566220045089722,11,223621107.924938
25.105384826660156,76.100676,2.690000057220459,210.255905,2025-02-01,0.9523429870605469,6,223621107.457966
25.105221,76.109335,2.799999952316284,208.264435,2025-02-01,0.9589210152626038,8,223621107.88775
25.105209,76.117425,2.869999885559082,206.825394,2025-02-01,0.9646080136299133,11,223621107.916674
25.195157,76.106587,2.569999933242798,207.591904,2025-03-11,0.9512330293655396,11,226936007.373237
25.193984985351562,76.105478,5.0,208.132782,2025-03-11,0.9530329704284668,11,226936007.348445
25.192811,76.104365,2.759999990463257,208.246902,2025-03-11,0.9553509950637817,11,226936007.323653
25.192419052124023,76.103995,2.6500000953674316,208.112747,2025-03-11,0.9559599757194519,11,226936007.315389
25.192029,76.103624,2.759999990463257,207.811295,2025-03-11,0.9529979825019836,11,226936007.307123
25.191638946533203,76.103254,3.809999942779541,207.806885,2025-03-11,0.9542139768600464,11,226936007.298857
25.191247940063477,76.102883,2.869999885559082,207.57550048828125,2025-03-11,0.9564970135688782,11,226936007.290591
25.19085693359375,76.102513,2.759999990463257,207.557724,2025-03-11,0.9533360004425049,11,226936007.282325
