lat,lon,rh98,elev_lowestmode,date,sensitivity,beam,delta_time
23.374759,68.531579,2.4700000286102295,-48.346611,2019-06-06,0.9652659893035889,5,45074420.6225
23.37428092956543,68.505593,2.359999895095825,-48.154018,2019-06-06,0.9711570143699646,11,45074420.614234
23.372697830200195,68.507029,2.319999933242798,-48.072289,2019-06-06,0.9544519782066345,11,45074420.647298
23.372303009033203,68.507388,2.319999933242798,-47.988162994384766,2019-06-06,0.97148597240448,11,45074420.655564
23.37226104736328,68.51495361328125,2.2799999713897705,-48.718074798583984,2019-06-06,0.9617969989776611,8,45074420.783675
23.37190818786621,68.507747,2.390000104904175,-48.070777893066406,2019-06-06,0.9770359992980957,11,45074420.66383
23.371865,68.515309,2.2799999713897705,-48.66032791137695,2019-06-06,0.9558809995651245,8,45074420.791939
23.371512,68.508106,2.359999895095825,-48.04728317260742,2019-06-06,0.979781985282898,11,45074420.672096
23.371116638183594,68.508465,2.359999895095825,-48.081417083740234,2019-06-06,0.9754469990730286,11,45074420.680362
23.3707218170166,68.508825,2.319999933242798,-48.039833068847656,2019-06-06,0.9662920236587524,11,45074420.688628
23.370326,68.509184,2.359999895095825,-48.17071533203125,2019-06-06,0.9732509851455688,11,45074420.696894
23.369931,68.509543,2.390000104904175,-48.17177963256836,2019-06-06,0.981319010257721,11,45074420.70516
23.369536,68.509902,2.390000104904175,-48.1707649230957,2019-06-06,0.9813529849052429,11,45074420.713426
23.367162704467773,68.512058,2.319999933242798,-48.48773193359375,2019-06-06,0.9564809799194336,11,45074420.763015
23.36676788330078,68.512417,2.319999933242798,-48.40716552734375,2019-06-06,0.952663004398346,11,45074420.771279
23.354719161987305,68.542134,2.509999990463257,-48.810997009277344,2019-06-06,0.9571170210838318,6,45074420.915899
23.352191,68.552023,2.359999895095825,-48.630313873291016,2019-06-06,0.9552749991416931,5,45074421.093575
23.35154914855957,68.545001,2.430000066757202,-48.567386627197266,2019-06-06,0.9661039710044861,6,45074420.982011
23.351153,68.545359,2.430000066757202,-48.507354736328125,2019-06-06,0.9630110263824463,6,45074420.990275
23.350757,68.545717,2.509999990463257,-48.53996658325195,2019-06-06,0.9719030261039734,6,45074420.998539
23.349964141845703,68.546434,2.4700000286102295,-48.53701400756836,2019-06-06,0.9545680284500122,6,45074421.015067
23.349567413330078,68.546792,2.390000104904175,-48.552345275878906,2019-06-06,0.9646080136299133,6,45074421.023331
23.349171,68.547151,2.430000066757202,-48.572891,2019-06-06,0.9507840275764465,6,45074421.031595
23.348773956298828,68.547509,2.4700000286102295,-48.660339,2019-06-06,0.9579349756240845,6,45074421.039859
23.344928,68.539698,2.2799999713897705,-48.8129768371582,2019-06-06,0.9501169919967651,8,45074421.353891
23.343393325805664,68.533574,2.2799999713897705,-48.728828,2019-06-06,0.9674180150032043,11,45074421.258855
23.342205047607422,68.534651,2.2799999713897705,-48.617332458496094,2019-06-06,0.9541640281677246,11,45074421.283647
23.342161178588867,68.542212,2.319999933242798,-48.518261,2019-06-06,0.9643849730491638,8,45074421.411739
23.34181022644043,68.5350112915039,2.390000104904175,-48.51592254638672,2019-06-06,0.9647870063781738,11,45074421.291911
23.341766357421875,68.542572,2.359999895095825,-48.480690002441406,2019-06-06,0.9770730137825012,8,45074421.420003
23.341414,68.535369,2.359999895095825,-48.448204040527344,2019-06-06,0.9648399949073792,11,45074421.300175
23.341018,68.535728,2.390000104904175,-48.396644592285156,2019-06-06,0.9661870002746582,11,45074421.308439
23.340623,68.536087,2.390000104904175,-48.348911,2019-06-06,0.9587330222129822,11,45074421.316703
23.339040756225586,68.537523,2.359999895095825,-48.347111,2019-06-06,0.9598960280418396,11,45074421.349759
23.338645,68.537882,2.390000104904175,-48.242599,2019-06-06,0.9598950147628784,11,45074421.358023
23.307392120361328,68.56620025634766,2.390000104904175,-48.917511,2019-06-06,0.9712560176849365,11,45074422.010935
23.306996,68.566557,2.390000104904175,-48.859169,2019-06-06,0.9697890281677246,11,45074422.019199
23.306601,68.566915,2.359999895095825,-48.856571,2019-06-06,0.9775019884109497,11,45074422.027463
23.304984,68.57588195800781,2.2100000381469727,-49.01853561401367,2019-06-06,0.9634209871292114,8,45074422.188611
23.304590225219727,68.576237,2.319999933242798,-48.950042724609375,2019-06-06,0.9586510062217712,8,45074422.196875
23.304195404052734,68.576594,2.319999933242798,-48.96627426147461,2019-06-06,0.9617140293121338,8,45074422.205139
23.303801,68.576952,2.2799999713897705,-48.906585693359375,2019-06-06,0.9550169706344604,8,45074422.213403
23.303439,68.569774,2.390000104904175,-48.792839,2019-06-06,0.9544910192489624,11,45074422.093575
23.303044,68.570131,2.319999933242798,-48.8931770324707,2019-06-06,0.9764779806137085,11,45074422.101839
23.302648544311523,68.570489,2.359999895095825,-48.88118362426758,2019-06-06,0.9834579825401306,11,45074422.110103
23.30225372314453,68.570846,2.2799999713897705,-49.041721,2019-06-06,0.9703419804573059,11,45074422.118367
23.30185890197754,68.571204,2.359999895095825,-49.232029,2019-06-06,0.959430992603302,11,45074422.126631
23.300676345825195,68.572276,7.079999923706055,-48.60112762451172,2019-06-06,0.9545490145683289,11,45074422.151423
23.300281,68.572633,3.2200000286102295,-45.441879,2019-06-06,0.9553279876708984,11,45074422.159687
23.29988670349121,68.57299041748047,4.039999961853027,-46.142982482910156,2019-06-06,0.9594770073890686,11,45074422.167951
23.29949188232422,68.573347,4.489999771118164,-46.985076904296875,2019-06-06,0.9657179713249207,11,45074422.176215
23.3693790435791,68.503124,2.6500000953674316,-48.31468963623047,2019-09-17,0.952567994594574,0,53999038.351216
23.364657,68.499774,2.619999885559082,-49.06336975097656,2019-09-17,0.9519659876823425,1,53999038.322292
23.364261,68.500133,2.6500000953674316,-49.056312561035156,2019-09-17,0.9622629880905151,1,53999038.330556
23.35747528076172,68.482072,2.509999990463257,-48.779129,2019-09-17,0.9504510164260864,5,53999038.25618
23.357078552246094,68.48242950439453,2.4700000286102295,-48.69054412841797,2019-09-17,0.9535890221595764,5,53999038.264444
23.356286,68.483148,2.430000066757202,-48.854591,2019-09-17,0.9503719806671143,5,53999038.280972
23.355493545532227,68.483865,2.430000066757202,-48.83273696899414,2019-09-17,0.965399980545044,5,53999038.2975
23.354701,68.484583,2.430000066757202,-48.738201,2019-09-17,0.9536200165748596,5,53999038.314028
23.35390853881836,68.485301,2.4700000286102295,-49.02279281616211,2019-09-17,0.9500250220298767,5,53999038.330556
23.34955596923828,68.489246,2.430000066757202,-48.856892,2019-09-17,0.9600459933280945,5,53999038.42146
23.349302291870117,68.481862,2.4700000286102295,-47.69194793701172,2019-09-17,0.9661059975624084,6,53999038.301632
23.348371,68.490321,2.509999990463257,-48.72592544555664,2019-09-17,0.9514780044555664,5,53999038.446252
23.347581,68.491038,2.4700000286102295,-48.926552,2019-09-17,0.9703590273857117,5,53999038.46278
23.347186,68.491396,2.4700000286102295,-49.0357780456543,2019-09-17,0.9754539728164673,5,53999038.471044
23.342561721801758,68.514608,2.690000057220459,-48.299156188964844,2019-09-17,0.9570350050926208,2,53999038.458648
23.342166900634766,68.514966,2.6500000953674316,-48.096081,2019-09-17,0.9675329923629761,2,53999038.466912
23.341785430908203,68.488676,2.5,-48.555019,2019-09-17,0.9551969766616821,6,53999038.458648
23.34139060974121,68.489034,2.5399999618530273,-49.038879,2019-09-17,0.9742680191993713,6,53999038.466912
23.330224990844727,68.53856658935547,2.619999885559082,-49.78365707397461,2019-09-17,0.9570580124855042,0,53999039.169408
23.329830169677734,68.538928,2.619999885559082,-49.11454772949219,2019-09-17,0.9643970131874084,0,53999039.177672
23.329434,68.539286,2.6500000953674316,-49.242168,2019-09-17,0.9584310054779053,0,53999039.185936
23.325173,68.503697,2.4700000286102295,-49.252220153808594,2019-09-17,0.9625149965286255,6,53999038.805736
23.324777603149414,68.504055,2.430000066757202,-49.176022,2019-09-17,0.969871997833252,6,53999038.814
23.323987,68.504771,2.4700000286102295,-48.793591,2019-09-17,0.9523040056228638,6,53999038.830528
23.32280158996582,68.505846,2.5,-48.19126510620117,2019-09-17,0.9763879776000977,6,53999038.85532
23.316342,68.519318,2.430000066757202,-48.206214904785156,2019-09-17,0.9561840295791626,5,53999039.115692
23.315946,68.519676,2.5399999618530273,-47.808311,2019-09-17,0.972474992275238,5,53999039.123956
23.315551,68.520033,2.4700000286102295,-47.892479,2019-09-17,0.9734990000724792,5,53999039.13222
23.315155029296875,68.520391,2.509999990463257,-47.93396759033203,2019-09-17,0.9628720283508301,5,53999039.140484
23.314759,68.520749,2.4700000286102295,-48.077709,2019-09-17,0.959784984588623,5,53999039.148748
23.31357192993164,68.521823,2.4700000286102295,-48.5211296081543,2019-09-17,0.9645730257034302,5,53999039.17354
23.313317,68.514449,2.4700000286102295,-48.315182,2019-09-17,0.962073028087616,6,53999039.053704
23.31317710876465,68.522181,2.4700000286102295,-48.6396598815918,2019-09-17,0.9731500148773193,5,53999039.181804
23.312921,68.514807,2.4700000286102295,-48.54789352416992,2019-09-17,0.9722070097923279,6,53999039.06197
23.312781,68.522539,2.430000066757202,-48.718712,2019-09-17,0.9643129706382751,5,53999039.190068
23.312385,68.522897,2.430000066757202,-49.217926025390625,2019-09-17,0.954509973526001,5,53999039.198332
23.295777,68.53793334960938,2.4700000286102295,-49.363304138183594,2019-09-17,0.9533659815788269,5,53999039.54542
23.295381546020508,68.538288,2.430000066757202,-49.23180389404297,2019-09-17,0.9556769728660583,5,53999039.553684
23.294591,68.539003,2.4700000286102295,-48.55422592163086,2019-09-17,0.952256977558136,5,53999039.570212
23.289191,68.536283,2.430000066757202,-49.11754608154297,2019-09-17,0.9629129767417908,6,53999039.557816
23.288692474365234,68.576154,2.690000057220459,-47.705051,2019-09-17,0.95107501745224,0,53999040.037172
23.285502,68.547235,2.4700000286102295,-48.303082,2019-09-17,0.9518399834632874,5,53999039.760284
23.285554885864258,68.571375,2.5799999237060547,-47.805031,2019-09-17,0.9518499970436096,1,53999039.975177
23.285106658935547,68.547594,2.4700000286102295,-48.41187286376953,2019-09-17,0.9542710185050964,5,53999039.768548
23.374982833862305,68.49132537841797,2.430000066757202,-48.203529,2020-02-12,0.968828022480011,6,66715613.766682
23.375236,68.571691,7.110000133514404,-48.79249954223633,2020-02-04,0.9558209776878357,11,66035637.39012
23.374588012695312,68.490967,2.4700000286102295,-48.32060623168945,2020-02-12,0.9563779830932617,6,66715613.758419
23.374765396118164,68.507664,2.359999895095825,-47.69770431518555,2020-02-12,0.9847049713134766,11,66715614.225334
23.374698638916016,68.513509,2.509999990463257,-48.667412,2020-02-16,0.9577940106391907,0,67055599.014522
23.374883,68.562557,4.190000057220459,-47.21750259399414,2020-02-16,0.9563689827919006,8,67055599.78313
23.374371,68.507307,2.359999895095825,-47.656429,2020-02-12,0.9891189932823181,11,66715614.21707
23.374488,68.56220245361328,2.9600000381469727,-47.16606521606445,2020-02-16,0.9645209908485413,8,67055599.774866
23.374553680419922,68.57025146484375,2.359999895095825,-48.8164176940918,2020-02-16,0.9895009994506836,11,67055599.80379
23.373918533325195,68.498888,2.359999895095825,-48.54788589477539,2020-02-12,0.992667019367218,8,66715614.179882
23.373977,68.50695037841797,2.359999895095825,-47.834332,2020-02-12,0.9898930191993713,11,66715614.208806
23.374093,68.561842,2.809999942779541,-47.106232,2020-02-16,0.9537330269813538,8,67055599.766602
23.37415885925293,68.569892,2.390000104904175,-48.84292984008789,2020-02-16,0.9587900042533875,11,67055599.795526
23.373797,68.490251,2.4700000286102295,-48.349812,2020-02-12,0.9642810225486755,6,66715613.74189
23.37390899658203,68.512792,2.5799999237060547,-48.34479522705078,2020-02-16,0.9519510269165039,0,67055598.997994
23.37358283996582,68.506592,2.390000104904175,-47.75613784790039,2020-02-12,0.988660991191864,11,66715614.200542
23.373764038085938,68.56953430175781,2.240000009536743,-48.76316452026367,2020-02-16,0.9564290046691895,11,67055599.787262
23.373401,68.489893,2.390000104904175,-48.35552215576172,2020-02-12,0.9556609988212585,6,66715613.733626
23.373006,68.489536,2.430000066757202,-48.448769,2020-02-12,0.9564110040664673,6,66715613.725363
23.373131,68.498173,2.319999933242798,-48.60542297363281,2020-02-12,0.9919019937515259,8,66715614.163354
23.373189,68.506235,2.359999895095825,-47.792030334472656,2020-02-12,0.9911869764328003,11,66715614.192278
23.37279510498047,68.505877,2.359999895095825,-47.791263580322266,2020-02-12,0.9903690218925476,11,66715614.184014
23.372611,68.489178,2.430000066757202,-48.49885559082031,2020-02-12,0.9506180286407471,6,66715613.717098
23.372789,68.561471,2.8399999141693115,-46.873852,2020-02-04,0.9525600075721741,8,66035637.311613
23.372974395751953,68.568818,4.0,-48.231781,2020-02-16,0.9603340029716492,11,67055599.770734
23.372855,68.569558,3.359999895095825,-46.066375732421875,2020-02-04,0.956716001033783,11,66035637.340536
23.372401,68.50552368164062,2.359999895095825,-47.872421,2020-02-12,0.9926019906997681,11,66715614.17575
23.372579,68.568461,3.4000000953674316,-47.2486457824707,2020-02-16,0.9640650153160095,11,67055599.76247
23.372216,68.48882293701172,2.4700000286102295,-48.58601760864258,2020-02-12,0.9588450193405151,6,66715613.708834
23.372308,68.519446,2.690000057220459,-48.75002670288086,2020-02-16,0.9596670269966125,1,67055598.993862
23.372007369995117,68.505163,2.359999895095825,-47.96644592285156,2020-02-12,0.9870229959487915,11,66715614.167486
23.372184,68.568103,5.019999980926514,-47.772461,2020-02-16,0.9697039723396301,11,67055599.754206
23.371821,68.488463,2.4700000286102295,-48.74717712402344,2020-02-12,0.9693490266799927,6,66715613.700571
23.371913,68.519088,2.690000057220459,-48.81803512573242,2020-02-16,0.9887909889221191,1,67055598.985598
23.37142562866211,68.488105,2.430000066757202,-48.49069595336914,2020-02-12,0.9746159911155701,6,66715613.692307
23.371612548828125,68.504805,2.390000104904175,-48.05817794799805,2020-02-12,0.9736539721488953,11,66715614.159222
23.371518,68.518729,2.6600000858306885,-48.824974060058594,2020-02-16,0.9785100221633911,1,67055598.977334
23.371789,68.567745,2.359999895095825,-48.686649,2020-02-16,0.9887850284576416,11,67055599.745942
23.371219,68.504448,2.2799999713897705,-48.059582,2020-02-12,0.9804490208625793,11,66715614.150958
23.371594,68.560405,2.9100000858306885,-46.608391,2020-02-04,0.9509590268135071,8,66035637.286821
23.371394,68.567387,2.359999895095825,-48.34288787841797,2020-02-16,0.9735429883003235,11,67055599.737678
23.371030807495117,68.487747,2.430000066757202,-48.410221,2020-02-12,0.9517419934272766,6,66715613.684042
23.371123,68.518371,2.6600000858306885,-48.87641525268555,2020-02-16,0.9756450057029724,1,67055598.96907
23.371327,68.559338,2.5799999237060547,-47.195309,2020-02-16,0.9744930267333984,8,67055599.708754
23.370824813842773,68.50408935546875,2.390000104904175,-48.06171798706055,2020-02-12,0.9847840070724487,11,66715614.142694
23.37093162536621,68.5589828491211,3.069999933242798,-47.156059,2020-02-16,0.971439003944397,8,67055599.70049
23.370999,68.56703186035156,2.319999933242798,-48.1671142578125,2020-02-16,0.956712007522583,11,67055599.729414
23.370635,68.48738861083984,2.509999990463257,-48.44899368286133,2020-02-12,0.9553139805793762,6,66715613.675779
23.370371,68.49566650390625,2.2799999713897705,-49.11052322387695,2020-02-12,0.9882450103759766,8,66715614.105506
23.370431,68.503732,2.359999895095825,-48.1458854675293,2020-02-12,0.9890480041503906,11,66715614.13443
23.37053680419922,68.558622,2.8399999141693115,-47.0891227722168,2020-02-16,0.9553800225257874,8,67055599.692226
23.370603561401367,68.566672,2.359999895095825,-48.148121,2020-02-16,0.9807810187339783,11,67055599.72115
23.369977,68.495312,2.319999933242798,-49.23637008666992,2020-02-12,0.9700549840927124,8,66715614.097242
23.370037078857422,68.503375,2.390000104904175,-48.24069595336914,2020-02-12,0.988548994064331,11,66715614.126166
23.369958,68.509209,2.619999885559082,-47.828697204589844,2020-02-16,0.960856020450592,0,67055598.915354
23.370141983032227,68.558264,2.619999885559082,-46.941993713378906,2020-02-16,0.9518010020256042,8,67055599.683962
23.370208740234375,68.566314,2.319999933242798,-48.174530029296875,2020-02-16,0.9800670146942139,11,67055599.712886
23.36964225769043,68.503017,2.319999933242798,-48.31064224243164,2020-02-12,0.9877390265464783,11,66715614.117902
23.369813,68.56595611572266,2.2799999713897705,-48.15052032470703,2020-02-16,0.9564639925956726,11,67055599.704622
23.369582,68.494955,2.359999895095825,-49.21094512939453,2020-02-12,0.9769600033760071,8,66715614.088978
23.369563,68.508851,2.5399999618530273,-47.936901,2020-02-16,0.9619460105895996,0,67055598.90709
23.369543075561523,68.516938,2.430000066757202,-48.830479,2020-02-16,0.9502630233764648,1,67055598.936014
23.369503021240234,68.524326,2.5399999618530273,-47.86995315551758,2020-02-16,0.9585930109024048,2,67055598.733546
23.369746,68.557907,2.809999942779541,-47.292019,2020-02-16,0.9601789712905884,8,67055599.675698
23.36918830871582,68.494597,2.319999933242798,-49.22487258911133,2020-02-12,0.9860759973526001,8,66715614.080714
23.369248,68.502659,2.319999933242798,-48.32715606689453,2020-02-12,0.98745197057724,11,66715614.109638
23.369351,68.557549,2.690000057220459,-47.253662109375,2020-02-16,0.9655789732933044,8,67055599.667434
23.369418,68.565599,2.319999933242798,-48.15077590942383,2020-02-16,0.9587169885635376,11,67055599.696358
23.369168,68.508493,2.4700000286102295,-47.81754684448242,2020-02-16,0.9684960246086121,0,67055598.898826
23.369094848632812,68.540781,2.4700000286102295,-48.69542694091797,2020-02-16,0.9772940278053284,5,67055599.196347
23.368793487548828,68.494239,2.359999895095825,-49.213504791259766,2020-02-12,0.984669029712677,8,66715614.07245
23.368854,68.502302,2.359999895095825,-48.37912368774414,2020-02-12,0.9889050126075745,11,66715614.101374
23.368772,68.508135,2.6600000858306885,-47.903961,2020-02-16,0.9715359807014465,0,67055598.890562
23.368955612182617,68.557191,2.8399999141693115,-47.2838134765625,2020-02-16,0.9646360278129578,8,67055599.65917
23.369023,68.565241,2.390000104904175,-48.353275299072266,2020-02-16,0.9664480090141296,11,67055599.688094
23.36870002746582,68.540423,2.4700000286102295,-48.78581619262695,2020-02-16,0.9889270067214966,5,67055599.188081
23.368398666381836,68.493881,2.319999933242798,-49.298809,2020-02-12,0.986519992351532,8,66715614.064186
23.368459,68.501944,2.359999895095825,-48.498959,2020-02-12,0.9867159724235535,11,66715614.09311
23.368377,68.507777,2.690000057220459,-48.072578,2020-02-16,0.960748016834259,0,67055598.882298
23.368561,68.556833,2.690000057220459,-47.30079650878906,2020-02-16,0.96697598695755,8,67055599.650906
23.368627548217773,68.564883,2.319999933242798,-48.237411,2020-02-16,0.974560022354126,11,67055599.67983
23.368064880371094,68.501586,2.319999933242798,-48.564640045166016,2020-02-12,0.9839959740638733,11,66715614.084846
23.368305206298828,68.540066,2.509999990463257,-48.91172409057617,2020-02-16,0.9856020212173462,5,67055599.179815
23.36823272705078,68.564525,2.390000104904175,-48.30162048339844,2020-02-16,0.9692950248718262,11,67055599.671566
23.368003845214844,68.493523,2.319999933242798,-49.301682,2020-02-12,0.9858800172805786,8,66715614.055922
23.367982,68.507419,2.5399999618530273,-48.05690383911133,2020-02-16,0.9574580192565918,0,67055598.874034
23.368165,68.556475,3.5199999809265137,-47.23066711425781,2020-02-16,0.9715129733085632,8,67055599.642642
23.36760902404785,68.493165,2.319999933242798,-49.289009,2020-02-12,0.9810609817504883,8,66715614.047658
23.3676700592041,68.501228,2.359999895095825,-48.64728546142578,2020-02-12,0.9868829846382141,11,66715614.076582
23.367909,68.539708,2.509999990463257,-48.76762390136719,2020-02-16,0.9718779921531677,5,67055599.171549
23.367769241333008,68.556118,3.890000104904175,-47.16543960571289,2020-02-16,0.9739329814910889,8,67055599.634378
23.367837,68.564167,2.359999895095825,-48.195213317871094,2020-02-16,0.9817619919776917,11,67055599.663302
23.367586135864258,68.507061,2.5799999237060547,-48.259220123291016,2020-02-16,0.9646999835968018,0,67055598.86577
23.36751365661621,68.53935241699219,2.5399999618530273,-48.898162841796875,2020-02-16,0.9843029975891113,5,67055599.163283
23.367538452148438,68.540145,2.5399999618530273,-48.7169075012207,2020-02-04,0.9571329951286316,5,66035636.733077
23.367612,68.556846,3.630000114440918,-46.323231,2020-02-04,0.9577569961547852,8,66035637.204181
23.36721420288086,68.492807,2.359999895095825,-49.237869,2020-02-12,0.9872580170631409,8,66715614.039394
23.367276,68.50086975097656,2.359999895095825,-48.713356018066406,2020-02-12,0.9899809956550598,11,66715614.068318
23.367191314697266,68.506703,2.5799999237060547,-48.23823547363281,2020-02-16,0.9670379757881165,0,67055598.857506
23.367399215698242,68.547318,2.430000066757202,-48.84470748901367,2020-02-16,0.958079993724823,6,67055599.192214
23.367374420166016,68.5557632446289,2.690000057220459,-47.260494232177734,2020-02-16,0.9669139981269836,8,67055599.626114
23.367442,68.56381225585938,2.359999895095825,-48.21422576904297,2020-02-16,0.9879540205001831,11,67055599.655038
23.36711883544922,68.538992,2.509999990463257,-48.35936737060547,2020-02-16,0.9667519927024841,5,67055599.155017
23.366819,68.492448,2.2799999713897705,-49.251492,2020-02-12,0.9805070161819458,8,66715614.03113
23.366881,68.500512,2.359999895095825,-48.767906188964844,2020-02-12,0.9926080107688904,11,66715614.060054
23.36679458618164,68.506345,2.619999885559082,-48.3603630065918,2020-02-16,0.9685029983520508,0,67055598.849242
23.366979,68.555402,2.690000057220459,-47.202415466308594,2020-02-16,0.9645090103149414,8,67055599.61785
23.367047,68.563452,2.359999895095825,-48.4801139831543,2020-02-16,0.980692982673645,11,67055599.646774
23.366724014282227,68.538634,2.509999990463257,-48.150341,2020-02-16,0.956957995891571,5,67055599.146751
23.366651,68.563094,2.359999895095825,-48.77063751220703,2020-02-16,0.9883689880371094,11,67055599.63851
23.366289138793945,68.483454,2.430000066757202,-48.23847198486328,2020-02-12,0.9531559944152832,6,66715613.584875
23.366422653198242,68.4920883178711,2.359999895095825,-49.324718,2020-02-12,0.9807479977607727,8,66715614.022866
23.36639976501465,68.505987,2.5799999237060547,-48.45491027832031,2020-02-16,0.9709299802780151,0,67055598.840978
23.366338,68.521469,2.5799999237060547,-48.74250793457031,2020-02-16,0.9611200094223022,2,67055598.667434
23.366326,68.529558,2.619999885559082,-47.782997131347656,2020-02-16,0.9594489932060242,3,67055598.696358
23.366584,68.555045,2.5799999237060547,-47.258392333984375,2020-02-16,0.9698470234870911,8,67055599.609586
23.36602783203125,68.491732,2.359999895095825,-49.44560623168945,2020-02-12,0.9839569926261902,8,66715614.014602
23.366214,68.546244,2.430000066757202,-48.807430267333984,2020-02-16,0.9681900143623352,6,67055599.167416
23.366188049316406,68.554687,2.4700000286102295,-47.325897216796875,2020-02-16,0.971996009349823,8,67055599.601322
23.366256,68.562736,2.390000104904175,-48.684226989746094,2020-02-16,0.9879500269889832,11,67055599.630246
23.366004,68.505629,2.619999885559082,-48.416717529296875,2020-02-16,0.9644629955291748,0,67055598.832714
23.365934371948242,68.537918,2.430000066757202,-47.95623779296875,2020-02-16,0.9706140160560608,5,67055599.130219
23.365609,68.505271,2.5399999618530273,-48.541939,2020-02-16,0.9506930112838745,0,67055598.82445
23.365819,68.545886,2.430000066757202,-48.712947845458984,2020-02-16,0.9825630187988281,6,67055599.15915
23.365861,68.562379,2.319999933242798,-48.811622619628906,2020-02-16,0.9787399768829346,11,67055599.621982
23.365971,68.569136,2.5399999618530273,-48.30726623535156,2020-02-23,0.9613549709320068,0,67735561.28492
23.365589141845703,68.513356,2.690000057220459,-48.410069,2020-02-16,0.9683290123939514,1,67055598.853374
23.365539,68.537559,2.4700000286102295,-48.12721633911133,2020-02-16,0.9614989757537842,5,67055599.121954
23.36521339416504,68.504913,2.5799999237060547,-48.587249755859375,2020-02-16,0.9711989760398865,0,67055598.816186
23.365424,68.545528,2.4700000286102295,-48.715633392333984,2020-02-16,0.9812780022621155,6,67055599.150884
23.36546516418457,68.562021,2.319999933242798,-48.819122314453125,2020-02-16,0.9583719968795776,11,67055599.613718
23.36484146118164,68.490656,2.319999933242798,-49.015411,2020-02-12,0.9550110101699829,8,66715613.98981
23.364905,68.498721,2.390000104904175,-49.021412,2020-02-12,0.9889810085296631,11,66715614.018734
23.36515235900879,68.520398,2.619999885559082,-48.55131530761719,2020-02-16,0.9501309990882874,2,67055598.642642
23.365144,68.537201,2.4700000286102295,-48.242286682128906,2020-02-16,0.9592099785804749,5,67055599.11369
23.365029,68.54517364501953,2.430000066757202,-48.68696594238281,2020-02-16,0.9612820148468018,6,67055599.142618
23.365070343017578,68.561663,2.359999895095825,-48.85155487060547,2020-02-16,0.9570819735527039,11,67055599.605454
23.364709,68.482022,2.430000066757202,-48.561927795410156,2020-02-12,0.9538689851760864,6,66715613.551818
23.364818,68.504556,2.5799999237060547,-48.605228,2020-02-16,0.9659860134124756,0,67055598.807922
23.364444732666016,68.490298,2.2799999713897705,-48.815868,2020-02-12,0.9730510115623474,8,66715613.981546
23.36450958251953,68.498363,2.390000104904175,-49.062531,2020-02-12,0.9888190031051636,11,66715614.01047
23.364749,68.536843,2.5399999618530273,-48.173763275146484,2020-02-16,0.9655129909515381,5,67055599.105426
23.364633,68.544812,2.430000066757202,-48.69019317626953,2020-02-16,0.9686030149459839,6,67055599.134352
23.364421844482422,68.504198,2.690000057220459,-48.7100944519043,2020-02-16,0.9718329906463623,0,67055598.799658
23.364354,68.536485,2.4700000286102295,-48.282391,2020-02-16,0.9731680154800415,5,67055599.097162
23.364389419555664,68.537283,2.390000104904175,-48.6016960144043,2020-02-04,0.9558870196342468,5,66035636.666965
23.364049,68.489939,2.319999933242798,-48.761810302734375,2020-02-12,0.9609599709510803,8,66715613.973282
23.364114,68.498004,2.359999895095825,-49.01093292236328,2020-02-12,0.9884560108184814,11,66715614.002206
23.3640079498291,68.51192474365234,2.5799999237060547,-48.46919631958008,2020-02-16,0.9549810290336609,1,67055598.820318
23.364238,68.544454,2.430000066757202,-48.647049,2020-02-16,0.9612230062484741,6,67055599.126086
23.36396026611328,68.536127,2.509999990463257,-48.28468704223633,2020-02-16,0.9747909903526306,5,67055599.088898
23.3636531829834,68.48957824707031,2.319999933242798,-48.76509475708008,2020-02-12,0.9835730195045471,8,66715613.965018
23.363719,68.497646,2.359999895095825,-48.933624267578125,2020-02-12,0.9717540144920349,11,66715613.993942
23.36384391784668,68.544096,2.4700000286102295,-48.626197814941406,2020-02-16,0.9613929986953735,6,67055599.117822
23.363257,68.489222,2.319999933242798,-48.723846435546875,2020-02-12,0.9749630093574524,8,66715613.956754
23.363323211669922,68.497287,2.359999895095825,-48.936973571777344,2020-02-12,0.9711160063743591,11,66715613.985678
23.36356544494629,68.535768,2.6600000858306885,-48.7504768371582,2020-02-16,0.9704350233078003,5,67055599.080634
23.363449,68.543737,2.4700000286102295,-48.560242,2020-02-16,0.9801779985427856,6,67055599.109558
23.363217,68.511209,2.619999885559082,-48.6644172668457,2020-02-16,0.9741330146789551,1,67055598.80379
23.363174438476562,68.518611,2.5799999237060547,-48.8461799621582,2020-02-16,0.9555259943008423,2,67055598.601322
23.363161087036133,68.52670288085938,2.6600000858306885,-48.50699234008789,2020-02-16,0.9595829844474792,3,67055598.630246
23.36285972595215,68.488863,2.240000009536743,-48.650902,2020-02-12,0.9728890061378479,8,66715613.94849
23.362927,68.496928,2.319999933242798,-48.769642,2020-02-12,0.9803709983825684,11,66715613.977414
23.363170623779297,68.53540802001953,2.5399999618530273,-48.42726516723633,2020-02-16,0.9516969919204712,5,67055599.07237
23.363054275512695,68.543379,2.4700000286102295,-48.606597900390625,2020-02-16,0.965162992477417,6,67055599.101294
23.362775,68.535052,2.509999990463257,-48.438751,2020-02-16,0.9555969834327698,5,67055599.064106
23.362464,68.488504,2.2799999713897705,-48.687339782714844,2020-02-12,0.9833869934082031,8,66715613.940226
23.362531,68.49656677246094,2.359999895095825,-48.783581,2020-02-12,0.9639970064163208,11,66715613.96915
23.362659,68.543021,2.430000066757202,-48.3979377746582,2020-02-16,0.963238000869751,6,67055599.09303
23.36237907409668,68.534693,2.690000057220459,-48.28116226196289,2020-02-16,0.9544919729232788,5,67055599.055842
23.36206817626953,68.488145,2.359999895095825,-48.694000244140625,2020-02-12,0.980525016784668,8,66715613.931962
23.362264,68.542663,2.430000066757202,-48.35238265991211,2020-02-16,0.9572089910507202,6,67055599.084766
23.361671447753906,68.487786,2.359999895095825,-48.91591262817383,2020-02-12,0.9658669829368591,8,66715613.923698
23.361738204956055,68.495852,2.359999895095825,-49.460960388183594,2020-02-12,0.9561120271682739,11,66715613.952622
23.36198616027832,68.534335,2.4700000286102295,-48.71530532836914,2020-02-16,0.9707069993019104,5,67055599.047578
23.361579,68.525271,3.0299999713897705,-48.906818,2020-02-16,0.9561529755592346,3,67055598.59719
23.361591339111328,68.533977,2.4700000286102295,-48.398232,2020-02-16,0.9707130193710327,5,67055599.039314
23.36127471923828,68.487427,2.2799999713897705,-49.21735382080078,2020-02-12,0.9690430164337158,8,66715613.915434
23.361474990844727,68.541946,2.390000104904175,-48.3527946472168,2020-02-16,0.9639089703559875,6,67055599.068238
23.361196,68.533619,2.390000104904175,-48.56894302368164,2020-02-16,0.9717239737510681,5,67055599.03105
23.360877990722656,68.487069,2.359999895095825,-49.521751,2020-02-12,0.9743660092353821,8,66715613.90717
23.361080169677734,68.541588,2.4700000286102295,-48.45285415649414,2020-02-16,0.9846580028533936,6,67055599.059974
23.360801,68.53325653076172,2.4700000286102295,-48.7580680847168,2020-02-16,0.9810799956321716,5,67055599.022786
23.360685348510742,68.541229,2.390000104904175,-48.419986724853516,2020-02-16,0.9871180057525635,6,67055599.05171
23.360153198242188,68.494417,2.390000104904175,-48.80916213989258,2020-02-12,0.9646160006523132,11,66715613.919566
23.36040687561035,68.532902,2.390000104904175,-48.777889,2020-02-16,0.9845489859580994,5,67055599.014522
23.360291,68.540871,2.4700000286102295,-48.534611,2020-02-16,0.9865049719810486,6,67055599.043446
23.360004425048828,68.500745,2.6500000953674316,-49.176659,2020-02-04,0.966202974319458,0,66035636.274425
23.360053,68.50834655761719,2.619999885559082,-48.718875885009766,2020-02-16,0.9532719850540161,1,67055598.737678
23.36001205444336,68.532543,2.4700000286102295,-48.862056732177734,2020-02-16,0.9618420004844666,5,67055599.006258
23.360051,68.533329,2.5399999618530273,-48.72945785522461,2020-02-04,0.9504849910736084,5,66035636.576061
23.35968780517578,68.485992,2.359999895095825,-48.745152,2020-02-12,0.9808890223503113,8,66715613.882378
23.359756469726562,68.494058,2.390000104904175,-48.827999,2020-02-12,0.9771829843521118,11,66715613.911302
23.359895706176758,68.540513,2.430000066757202,-48.616669,2020-02-16,0.959185004234314,6,67055599.035182
23.359617233276367,68.532185,2.430000066757202,-48.796268,2020-02-16,0.9869250059127808,5,67055598.997994
23.359656,68.532968,2.5399999618530273,-48.829864501953125,2020-02-04,0.9510700106620789,5,66035636.567797
23.359291076660156,68.485633,2.359999895095825,-48.77490234375,2020-02-12,0.9860020279884338,8,66715613.874114
23.359359741210938,68.493699,2.359999895095825,-48.77158737182617,2020-02-12,0.9747210144996643,11,66715613.903038
23.359262466430664,68.507636,2.5799999237060547,-48.850807189941406,2020-02-16,0.9513880014419556,1,67055598.72115
23.359501,68.540154,2.390000104904175,-48.62666320800781,2020-02-16,0.9666910171508789,6,67055599.026918
23.359222412109375,68.531827,2.509999990463257,-48.79683303833008,2020-02-16,0.9704920053482056,5,67055598.98973
23.359237670898438,68.56305694580078,2.690000057220459,-49.15529251098633,2020-02-23,0.9628520011901855,0,67735561.144432
23.358895,68.485274,2.319999933242798,-48.8599739074707,2020-02-12,0.9838820099830627,8,66715613.86585
23.358963012695312,68.49333953857422,2.319999933242798,-48.78470993041992,2020-02-12,0.9722139835357666,11,66715613.894774
23.35886573791504,68.507279,2.619999885559082,-48.825565338134766,2020-02-16,0.9520050287246704,1,67055598.712886
23.359106063842773,68.539796,2.509999990463257,-48.71088790893555,2020-02-16,0.9902369976043701,6,67055599.018654
23.358497619628906,68.484916,2.359999895095825,-48.89958190917969,2020-02-12,0.9788089990615845,8,66715613.857586
23.358566284179688,68.492981,2.359999895095825,-48.748348,2020-02-12,0.9762579798698425,11,66715613.88651
23.358827,68.531468,2.430000066757202,-48.64084243774414,2020-02-16,0.9653239846229553,5,67055598.981466
23.35871124267578,68.539438,2.430000066757202,-48.71805953979492,2020-02-16,0.9862409830093384,6,67055599.01039
23.358841,68.562702,2.5799999237060547,-49.125469,2020-02-23,0.9667069911956787,0,67735561.136168
23.358432,68.53111267089844,2.430000066757202,-48.56226348876953,2020-02-16,0.9642620086669922,5,67055598.973202
23.358102,68.484557,2.2799999713897705,-48.813682556152344,2020-02-12,0.9832749962806702,8,66715613.849322
23.358169555664062,68.492622,2.319999933242798,-48.77578353881836,2020-02-12,0.9774960279464722,11,66715613.878246
23.358445,68.562345,2.809999942779541,-49.217742919921875,2020-02-23,0.969385027885437,0,67735561.127904
23.358037,68.530752,2.390000104904175,-48.54023742675781,2020-02-16,0.9543669819831848,5,67055598.964938
23.358308792114258,68.577712,2.619999885559082,-47.758991,2020-02-23,0.9513000249862671,2,67735560.95436
23.357705,68.484198,2.359999895095825,-49.083797454833984,2020-02-12,0.9641680121421814,8,66715613.841058
23.357772827148438,68.492264,2.359999895095825,-48.727699,2020-02-12,0.9759989976882935,11,66715613.869982
23.357921600341797,68.538721,2.359999895095825,-48.789703369140625,2020-02-16,0.9503520131111145,6,67055598.993862
23.358048,68.561987,2.6600000858306885,-49.19894027709961,2020-02-23,0.9646549820899963,0,67735561.11964
23.357642,68.530393,2.509999990463257,-48.529052734375,2020-02-16,0.9558730125427246,5,67055598.956674
23.357652,68.56163024902344,2.619999885559082,-49.315025329589844,2020-02-23,0.9636300206184387,0,67735561.111376
23.356912,68.483481,2.359999895095825,-49.34809494018555,2020-02-12,0.9738659858703613,8,66715613.82453
23.356979370117188,68.491546,2.319999933242798,-48.91864013671875,2020-02-12,0.9827730059623718,11,66715613.853454
23.357247,68.530035,2.390000104904175,-48.477558,2020-02-16,0.951852023601532,5,67055598.94841
23.356906,68.497412,2.619999885559082,-48.665557861328125,2020-02-16,0.9571520090103149,0,67055598.642642
23.35685157775879,68.529677,2.430000066757202,-48.46663284301758,2020-02-16,0.9601730108261108,5,67055598.940146
23.356584,68.491188,2.359999895095825,-49.073589,2020-02-12,0.9555680155754089,11,66715613.84519
23.356859,68.560915,2.5799999237060547,-49.3481330871582,2020-02-23,0.9659209847450256,0,67735561.094848
23.356456756591797,68.529318,2.390000104904175,-48.46748352050781,2020-02-16,0.9503669738769531,5,67055598.931882
23.35611915588379,68.482764,2.319999933242798,-48.749939,2020-02-12,0.9862750172615051,8,66715613.808002
23.356187,68.490829,2.319999933242798,-48.883174896240234,2020-02-12,0.979453980922699,11,66715613.836926
23.356462478637695,68.560558,2.690000057220459,-49.47948455810547,2020-02-23,0.9639639854431152,0,67735561.086584
23.356042861938477,68.520266,2.619999885559082,-48.857784271240234,2020-02-16,0.960174024105072,3,67055598.481494
23.356061,68.52896118164062,2.430000066757202,-48.382789611816406,2020-02-16,0.9510759711265564,5,67055598.923618
23.355724334716797,68.482406,2.319999933242798,-48.7797966003418,2020-02-12,0.9863010048866272,8,66715613.799738
23.355791091918945,68.49047088623047,2.319999933242798,-48.907310485839844,2020-02-12,0.966310977935791,11,66715613.828662
23.355327606201172,68.482048,2.359999895095825,-48.71470260620117,2020-02-12,0.9808040261268616,8,66715613.791474
23.35539436340332,68.490112,2.390000104904175,-49.152950286865234,2020-02-12,0.9560199975967407,11,66715613.820398
23.355666,68.528602,2.509999990463257,-48.55720520019531,2020-02-16,0.9698070287704468,5,67055598.915354
23.355575,68.537383,2.6500000953674316,-48.975811,2020-02-04,0.9632790088653564,6,66035636.514081
23.355655670166016,68.567892,2.6600000858306885,-48.820247650146484,2020-02-23,0.9554330110549927,1,67735561.09898
23.355271,68.52824401855469,2.4700000286102295,-48.608292,2020-02-16,0.964959979057312,5,67055598.90709
23.354932,68.481689453125,2.359999895095825,-48.523369,2020-02-12,0.974727988243103,8,66715613.78321
23.355157,68.536212,2.390000104904175,-48.81635284423828,2020-02-16,0.9509339928627014,6,67055598.936014
23.355178833007812,68.537022,2.5399999618530273,-48.892948,2020-02-04,0.9585899710655212,6,66035636.505817
23.354875564575195,68.52788543701172,2.430000066757202,-48.86445236206055,2020-02-16,0.9664580225944519,5,67055598.898826
23.354536056518555,68.481332,2.319999933242798,-48.29958724975586,2020-02-12,0.9857749938964844,8,66715613.774946
23.354602,68.48939514160156,2.359999895095825,-48.86585998535156,2020-02-12,0.9583749771118164,11,66715613.80387
23.354481,68.527527,2.390000104904175,-48.777706146240234,2020-02-16,0.9694870114326477,5,67055598.890562
23.354387283325195,68.536301,2.5399999618530273,-48.92295455932617,2020-02-04,0.9629510045051575,6,66035636.489289
23.354206085205078,68.489037,2.359999895095825,-48.804729,2020-02-12,0.9715830087661743,11,66715613.795606
23.354137420654297,68.494912,2.619999885559082,-48.41690444946289,2020-02-16,0.9538229703903198,0,67055598.584794
23.353809356689453,68.488679,2.359999895095825,-48.738399505615234,2020-02-12,0.9726449847221375,11,66715613.787342
23.354085,68.527169,2.4700000286102295,-48.82639694213867,2020-02-16,0.9654620289802551,5,67055598.882298
23.353991,68.53594207763672,2.6500000953674316,-48.897888,2020-02-04,0.961076021194458,6,66035636.481025
23.353741,68.494554,2.619999885559082,-48.40210723876953,2020-02-16,0.9567729830741882,0,67055598.57653
23.353689193725586,68.526811,2.509999990463257,-48.821617126464844,2020-02-16,0.9825180172920227,5,67055598.874034
23.353414,68.488321,2.319999933242798,-48.75102996826172,2020-02-12,0.98682701587677,11,66715613.779078
23.35334587097168,68.494197,2.690000057220459,-48.40504455566406,2020-02-16,0.9508330225944519,0,67055598.568266
23.353595,68.53558349609375,2.5,-48.968609,2020-02-04,0.951225996017456,6,66035636.472761
23.353673934936523,68.566105,2.509999990463257,-49.07547378540039,2020-02-23,0.9521499872207642,1,67735561.05766
23.353295,68.526453,2.4700000286102295,-48.859962463378906,2020-02-16,0.9910140037536621,5,67055598.86577
23.353019,68.487963,2.390000104904175,-48.80354309082031,2020-02-12,0.9888129830360413,11,66715613.770814
23.352951049804688,68.49384307861328,2.5799999237060547,-48.43375015258789,2020-02-16,0.9508559703826904,0,67055598.560002
23.3532772064209,68.565747,2.5399999618530273,-49.18407440185547,2020-02-23,0.9616460204124451,1,67735561.049396
23.352881,68.565389,2.6600000858306885,-49.28922653198242,2020-02-23,0.9589160084724426,1,67735561.041132
23.352622985839844,68.487605,2.319999933242798,-48.915829,2020-02-12,0.98130202293396,11,66715613.76255
23.352555,68.493482,2.6600000858306885,-48.478439,2020-02-16,0.9579200148582458,0,67055598.551738
23.35222816467285,68.487247,2.359999895095825,-49.075260162353516,2020-02-12,0.9541419744491577,11,66715613.754286
23.352408,68.534501,2.5,-49.074462890625,2020-02-04,0.9502519965171814,6,66035636.447969
23.35215950012207,68.493125,2.690000057220459,-48.548969,2020-02-16,0.9583789706230164,0,67055598.543474
23.351648330688477,68.508854,3.059999942779541,-49.162086486816406,2020-02-04,0.9633650183677673,2,66035635.927315
23.351436614990234,68.486532,2.390000104904175,-49.74733352661133,2020-02-12,0.9799280166625977,11,66715613.737758
23.35120391845703,68.532631,2.4700000286102295,-48.84650421142578,2020-02-16,0.9616770148277283,6,67055598.853374
23.351222,68.533425,2.5,-48.985565185546875,2020-02-04,0.9565690159797668,6,66035636.423177
23.351041,68.486174,2.390000104904175,-49.595054626464844,2020-02-12,0.9860249757766724,11,66715613.729494
23.350646,68.485816,2.390000104904175,-49.350982666015625,2020-02-12,0.9889349937438965,11,66715613.72123
23.350827,68.533067,2.5399999618530273,-48.926090240478516,2020-02-04,0.9701740145683289,6,66035636.414913
23.350433349609375,68.53270721435547,2.5399999618530273,-49.071983337402344,2020-02-04,0.9720759987831116,6,66035636.406649
23.35016632080078,68.524347,2.6500000953674316,-49.168072,2020-02-04,0.9614660143852234,5,66035636.369461
23.350017547607422,68.531557,2.430000066757202,-48.920731,2020-02-16,0.9609180092811584,6,67055598.828582
23.350038,68.532353,2.5,-49.02303695678711,2020-02-04,0.966077983379364,6,66035636.398385
23.349736,68.523233,2.359999895095825,-48.86617660522461,2020-02-16,0.9507079720497131,5,67055598.791394
23.349773406982422,68.523993,2.5399999618530273,-49.042751,2020-02-04,0.9609249830245972,5,66035636.361197
23.34962272644043,68.53119659423828,2.430000066757202,-48.842361,2020-02-16,0.9647520184516907,6,67055598.820318
23.34964370727539,68.531997,2.5,-48.986244201660156,2020-02-04,0.96418297290802,6,66035636.390121
23.349721908569336,68.554475,2.6600000858306885,-49.148983001708984,2020-02-23,0.9602540135383606,0,67735560.946096
23.34937858581543,68.523638,2.5399999618530273,-49.028111,2020-02-04,0.9633650183677673,5,66035636.352933
23.34925079345703,68.531641,2.5799999237060547,-49.06884765625,2020-02-04,0.9698789715766907,6,66035636.381857
23.34932518005371,68.554116,2.5799999237060547,-49.21360778808594,2020-02-23,0.9672470092773438,0,67735560.937832
23.348995208740234,68.49026489257812,2.509999990463257,-48.7751579284668,2020-02-16,0.9535760283470154,0,67055598.477362
23.348669052124023,68.484029,2.359999895095825,-47.84967041015625,2020-02-12,0.9806900024414062,11,66715613.67991
23.34885597229004,68.531286,2.5799999237060547,-49.018822,2020-02-04,0.9658340215682983,6,66035636.373593
23.348471,68.514127,2.990000009536743,-49.057072,2020-02-04,0.9705759882926941,3,66035635.890118
23.348796844482422,68.569111,2.5799999237060547,-49.15034484863281,2020-02-23,0.9690840244293213,2,67735560.756024
23.348275,68.483671,2.319999933242798,-47.78635787963867,2020-02-12,0.9808970093727112,11,66715613.671646
23.348462,68.530931,2.5,-49.009121,2020-02-04,0.961135983467102,6,66035636.365329
23.348077,68.513768,2.9100000858306885,-48.942261,2020-02-04,0.9652130007743835,3,66035635.881852
23.348068237304688,68.530576,2.5,-49.02152633666992,2020-02-04,0.9593660235404968,6,66035636.357065
23.347484588623047,68.48295593261719,2.390000104904175,-47.683048,2020-02-12,0.9835050106048584,11,66715613.655118
23.347646,68.529412,2.4700000286102295,-48.85626983642578,2020-02-16,0.9633539915084839,6,67055598.778998
23.347675323486328,68.530222,2.4700000286102295,-49.043663024902344,2020-02-04,0.9643239974975586,6,66035636.348801
23.347089767456055,68.482598,2.359999895095825,-47.543033599853516,2020-02-12,0.9572880268096924,11,66715613.646854
23.34724998474121,68.529054,2.4700000286102295,-48.88791275024414,2020-02-16,0.9733700156211853,6,67055598.770734
23.347018,68.521517,2.619999885559082,-48.938777923583984,2020-02-04,0.9805070161819458,5,66035636.303349
23.346694946289062,68.482241,2.319999933242798,-47.41993713378906,2020-02-12,0.9584919810295105,11,66715613.63859
23.34679412841797,68.537173,2.359999895095825,-48.68670654296875,2020-02-16,0.9789509773254395,8,67055599.196347
23.346946716308594,68.551967,2.5399999618530273,-49.41157531738281,2020-02-23,0.9605759978294373,0,67735560.888248
23.34650421142578,68.512334,3.0299999713897705,-49.088462829589844,2020-02-04,0.9556760191917419,3,66035635.848788
23.346625,68.52116394042969,2.5799999237060547,-48.88813781738281,2020-02-04,0.9769819974899292,5,66035636.295085
23.34654998779297,68.551608,2.619999885559082,-49.39246368408203,2020-02-23,0.9514510035514832,0,67735560.879984
23.34623146057129,68.520811,2.619999885559082,-48.84102249145508,2020-02-04,0.9719529747962952,5,66035636.286821
23.346398,68.536815,2.359999895095825,-48.49128723144531,2020-02-16,0.9774100184440613,8,67055599.188081
23.34610939025879,68.511975,2.759999990463257,-49.14943313598633,2020-02-04,0.9609760046005249,3,66035635.840522
23.345838,68.520457,2.5399999618530273,-48.81612777709961,2020-02-04,0.9774010181427002,5,66035636.278557
23.34600257873535,68.536458,2.359999895095825,-48.50242614746094,2020-02-16,0.9823960065841675,8,67055599.179815
23.34560775756836,68.53610229492188,2.319999933242798,-48.48149490356445,2020-02-16,0.978721022605896,8,67055599.171549
23.345443725585938,68.520104,2.5799999237060547,-48.839642,2020-02-04,0.9749240279197693,5,66035636.270293
23.345618,68.574302,2.809999942779541,-49.34839630126953,2020-02-23,0.9765040278434753,3,67735560.718836
23.345212936401367,68.535742,2.2799999713897705,-48.41885757446289,2020-02-16,0.9847149848937988,8,67055599.163283
23.345281,68.543791,2.359999895095825,-48.45863723754883,2020-02-16,0.9747909903526306,11,67055599.192214
23.34522247314453,68.57394409179688,2.619999885559082,-49.42765426635742,2020-02-23,0.9848610162734985,3,67735560.710572
23.344989776611328,68.518947,2.430000066757202,-48.89069747924805,2020-02-16,0.9501469731330872,5,67055598.692226
23.345050811767578,68.519751,2.5399999618530273,-48.842437744140625,2020-02-04,0.9717069864273071,5,66035636.262029
23.344655990600586,68.519397,2.5,-48.81425476074219,2020-02-04,0.9757440090179443,5,66035636.253765
23.344818115234375,68.535384,2.319999933242798,-48.452537536621094,2020-02-16,0.9842360019683838,8,67055599.155017
23.344886,68.543433,2.390000104904175,-48.36067581176758,2020-02-16,0.9710879921913147,11,67055599.183948
23.344825,68.5735855102539,2.690000057220459,-49.36628341674805,2020-02-23,0.9721890091896057,3,67735560.702308
23.34449005126953,68.543075,2.359999895095825,-48.39636993408203,2020-02-16,0.9641299843788147,11,67055599.175682
23.344199,68.518232,2.430000066757202,-48.88064956665039,2020-02-16,0.9664819836616516,5,67055598.675698
23.344422,68.535026,2.359999895095825,-48.45461654663086,2020-02-16,0.9867569804191589,8,67055599.146751
23.34442901611328,68.573228,2.7300000190734863,-49.52457046508789,2020-02-23,0.9737780094146729,3,67735560.694044
23.344026565551758,68.534668,2.319999933242798,-48.44108581542969,2020-02-16,0.9888820052146912,8,67055599.138485
23.34409523010254,68.542717,2.319999933242798,-48.33366394042969,2020-02-16,0.9796919822692871,11,67055599.167416
23.34380340576172,68.517875,2.509999990463257,-48.7901496887207,2020-02-16,0.9752519726753235,5,67055598.667434
23.344033,68.57286834716797,2.6600000858306885,-49.503883361816406,2020-02-23,0.9746000170707703,3,67735560.68578
23.343691,68.525839,2.4700000286102295,-48.77411651611328,2020-02-16,0.9680119752883911,6,67055598.696358
23.343631744384766,68.53430938720703,2.319999933242798,-48.431141,2020-02-16,0.9766309857368469,8,67055599.130219
23.343700408935547,68.542359,2.359999895095825,-48.33659744262695,2020-02-16,0.9712309837341309,11,67055599.15915
23.343774795532227,68.54910278320312,2.690000057220459,-48.441043853759766,2020-02-23,0.9523599743843079,0,67735560.822136
23.343406677246094,68.517518,2.430000066757202,-48.49091720581055,2020-02-16,0.9617630243301392,5,67055598.65917
23.343295,68.525482,2.4700000286102295,-48.47736740112305,2020-02-16,0.9650480151176453,6,67055598.688094
23.343238,68.533952,2.359999895095825,-48.3509635925293,2020-02-16,0.9677000045776367,8,67055599.121954
23.343305,68.542001,2.2799999713897705,-48.351421,2020-02-16,0.9712610244750977,11,67055599.150884
23.342899,68.525125,3.140000104904175,-47.21080017089844,2020-02-16,0.9543840289115906,6,67055598.67983
23.342910766601562,68.541643,2.359999895095825,-48.43230438232422,2020-02-16,0.9828709959983826,11,67055599.142618
23.342662811279297,68.484546,2.619999885559082,-48.88976287841797,2020-02-16,0.9692280292510986,0,67055598.345136
23.342843,68.533594,2.390000104904175,-48.25467300415039,2020-02-16,0.9757260084152222,8,67055599.11369
23.342504,68.524768,2.990000009536743,-46.90628433227539,2020-02-16,0.955955982208252,6,67055598.671566
23.34255599975586,68.525626,3.059999942779541,-45.967716217041016,2020-02-04,0.9517520070075989,6,66035636.241369
23.342448,68.533236,2.359999895095825,-48.24988555908203,2020-02-16,0.9754160046577454,8,67055599.105426
23.342515,68.541285,2.430000066757202,-48.356956481933594,2020-02-16,0.9748860001564026,11,67055599.134352
23.342456,68.563384,2.619999885559082,-49.503139,2020-02-23,0.968550980091095,2,67735560.6238
23.342053,68.532877,2.359999895095825,-48.19136047363281,2020-02-16,0.968455970287323,8,67055599.097162
23.342119216918945,68.540927,2.359999895095825,-48.291962,2020-02-16,0.9652950167655945,11,67055599.126086
23.341657638549805,68.532519,2.5799999237060547,-47.88959503173828,2020-02-16,0.9723449945449829,8,67055599.088898
23.341725,68.540569,2.319999933242798,-48.263691,2020-02-16,0.956384003162384,11,67055599.117822
23.341262817382812,68.532161,2.5799999237060547,-47.43317794799805,2020-02-16,0.965149998664856,8,67055599.080634
23.34132957458496,68.540211,2.359999895095825,-48.22048568725586,2020-02-16,0.9644150137901306,11,67055599.109558
23.340869,68.531803,2.430000066757202,-47.23019027709961,2020-02-16,0.9561920166015625,8,67055599.07237
23.34093475341797,68.539853,2.390000104904175,-48.21150207519531,2020-02-16,0.9718319773674011,11,67055599.101294
23.340842,68.578604,2.430000066757202,-49.20133972167969,2020-02-23,0.9834060072898865,5,67735561.057659
23.340541,68.539494,2.319999933242798,-48.099369,2020-02-16,0.969868004322052,11,67055599.09303
23.340444564819336,68.578247,2.430000066757202,-49.24427032470703,2020-02-23,0.985355019569397,5,67735561.049395
23.340146,68.539136,2.319999933242798,-48.03866195678711,2020-02-16,0.9571149945259094,11,67055599.084766
23.340049,68.577889,2.430000066757202,-49.257537841796875,2020-02-23,0.9837089776992798,5,67735561.041131
23.339751,68.538778,2.319999933242798,-48.015968,2020-02-16,0.9631189703941345,11,67055599.076502
23.339652,68.577531,2.4700000286102295,-49.383914947509766,2020-02-23,0.9862890243530273,5,67735561.032867
23.339356,68.53842163085938,2.390000104904175,-47.9775276184082,2020-02-16,0.9709529876708984,11,67055599.068238
23.339256286621094,68.577174,2.4700000286102295,-49.343201,2020-02-23,0.992347002029419,5,67735561.024603
23.338961,68.538061,2.319999933242798,-47.998512268066406,2020-02-16,0.9647330045700073,11,67055599.059974
23.338567,68.537703,2.359999895095825,-47.893978,2020-02-16,0.9652299880981445,11,67055599.05171
23.338859,68.576816,2.509999990463257,-49.59133529663086,2020-02-23,0.961326003074646,5,67735561.016339
23.338153,68.520839,2.509999990463257,-48.54276657104492,2020-02-16,0.9699259996414185,6,67055598.580662
23.338172,68.537345,2.2799999713897705,-47.911831,2020-02-16,0.9631770253181458,11,67055599.043446
23.338212966918945,68.552136,2.5799999237060547,-48.66637420654297,2020-02-23,0.9638370275497437,1,67735560.735364
23.337777,68.536986,2.359999895095825,-47.7546501159668,2020-02-16,0.9609649777412415,11,67055599.035182
23.33736228942871,68.520125,2.430000066757202,-47.723549,2020-02-16,0.9533020257949829,6,67055598.564134
23.337382,68.536628,2.359999895095825,-47.762348,2020-02-16,0.9562060236930847,11,67055599.026918
23.337419509887695,68.55142211914062,2.690000057220459,-49.09721755981445,2020-02-23,0.9715409874916077,1,67735560.718836
23.33698844909668,68.53627014160156,2.359999895095825,-47.76530456542969,2020-02-16,0.9569389820098877,11,67055599.018654
23.336593,68.535911,2.359999895095825,-47.741829,2020-02-16,0.9715660214424133,11,67055599.01039
23.336198,68.535553,2.319999933242798,-47.722713470458984,2020-02-16,0.9727830290794373,11,67055599.002126
23.335803,68.535195,2.359999895095825,-47.80388641357422,2020-02-16,0.9774640202522278,11,67055598.993862
23.335408,68.53483581542969,2.359999895095825,-47.82097244262695,2020-02-16,0.9748449921607971,11,67055598.985598
23.335451126098633,68.541581,2.509999990463257,-49.16395568847656,2020-02-23,0.9515780210494995,0,67735560.648592
23.335065,68.501322,2.6600000858306885,-48.28409957885742,2020-02-16,0.9694830179214478,3,67055598.043447
23.335013,68.534478,2.359999895095825,-47.860633850097656,2020-02-16,0.9731699824333191,11,67055598.977334
23.334669,68.500965,2.6600000858306885,-48.61540222167969,2020-02-16,0.9698600172996521,3,67055598.035183
23.334707260131836,68.509657,2.4700000286102295,-47.02189636230469,2020-02-16,0.9657999873161316,5,67055598.477362
23.334617614746094,68.53411865234375,2.359999895095825,-47.989319,2020-02-16,0.971871018409729,11,67055598.96907
23.334646224975586,68.548915,2.5399999618530273,-49.655025482177734,2020-02-23,0.9847869873046875,1,67735560.660988
23.334274291992188,68.500607,2.619999885559082,-48.94646453857422,2020-02-16,0.9713889956474304,3,67055598.026919
23.3342227935791,68.533761,2.4700000286102295,-47.98142623901367,2020-02-16,0.9714890122413635,11,67055598.960806
23.33382797241211,68.533403,2.359999895095825,-48.00486373901367,2020-02-16,0.9728659987449646,11,67055598.952542
23.333433151245117,68.533045,2.390000104904175,-48.044239,2020-02-16,0.9719439744949341,11,67055598.944278
23.3331241607666,68.508226,2.5399999618530273,-45.23359680175781,2020-02-16,0.9527270197868347,5,67055598.444306
23.333038330078125,68.532687,2.359999895095825,-48.06739807128906,2020-02-16,0.9754940271377563,11,67055598.936014
23.332643,68.532329,2.359999895095825,-48.07773971557617,2020-02-16,0.9722539782524109,11,67055598.92775
23.332332611083984,68.507511,2.509999990463257,-43.561622619628906,2020-02-16,0.9511190056800842,5,67055598.427778
23.332349,68.508291,2.759999990463257,-42.16166305541992,2020-02-04,0.9575960040092468,5,66035635.997576
23.332248,68.53196716308594,2.359999895095825,-48.165470123291016,2020-02-16,0.9765549898147583,11,67055598.919486
23.331937,68.507154,2.5399999618530273,-45.597488,2020-02-16,0.9672520160675049,5,67055598.419514
23.331851959228516,68.531612,2.390000104904175,-48.204449,2020-02-16,0.9692969918251038,11,67055598.911222
23.332013,68.57865905761719,2.4700000286102295,-49.390671,2020-02-23,0.9836369752883911,6,67735560.904775
23.331457138061523,68.531254,2.390000104904175,-48.12262725830078,2020-02-16,0.975275993347168,11,67055598.902958
23.33161735534668,68.578302,2.4700000286102295,-49.37467956542969,2020-02-23,0.9834669828414917,6,67735560.896511
23.331146240234375,68.506439,2.5799999237060547,-45.717522,2020-02-16,0.9579570293426514,5,67055598.402986
23.33106231689453,68.530896,2.359999895095825,-48.082637786865234,2020-02-16,0.9736120104789734,11,67055598.894694
23.331221,68.577944,2.430000066757202,-49.267330169677734,2020-02-23,0.9724379777908325,6,67735560.888247
23.330766677856445,68.506856,2.5,-44.91913986206055,2020-02-04,0.9507570266723633,5,66035635.964512
23.33066749572754,68.530538,2.390000104904175,-48.01836395263672,2020-02-16,0.9720339775085449,11,67055598.88643
23.33082389831543,68.577585,2.430000066757202,-49.273929595947266,2020-02-23,0.9629359841346741,6,67735560.879983
23.330272,68.53018188476562,2.359999895095825,-48.05061721801758,2020-02-16,0.974793016910553,11,67055598.878166
23.330428,68.577227,2.4700000286102295,-49.35610580444336,2020-02-23,0.9757769703865051,6,67735560.871719
23.330157,68.530938,2.5799999237060547,-47.99088668823242,2020-02-04,0.9511610269546509,11,66035636.447969
23.329875946044922,68.529822,2.319999933242798,-48.13027572631836,2020-02-16,0.9725090265274048,11,67055598.869902
23.329583,68.50578308105469,2.880000114440918,-45.353401,2020-02-04,0.9512879848480225,5,66035635.939714
23.32948112487793,68.529464,2.359999895095825,-48.410606384277344,2020-02-16,0.9652069807052612,11,67055598.861638
23.329167,68.504652,2.509999990463257,-47.648380279541016,2020-02-16,0.9667490124702454,5,67055598.361666
23.329086303710938,68.52910614013672,2.359999895095825,-48.151695251464844,2020-02-16,0.9728999733924866,11,67055598.853374
23.328771,68.5042953491211,2.359999895095825,-47.835792541503906,2020-02-16,0.9690049886703491,5,67055598.353402
23.3283748626709,68.503938,2.4700000286102295,-48.215084075927734,2020-02-16,0.9914320111274719,5,67055598.345136
23.328265,68.511902,2.430000066757202,-47.104439,2020-02-16,0.9642459750175476,6,67055598.374062
23.32829475402832,68.528391,2.359999895095825,-48.01566696166992,2020-02-16,0.9764469861984253,11,67055598.836846
23.327869,68.511545,2.509999990463257,-47.104961,2020-02-16,0.9652310013771057,6,67055598.365798
23.327899,68.528033,2.359999895095825,-47.90101623535156,2020-02-16,0.9753109812736511,11,67055598.828582
23.327924728393555,68.534794,2.5799999237060547,-49.35577392578125,2020-02-23,0.9573079943656921,0,67735560.491563
23.32758331298828,68.503223,2.509999990463257,-49.052521,2020-02-16,0.9858250021934509,5,67055598.328604
23.327472686767578,68.511187,2.4700000286102295,-47.139034271240234,2020-02-16,0.9682959914207458,6,67055598.357534
23.327485,68.512003,2.5,-46.55668258666992,2020-02-04,0.9655269980430603,6,66035635.927315
23.327504,68.527676,2.319999933242798,-47.798587799072266,2020-02-16,0.9660590291023254,11,67055598.820318
23.327077,68.51083374023438,2.430000066757202,-47.068416595458984,2020-02-16,0.9752320051193237,6,67055598.349269
23.327091217041016,68.511644,2.5,-46.598541,2020-02-04,0.9625539779663086,6,66035635.919049
23.327109,68.527318,2.2799999713897705,-47.75261306762695,2020-02-16,0.956046998500824,11,67055598.812054
23.326697,68.511286,2.4700000286102295,-46.56908416748047,2020-02-04,0.9544029831886292,6,66035635.910783
23.326642990112305,68.518914,2.2799999713897705,-47.03107452392578,2020-02-16,0.9602259993553162,8,67055598.774866
23.326737,68.533723,2.619999885559082,-49.3134880065918,2020-02-23,0.9501839876174927,0,67735560.466765
23.326433181762695,68.50291442871094,2.5799999237060547,-48.91781997680664,2020-02-04,0.9525820016860962,5,66035635.873586
23.326173782348633,68.565352,2.430000066757202,-49.481701,2020-02-23,0.985427975654602,5,67735560.751891
23.325852,68.51820373535156,2.2799999713897705,-46.97949981689453,2020-02-16,0.9516419768333435,8,67055598.758338
23.325778,68.564994,2.4700000286102295,-49.457161,2020-02-23,0.9851239919662476,5,67735560.743627
23.32549285888672,68.5093994140625,2.690000057220459,-46.040588,2020-02-16,0.9595469832420349,6,67055598.316205
23.325382232666016,68.564635,2.390000104904175,-49.452351,2020-02-23,0.9500730037689209,5,67735560.735363
23.324985,68.564277,2.430000066757202,-49.446834564208984,2020-02-23,0.9888370037078857,5,67735560.727099
23.324588775634766,68.563919,2.430000066757202,-49.482669830322266,2020-02-23,0.9891300201416016,5,67735560.718835
23.323549,68.508418,2.5799999237060547,-45.98044967651367,2020-02-04,0.957863986492157,6,66035635.844655
23.322813034057617,68.578757,2.2100000381469727,-49.414478,2020-02-23,0.9901959896087646,8,67735561.144431
23.322416305541992,68.57839965820312,2.240000009536743,-49.42761993408203,2020-02-23,0.9893739819526672,8,67735561.136167
23.322019577026367,68.578043,2.240000009536743,-49.503597259521484,2020-02-23,0.989434003829956,8,67735561.127903
23.321624,68.577685,2.2100000381469727,-49.47262954711914,2020-02-23,0.9894409775733948,8,67735561.119639
23.321137,68.5054702758789,2.430000066757202,-48.87802505493164,2020-02-16,0.9731130003929138,6,67055598.225279
23.321179,68.536763,2.509999990463257,-48.146832,2020-02-23,0.9586060047149658,1,67735560.379972
23.321227,68.577328,2.1700000762939453,-49.517417907714844,2020-02-23,0.9880040287971497,8,67735561.111375
23.320831298828125,68.57697296142578,2.319999933242798,-49.471531,2020-02-23,0.9894019961357117,8,67735561.103111
23.320398330688477,68.505546,2.5,-48.82362365722656,2020-02-04,0.9626349806785583,6,66035635.778529
23.320434,68.576613,2.1700000762939453,-49.482749938964844,2020-02-23,0.9889490008354187,8,67735561.094847
23.320037841796875,68.576255,2.2100000381469727,-49.5123176574707,2020-02-23,0.9886890053749084,8,67735561.086583
23.31964111328125,68.575898,2.059999942779541,-49.354382,2020-02-23,0.9883909821510315,8,67735561.078319
23.319245,68.5755386352539,2.2100000381469727,-49.45524978637695,2020-02-23,0.9890580177307129,8,67735561.070055
23.31884765625,68.575183,2.2799999713897705,-49.52741241455078,2020-02-23,0.9887459874153137,8,67735561.061791
23.318337,68.511416,2.319999933242798,-48.13928985595703,2020-02-16,0.9739310145378113,8,67055598.601322
23.318452,68.574825,2.2100000381469727,-49.450252532958984,2020-02-23,0.989251971244812,8,67735561.053527
23.317933,68.519934,2.690000057220459,-45.770741,2020-02-04,0.953993022441864,11,66035636.191785
23.318055,68.574467,2.1700000762939453,-49.43498229980469,2020-02-23,0.9888880252838135,8,67735561.045263
23.317659,68.57411193847656,2.130000114440918,-49.4889030456543,2020-02-23,0.9900040030479431,8,67735561.036999
23.317221,68.518389,2.359999895095825,-47.13633346557617,2020-02-16,0.9536769986152649,11,67055598.605454
23.317140579223633,68.519221,2.430000066757202,-46.295265197753906,2020-02-04,0.9510430097579956,11,66035636.175257
23.317262,68.573752,2.240000009536743,-49.515262603759766,2020-02-23,0.988415002822876,8,67735561.028735
23.316825,68.518032,2.359999895095825,-48.20093536376953,2020-02-16,0.984375,11,67055598.59719
23.316865921020508,68.573394,2.1700000762939453,-49.506889,2020-02-23,0.9884629845619202,8,67735561.020471
23.316429138183594,68.517675,2.390000104904175,-48.24680709838867,2020-02-16,0.9815239906311035,11,67055598.588926
23.316469,68.573036,2.240000009536743,-49.4637565612793,2020-02-23,0.9883570075035095,8,67735561.012207
23.315963745117188,68.509272,2.359999895095825,-48.52506637573242,2020-02-16,0.983830988407135,8,67055598.551738
23.3160343170166,68.517318,2.390000104904175,-48.057373046875,2020-02-16,0.9718639850616455,11,67055598.580662
23.315879821777344,68.510051,2.390000104904175,-47.42399978637695,2020-02-04,0.9502379894256592,8,66035636.121541
23.315568923950195,68.508915,2.319999933242798,-48.93889617919922,2020-02-16,0.979066014289856,8,67055598.543474
23.315385818481445,68.492846,2.619999885559082,-49.169769,2020-02-04,0.9549580216407776,5,66035635.642173
23.31523895263672,68.531386,2.509999990463257,-49.360904693603516,2020-02-23,0.9859600067138672,1,67735560.255996
23.314858,68.522976,2.5799999237060547,-48.826981,2020-02-23,0.9559800028800964,0,67735560.218808
23.314844131469727,68.531027,2.619999885559082,-49.322235107421875,2020-02-23,0.9510549902915955,1,67735560.247732
23.31459617614746,68.492128,2.5,-49.296119689941406,2020-02-04,0.9510909914970398,5,66035635.625645
23.314883,68.571605,2.2799999713897705,-49.48615646362305,2020-02-23,0.9894769787788391,8,67735560.979151
23.314448,68.530669,2.619999885559082,-49.45244598388672,2020-02-23,0.9734110236167908,1,67735560.239468
23.31448745727539,68.571247,2.1700000762939453,-49.505645751953125,2020-02-23,0.990032970905304,8,67735560.970887
23.313888549804688,68.508253,2.5799999237060547,-48.923149,2020-02-04,0.9545029997825623,8,66035636.080221
23.314090728759766,68.570889,2.2100000381469727,-49.50498580932617,2020-02-23,0.9881470203399658,8,67735560.962623
23.314166,68.578902,2.240000009536743,-49.480003356933594,2020-02-23,0.9918410181999207,11,67735560.991547
23.31369400024414,68.570531,2.2100000381469727,-49.45545959472656,2020-02-23,0.9896659851074219,8,67735560.954359
23.313770294189453,68.578544,2.390000104904175,-49.4996337890625,2020-02-23,0.998045027256012,11,67735560.983283
23.313297271728516,68.570172,2.240000009536743,-49.49283981323242,2020-02-23,0.9880959987640381,8,67735560.946095
23.312871,68.514459,2.2799999713897705,-48.54736328125,2020-02-16,0.963083028793335,11,67055598.51455
23.312694549560547,68.507173,2.6500000953674316,-49.059448,2020-02-04,0.9537389874458313,8,66035636.055429
23.312901,68.569814,2.240000009536743,-49.48294448852539,2020-02-23,0.988789975643158,8,67735560.937831
23.312297,68.506813,2.619999885559082,-49.10078430175781,2020-02-04,0.9540669918060303,8,66035636.047165
23.312475204467773,68.514102,2.359999895095825,-49.02909469604492,2020-02-16,0.9825990200042725,11,67055598.506286
23.312505,68.569456,2.1700000762939453,-49.52116394042969,2020-02-23,0.9891650080680847,8,67735560.929567
23.31208038330078,68.513744,2.2799999713897705,-49.060455322265625,2020-02-16,0.9552339911460876,11,67055598.498022
23.312091827392578,68.520471,2.5399999618530273,-49.574337005615234,2020-02-23,0.9866099953651428,0,67735560.16096
23.312203,68.5607681274414,2.430000066757202,-49.47323989868164,2020-02-23,0.9529489874839783,6,67735560.491563
23.312108,68.569098,2.240000009536743,-49.5358772277832,2020-02-23,0.9880149960517883,8,67735560.921303
23.311805725097656,68.560412,2.4700000286102295,-49.069984436035156,2020-02-23,0.9824219942092896,6,67735560.483297
23.31171226501465,68.56874084472656,2.1700000762939453,-49.48506546020508,2020-02-23,0.9879860281944275,8,67735560.913039
23.311410903930664,68.560055,2.509999990463257,-48.656394958496094,2020-02-23,0.9885780215263367,6,67735560.475031
23.311105,68.505733,2.4700000286102295,-49.014011,2020-02-04,0.9532420039176941,8,66035636.022373
23.311122,68.551768,2.390000104904175,-49.463382720947266,2020-02-23,0.9764180183410645,5,67735560.437834
23.311315,68.568381,2.2799999713897705,-49.531776428222656,2020-02-23,0.9882609844207764,8,67735560.904775
23.310708,68.505373,2.6500000953674316,-49.04092788696289,2020-02-04,0.9559199810028076,8,66035636.014108
23.310773849487305,68.513474,2.690000057220459,-49.1348876953125,2020-02-04,0.9532920122146606,11,66035636.043033
23.311015,68.559698,2.4700000286102295,-48.326385498046875,2020-02-23,0.9898809790611267,6,67735560.466765
23.3109188079834,68.568023,2.2799999713897705,-49.54731750488281,2020-02-23,0.989762008190155,8,67735560.896511
23.310726165771484,68.55140686035156,2.509999990463257,-49.50044631958008,2020-02-23,0.985086977481842,5,67735560.429568
23.310311,68.505013,2.5799999237060547,-49.04091262817383,2020-02-04,0.9500839710235596,8,66035636.005842
23.310376,68.513114,2.690000057220459,-49.0704460144043,2020-02-04,0.9616760015487671,11,66035636.034769
23.310619,68.55934143066406,2.430000066757202,-47.999595642089844,2020-02-23,0.9779430031776428,6,67735560.458499
23.310523,68.56766510009766,2.2799999713897705,-49.448879,2020-02-23,0.9933109879493713,8,67735560.888247
23.31032943725586,68.551053,2.390000104904175,-49.539661,2020-02-23,0.9642680287361145,5,67735560.421302
23.309915,68.50465393066406,2.6500000953674316,-49.02127456665039,2020-02-04,0.956059992313385,8,66035635.997576
23.309979,68.512754,2.7300000190734863,-49.19301986694336,2020-02-04,0.9667559862136841,11,66035636.026505
23.309581756591797,68.512394,2.690000057220459,-49.06581497192383,2020-02-04,0.959788978099823,11,66035636.018241
23.309730529785156,68.566948,2.319999933242798,-49.22958755493164,2020-02-23,0.9990760087966919,8,67735560.871719
23.309123,68.503936,2.5,-49.02161407470703,2020-02-04,0.9527519941329956,8,66035635.981044
23.309185028076172,68.512034,2.5399999618530273,-49.140461,2020-02-04,0.9594680070877075,11,66035636.009975
23.309333,68.56658935546875,2.319999933242798,-49.066917419433594,2020-02-23,0.9988009929656982,8,67735560.863455
23.308728,68.503577,2.6500000953674316,-48.992901,2020-02-04,0.9531670212745667,8,66035635.972778
23.308789,68.511675,2.5,-49.03528594970703,2020-02-04,0.9633880257606506,11,66035636.001709
23.308393478393555,68.511315,2.4700000286102295,-49.0563850402832,2020-02-04,0.9542289972305298,11,66035635.993443
23.308541,68.565873,2.319999933242798,-49.205101,2020-02-23,0.9989230036735535,8,67735560.846927
23.308616638183594,68.573887,2.319999933242798,-49.5543098449707,2020-02-23,0.992385983467102,11,67735560.875851
23.30799674987793,68.51095581054688,2.7300000190734863,-49.127479553222656,2020-02-04,0.9519060254096985,11,66035635.985177
23.30821990966797,68.573529,2.319999933242798,-49.55137634277344,2020-02-23,0.9920330047607422,11,67735560.867587
23.307937622070312,68.502859,2.5,-49.08229446411133,2020-02-04,0.9534469842910767,8,66035635.956246
23.308143615722656,68.565515,2.2799999713897705,-49.112999,2020-02-23,0.9988570213317871,8,67735560.838663
23.30754280090332,68.502501,2.5799999237060547,-49.181252,2020-02-04,0.9520279765129089,8,66035635.94798
23.307748,68.565156,2.319999933242798,-49.10106658935547,2020-02-23,0.9984369874000549,8,67735560.830399
23.307824,68.573171,2.319999933242798,-49.54338455200195,2020-02-23,0.9943869709968567,11,67735560.859323
23.307149,68.502142,2.4700000286102295,-49.1324462890625,2020-02-04,0.9520930051803589,8,66035635.939714
23.307206,68.510238,2.690000057220459,-49.093441,2020-02-04,0.9504500031471252,11,66035635.968645
23.30735206604004,68.564798,2.2799999713897705,-48.992671966552734,2020-02-23,0.9987279772758484,8,67735560.822135
23.30742835998535,68.572812,2.390000104904175,-49.529605865478516,2020-02-23,0.9988170266151428,11,67735560.851059
23.306811,68.509879,2.619999885559082,-49.10882568359375,2020-02-04,0.9507960081100464,11,66035635.960379
23.306955337524414,68.56443786621094,2.2799999713897705,-48.890663146972656,2020-02-23,0.9988840222358704,8,67735560.813871
23.307031,68.572454,2.390000104904175,-49.4813346862793,2020-02-23,0.9989380240440369,11,67735560.842795
23.305966,68.501067,2.6500000953674316,-49.084754943847656,2020-02-04,0.9526529908180237,8,66035635.914916
23.306238174438477,68.571737,2.359999895095825,-49.316158,2020-02-23,0.9991040229797363,11,67735560.826267
23.305572509765625,68.500709,2.6500000953674316,-49.16020202636719,2020-02-04,0.9527009725570679,8,66035635.90665
23.305766,68.563365,2.2799999713897705,-48.71064758300781,2020-02-23,0.9989349842071533,8,67735560.789079
23.305842,68.571379,2.319999933242798,-49.247871,2020-02-23,0.9986039996147156,11,67735560.818003
23.305471420288086,68.554687,2.430000066757202,-48.83201599121094,2020-02-23,0.9547359943389893,6,67735560.351041
23.305125,68.483575,2.619999885559082,-48.878502,2020-02-04,0.9520419836044312,5,66035635.427309
23.305233001708984,68.5084457397461,2.690000057220459,-49.18023681640625,2020-02-04,0.9520149827003479,11,66035635.927315
23.305370330810547,68.563007,2.319999933242798,-48.6824951171875,2020-02-23,0.9985150098800659,8,67735560.780815
23.305446,68.571021,2.359999895095825,-49.288288,2020-02-23,0.998960018157959,11,67735560.809739
23.305074,68.554329,2.4700000286102295,-49.17045211791992,2020-02-23,0.9663490056991577,6,67735560.342775
23.305049,68.570662,2.319999933242798,-49.299835205078125,2020-02-23,0.999127984046936,11,67735560.801475
23.304784774780273,68.499993,2.6500000953674316,-49.070122,2020-02-04,0.9631500244140625,8,66035635.890118
23.304784774780273,68.546037,2.430000066757202,-49.400082,2020-02-23,0.9905049800872803,5,67735560.30558
23.304973,68.562649,2.2799999713897705,-48.57029342651367,2020-02-23,0.9987769722938538,8,67735560.772551
23.304391860961914,68.499634,2.7300000190734863,-48.988346099853516,2020-02-04,0.9570519924163818,8,66035635.881852
23.304446,68.507729,2.690000057220459,-49.25645446777344,2020-02-04,0.9611049890518188,11,66035635.910783
23.304677963256836,68.55397033691406,2.430000066757202,-48.63566970825195,2020-02-23,0.9698830246925354,6,67735560.334509
23.304576873779297,68.562291,2.359999895095825,-48.54266357421875,2020-02-23,0.9987360239028931,8,67735560.764287
23.30465316772461,68.570304,2.359999895095825,-49.20501708984375,2020-02-23,0.9985470175743103,11,67735560.793211
23.304389,68.545678,2.4700000286102295,-49.275791,2020-02-23,0.9858059883117676,5,67735560.297316
23.303998,68.499276,2.4700000286102295,-49.009239,2020-02-04,0.9551759958267212,8,66035635.873586
23.304052352905273,68.507371,2.6500000953674316,-49.26582717895508,2020-02-04,0.9525930285453796,11,66035635.902517
23.304282,68.553612,2.4700000286102295,-48.65212631225586,2020-02-23,0.9738829731941223,6,67735560.326243
23.304181,68.561933,2.359999895095825,-48.4665641784668,2020-02-23,0.9987980127334595,8,67735560.756023
23.304257,68.569946,2.390000104904175,-49.0693359375,2020-02-23,0.9987760186195374,11,67735560.784947
23.303993225097656,68.54531860351562,2.4700000286102295,-49.22898483276367,2020-02-23,0.9819419980049133,5,67735560.289052
23.30388641357422,68.553253,2.4700000286102295,-48.707829,2020-02-23,0.9711030125617981,6,67735560.317977
23.303543090820312,68.482151,2.5,-48.81489562988281,2020-02-04,0.9519349932670593,5,66035635.394253
23.303605,68.498918,2.6500000953674316,-49.0464973449707,2020-02-04,0.9512889981269836,8,66035635.86532
23.30365753173828,68.507013,2.799999952316284,-49.1766471862793,2020-02-04,0.9503359794616699,11,66035635.894251
23.303598403930664,68.544961,2.359999895095825,-49.25419998168945,2020-02-23,0.9705129861831665,5,67735560.280788
23.303784,68.561574,2.319999933242798,-48.346343994140625,2020-02-23,0.9988769888877869,8,67735560.747759
23.30385971069336,68.569588,2.319999933242798,-48.99082565307617,2020-02-23,0.9983019828796387,11,67735560.776683
23.303264617919922,68.506654,2.799999952316284,-49.05800247192383,2020-02-04,0.9623730182647705,11,66035635.885985
23.303489685058594,68.55289459228516,2.390000104904175,-48.741562,2020-02-23,0.9583359956741333,6,67735560.309712
23.303464,68.56922912597656,2.319999933242798,-48.835781,2020-02-23,0.9983459711074829,11,67735560.768419
23.30320167541504,68.544602,2.430000066757202,-49.305161,2020-02-23,0.9776149988174438,5,67735560.272524
23.303388,68.561216,2.319999933242798,-48.136929,2020-02-23,0.9988420009613037,8,67735560.739495
23.302751,68.481438,2.5399999618530273,-48.79485321044922,2020-02-04,0.9596859812736511,5,66035635.377725
23.302818298339844,68.498202,2.5399999618530273,-49.18918991088867,2020-02-04,0.9629610180854797,8,66035635.848788
23.303094,68.55253601074219,2.430000066757202,-48.892872,2020-02-23,0.9615340232849121,6,67735560.301448
23.303068161010742,68.568871,2.319999933242798,-48.77438735961914,2020-02-23,0.9984980225563049,11,67735560.760155
23.302806,68.544244,2.430000066757202,-49.460911,2020-02-23,0.9829170107841492,5,67735560.26426
23.302699,68.552177,2.390000104904175,-48.999039,2020-02-23,0.9732750058174133,6,67735560.293184
23.302845001220703,68.575334,3.069999933242798,-47.72210693359375,2020-02-27,0.9855089783668518,0,68075537.770923
23.302424,68.497843,2.6500000953674316,-49.208377838134766,2020-02-04,0.9597470164299011,8,66035635.840522
23.302478,68.505938,2.619999885559082,-49.17099380493164,2020-02-04,0.952485978603363,11,66035635.869453
23.302595138549805,68.56050109863281,2.319999933242798,-47.830989837646484,2020-02-23,0.9986709952354431,8,67735560.722967
23.302671432495117,68.568513,2.319999933242798,-48.64456558227539,2020-02-23,0.9981369972229004,11,67735560.751891
23.302410125732422,68.543885,2.509999990463257,-49.59772491455078,2020-02-23,0.9627990126609802,5,67735560.255996
23.302303314208984,68.551819,2.4700000286102295,-49.119888,2020-02-23,0.9848799705505371,6,67735560.28492
23.302031,68.497484,2.5799999237060547,-49.25419235229492,2020-02-04,0.9600260257720947,8,66035635.832256
23.302199,68.560142,2.240000009536743,-47.766380310058594,2020-02-23,0.9950460195541382,8,67735560.714703
23.302274703979492,68.568155,2.359999895095825,-48.61141586303711,2020-02-23,0.9984819889068604,11,67735560.743627
23.301637,68.497126,2.4700000286102295,-49.196533203125,2020-02-04,0.9573330283164978,8,66035635.82399
23.30169105529785,68.505222,2.6500000953674316,-49.2020263671875,2020-02-04,0.9578459858894348,11,66035635.852921
23.30190658569336,68.55146026611328,2.509999990463257,-49.20489501953125,2020-02-23,0.9650850296020508,6,67735560.276656
23.301877975463867,68.567797,2.359999895095825,-48.529876708984375,2020-02-23,0.9985269904136658,11,67735560.735363
23.301801681518555,68.55978393554688,2.359999895095825,-47.8220329284668,2020-02-23,0.9955319762229919,8,67735560.706439
23.30124282836914,68.496767,2.6500000953674316,-49.192230224609375,2020-02-04,0.9549450278282166,8,66035635.815724
23.301297,68.504863,2.5799999237060547,-49.2371940612793,2020-02-04,0.9578999876976013,11,66035635.844655
23.301511,68.551102,2.430000066757202,-49.26820373535156,2020-02-23,0.9859070181846619,6,67735560.268392
23.301406,68.559427,2.319999933242798,-47.87251281738281,2020-02-23,0.9988729953765869,8,67735560.698175
23.301482,68.567439,2.359999895095825,-48.454532623291016,2020-02-23,0.9984220266342163,11,67735560.727099
23.301116,68.550743,2.4700000286102295,-49.2402458190918,2020-02-23,0.9797170162200928,6,67735560.260128
23.300849,68.496408,2.5399999618530273,-49.23494338989258,2020-02-04,0.9571040272712708,8,66035635.807458
23.300904,68.504505,2.6500000953674316,-49.324649810791016,2020-02-04,0.961633026599884,11,66035635.836389
23.30108642578125,68.567081,2.319999933242798,-48.381351,2020-02-23,0.998412013053894,11,67735560.718835
23.30072021484375,68.550384,2.430000066757202,-49.42643737792969,2020-02-23,0.9839950203895569,6,67735560.251864
23.300613403320312,68.558711,2.319999933242798,-47.852516174316406,2020-02-23,0.9989780187606812,8,67735560.681647
23.300689,68.566723,2.2799999713897705,-48.29905319213867,2020-02-23,0.9983699917793274,11,67735560.710571
23.300061,68.495689,2.5799999237060547,-49.108699798583984,2020-02-04,0.9553040266036987,8,66035635.790926
23.300324,68.5500259399414,2.390000104904175,-49.28475570678711,2020-02-23,0.9678549766540527,6,67735560.2436
23.30029296875,68.566365,2.359999895095825,-48.260459899902344,2020-02-23,0.9986709952354431,11,67735560.702307
23.300216674804688,68.558353,2.319999933242798,-47.754639,2020-02-23,0.9990270137786865,8,67735560.673383
23.300071716308594,68.572828,4.300000190734863,-47.669319,2020-02-27,0.9758489727973938,0,68075537.713075
23.299667358398438,68.49533081054688,2.5799999237060547,-49.171844482421875,2020-02-04,0.9552000164985657,8,66035635.782661
23.29972267150879,68.503428,2.5399999618530273,-49.319408,2020-02-04,0.9600840210914612,11,66035635.811591
23.299928665161133,68.549667,2.509999990463257,-49.182911,2020-02-23,0.9687590003013611,6,67735560.235336
23.299821,68.557996,2.2799999713897705,-47.70878982543945,2020-02-23,0.9988700151443481,8,67735560.665119
23.299897,68.566007,2.319999933242798,-48.220299,2020-02-23,0.9981529712677002,11,67735560.694043
23.299272,68.4949722290039,2.5799999237060547,-49.124786376953125,2020-02-04,0.9557899832725525,8,66035635.774397
23.299329,68.503069,2.5799999237060547,-49.17674255371094,2020-02-04,0.9529759883880615,11,66035635.803325
23.299424,68.557638,2.319999933242798,-47.66306686401367,2020-02-23,0.9974489808082581,8,67735560.656855
23.29949951171875,68.565649,2.390000104904175,-48.210693359375,2020-02-23,0.9987099766731262,11,67735560.685779
23.298667907714844,68.485877,2.5399999618530273,-48.808204650878906,2020-02-04,0.9528200030326843,6,66035635.324009
23.299028396606445,68.55728149414062,2.5399999618530273,-47.54588317871094,2020-02-23,0.9952660202980042,8,67735560.648591
23.299104,68.565292,2.2799999713897705,-48.038879,2020-02-23,0.9986220002174377,11,67735560.677515
23.29848289489746,68.49424743652344,2.5399999618530273,-49.12607955932617,2020-02-04,0.9510229825973511,8,66035635.757869
23.298540115356445,68.50234985351562,2.5399999618530273,-49.109039,2020-02-04,0.9543009996414185,11,66035635.786793
23.298707962036133,68.564934,2.359999895095825,-48.03178787231445,2020-02-23,0.9990540146827698,11,67735560.669251
23.298457,68.540303,2.390000104904175,-49.58651351928711,2020-02-23,0.9597659707069397,5,67735560.173356
23.29863166809082,68.556923,2.809999942779541,-46.343414306640625,2020-02-23,0.9950050115585327,8,67735560.640327
23.29808807373047,68.49388885498047,2.5399999618530273,-49.13863754272461,2020-02-04,0.9577739834785461,8,66035635.749605
23.298146,68.50199127197266,2.619999885559082,-49.157349,2020-02-04,0.9666770100593567,11,66035635.778529
23.298236,68.556565,2.430000066757202,-44.22938537597656,2020-02-23,0.9954609870910645,8,67735560.632063
23.298312,68.564576,2.319999933242798,-47.904510498046875,2020-02-23,0.9991379976272583,11,67735560.660987
23.297752380371094,68.501631,2.6500000953674316,-49.15040588378906,2020-02-04,0.9565110206604004,11,66035635.770265
23.297840118408203,68.556208,2.390000104904175,-45.154831,2020-02-23,0.9958990216255188,8,67735560.623799
23.297914505004883,68.564219,2.319999933242798,-47.93832015991211,2020-02-23,0.9988830089569092,11,67735560.652723
23.297357,68.501271,2.6500000953674316,-49.10160446166992,2020-02-04,0.9545750021934509,11,66035635.762001
23.297443389892578,68.55584716796875,2.880000114440918,-45.22583770751953,2020-02-23,0.9958879947662354,8,67735560.615535
23.297519,68.563861,2.319999933242798,-47.844559,2020-02-23,0.9990220069885254,11,67735560.644459
23.297122955322266,68.563504,2.319999933242798,-47.94705581665039,2020-02-23,0.9991160035133362,11,67735560.636195
23.29668426513672,68.484087,2.5,-48.96236801147461,2020-02-04,0.9548320174217224,6,66035635.282689
23.297046661376953,68.555493,2.509999990463257,-45.168171,2020-02-23,0.9955499768257141,8,67735560.607271
23.296903,68.569962,2.619999885559082,-47.761559,2020-02-27,0.981552004814148,0,68075537.646963
23.296651,68.555136,2.880000114440918,-46.228828,2020-02-23,0.9947190284729004,8,67735560.599007
23.296727,68.563146,2.319999933242798,-47.982147216796875,2020-02-23,0.998881995677948,11,67735560.627931
23.296173095703125,68.500191,2.5,-49.256592,2020-02-04,0.9554870128631592,11,66035635.737209
23.296255111694336,68.554779,2.359999895095825,-48.25457000732422,2020-02-23,0.9936419725418091,8,67735560.590743
23.29633140563965,68.562789,2.319999933242798,-47.962509,2020-02-23,0.998494029045105,11,67735560.619667
23.295778274536133,68.499831,2.690000057220459,-49.41945266723633,2020-02-04,0.9509900212287903,11,66035635.728945
23.295976638793945,68.546087,2.4700000286102295,-49.35976791381836,2020-02-23,0.9801579713821411,6,67735560.152696
23.295859,68.554422,2.319999933242798,-48.691837310791016,2020-02-23,0.9987450242042542,8,67735560.582479
23.295934,68.562431,2.319999933242798,-47.931332,2020-02-23,0.9984099864959717,11,67735560.611403
23.29538345336914,68.499471,2.619999885559082,-49.480194091796875,2020-02-04,0.9532859921455383,11,66035635.720681
23.2955379486084,68.562074,2.2799999713897705,-47.851192474365234,2020-02-23,0.9988560080528259,11,67735560.603139
23.295463,68.554065,2.2799999713897705,-49.00555419921875,2020-02-23,0.9983749985694885,8,67735560.574215
23.294927,68.49101257324219,2.5799999237060547,-49.34049987792969,2020-02-04,0.9515489935874939,8,66035635.683493
23.294988,68.499111,2.5399999618530273,-49.432247161865234,2020-02-04,0.9510470032691956,11,66035635.712417
23.29518699645996,68.545372,2.4700000286102295,-48.25749588012695,2020-02-23,0.9933260083198547,6,67735560.136168
23.295066833496094,68.553708,2.319999933242798,-49.24403381347656,2020-02-23,0.9981639981269836,8,67735560.565951
23.295142,68.561717,2.359999895095825,-47.90994644165039,2020-02-23,0.9986960291862488,11,67735560.594875
23.294591903686523,68.49874877929688,2.8399999141693115,-49.537986755371094,2020-02-04,0.9545689821243286,11,66035635.704153
23.29474639892578,68.56136322021484,2.319999933242798,-47.80370330810547,2020-02-23,0.9990050196647644,11,67735560.586611
23.294397354125977,68.544657,2.4700000286102295,-48.13604736328125,2020-02-23,0.9582570195198059,6,67735560.11964
23.294519,68.575846,3.6700000762939453,-47.691505432128906,2020-02-27,0.9722679853439331,1,68075537.626303
23.29391098022461,68.481574,2.5399999618530273,-49.084412,2020-02-04,0.9502019882202148,6,66035635.224841
23.294349670410156,68.561003,2.319999933242798,-47.79954528808594,2020-02-23,0.9985319972038269,11,67735560.578347
23.29380226135254,68.49803161621094,2.619999885559082,-49.396995544433594,2020-02-04,0.960440993309021,11,66035635.687625
23.294002532958984,68.54429626464844,2.359999895095825,-47.918212890625,2020-02-23,0.9516010284423828,6,67735560.111376
23.293954,68.560645,2.690000057220459,-46.702938079833984,2020-02-23,0.9956610202789307,11,67735560.570083
23.294122,68.575488,5.130000114440918,-47.83897399902344,2020-02-27,0.9637060165405273,1,68075537.618039
23.29387855529785,68.552637,2.2799999713897705,-49.469952,2020-02-23,0.993457019329071,8,67735560.541159
23.293407440185547,68.49767303466797,2.619999885559082,-49.32513427734375,2020-02-04,0.9647690057754517,11,66035635.679361
23.293607711791992,68.543942,2.4700000286102295,-48.051719665527344,2020-02-23,0.968300998210907,6,67735560.103112
23.293483,68.55227661132812,2.240000009536743,-49.525394439697266,2020-02-23,0.9921830296516418,8,67735560.532893
23.29355812072754,68.560288,2.319999933242798,-44.99201583862305,2020-02-23,0.9958059787750244,11,67735560.561819
23.293212890625,68.543585,2.430000066757202,-48.042964935302734,2020-02-23,0.9734050035476685,6,67735560.094848
23.2933292388916,68.574772,3.2899999618530273,-47.733543395996094,2020-02-27,0.9532520174980164,1,68075537.601511
23.293012,68.497311,2.690000057220459,-49.20232009887695,2020-02-04,0.9548289775848389,11,66035635.671097
23.293087005615234,68.551923,2.240000009536743,-49.518333435058594,2020-02-23,0.9927939772605896,8,67735560.524627
23.293162,68.559931,2.4700000286102295,-44.44029235839844,2020-02-23,0.9959740042686462,11,67735560.553555
23.29261589050293,68.496951,2.759999990463257,-49.272141,2020-02-04,0.9623780250549316,11,66035635.662833
23.292818069458008,68.543228,2.430000066757202,-48.105682373046875,2020-02-23,0.9677050113677979,6,67735560.086584
23.292691,68.551566,2.2100000381469727,-49.472988,2020-02-23,0.9912739992141724,8,67735560.516361
23.292766,68.559574,2.390000104904175,-45.15772247314453,2020-02-23,0.9962040185928345,11,67735560.545291
23.292161,68.488494,2.6500000953674316,-49.50876998901367,2020-02-04,0.9580820202827454,8,66035635.625645
23.292221069335938,68.496592,2.5399999618530273,-49.260040283203125,2020-02-04,0.9644730091094971,11,66035635.654569
23.292423248291016,68.542871,2.390000104904175,-48.15326690673828,2020-02-23,0.9735119938850403,6,67735560.07832
23.292369842529297,68.559217,2.390000104904175,-46.19724655151367,2020-02-23,0.9959930181503296,11,67735560.537026
23.292537689208984,68.574055,2.690000057220459,-47.78133010864258,2020-02-27,0.9788810014724731,1,68075537.584983
23.292295455932617,68.551209,2.2799999713897705,-49.50660705566406,2020-02-23,0.991191029548645,8,67735560.508095
23.291826248168945,68.496232,2.690000057220459,-49.238162994384766,2020-02-04,0.9628030061721802,11,66035635.646305
23.292028427124023,68.542514,2.390000104904175,-48.290470123291016,2020-02-23,0.9754679799079895,6,67735560.070056
23.291898727416992,68.550852,2.4700000286102295,-49.303429,2020-02-23,0.9945129752159119,8,67735560.499829
23.291974,68.5588607788086,2.359999895095825,-46.83344268798828,2020-02-23,0.9954620003700256,11,67735560.52876
23.291633,68.542157,2.430000066757202,-48.3497200012207,2020-02-23,0.9742839932441711,6,67735560.061792
23.291431427001953,68.495873,2.6500000953674316,-49.225624084472656,2020-02-04,0.955810010433197,11,66035635.638041
23.29157829284668,68.558503,2.4700000286102295,-47.49906539916992,2020-02-23,0.9946659803390503,11,67735560.520494
23.291036,68.49551391601562,2.799999952316284,-49.472569,2020-02-04,0.96458500623703,11,66035635.629777
23.29123878479004,68.54180145263672,2.509999990463257,-48.45789337158203,2020-02-23,0.9686149954795837,6,67735560.053528
23.29097557067871,68.487419,2.5399999618530273,-49.690696716308594,2020-02-04,0.9583899974822998,8,66035635.600853
23.291181564331055,68.558146,2.2799999713897705,-48.01926803588867,2020-02-23,0.9983770251274109,11,67735560.512228
23.290641,68.49515533447266,2.5799999237060547,-49.536109924316406,2020-02-04,0.9591339826583862,11,66035635.621513
23.290786,68.557789,2.359999895095825,-48.15852355957031,2020-02-23,0.9983440041542053,11,67735560.503962
23.290246,68.494797,2.6500000953674316,-49.59836196899414,2020-02-04,0.9546189904212952,11,66035635.613249
23.290315,68.549423,2.319999933242798,-49.290699,2020-02-23,0.9971830248832703,8,67735560.466765
23.290391,68.557432,2.319999933242798,-48.165645599365234,2020-02-23,0.998898983001709,11,67735560.495696
23.290053,68.54073333740234,2.4700000286102295,-49.18525695800781,2020-02-23,0.9661589860916138,6,67735560.028736
23.289851,68.494439,2.5799999237060547,-49.707771,2020-02-04,0.9545720219612122,11,66035635.604985
23.289918899536133,68.549066,2.2799999713897705,-49.51003646850586,2020-02-23,0.9917439818382263,8,67735560.458499
23.289456,68.494081,2.5399999618530273,-49.60233688354492,2020-02-04,0.9556469917297363,11,66035635.596721
23.289657592773438,68.540373,2.430000066757202,-48.77123260498047,2020-02-23,0.9825729727745056,6,67735560.020472
23.289765,68.571548,2.6600000858306885,-47.75527572631836,2020-02-27,0.9625219702720642,1,68075537.527135
23.289523,68.548709,2.319999933242798,-49.496841,2020-02-23,0.998462975025177,8,67735560.450233
23.289631,68.57880401611328,2.880000114440918,-47.609222412109375,2020-02-27,0.9623569846153259,2,68075537.32465
23.2890625,68.493723,2.6500000953674316,-49.580875396728516,2020-02-04,0.9516249895095825,11,66035635.588457
23.289262771606445,68.5400161743164,2.390000104904175,-48.77509689331055,2020-02-23,0.9688079953193665,6,67735560.012208
23.28936767578125,68.5711898803711,2.619999885559082,-47.80330276489258,2020-02-27,0.9821699857711792,1,68075537.518871
23.289127349853516,68.548351,2.319999933242798,-49.112629,2020-02-23,0.9985269904136658,8,67735560.441967
23.288667,68.493366,2.7300000190734863,-49.64119338989258,2020-02-04,0.9506499767303467,11,66035635.580193
23.288867950439453,68.53965759277344,2.4700000286102295,-48.894081,2020-02-23,0.9810979962348938,6,67735560.003944
23.288731,68.547994,2.319999933242798,-48.85048294067383,2020-02-23,0.9989650249481201,8,67735560.433701
23.288806915283203,68.556004,2.319999933242798,-49.003135681152344,2020-02-23,0.9990140199661255,11,67735560.462632
23.288972,68.570832,2.619999885559082,-47.817581,2020-02-27,0.974835991859436,1,68075537.510607
23.288472,68.539303,2.4700000286102295,-48.73407745361328,2020-02-23,0.9613860249519348,6,67735559.99568
23.288215,68.48491668701172,2.5799999237060547,-49.081390380859375,2020-02-04,0.9542220234870911,8,66035635.543005
23.288272,68.493009,2.690000057220459,-49.354610443115234,2020-02-04,0.9599419832229614,11,66035635.571929
23.288335,68.547636,2.319999933242798,-48.720157623291016,2020-02-23,0.9990580081939697,8,67735560.425435
23.288411,68.555647,2.359999895095825,-49.47864532470703,2020-02-23,0.9987810254096985,11,67735560.454366
23.287878036499023,68.492652,2.5799999237060547,-49.244759,2020-02-04,0.9536740183830261,11,66035635.563665
23.287939,68.547279,2.319999933242798,-48.550506591796875,2020-02-23,0.9989280104637146,8,67735560.417169
23.288015365600586,68.555289,2.359999895095825,-49.549110412597656,2020-02-23,0.9971420168876648,11,67735560.4461
23.287484,68.492295,2.759999990463257,-49.290733337402344,2020-02-04,0.9563570022583008,11,66035635.555401
23.28761863708496,68.554932,2.240000009536743,-49.48562240600586,2020-02-23,0.9930620193481445,11,67735560.437834
23.287543,68.546921,2.319999933242798,-48.35957336425781,2020-02-23,0.9984549880027771,8,67735560.408903
23.287089,68.491939,2.7300000190734863,-49.25050735473633,2020-02-04,0.9513429999351501,11,66035635.547137
23.287147,68.546563,2.2799999713897705,-48.378262,2020-02-23,0.998649001121521,8,67735560.400637
23.287223,68.554574,2.319999933242798,-49.47492599487305,2020-02-23,0.9966480135917664,11,67735560.429568
23.28669548034668,68.491582,2.6500000953674316,-49.21904754638672,2020-02-04,0.9624620079994202,11,66035635.538873
23.286751,68.546205,2.319999933242798,-48.45326232910156,2020-02-23,0.9987630248069763,8,67735560.392371
23.286827087402344,68.554217,2.319999933242798,-49.27106475830078,2020-02-23,0.9986010193824768,11,67735560.421302
23.286853790283203,68.576298,2.619999885559082,-47.768489837646484,2020-02-27,0.9692630171775818,2,68075537.266788
23.286300659179688,68.491226,2.690000057220459,-49.1166877746582,2020-02-04,0.9603090286254883,11,66035635.530609
23.286431,68.553859,2.319999933242798,-49.29339599609375,2020-02-23,0.9986680150032043,11,67735560.413036
23.285848,68.482785,2.5799999237060547,-49.06401443481445,2020-02-04,0.9542919993400574,8,66035635.493421
23.285905838012695,68.4908676147461,2.5799999237060547,-49.013889,2020-02-04,0.9546570181846619,11,66035635.522345
23.285959,68.545489,2.2799999713897705,-48.392281,2020-02-23,0.9985610246658325,8,67735560.375839
23.285512,68.490514,2.7300000190734863,-49.148239,2020-02-04,0.9504200220108032,11,66035635.514081
23.28556251525879,68.545131,2.2799999713897705,-48.416847229003906,2020-02-23,0.998615026473999,8,67735560.367573
23.285306,68.536451,2.359999895095825,-49.169941,2020-02-23,0.9529820084571838,6,67735559.929568
23.285058975219727,68.482074,2.6500000953674316,-49.050098,2020-02-04,0.9529979825019836,8,66035635.476893
23.285167,68.544773,2.359999895095825,-48.536163330078125,2020-02-23,0.9985079765319824,8,67735560.359307
23.285243,68.552786,2.2799999713897705,-48.982891,2020-02-23,0.9973099827766418,11,67735560.388238
23.284665,68.481719,2.6500000953674316,-49.071548,2020-02-04,0.9566419720649719,8,66035635.468629
23.28472328186035,68.489803,2.7300000190734863,-49.11845016479492,2020-02-04,0.9564509987831116,11,66035635.497553
23.284910202026367,68.536094,2.4700000286102295,-49.64818572998047,2020-02-23,0.9721369743347168,6,67735559.921304
23.311504364013672,68.552093,2.7300000190734863,-49.82171630859375,2020-11-28,0.9503719806671143,0,91790254.819913
23.311109,68.551733,2.5399999618530273,-49.63355255126953,2020-11-28,0.9577890038490295,0,91790254.811649
23.3049373626709,68.578432,2.430000066757202,-49.626502990722656,2020-11-28,0.956375002861023,5,91790254.981095
23.303359,68.576991,2.430000066757202,-49.38691711425781,2020-11-28,0.9647549986839294,5,91790254.948031
23.302569,68.576272,3.8499999046325684,-43.682186126708984,2020-11-28,0.9662690162658691,5,91790254.931499
23.301782,68.575552,3.140000104904175,-47.60814666748047,2020-11-28,0.953603982925415,5,91790254.914967
23.301387786865234,68.575192,2.950000047683716,-47.60630416870117,2020-11-28,0.9503170251846313,5,91790254.906701
23.300992965698242,68.574832,2.880000114440918,-47.473506927490234,2020-11-28,0.9531069993972778,5,91790254.898435
23.299415588378906,68.573393,4.230000019073486,-47.421897888183594,2020-11-28,0.9540470242500305,5,91790254.865371
23.29705047607422,68.571235,2.4700000286102295,-48.660579681396484,2020-11-28,0.959555983543396,5,91790254.815781
23.2961483001709,68.578457,2.7699999809265137,-47.49751281738281,2020-11-28,0.9512140154838562,6,91790254.828177
23.294963836669922,68.577378,3.819999933242798,-47.255009,2020-11-28,0.9556080102920532,6,91790254.803385
23.294174194335938,68.576659,3.369999885559082,-45.159244537353516,2020-11-28,0.9582129716873169,6,91790254.786857
23.293384552001953,68.57594299316406,3.3299999237060547,-47.51268768310547,2020-11-28,0.9548580050468445,6,91790254.770329
23.288361,68.563331,3.4000000953674316,-46.822242736816406,2020-11-28,0.960644006729126,5,91790254.633973
23.372133255004883,68.575682,4.340000152587891,-47.223652,2020-12-02,0.9587770104408264,5,92130251.364611
23.37173843383789,68.575323,3.8499999046325684,-48.23748779296875,2020-12-02,0.9580640196800232,5,92130251.356347
23.370946884155273,68.574605,2.5799999237060547,-47.781528,2020-12-02,0.9519739747047424,5,92130251.339819
23.370155334472656,68.573887,2.7300000190734863,-47.93363571166992,2020-12-02,0.9555739760398865,5,92130251.323291
23.369760513305664,68.573528,2.8399999141693115,-47.920422,2020-12-02,0.9535210132598877,5,92130251.315027
23.36936378479004,68.573169,2.990000009536743,-47.84913635253906,2020-12-02,0.9579290151596069,5,92130251.306763
23.368572235107422,68.572451,5.010000228881836,-48.617641,2020-12-02,0.9723029732704163,5,92130251.290235
23.366989,68.57101440429688,2.5399999618530273,-47.011314392089844,2020-12-02,0.9551039934158325,5,92130251.257179
23.366593,68.570655,3.2899999618530273,-45.98596954345703,2020-12-02,0.9615110158920288,5,92130251.248915
23.365687,68.577884,2.5399999618530273,-45.710304260253906,2020-12-02,0.955606997013092,6,92130251.261311
23.365291,68.577525,2.5799999237060547,-45.11754608154297,2020-12-02,0.9555889964103699,6,92130251.253047
23.36489486694336,68.577166,2.5,-45.5266227722168,2020-12-02,0.9648230075836182,6,92130251.244783
23.364499,68.576807,2.5,-44.918277740478516,2020-12-02,0.9638190269470215,6,92130251.236519
23.364104,68.576447,2.7699999809265137,-46.79872512817383,2020-12-02,0.9558619856834412,6,92130251.228255
23.36172866821289,68.57429504394531,2.7300000190734863,-46.99895477294922,2020-12-02,0.9557999968528748,6,92130251.178671
23.35974884033203,68.572502,2.4700000286102295,-48.75645446777344,2020-12-02,0.9541590213775635,6,92130251.137351
23.356072,68.577651,3.0299999713897705,-47.367828,2020-12-02,0.9567310214042664,8,92130251.492703
23.355676,68.577293,2.430000066757202,-45.89697265625,2020-12-02,0.9524539709091187,8,92130251.484439
23.352907180786133,68.574785,2.390000104904175,-48.80583190917969,2020-12-02,0.9614530205726624,8,92130251.426591
23.343233108520508,68.549528,2.4700000286102295,-48.837806701660156,2020-12-02,0.9695960283279419,5,92130250.761301
23.340348,68.554969,3.4000000953674316,-48.05717468261719,2020-12-02,0.9524980187416077,6,92130250.73237
23.340065002441406,68.546676,2.4700000286102295,-48.65395736694336,2020-12-02,0.9692929983139038,5,92130250.695173
23.339669,68.546319,2.4700000286102295,-48.67551803588867,2020-12-02,0.9670299887657166,5,92130250.686908
23.33927345275879,68.545963,2.5399999618530273,-48.74063491821289,2020-12-02,0.9517239928245544,5,92130250.678644
23.33915901184082,68.553899,3.700000047683716,-48.513423919677734,2020-12-02,0.9673709869384766,6,92130250.707572
23.338985443115234,68.537041,2.619999885559082,-48.53602600097656,2020-12-02,0.9534149765968323,3,92130250.232388
23.338876724243164,68.545606,2.5,-48.754601,2020-12-02,0.9580900073051453,5,92130250.67038
23.338481,68.54524993896484,2.4700000286102295,-48.67650604248047,2020-12-02,0.9618200063705444,5,92130250.662116
23.325023,68.53308868408203,2.5,-48.755592346191406,2020-12-02,0.9504709839820862,5,92130250.38114
23.315135955810547,68.524162,2.4700000286102295,-48.64201736450195,2020-12-02,0.9681770205497742,5,92130250.17454
23.375106,68.545903,2.509999990463257,-48.811336517333984,2021-03-06,0.9645040035247803,0,100290211.182829
23.374710083007812,68.545545,2.509999990463257,-48.743072509765625,2021-03-06,0.9512789845466614,0,100290211.174565
23.373825073242188,68.538487,2.359999895095825,-47.438716888427734,2021-03-10,0.9511250257492065,11,100630222.821968
23.372732162475586,68.543751,2.5799999237060547,-48.78526306152344,2021-03-06,0.9520379900932312,0,100290211.133245
23.372243881225586,68.537054,2.2799999713897705,-47.461063385009766,2021-03-10,0.965071976184845,11,100630222.788912
23.372336,68.543393,2.509999990463257,-48.76914596557617,2021-03-06,0.9662410020828247,0,100290211.124981
23.372181,68.575402,3.700000047683716,-48.68650436401367,2021-03-06,0.9886519908905029,5,100290211.418407
23.371849,68.536696,2.319999933242798,-47.470638,2021-03-10,0.9601280093193054,11,100630222.780648
23.371941,68.543034,2.6600000858306885,-48.886505126953125,2021-03-06,0.9704890251159668,0,100290211.116717
23.371379,68.528326,2.319999933242798,-47.358429,2021-03-10,0.9731630086898804,8,100630222.74346
23.370588302612305,68.5276107788086,2.319999933242798,-47.387032,2021-03-10,0.9523890018463135,8,100630222.726932
23.370193481445312,68.527252,2.319999933242798,-47.376831,2021-03-10,0.9685360193252563,8,100630222.718668
23.369803,68.573256,2.7699999809265137,-47.822491,2021-03-06,0.9537379741668701,5,100290211.368811
23.36940574645996,68.572898,3.4000000953674316,-47.678314208984375,2021-03-06,0.9568349719047546,5,100290211.360545
23.368613,68.572182,4.079999923706055,-48.61178970336914,2021-03-06,0.9720990061759949,5,100290211.344013
23.367026,68.57074737548828,2.5399999618530273,-46.30154037475586,2021-03-06,0.961529016494751,5,100290211.310949
23.366924285888672,68.578675,2.509999990463257,-48.74533462524414,2021-03-06,0.966035008430481,6,100290211.33988
23.366131,68.577959,2.5399999618530273,-48.793819,2021-03-06,0.957880973815918,6,100290211.323348
23.36583709716797,68.569676,2.5799999237060547,-48.22648239135742,2021-03-06,0.9531350135803223,5,100290211.286151
23.365734100341797,68.577601,2.690000057220459,-44.96611785888672,2021-03-06,0.9626460075378418,6,100290211.315082
23.365440368652344,68.569317,2.430000066757202,-48.304203033447266,2021-03-06,0.9742749929428101,5,100290211.277885
23.365337371826172,68.577243,2.509999990463257,-44.688011,2021-03-06,0.9621700048446655,6,100290211.306816
23.36504364013672,68.568959,2.4700000286102295,-48.582691,2021-03-06,0.983502984046936,5,100290211.269619
23.364941,68.576885,2.5799999237060547,-45.08831024169922,2021-03-06,0.9623349905014038,6,100290211.29855
23.364646911621094,68.568601,2.4700000286102295,-48.76362991333008,2021-03-06,0.986611008644104,5,100290211.261353
23.364543914794922,68.576527,2.4700000286102295,-44.57328796386719,2021-03-06,0.958158016204834,6,100290211.290284
23.364030838012695,68.5358657836914,2.5799999237060547,-48.901100158691406,2021-03-06,0.952597975730896,0,100290210.951437
23.364148,68.576169,2.7300000190734863,-46.434071,2021-03-06,0.9598770141601562,6,100290211.282018
23.363854,68.567884,2.430000066757202,-48.80702209472656,2021-03-06,0.950007975101471,5,100290211.244821
23.36176872253418,68.574019,3.3299999237060547,-46.244251,2021-03-06,0.9633780121803284,6,100290211.232422
23.360977172851562,68.573302,2.4700000286102295,-48.454063415527344,2021-03-06,0.9625880122184753,6,100290211.21589
23.360185,68.572585,2.430000066757202,-48.27334976196289,2021-03-06,0.9572759866714478,6,100290211.199358
23.35978889465332,68.572226,2.4700000286102295,-48.23002624511719,2021-03-06,0.9719030261039734,6,100290211.191092
23.35836410522461,68.546189,2.619999885559082,-48.82545471191406,2021-03-06,0.9598479866981506,2,100290210.662197
23.358205795288086,68.570792,2.359999895095825,-48.10511779785156,2021-03-06,0.9709619879722595,6,100290211.158036
23.357968,68.545832,2.6600000858306885,-48.780521,2021-03-06,0.965582013130188,2,100290210.653933
23.357810974121094,68.570433,2.509999990463257,-48.130711,2021-03-06,0.9764840006828308,6,100290211.149772
23.356380462646484,68.552447,2.619999885559082,-48.914139,2021-03-06,0.9660590291023254,3,100290210.649801
23.356229,68.568998,2.430000066757202,-48.45759963989258,2021-03-06,0.9597960114479065,6,100290211.116716
23.355834,68.56864166259766,2.509999990463257,-48.7224235534668,2021-03-06,0.9748439788818359,6,100290211.108452
23.35599708557129,68.577198,2.2799999713897705,-45.212135314941406,2021-03-06,0.9572610259056091,8,100290211.542368
23.355438232421875,68.568281,2.430000066757202,-48.823429,2021-03-06,0.9835950136184692,6,100290211.100188
23.355043411254883,68.567922,2.430000066757202,-48.83439636230469,2021-03-06,0.9533050060272217,6,100290211.091924
23.354801177978516,68.542967,2.619999885559082,-48.932552337646484,2021-03-06,0.9517049789428711,2,100290210.587821
23.35440444946289,68.542609,2.7699999809265137,-48.914730072021484,2021-03-06,0.9588850140571594,2,100290210.579557
23.354251861572266,68.567205,2.430000066757202,-48.861599,2021-03-06,0.9764170050621033,6,100290211.075396
23.354413986206055,68.575769,2.2799999713897705,-48.19450378417969,2021-03-06,0.9752140045166016,8,100290211.509312
23.354007720947266,68.542251,2.5399999618530273,-48.88496398925781,2021-03-06,0.9601050019264221,2,100290210.571293
23.354018,68.575411,3.4000000953674316,-48.20750427246094,2021-03-06,0.9724119901657104,8,100290211.501048
23.353622436523438,68.575054,2.390000104904175,-48.17744445800781,2021-03-06,0.9815679788589478,8,100290211.492784
23.353225708007812,68.574696,2.5799999237060547,-48.460594177246094,2021-03-06,0.9909210205078125,8,100290211.48452
23.351245880126953,68.572908,2.319999933242798,-48.8571662902832,2021-03-06,0.9903209805488586,8,100290211.4432
23.350835,68.547434,2.5399999618530273,-48.834625244140625,2021-03-06,0.9612849950790405,3,100290210.534105
23.347758,68.577694,2.359999895095825,-49.03020477294922,2021-03-06,0.9838389754295349,11,100290211.397742
23.346920013427734,68.51417541503906,2.359999895095825,-47.53463363647461,2021-03-10,0.9564700126647949,11,100630222.259961
23.346526,68.513818,2.319999933242798,-47.520672,2021-03-10,0.9677420258522034,11,100630222.251697
23.345256,68.551043,2.4700000286102295,-48.84306335449219,2021-03-06,0.9796959757804871,5,100290210.8564
23.344860076904297,68.550686,2.430000066757202,-48.768035888671875,2021-03-06,0.9793699979782104,5,100290210.848136
23.344464,68.550328,2.4700000286102295,-48.641449,2021-03-06,0.9681739807128906,5,100290210.839872
23.343861,68.486992,2.4700000286102295,-47.15626525878906,2021-03-10,0.9773560166358948,5,100630221.706273
23.344068,68.54997253417969,2.359999895095825,-48.53623580932617,2021-03-06,0.973222017288208,5,100290210.831608
23.343696,68.503309,2.319999933242798,-47.37751007080078,2021-03-10,0.9542739987373352,8,100630222.164925
23.343671798706055,68.549613,2.509999990463257,-48.509098052978516,2021-03-06,0.9745039939880371,5,100290210.823344
23.343276,68.54925537109375,2.4700000286102295,-48.434582,2021-03-06,0.9701079726219177,5,100290210.81508
23.342880249023438,68.548898,2.430000066757202,-48.361209869384766,2021-03-06,0.9637799859046936,5,100290210.806816
23.342513,68.502236,2.359999895095825,-47.00411605834961,2021-03-10,0.9542909860610962,8,100630222.140133
23.342119,68.501879,2.2799999713897705,-46.7274169921875,2021-03-10,0.9500629901885986,8,100630222.131869
23.341401,68.509173,2.359999895095825,-47.515091,2021-03-10,0.9527469873428345,11,100630222.144265
23.340936,68.500806,2.2799999713897705,-47.450687408447266,2021-03-10,0.9658809900283813,8,100630222.107077
23.341007232666016,68.508816,2.2799999713897705,-47.497398,2021-03-10,0.955502986907959,11,100630222.136001
23.340613,68.508458,2.359999895095825,-47.509796142578125,2021-03-10,0.9673730134963989,11,100630222.127737
23.340797424316406,68.555032,4.420000076293945,-48.831429,2021-03-06,0.9719610214233398,6,100290210.79442
23.340505599975586,68.546752,2.430000066757202,-48.321171,2021-03-06,0.9602010250091553,5,100290210.757232
23.340147018432617,68.50009155273438,2.240000009536743,-47.620861,2021-03-10,0.956305980682373,8,100630222.090549
23.340219,68.50810241699219,2.359999895095825,-47.48564529418945,2021-03-10,0.9693329930305481,11,100630222.119473
23.340401,68.554675,3.140000104904175,-47.836948,2021-03-06,0.9590979814529419,6,100290210.786156
23.340110778808594,68.54639434814453,2.390000104904175,-48.376522064208984,2021-03-06,0.9584280252456665,5,100290210.748968
23.339824,68.507742,2.359999895095825,-47.47015380859375,2021-03-10,0.9844599962234497,11,100630222.111209
23.33942985534668,68.50738525390625,2.430000066757202,-47.458717346191406,2021-03-10,0.9524930119514465,11,100630222.102945
23.33971405029297,68.546037,2.4700000286102295,-48.44589614868164,2021-03-06,0.9778670072555542,5,100290210.740704
23.339609146118164,68.55396270751953,2.619999885559082,-48.21846389770508,2021-03-06,0.9602980017662048,6,100290210.769628
23.339318,68.545679,2.509999990463257,-48.502972,2021-03-06,0.9821609854698181,5,100290210.73244
23.339214324951172,68.553602,3.5199999809265137,-48.83390808105469,2021-03-06,0.9661960005760193,6,100290210.761364
23.33892250061035,68.545322,2.390000104904175,-48.44633483886719,2021-03-06,0.9877070188522339,5,100290210.724176
23.338641,68.506669,2.4700000286102295,-45.25629806518555,2021-03-10,0.9670069813728333,11,100630222.086417
23.338819,68.553244,2.4700000286102295,-48.844662,2021-03-06,0.987591028213501,6,100290210.7531
23.338247299194336,68.506312,2.619999885559082,-46.018306732177734,2021-03-10,0.9555360078811646,11,100630222.078153
23.338527,68.544964,2.509999990463257,-48.45211410522461,2021-03-06,0.9811800122261047,5,100290210.715912
23.338422775268555,68.552887,2.4700000286102295,-48.866749,2021-03-06,0.9876289963722229,6,100290210.744836
23.338131,68.544606,2.4700000286102295,-48.51593017578125,2021-03-06,0.9894319772720337,5,100290210.707648
23.338027,68.552529,2.390000104904175,-48.90342330932617,2021-03-06,0.9844629764556885,6,100290210.736572
23.337736129760742,68.544249,2.4700000286102295,-48.572048,2021-03-06,0.9832749962806702,5,100290210.699384
23.337339401245117,68.543891,2.4700000286102295,-48.625083923339844,2021-03-06,0.9849399924278259,5,100290210.69112
23.336944,68.543533,2.430000066757202,-48.67206954956055,2021-03-06,0.9841529726982117,5,100290210.682856
23.336549,68.543176,2.4700000286102295,-48.835709,2021-03-06,0.9886209964752197,5,100290210.674592
23.336273193359375,68.50452423095703,3.0999999046325684,-45.599091,2021-03-10,0.964605987071991,11,100630222.036833
23.336153030395508,68.542818,2.430000066757202,-49.080322265625,2021-03-06,0.9630209803581238,5,100290210.666328
23.335878372192383,68.504167,2.430000066757202,-45.25510787963867,2021-03-10,0.9522929787635803,11,100630222.028569
23.335483,68.5038070678711,2.4700000286102295,-45.846343994140625,2021-03-10,0.958545982837677,11,100630222.020305
23.335088,68.503452,2.509999990463257,-45.71231460571289,2021-03-10,0.9576979875564575,11,100630222.012041
23.334221,68.494732,2.319999933242798,-47.66810607910156,2021-03-10,0.9535930156707764,8,100630221.966589
23.33429718017578,68.502738,2.2799999713897705,-47.46338653564453,2021-03-10,0.9594089984893799,11,100630221.995513
23.333901,68.502382,2.2799999713897705,-47.53471374511719,2021-03-10,0.9612510204315186,11,100630221.987249
23.333505630493164,68.502025,2.359999895095825,-47.533721923828125,2021-03-10,0.9696080088615417,11,100630221.978985
23.325851440429688,68.53350830078125,2.4700000286102295,-48.966721,2021-03-06,0.9717320203781128,5,100290210.451464
23.325454,68.533152,2.4700000286102295,-48.882137298583984,2021-03-06,0.9766790270805359,5,100290210.4432
23.325057983398438,68.532794,2.430000066757202,-48.50663375854492,2021-03-06,0.9761120080947876,5,100290210.434936
23.321489,68.529572,2.359999895095825,-48.05947494506836,2021-03-06,0.9532250165939331,5,100290210.360546
23.316237,68.53284454345703,2.430000066757202,-48.79252243041992,2021-03-06,0.9889019727706909,6,100290210.282019
23.315841,68.532487,2.4700000286102295,-48.95947265625,2021-03-06,0.9839590191841125,6,100290210.273753
23.315444946289062,68.5321273803711,2.4700000286102295,-48.891685485839844,2021-03-06,0.9816970229148865,6,100290210.265487
23.315149307250977,68.523852,2.319999933242798,-48.42756271362305,2021-03-06,0.9543650150299072,5,100290210.22829
23.314754486083984,68.523494,2.430000066757202,-48.81923294067383,2021-03-06,0.9702739715576172,5,100290210.220024
23.31435775756836,68.523137,2.509999990463257,-49.253379821777344,2021-03-06,0.9520180225372314,5,100290210.211758
23.3135929107666,68.51383209228516,2.5799999237060547,-48.87111282348633,2021-03-06,0.9831690192222595,3,100290209.757233
23.30854034423828,68.55717468261719,2.5799999237060547,-47.44570541381836,2021-03-02,0.9667220115661621,1,99950197.364204
23.302863,68.576089,7.0,-46.696895599365234,2021-03-02,0.962922990322113,5,99950197.512992
23.302468,68.575731,3.0999999046325684,-47.220009,2021-03-02,0.9819030165672302,5,99950197.504726
23.301279067993164,68.57466125488281,2.509999990463257,-47.36818313598633,2021-03-02,0.9848350286483765,5,99950197.479928
23.300884246826172,68.574303,2.619999885559082,-47.250797271728516,2021-03-02,0.9845349788665771,5,99950197.471662
23.300487518310547,68.573946,2.5399999618530273,-47.344303131103516,2021-03-02,0.982882022857666,5,99950197.463396
23.300092,68.573589,2.509999990463257,-47.370216369628906,2021-03-02,0.9921169877052307,5,99950197.45513
23.29969596862793,68.573231,3.549999952316284,-47.29694747924805,2021-03-02,0.9872459769248962,5,99950197.446864
23.296821,68.578647,2.4700000286102295,-47.328060150146484,2021-03-02,0.9831920266151428,6,99950197.417933
23.296520233154297,68.570375,2.5799999237060547,-47.396697998046875,2021-03-02,0.9650530219078064,5,99950197.380736
23.296424865722656,68.57829284667969,2.619999885559082,-47.209381,2021-03-02,0.9639300107955933,6,99950197.409667
23.296027,68.577933,2.809999942779541,-47.298892974853516,2021-03-02,0.9576370120048523,6,99950197.401401
23.295629501342773,68.57757568359375,2.809999942779541,-47.16798400878906,2021-03-02,0.9571070075035095,6,99950197.393135
23.29523277282715,68.577219,5.170000076293945,-47.15867614746094,2021-03-02,0.9772760272026062,6,99950197.384869
23.294835,68.576862,4.71999979019165,-47.260101,2021-03-02,0.984749972820282,6,99950197.376603
23.293642044067383,68.57579040527344,3.0299999713897705,-47.436249,2021-03-02,0.9914870262145996,6,99950197.351805
23.292448043823242,68.574717,2.430000066757202,-47.5496940612793,2021-03-02,0.9592549800872803,6,99950197.32701
23.292049,68.5743637084961,2.5799999237060547,-47.490234375,2021-03-02,0.987401008605957,6,99950197.318746
23.289751052856445,68.564289,2.4700000286102295,-47.49493408203125,2021-03-02,0.9539250135421753,5,99950197.240238
23.289353,68.563929,2.430000066757202,-47.60201644897461,2021-03-02,0.9556930065155029,5,99950197.231974
23.289261,68.571852,2.430000066757202,-47.51910400390625,2021-03-02,0.9564359784126282,6,99950197.260898
23.28895378112793,68.563569,2.509999990463257,-47.53969192504883,2021-03-02,0.9726920127868652,5,99950197.22371
23.288556,68.563209,3.740000009536743,-46.921775817871094,2021-03-02,0.9698839783668518,5,99950197.215446
23.288158416748047,68.562849,2.430000066757202,-47.630271911621094,2021-03-02,0.9890549778938293,5,99950197.207182
23.3751220703125,68.563522,2.690000057220459,-47.851627349853516,2021-05-11,0.9810680150985718,5,105933293.14738
23.374703,68.501038,2.430000066757202,-48.40394592285156,2021-05-15,0.9508500099182129,5,106273314.661453
23.37496566772461,68.556702,2.4700000286102295,-48.852619,2021-05-11,0.9722390174865723,6,105933293.019289
23.373912811279297,68.494218,2.509999990463257,-48.274712,2021-05-15,0.9538249969482422,6,106273314.54987
23.374175,68.557418,2.430000066757202,-48.868649,2021-05-11,0.9646689891815186,6,105933293.035817
23.373779,68.557775,2.430000066757202,-48.553070068359375,2021-05-11,0.9853799939155579,6,105933293.044081
23.372987747192383,68.55848693847656,2.619999885559082,-47.767982482910156,2021-05-11,0.9787390232086182,6,105933293.060609
23.372727,68.495291,2.390000104904175,-49.22538375854492,2021-05-15,0.9622719883918762,6,106273314.574668
23.37272834777832,68.502826,2.4700000286102295,-48.235843658447266,2021-05-15,0.9517379999160767,5,106273314.702773
23.37259292602539,68.558848,2.5799999237060547,-47.68074035644531,2021-05-11,0.9777470231056213,6,105933293.068873
23.371936798095703,68.496006,2.430000066757202,-49.11322021484375,2021-05-15,0.9607589840888977,6,106273314.5912
23.372197,68.559205,2.619999885559082,-47.69206237792969,2021-05-11,0.9774600267410278,6,105933293.077137
23.37154197692871,68.496363,2.430000066757202,-49.108952,2021-05-15,0.9740849733352661,6,106273314.599466
23.371801376342773,68.559563,2.8399999141693115,-47.53219985961914,2021-05-11,0.9557679891586304,6,105933293.085401
23.371406,68.55992126464844,2.619999885559082,-47.79905319213867,2021-05-11,0.9744849801063538,6,105933293.093665
23.37114715576172,68.496721,2.390000104904175,-49.11101531982422,2021-05-15,0.9687240123748779,6,106273314.607732
23.371281,68.537775,2.359999895095825,-48.262760162353516,2021-05-11,0.9749130010604858,11,105933293.139116
23.37111473083496,68.544753,2.390000104904175,-49.16865539550781,2021-05-11,0.9717320203781128,8,105933293.275472
23.370751,68.497079,2.4700000286102295,-49.149689,2021-05-15,0.9752020239830017,6,106273314.615998
23.370885848999023,68.538133,2.359999895095825,-48.552052,2021-05-11,0.9755030274391174,11,105933293.14738
23.371009826660156,68.560277,2.5799999237060547,-47.79039764404297,2021-05-11,0.9751290082931519,6,105933293.101929
23.3703556060791,68.497436,2.390000104904175,-49.07692337036133,2021-05-15,0.9672719836235046,6,106273314.624264
23.370615005493164,68.560635,2.8399999141693115,-47.833492279052734,2021-05-11,0.9796090126037598,6,105933293.110193
23.370379,68.567814,2.4700000286102295,-48.193843841552734,2021-05-11,0.9933879971504211,5,105933293.246548
23.369961,68.497794,2.390000104904175,-49.137725830078125,2021-05-15,0.9672809839248657,6,106273314.632529
23.369962692260742,68.505329,2.430000066757202,-48.254189,2021-05-15,0.9522889852523804,5,106273314.760621
23.370095,68.538848,2.390000104904175,-49.58696746826172,2021-05-11,0.9547550082206726,11,105933293.163908
23.370219,68.560992,2.619999885559082,-47.851417541503906,2021-05-11,0.9783629775047302,6,105933293.118457
23.369930267333984,68.545827,2.2799999713897705,-49.401459,2021-05-11,0.9713810086250305,8,105933293.300264
23.369824,68.56134796142578,3.8499999046325684,-47.587921,2021-05-11,0.9642990231513977,6,105933293.126721
23.369983673095703,68.568172,2.359999895095825,-48.178955078125,2021-05-11,0.9669719934463501,5,105933293.254812
23.369565963745117,68.498151,2.509999990463257,-49.06863784790039,2021-05-15,0.963038980960846,6,106273314.640793
23.369699478149414,68.539205,2.390000104904175,-49.4382438659668,2021-05-11,0.9627810120582581,11,105933293.172172
23.369171142578125,68.498509,2.4700000286102295,-49.10543441772461,2021-05-15,0.9575650095939636,6,106273314.649057
23.36958885192871,68.56852722167969,2.509999990463257,-48.074772,2021-05-11,0.9783830046653748,5,105933293.263076
23.369011,68.518834,2.5799999237060547,-49.718509674072266,2021-05-15,0.967153012752533,3,106273314.554003
23.36919403076172,68.568887,2.4700000286102295,-48.0339469909668,2021-05-11,0.985014021396637,5,105933293.27134
23.368776321411133,68.498866,2.509999990463257,-49.02964401245117,2021-05-15,0.9527930021286011,6,106273314.657321
23.368381,68.499224,2.430000066757202,-49.0095100402832,2021-05-15,0.9539579749107361,6,106273314.665585
23.368514,68.540278,2.319999933242798,-49.423492431640625,2021-05-11,0.9661769866943359,11,105933293.196964
23.367986,68.499582,2.430000066757202,-48.982112884521484,2021-05-15,0.9615610241889954,6,106273314.673849
23.368118286132812,68.540636,2.319999933242798,-49.690971,2021-05-11,0.9629610180854797,11,105933293.205228
23.367591,68.499939,2.430000066757202,-48.997059,2021-05-15,0.9516419768333435,6,106273314.682113
23.367505,68.539677,2.5399999618530273,-49.83720397949219,2021-05-15,0.9503610134124756,0,106273315.16969
23.367614,68.570319,2.809999942779541,-45.48753356933594,2021-05-11,0.9546579718589783,5,105933293.304396
23.367131,68.488021,2.319999933242798,-48.163116455078125,2021-05-15,0.9816089868545532,8,106273314.913505
23.367451,68.563495,2.4700000286102295,-49.100639,2021-05-11,0.9570220112800598,6,105933293.176305
23.367164611816406,68.548334,2.2799999713897705,-49.32633972167969,2021-05-11,0.9628589749336243,8,105933293.358112
23.367219,68.570677,2.619999885559082,-45.49242401123047,2021-05-11,0.9522079825401306,5,105933293.31266
23.366735458374023,68.488378,2.359999895095825,-48.168121,2021-05-15,0.9882460236549377,8,106273314.921769
23.366769790649414,68.548692,2.359999895095825,-49.200069,2021-05-11,0.990900993347168,8,105933293.366376
23.36665916442871,68.564208984375,2.430000066757202,-48.943702697753906,2021-05-11,0.9878770112991333,6,105933293.192833
23.366823196411133,68.571035,2.4700000286102295,-46.18501663208008,2021-05-11,0.9575269818305969,5,105933293.320924
23.36634063720703,68.488735,2.319999933242798,-48.235816955566406,2021-05-15,0.9669809937477112,8,106273314.930033
23.366265,68.564567,2.430000066757202,-48.601749,2021-05-11,0.9640840291976929,6,105933293.201097
23.365945,68.489093,2.2799999713897705,-48.685760498046875,2021-05-15,0.9598990082740784,8,106273314.938297
23.365979,68.549409,2.319999933242798,-49.182079,2021-05-11,0.9903339743614197,8,105933293.382904
23.365549087524414,68.48944854736328,2.2799999713897705,-49.190216064453125,2021-05-15,0.9748349785804749,8,106273314.946561
23.365748,68.542783,2.390000104904175,-49.66234588623047,2021-05-11,0.984728991985321,11,105933293.254812
23.365584,68.549767,2.319999933242798,-49.107479,2021-05-11,0.9902709722518921,8,105933293.391168
23.365155,68.489808,2.319999933242798,-49.213032,2021-05-15,0.9609079957008362,8,106273314.954825
23.365352630615234,68.543141,2.319999933242798,-49.42278289794922,2021-05-11,0.9850119948387146,11,105933293.263076
23.365474,68.565283,2.4700000286102295,-48.715396881103516,2021-05-11,0.9898399710655212,6,105933293.217625
23.364759,68.490165,2.359999895095825,-49.13612747192383,2021-05-15,0.9804880023002625,8,106273314.963089
23.364826202392578,68.502442,2.430000066757202,-48.77861022949219,2021-05-15,0.9659559726715088,6,106273314.739961
23.364957809448242,68.543499,2.359999895095825,-49.294456481933594,2021-05-11,0.9865409731864929,11,105933293.27134
23.36456298828125,68.543857,2.359999895095825,-49.237361907958984,2021-05-11,0.9886500239372253,11,105933293.279604
23.36479377746582,68.550483,2.359999895095825,-49.072784423828125,2021-05-11,0.9898430109024048,8,105933293.407696
23.364684,68.565998,2.430000066757202,-48.97156524658203,2021-05-11,0.9917939901351929,6,105933293.234153
23.364364,68.490522,2.359999895095825,-49.305901,2021-05-15,0.9730280041694641,8,106273314.971353
23.364398956298828,68.550842,2.319999933242798,-49.026611,2021-05-11,0.9916790127754211,8,105933293.41596
23.363969,68.49088287353516,2.359999895095825,-49.17469787597656,2021-05-15,0.9776399731636047,8,106273314.979617
23.364036,68.503157,2.390000104904175,-48.975433349609375,2021-05-15,0.954945981502533,6,106273314.756489
23.364168167114258,68.544215,2.359999895095825,-49.19511795043945,2021-05-11,0.9902750253677368,11,105933293.287868
23.36357307434082,68.491237,2.2799999713897705,-49.55809783935547,2021-05-15,0.987388014793396,8,106273314.987881
23.363643,68.511049,2.390000104904175,-48.786541,2021-05-15,0.9712929725646973,5,106273314.892845
23.363773345947266,68.544573,2.390000104904175,-49.109501,2021-05-11,0.9866459965705872,11,105933293.296132
23.363178253173828,68.491594,2.2799999713897705,-48.92965316772461,2021-05-15,0.9804790019989014,8,106273314.996145
23.363378,68.544931,2.319999933242798,-49.04879379272461,2021-05-11,0.9878649711608887,11,105933293.304396
23.362983,68.545289,2.319999933242798,-48.906288,2021-05-11,0.9886829853057861,11,105933293.31266
23.36321258544922,68.551916,2.319999933242798,-49.091629,2021-05-11,0.9843969941139221,8,105933293.440752
23.362783432006836,68.491951,2.359999895095825,-49.021690368652344,2021-05-15,0.9898849725723267,8,106273315.004409
23.362853,68.511763,2.4700000286102295,-48.899288,2021-05-15,0.9510380029678345,5,106273314.909373
23.362817764282227,68.552274,2.390000104904175,-49.202278,2021-05-11,0.9605730175971985,8,105933293.449016
23.36238670349121,68.492309,2.319999933242798,-49.131538,2021-05-15,0.9895409941673279,8,106273315.012673
23.362456,68.504588,2.509999990463257,-49.314739,2021-05-15,0.9569069743156433,6,106273314.789545
23.362588,68.545647,2.319999933242798,-48.865749,2021-05-11,0.9920939803123474,11,105933293.320924
23.362422,68.552633,2.390000104904175,-49.34541320800781,2021-05-11,0.9726219773292542,8,105933293.45728
23.36199188232422,68.492666,2.390000104904175,-49.315574645996094,2021-05-15,0.9861990213394165,8,106273315.020937
23.362027,68.552991,2.319999933242798,-49.225791931152344,2021-05-11,0.971176028251648,8,105933293.465544
23.361513137817383,68.485686,2.319999933242798,-49.3765869140625,2021-05-15,0.968979001045227,11,106273314.901109
23.36140251159668,68.546722,2.359999895095825,-48.68871307373047,2021-05-11,0.9922469854354858,11,105933293.345716
23.361632,68.553349,2.359999895095825,-49.04265594482422,2021-05-11,0.9799690246582031,8,105933293.473808
23.36111831665039,68.486044,2.359999895095825,-49.144321,2021-05-15,0.9870359897613525,11,106273314.909373
23.3612003326416,68.493381,2.319999933242798,-49.800716400146484,2021-05-15,0.9894279837608337,8,106273315.037465
23.361236,68.553707,3.930000066757202,-48.246609,2021-05-11,0.9599000215530396,8,105933293.482072
23.361291,68.576049,2.5799999237060547,-47.773929595947266,2021-05-11,0.9685019850730896,5,105933293.43662
23.360805,68.493738,2.319999933242798,-49.51650619506836,2021-05-15,0.9651079773902893,8,106273315.045729
23.361007690429688,68.54708099365234,2.390000104904175,-48.657814025878906,2021-05-11,0.9931449890136719,11,105933293.35398
23.3607234954834,68.486401,2.359999895095825,-49.106281,2021-05-15,0.9504830241203308,11,106273314.917637
23.360841,68.554066,4.079999923706055,-48.146992,2021-05-11,0.9597629904747009,8,105933293.490336
23.360408782958984,68.49409484863281,2.319999933242798,-49.268898010253906,2021-05-15,0.9801179766654968,8,106273315.053993
23.360482,68.513907,2.390000104904175,-49.091033935546875,2021-05-15,0.959971010684967,5,106273314.958957
23.360445022583008,68.554424,2.430000066757202,-49.005219,2021-05-11,0.9891610145568848,8,105933293.4986
23.360013,68.494452,2.319999933242798,-49.27409362792969,2021-05-15,0.9788550138473511,8,106273315.062257
23.360087,68.506732,2.390000104904175,-49.121604919433594,2021-05-15,0.9599230289459229,6,106273314.839129
23.360087,68.514264,2.430000066757202,-48.952011,2021-05-15,0.9502879977226257,5,106273314.967221
23.360218048095703,68.547796,2.359999895095825,-48.569210052490234,2021-05-11,0.9914079904556274,11,105933293.370508
23.35953712463379,68.487473,2.359999895095825,-49.103084564208984,2021-05-15,0.9919310212135315,11,106273314.942429
23.359618,68.494809,2.2799999713897705,-49.202629,2021-05-15,0.9838979840278625,8,106273315.070521
23.35982322692871,68.548154,2.390000104904175,-48.633487701416016,2021-05-11,0.9907220005989075,11,105933293.378772
23.359654,68.55513763427734,2.359999895095825,-49.22831344604492,2021-05-11,0.9850919842720032,8,105933293.515128
23.359222412109375,68.495167,2.319999933242798,-49.113899,2021-05-15,0.9903929829597473,8,106273315.078785
23.359296,68.514979,2.390000104904175,-48.556312561035156,2021-05-15,0.9604899883270264,5,106273314.983749
23.35942840576172,68.548512,2.390000104904175,-48.622841,2021-05-11,0.9914889931678772,11,105933293.387036
23.35882568359375,68.495524,2.319999933242798,-49.207157135009766,2021-05-15,0.9908909797668457,8,106273315.087049
23.359033,68.548871,2.359999895095825,-48.634232,2021-05-11,0.9887530207633972,11,105933293.3953
23.358918,68.578198,2.390000104904175,-47.669369,2021-05-11,0.9572280049324036,5,105933293.486204
23.358352,68.488545,2.390000104904175,-49.165706634521484,2021-05-15,0.9877099990844727,11,106273314.967221
23.3586368560791,68.549229,2.359999895095825,-48.783756256103516,2021-05-11,0.9615650177001953,11,105933293.403564
23.358468,68.556214,2.319999933242798,-49.48391342163086,2021-05-11,0.9638190269470215,8,105933293.53992
23.357955932617188,68.488903,2.390000104904175,-49.29958724975586,2021-05-15,0.9772840142250061,11,106273314.975485
23.358108520507812,68.516051,2.430000066757202,-49.472206115722656,2021-05-15,0.9558539986610413,5,106273315.008541
23.35824203491211,68.549587,2.359999895095825,-48.7172966003418,2021-05-11,0.9555379748344421,11,105933293.411828
23.35807228088379,68.556572,2.319999933242798,-49.52085494995117,2021-05-11,0.9662089943885803,8,105933293.548184
23.35771369934082,68.516408,2.430000066757202,-49.482154846191406,2021-05-15,0.9569969773292542,5,106273315.016805
23.357847213745117,68.549945,2.319999933242798,-48.67708206176758,2021-05-11,0.9854030013084412,11,105933293.420092
23.357561111450195,68.4892578125,2.390000104904175,-49.50092697143555,2021-05-15,0.9753419756889343,11,106273314.983749
23.357675552368164,68.55693054199219,2.390000104904175,-49.79998779296875,2021-05-11,0.9569839835166931,8,105933293.556449
23.357166290283203,68.489617,2.359999895095825,-49.16703796386719,2021-05-15,0.9869670271873474,11,106273314.992013
23.357322,68.509234,2.430000066757202,-49.209721,2021-05-15,0.9592040181159973,6,106273314.896977
23.357452392578125,68.550303,2.359999895095825,-48.674881,2021-05-11,0.991034984588623,11,105933293.428356
23.356769561767578,68.48997497558594,2.359999895095825,-49.129189,2021-05-15,0.9904710054397583,11,106273315.000277
23.356922149658203,68.517122,2.430000066757202,-49.040989,2021-05-15,0.9773309826850891,5,106273315.033333
23.3570556640625,68.550662,2.359999895095825,-48.67719650268555,2021-05-11,0.9901729822158813,11,105933293.43662
23.35652732849121,68.517479,2.359999895095825,-49.06971740722656,2021-05-15,0.9566289782524109,5,106273315.041597
23.356661,68.55101776123047,2.359999895095825,-48.84926986694336,2021-05-11,0.9576640129089355,11,105933293.444884
23.355979,68.490689,2.390000104904175,-49.201321,2021-05-15,0.9877539873123169,11,106273315.016805
23.355735,68.518194,2.430000066757202,-49.81210708618164,2021-05-15,0.9784029722213745,5,106273315.058125
23.355264,68.498739,2.319999933242798,-48.908721923828125,2021-05-15,0.99099200963974,8,106273315.161425
23.354867935180664,68.499096,2.359999895095825,-48.941231,2021-05-15,0.9872829914093018,8,106273315.169689
23.354555130004883,68.511735,2.430000066757202,-49.102661,2021-05-15,0.9573709964752197,6,106273314.954825
23.354806,68.574948,2.619999885559082,-47.98476791381836,2021-05-11,0.9867050051689148,6,105933293.440753
23.354472,68.499453,2.240000009536743,-49.00800323486328,2021-05-15,0.9903479814529419,8,106273315.177953
23.354509353637695,68.559794,2.319999933242798,-49.463802337646484,2021-05-11,0.9847649931907654,8,105933293.622577
23.35441017150879,68.575307,2.990000009536743,-47.941986083984375,2021-05-11,0.9733189940452576,6,105933293.449017
23.353605270385742,68.492833,2.359999895095825,-49.655338,2021-05-15,0.9922500252723694,11,106273315.066389
23.353681,68.500168,2.319999933242798,-48.95588302612305,2021-05-15,0.9909690022468567,8,106273315.194481
23.3537654876709,68.512451171875,2.430000066757202,-49.164532,2021-05-15,0.9752500057220459,6,106273314.971353
23.354015350341797,68.575665,3.109999895095825,-48.460419,2021-05-11,0.9836609959602356,6,105933293.457281
23.353208541870117,68.4931869506836,2.359999895095825,-49.171165466308594,2021-05-15,0.9771779775619507,11,106273315.074653
23.353286,68.500525,2.359999895095825,-49.602169,2021-05-15,0.9743880033493042,8,106273315.202745
23.353322982788086,68.560868,2.359999895095825,-49.26642990112305,2021-05-11,0.9878969788551331,8,105933293.647375
23.35322380065918,68.576381,2.430000066757202,-48.3568000793457,2021-05-11,0.9885900020599365,6,105933293.473809
23.352813720703125,68.493547,2.359999895095825,-48.882671,2021-05-15,0.9861829876899719,11,106273315.082917
23.352706909179688,68.554601,2.2799999713897705,-49.10043716430664,2021-05-11,0.9563109874725342,11,105933293.527524
23.352418,68.49390411376953,2.359999895095825,-48.77003479003906,2021-05-15,0.9832190275192261,11,106273315.091181
23.35253143310547,68.561583,2.2799999713897705,-49.355282,2021-05-11,0.9901900291442871,8,105933293.663907
23.352022171020508,68.494261,2.359999895095825,-48.718589782714844,2021-05-15,0.9844009876251221,11,106273315.099445
23.352311,68.554959,2.509999990463257,-49.693546295166016,2021-05-11,0.9668459892272949,11,105933293.535788
23.352134704589844,68.561941,2.359999895095825,-49.18008804321289,2021-05-11,0.9867950081825256,8,105933293.672173
23.351916,68.555317,2.2799999713897705,-49.148991,2021-05-11,0.9762840270996094,11,105933293.544052
23.35173988342285,68.562298,2.319999933242798,-49.0742301940918,2021-05-11,0.9916170239448547,8,105933293.680439
23.351231,68.494976,2.359999895095825,-49.02921676635742,2021-05-15,0.9837369918823242,11,106273315.115973
23.351381301879883,68.522122,2.430000066757202,-49.806549,2021-05-15,0.9535859823226929,5,106273315.149029
23.351344,68.562656,2.319999933242798,-49.03661346435547,2021-05-11,0.990742027759552,8,105933293.688705
23.350984573364258,68.522479,2.319999933242798,-49.83043670654297,2021-05-15,0.9623640179634094,5,106273315.157293
23.350835,68.495333,2.390000104904175,-49.11530303955078,2021-05-15,0.9761099815368652,11,106273315.124237
23.350948333740234,68.563014,2.319999933242798,-49.0328369140625,2021-05-11,0.9916470050811768,8,105933293.696971
23.35059928894043,68.515307,2.4700000286102295,-49.542972564697266,2021-05-15,0.9860919713973999,6,106273315.037465
23.35072898864746,68.556391,2.359999895095825,-49.422981,2021-05-11,0.9595230221748352,11,105933293.568848
23.350043,68.496047,2.319999933242798,-49.8700065612793,2021-05-15,0.951541006565094,11,106273315.140765
23.350205,68.515664,2.430000066757202,-49.384998,2021-05-15,0.9612950086593628,6,106273315.045729
23.350156,68.563729,2.390000104904175,-49.02906036376953,2021-05-11,0.9826080203056335,8,105933293.713503
23.349647,68.496404,2.319999933242798,-49.740211,2021-05-15,0.9918829798698425,11,106273315.149029
23.349761,68.564086,2.430000066757202,-49.707733154296875,2021-05-11,0.9549769759178162,8,105933293.721769
23.349017,68.516736,2.509999990463257,-49.66667556762695,2021-05-15,0.9626399874687195,6,106273315.070521
23.348968505859375,68.564801,2.319999933242798,-49.389889,2021-05-11,0.9517260193824768,8,105933293.738301
23.348621368408203,68.517093,2.390000104904175,-49.541531,2021-05-15,0.9690409898757935,6,106273315.078785
23.348464965820312,68.537418,2.5799999237060547,-49.806983947753906,2021-05-15,0.9592980146408081,3,106273314.98375
23.348573,68.565159,2.359999895095825,-49.168968,2021-05-11,0.9781969785690308,8,105933293.746567
23.348069,68.537775,2.5399999618530273,-49.76912307739258,2021-05-15,0.9578109979629517,3,106273314.992014
23.348178,68.565516,2.319999933242798,-49.076908,2021-05-11,0.9872270226478577,8,105933293.754833
23.347782135009766,68.565874,2.319999933242798,-49.08745193481445,2021-05-11,0.9865310192108154,8,105933293.763099
23.347387313842773,68.566231,2.359999895095825,-49.0210075378418,2021-05-11,0.9908409714698792,8,105933293.771365
23.346991,68.566589,2.319999933242798,-49.161529541015625,2021-05-11,0.9875659942626953,8,105933293.779631
23.346595,68.566946,2.319999933242798,-49.11564636230469,2021-05-11,0.9894319772720337,8,105933293.787896
23.346200942993164,68.567303,2.319999933242798,-49.16352462768555,2021-05-11,0.9907450079917908,8,105933293.79616
23.345842361450195,68.527122,2.509999990463257,-49.999199,2021-05-15,0.966480016708374,5,106273315.264725
23.345805,68.567661,2.319999933242798,-49.229557037353516,2021-05-11,0.9897000193595886,8,105933293.804424
23.345378,68.507671,2.240000009536743,-49.737869,2021-05-15,0.9528629779815674,8,106273315.368025
23.345447,68.527479,2.4700000286102295,-49.73893356323242,2021-05-15,0.9705889821052551,5,106273315.272989
23.345051,68.527836,2.430000066757202,-49.524322509765625,2021-05-15,0.9722740054130554,5,106273315.281253
23.345014,68.56837463378906,2.390000104904175,-49.43061447143555,2021-05-11,0.9912610054016113,8,105933293.820952
23.344655990600586,68.528194,2.509999990463257,-49.431751,2021-05-15,0.9732810258865356,5,106273315.289517
23.344792,68.561758,2.359999895095825,-49.5685920715332,2021-05-11,0.9856380224227905,11,105933293.692838
23.344619,68.568733,2.319999933242798,-49.49241256713867,2021-05-11,0.9925299882888794,8,105933293.829216
23.344266891479492,68.521021,2.430000066757202,-49.709739685058594,2021-05-15,0.9690889716148376,6,106273315.169689
23.34425926208496,68.528551,2.509999990463257,-49.293571,2021-05-15,0.9754340052604675,5,106273315.297781
23.344396,68.562116,2.390000104904175,-49.26255798339844,2021-05-11,0.9850119948387146,11,105933293.701104
23.343797,68.509101,2.359999895095825,-48.724430084228516,2021-05-15,0.9878469705581665,8,106273315.401081
23.3438720703125,68.521378,2.430000066757202,-49.354034423828125,2021-05-15,0.971563994884491,6,106273315.177953
23.343865,68.528908,2.430000066757202,-49.225559,2021-05-15,0.9813920259475708,5,106273315.306045
23.3439998626709,68.562474,3.069999933242798,-46.88856506347656,2021-05-11,0.9566940069198608,11,105933293.70937
23.343402,68.509458,2.390000104904175,-49.004085540771484,2021-05-15,0.9812899827957153,8,106273315.409347
23.343476,68.521735,2.430000066757202,-49.04721450805664,2021-05-15,0.9635019898414612,6,106273315.186217
23.343469619750977,68.529265,2.430000066757202,-48.974339,2021-05-15,0.9755510091781616,5,106273315.314309
23.343605041503906,68.562831,3.0999999046325684,-46.9959602355957,2021-05-11,0.9679509997367859,11,105933293.717636
23.343080520629883,68.522092,2.4700000286102295,-48.707847595214844,2021-05-15,0.9776819944381714,6,106273315.194481
23.343074798583984,68.529623,2.509999990463257,-48.82589340209961,2021-05-15,0.975176990032196,5,106273315.322573
23.343209,68.563189,3.440000057220459,-47.97642517089844,2021-05-11,0.9624339938163757,11,105933293.725902
23.34281349182129,68.563546,2.4700000286102295,-49.60392379760742,2021-05-11,0.9886959791183472,11,105933293.734168
23.342641830444336,68.570519,2.359999895095825,-49.7684326171875,2021-05-11,0.992796003818512,8,105933293.870536
23.342284,68.530337,3.440000057220459,-48.027908,2021-05-15,0.9611219763755798,5,106273315.339101
23.342416763305664,68.563904,2.319999933242798,-49.785969,2021-05-11,0.9891350269317627,11,105933293.742434
23.342247009277344,68.570877,2.319999933242798,-49.730511,2021-05-11,0.9899680018424988,8,105933293.8788
23.341893,68.523164,2.430000066757202,-47.870098,2021-05-15,0.978738009929657,6,106273315.219273
23.34145736694336,68.571591,2.319999933242798,-49.804054260253906,2021-05-11,0.9868280291557312,8,105933293.895328
23.341098,68.531409,2.4700000286102295,-47.692771911621094,2021-05-15,0.9554420113563538,5,106273315.363893
23.340308,68.532124,2.509999990463257,-47.82975387573242,2021-05-15,0.958063006401062,5,106273315.380421
23.339845,68.512677,2.319999933242798,-47.949684143066406,2021-05-15,0.9897170066833496,8,106273315.483741
23.339876174926758,68.573021,2.359999895095825,-49.85807800292969,2021-05-11,0.9887949824333191,8,105933293.928384
23.339448928833008,68.513034,2.359999895095825,-47.937156677246094,2021-05-15,0.9915310144424438,8,106273315.492007
23.339519500732422,68.525307,2.509999990463257,-47.60968780517578,2021-05-15,0.9530969858169556,6,106273315.268857
23.339481353759766,68.573378,2.359999895095825,-49.78093719482422,2021-05-11,0.9909930229187012,8,105933293.936648
23.339122,68.533196,2.619999885559082,-47.7806396484375,2021-05-15,0.961525022983551,5,106273315.405214
23.338727,68.533553,2.390000104904175,-47.759571,2021-05-15,0.979328989982605,5,106273315.41348
23.33833122253418,68.533911,2.430000066757202,-47.658729553222656,2021-05-15,0.9742069840431213,5,106273315.421746
23.337936401367188,68.534268,2.4700000286102295,-47.745445251464844,2021-05-15,0.9716590046882629,5,106273315.430012
23.337541,68.534626,2.430000066757202,-47.786895751953125,2021-05-15,0.974058985710144,5,106273315.438278
23.336995,68.507838,2.390000104904175,-47.55356979370117,2021-05-15,0.9693289995193481,11,106273315.41348
23.33714485168457,68.534983,2.4700000286102295,-47.888439,2021-05-15,0.9836689829826355,5,106273315.446544
23.33711051940918,68.575522,2.319999933242798,-49.92600631713867,2021-05-11,0.9582650065422058,8,105933293.986232
23.33668327331543,68.515538,2.319999933242798,-47.959266662597656,2021-05-15,0.9725289940834045,8,106273315.549869
23.336750030517578,68.535341,2.430000066757202,-47.90548324584961,2021-05-15,0.9765459895133972,5,106273315.45481
23.336286544799805,68.515895,2.2799999713897705,-47.755985260009766,2021-05-15,0.9645739793777466,8,106273315.558135
23.336355209350586,68.535698,2.4700000286102295,-48.08574295043945,2021-05-15,0.9592990279197693,5,106273315.463076
23.335959,68.536056,2.390000104904175,-48.24008560180664,2021-05-15,0.9586430191993713,5,106273315.471342
23.33556365966797,68.536413,2.390000104904175,-48.378311,2021-05-15,0.9673309922218323,5,106273315.479608
23.335168838500977,68.536771,2.430000066757202,-48.545349,2021-05-15,0.9699569940567017,5,106273315.487874
23.334777,68.52959442138672,2.4700000286102295,-47.69438552856445,2021-05-15,0.9815940260887146,6,106273315.368025
23.334773,68.537128,2.430000066757202,-48.696224212646484,2021-05-15,0.9767730236053467,5,106273315.49614
23.334381103515625,68.529951,2.4700000286102295,-47.717857360839844,2021-05-15,0.976951003074646,6,106273315.376289
23.334378,68.537486,2.430000066757202,-48.7546272277832,2021-05-15,0.9628369808197021,5,106273315.504406
23.333986282348633,68.530309,2.430000066757202,-47.79740524291992,2021-05-15,0.970134973526001,6,106273315.384553
23.333983,68.537844,2.390000104904175,-48.85622787475586,2021-05-15,0.970346987247467,5,106273315.512672
23.33359146118164,68.530666,2.430000066757202,-47.823307037353516,2021-05-15,0.9772149920463562,6,106273315.392817
23.333587,68.538201,2.390000104904175,-48.94186019897461,2021-05-15,0.9626349806785583,5,106273315.520938
23.333196,68.531023,2.390000104904175,-47.962364196777344,2021-05-15,0.9556630253791809,6,106273315.401081
23.333192,68.538559,2.4700000286102295,-49.025936126708984,2021-05-15,0.9666789770126343,5,106273315.529204
23.332799911499023,68.531381,2.430000066757202,-48.039546966552734,2021-05-15,0.9580590128898621,6,106273315.409347
23.332797,68.538916,2.390000104904175,-49.067813873291016,2021-05-15,0.9666249752044678,5,106273315.53747
23.33240509033203,68.531738,2.390000104904175,-48.331921,2021-05-15,0.9603229761123657,6,106273315.417613
23.332401275634766,68.539274,2.430000066757202,-49.16745376586914,2021-05-15,0.969651997089386,5,106273315.545736
23.33201026916504,68.532096,2.509999990463257,-48.5181770324707,2021-05-15,0.9540280103683472,6,106273315.425879
23.331349,68.573909,2.359999895095825,-49.824867248535156,2021-05-11,0.9868829846382141,11,105933293.973836
23.33095359802246,68.574266,2.359999895095825,-49.667278,2021-05-11,0.9631519913673401,11,105933293.9821
23.330428,68.533526,2.359999895095825,-48.75124740600586,2021-05-15,0.955161988735199,6,106273315.458943
23.32917594909668,68.522334,2.319999933242798,-47.99008560180664,2021-05-15,0.9723010063171387,8,106273315.706905
23.32884407043457,68.542492,2.430000066757202,-49.74458694458008,2021-05-15,0.9812189936637878,5,106273315.62013
23.328449,68.5428466796875,2.430000066757202,-49.801079,2021-05-15,0.9772819876670837,5,106273315.628396
23.328054428100586,68.543208,2.509999990463257,-49.94751739501953,2021-05-15,0.9519690275192261,5,106273315.636661
23.327468,68.568342,2.4700000286102295,-49.33969497680664,2021-05-15,0.9525319933891296,1,106273315.876317
23.327266,68.536386,2.4700000286102295,-49.105377197265625,2021-05-15,0.9705579876899719,6,106273315.525071
23.32686996459961,68.536744,2.4700000286102295,-49.248631,2021-05-15,0.9658129811286926,6,106273315.533337
23.326869,68.54428100585938,2.4700000286102295,-50.03132629394531,2021-05-15,0.9834700226783752,5,106273315.661453
23.327073,68.5687026977539,2.5799999237060547,-49.19074249267578,2021-05-15,0.953889012336731,1,106273315.884581
23.326411,68.524838,2.319999933242798,-48.24738311767578,2021-05-15,0.992842972278595,8,106273315.764753
23.326475143432617,68.537101,2.390000104904175,-49.5902099609375,2021-05-15,0.9746249914169312,6,106273315.541603
23.326080322265625,68.537459,2.4700000286102295,-49.394859,2021-05-15,0.9578359723091125,6,106273315.549869
23.324893951416016,68.538532,2.390000104904175,-49.691799,2021-05-15,0.9552260041236877,6,106273315.574667
23.324349,68.519283,2.359999895095825,-47.50581359863281,2021-05-15,0.9804530143737793,11,106273315.677981
23.324499,68.538889,2.4700000286102295,-49.91959762573242,2021-05-15,0.9653580188751221,6,106273315.582933
23.32395362854004,68.51963806152344,2.319999933242798,-47.469635009765625,2021-05-15,0.9889659881591797,11,106273315.686245
23.323558807373047,68.519998,2.359999895095825,-47.53966522216797,2021-05-15,0.9930949807167053,11,106273315.694509
23.323163986206055,68.520356,2.319999933242798,-47.55208969116211,2021-05-15,0.9551780223846436,11,106273315.702773
23.322769,68.520713,2.430000066757202,-47.443901,2021-05-15,0.9831269979476929,11,106273315.711037
23.321273803710938,68.529491,2.390000104904175,-47.962372,2021-05-15,0.983801007270813,8,106273315.872185
23.319692611694336,68.530923,2.390000104904175,-47.879768,2021-05-15,0.9705820083618164,8,106273315.905241
23.316448211669922,68.526438,2.359999895095825,-47.99135971069336,2021-05-15,0.9883090257644653,11,106273315.843261
23.316052,68.526796,2.319999933242798,-48.14509582519531,2021-05-15,0.990664005279541,11,106273315.851525
23.315656661987305,68.527154,2.359999895095825,-48.357669830322266,2021-05-15,0.9872660040855408,11,106273315.859789
23.315347,68.534862,2.319999933242798,-48.87228775024414,2021-05-15,0.9762120246887207,8,106273315.996145
23.315261840820312,68.527513,2.4700000286102295,-48.445247650146484,2021-05-15,0.964443027973175,11,106273315.868053
23.314472198486328,68.528229,2.359999895095825,-49.47733688354492,2021-05-15,0.9785159826278687,11,106273315.884581
23.314076,68.528587,2.359999895095825,-49.88763427734375,2021-05-15,0.9926530122756958,11,106273315.892845
23.311063766479492,68.5510482788086,2.430000066757202,-49.833328,2021-05-15,0.963949978351593,6,106273315.863921
23.3106689453125,68.551408,2.430000066757202,-49.311619,2021-05-15,0.9833019971847534,6,106273315.872185
23.310274124145508,68.551766,2.430000066757202,-49.14029312133789,2021-05-15,0.9785320162773132,6,106273315.880449
23.30948257446289,68.552482,2.4700000286102295,-49.133544921875,2021-05-15,0.9798660278320312,6,106273315.896977
23.309087,68.560384,2.509999990463257,-48.509727478027344,2021-05-15,0.958728015422821,5,106273316.033333
23.308297,68.56109619140625,2.4700000286102295,-48.78785705566406,2021-05-15,0.9745979905128479,5,106273316.049861
23.307902,68.561458,2.390000104904175,-48.65973663330078,2021-05-15,0.9736049771308899,5,106273316.058125
23.307506561279297,68.561816,2.4700000286102295,-48.689251,2021-05-15,0.9720010161399841,5,106273316.066389
23.30632209777832,68.562889,2.509999990463257,-48.794673919677734,2021-05-15,0.9679740071296692,5,106273316.091181
23.305927276611328,68.563247,2.359999895095825,-48.70836639404297,2021-05-15,0.9522410035133362,5,106273316.099445
23.305532455444336,68.563605,2.4700000286102295,-48.688141,2021-05-15,0.9771569967269897,5,106273316.107709
23.305137,68.563963,2.4700000286102295,-48.676944732666016,2021-05-15,0.9719150066375732,5,106273316.115973
23.304742,68.564321,2.390000104904175,-48.68593978881836,2021-05-15,0.96355801820755,5,106273316.124237
23.304347,68.564679,2.509999990463257,-48.625221,2021-05-15,0.9708489775657654,5,106273316.132501
23.303952,68.565036,2.430000066757202,-48.615577697753906,2021-05-15,0.9758319854736328,5,106273316.140765
23.303557,68.565394,2.430000066757202,-48.527076721191406,2021-05-15,0.9665120244026184,5,106273316.149029
23.30316162109375,68.565752,2.509999990463257,-48.56260681152344,2021-05-15,0.9726840257644653,5,106273316.157293
23.302766799926758,68.566109,2.4700000286102295,-48.47603988647461,2021-05-15,0.9687709808349609,5,106273316.165557
23.302371978759766,68.566467,2.4700000286102295,-48.55832290649414,2021-05-15,0.9661980271339417,5,106273316.173821
23.301977157592773,68.566825,2.5799999237060547,-48.40022277832031,2021-05-15,0.9579349756240845,5,106273316.182085
23.301581,68.567182,2.430000066757202,-48.397125244140625,2021-05-15,0.9671609997749329,5,106273316.190349
23.30112648010254,68.547742,2.240000009536743,-50.12466049194336,2021-05-15,0.9550089836120605,8,106273316.293649
23.301185607910156,68.56754302978516,2.430000066757202,-48.406436920166016,2021-05-15,0.9668110013008118,5,106273316.198613
23.300791,68.567897,2.509999990463257,-48.500141,2021-05-15,0.9714189767837524,5,106273316.206877
23.300395965576172,68.568255,2.509999990463257,-48.486179,2021-05-15,0.9650859832763672,5,106273316.215141
23.29994010925293,68.548813,2.359999895095825,-50.05607223510742,2021-05-15,0.9837160110473633,8,106273316.318441
23.30000114440918,68.561074,2.4700000286102295,-47.91396713256836,2021-05-15,0.9644460082054138,6,106273316.095313
23.30000114440918,68.568612,2.509999990463257,-48.541786193847656,2021-05-15,0.9617300033569336,5,106273316.223405
23.299606323242188,68.561431,2.430000066757202,-47.91602325439453,2021-05-15,0.9637749791145325,6,106273316.103577
23.299148559570312,68.549528,2.359999895095825,-50.05195617675781,2021-05-15,0.9913349747657776,8,106273316.334969
23.299211,68.561789,2.430000066757202,-48.05282974243164,2021-05-15,0.9546740055084229,6,106273316.111841
23.29875373840332,68.549885,2.359999895095825,-50.05687713623047,2021-05-15,0.9846330285072327,8,106273316.343233
23.298816,68.562147,2.509999990463257,-48.175961,2021-05-15,0.9607920050621033,6,106273316.120105
23.297880172729492,68.543262,2.359999895095825,-49.2391471862793,2021-05-15,0.992235004901886,11,106273316.231669
23.29723358154297,68.571113,2.430000066757202,-48.53597640991211,2021-05-15,0.9643080234527588,5,106273316.281253
23.296777,68.551672,2.430000066757202,-49.93278503417969,2021-05-15,0.9617360234260559,8,106273316.384553
23.296838,68.57147216796875,2.509999990463257,-48.46269607543945,2021-05-15,0.9679660201072693,5,106273316.289517
23.296445846557617,68.564293,2.430000066757202,-47.84101486206055,2021-05-15,0.9578419923782349,6,106273316.169689
23.296443,68.571827,2.509999990463257,-48.463104248046875,2021-05-15,0.9509519934654236,5,106273316.297781
23.296300888061523,68.544691,2.319999933242798,-48.761292,2021-05-15,0.9869530200958252,11,106273316.264725
23.296051025390625,68.564651,2.430000066757202,-47.7445068359375,2021-05-15,0.9687139987945557,6,106273316.177953
23.296048,68.572184,2.390000104904175,-48.460339,2021-05-15,0.9694899916648865,5,106273316.306045
23.2959041595459,68.545048,2.359999895095825,-48.554821,2021-05-15,0.9823799729347229,11,106273316.272989
23.295656204223633,68.565008,2.390000104904175,-47.793697357177734,2021-05-15,0.9550549983978271,6,106273316.186217
23.295259475708008,68.565366,2.430000066757202,-47.837093353271484,2021-05-15,0.9622039794921875,6,106273316.194481
23.295257,68.572899,2.4700000286102295,-48.43144989013672,2021-05-15,0.9676690101623535,5,106273316.322573
23.294864654541016,68.565723,2.430000066757202,-47.839729,2021-05-15,0.9505249857902527,6,106273316.202745
23.294861,68.573256,2.4700000286102295,-48.49445343017578,2021-05-15,0.9594380259513855,5,106273316.330837
23.294404,68.553817,2.319999933242798,-49.15065002441406,2021-05-15,0.9870330095291138,8,106273316.434145
23.294469833374023,68.566081,2.430000066757202,-47.927731,2021-05-15,0.9611020088195801,6,106273316.211009
23.294322967529297,68.546477,2.509999990463257,-49.131001,2021-05-15,0.9566090106964111,11,106273316.306045
23.293928146362305,68.546835,2.359999895095825,-49.450767517089844,2021-05-15,0.9891200065612793,11,106273316.314309
23.29407501220703,68.566438,2.509999990463257,-47.966801,2021-05-15,0.966750979423523,6,106273316.219273
23.294069290161133,68.57396697998047,2.359999895095825,-48.39983367919922,2021-05-15,0.9623780250549316,5,106273316.347365
23.293533325195312,68.547192,2.390000104904175,-49.7463264465332,2021-05-15,0.9880840182304382,11,106273316.322573
23.29368019104004,68.5667953491211,2.390000104904175,-47.92356491088867,2021-05-15,0.9675909876823425,6,106273316.227537
23.293675,68.574327,2.390000104904175,-48.482609,2021-05-15,0.9607489705085754,5,106273316.355629
23.293284,68.567153,2.4700000286102295,-47.925579,2021-05-15,0.9712349772453308,6,106273316.235801
23.293136596679688,68.547549,2.359999895095825,-49.979099,2021-05-15,0.9922879934310913,11,106273316.330837
23.293216705322266,68.55489349365234,2.319999933242798,-48.942871,2021-05-15,0.9881619811058044,8,106273316.458943
23.292821884155273,68.555248,2.359999895095825,-48.684349,2021-05-15,0.9862669706344604,8,106273316.467209
23.292888641357422,68.56751251220703,2.390000104904175,-47.916519,2021-05-15,0.9657139778137207,6,106273316.244065
23.292884,68.575042,2.509999990463257,-48.6270751953125,2021-05-15,0.9532070159912109,5,106273316.372157
23.292741775512695,68.547906,2.319999933242798,-49.977112,2021-05-15,0.9846519827842712,11,106273316.339101
23.292346954345703,68.548264,2.359999895095825,-49.88676452636719,2021-05-15,0.988083004951477,11,106273316.347365
23.292426,68.555606,2.2799999713897705,-48.35004425048828,2021-05-15,0.9902899861335754,8,106273316.475475
23.29249382019043,68.567867,2.4700000286102295,-48.065109,2021-05-15,0.9683279991149902,6,106273316.252329
23.291951,68.548621,2.359999895095825,-49.922371,2021-05-15,0.9921190142631531,11,106273316.355629
23.292031,68.555963,2.319999933242798,-48.173057556152344,2021-05-15,0.9905629754066467,8,106273316.483741
23.292098999023438,68.568225,2.4700000286102295,-47.933406829833984,2021-05-15,0.9581429958343506,6,106273316.260593
23.291556,68.548978,2.359999895095825,-49.850154876708984,2021-05-15,0.9908390045166016,11,106273316.363893
23.291635,68.556321,2.359999895095825,-48.0501823425293,2021-05-15,0.9788339734077454,8,106273316.492007
23.29123878479004,68.556679,2.319999933242798,-48.039581,2021-05-15,0.9796199798583984,8,106273316.500273
23.290765,68.549693,2.390000104904175,-48.751251,2021-05-15,0.9816259741783142,11,106273316.380421
23.29037094116211,68.550048828125,2.319999933242798,-48.682991,2021-05-15,0.9867029786109924,11,106273316.388685
23.289974212646484,68.550408,2.359999895095825,-48.83893966674805,2021-05-15,0.9860739707946777,11,106273316.396949
23.290053,68.557752,2.2799999713897705,-48.164871,2021-05-15,0.9715610146522522,8,106273316.525071
23.290115356445312,68.577544,3.369999885559082,-48.711456298828125,2021-05-15,0.9549059867858887,5,106273316.430012
23.289657,68.55811309814453,2.319999933242798,-48.32603454589844,2021-05-15,0.9748589992523193,8,106273316.533337
23.28972053527832,68.577901,2.4700000286102295,-48.613312,2021-05-15,0.9628099799156189,5,106273316.438278
23.289579,68.550765,2.359999895095825,-48.91144561767578,2021-05-15,0.9873549938201904,11,106273316.405214
23.289261,68.558468,2.319999933242798,-48.24862289428711,2021-05-15,0.9822189807891846,8,106273316.541603
23.289323806762695,68.578259,2.4700000286102295,-48.55449295043945,2021-05-15,0.970890998840332,5,106273316.446544
23.288787841796875,68.55148315429688,2.390000104904175,-48.932289,2021-05-15,0.989031970500946,11,106273316.421746
23.288865,68.558825,2.319999933242798,-48.28422546386719,2021-05-15,0.9784619808197021,8,106273316.549869
23.288928985595703,68.578616,2.8399999141693115,-48.267448,2021-05-15,0.9527339935302734,5,106273316.45481
23.28853988647461,68.571439,2.390000104904175,-47.86086654663086,2021-05-15,0.9654060006141663,6,106273316.334969
23.288392,68.551838,2.390000104904175,-49.121986389160156,2021-05-15,0.9768869876861572,11,106273316.430012
23.288469314575195,68.559183,2.319999933242798,-48.300739,2021-05-15,0.9835889935493469,8,106273316.558135
23.288533,68.578974,2.430000066757202,-48.211399,2021-05-15,0.9732139706611633,5,106273316.463076
23.288074493408203,68.559541,2.319999933242798,-48.291015625,2021-05-15,0.9839990139007568,8,106273316.566401
23.288145065307617,68.571796,2.430000066757202,-47.923569,2021-05-15,0.9701600074768066,6,106273316.343233
23.287997,68.552195,2.319999933242798,-49.469573974609375,2021-05-15,0.9920579791069031,11,106273316.438278
23.287677764892578,68.559898,2.319999933242798,-48.292625427246094,2021-05-15,0.979682981967926,8,106273316.574667
23.287749,68.572153,2.359999895095825,-48.056793212890625,2021-05-15,0.9623079895973206,6,106273316.351497
23.287282,68.560256,2.359999895095825,-48.28836441040039,2021-05-15,0.9860529899597168,8,106273316.582933
23.28680992126465,68.553268,2.390000104904175,-49.5173225402832,2021-05-15,0.991445004940033,11,106273316.463076
23.28688621520996,68.560614,2.319999933242798,-48.315853118896484,2021-05-15,0.9879810214042664,8,106273316.591199
23.286563,68.573225,2.430000066757202,-49.196434020996094,2021-05-15,0.9605249762535095,6,106273316.376289
23.286415100097656,68.553626,2.359999895095825,-49.32238006591797,2021-05-15,0.9909639954566956,11,106273316.471342
23.286019,68.553984,2.359999895095825,-49.35508728027344,2021-05-15,0.9895319938659668,11,106273316.479608
23.286094665527344,68.561329,2.359999895095825,-48.298683166503906,2021-05-15,0.9938200116157532,8,106273316.607731
23.28562355041504,68.554342,2.359999895095825,-49.39875030517578,2021-05-15,0.987975001335144,11,106273316.487874
23.285699,68.561686,2.319999933242798,-48.34493637084961,2021-05-15,0.9746969938278198,8,106273316.615997
23.2857723236084,68.57393646240234,2.509999990463257,-48.21896743774414,2021-05-15,0.9649919867515564,6,106273316.392817
23.285377,68.574297,2.4700000286102295,-48.08839797973633,2021-05-15,0.9733160138130188,6,106273316.401081
23.285303115844727,68.562044,2.319999933242798,-48.53692626953125,2021-05-15,0.9778710007667542,8,106273316.624263
23.284907,68.562401,2.319999933242798,-48.83650588989258,2021-05-15,0.9882400035858154,8,106273316.632528
23.284981,68.574654,2.390000104904175,-47.916683197021484,2021-05-15,0.959318995475769,6,106273316.409347
23.33957290649414,68.572813,2.6500000953674316,-49.78166961669922,2022-12-01,0.9581159949302673,3,155114345.652255
23.326751708984375,68.577823,2.4700000286102295,-49.83444595336914,2022-12-01,0.9605460166931152,6,155114345.854723
23.324487686157227,68.567737,2.5799999237060547,-49.84525680541992,2022-12-01,0.9536389708518982,5,155114345.776215
23.324388,68.5756607055664,2.5799999237060547,-49.708069,2022-12-01,0.952970027923584,6,155114345.805139
23.324092,68.567379,2.5,-49.818829,2022-12-01,0.9502750039100647,5,155114345.767951
23.322902,68.566309,2.4700000286102295,-49.925812,2022-12-01,0.9675769805908203,5,155114345.743159
23.322806,68.574226,2.430000066757202,-49.879181,2022-12-01,0.9603739976882935,6,155114345.772083
23.318435,68.570312,2.4700000286102295,-49.90337371826172,2022-12-01,0.9773589968681335,6,155114345.681179
23.315328,68.559573,2.5,-50.153301,2022-12-01,0.9547989964485168,5,155114345.586143
23.314929,68.559219,2.5,-50.216495513916016,2022-12-01,0.9500219821929932,5,155114345.577879
23.313645,68.566064,2.4700000286102295,-50.167068,2022-12-01,0.9649350047111511,6,155114345.582011
23.313245,68.56571197509766,2.4700000286102295,-50.19871520996094,2022-12-01,0.9546509981155396,6,155114345.573747
23.312446,68.565002,2.5399999618530273,-50.20174789428711,2022-12-01,0.973563015460968,6,155114345.557219
23.312299,68.548042,2.799999952316284,-50.356339,2022-12-01,0.9742159843444824,3,155114345.081984
23.311906,68.547681,2.7300000190734863,-50.22709655761719,2022-12-01,0.9522280097007751,3,155114345.07372
23.304094314575195,68.557511,2.4700000286102295,-47.833179,2022-12-01,0.9628649950027466,6,155114345.383643
23.302911,68.55642700195312,4.559999942779541,-46.51439666748047,2022-12-01,0.9513559937477112,6,155114345.358845
23.302518,68.556069,5.28000020980835,-44.366058,2022-12-01,0.9521099925041199,6,155114345.350579
23.3021240234375,68.555706,3.5199999809265137,-46.688934326171875,2022-12-01,0.954596996307373,6,155114345.342313
23.298198,68.51981353759766,2.6500000953674316,-50.54885482788086,2022-12-01,0.9628859758377075,1,155114344.958024
23.297423,68.511043,2.6500000953674316,-50.5534553527832,2022-12-01,0.9668400287628174,0,155114344.912572
23.29460334777832,68.523763,2.799999952316284,-50.284210205078125,2022-12-01,0.9646620154380798,2,155114344.68118
23.29421043395996,68.523402,2.799999952316284,-50.18026351928711,2022-12-01,0.9731960296630859,2,155114344.672916
23.293817,68.52304077148438,2.690000057220459,-50.14314651489258,2022-12-01,0.9697679877281189,2,155114344.664652
23.293485641479492,68.507438,2.799999952316284,-50.54887390136719,2022-12-01,0.968047022819519,0,155114344.829932
23.293424,68.522679,2.7300000190734863,-50.23728561401367,2022-12-01,0.9654120206832886,2,155114344.656388
23.293031,68.522318,2.8399999141693115,-50.18171691894531,2022-12-01,0.957368016242981,2,155114344.648124
23.292699,68.506716,2.690000057220459,-49.64949035644531,2022-12-01,0.9512180089950562,0,155114344.813404
23.372394,68.534931,2.7699999809265137,-44.66142272949219,2024-10-29,0.9599310159683228,8,215462739.971357
23.371999,68.534573,2.6500000953674316,-42.955387115478516,2024-10-29,0.9588299989700317,8,215462739.963093
23.36983871459961,68.524303,2.4700000286102295,-47.29572677612305,2024-10-29,0.9674850106239319,6,215462739.492046
23.34855842590332,68.497087,2.4700000286102295,-47.31532669067383,2024-10-29,0.9501429796218872,5,215462739.01681
23.341955184936523,68.51529693603516,2.3499999046325684,-47.49238204956055,2024-10-29,0.9533550143241882,11,215462739.363954
23.341559,68.514942,2.390000104904175,-47.56279373168945,2024-10-29,0.9568899869918823,11,215462739.355689
23.339898,68.505568,2.690000057220459,-45.36186981201172,2024-10-29,0.9595170021057129,8,215462739.293709
23.339503,68.505211,2.7699999809265137,-44.081928,2024-10-29,0.9619290232658386,8,215462739.285446
23.332378387451172,68.498761,2.430000066757202,-47.75457763671875,2024-10-29,0.9685410261154175,8,215462739.13666
23.331586,68.498044,2.3499999046325684,-47.86502456665039,2024-10-29,0.9515810012817383,8,215462739.120128
23.331269,68.505631,2.7300000190734863,-44.670772552490234,2024-10-29,0.9564059972763062,11,215462739.140793
23.328498,68.50312042236328,2.430000066757202,-47.68940353393555,2024-10-29,0.9590229988098145,11,215462739.082931
