lat,lon,rh98,elev_lowestmode,date,sensitivity,beam,delta_time
32.202701,77.135723,6.960000038146973,3624.15625,2019-08-10,0.9508870244026184,0,50679813.838187
32.202335357666016,77.136151,6.809999942779541,3609.523438,2019-08-10,0.9576550126075745,0,50679813.846451
32.201969146728516,77.136577,8.050000190734863,3610.494873,2019-08-10,0.9517099857330322,0,50679813.854715
32.200875,77.137852,6.179999828338623,3653.01001,2019-08-10,0.9591540098190308,0,50679813.879507
32.28355026245117,77.143932,11.020000457763672,2684.218994,2019-10-13,0.9503160119056702,3,56204572.000184
32.28199768066406,77.145732,31.469999,2474.724609,2019-10-13,0.9536839723587036,3,56204572.033248
32.264456,77.190231,13.720000267028809,2143.213867,2019-10-13,0.9653339982032776,0,56204573.037381
32.264469146728516,77.166294,12.59000015258789,2486.839355,2019-10-13,0.9506369829177856,3,56204572.42995
32.264096,77.190655,14.210000038146973,2154.355225,2019-10-13,0.971002995967865,0,56204573.045647
32.263736,77.191079,18.84000015258789,2161.936768,2019-10-13,0.9691320061683655,0,56204573.053913
32.263369,77.19151306152344,25.84000015258789,2148.29248,2019-10-13,0.9570810198783875,0,56204573.062179
32.263389,77.167567,25.450001,2502.700684,2019-10-13,0.9756330251693726,3,56204572.454742
32.263018,77.168001,18.09000015258789,2497.329346,2019-10-13,0.9675779938697815,3,56204572.463006
32.262647,77.168435,17.0,2486.973633,2019-10-13,0.9619389772415161,3,56204572.47127
32.262284,77.168863,23.989999771118164,2483.658936,2019-10-13,0.9804149866104126,3,56204572.479534
32.261918,77.169292,12.479999542236328,2492.932373,2019-10-13,0.9838259816169739,3,56204572.487798
32.261172,77.170165,12.739999771118164,2460.148193,2019-10-13,0.9733520150184631,3,56204572.504326
32.260416,77.171047,34.56999969482422,2383.779297,2019-10-13,0.9782770276069641,3,56204572.520854
32.257049560546875,77.183829,3.880000114440918,1945.778564,2019-10-13,0.9576680064201355,2,56204572.731586
32.256963,77.17506408691406,29.370001,2040.139282,2019-10-13,0.9500399827957153,3,56204572.59523
32.255583,77.185546,6.28000020980835,1928.757324,2019-10-13,0.9573000073432922,2,56204572.764642
32.255483,77.176795,34.68000030517578,1995.271851,2019-10-13,0.9509029984474182,3,56204572.628286
32.254721,77.201676,25.799999,2428.548096,2019-10-13,0.9678199887275696,0,56204573.260537
32.253990173339844,77.202532,11.359999656677246,2444.459229,2019-10-13,0.9726120233535767,0,56204573.277065
32.253642,77.202941,38.700001,2460.37915,2019-10-13,0.9688439965248108,0,56204573.285329
32.253269,77.203377,23.850000381469727,2455.72583,2019-10-13,0.9811990261077881,0,56204573.293593
32.25292205810547,77.203786,38.029999,2487.619873,2019-10-13,0.9745669960975647,0,56204573.301857
32.252565,77.204205,25.200001,2522.440186,2019-10-13,0.9646679759025574,0,56204573.310121
32.253071,77.166575,27.59000015258789,2033.837891,2019-10-13,0.9648789763450623,5,56204572.900997
32.252024,77.167819,28.860001,2140.746582,2019-10-13,0.9780809879302979,5,56204572.925789
32.251139,77.20587921142578,35.709999,2599.438477,2019-10-13,0.9644439816474915,0,56204573.343177
32.250776,77.206305,31.0,2611.157959,2019-10-13,0.9695619940757751,0,56204573.351441
32.250399,77.206745,18.620001,2595.233154,2019-10-13,0.9692749977111816,0,56204573.359705
32.25006103515625,77.207145,37.90999984741211,2640.782227,2019-10-13,0.9626709818840027,0,56204573.367969
32.249372,77.207956,22.170000076293945,2762.006592,2019-10-13,0.959509015083313,0,56204573.384497
32.249042,77.199452,16.34000015258789,2263.49585,2019-10-13,0.9615470170974731,1,56204573.248141
32.248692,77.208759,28.34000015258789,2880.691162,2019-10-13,0.9626449942588806,0,56204573.401025
32.24868392944336,77.199873,13.050000190734863,2283.550781,2019-10-13,0.9672290086746216,1,56204573.256405
32.248326,77.2002944946289,11.59000015258789,2303.525879,2019-10-13,0.9667109847068787,1,56204573.264669
32.24800109863281,77.209573,37.240002,2967.654541,2019-10-13,0.9623410105705261,0,56204573.417553
32.247971,77.200711,13.489999771118164,2326.956299,2019-10-13,0.9698429703712463,1,56204573.272933
32.247651,77.2099838256836,37.619999,3008.506836,2019-10-13,0.9704040288925171,0,56204573.425817
32.247618,77.201127,16.860001,2352.320068,2019-10-13,0.9683970212936401,1,56204573.281197
32.248106,77.163596,38.02000045776367,2401.861572,2019-10-13,0.9722679853439331,6,56204572.880337
32.247301,77.21039581298828,35.259998,3046.90332,2019-10-13,0.9832280278205872,0,56204573.434081
32.247273,77.201535,28.75,2388.257568,2019-10-13,0.9723290205001831,1,56204573.289461
32.246934,77.210826,24.709999,3054.585205,2019-10-13,0.9626500010490417,0,56204573.442345
32.246917724609375,77.201952,31.81999969482422,2410.070801,2019-10-13,0.9668570160865784,1,56204573.297725
32.246553,77.20237731933594,33.240002,2409.674316,2019-10-13,0.969726026058197,1,56204573.305989
32.246192,77.202803,41.799999,2413.641113,2019-10-13,0.9747499823570251,1,56204573.314253
32.24582290649414,77.203235,16.370001,2429.182617,2019-10-13,0.9743040204048157,1,56204573.322517
32.24546813964844,77.20365142822266,23.370001,2453.068359,2019-10-13,0.9737380146980286,1,56204573.330781
32.245914459228516,77.153415,54.529999,2535.041748,2019-10-13,0.9831169843673706,8,56204573.144838
32.245118,77.204064,17.90999984741211,2491.537842,2019-10-13,0.9673600196838379,1,56204573.339045
32.244407,77.20490264892578,14.989999771118164,2541.507812,2019-10-13,0.9719750285148621,1,56204573.355573
32.244237,77.213971,13.270000457763672,2730.418457,2019-10-13,0.9630600214004517,0,56204573.500193
32.244052,77.205318,13.760000228881836,2567.019043,2019-10-13,0.9742929935455322,1,56204573.363837
32.243857,77.214415,32.27000045776367,2673.435303,2019-10-13,0.9825419783592224,0,56204573.508457
32.24367904663086,77.205752,19.739999771118164,2546.605713,2019-10-13,0.9832710027694702,1,56204573.372101
32.243656158447266,77.199558,13.640000343322754,2181.328125,2019-10-13,0.9701550006866455,2,56204573.037381
32.243469,77.214868,19.479999542236328,2630.881836,2019-10-13,0.9722430109977722,0,56204573.516721
32.244411,77.146462,30.139999,2687.020264,2019-10-13,0.9570879936218262,11,56204573.041514
32.243316650390625,77.199961,45.639999,2204.852051,2019-10-13,0.9578440189361572,2,56204573.045647
32.243327,77.206168,37.610001,2557.022705,2019-10-13,0.9784719944000244,1,56204573.380365
32.243087,77.215313,34.290001,2576.544678,2019-10-13,0.9792330265045166,0,56204573.524985
32.24405288696289,77.146886,31.149999618530273,2699.822998,2019-10-13,0.9781870245933533,11,56204573.049779
32.242967,77.206591,9.899999618530273,2597.885498,2019-10-13,0.9736459851264954,1,56204573.388629
32.24296188354492,77.200383,49.490002,2216.974365,2019-10-13,0.9632189869880676,2,56204573.053913
32.242698669433594,77.215764,28.040001,2530.233643,2019-10-13,0.9674080014228821,0,56204573.533249
32.243696,77.14730834960938,28.870001,2719.99292,2019-10-13,0.9547860026359558,11,56204573.058045
32.24262619018555,77.206994,40.490002,2625.812256,2019-10-13,0.9747800230979919,1,56204573.396893
32.24258804321289,77.200818,36.630001,2214.902588,2019-10-13,0.9732969999313354,2,56204573.062179
32.242252349853516,77.207431,10.390000343322754,2635.450684,2019-10-13,0.9746009707450867,1,56204573.405157
32.242319,77.216209,16.40999984741211,2503.668701,2019-10-13,0.9740049839019775,0,56204573.541513
32.241956,77.216634,52.310001,2475.359619,2019-10-13,0.9667760133743286,0,56204573.549777
32.242986,77.148154,33.880001,2754.998535,2019-10-13,0.9578419923782349,11,56204573.074578
32.24190139770508,77.207846,26.25,2651.772949,2019-10-13,0.9731600284576416,1,56204573.413421
32.242632,77.148576,29.049999,2782.930176,2019-10-13,0.9798210263252258,11,56204573.082843
32.241866,77.201668,45.0,2222.626953,2019-10-13,0.9692100286483765,2,56204573.078711
32.242204,77.170505,67.220001,2237.101074,2019-10-13,0.9811980128288269,6,56204573.012583
32.241512298583984,77.202085,44.400002,2248.651855,2019-10-13,0.9652320146560669,2,56204573.086977
32.241546630859375,77.208261,12.300000190734863,2694.575684,2019-10-13,0.9740980267524719,1,56204573.421685
32.242276,77.148999,24.040001,2806.908203,2019-10-13,0.9793540239334106,11,56204573.091109
32.241198,77.208672,30.280001,2717.634521,2019-10-13,0.9539470076560974,1,56204573.429949
32.241934,77.149412,43.080002,2836.48291,2019-10-13,0.9891110062599182,11,56204573.099376
32.241136,77.202525,25.079999923706055,2242.594482,2019-10-13,0.9760749936103821,2,56204573.095243
32.240799,77.202926,38.97999954223633,2289.506836,2019-10-13,0.9814649820327759,2,56204573.103509
32.241581,77.149833,37.990002,2867.987793,2019-10-13,0.9760329723358154,11,56204573.107642
32.240816,77.193973,4.519999980926514,1893.605591,2019-10-13,0.9536129832267761,3,56204572.958854
32.240457,77.203332,37.22999954223633,2341.346191,2019-10-13,0.9689760208129883,2,56204573.111775
32.240075,77.218832,17.229999542236328,2380.261475,2019-10-13,0.9646369814872742,0,56204573.591097
32.240623474121094,77.181186,4.329999923706055,1967.464599609375,2019-10-13,0.9517369866371155,5,56204573.182029
32.240114,77.203739,37.22999954223633,2387.495605,2019-10-13,0.9761649966239929,2,56204573.120041
32.239764,77.204153,39.919998,2418.131348,2019-10-13,0.9688299894332886,2,56204573.128307
32.23936080932617,77.195683,6.050000190734863,1900.04834,2019-10-13,0.9564710259437561,3,56204572.991918
32.239052,77.204992,31.100000381469727,2466.71582,2019-10-13,0.9565479755401611,2,56204573.144839
32.238962,77.211287,16.899999618530273,2628.049316,2019-10-13,0.9672480225563049,1,56204573.479533
32.239268,77.173949,47.330002,2220.539551,2019-10-13,0.9543650150299072,6,56204573.07871
32.239148,77.182913,12.819999694824219,1925.900757,2019-10-13,0.9600809812545776,5,56204573.215085
32.23857879638672,77.211731,19.030001,2588.518799,2019-10-13,0.9545689821243286,1,56204573.487797
32.239399,77.161086,33.810001,2686.883789,2019-10-13,0.9782140254974365,8,56204573.293593
32.238639,77.196531,20.399999618530273,1903.995483,2019-10-13,0.9511560201644897,3,56204573.00845
32.239024,77.161522,22.059999,2678.122803,2019-10-13,0.9593719840049744,8,56204573.301857
32.238909,77.174373,37.799999,2241.377441,2019-10-13,0.9823290109634399,6,56204573.086976
32.23877716064453,77.183346,10.800000190734863,1915.985718,2019-10-13,0.9650670289993286,5,56204573.223349
32.238341,77.2058334350586,12.369999885559082,2526.34375,2019-10-13,0.9693580269813538,2,56204573.161369
32.238192,77.212183,22.09000015258789,2531.265625,2019-10-13,0.9722279906272888,1,56204573.496061
32.2384033203125,77.183782,5.079999923706055,1903.481812,2019-10-13,0.9722200036048889,5,56204573.231613
32.238654,77.161953,40.5,2649.637207,2019-10-13,0.9845470190048218,8,56204573.310121
32.238531,77.174812,30.729999542236328,2221.536133,2019-10-13,0.9794700145721436,6,56204573.095243
32.238161,77.175246,34.509998,2204.651367,2019-10-13,0.9805949926376343,6,56204573.103509
32.238035,77.184212,6.840000152587891,1895.506226,2019-10-13,0.969165027141571,5,56204573.239877
32.237652,77.206646,26.389999,2600.94165,2019-10-13,0.9531700015068054,2,56204573.177897
32.237265,77.222132,20.260000228881836,2661.770264,2019-10-13,0.9648450016975403,0,56204573.657209
32.238285064697266,77.16238403320312,72.0,2608.808105,2019-10-13,0.9866639971733093,8,56204573.318385
32.23789978027344,77.162827,27.110001,2611.351318,2019-10-13,0.9618099927902222,8,56204573.326649
32.23777770996094,77.175689,14.729999542236328,2186.314941,2019-10-13,0.9874659776687622,6,56204573.111774
32.237668,77.184642,14.470000267028809,1884.471069,2019-10-13,0.9602540135383606,5,56204573.248141
32.2373046875,77.207056,38.049999,2629.430908,2019-10-13,0.9688929915428162,2,56204573.186161
32.23699951171875,77.213564,17.079999923706055,2312.337158,2019-10-13,0.951708972454071,1,56204573.520853
32.237403,77.176126,9.449999809265137,2171.356201,2019-10-13,0.9790269732475281,6,56204573.12004
32.237299,77.18507385253906,11.699999809265137,1878.433716,2019-10-13,0.9634600281715393,5,56204573.256405
32.236933,77.207492,46.200001,2605.877686,2019-10-13,0.9708009958267212,2,56204573.194425
32.23662185668945,77.214007,21.229999542236328,2274.889893,2019-10-13,0.9695770144462585,1,56204573.529117
32.237033,77.17655944824219,5.230000019073486,2164.251221,2019-10-13,0.9600729942321777,6,56204573.128307
32.236928,77.185507,38.77000045776367,1838.835083,2019-10-13,0.9600909948348999,5,56204573.264669
32.236549,77.207939,46.240002,2565.877197,2019-10-13,0.9689890146255493,2,56204573.202689
32.236181,77.223401,9.760000228881836,2705.392822,2019-10-13,0.966185986995697,0,56204573.682001
32.236554,77.185942,22.540001,1838.635376,2019-10-13,0.9638950228691101,5,56204573.272933
32.236167907714844,77.208382,51.31999969482422,2527.019531,2019-10-13,0.9530410170555115,2,56204573.210953
32.236662,77.176993,15.180000305175781,2141.343018,2019-10-13,0.9748929738998413,6,56204573.136573
32.23612976074219,77.199489,39.389999,1980.565552,2019-10-13,0.9671279788017273,3,56204573.066312
32.23629379272461,77.177424,18.43000030517578,2132.168213,2019-10-13,0.9818199872970581,6,56204573.144838
32.23619079589844,77.186369,26.950001,1834.856445,2019-10-13,0.9645230174064636,5,56204573.281197
32.235772,77.208841,72.660004,2439.90918,2019-10-13,0.9662320017814636,2,56204573.219217
32.235772,77.199911,38.009998,1993.852905,2019-10-13,0.9847959876060486,3,56204573.074578
32.23555374145508,77.215261,28.190001,2340.00293,2019-10-13,0.9736769795417786,1,56204573.553909
32.23593521118164,77.177848,47.47999954223633,2114.730713,2019-10-13,0.9818999767303467,6,56204573.153104
32.235834,77.186789,50.889999,1833.195679,2019-10-13,0.9616529941558838,5,56204573.289461
32.23542022705078,77.200327,19.31999969482422,2041.797241,2019-10-13,0.975492000579834,3,56204573.082844
32.235374450683594,77.209301,41.860001,2400.038086,2019-10-13,0.9784500002861023,2,56204573.227481
32.235468,77.187218,52.119999,1831.504517,2019-10-13,0.9569119811058044,5,56204573.297725
32.234738,77.225091,11.180000305175781,2752.371582,2019-10-13,0.9743540287017822,0,56204573.715057
32.235538,77.178303,22.350000381469727,2072.514648,2019-10-13,0.978302001953125,6,56204573.161369
32.234971,77.209767,52.25,2308.423584,2019-10-13,0.9624850153923035,2,56204573.235745
32.234854,77.216085,38.439999,2403.091797,2019-10-13,0.9668400287628174,1,56204573.570437
32.235154,77.178747,10.020000457763672,2043.396851,2019-10-13,0.9682549834251404,6,56204573.169633
32.235097,77.18765258789062,41.650002,1830.521118,2019-10-13,0.9619920253753662,5,56204573.305989
32.234736,77.20114135742188,22.09000015258789,2135.572754,2019-10-13,0.9823939800262451,3,56204573.099376
32.234572,77.210228,20.629999,2267.230469,2019-10-13,0.9768329858779907,2,56204573.244009
32.234503,77.216499,8.890000343322754,2466.70874,2019-10-13,0.9766290187835693,1,56204573.578701
32.234397888183594,77.225491,48.610001,2779.549805,2019-10-13,0.9665340185165405,0,56204573.723321
32.234706,77.18810272216797,3.1700000762939453,1814.244995,2019-10-13,0.9525769948959351,5,56204573.314253
32.235084533691406,77.157497,44.5,3021.692383,2019-10-13,0.9745299816131592,11,56204573.256405
32.234812,77.179157,45.310001,2058.1521,2019-10-13,0.956026017665863,6,56204573.177897
32.234397888183594,77.201544,38.310001,2174.099365,2019-10-13,0.9746270179748535,3,56204573.107642
32.23419952392578,77.210663,34.049999,2240.974121,2019-10-13,0.9782029986381531,2,56204573.252273
32.234155,77.216909,22.65999984741211,2494.38623,2019-10-13,0.9662870168685913,1,56204573.586965
32.234044,77.225906,42.439999,2813.943359,2019-10-13,0.975130021572113,0,56204573.731585
32.234454,77.179579,34.580002,2083.30127,2019-10-13,0.9604269862174988,6,56204573.186161
32.234341,77.188529,4.96999979019165,1811.984741,2019-10-13,0.9512450098991394,5,56204573.322517
32.234042,77.201964,15.359999656677246,2216.033203,2019-10-13,0.9838510155677795,3,56204573.115908
32.233809,77.217317,35.029999,2528.523193,2019-10-13,0.9691510200500488,1,56204573.595229
32.23369216918945,77.226319,55.490002,2833.593262,2019-10-13,0.9650800228118896,0,56204573.739849
32.23381042480469,77.211115,81.410004,2140.562012,2019-10-13,0.9673399925231934,2,56204573.260537
32.234094,77.180004,26.729999542236328,2102.695801,2019-10-13,0.960919976234436,6,56204573.194425
32.23371124267578,77.202361,39.43000030517578,2261.99585,2019-10-13,0.9796239733695984,3,56204573.124174
32.233407,77.211581,14.720000267028809,2126.496094,2019-10-13,0.9621040225028992,2,56204573.268801
32.23332977294922,77.226743,49.360001,2849.878662,2019-10-13,0.9528650045394897,0,56204573.748113
32.23372268676758,77.180437,33.759998,2082.631836,2019-10-13,0.9510279893875122,6,56204573.202689
32.23360824584961,77.189385,9.979999542236328,1806.360474,2019-10-13,0.9585300087928772,5,56204573.339045
32.23336410522461,77.202772,24.850000381469727,2315.189453,2019-10-13,0.9509369730949402,3,56204573.13244
32.233101,77.21814727783203,37.009998,2581.061279,2019-10-13,0.976580023765564,1,56204573.611757
32.23295593261719,77.227179,11.289999961853027,2868.299561,2019-10-13,0.9772229790687561,0,56204573.756377
32.233051,77.21199798583984,35.470001,2124.989746,2019-10-13,0.9799519777297974,2,56204573.277065
32.233497,77.167979,33.990002,2566.069092,2019-10-13,0.9634109735488892,8,56204573.425817
32.233347,77.180875,41.009998,2052.258789,2019-10-13,0.9561589956283569,6,56204573.210953
32.23324966430664,77.189808,17.829999923706055,1811.174194,2019-10-13,0.957535982131958,5,56204573.347309
32.233027,77.203174,46.610001,2351.778564,2019-10-13,0.9730889797210693,3,56204573.140706
32.232705,77.212408,23.620001,2180.519043,2019-10-13,0.9750949740409851,2,56204573.285329
32.232743,77.21856689453125,25.719999,2610.794434,2019-10-13,0.9771729707717896,1,56204573.620021
32.232601165771484,77.227596,6.909999847412109,2896.564941,2019-10-13,0.9715970158576965,0,56204573.764641
32.232889,77.190233,22.799999,1816.55249,2019-10-13,0.9547820091247559,5,56204573.355573
32.232239,77.228018,5.570000171661377,2910.441162,2019-10-13,0.9626079797744751,0,56204573.772905
32.232969,77.181313,34.279999,2032.356689,2019-10-13,0.9533849954605103,6,56204573.219217
32.232369,77.212807,31.770000457763672,2235.431396,2019-10-13,0.9732099771499634,2,56204573.293593
32.232588,77.181754,32.669998,2000.179565,2019-10-13,0.9832450151443481,6,56204573.227481
32.23252487182617,77.190659,23.850000381469727,1819.734009,2019-10-13,0.9532750248908997,5,56204573.363837
32.232029,77.21321105957031,37.380001,2284.803955,2019-10-13,0.9609119892120361,2,56204573.301857
32.231899,77.228419,45.72999954223633,2931.735352,2019-10-13,0.9615510106086731,0,56204573.781169
32.231538,77.228842,49.400002,2939.81543,2019-10-13,0.9660329818725586,0,56204573.789433
32.232187,77.182212,13.010000228881836,1944.223389,2019-10-13,0.9747670292854309,6,56204573.235745
32.231668,77.213634,33.450001,2298.203613,2019-10-13,0.9782500267028809,2,56204573.310121
32.23179244995117,77.191517,23.370001,1815.779419,2019-10-13,0.9632819890975952,5,56204573.380365
32.231311,77.22025299072266,15.65999984741211,2694.436279,2019-10-13,0.962116003036499,1,56204573.653077
32.231177,77.229264,51.119999,2949.675537,2019-10-13,0.9706500172615051,0,56204573.797697
32.231974,77.169738,32.90999984741211,2430.885498,2019-10-13,0.9692530035972595,8,56204573.458873
32.231817,77.182644,7.699999809265137,1939.482178,2019-10-13,0.970894992351532,6,56204573.244009
32.2313117980957,77.214054,32.669998,2315.551758,2019-10-13,0.9760910272598267,2,56204573.318385
32.231449127197266,77.183074,5.940000057220459,1937.905762,2019-10-13,0.9717140197753906,6,56204573.252273
32.231432,77.19194030761719,37.90999984741211,1814.330444,2019-10-13,0.9665359854698181,5,56204573.388629
32.231146,77.205369,17.969999,2264.94873,2019-10-13,0.9505770206451416,3,56204573.182029
32.23094940185547,77.214476,21.229999542236328,2339.526855,2019-10-13,0.9806339740753174,2,56204573.326649
32.231605,77.170169,45.439999,2408.337646,2019-10-13,0.9849550127983093,8,56204573.467137
32.231048583984375,77.192383,4.820000171661377,1810.270142,2019-10-13,0.9704509973526001,5,56204573.396893
32.230436,77.230129,11.359999656677246,2966.875488,2019-10-13,0.9755200147628784,0,56204573.814225
32.23123550415039,77.17060089111328,32.389999,2413.128174,2019-10-13,0.9824270009994507,8,56204573.475401
32.231081,77.183505,6.869999885559082,1929.380737,2019-10-13,0.9719139933586121,6,56204573.260537
32.230711,77.183937,6.760000228881836,1920.040894,2019-10-13,0.9871129989624023,6,56204573.268801
32.230690002441406,77.192806,5.230000019073486,1823.208008,2019-10-13,0.9693650007247925,5,56204573.405157
32.230279,77.215273,36.740002,2455.12207,2019-10-13,0.9735940098762512,2,56204573.343177
32.230223,77.221524,8.890000343322754,2722.40625,2019-10-13,0.973459005355835,1,56204573.677869
32.230878,77.171024,39.119999,2422.464844,2019-10-13,0.9766520261764526,8,56204573.483665
32.230325,77.193235,4.820000171661377,1823.623413,2019-10-13,0.9717140197753906,5,56204573.413421
32.229872,77.221937,25.459999,2740.740723,2019-10-13,0.9798120260238647,1,56204573.686133
32.230508,77.171456,67.059998,2384.119141,2019-10-13,0.9758340120315552,8,56204573.491929
32.23033905029297,77.18437194824219,6.650000095367432,1909.432251,2019-10-13,0.9893640279769897,6,56204573.277065
32.229933,77.215682,35.77000045776367,2497.161865,2019-10-13,0.9760119915008545,2,56204573.351441
32.229961,77.193661,5.570000171661377,1827.144043,2019-10-13,0.9716920256614685,5,56204573.421685
32.229574,77.216103,30.690001,2517.03125,2019-10-13,0.9643459916114807,2,56204573.359705
32.23025894165039,77.163116,3.4700000286102295,2903.885986,2019-10-13,0.9679080247879028,11,56204573.363837
32.230127,77.171896,41.740002,2373.645264,2019-10-13,0.9848139882087708,8,56204573.500193
32.2299690246582,77.184802,10.3100004196167,1895.318848,2019-10-13,0.9820410013198853,6,56204573.285329
32.229149,77.222783,10.579999923706055,2776.268555,2019-10-13,0.9782170057296753,1,56204573.702661
32.229598,77.185235,5.150000095367432,1887.093872,2019-10-13,0.9762189984321594,6,56204573.293593
32.229599,77.194087,5.980000019073486,1834.142822,2019-10-13,0.9695630073547363,5,56204573.429949
32.229217,77.216523,8.180000305175781,2557.336914,2019-10-13,0.9708240032196045,2,56204573.367969
32.229766845703125,77.17231750488281,31.379999,2397.123047,2019-10-13,0.9847949743270874,8,56204573.508457
32.229235,77.194514,5.869999885559082,1837.479736,2019-10-13,0.9695330262184143,5,56204573.438213
32.228808,77.223186,42.029999,2804.396973,2019-10-13,0.9663190245628357,1,56204573.710925
32.229401,77.172749,14.170000076293945,2411.838867,2019-10-13,0.9878039956092834,8,56204573.516721
32.229229,77.185666,10.130000114440918,1874.849609,2019-10-13,0.9875500202178955,6,56204573.301857
32.228837,77.20805358886719,17.969999,2020.021851,2019-10-13,0.9521480202674866,3,56204573.231613
32.22843551635742,77.22361755371094,14.319999694824219,2817.460449,2019-10-13,0.9686629772186279,1,56204573.719189
32.228871,77.194941,7.170000076293945,1839.450684,2019-10-13,0.9711040258407593,5,56204573.446477
32.229049,77.173168,35.560001,2418.140625,2019-10-13,0.9879950284957886,8,56204573.524985
32.228859,77.186098,11.289999961853027,1865.592041,2019-10-13,0.9541869759559631,6,56204573.310121
32.228507,77.195368,7.019999980926514,1841.679688,2019-10-13,0.9669129848480225,5,56204573.454741
32.22815704345703,77.2177734375,35.130001,2611.181641,2019-10-13,0.9785259962081909,2,56204573.392761
32.228685,77.173595,41.77000045776367,2415.851807,2019-10-13,0.9881730079650879,8,56204573.533249
32.228488,77.186531,6.239999771118164,1856.632935,2019-10-13,0.9724019765853882,6,56204573.318385
32.2287712097168,77.164849,35.259998,2811.366699,2019-10-13,0.9826689958572388,11,56204573.396893
32.228145599365234,77.195792,17.200001,1843.196899,2019-10-13,0.9571149945259094,5,56204573.463005
32.227777,77.218213,19.170000076293945,2595.585693,2019-10-13,0.9741629958152771,2,56204573.401025
32.22772216796875,77.224457,44.34000015258789,2828.833008,2019-10-13,0.9606310129165649,1,56204573.735717
32.22838592529297,77.16529083251953,58.75,2747.244385,2019-10-13,0.9857159852981567,11,56204573.405157
32.228312,77.174029,34.220001,2407.653564,2019-10-13,0.9639710187911987,8,56204573.541513
32.228118,77.186963,5.679999828338623,1848.457031,2019-10-13,0.9713870286941528,6,56204573.326649
32.227359,77.224883,27.139999,2850.969238,2019-10-13,0.9739140272140503,1,56204573.743981
32.227744,77.187398,6.460000038146973,1829.248047,2019-10-13,0.9687219858169556,6,56204573.334913
32.227778,77.196223,11.510000228881836,1842.545166,2019-10-13,0.9683259725570679,5,56204573.471269
32.227397,77.209742,36.959999,2046.032959,2019-10-13,0.9823359847068787,3,56204573.264669
32.227995,77.165737,55.610001,2694.634521,2019-10-13,0.9844040274620056,11,56204573.413421
32.227937,77.174464,26.139999,2394.283936,2019-10-13,0.9848359823226929,8,56204573.549777
32.2274169921875,77.196648,21.15999984741211,1842.491943,2019-10-13,0.971871018409729,5,56204573.479533
32.22705078125,77.219065,13.119999885559082,2611.577393,2019-10-13,0.9841930270195007,2,56204573.417553
32.226988,77.225315,15.180000305175781,2851.972168,2019-10-13,0.9814710021018982,1,56204573.752245
32.227565,77.174898,32.200001,2373.315186,2019-10-13,0.9850689768791199,8,56204573.558041
32.227372,77.187831,5.119999885559082,1818.46521,2019-10-13,0.9712629914283752,6,56204573.343177
32.227072,77.210132,26.5,2142.158203,2019-10-13,0.9810259938240051,3,56204573.272933
32.226618,77.225747,16.639999,2839.971924,2019-10-13,0.9726690053939819,1,56204573.760509
32.22760772705078,77.16618347167969,56.31999969482422,2645.303467,2019-10-13,0.9883760213851929,11,56204573.421685
32.227044,77.197082,27.670000076293945,1819.709106,2019-10-13,0.9678210020065308,5,56204573.487797
32.226742,77.21052551269531,24.329999923706055,2219.202637,2019-10-13,0.9784690141677856,3,56204573.281197
32.2266845703125,77.219493,20.520000457763672,2605.258545,2019-10-13,0.9809799790382385,2,56204573.425817
32.227218,77.1666259765625,43.97999954223633,2605.055664,2019-10-13,0.9867609739303589,11,56204573.429949
32.227186,77.175336,31.600000381469727,2343.737305,2019-10-13,0.9824190139770508,8,56204573.566305
32.227004,77.188261,15.25,1802.271606,2019-10-13,0.9871559739112854,6,56204573.351441
32.226313,77.219927,6.570000171661377,2605.0,2019-10-13,0.9531469941139221,2,56204573.434081
32.22626495361328,77.226161,63.529999,2824.128906,2019-10-13,0.9741160273551941,1,56204573.768773
32.226806640625,77.175774,25.620001,2320.149414,2019-10-13,0.981777012348175,8,56204573.574569
32.226631,77.188696,16.299999,1786.340454,2019-10-13,0.967182993888855,6,56204573.359705
32.226391,77.2109375,10.420000076293945,2262.774414,2019-10-13,0.9729840159416199,3,56204573.289461
32.226829,77.167071,26.139999,2571.474854,2019-10-13,0.9851940274238586,11,56204573.438213
32.226028,77.211366,9.229999542236328,2269.001953,2019-10-13,0.9688609838485718,3,56204573.297725
32.225949,77.220354,13.600000381469727,2600.621094,2019-10-13,0.9810709953308105,2,56204573.442345
32.225899,77.22659301757812,46.209999,2839.230713,2019-10-13,0.9680299758911133,1,56204573.777037
32.226422,77.17621612548828,19.860001,2280.722412,2019-10-13,0.9891740083694458,8,56204573.582833
32.225535,77.227016,41.459999,2847.348145,2019-10-13,0.9771149754524231,1,56204573.785301
32.225941,77.198374,8.449999809265137,1822.994263,2019-10-13,0.9650200009346008,5,56204573.512589
32.225671,77.211786,17.450001,2279.216309,2019-10-13,0.9671909809112549,3,56204573.305989
32.226045,77.176653,22.739999771118164,2251.907959,2019-10-13,0.9881269931793213,8,56204573.591097
32.22531509399414,77.212205,8.260000228881836,2307.898438,2019-10-13,0.9793540239334106,3,56204573.314253
32.225228,77.221201,23.25,2612.322021,2019-10-13,0.9721130132675171,2,56204573.458873
32.225173,77.2274398803711,44.97999954223633,2852.76709,2019-10-13,0.9718599915504456,1,56204573.793565
32.225669,77.177089,19.969999,2231.840332,2019-10-13,0.9880300164222717,8,56204573.599361
32.224883,77.221609,38.97999954223633,2641.510986,2019-10-13,0.9713630080223083,2,56204573.467137
32.224813,77.227861,49.209999,2863.574707,2019-10-13,0.9683399796485901,1,56204573.801829
32.224959,77.212624,19.510000228881836,2317.88501,2019-10-13,0.9721459746360779,3,56204573.322517
32.22529220581055,77.177526,13.050000190734863,2211.913574,2019-10-13,0.9872620105743408,8,56204573.607625
32.225161,77.190415,13.270000457763672,1772.889038,2019-10-13,0.9550229907035828,6,56204573.392761
32.224861,77.199644,19.209999,1847.067017,2019-10-13,0.9619899988174438,5,56204573.537381
32.224608,77.213038,30.049999,2337.724609,2019-10-13,0.9798139929771423,3,56204573.330781
32.224454,77.228283,44.869999,2881.838867,2019-10-13,0.9684129953384399,1,56204573.810093
32.224273681640625,77.237347,35.450001,3067.369629,2019-10-13,0.9513760209083557,0,56204573.95472
32.224916,77.177961,30.030001,2172.105713,2019-10-13,0.9865570068359375,8,56204573.615889
32.224513,77.200058,26.65999984741211,1878.407471,2019-10-13,0.9720950126647949,5,56204573.545645
32.224246978759766,77.213462,14.199999809265137,2362.359619,2019-10-13,0.9783099889755249,3,56204573.339045
32.224145,77.222471,44.369999,2622.153564,2019-10-13,0.9739689826965332,2,56204573.483665
32.224534,77.178401,20.489999771118164,2145.477295,2019-10-13,0.990900993347168,8,56204573.624153
32.224435,77.191268,19.440001,1776.086792,2019-10-13,0.9625300168991089,6,56204573.409289
32.224159,77.200476,15.65999984741211,1914.786621,2019-10-13,0.9695720076560974,5,56204573.553909
32.22389221191406,77.213879,46.490002,2353.965332,2019-10-13,0.971422016620636,3,56204573.347309
32.223783,77.222896,52.18000030517578,2621.884033,2019-10-13,0.9674010276794434,2,56204573.491929
32.223715,77.229145,30.469999,2879.269775,2019-10-13,0.967091977596283,1,56204573.826621
32.224558,77.169696,25.239999771118164,2403.954102,2019-10-13,0.9618520140647888,11,56204573.487797
32.224072,77.191694,22.129999,1778.306763,2019-10-13,0.9667099714279175,6,56204573.417553
32.224157,77.178837,16.229999542236328,2125.701904,2019-10-13,0.9899150133132935,8,56204573.632417
32.223791,77.200906,4.21999979019165,1921.107666,2019-10-13,0.9501780271530151,5,56204573.562173
32.223502,77.214331,50.009998,2297.093262,2019-10-13,0.9698240160942078,3,56204573.355573
32.223412,77.22332763671875,32.029999,2630.190674,2019-10-13,0.9717249870300293,2,56204573.500193
32.22334289550781,77.22958374023438,40.720001,2852.900146,2019-10-13,0.9812520146369934,1,56204573.834885
32.224175,77.170137,24.010000228881836,2363.460938,2019-10-13,0.992671012878418,11,56204573.496061
32.223714,77.1921157836914,5.570000171661377,1810.832764,2019-10-13,0.9630399942398071,6,56204573.425817
32.223426818847656,77.201332,4.110000133514404,1926.721069,2019-10-13,0.9599440097808838,5,56204573.570437
32.222951,77.230033,58.81999969482422,2774.763672,2019-10-13,0.9724680185317993,1,56204573.843149
32.223795,77.170576,40.56999969482422,2314.880859,2019-10-13,0.9905400276184082,11,56204573.504325
32.223781,77.179273,19.780001,2098.464844,2019-10-13,0.9863420128822327,8,56204573.640681
32.223358,77.192537,18.469999,1818.93396,2019-10-13,0.9594630002975464,6,56204573.434081
32.223101,77.214792,25.489999771118164,2250.434326,2019-10-13,0.9728559851646423,3,56204573.363837
32.223017,77.223788,47.990002,2549.925781,2019-10-13,0.9681620001792908,2,56204573.508457
32.223407,77.179707,23.18000030517578,2074.192383,2019-10-13,0.990746021270752,8,56204573.648945
32.223065,77.201758,4.860000133514404,1933.52356,2019-10-13,0.9692090153694153,5,56204573.578701
32.222667,77.224201,49.860001,2581.274658,2019-10-13,0.9637129902839661,2,56204573.516721
32.223402,77.171023,58.40999984741211,2238.968018,2019-10-13,0.990481972694397,11,56204573.512589
32.222994,77.192964,6.869999885559082,1834.294312,2019-10-13,0.9719510078430176,6,56204573.442345
32.222714,77.215241,12.930000305175781,2217.061523,2019-10-13,0.9832659959793091,3,56204573.372101
32.22303009033203,77.180143,17.540001,2056.628662,2019-10-13,0.9900079965591431,8,56204573.657209
32.222703,77.202183,5.639999866485596,1939.132935,2019-10-13,0.9675300121307373,5,56204573.586965
32.222354,77.215663,10.720000267028809,2231.269287,2019-10-13,0.9831420183181763,3,56204573.380365
32.222309,77.224621,42.389999,2605.505859,2019-10-13,0.9723380208015442,2,56204573.524985
32.223004,77.171475,32.639999,2192.705322,2019-10-13,0.9882940053939819,11,56204573.520853
32.222657,77.180577,19.780001,2036.069946,2019-10-13,0.9852169752120972,8,56204573.665473
32.22262954711914,77.193391,9.789999961853027,1834.193848,2019-10-13,0.96732097864151,6,56204573.450609
32.222341,77.202608,7.880000114440918,1946.171997,2019-10-13,0.9651550054550171,5,56204573.595229
32.221946716308594,77.225045,47.43000030517578,2609.056641,2019-10-13,0.9554290175437927,2,56204573.533249
32.22261428833008,77.17192077636719,24.979999542236328,2148.675293,2019-10-13,0.9852079749107361,11,56204573.529117
32.222267150878906,77.193817,6.610000133514404,1841.913696,2019-10-13,0.9702379703521729,6,56204573.458873
32.22228240966797,77.181011,13.460000038146973,2024.704346,2019-10-13,0.9884700179100037,8,56204573.673737
32.221981048583984,77.203032,9.460000038146973,1953.005615,2019-10-13,0.9583079814910889,5,56204573.603493
32.22162628173828,77.216517,25.260000228881836,2222.850586,2019-10-13,0.9757779836654663,3,56204573.396893
32.221559,77.225496,18.690001,2588.756348,2019-10-13,0.9831399917602539,2,56204573.541513
32.222236,77.172357,19.479999542236328,2124.178711,2019-10-13,0.9887779951095581,11,56204573.537381
32.221902,77.194245,5.449999809265137,1844.970459,2019-10-13,0.9751290082931519,6,56204573.467137
32.221616,77.203459,8.5600004196167,1958.608765,2019-10-13,0.9698929786682129,5,56204573.611757
32.22190475463867,77.181447,22.770000457763672,1989.688354,2019-10-13,0.9725099802017212,8,56204573.682001
32.221539,77.194671,5.940000057220459,1850.406616,2019-10-13,0.9643610119819641,6,56204573.475401
32.221249,77.216956,20.329999923706055,2204.315674,2019-10-13,0.9809470176696777,3,56204573.405157
32.221159,77.225958,36.669998,2495.675781,2019-10-13,0.9795179963111877,2,56204573.549777
32.22185516357422,77.172796,23.0,2087.958984,2019-10-13,0.9913759827613831,11,56204573.545645
32.221525,77.181884765625,39.720001,1941.199829,2019-10-13,0.9837340116500854,8,56204573.690265
32.220767974853516,77.226411,25.079999923706055,2454.291504,2019-10-13,0.9707430005073547,2,56204573.558041
32.221475,77.173235,36.650002,2041.067505,2019-10-13,0.9924020171165466,11,56204573.553909
32.22117614746094,77.195097,5.449999809265137,1856.029175,2019-10-13,0.9671580195426941,6,56204573.483665
32.220878,77.217389,21.81999969482422,2191.267578,2019-10-13,0.979066014289856,3,56204573.413421
32.221154,77.182317,47.22999954223633,1919.889771,2019-10-13,0.98956298828125,8,56204573.698529
32.220813,77.195524,6.690000057220459,1859.495728,2019-10-13,0.9687619805335999,6,56204573.491929
32.220888,77.204312,28.709999,1944.347656,2019-10-13,0.9713990092277527,5,56204573.628285
32.220519,77.217811,40.400002,2186.262695,2019-10-13,0.9758620262145996,3,56204573.421685
32.220389,77.226852,18.389999,2431.516357,2019-10-13,0.9784849882125854,2,56204573.566305
32.221084,77.173681,16.190001,2007.615356,2019-10-13,0.990431010723114,11,56204573.562173
32.22051239013672,77.204748,5.489999771118164,1946.998535,2019-10-13,0.9698020219802856,5,56204573.636549
32.220765,77.182762,30.93000030517578,1886.52832,2019-10-13,0.9887109994888306,8,56204573.706793
32.22045135498047,77.19595336914062,4.820000171661377,1865.906738,2019-10-13,0.9630500078201294,6,56204573.500193
32.220163,77.21823120117188,47.580002,2200.985107,2019-10-13,0.9706730246543884,3,56204573.429949
32.220031,77.227273,42.5,2424.144043,2019-10-13,0.9714869856834412,2,56204573.574569
32.22074508666992,77.174091,68.139999,2006.298706,2019-10-13,0.9902420043945312,11,56204573.570437
32.22039031982422,77.183197,9.3100004196167,1885.112915,2019-10-13,0.9754830002784729,8,56204573.715057
32.220157,77.205167,7.400000095367432,1966.243286,2019-10-13,0.9739800095558167,5,56204573.644813
32.219656,77.22770690917969,43.470001,2402.741699,2019-10-13,0.9736199975013733,2,56204573.582833
32.220411,77.174497,41.959999,2107.13916,2019-10-13,0.9921740293502808,11,56204573.578701
32.220087,77.196377,5.230000019073486,1869.868286,2019-10-13,0.957194983959198,6,56204573.508457
32.219798,77.205589,5.639999866485596,1984.904175,2019-10-13,0.9744139909744263,5,56204573.653077
32.220021,77.183627,15.4399995803833,1873.541016,2019-10-13,0.9780210256576538,8,56204573.723321
32.219708,77.196816,23.329999923706055,1822.376831,2019-10-13,0.9719070196151733,6,56204573.516721
32.219459533691406,77.21906280517578,54.22999954223633,2251.260254,2019-10-13,0.9770659804344177,3,56204573.446477
32.219276428222656,77.228152,7.619999885559082,2408.524658,2019-10-13,0.9799780249595642,2,56204573.591097
32.220054,77.174919,41.279999,2125.406738,2019-10-13,0.9889960289001465,11,56204573.586965
32.219436,77.206013,5.489999771118164,1994.281006,2019-10-13,0.9738079905509949,5,56204573.661341
32.219109,77.219474,54.189999,2281.833252,2019-10-13,0.9708570241928101,3,56204573.454741
32.218928,77.228563,29.190001,2423.923828,2019-10-13,0.9768800139427185,2,56204573.599361
32.219693,77.175344,39.380001,2137.082275,2019-10-13,0.9879810214042664,11,56204573.595229
32.219656,77.184054,28.229999542236328,1861.630615,2019-10-13,0.9822580218315125,8,56204573.731585
32.219355,77.197234,29.15999984741211,1844.987183,2019-10-13,0.9618319869041443,6,56204573.524985
32.219075,77.206437,4.480000019073486,2005.744141,2019-10-13,0.9637960195541382,5,56204573.669605
32.219286,77.184485,18.770000457763672,1863.686768,2019-10-13,0.9681820273399353,8,56204573.739849
32.218993,77.197659,8.970000267028809,1872.319702,2019-10-13,0.9569389820098877,6,56204573.533249
32.218753,77.219893,37.40999984741211,2318.146729,2019-10-13,0.9810940027236938,3,56204573.463005
32.21857833862305,77.228973,23.100000381469727,2468.28125,2019-10-13,0.9811180233955383,2,56204573.607625
32.219339,77.175765,36.15999984741211,2167.510986,2019-10-13,0.9723049998283386,11,56204573.603493
32.218733,77.206845,26.540001,2035.224487,2019-10-13,0.9641860127449036,5,56204573.677869
32.218402,77.220308,38.790001,2347.607422,2019-10-13,0.9797999858856201,3,56204573.471269
32.21823501586914,77.229381,28.260000228881836,2507.183838,2019-10-13,0.9515820145606995,2,56204573.615889
32.218988,77.176183,48.540001,2185.266113,2019-10-13,0.9895250201225281,11,56204573.611757
32.218919,77.184913,13.720000267028809,1865.096313,2019-10-13,0.9685500264167786,8,56204573.748113
32.218633,77.198083,6.050000190734863,1885.282593,2019-10-13,0.9719910025596619,6,56204573.541513
32.218381,77.20726013183594,17.610001,2074.427246,2019-10-13,0.9613540172576904,5,56204573.686133
32.21854782104492,77.185345,8.300000190734863,1859.029419,2019-10-13,0.9718779921531677,8,56204573.756377
32.218047,77.2207260131836,24.520000457763672,2383.097656,2019-10-13,0.9833009839057922,3,56204573.479533
32.217904,77.229775,55.169998,2554.487793,2019-10-13,0.9803419709205627,2,56204573.624153
32.218646,77.176594,41.060001,2245.279785,2019-10-13,0.9685580134391785,11,56204573.620021
32.21826934814453,77.1985092163086,6.579999923706055,1890.647583,2019-10-13,0.9728080034255981,6,56204573.549777
32.218031,77.207675,20.93000030517578,2105.438721,2019-10-13,0.9629200100898743,5,56204573.694397
32.21770095825195,77.221137,31.950001,2414.294189,2019-10-13,0.9529749751091003,3,56204573.487797
32.217552185058594,77.230188,44.81999969482422,2596.41748,2019-10-13,0.9722430109977722,2,56204573.632417
32.218284606933594,77.177019,45.619999,2251.815918,2019-10-13,0.9897249937057495,11,56204573.628285
32.218184,77.185772,16.68000030517578,1854.247681,2019-10-13,0.9683169722557068,8,56204573.764641
32.217906,77.198937,6.989999771118164,1893.067627,2019-10-13,0.9705449938774109,6,56204573.558041
32.217684,77.208087,25.90999984741211,2141.086914,2019-10-13,0.9607959985733032,5,56204573.702661
32.217352,77.221548,47.619999,2435.723145,2019-10-13,0.9725149869918823,3,56204573.496061
32.217209,77.230594,49.599998,2639.264648,2019-10-13,0.9511169791221619,2,56204573.640681
32.217916,77.17745208740234,47.22999954223633,2239.439697,2019-10-13,0.989425003528595,11,56204573.636549
32.217541,77.199364,5.789999961853027,1896.205566,2019-10-13,0.9737399816513062,6,56204573.566305
32.217339,77.20849609375,42.65999984741211,2170.791992,2019-10-13,0.9674080014228821,5,56204573.710925
32.217526,77.17789459228516,21.649999618530273,2214.138916,2019-10-13,0.9915630221366882,11,56204573.644813
32.217176,77.199791,4.889999866485596,1899.289917,2019-10-13,0.967814028263092,6,56204573.574569
32.216987,77.208912,28.68000030517578,2215.340332,2019-10-13,0.9623519778251648,5,56204573.719189
32.216624,77.222402,34.790001,2455.215088,2019-10-13,0.9608129858970642,3,56204573.512589
32.216485,77.231442,17.829999923706055,2688.11499,2019-10-13,0.9554039835929871,2,56204573.657209
32.217149,77.178331,26.059999,2182.605713,2019-10-13,0.9942119717597961,11,56204573.653077
32.216813,77.200218,5.039999961853027,1902.833862,2019-10-13,0.9776759743690491,6,56204573.582833
32.21662902832031,77.209332,28.75,2235.799561,2019-10-13,0.9618449807167053,5,56204573.727453
32.216707,77.187494,7.960000038146973,1828.221558,2019-10-13,0.9858059883117676,8,56204573.797697
32.216449,77.20064544677734,4.739999771118164,1906.782471,2019-10-13,0.972154974937439,6,56204573.591097
32.216261,77.222828,36.849998,2457.708252,2019-10-13,0.9771980047225952,3,56204573.520853
32.21677017211914,77.178767,17.420000076293945,2165.599365,2019-10-13,0.9886360168457031,11,56204573.661341
32.216277,77.209749,31.030001,2260.427979,2019-10-13,0.9721720218658447,5,56204573.735717
32.216400146484375,77.179199,27.479999542236328,2143.180664,2019-10-13,0.9896759986877441,11,56204573.669605
32.216337,77.187924,30.520000457763672,1795.04187,2019-10-13,0.9886130094528198,8,56204573.805961
32.216088,77.201069,11.59000015258789,1909.236694,2019-10-13,0.9628329873085022,6,56204573.599361
32.215911,77.210177,7.809999942779541,2283.35083,2019-10-13,0.9905329942703247,5,56204573.743981
32.215545,77.223669,42.490002,2484.602539,2019-10-13,0.980597972869873,3,56204573.537381
32.216029,77.17962646484375,38.52000045776367,2124.45752,2019-10-13,0.9681140184402466,11,56204573.677869
32.21595764160156,77.188362,8.300000190734863,1786.973511,2019-10-13,0.992143988609314,8,56204573.814225
32.215719,77.20149993896484,4.78000020980835,1909.886963,2019-10-13,0.9711719751358032,6,56204573.607625
32.21555709838867,77.210595,7.590000152587891,2307.353271,2019-10-13,0.97052001953125,5,56204573.752245
32.2151985168457,77.224078,53.900002,2515.075439,2019-10-13,0.98129802942276,3,56204573.545645
32.215589,77.188792,6.760000228881836,1782.240601,2019-10-13,0.97673100233078,8,56204573.822489
32.215354919433594,77.201927,6.949999809265137,1910.141235,2019-10-13,0.973783016204834,6,56204573.615889
32.2152099609375,77.21100616455078,30.469999,2327.247803,2019-10-13,0.9658790230751038,5,56204573.760509
32.21564865112305,77.180067,44.389999,2089.891357,2019-10-13,0.971110999584198,11,56204573.686133
32.214851,77.224491,46.15999984741211,2557.440186,2019-10-13,0.97747802734375,3,56204573.553909
32.215273,77.180503,47.34000015258789,2061.095215,2019-10-13,0.9861339926719666,11,56204573.694397
32.215222,77.189221,8.260000228881836,1776.650024,2019-10-13,0.9748539924621582,8,56204573.830753
32.214988708496094,77.202353,6.239999771118164,1914.480835,2019-10-13,0.9684839844703674,6,56204573.624153
32.214857,77.211423,28.639999,2356.615234,2019-10-13,0.9713640213012695,5,56204573.768773
32.214502,77.224903,40.65999984741211,2597.561523,2019-10-13,0.9813740253448486,3,56204573.562173
32.214854,77.18965148925781,43.080002,1737.238403,2019-10-13,0.964601993560791,8,56204573.839017
32.214630126953125,77.202777,10.539999961853027,1922.084351,2019-10-13,0.9618620276451111,6,56204573.632417
32.214505,77.211838,39.59000015258789,2378.010498,2019-10-13,0.9838119745254517,5,56204573.777037
32.214900970458984,77.180935,38.099998,2056.134521,2019-10-13,0.9896320104598999,11,56204573.702661
32.2144775390625,77.190086,26.479999542236328,1730.144653,2019-10-13,0.9573659896850586,8,56204573.847281
32.214269,77.203201,7.590000152587891,1933.678955,2019-10-13,0.9741299748420715,6,56204573.640681
32.21415328979492,77.212255,41.240002,2403.948242,2019-10-13,0.9852709770202637,5,56204573.785301
32.213783264160156,77.225747,10.239999771118164,2654.23584,2019-10-13,0.9562649726867676,3,56204573.578701
32.214528,77.181368,46.0,2035.553711,2019-10-13,0.985863983631134,11,56204573.710925
32.213909,77.203624,5.039999961853027,1949.377197,2019-10-13,0.9739689826965332,6,56204573.648945
32.213789,77.21267700195312,17.420000076293945,2431.091797,2019-10-13,0.9661229848861694,5,56204573.793565
32.214149475097656,77.181804,38.849998,2014.40625,2019-10-13,0.9856899976730347,11,56204573.719189
32.21410369873047,77.19052124023438,4.260000228881836,1731.92334,2019-10-13,0.9657480120658875,8,56204573.855545
32.213324,77.235161,7.619999885559082,2981.810547,2019-10-13,0.9510419964790344,2,56204573.731585
32.213553,77.204044,16.18000030517578,1957.97937,2019-10-13,0.9892849922180176,6,56204573.657209
32.21342849731445,77.213103,6.429999828338623,2457.110596,2019-10-13,0.9720810055732727,5,56204573.801829
32.213773,77.18224334716797,46.299999,1983.27356,2019-10-13,0.9703919887542725,11,56204573.727453
32.213079,77.213517,8.630000114440918,2489.223145,2019-10-13,0.973048985004425,5,56204573.810093
32.21339797973633,77.182674,40.610001,1969.626221,2019-10-13,0.9832519888877869,11,56204573.735717
32.21338653564453,77.191366,13.09000015258789,1754.21936,2019-10-13,0.9688169956207275,8,56204573.872073
32.213197,77.204464,9.34000015258789,1984.951416,2019-10-13,0.9874259829521179,6,56204573.665473
32.213023,77.191793,6.019999980926514,1762.176636,2019-10-13,0.9657649993896484,8,56204573.880337
32.21284484863281,77.20487976074219,9.680000305175781,2014.593018,2019-10-13,0.9719190001487732,6,56204573.673737
32.212724,77.21393585205078,4.739999771118164,2515.873535,2019-10-13,0.9673309922218323,5,56204573.818357
32.213016,77.183113,32.529999,1943.790283,2019-10-13,0.9682679772377014,11,56204573.743981
32.21238327026367,77.214343,34.470001,2538.989014,2019-10-13,0.9849140048027039,5,56204573.826621
32.212657,77.192221,5.610000133514404,1762.097656,2019-10-13,0.9680489897727966,8,56204573.888601
32.212511,77.205282,20.190001,2070.413818,2019-10-13,0.9685090184211731,6,56204573.682001
32.212638,77.183549,34.700001,1914.561401,2019-10-13,0.986581027507782,11,56204573.752245
32.212154388427734,77.205702,8.300000190734863,2103.595215,2019-10-13,0.9860720038414001,6,56204573.690265
32.212021,77.214767,23.139999,2559.119385,2019-10-13,0.9649890065193176,5,56204573.834885
32.211684,77.228224,5.0,2858.868896,2019-10-13,0.9511669874191284,3,56204573.628285
32.212266,77.183982,61.47999954223633,1871.343262,2019-10-13,0.9870989918708801,11,56204573.760509
32.212292,77.192649,5.269999980926514,1762.268066,2019-10-13,0.9728749990463257,8,56204573.896865
32.211927,77.193076,6.989999771118164,1761.499756,2019-10-13,0.9724910259246826,8,56204573.905129
32.211802,77.206119,24.969999,2115.412842,2019-10-13,0.9842939972877502,6,56204573.698529
32.211664,77.215187,34.509998,2566.450195,2019-10-13,0.9694589972496033,5,56204573.843149
32.211897,77.184412,47.310001,1879.525879,2019-10-13,0.988798975944519,11,56204573.768773
32.211458,77.206529,37.869999,2148.219238,2019-10-13,0.9877169728279114,6,56204573.706793
32.211299896240234,77.21561431884766,10.800000190734863,2590.204346,2019-10-13,0.9732580184936523,5,56204573.851413
32.210856,77.238061,18.09000015258789,3172.973389,2019-10-13,0.9514849781990051,2,56204573.789433
32.211569,77.193499,14.920000076293945,1768.113647,2019-10-13,0.9711350202560425,8,56204573.913393
32.21150207519531,77.18486022949219,27.18000030517578,1836.389648,2019-10-13,0.9873080253601074,11,56204573.777037
32.211212158203125,77.193921,9.680000305175781,1793.788208,2019-10-13,0.9670040011405945,8,56204573.921657
32.21112060546875,77.206934,52.450001,2193.611084,2019-10-13,0.9908069968223572,6,56204573.715057
32.210623,77.229474,6.650000095367432,2932.526855,2019-10-13,0.9518060088157654,3,56204573.653077
32.21051025390625,77.23847198486328,23.280001,3208.851074,2019-10-13,0.9528489708900452,2,56204573.797697
32.211122,77.185298,8.260000228881836,1823.816772,2019-10-13,0.9780619740486145,11,56204573.785301
32.21076583862305,77.207351,41.119999,2230.324219,2019-10-13,0.9891380071640015,6,56204573.723321
32.21058654785156,77.216454,8.109999656677246,2633.401123,2019-10-13,0.9846050143241882,5,56204573.867941
32.210849,77.194347,5.079999923706055,1802.260986,2019-10-13,0.9753299951553345,8,56204573.929922
32.210751,77.185729,7.099999904632568,1812.553345,2019-10-13,0.9934849739074707,11,56204573.793565
32.210483,77.194776,5.53000020980835,1801.555786,2019-10-13,0.9689639806747437,8,56204573.938188
32.210406,77.207774,24.260000228881836,2258.78833,2019-10-13,0.9722849726676941,6,56204573.731585
32.210241,77.216864,19.479999542236328,2665.772705,2019-10-13,0.9536420106887817,5,56204573.876205
32.210381,77.1861572265625,7.210000038146973,1804.635132,2019-10-13,0.9789689779281616,11,56204573.801829
32.210044860839844,77.208198,31.399999618530273,2260.973145,2019-10-13,0.9718539714813232,6,56204573.739849
32.20987319946289,77.217294,43.220001,2636.553711,2019-10-13,0.9717749953269958,5,56204573.884469
32.210118,77.195204,6.349999904632568,1799.432495,2019-10-13,0.972540020942688,8,56204573.946454
32.210013,77.18659210205078,6.389999866485596,1798.384521,2019-10-13,0.9812700152397156,11,56204573.810093
32.20968246459961,77.208624,23.209999,2274.907715,2019-10-13,0.9886279702186584,6,56204573.748113
32.209489,77.217738,8.40999984741211,2628.669678,2019-10-13,0.9862939715385437,5,56204573.892733
32.209751,77.195633,6.349999904632568,1797.210815,2019-10-13,0.9762619733810425,8,56204573.95472
32.209329,77.209041,28.670000076293945,2296.347412,2019-10-13,0.9678639769554138,6,56204573.756377
32.209645,77.187019,5.53000020980835,1795.077393,2019-10-13,0.9791849851608276,11,56204573.818357
32.209386,77.196061,5.420000076293945,1798.480713,2019-10-13,0.9712650179862976,8,56204573.962986
32.209123,77.218166,10.760000228881836,2626.458984,2019-10-13,0.9886800050735474,5,56204573.900997
32.209278,77.187447,6.019999980926514,1791.392212,2019-10-13,0.9804459810256958,11,56204573.826621
32.208974,77.209459,28.860001,2320.042236,2019-10-13,0.9886469841003418,6,56204573.764641
32.208765,77.218588,5.679999828338623,2646.575928,2019-10-13,0.9926409721374512,5,56204573.909261
32.209022,77.196489,5.610000133514404,1799.674561,2019-10-13,0.9661329984664917,8,56204573.971252
32.208628,77.209871,33.650002,2358.360352,2019-10-13,0.9834330081939697,6,56204573.772905
32.208913,77.187875,4.710000038146973,1792.753662,2019-10-13,0.9798110127449036,11,56204573.834885
32.208656311035156,77.196917,6.690000057220459,1798.543823,2019-10-13,0.9759200215339661,8,56204573.979518
32.208403,77.219013,8.5600004196167,2650.502686,2019-10-13,0.9738479852676392,5,56204573.917525
32.208547,77.188303,6.840000152587891,1790.214111,2019-10-13,0.9900739789009094,11,56204573.843149
32.208265,77.210296,41.90999984741211,2355.045898,2019-10-13,0.9829930067062378,6,56204573.781169
32.208044,77.219435,22.729999542236328,2651.146973,2019-10-13,0.9719939827919006,5,56204573.925789
32.208290100097656,77.197345,5.119999885559082,1798.879272,2019-10-13,0.9681990146636963,8,56204573.987784
32.208182,77.188731,6.019999980926514,1790.358032,2019-10-13,0.9787300229072571,11,56204573.851413
32.207926,77.197773,5.53000020980835,1799.488892,2019-10-13,0.9745309948921204,8,56204573.99605
32.20790100097656,77.210723,41.15999984741211,2357.640381,2019-10-13,0.9628379940986633,6,56204573.789433
32.207681,77.21985626220703,18.020000457763672,2661.561523,2019-10-13,0.9669119715690613,5,56204573.934055
32.207462310791016,77.233198,4.739999771118164,3209.693604,2019-10-13,0.9516249895095825,3,56204573.727453
32.207534,77.211151,38.209999,2360.807617,2019-10-13,0.9845029711723328,6,56204573.797697
32.207313537597656,77.22029113769531,18.649999618530273,2658.164551,2019-10-13,0.9661759734153748,5,56204573.942321
32.20711135864258,77.233612,12.329999923706055,3230.650635,2019-10-13,0.9503780007362366,3,56204573.735717
32.207816,77.189159,24.489999771118164,1770.787598,2019-10-13,0.9765859842300415,11,56204573.859677
32.20756149291992,77.198201,6.46999979019165,1798.873169,2019-10-13,0.9700350165367126,8,56204574.004316
32.20743942260742,77.189594,32.639999,1738.754395,2019-10-13,0.9703350067138672,11,56204573.867941
32.2071647644043,77.211582,40.860001,2348.538086,2019-10-13,0.9844380021095276,6,56204573.805961
32.20695495605469,77.220712,34.990002,2655.703613,2019-10-13,0.9577530026435852,5,56204573.950587
32.20676040649414,77.234025,10.720000267028809,3263.245361,2019-10-13,0.9502419829368591,3,56204573.743981
32.207194,77.198631,5.610000133514404,1797.395752,2019-10-13,0.9775159955024719,8,56204574.012582
32.206796,77.212012,34.279999,2349.437744,2019-10-13,0.9844790101051331,6,56204573.814225
32.207051,77.190038,11.210000038146973,1709.372803,2019-10-13,0.9599080085754395,11,56204573.876205
32.206828,77.199059,7.739999771118164,1794.628052,2019-10-13,0.9743180274963379,8,56204574.020848
32.206591,77.221139,43.450001,2650.165527,2019-10-13,0.95763099193573,5,56204573.958853
32.206433,77.212437,37.759998,2351.115967,2019-10-13,0.9657710194587708,6,56204573.822489
32.20623016357422,77.221564,34.959999,2667.392822,2019-10-13,0.9675499796867371,5,56204573.967119
32.206687927246094,77.190464,28.040001,1697.982788,2019-10-13,0.9559670090675354,11,56204573.884469
32.20646286010742,77.199487,6.650000095367432,1796.332153,2019-10-13,0.9705169796943665,8,56204574.029114
32.206311,77.19090270996094,3.059999942779541,1698.405518,2019-10-13,0.9628340005874634,11,56204573.892733
32.20610427856445,77.199911,12.489999771118164,1802.242676,2019-10-13,0.9855380058288574,8,56204574.03738
32.2060661315918,77.212866,32.970001,2352.229248,2019-10-13,0.9631739854812622,6,56204573.830753
32.20585632324219,77.221998,45.950001,2638.97998,2019-10-13,0.958171010017395,5,56204573.975385
32.205698,77.213296,31.139999,2348.394775,2019-10-13,0.964709997177124,6,56204573.839017
32.20547866821289,77.222436,16.709999,2643.338623,2019-10-13,0.972445011138916,5,56204573.983651
32.205758,77.200326,39.34000015258789,1819.986206,2019-10-13,0.9832890033721924,8,56204574.045646
32.205407,77.200744,38.52000045776367,1853.496094,2019-10-13,0.9829350113868713,8,56204574.053912
32.2053337097168,77.213722,33.049999,2349.636963,2019-10-13,0.9645609855651855,6,56204573.847281
32.205139,77.222843,38.65999984741211,2675.024902,2019-10-13,0.9736350178718567,5,56204573.991917
32.204976,77.214144,39.029999,2359.254639,2019-10-13,0.9652280211448669,6,56204573.855545
32.204793,77.223254,39.669998,2718.221924,2019-10-13,0.9850479960441589,5,56204574.000183
32.205218,77.192181,12.369999885559082,1693.538086,2019-10-13,0.9673629999160767,11,56204573.917525
32.205056,77.201162,28.15999984741211,1896.021362,2019-10-13,0.9858880043029785,8,56204574.062178
32.204501,77.23664855957031,36.549999,3105.509766,2019-10-13,0.9571279883384705,3,56204573.793565
32.2047119140625,77.201574,26.030001,1947.623169,2019-10-13,0.9621670246124268,8,56204574.070444
32.204612,77.21456909179688,35.220001,2366.674805,2019-10-13,0.9689859747886658,6,56204573.863809
32.204437255859375,77.223675,37.459999,2738.541016,2019-10-13,0.9870510101318359,5,56204574.008449
32.204851,77.192611,4.739999771118164,1696.059814,2019-10-13,0.9807289838790894,11,56204573.925789
32.204486,77.193039,6.5,1694.516235,2019-10-13,0.9729909896850586,11,56204573.934055
32.20436477661133,77.20198822021484,26.889999,1987.533691,2019-10-13,0.9727190136909485,8,56204574.07871
32.204231,77.21501159667969,3.7699999809265137,2366.679443,2019-10-13,0.9710919857025146,6,56204573.872073
32.204076,77.224099,47.52000045776367,2739.585693,2019-10-13,0.9599930047988892,5,56204574.016715
32.20387268066406,77.215432,42.72999954223633,2341.957031,2019-10-13,0.9835150241851807,6,56204573.880337
32.203708,77.224529,46.77000045776367,2735.37085,2019-10-13,0.982679009437561,5,56204574.024981
32.204137,77.193455,35.790001,1701.631104,2019-10-13,0.98716801404953,11,56204573.942321
32.203999,77.202419,12.859999656677246,1998.174561,2019-10-13,0.9755560159683228,8,56204574.086976
32.203776,77.193881,5.190000057220459,1740.648071,2019-10-13,0.9782819747924805,11,56204573.950587
32.203622,77.202856,23.149999618530273,1963.859497,2019-10-13,0.9681670069694519,8,56204574.095242
32.203469,77.215892,6.389999866485596,2295.137695,2019-10-13,0.9865469932556152,6,56204573.888601
32.20332336425781,77.224974,20.190001,2719.756348,2019-10-13,0.9850630164146423,5,56204574.033247
32.203093,77.216328,8.739999771118164,2270.365234,2019-10-13,0.9830840229988098,6,56204573.896865
32.20295333862305,77.225407,25.5,2703.604004,2019-10-13,0.9832040071487427,5,56204574.041513
32.203413,77.194307,6.730000019073486,1743.517944,2019-10-13,0.976036012172699,11,56204573.958853
32.203241,77.203295,29.920000076293945,1922.532593,2019-10-13,0.9700610041618347,8,56204574.103508
32.203058,77.194728,5.340000152587891,1769.179077,2019-10-13,0.9777860045433044,11,56204573.967119
32.2028694152832,77.203728,27.110001,1912.54541,2019-10-13,0.9722509980201721,8,56204574.111774
32.202735,77.216749,26.09000015258789,2269.155029,2019-10-13,0.9872499704360962,6,56204573.905129
32.20259475708008,77.225829,37.759998,2708.222168,2019-10-13,0.9808729887008667,5,56204574.049779
32.202693939208984,77.195155,4.409999847412109,1773.062866,2019-10-13,0.979390025138855,11,56204573.975385
32.202513,77.20414733886719,12.260000228881836,1946.849731,2019-10-13,0.9718400239944458,8,56204574.12004
32.202368,77.217178,18.799999,2272.710938,2019-10-13,0.9889039993286133,6,56204573.913393
32.202245,77.226244,40.720001,2739.450928,2019-10-13,0.9850370287895203,5,56204574.058045
32.202332,77.195581,5.789999961853027,1778.51123,2019-10-13,0.9759349822998047,11,56204573.983651
32.202004,77.217605,7.590000152587891,2286.584717,2019-10-13,0.9843819737434387,6,56204573.921657
32.201873779296875,77.226677,44.97999954223633,2722.276367,2019-10-13,0.9877679944038391,5,56204574.066311
32.20216369628906,77.204567,17.350000381469727,1977.779053,2019-10-13,0.9680489897727966,8,56204574.128306
32.201969,77.196008,4.889999866485596,1783.760498,2019-10-13,0.9783419966697693,11,56204573.991917
32.201811,77.204986,12.5600004196167,2011.180786,2019-10-13,0.9715520143508911,8,56204574.136572
32.201643,77.218029,13.869999885559082,2289.093994,2019-10-13,0.9873859882354736,6,56204573.929922
32.201483,77.227128,39.779999,2670.893799,2019-10-13,0.986329972743988,5,56204574.074577
32.201297760009766,77.21843719482422,41.09000015258789,2307.333252,2019-10-13,0.9818620085716248,6,56204573.938188
32.201606,77.1964340209961,5.570000171661377,1787.981934,2019-10-13,0.9764050245285034,11,56204574.000183
32.20145797729492,77.205406,9.270000457763672,2042.262573,2019-10-13,0.9720780253410339,8,56204574.144838
32.20109558105469,77.227574,44.040001,2620.009521,2019-10-13,0.9900749921798706,5,56204574.082843
32.201243,77.196861,6.880000114440918,1791.840576,2019-10-13,0.9778280258178711,11,56204574.008449
32.201102,77.205827,11.399999618530273,2062.456055,2019-10-13,0.9680989980697632,8,56204574.153104
32.200938,77.21886444091797,44.75,2313.684326,2019-10-13,0.9886190295219421,6,56204573.946454
32.200707,77.228023,40.189999,2571.511475,2019-10-13,0.9877539873123169,5,56204574.091109
32.20087814331055,77.197288,4.630000114440918,1798.675049,2019-10-13,0.9730100035667419,11,56204574.016715
32.200740814208984,77.206254,14.470000267028809,2065.821289,2019-10-13,0.9751480221748352,8,56204574.161369
32.200559,77.219303,39.849998,2289.032227,2019-10-13,0.9579330086708069,6,56204573.95472
32.200313568115234,77.228475,13.720000267028809,2537.536133,2019-10-13,0.9885159730911255,5,56204574.099375
32.200518,77.197714,6.800000190734863,1803.514893,2019-10-13,0.9907709956169128,11,56204574.024981
32.200378,77.206679,8.710000038146973,2080.516602,2019-10-13,0.9681249856948853,8,56204574.169633
32.20018768310547,77.219735,25.200001,2289.369629,2019-10-13,0.9843959808349609,6,56204573.962986
32.19994354248047,77.228907,44.830002,2496.907715,2019-10-13,0.9888430237770081,5,56204574.107641
32.200154,77.198141,5.599999904632568,1807.919556,2019-10-13,0.9762589931488037,11,56204574.033247
32.20001983642578,77.207102,12.640000343322754,2092.174805,2019-10-13,0.9739519953727722,8,56204574.177897
32.199832916259766,77.220154,37.349998,2303.259521,2019-10-13,0.9805290102958679,6,56204573.971252
32.199561,77.229351,35.330002,2467.85083,2019-10-13,0.9876059889793396,5,56204574.115907
32.199791,77.198568,5.869999885559082,1813.20752,2019-10-13,0.9750789999961853,11,56204574.041513
32.199658,77.207528,9.720000267028809,2102.599609,2019-10-13,0.9677450060844421,8,56204574.186161
32.199456,77.220592,45.56999969482422,2268.832275,2019-10-13,0.9875109791755676,6,56204573.979518
32.199188,77.229786,43.779999,2442.77417,2019-10-13,0.9846389889717102,5,56204574.124173
32.19942855834961,77.198993,10.539999961853027,1818.328003,2019-10-13,0.990103006362915,11,56204574.049779
32.199297,77.207953,25.469999,2097.054199,2019-10-13,0.9682530164718628,8,56204574.194425
32.19908905029297,77.221021,34.209999,2279.742432,2019-10-13,0.9853420257568359,6,56204573.987784
32.198808,77.230226,47.18000030517578,2408.375732,2019-10-13,0.9899849891662598,5,56204574.132439
32.198734283447266,77.221441,30.690001,2303.523193,2019-10-13,0.9860529899597168,6,56204573.99605
32.199064,77.199422,6.429999828338623,1821.86792,2019-10-13,0.9768109917640686,11,56204574.058045
32.198917388916016,77.208391,12.5600004196167,2078.903564,2019-10-13,0.9702110290527344,8,56204574.202689
32.19841384887695,77.230679,12.1899995803833,2380.814453,2019-10-13,0.9687169790267944,5,56204574.140705
32.198701,77.199849,6.46999979019165,1827.036499,2019-10-13,0.97598797082901,11,56204574.066311
32.198539,77.208829,28.68000030517578,2033.976318,2019-10-13,0.968055009841919,8,56204574.210953
32.198367,77.22187042236328,23.65999984741211,2307.566406,2019-10-13,0.955718994140625,6,56204574.004316
32.198036193847656,77.231118,26.209999,2339.792725,2019-10-13,0.9719319939613342,5,56204574.148971
32.198339,77.200275,7.889999866485596,1831.67627,2019-10-13,0.9773809909820557,11,56204574.074577
32.198152,77.209273,37.580002,1976.154663,2019-10-13,0.9689379930496216,8,56204574.219217
32.198018,77.222285,29.760000228881836,2336.331787,2019-10-13,0.9873620271682739,6,56204574.012582
32.197654,77.23155975341797,17.229999542236328,2314.589111,2019-10-13,0.9707310199737549,5,56204574.157237
32.197978,77.20069885253906,12.640000343322754,1838.414917,2019-10-13,0.967490017414093,11,56204574.082843
32.197635650634766,77.222727,39.18000030517578,2289.716797,2019-10-13,0.9720879793167114,6,56204574.020848
32.25577163696289,77.136611,20.399999618530273,2703.567871,2019-11-05,0.9647589921951294,0,58159550.964456
32.255401,77.137053,19.729999542236328,2661.560791,2019-11-05,0.9777020215988159,0,58159550.97272
32.255032,77.137493,13.180000305175781,2632.126221,2019-11-05,0.960312008857727,0,58159550.980984
32.254666,77.137927,30.850000381469727,2596.423584,2019-11-05,0.9643300175666809,0,58159550.989248
32.254299,77.138362,42.200001,2562.032471,2019-11-05,0.9746299982070923,0,58159550.997512
32.253929138183594,77.138803,42.200001,2522.739014,2019-11-05,0.9586830139160156,0,58159551.005776
32.253562927246094,77.139237,27.629999,2517.932373,2019-11-05,0.9628490209579468,0,58159551.01404
32.253196,77.139674,35.490002,2482.502686,2019-11-05,0.9774129986763,0,58159551.022304
32.25282669067383,77.140116,17.739999771118164,2458.775879,2019-11-05,0.9562950134277344,0,58159551.030568
32.252459,77.140554,11.720000267028809,2432.20166,2019-11-05,0.9713829755783081,0,58159551.038832
32.251723,77.141435,16.700001,2351.672852,2019-11-05,0.9686160087585449,0,58159551.055361
32.250991,77.142299,78.449997,2263.271484,2019-11-05,0.9731190204620361,0,58159551.071893
32.25062561035156,77.14273071289062,26.129999,2308.279541,2019-11-05,0.9680370092391968,0,58159551.080159
32.250267028808594,77.14314270019531,39.759998,2351.452881,2019-11-05,0.9669139981269836,0,58159551.088425
32.249552,77.143953,49.869999,2476.086426,2019-11-05,0.9662920236587524,0,58159551.104957
32.249188,77.144379,38.0,2494.101562,2019-11-05,0.9704819917678833,0,58159551.113223
32.24882507324219,77.144803,32.200001,2514.054932,2019-11-05,0.967395007610321,0,58159551.121489
32.248462,77.145229,35.56999969482422,2517.362305,2019-11-05,0.9550489783287048,0,58159551.129755
32.248275,77.136455,23.770000457763672,2577.17627,2019-11-05,0.9709799885749817,1,58159550.99338
32.248099,77.145652,45.490002,2523.066406,2019-11-05,0.974586009979248,0,58159551.138021
32.247920989990234,77.136857,36.919998,2645.875977,2019-11-05,0.9644190073013306,1,58159551.001644
32.247732,77.146089,36.31999969482422,2503.790527,2019-11-05,0.9776080250740051,0,58159551.146287
32.247558,77.137279,25.610001,2675.875977,2019-11-05,0.9682819843292236,1,58159551.009908
32.247371,77.146507,36.09000015258789,2533.608154,2019-11-05,0.9726629853248596,0,58159551.154553
32.247193,77.137708,49.720001,2649.671387,2019-11-05,0.9744759798049927,1,58159551.018172
32.24700927734375,77.146925,49.459999,2553.369385,2019-11-05,0.9767720103263855,0,58159551.162819
32.246827,77.13813781738281,52.939999,2632.777832,2019-11-05,0.9569510221481323,1,58159551.026436
32.246645,77.147355,39.279999,2555.315674,2019-11-05,0.967976987361908,0,58159551.171085
32.246458,77.138579,51.18000030517578,2601.145508,2019-11-05,0.9717959761619568,1,58159551.0347
32.246283,77.147774,30.139999,2591.825684,2019-11-05,0.969120979309082,0,58159551.179351
32.245919,77.148202,36.209999,2588.982178,2019-11-05,0.9563000202178955,0,58159551.187617
32.245553,77.148637,19.059999,2582.883789,2019-11-05,0.9703969955444336,0,58159551.195883
32.245355,77.139889,13.210000038146973,2556.637939,2019-11-05,0.9601250290870667,1,58159551.059494
32.245192,77.149056,20.329999923706055,2608.234131,2019-11-05,0.9694470167160034,0,58159551.204149
32.244991302490234,77.140319,21.979999542236328,2541.830566,2019-11-05,0.9769129753112793,1,58159551.06776
32.244831,77.149473,37.220001,2627.666992,2019-11-05,0.9740890264511108,0,58159551.212415
32.244469,77.149894,22.280001,2664.572266,2019-11-05,0.9729880094528198,0,58159551.220681
32.244268,77.141155,35.790001,2591.273682,2019-11-05,0.9703660011291504,1,58159551.084292
32.244108,77.150313,26.84000015258789,2685.619873,2019-11-05,0.9716600179672241,0,58159551.228947
32.243906,77.141578,26.84000015258789,2617.165039,2019-11-05,0.9675710201263428,1,58159551.092558
32.243545,77.141997,24.0,2648.345459,2019-11-05,0.9726300239562988,1,58159551.100824
32.243387,77.1511459350586,30.59000015258789,2753.828369,2019-11-05,0.9806399941444397,0,58159551.245479
32.243184,77.142417,23.65999984741211,2676.757812,2019-11-05,0.9803640246391296,1,58159551.10909
32.243024,77.151569,24.260000228881836,2776.192383,2019-11-05,0.9726129770278931,0,58159551.253745
32.24318313598633,77.136079,25.56999969482422,2787.101562,2019-11-05,0.9717699885368347,2,58159550.774384
32.2428092956543,77.136526,17.969999,2738.238281,2019-11-05,0.9744380116462708,2,58159550.782648
32.242820739746094,77.142844,11.079999923706055,2691.89624,2019-11-05,0.9736469984054565,1,58159551.117356
32.242663,77.151986,27.440001,2806.591797,2019-11-05,0.9717680215835571,0,58159551.262011
32.242457,77.143267,19.920000076293945,2698.15918,2019-11-05,0.9793490171432495,1,58159551.125622
32.242299,77.152414,12.949999809265137,2821.998291,2019-11-05,0.9686490297317505,0,58159551.270277
32.242446,77.136954,18.489999771118164,2738.264648,2019-11-05,0.9820889830589294,2,58159550.790912
32.242081,77.137381,12.460000038146973,2745.889893,2019-11-05,0.9709839820861816,2,58159550.799176
32.241719,77.137803,28.040001,2745.73291,2019-11-05,0.9761099815368652,2,58159550.80744
32.241729,77.144121,22.729999542236328,2703.408691,2019-11-05,0.9629690051078796,1,58159551.142154
32.241578,77.153247,32.349998,2871.916016,2019-11-05,0.9656450152397156,0,58159551.286807
32.241368,77.144542,3.0299999713897705,2745.512695,2019-11-05,0.9721270203590393,1,58159551.15042
32.241217,77.153666,37.970001,2894.115723,2019-11-05,0.9755330085754395,0,58159551.295071
32.241355895996094,77.138228,26.09000015258789,2755.826904,2019-11-05,0.9754059910774231,2,58159550.815704
32.240992,77.138653,29.690001,2759.83374,2019-11-05,0.976032018661499,2,58159550.823968
32.241004943847656,77.144967,9.8100004196167,2747.586182,2019-11-05,0.9704179763793945,1,58159551.158686
32.240853,77.154091,23.700001,2915.787842,2019-11-05,0.9719110131263733,0,58159551.303335
32.240642,77.145389,8.9399995803833,2765.480469,2019-11-05,0.9747819900512695,1,58159551.166952
32.240625,77.139086,17.700001,2757.536377,2019-11-05,0.9568449854850769,2,58159550.832232
32.240259,77.139517,15.829999923706055,2750.714355,2019-11-05,0.9690160155296326,2,58159550.840496
32.239922,77.146223,26.469999,2817.680908,2019-11-05,0.9737570285797119,1,58159551.183484
32.239764,77.155363,22.799999,2951.833984,2019-11-05,0.9657719731330872,0,58159551.328127
32.239892,77.139949,27.25,2727.473633,2019-11-05,0.9782099723815918,2,58159550.84876
32.239559173583984,77.14664459228516,16.469999,2846.574219,2019-11-05,0.975346028804779,1,58159551.19175
32.239402,77.155786,12.800000190734863,2973.330566,2019-11-05,0.9713770151138306,0,58159551.336391
32.239524841308594,77.140382,19.610001,2719.648926,2019-11-05,0.9614449739456177,2,58159550.857024
32.239165,77.14080047607422,26.5,2741.595703,2019-11-05,0.9836059808731079,2,58159550.865288
32.239200592041016,77.147062,18.420000076293945,2880.628662,2019-11-05,0.9719750285148621,1,58159551.200016
32.239041,77.156202,31.969999,2990.607422,2019-11-05,0.969523012638092,0,58159551.344655
32.238839,77.147481,14.260000228881836,2912.794434,2019-11-05,0.9765040278434753,1,58159551.208282
32.238677978515625,77.15662384033203,34.560001,3004.70459,2019-11-05,0.9757859706878662,0,58159551.352919
32.238809,77.141208,17.440001,2808.453857,2019-11-05,0.9816920161247253,2,58159550.873552
32.238448,77.141627,21.190001,2832.711182,2019-11-05,0.9752429723739624,2,58159550.881816
32.238116,77.148324,18.56999969482422,2948.470215,2019-11-05,0.9682999849319458,1,58159551.224814
32.237945556640625,77.157491,18.270000457763672,2985.261719,2019-11-05,0.9710559844970703,0,58159551.369447
32.23808670043945,77.142046,6.059999942779541,2872.949951,2019-11-05,0.980338990688324,2,58159550.89008
32.237756,77.148741,18.979999542236328,2983.212402,2019-11-05,0.9744099974632263,1,58159551.23308
32.237581,77.15792083740234,30.209999,2967.755127,2019-11-05,0.9594990015029907,0,58159551.377711
32.23772430419922,77.14247131347656,4.710000038146973,2886.741943,2019-11-05,0.9668790102005005,2,58159550.898344
32.237395,77.14916229248047,36.43000030517578,2995.051025,2019-11-05,0.9734770059585571,1,58159551.241346
32.237361907958984,77.142891,9.6899995803833,2902.870361,2019-11-05,0.9713349938392639,2,58159550.906608
32.237212,77.158362,31.260000228881836,2921.299805,2019-11-05,0.9698269963264465,0,58159551.385975
32.236845,77.158799,11.149999618530273,2909.354492,2019-11-05,0.9614549875259399,0,58159551.394239
32.236667,77.150016,25.379999,3004.708008,2019-11-05,0.9744639992713928,1,58159551.257878
32.236479,77.159229,20.25,2891.461182,2019-11-05,0.9654150009155273,0,58159551.402503
32.236116,77.159653,40.290001,2881.718506,2019-11-05,0.9819679856300354,0,58159551.410767
32.236278,77.14414978027344,19.15999984741211,2964.445801,2019-11-05,0.9736160039901733,2,58159550.9314
32.235921,77.144561,27.809999,3007.410645,2019-11-05,0.976315975189209,2,58159550.939664
32.235748291015625,77.160085,38.419998,2868.91333,2019-11-05,0.9739279747009277,0,58159551.419031
32.235576,77.151295,16.170000076293945,3028.979492,2019-11-05,0.9728360176086426,1,58159551.282675
32.235562,77.144976,29.09000015258789,3044.915039,2019-11-05,0.976626992225647,2,58159550.947928
32.235198974609375,77.145398,13.399999618530273,3076.310547,2019-11-05,0.9572939872741699,2,58159550.956192
32.2352180480957,77.151706,29.129999,3066.294434,2019-11-05,0.9780970215797424,1,58159551.290939
32.23501968383789,77.160939,30.360001,2877.198486,2019-11-05,0.9689440131187439,0,58159551.435559
32.234854,77.152134,26.31999969482422,3069.440186,2019-11-05,0.9701679944992065,1,58159551.299203
32.234655,77.161367,16.280001,2888.997314,2019-11-05,0.9728929996490479,0,58159551.443823
32.234683,77.137018,11.75,3257.973877,2019-11-05,0.9573240280151367,3,58159550.8281
32.234488,77.1525650024414,4.150000095367432,3080.632324,2019-11-05,0.9630460143089294,1,58159551.307467
32.234294,77.161782,36.060001,2906.381104,2019-11-05,0.9589220285415649,0,58159551.452087
32.234107,77.14668273925781,8.529999732971191,3090.205566,2019-11-05,0.9800909757614136,2,58159550.980984
32.233927,77.162217,45.97999954223633,2873.777588,2019-11-05,0.9685559868812561,0,58159551.460351
32.233764,77.153409,17.149999618530273,3104.052734,2019-11-05,0.9743149876594543,1,58159551.323995
32.233559,77.162655,38.450001,2845.477051,2019-11-05,0.9701210260391235,0,58159551.468615
32.233744,77.147103,9.470000267028809,3102.974609,2019-11-05,0.9879050254821777,2,58159550.989248
32.233402252197266,77.153831,15.609999656677246,3121.991211,2019-11-05,0.9676079750061035,1,58159551.332259
32.233189,77.163099,20.06999969482422,2811.082275,2019-11-05,0.9531440138816833,0,58159551.476879
32.233039,77.154256,13.100000381469727,3132.929688,2019-11-05,0.9748349785804749,1,58159551.340523
32.23323059082031,77.138716,38.779999,3269.162598,2019-11-05,0.9706419706344604,3,58159550.861156
32.233018,77.147952,11.529999732971191,3122.198975,2019-11-05,0.9635030031204224,2,58159551.005776
32.232823,77.163529,26.729999542236328,2795.164795,2019-11-05,0.9623630046844482,0,58159551.485143
32.232871,77.139133,21.899999618530273,3317.613281,2019-11-05,0.9714699983596802,3,58159550.86942
32.232676,77.15467834472656,7.260000228881836,3148.779053,2019-11-05,0.9536070227622986,1,58159551.348787
32.232455,77.163966,17.600000381469727,2772.760498,2019-11-05,0.9665459990501404,0,58159551.493407
32.232657,77.14836883544922,12.869999885559082,3148.376465,2019-11-05,0.964809000492096,2,58159551.01404
32.232089,77.164396,21.40999984741211,2758.689453,2019-11-05,0.9671599864959717,0,58159551.501671
32.231725,77.164821,22.760000228881836,2764.426758,2019-11-05,0.9680050015449524,0,58159551.509935
32.231357,77.165256,11.75,2748.605469,2019-11-05,0.962556004524231,0,58159551.518199
32.231423,77.140821,7.329999923706055,3403.972412,2019-11-05,0.9560179710388184,3,58159550.902476
32.230993,77.165681,36.509998,2730.742676,2019-11-05,0.9625880122184753,0,58159551.526463
32.230627,77.166109,32.610001,2730.23999,2019-11-05,0.9696540236473083,0,58159551.534727
32.230262,77.166538,44.47999954223633,2714.477051,2019-11-05,0.9679089784622192,0,58159551.542991
32.229754,77.158115,20.629999,3082.703613,2019-11-05,0.9731590151786804,1,58159551.414899
32.229526,77.16741180419922,41.259998,2659.391846,2019-11-05,0.9506229758262634,0,58159551.559519
32.229386,77.15855407714844,19.09000015258789,3048.010986,2019-11-05,0.9788029789924622,1,58159551.423163
32.229156494140625,77.167853,9.770000457763672,2642.884766,2019-11-05,0.9658520221710205,0,58159551.567783
32.229017,77.158993,21.149999618530273,3008.188721,2019-11-05,0.9780070185661316,1,58159551.431427
32.228790283203125,77.168286,11.680000305175781,2622.61377,2019-11-05,0.958869993686676,0,58159551.576047
32.228647,77.159434,21.34000015258789,2963.443604,2019-11-05,0.9712479710578918,1,58159551.439691
32.228423,77.168717,17.479999542236328,2604.878174,2019-11-05,0.9619079828262329,0,58159551.584311
32.228279,77.15986633300781,42.349998,2913.557861,2019-11-05,0.962037980556488,1,58159551.447955
32.228059,77.169143,22.84000015258789,2601.045898,2019-11-05,0.9734100103378296,0,58159551.592575
32.2279052734375,77.160321,27.030001,2854.987305,2019-11-05,0.9657559990882874,1,58159551.456219
32.227691,77.1695785522461,18.040001,2574.587891,2019-11-05,0.9703059792518616,0,58159551.600839
32.227532,77.160772,33.400002,2772.807861,2019-11-05,0.9583560228347778,1,58159551.464483
32.2271614074707,77.161218,18.379999,2726.974609,2019-11-05,0.959909975528717,1,58159551.472747
32.226954,77.170458,25.530001,2495.412842,2019-11-05,0.9730870127677917,0,58159551.617367
32.226791,77.161656,14.859999656677246,2695.327393,2019-11-05,0.9590759873390198,1,58159551.481011
32.226587,77.170889,38.790001,2468.168945,2019-11-05,0.9729130268096924,0,58159551.625631
32.226422,77.162092,10.369999885559082,2670.41748,2019-11-05,0.9651179909706116,1,58159551.489275
32.226051330566406,77.156179,32.22999954223633,2820.585693,2019-11-05,0.9505919814109802,2,58159551.162819
32.22584915161133,77.171769,25.56999969482422,2402.331055,2019-11-05,0.964451014995575,0,58159551.642159
32.225686,77.1629638671875,18.870001,2605.663818,2019-11-05,0.9687470197677612,1,58159551.505803
32.22547912597656,77.172212,23.620001,2356.12793,2019-11-05,0.9581329822540283,0,58159551.650423
32.225316,77.163404,10.850000381469727,2571.418701,2019-11-05,0.9743810296058655,1,58159551.514067
32.225111,77.172653,15.949999809265137,2319.69873,2019-11-05,0.9739130139350891,0,58159551.658687
32.224948,77.163839,32.119999,2523.402588,2019-11-05,0.9697819948196411,1,58159551.522331
32.2247428894043,77.173091,20.329999923706055,2283.019531,2019-11-05,0.9713889956474304,0,58159551.666951
32.224578,77.164282,20.780001,2486.072998,2019-11-05,0.9749760031700134,1,58159551.530595
32.224375,77.173529,14.520000457763672,2256.043213,2019-11-05,0.9631959795951843,0,58159551.675215
32.224559,77.157966,29.15999984741211,2603.676025,2019-11-05,0.9697520136833191,2,58159551.195883
32.224682,77.135689,28.459999,3649.878174,2019-11-05,0.9597939848899841,5,58159551.274409
32.22419738769531,77.15838623046875,27.700001,2615.727539,2019-11-05,0.9737930297851562,2,58159551.204149
32.22400665283203,77.173967,26.129999,2211.63501,2019-11-05,0.9743149876594543,0,58159551.683479
32.224314,77.136126,11.680000305175781,3634.353516,2019-11-05,0.97148597240448,5,58159551.282675
32.223841,77.165155,19.879999,2426.37793,2019-11-05,0.9577829837799072,1,58159551.547123
32.223837,77.158808,66.080002,2607.884521,2019-11-05,0.9767420291900635,2,58159551.212415
32.223636627197266,77.174409,21.559999,2168.392334,2019-11-05,0.9751420021057129,0,58159551.691743
32.223948,77.136558,9.430000305175781,3623.88623,2019-11-05,0.9594190120697021,5,58159551.290939
32.223472,77.16558837890625,23.31999969482422,2394.755371,2019-11-05,0.9607279896736145,1,58159551.555387
32.223269,77.174848,30.440001,2124.112061,2019-11-05,0.9719250202178955,0,58159551.700007
32.22346115112305,77.159265,22.950001,2563.91748,2019-11-05,0.9559260010719299,2,58159551.220681
32.223567962646484,77.137015,25.350000381469727,3500.666992,2019-11-05,0.9633830189704895,5,58159551.299203
32.22309112548828,77.159705,29.120001,2524.343018,2019-11-05,0.9732159972190857,2,58159551.228947
32.223193,77.137464,26.469999,3419.884521,2019-11-05,0.9628660082817078,5,58159551.307467
32.22273635864258,77.166463,11.75,2346.332764,2019-11-05,0.9531289935112,1,58159551.571915
32.222726,77.160133,20.889999,2529.497559,2019-11-05,0.9713730216026306,2,58159551.237213
32.222823,77.137902,38.119999,3371.496094,2019-11-05,0.9660559892654419,5,58159551.315731
32.222357,77.160572,19.309999,2500.266357,2019-11-05,0.9758660197257996,2,58159551.245479
32.222368,77.166898,15.420000076293945,2316.922119,2019-11-05,0.9737070202827454,1,58159551.580179
32.222165,77.176162,14.710000038146973,2039.560913,2019-11-05,0.9757829904556274,0,58159551.724799
32.221999,77.1673355102539,19.280001,2279.765869,2019-11-05,0.9689890146255493,1,58159551.588443
32.222448,77.138351,17.260000228881836,3317.258789,2019-11-05,0.967270016670227,5,58159551.323995
32.22198486328125,77.161017,36.15999984741211,2433.054932,2019-11-05,0.9683690071105957,2,58159551.253745
32.221797,77.17659759521484,18.309999,2005.533813,2019-11-05,0.9752039909362793,0,58159551.733063
32.222085,77.138777,48.080002,3291.568359,2019-11-05,0.9669569730758667,5,58159551.332259
32.221629,77.167777,10.180000305175781,2244.902588,2019-11-05,0.9701150059700012,1,58159551.596707
32.221429,77.177037,11.300000190734863,1979.710693,2019-11-05,0.9608860015869141,0,58159551.741327
32.221608,77.161473,19.610001,2367.36084,2019-11-05,0.9643219709396362,2,58159551.262011
32.221715,77.139215,19.129999,3281.741699,2019-11-05,0.9582570195198059,5,58159551.340523
32.221063,77.1774673461914,18.530001,1955.671631,2019-11-05,0.9679110050201416,0,58159551.749591
32.221347,77.139649,20.18000030517578,3257.147705,2019-11-05,0.9735580086708069,5,58159551.348787
32.220699310302734,77.177891,22.200001,1973.972046,2019-11-05,0.9549890160560608,0,58159551.757855
32.220883,77.162321,31.18000030517578,2375.438232,2019-11-05,0.9792690277099609,2,58159551.278543
32.22097396850586,77.140093,8.869999885559082,3208.664551,2019-11-05,0.9589539766311646,5,58159551.357051
32.220521,77.162745,37.889999,2381.649658,2019-11-05,0.973812997341156,2,58159551.286807
32.220525,77.169084,18.56999969482422,2156.038818,2019-11-05,0.9660120010375977,1,58159551.621499
32.220338,77.178311,34.150002,1986.04187,2019-11-05,0.9573280215263367,0,58159551.766119
32.220161,77.169509,12.609999656677246,2168.376221,2019-11-05,0.963329017162323,1,58159551.629763
32.219974517822266,77.178733,17.670000076293945,2017.904785,2019-11-05,0.9713259935379028,0,58159551.774383
32.220609,77.140523,13.100000381469727,3195.178955,2019-11-05,0.9567130208015442,5,58159551.365315
32.220159,77.163167,39.759998,2395.064453,2019-11-05,0.9785339832305908,2,58159551.295071
32.220243,77.140954,12.470000267028809,3183.6875,2019-11-05,0.958736002445221,5,58159551.373579
32.219793,77.1635971069336,23.129999,2397.981201,2019-11-05,0.9711089730262756,2,58159551.303335
32.219801,77.169923,14.970000267028809,2206.876465,2019-11-05,0.9595230221748352,1,58159551.638027
32.219608306884766,77.17916107177734,17.81999969482422,2020.422241,2019-11-05,0.9630569815635681,0,58159551.782647
32.219876,77.141386,4.980000019073486,3175.664062,2019-11-05,0.9553819894790649,5,58159551.381843
32.21944046020508,77.164002,38.47999954223633,2455.012695,2019-11-05,0.9764950275421143,2,58159551.311599
32.219253,77.179563,41.040001,2073.080566,2019-11-05,0.9568020105361938,0,58159551.790911
32.21950912475586,77.14181518554688,7.449999809265137,3166.302002,2019-11-05,0.9683129787445068,5,58159551.390107
32.219079,77.170756,17.860001,2272.666504,2019-11-05,0.965973973274231,1,58159551.654555
32.21889114379883,77.179986,56.689999,2071.308594,2019-11-05,0.9750239849090576,0,58159551.799175
32.219073,77.164437,15.720000267028809,2457.381104,2019-11-05,0.9735900163650513,2,58159551.319863
32.219146,77.142243,10.029999732971191,3162.185547,2019-11-05,0.9641109704971313,5,58159551.398371
32.21852493286133,77.180413,37.47999954223633,2090.572266,2019-11-05,0.9648150205612183,0,58159551.807439
32.21834945678711,77.171609,40.59000015258789,2256.267334,2019-11-05,0.9579700231552124,1,58159551.671083
32.218782,77.142669,7.409999847412109,3168.143799,2019-11-05,0.9668340086936951,5,58159551.406635
32.218418,77.143094,6.510000228881836,3176.867432,2019-11-05,0.9711210131645203,5,58159551.414899
32.217991,77.16569519042969,29.760000228881836,2513.43457,2019-11-05,0.9633070230484009,2,58159551.344655
32.217626,77.172448,41.259998,2303.539795,2019-11-05,0.9624159932136536,1,58159551.687611
32.218055,77.14351654052734,5.010000228881836,3184.29248,2019-11-05,0.9687399864196777,5,58159551.423163
32.217635,77.166104,37.099998,2560.657959,2019-11-05,0.9619110226631165,2,58159551.352919
32.217689514160156,77.143947,6.46999979019165,3180.436279,2019-11-05,0.9591559767723083,5,58159551.431427
32.217265,77.166543,21.0,2542.416748,2019-11-05,0.9695019721984863,2,58159551.361183
32.217264,77.172869,35.119999,2328.27124,2019-11-05,0.9653930068016052,1,58159551.695875
32.217058,77.182151,43.549999,1996.407471,2019-11-05,0.9613760113716125,0,58159551.840495
32.217323303222656,77.144378,11.380000114440918,3161.463135,2019-11-05,0.9628959894180298,5,58159551.439691
32.21710205078125,77.15772247314453,27.030001,2770.419678,2019-11-05,0.9804099798202515,3,58159551.224814
32.216898,77.166977,28.149999618530273,2516.036377,2019-11-05,0.9702349901199341,2,58159551.369447
32.216691,77.182584,16.469999,2004.374023,2019-11-05,0.9577850103378296,0,58159551.848759
32.216955,77.144811,6.139999866485596,3145.336182,2019-11-05,0.9669240117073059,5,58159551.447955
32.21675109863281,77.158123,38.669998,2830.530762,2019-11-05,0.97748202085495,3,58159551.23308
32.216323,77.183022,42.119999,1944.484131,2019-11-05,0.9691410064697266,0,58159551.857023
32.216956,77.135831,9.130000114440918,3622.223877,2019-11-05,0.9648740291595459,6,58159551.311599
32.216591,77.145237,11.0,3143.734619,2019-11-05,0.9643049836158752,5,58159551.456219
32.216387,77.158548,48.93000030517578,2828.667725,2019-11-05,0.9799730181694031,3,58159551.241346
32.21617889404297,77.167806,44.849998,2572.092285,2019-11-05,0.9824709892272949,2,58159551.385975
32.216174,77.17414093017578,22.129999,2378.367676,2019-11-05,0.9675359725952148,1,58159551.720667
32.215951,77.1834716796875,26.729999542236328,1894.791504,2019-11-05,0.9510579705238342,0,58159551.865287
32.216590881347656,77.136261,28.270000457763672,3594.26709,2019-11-05,0.9738649725914001,6,58159551.319863
32.215808,77.17456817626953,38.119999,2354.743408,2019-11-05,0.9675959944725037,1,58159551.728931
32.216226,77.136689,13.25,3606.275635,2019-11-05,0.9728900194168091,6,58159551.328127
32.216226,77.145665,12.350000381469727,3139.435303,2019-11-05,0.9709439873695374,5,58159551.464483
32.216016,77.15898895263672,20.469999,2816.120361,2019-11-05,0.9706079959869385,3,58159551.249612
32.215829,77.16820526123047,49.040001,2650.634766,2019-11-05,0.9794899821281433,2,58159551.394239
32.215865,77.146084,10.220000267028809,3171.851074,2019-11-05,0.9639289975166321,5,58159551.472747
32.215658,77.159407,33.02000045776367,2835.590088,2019-11-05,0.9769309759140015,3,58159551.257878
32.215438,77.175011,14.640000343322754,2333.623047,2019-11-05,0.9705759882926941,1,58159551.737195
32.215217,77.18434143066406,14.520000457763672,1858.844971,2019-11-05,0.9729639887809753,0,58159551.881815
32.215854,77.137129,11.0,3564.015625,2019-11-05,0.9618399739265442,6,58159551.336391
32.215503,77.146507,8.760000228881836,3186.697754,2019-11-05,0.9725679755210876,5,58159551.481011
32.215299,77.159823,35.75,2865.101807,2019-11-05,0.9684380292892456,3,58159551.266144
32.215091705322266,77.169082,23.360001,2611.154785,2019-11-05,0.9736679792404175,2,58159551.410767
32.21485137939453,77.184774,8.869999885559082,1846.287598,2019-11-05,0.9566419720649719,0,58159551.890079
32.215484619140625,77.137565,7.96999979019165,3534.494873,2019-11-05,0.9589149951934814,6,58159551.344655
32.21514129638672,77.14692687988281,22.5,3188.546631,2019-11-05,0.9710869789123535,5,58159551.489275
32.214944,77.160232,35.110001,2921.020752,2019-11-05,0.9783560037612915,3,58159551.27441
32.214705,77.175876,7.860000133514404,2307.249756,2019-11-05,0.9705529808998108,1,58159551.753723
32.21448516845703,77.185204,8.529999732971191,1837.013794,2019-11-05,0.9695370197296143,0,58159551.898343
32.215118,77.137998,12.989999771118164,3509.151123,2019-11-05,0.9703429937362671,6,58159551.352919
32.214719,77.169523,34.52000045776367,2559.198486,2019-11-05,0.9699910283088684,2,58159551.419031
32.214773,77.147361,15.5,3180.834229,2019-11-05,0.9700679779052734,5,58159551.497539
32.21458053588867,77.16065979003906,25.870001,2931.211182,2019-11-05,0.9774010181427002,3,58159551.282675
32.214354,77.16995239257812,20.329999923706055,2572.300049,2019-11-05,0.9657959938049316,2,58159551.427295
32.21434020996094,77.176306,9.619999885559082,2296.332764,2019-11-05,0.9682480096817017,1,58159551.761987
32.21411895751953,77.18563079833984,25.120001,1822.950317,2019-11-05,0.9659249782562256,0,58159551.906607
32.214754,77.138424,10.220000267028809,3518.45752,2019-11-05,0.9706259965896606,6,58159551.361183
32.214224,77.161071,25.34000015258789,2980.399658,2019-11-05,0.9775620102882385,3,58159551.290939
32.214389,77.138853,11.899999618530273,3512.180908,2019-11-05,0.959426999092102,6,58159551.369447
32.214407,77.147791,16.25,3168.439453,2019-11-05,0.9664999842643738,5,58159551.505803
32.213993072509766,77.17037200927734,33.5,2581.047119,2019-11-05,0.9758430123329163,2,58159551.435559
32.21375274658203,77.186065,23.510000228881836,1801.23938,2019-11-05,0.9681670069694519,0,58159551.914871
32.21404266357422,77.148215,31.530001,3163.369141,2019-11-05,0.9685379862785339,5,58159551.514067
32.213864,77.161491,29.459999,2998.911377,2019-11-05,0.9776049852371216,3,58159551.299203
32.213626,77.1707992553711,43.990002,2561.41626,2019-11-05,0.9719330072402954,2,58159551.443823
32.213607,77.177169,17.06999969482422,2263.010986,2019-11-05,0.9707599878311157,1,58159551.778515
32.213385,77.186504,18.270000457763672,1772.143311,2019-11-05,0.9642059803009033,0,58159551.923135
32.21402359008789,77.139281,10.069999694824219,3510.057129,2019-11-05,0.9708099961280823,6,58159551.377711
32.2135009765625,77.161919,27.25,2999.188477,2019-11-05,0.974170982837677,3,58159551.307467
32.213241,77.177601,24.329999923706055,2241.533447,2019-11-05,0.9744790196418762,1,58159551.786779
32.213659,77.13970947265625,7.630000114440918,3507.584473,2019-11-05,0.9644579887390137,6,58159551.385975
32.213672,77.148654,8.350000381469727,3142.905762,2019-11-05,0.9640820026397705,5,58159551.522331
32.213252,77.171248,30.729999542236328,2513.808594,2019-11-05,0.97222501039505,2,58159551.452087
32.213016510009766,77.186941,18.530001,1740.876831,2019-11-05,0.9598399996757507,0,58159551.931399
32.213307,77.149081,8.760000228881836,3141.334229,2019-11-05,0.9605200290679932,5,58159551.530595
32.213128,77.162363,19.610001,2959.163086,2019-11-05,0.9767879843711853,3,58159551.315731
32.212884,77.171682,45.259998,2477.52832,2019-11-05,0.9527620077133179,2,58159551.460351
32.213294982910156,77.140136,8.649999618530273,3510.287109,2019-11-05,0.9736940264701843,6,58159551.394239
32.212942,77.149508,11.039999961853027,3140.463379,2019-11-05,0.9635589718818665,5,58159551.538859
32.212764,77.162788,34.330002,2950.098633,2019-11-05,0.9771029949188232,3,58159551.323995
32.2125129699707,77.172123,28.229999542236328,2454.773438,2019-11-05,0.9575409889221191,2,58159551.468615
32.21293258666992,77.14055633544922,19.170000076293945,3510.100098,2019-11-05,0.9670140147209167,6,58159551.402503
32.21257781982422,77.149934,8.420000076293945,3145.782471,2019-11-05,0.9668819904327393,5,58159551.547123
32.212401,77.163215,40.72999954223633,2946.70874,2019-11-05,0.9698179960250854,3,58159551.332259
32.212138,77.178908,15.569999694824219,2170.973389,2019-11-05,0.9684410095214844,1,58159551.811571
32.212568,77.140987,16.31999969482422,3515.432617,2019-11-05,0.9581800103187561,6,58159551.410767
32.212145,77.172555,38.029999,2427.270508,2019-11-05,0.973514974117279,2,58159551.476879
32.212217,77.150354,8.199999809265137,3172.676758,2019-11-05,0.9722899794578552,5,58159551.555387
32.212031,77.163654,41.81999969482422,2910.341309,2019-11-05,0.9703130125999451,3,58159551.340523
32.211771,77.173003,19.760000228881836,2385.508545,2019-11-05,0.9686610102653503,2,58159551.485143
32.211772,77.179338,40.02000045776367,2140.084473,2019-11-05,0.9553589820861816,1,58159551.819835
32.21220016479492,77.141421,10.109999656677246,3495.192871,2019-11-05,0.9701430201530457,6,58159551.419031
32.211401,77.179783,19.620001,2101.996094,2019-11-05,0.9701830148696899,1,58159551.828099
32.21183776855469,77.141844,13.180000305175781,3509.332275,2019-11-05,0.9674729704856873,6,58159551.427295
32.211859,77.150766,28.90999984741211,3204.278809,2019-11-05,0.9677730202674866,5,58159551.563651
32.211401,77.173442,16.170000076293945,2352.812256,2019-11-05,0.9679099917411804,2,58159551.493407
32.211495,77.151192,5.909999847412109,3230.978516,2019-11-05,0.9682959914207458,5,58159551.571915
32.211293,77.164526,26.649999618530273,2875.003906,2019-11-05,0.9758539795875549,3,58159551.357051
32.21104049682617,77.180201,41.0,2112.023926,2019-11-05,0.9673320055007935,1,58159551.836363
32.211477,77.14226531982422,13.180000305175781,3531.787842,2019-11-05,0.9702640175819397,6,58159551.435559
32.211034,77.17387390136719,26.170000076293945,2328.821289,2019-11-05,0.9683719873428345,2,58159551.501671
32.211134,77.151611,8.350000381469727,3257.143311,2019-11-05,0.968396008014679,5,58159551.580179
32.210927,77.164957,38.630001,2852.715088,2019-11-05,0.9732990264892578,3,58159551.365315
32.210662,77.174315,23.360001,2290.658936,2019-11-05,0.9662110209465027,2,58159551.509935
32.210673,77.180632,5.389999866485596,2133.423828,2019-11-05,0.9577540159225464,1,58159551.844627
32.211114,77.142689,8.3100004196167,3546.737549,2019-11-05,0.9733740091323853,6,58159551.443823
32.210771,77.152035,7.449999809265137,3270.722412,2019-11-05,0.9626240134239197,5,58159551.588443
32.210563,77.165383,35.560001,2857.962646,2019-11-05,0.9741569757461548,3,58159551.373579
32.210307,77.181064,8.90999984741211,2114.839355,2019-11-05,0.9698939919471741,1,58159551.852891
32.210748,77.143118,10.329999923706055,3538.622314,2019-11-05,0.9685019850730896,6,58159551.452087
32.210302,77.174731,36.84000015258789,2307.511963,2019-11-05,0.9686710238456726,2,58159551.518199
32.210408,77.152459,11.720000267028809,3275.069092,2019-11-05,0.9665830135345459,5,58159551.596707
32.210189,77.16583251953125,22.799999,2812.572021,2019-11-05,0.9717649817466736,3,58159551.381843
32.20994186401367,77.181497,10.329999923706055,2097.429932,2019-11-05,0.9831990003585815,1,58159551.861155
32.210381,77.143549,15.239999771118164,3518.837402,2019-11-05,0.9553599953651428,6,58159551.460351
32.210046,77.15287780761719,6.889999866485596,3302.891602,2019-11-05,0.9683830142021179,5,58159551.604971
32.210012,77.143983,12.6899995803833,3493.073486,2019-11-05,0.9687899947166443,6,58159551.468615
32.209685,77.1532974243164,16.469999,3317.906006,2019-11-05,0.966618001461029,5,58159551.613235
32.209458,77.166688,38.560001,2786.185059,2019-11-05,0.9649630188941956,3,58159551.398371
32.20921325683594,77.175998,28.860001,2355.904541,2019-11-05,0.9668840169906616,2,58159551.542991
32.209643,77.144418,7.599999904632568,3472.012939,2019-11-05,0.969569981098175,6,58159551.476879
32.209279,77.144842,17.709999,3469.979004,2019-11-05,0.9652299880981445,6,58159551.485143
32.209323,77.153722,32.43000030517578,3319.939697,2019-11-05,0.9682049751281738,5,58159551.621499
32.208852,77.176416,51.209999,2358.310059,2019-11-05,0.9702619910240173,2,58159551.551255
32.208839,77.182799,44.330002,1999.611328,2019-11-05,0.9707409739494324,1,58159551.885947
32.208961486816406,77.154146,13.25,3349.844727,2019-11-05,0.9672639966011047,5,58159551.629763
32.208718,77.167566,44.139999,2712.450928,2019-11-05,0.9771890044212341,3,58159551.414899
32.208465576171875,77.183246,24.93000030517578,1955.417114,2019-11-05,0.975117027759552,1,58159551.894211
32.208911,77.145274,8.800000190734863,3460.455078,2019-11-05,0.9590449929237366,6,58159551.493407
32.2084846496582,77.176848,47.470001,2346.404785,2019-11-05,0.9822670221328735,2,58159551.559519
32.208598,77.154569,11.489999771118164,3366.582031,2019-11-05,0.9699810147285461,5,58159551.638027
32.208351,77.167997,34.47999954223633,2710.202148,2019-11-05,0.9751260280609131,3,58159551.423163
32.208097,77.18368530273438,24.0,1918.180176,2019-11-05,0.9681349992752075,1,58159551.902475
32.208545,77.145705,14.789999961853027,3441.963379,2019-11-05,0.9743369817733765,6,58159551.501671
32.208236,77.154991,9.770000457763672,3386.536133,2019-11-05,0.9651669859886169,5,58159551.646291
32.207986,77.168423,43.200001,2703.282227,2019-11-05,0.9538959860801697,3,58159551.431427
32.207729,77.18412017822266,19.84000015258789,1898.22229,2019-11-05,0.966277003288269,1,58159551.910739
32.208186,77.146121,42.15999984741211,3453.993652,2019-11-05,0.9674280285835266,6,58159551.509935
32.207741,77.177732,25.040001,2280.008057,2019-11-05,0.9738410115242004,2,58159551.576047
32.207872,77.155417,8.15999984741211,3394.394531,2019-11-05,0.9630270004272461,5,58159551.654555
32.20737075805664,77.178172,8.680000305175781,2258.433105,2019-11-05,0.9791610240936279,2,58159551.584311
32.207820892333984,77.146549,19.280001,3471.150635,2019-11-05,0.9725419878959656,6,58159551.518199
32.207461,77.146966,11.449999809265137,3516.495605,2019-11-05,0.964917004108429,6,58159551.526463
32.2075080871582,77.155843,22.459999,3384.020996,2019-11-05,0.9680539965629578,5,58159551.662819
32.207258,77.169275,34.959999,2716.539795,2019-11-05,0.9731990098953247,3,58159551.447955
32.207006,77.178597,42.709999,2231.154785,2019-11-05,0.9589200019836426,2,58159551.592575
32.206989,77.18500518798828,13.359999656677246,1810.16272,2019-11-05,0.966172993183136,1,58159551.927267
32.2071418762207,77.156275,38.34000015258789,3349.522217,2019-11-05,0.9650909900665283,5,58159551.671083
32.206895,77.169699,36.950001,2724.234619,2019-11-05,0.9761819839477539,3,58159551.456219
32.207096099853516,77.147394,18.829999923706055,3505.595459,2019-11-05,0.9653159976005554,6,58159551.534727
32.206634521484375,77.179038,56.15999984741211,2175.852295,2019-11-05,0.9687269926071167,2,58159551.600839
32.20676803588867,77.156717,11.449999809265137,3325.676025,2019-11-05,0.9683939814567566,5,58159551.679347
32.206527,77.170131,35.040001,2709.364258,2019-11-05,0.9547690153121948,3,58159551.464483
32.206263,77.17948150634766,45.81999969482422,2141.074707,2019-11-05,0.9555000066757202,2,58159551.609103
32.206731,77.14781951904297,12.350000381469727,3514.281006,2019-11-05,0.9689019918441772,6,58159551.542991
32.20640182495117,77.157152,8.460000038146973,3298.62085,2019-11-05,0.9690080285072327,5,58159551.687611
32.206156,77.170571,37.400002,2669.562012,2019-11-05,0.9782739877700806,3,58159551.472747
32.205895,77.186285,6.769999980926514,1824.025757,2019-11-05,0.9614539742469788,1,58159551.952059
32.206373,77.148236,16.620001,3548.168213,2019-11-05,0.9701189994812012,6,58159551.551255
32.205888,77.179928,27.629999,2098.628662,2019-11-05,0.9775149822235107,2,58159551.617367
32.206496,77.135271,7.96999979019165,3750.565674,2019-11-05,0.9696639776229858,8,58159551.766119
32.206031,77.157587,23.139999,3254.194336,2019-11-05,0.9664120078086853,5,58159551.695875
32.205526,77.18035125732422,45.860001,2095.52417,2019-11-05,0.9671279788017273,2,58159551.625631
32.205528,77.186717,5.610000133514404,1809.436157,2019-11-05,0.980650007724762,1,58159551.960323
32.206133,77.135696,8.270000457763672,3761.166748,2019-11-05,0.9721739888191223,8,58159551.774383
32.206008,77.148663,11.0,3555.890625,2019-11-05,0.9716200232505798,6,58159551.559519
32.20564651489258,77.149083,3.7799999713897705,3589.143555,2019-11-05,0.9672340154647827,6,58159551.567783
32.205667,77.158013,29.059999,3253.42627,2019-11-05,0.986382007598877,5,58159551.704139
32.205165,77.180769,51.700001,2113.430664,2019-11-05,0.9582239985466003,2,58159551.633895
32.205162048339844,77.187147,6.25,1801.266602,2019-11-05,0.9731040000915527,1,58159551.968587
32.205769,77.136124,10.479999542236328,3757.192627,2019-11-05,0.9667109847068787,8,58159551.782647
32.205294,77.158457,18.200001,3205.63501,2019-11-05,0.9859240055084229,5,58159551.712403
32.205039,77.171895,14.479999542236328,2563.240723,2019-11-05,0.9754660129547119,3,58159551.497539
32.204794,77.187581,20.18000030517578,1765.151001,2019-11-05,0.9612720012664795,1,58159551.976851
32.205404,77.136552,8.09000015258789,3754.80957,2019-11-05,0.9705089926719666,8,58159551.790911
32.205278,77.149517,6.619999885559082,3560.334229,2019-11-05,0.9628210067749023,6,58159551.576047
32.204795837402344,77.181204,33.799999,2107.859375,2019-11-05,0.9743149876594543,2,58159551.642159
32.204909,77.149951,6.289999961853027,3533.860107,2019-11-05,0.9686040282249451,6,58159551.584311
32.204933166503906,77.158876,35.22999954223633,3217.285645,2019-11-05,0.9863579869270325,5,58159551.720667
32.204675,77.172321,54.099998,2527.318359,2019-11-05,0.9767929911613464,3,58159551.505803
32.204424,77.188022,17.520000457763672,1725.078247,2019-11-05,0.9708030223846436,1,58159551.985115
32.205041,77.136978,7.900000095367432,3765.82959,2019-11-05,0.973160982131958,8,58159551.799175
32.204566,77.159309,30.780001,3202.223389,2019-11-05,0.9669510126113892,5,58159551.728931
32.204298,77.172771,19.989999771118164,2491.828613,2019-11-05,0.972756028175354,3,58159551.514067
32.20405578613281,77.188457,5.389999866485596,1713.983521,2019-11-05,0.9703050255775452,1,58159551.993379
32.203883,77.19761657714844,3.700000047683716,1783.783203,2019-11-05,0.959276020526886,0,58159552.13802
32.204676,77.13740539550781,10.369999885559082,3763.981445,2019-11-05,0.9639310240745544,8,58159551.807439
32.204542,77.150382,20.370001,3503.851318,2019-11-05,0.9728999733924866,6,58159551.592575
32.204065,77.18206024169922,40.919998,2095.133789,2019-11-05,0.9502729773521423,2,58159551.658687
32.204198,77.159743,20.479999542236328,3187.136719,2019-11-05,0.9723230004310608,5,58159551.737195
32.203927,77.173211,13.850000381469727,2459.869629,2019-11-05,0.9674720168113708,3,58159551.522331
32.203695,77.182499,43.880001,2055.589355,2019-11-05,0.9803249835968018,2,58159551.666951
32.20351791381836,77.198045,7.070000171661377,1789.658081,2019-11-05,0.9723870158195496,0,58159552.146286
32.204307556152344,77.137838,9.850000381469727,3736.418457,2019-11-05,0.9690269827842712,8,58159551.815703
32.204172,77.150819,29.649999618530273,3460.174805,2019-11-05,0.9699379801750183,6,58159551.600839
32.203833,77.160171,23.920000076293945,3180.971191,2019-11-05,0.9718819856643677,5,58159551.745459
32.203801,77.151255,35.610001,3420.436279,2019-11-05,0.9672390222549438,6,58159551.609103
32.203561,77.17363739013672,38.93000030517578,2428.115479,2019-11-05,0.9870579838752747,3,58159551.530595
32.20332717895508,77.182933,47.580002,2030.468384,2019-11-05,0.9563689827919006,2,58159551.675215
32.203153,77.198471,5.389999866485596,1795.321899,2019-11-05,0.9624670147895813,0,58159552.154552
32.203939,77.138273,9.359999656677246,3703.178223,2019-11-05,0.9666640162467957,8,58159551.823967
32.203467,77.160601,34.220001,3162.274414,2019-11-05,0.9877269864082336,5,58159551.753723
32.203191,77.174076,45.75,2394.769531,2019-11-05,0.9687070250511169,3,58159551.538859
32.203571,77.138706,7.639999866485596,3676.629395,2019-11-05,0.9566940069198608,8,58159551.832231
32.20343017578125,77.151694,16.620001,3394.445068,2019-11-05,0.9732909798622131,6,58159551.617367
32.202958,77.183369,51.209999,2003.23938,2019-11-05,0.9599329829216003,2,58159551.683479
32.203098,77.161036,40.360001,3128.493408,2019-11-05,0.9854789972305298,5,58159551.761987
32.202818,77.174519,41.889999,2350.447754,2019-11-05,0.9734969735145569,3,58159551.547123
32.20259094238281,77.183803,47.060001,1985.014526,2019-11-05,0.9610249996185303,2,58159551.691743
32.20320510864258,77.139135,7.820000171661377,3669.919434,2019-11-05,0.9714099764823914,8,58159551.840495
32.203057,77.152134,8.199999809265137,3355.411621,2019-11-05,0.9708499908447266,6,58159551.625631
32.202728,77.161473,36.400002,3095.474854,2019-11-05,0.9694499969482422,5,58159551.770251
32.202842,77.13955688476562,6.809999942779541,3681.368164,2019-11-05,0.9815559983253479,8,58159551.848759
32.202689,77.152567,13.739999771118164,3328.078613,2019-11-05,0.9670609831809998,6,58159551.633895
32.202438,77.174974,24.969999,2281.291992,2019-11-05,0.9854599833488464,3,58159551.555387
32.202223,77.184236,48.779999,1968.788696,2019-11-05,0.9617720246315002,2,58159551.700007
32.202357,77.161914,35.799999,3047.635254,2019-11-05,0.9681310057640076,5,58159551.778515
32.20185852050781,77.191032,4.489999771118164,1683.417969,2019-11-05,0.9634029865264893,1,58159552.042963
32.202481,77.139982,19.510000228881836,3694.263184,2019-11-05,0.9783719778060913,8,58159551.857023
32.202321,77.152999,12.199999809265137,3309.330811,2019-11-05,0.9666339755058289,6,58159551.642159
32.201498,77.191449,23.059999,1699.629761,2019-11-05,0.9593549966812134,1,58159552.051227
32.20195770263672,77.153425,18.079999923706055,3309.910645,2019-11-05,0.961965024471283,6,58159551.650423
32.201987,77.162351,43.31999969482422,3005.345947,2019-11-05,0.9949979782104492,5,58159551.786779
32.201727,77.17578887939453,39.419998,2378.512451,2019-11-05,0.9741880297660828,3,58159551.571915
32.20212173461914,77.140404,8.239999771118164,3731.992188,2019-11-05,0.9826020002365112,8,58159551.865287
32.201616,77.162791,42.5,2960.830078,2019-11-05,0.9719759821891785,5,58159551.795043
32.20136260986328,77.176214,37.580002,2388.691162,2019-11-05,0.9616860151290894,3,58159551.580179
32.201759,77.140827,7.21999979019165,3754.255859,2019-11-05,0.9806069731712341,8,58159551.873551
32.201592,77.153853,17.780001,3305.781738,2019-11-05,0.9650850296020508,6,58159551.658687
32.201106,77.185566,25.530001,1848.512573,2019-11-05,0.9641439914703369,2,58159551.724799
32.201243,77.163234,39.169998,2906.756836,2019-11-05,0.9889960289001465,5,58159551.803307
32.200995,77.176648,51.59000015258789,2353.655518,2019-11-05,0.9892119765281677,3,58159551.588443
32.200732,77.186014,18.149999618530273,1796.140625,2019-11-05,0.9673929810523987,2,58159551.733063
32.200772,77.192292,17.81999969482422,1742.776855,2019-11-05,0.9738669991493225,1,58159552.067759
32.201396,77.141251,4.900000095367432,3771.238525,2019-11-05,0.9732369780540466,8,58159551.881815
32.201227,77.154281,28.229999542236328,3293.18042,2019-11-05,0.9701489806175232,6,58159551.666951
32.200876,77.16366577148438,47.369999,2880.811035,2019-11-05,0.9619759917259216,5,58159551.811571
32.200618743896484,77.177095,20.549999,2325.529297,2019-11-05,0.9705820083618164,3,58159551.596707
32.200406,77.192718,5.309999942779541,1759.737183,2019-11-05,0.970757007598877,1,58159552.076025
32.201033,77.141677,5.840000152587891,3779.642822,2019-11-05,0.9784799814224243,8,58159551.890079
32.200857,77.154717,17.75,3270.542236,2019-11-05,0.9749889969825745,6,58159551.675215
32.200361,77.18645477294922,22.459999,1749.977295,2019-11-05,0.9658370018005371,2,58159551.741327
32.200509,77.164098,55.22999954223633,2856.193359,2019-11-05,0.9837250113487244,5,58159551.819835
32.200254,77.177524,56.299999,2281.67041,2019-11-05,0.9690759778022766,3,58159551.604971
32.199992,77.186892,26.84000015258789,1717.394531,2019-11-05,0.9786549806594849,2,58159551.749591
32.200669,77.142102,5.5,3790.778076,2019-11-05,0.9753730297088623,8,58159551.898343
32.199676,77.193571,6.099999904632568,1768.304565,2019-11-05,0.9683589935302734,1,58159552.092557
32.200305,77.142528,2.3499999046325684,3800.481201,2019-11-05,0.9716519713401794,8,58159551.906607
32.20011901855469,77.155585,32.130001,3204.867432,2019-11-05,0.9694439768791199,6,58159551.691743
32.20014190673828,77.164534,47.47999954223633,2830.373535,2019-11-05,0.990447998046875,5,58159551.828099
32.19987869262695,77.177969,42.900002,2242.638916,2019-11-05,0.9621509909629822,3,58159551.613235
32.199621,77.187332,15.90999984741211,1691.936157,2019-11-05,0.9661759734153748,2,58159551.757855
32.199773,77.164966,56.799999,2804.607666,2019-11-05,0.9875770211219788,5,58159551.836363
32.19950866699219,77.17840576171875,57.950001,2198.174072,2019-11-05,0.9642360210418701,3,58159551.621499
32.199311,77.193997,4.53000020980835,1772.758057,2019-11-05,0.9729819893836975,1,58159552.100823
32.199939,77.142959,10.710000038146973,3777.275146,2019-11-05,0.9653059840202332,8,58159551.914871
32.199751,77.15602111816406,59.389999,3151.207764,2019-11-05,0.9688829779624939,6,58159551.700007
32.199405,77.165399,51.52000045776367,2790.167236,2019-11-05,0.965690016746521,5,58159551.844627
32.199134826660156,77.178851,43.240002,2157.450684,2019-11-05,0.9702010154724121,3,58159551.629763
32.198946,77.194423,5.71999979019165,1778.132568,2019-11-05,0.9714270234107971,1,58159552.109089
32.199571,77.14338684082031,10.710000038146973,3756.214111,2019-11-05,0.9765570163726807,8,58159551.923135
32.199378,77.156461,28.90999984741211,3129.54541,2019-11-05,0.9664850234985352,6,58159551.708271
32.199037,77.165833,48.599998,2769.411377,2019-11-05,0.9664509892463684,5,58159551.852891
32.199205,77.1438217163086,8.529999732971191,3749.825928,2019-11-05,0.9727910161018372,8,58159551.931399
32.199011,77.156893,18.90999984741211,3119.750488,2019-11-05,0.9687070250511169,6,58159551.716535
32.198667,77.16626739501953,50.810001,2731.495361,2019-11-05,0.9690520167350769,5,58159551.861155
32.198389,77.179738,10.479999542236328,2095.143311,2019-11-05,0.9709290266036987,3,58159551.646291
32.21577072143555,77.227967,14.670000076293945,2654.426758,2020-05-12,0.9657109975814819,0,74535778.025855
32.215031,77.22711181640625,6.849999904632568,2689.805664,2020-05-12,0.958968997001648,0,74535778.009327
32.214665,77.226683,13.699999809265137,2688.299072,2020-05-12,0.9578660130500793,0,74535778.001063
32.208472,77.219434,28.520000457763672,2657.475098,2020-05-12,0.9528059959411621,0,74535777.860575
32.204204,77.21438598632812,3.180000066757202,2358.679932,2020-05-12,0.9530159831047058,0,74535777.761407
32.200986,77.210591,6.880000114440918,2160.089599609375,2020-05-12,0.9651910066604614,0,74535777.687031
32.200265,77.209744,12.15999984741211,2129.595459,2020-05-12,0.9568269848823547,0,74535777.670503
32.288228,77.184979,10.970000267028809,2594.889404,2020-08-22,0.9826250076293945,0,83290694.156642
32.287664,77.22193908691406,24.93000030517578,3452.037598,2020-08-22,0.9738370180130005,5,83290694.499598
32.287238,77.240843,3.930000066757202,4115.105957,2020-08-22,0.9652569890022278,8,83290694.983059
32.287679,77.21156311035156,23.84000015258789,3433.49585,2020-08-22,0.9794970154762268,3,83290694.045055
32.28730392456055,77.230855,11.75,3635.436279,2020-08-22,0.9688209891319275,6,83290694.536785
32.287615,77.202106,23.31999969482422,3153.531738,2020-08-22,0.9794809818267822,2,83290693.999592
32.287318,77.211137,26.350000381469727,3415.383057,2020-08-22,0.9785000085830688,3,83290694.036789
32.287302,77.221516,27.81999969482422,3434.437988,2020-08-22,0.9712790250778198,5,83290694.491333
32.286942,77.230431,15.270000457763672,3619.969238,2020-08-22,0.956404983997345,6,83290694.528521
32.286876,77.240418,6.400000095367432,4098.411133,2020-08-22,0.9587050080299377,8,83290694.974793
32.287552,77.193589,12.5,2911.730225,2020-08-22,0.9525989890098572,1,83290694.185566
32.287254333496094,77.201683,19.5,3141.667236,2020-08-22,0.9807549715042114,2,83290693.991326
32.286942,77.221095,24.299999,3415.773926,2020-08-22,0.9726110100746155,5,83290694.483069
32.286959,77.210717,30.100000381469727,3386.556641,2020-08-22,0.9768670201301575,3,83290694.028523
32.286581,77.230009,14.0,3602.227051,2020-08-22,0.9546470046043396,6,83290694.520258
32.28651428222656,77.239996,11.460000038146973,4070.413818,2020-08-22,0.9606919884681702,8,83290694.966527
32.286891,77.201258,31.0,3120.39624,2020-08-22,0.9777839779853821,2,83290693.98306
32.286582,77.220675,23.469999,3389.82959,2020-08-22,0.9722219705581665,5,83290694.474806
32.286153,77.239574,5.579999923706055,4052.812988,2020-08-22,0.9609130024909973,8,83290694.958261
32.286601,77.210299,26.690001,3361.349609,2020-08-22,0.969560980796814,3,83290694.020257
32.286222,77.220254,30.030001,3359.964111,2020-08-22,0.9685779809951782,5,83290694.466541
32.286218,77.229585,10.109999656677246,3595.310547,2020-08-22,0.9674749970436096,6,83290694.511993
32.285858,77.229163,6.440000057220459,3578.998291,2020-08-22,0.9794840216636658,6,83290694.50373
32.285792,77.239153,16.510000228881836,4015.131104,2020-08-22,0.9638440012931824,8,83290694.949995
32.286169,77.200413,3.740000009536743,3116.05835,2020-08-22,0.980426013469696,2,83290693.966528
32.285861,77.219833,26.989999771118164,3341.418945,2020-08-22,0.9904860258102417,5,83290694.458277
32.2858772277832,77.209452,27.469999,3332.035156,2020-08-22,0.9677109718322754,3,83290694.003725
32.285499,77.228747,14.9399995803833,3534.677002,2020-08-22,0.978488028049469,6,83290694.495466
32.285431,77.238731,5.130000114440918,4003.679443,2020-08-22,0.9642540216445923,8,83290694.941729
32.285809,77.199992,10.369999885559082,3085.507324,2020-08-22,0.9855239987373352,2,83290693.958262
32.285502,77.219415,38.119999,3298.520264,2020-08-22,0.9863749742507935,5,83290694.450014
32.285069,77.238308,5.579999923706055,3984.85376,2020-08-22,0.9544320106506348,8,83290694.933463
32.285445,77.199566,13.619999885559082,3076.473145,2020-08-22,0.9709029793739319,2,83290693.949996
32.285143,77.218996,43.549999,3264.435791,2020-08-22,0.9907699823379517,5,83290694.441749
32.285134,77.228317,22.5,3532.5979,2020-08-22,0.9728010296821594,6,83290694.487201
32.28477478027344,77.227899,9.359999656677246,3515.229248,2020-08-22,0.9780790209770203,6,83290694.478938
32.284707,77.23788452148438,6.46999979019165,3964.211426,2020-08-22,0.9683539867401123,8,83290694.925197
32.285082,77.199142,7.260000228881836,3073.584229,2020-08-22,0.9550189971923828,2,83290693.94173
32.284788,77.218584,30.65999984741211,3220.425049,2020-08-22,0.9731169939041138,5,83290694.433485
32.284345,77.23745727539062,3.5899999141693115,3952.820068,2020-08-22,0.9688609838485718,8,83290694.916931
32.284797,77.20819091796875,12.609999656677246,3281.721436,2020-08-22,0.979587972164154,3,83290693.978927
32.28441619873047,77.227481,9.130000114440918,3484.671387,2020-08-22,0.9747859835624695,6,83290694.470674
32.284434,77.207766,26.280001,3258.569336,2020-08-22,0.9793879985809326,3,83290693.970661
32.28443145751953,77.218168,20.370001,3194.335693,2020-08-22,0.9753580093383789,5,83290694.425222
32.284059,77.227068,6.809999942779541,3441.962158,2020-08-22,0.9675559997558594,6,83290694.462409
32.283982,77.237035,9.430000305175781,3935.814209,2020-08-22,0.9582359790802002,8,83290694.908665
32.284359,77.19829559326172,10.850000381469727,3040.274414,2020-08-22,0.9538639783859253,2,83290693.925198
32.284068,77.217744,35.790001,3167.236572,2020-08-22,0.9869059920310974,5,83290694.416957
32.28407287597656,77.207343,24.969999,3243.693115,2020-08-22,0.9727789759635925,3,83290693.962395
32.283693,77.226636,18.420000076293945,3444.455322,2020-08-22,0.9772419929504395,6,83290694.454146
32.28362274169922,77.236617,11.609999656677246,3895.917725,2020-08-22,0.9698749780654907,8,83290694.900401
32.284000396728516,77.197878,14.220000267028809,3008.585693,2020-08-22,0.950993001461029,2,83290693.916932
32.28371047973633,77.217327,19.690001,3145.285889,2020-08-22,0.9716799855232239,5,83290694.408694
32.283262,77.236197,9.359999656677246,3869.907959,2020-08-22,0.9562690258026123,8,83290694.892137
32.283715,77.206926,35.40999984741211,3202.52002,2020-08-22,0.9745020270347595,3,83290693.954129
32.28335189819336,77.216907,15.270000457763672,3124.629883,2020-08-22,0.9870089888572693,5,83290694.40043
32.283327,77.226205,24.709999,3448.863037,2020-08-22,0.9697650074958801,6,83290694.445882
32.283641,77.197459,20.31999969482422,2975.844482,2020-08-22,0.9512220025062561,2,83290693.908666
32.283368,77.206525,40.799999,3114.363281,2020-08-22,0.9742689728736877,3,83290693.945863
32.282964,77.225779,23.959999,3445.734375,2020-08-22,0.9723349809646606,6,83290694.437617
32.282901763916016,77.235773,5.349999904632568,3858.357178,2020-08-22,0.9699649810791016,8,83290694.883873
32.282989501953125,77.216487,5.800000190734863,3108.299561,2020-08-22,0.9894139766693115,5,83290694.392165
32.283007,77.206104,53.009998,3082.374756,2020-08-22,0.972216010093689,3,83290693.937597
32.282605,77.22535705566406,12.15999984741211,3425.234131,2020-08-22,0.9787120223045349,6,83290694.429354
32.282538,77.235349,6.699999809265137,3841.41333,2020-08-22,0.9726870059967041,8,83290694.875609
32.282920837402344,77.196617,13.920000076293945,2941.178711,2020-08-22,0.9574180245399475,2,83290693.892138
32.282656,77.205697,50.610001,3021.006104,2020-08-22,0.9705489873886108,3,83290693.929331
32.282621,77.216051,16.020000457763672,3125.641846,2020-08-22,0.9903600215911865,5,83290694.383902
32.28217697143555,77.234927,7.190000057220459,3819.703857,2020-08-22,0.9670220017433167,8,83290694.867345
32.282259,77.215628,8.680000305175781,3120.447998,2020-08-22,0.9873899817466736,5,83290694.375638
32.282235,77.224922,25.639999,3446.483643,2020-08-22,0.975596010684967,6,83290694.42109
32.282562255859375,77.196199,17.780001,2907.90625,2020-08-22,0.9557260274887085,2,83290693.883874
32.282308,77.205295,26.280001,2968.858398,2020-08-22,0.9766899943351746,3,83290693.921065
32.281874,77.224502,18.040001,3431.453857,2020-08-22,0.9762120246887207,6,83290694.412825
32.281814,77.234501,4.340000152587891,3814.387451,2020-08-22,0.9650930166244507,8,83290694.859081
32.281893,77.215199,17.40999984741211,3115.936523,2020-08-22,0.976842999458313,5,83290694.367373
32.281945,77.204871,47.880001,2937.059082,2020-08-22,0.9745140075683594,3,83290693.912799
32.281509,77.224073,22.459999,3432.37085,2020-08-22,0.9716129899024963,6,83290694.404562
32.28144836425781,77.234072,4.039999961853027,3817.162842,2020-08-22,0.9732300043106079,8,83290694.850817
32.281844,77.195361,8.380000114440918,2863.219971,2020-08-22,0.9510819911956787,2,83290693.867346
32.281591,77.20446014404297,24.18000030517578,2910.512695,2020-08-22,0.9637420177459717,3,83290693.904534
32.281529,77.214772,18.870001,3112.294189,2020-08-22,0.9759190082550049,5,83290694.35911
32.28108596801758,77.233647,3.740000009536743,3809.685059,2020-08-22,0.9748259782791138,8,83290694.842553
32.280931,77.242723,55.119999,3723.060303,2020-08-22,0.9787970185279846,11,83290694.879741
32.281167,77.214348,7.21999979019165,3111.354736,2020-08-22,0.9757789969444275,5,83290694.350846
32.281142,77.223639,29.84000015258789,3446.630371,2020-08-22,0.9696879982948303,6,83290694.396297
32.281228,77.204036,17.969999,2906.067383,2020-08-22,0.9813939929008484,3,83290693.89627
32.280779,77.223214,9.729999542236328,3456.935547,2020-08-22,0.96977698802948,6,83290694.388033
32.280723571777344,77.233222,5.309999942779541,3795.145752,2020-08-22,0.9730989933013916,8,83290694.834289
32.28056335449219,77.242283,29.510000228881836,3791.344482,2020-08-22,0.9777269959449768,11,83290694.871477
32.281122,77.194518,22.649999618530273,2813.525391,2020-08-22,0.9584069848060608,2,83290693.850818
32.28086471557617,77.203611,16.170000076293945,2899.399414,2020-08-22,0.9819219708442688,3,83290693.888006
32.280802,77.213921,8.380000114440918,3108.874756,2020-08-22,0.9755679965019226,5,83290694.342581
32.280361,77.232797,3.9600000381469727,3787.516357,2020-08-22,0.9723179936408997,8,83290694.826025
32.280195,77.241843,33.700001,3826.233154,2020-08-22,0.9772779941558838,11,83290694.863213
32.280414,77.222785,25.5,3446.921143,2020-08-22,0.9763500094413757,6,83290694.37977
32.280763,77.19409942626953,6.019999980926514,2799.569092,2020-08-22,0.9506530165672302,2,83290693.842554
32.280501,77.20318603515625,23.020000457763672,2889.679932,2020-08-22,0.981827974319458,3,83290693.879742
32.279998,77.232371,4.340000152587891,3779.797852,2020-08-22,0.9690030217170715,8,83290694.817761
32.279825,77.241399,19.020000457763672,3897.883545,2020-08-22,0.9811499714851379,11,83290694.854949
32.280052185058594,77.222362,22.989999771118164,3431.968018,2020-08-22,0.9740419983863831,6,83290694.371505
32.280135,77.202757,25.719999,2890.363281,2020-08-22,0.9714760184288025,3,83290693.871478
32.279693603515625,77.221947,10.399999618530273,3404.033203,2020-08-22,0.9727129936218262,6,83290694.363241
32.279632568359375,77.231942,7.599999904632568,3777.615234,2020-08-22,0.9728419780731201,8,83290694.809497
32.279455,77.240952,61.189999,3917.898438,2020-08-22,0.9742580056190491,11,83290694.846685
32.280039,77.193253,11.079999923706055,2770.434814,2020-08-22,0.9526110291481018,2,83290693.826026
32.2797737121582,77.202337,23.059999,2873.299561,2020-08-22,0.9794729948043823,3,83290693.863214
32.279708,77.212637,23.059999,3100.262451,2020-08-22,0.9910759925842285,5,83290694.317789
32.279268,77.231512,12.279999732971191,3782.005615,2020-08-22,0.9753749966621399,8,83290694.801233
32.279089,77.24051666259766,24.530001,3967.411133,2020-08-22,0.9800570011138916,11,83290694.838421
32.279328,77.221517,10.520000457763672,3414.135498,2020-08-22,0.9769189953804016,6,83290694.354978
32.279413,77.201915,42.080002,2836.720215,2020-08-22,0.9733449816703796,3,83290693.85495
32.27935028076172,77.212221,4.639999866485596,3079.170654,2020-08-22,0.9703959822654724,5,83290694.309526
32.278901,77.231078,8.199999809265137,3808.403809,2020-08-22,0.9688490033149719,8,83290694.792969
32.278722,77.240082,24.489999771118164,4004.290527,2020-08-22,0.9734129905700684,11,83290694.830157
32.278985,77.211793,4.599999904632568,3080.733398,2020-08-22,0.9720020294189453,5,83290694.301261
32.278953552246094,77.221072,62.68000030517578,3414.930176,2020-08-22,0.9752230048179626,6,83290694.346713
32.279054,77.201497,32.34000015258789,2818.831055,2020-08-22,0.9813860058784485,3,83290693.846686
32.278599,77.220662,5.949999809265137,3419.890137,2020-08-22,0.9644719958305359,6,83290694.338449
32.278539,77.230656,8.979999542236328,3789.23877,2020-08-22,0.9734709858894348,8,83290694.784705
32.278361,77.239663,15.119999885559082,3984.104004,2020-08-22,0.9755100011825562,11,83290694.821893
32.278691,77.201072,22.120001,2822.364502,2020-08-22,0.9768350124359131,3,83290693.838422
32.278621673583984,77.21136474609375,5.050000190734863,3084.183594,2020-08-22,0.9783830046653748,5,83290694.292997
32.278177,77.230233,8.800000190734863,3770.340332,2020-08-22,0.9684230089187622,8,83290694.776441
32.278001,77.239246,11.449999809265137,3947.981445,2020-08-22,0.9789699912071228,11,83290694.813629
32.278608,77.191586,26.579999923706055,2620.741211,2020-08-22,0.9754430055618286,2,83290693.79297
32.278236389160156,77.220237,7.480000019073486,3409.270508,2020-08-22,0.9677709937095642,6,83290694.330186
32.278317,77.200632,57.759998,2827.068359,2020-08-22,0.9843869805335999,3,83290693.830158
32.278255462646484,77.210937,4.53000020980835,3086.367432,2020-08-22,0.9809160232543945,5,83290694.284734
32.277814,77.22981262207031,11.34000015258789,3749.875488,2020-08-22,0.9716740250587463,8,83290694.768177
32.27764129638672,77.238827,15.649999618530273,3913.243164,2020-08-22,0.9758949875831604,11,83290694.805365
32.278251,77.191169,28.559999,2584.441895,2020-08-22,0.9711999893188477,2,83290693.784706
32.277887,77.210504,27.739999771118164,3081.259277,2020-08-22,0.9704110026359558,5,83290694.276469
32.277873,77.219814,4.980000019073486,3398.388184,2020-08-22,0.9748929738998413,6,83290694.321921
32.277961,77.200219,16.989999771118164,2824.437744,2020-08-22,0.9833769798278809,3,83290693.821894
32.27751159667969,77.21939086914062,8.050000190734863,3385.317871,2020-08-22,0.9655770063400269,6,83290694.313658
32.277452,77.229389,10.890000343322754,3726.731689,2020-08-22,0.9725019931793213,8,83290694.759913
32.277274,77.238395,20.629999,3922.422363,2020-08-22,0.9808980226516724,11,83290694.797101
32.277582,77.199771,59.669998,2845.865234,2020-08-22,0.980525016784668,3,83290693.81363
32.277521,77.21007537841797,27.18000030517578,3086.13501,2020-08-22,0.9731069803237915,5,83290694.268205
32.277089,77.228964,6.440000057220459,3719.956299,2020-08-22,0.9673399925231934,8,83290694.751649
32.276911,77.23796844482422,27.780001,3906.958252,2020-08-22,0.971468985080719,11,83290694.788837
32.277537,77.190337,17.440001,2523.347168,2020-08-22,0.9732049703598022,2,83290693.768178
32.277156829833984,77.209647,26.620001,3086.950439,2020-08-22,0.9724149703979492,5,83290694.259942
32.277148,77.218967,5.840000152587891,3372.18042,2020-08-22,0.9667159914970398,6,83290694.305394
32.277223,77.199353,7.03000020980835,2871.115723,2020-08-22,0.952892005443573,3,83290693.805366
32.27678298950195,77.218539,13.4399995803833,3366.48877,2020-08-22,0.9638479948043823,6,83290694.297129
32.276725,77.228537,5.730000019073486,3718.625488,2020-08-22,0.9707430005073547,8,83290694.743385
32.27654266357422,77.237532,50.59000015258789,3918.179443,2020-08-22,0.9752280116081238,11,83290694.780573
32.276796,77.209226,11.9399995803833,3078.256104,2020-08-22,0.977183997631073,5,83290694.251677
32.276869,77.189569,15.460000038146973,2242.328125,2020-08-22,0.9772120118141174,2,83290693.75165
32.276851654052734,77.198914,32.529999,2881.287354,2020-08-22,0.9801669716835022,3,83290693.797102
32.27642059326172,77.218113,20.399999618530273,3352.025879,2020-08-22,0.9757729768753052,6,83290694.288866
32.276361,77.228112,8.010000228881836,3709.862549,2020-08-22,0.9705790281295776,8,83290694.735121
32.276178,77.237102,44.259998,3934.94043,2020-08-22,0.9748280048370361,11,83290694.772309
32.276491,77.198495,23.059999,2865.65918,2020-08-22,0.959833025932312,3,83290693.788838
32.27642822265625,77.208796,26.729999542236328,3074.287109,2020-08-22,0.9732130169868469,5,83290694.243413
32.275997161865234,77.227685,7.860000133514404,3704.974365,2020-08-22,0.968720018863678,8,83290694.726857
32.27581024169922,77.23666381835938,53.209999,3958.79834,2020-08-22,0.9796860218048096,11,83290694.764045
32.276508,77.189146,22.079999923706055,2220.380615,2020-08-22,0.9793059825897217,2,83290693.743386
32.276068,77.208373,25.760000228881836,3057.485107,2020-08-22,0.97182697057724,5,83290694.23515
32.276059,77.217693,4.150000095367432,3347.285889,2020-08-22,0.9758080244064331,6,83290694.280602
32.276128,77.198071,31.889999,2846.771973,2020-08-22,0.9860699772834778,3,83290693.780574
32.27569580078125,77.217268,5.010000228881836,3337.38208,2020-08-22,0.9775040149688721,6,83290694.272337
32.275632,77.227258,7.710000038146973,3705.043945,2020-08-22,0.9690150022506714,8,83290694.718593
32.275443,77.236229,51.259998,3987.049316,2020-08-22,0.9716410040855408,11,83290694.755781
32.27570343017578,77.207945,29.389999,3055.159668,2020-08-22,0.9755439758300781,5,83290694.226885
32.275269,77.226835,26.889999,3669.0625,2020-08-22,0.9692969918251038,8,83290694.710329
32.2757682800293,77.197653,19.129999,2829.669189,2020-08-22,0.9515590071678162,3,83290693.77231
32.275333404541016,77.216844,5.840000152587891,3325.286865,2020-08-22,0.9788699746131897,6,83290694.264074
32.27540588378906,77.197229,28.40999984741211,2811.913086,2020-08-22,0.9815130233764648,3,83290693.764046
32.275342,77.207523,32.009998,3033.668701,2020-08-22,0.988448977470398,5,83290694.218622
32.274906158447266,77.226412,11.039999961853027,3665.029785,2020-08-22,0.9796280264854431,8,83290694.702065
32.274979,77.207099,33.400002,3018.799316,2020-08-22,0.9896630048751831,5,83290694.210358
32.27497100830078,77.21642303466797,6.960000038146973,3311.650879,2020-08-22,0.9777100086212158,6,83290694.25581
32.274607,77.215994,5.460000038146973,3307.738281,2020-08-22,0.9762269854545593,6,83290694.247545
32.274543,77.225988,6.019999980926514,3660.617676,2020-08-22,0.971858024597168,8,83290694.693801
32.274349212646484,77.234948,8.460000038146973,4023.186035,2020-08-22,0.9722570180892944,11,83290694.730989
32.274682,77.196383,34.509998,2779.926514,2020-08-22,0.975042998790741,3,83290693.747518
32.274619,77.206679,25.829999923706055,2999.52832,2020-08-22,0.9742199778556824,5,83290694.202093
32.274179,77.225561,6.809999942779541,3656.560059,2020-08-22,0.9694979786872864,8,83290694.685537
32.274244,77.21556854248047,6.400000095367432,3296.442627,2020-08-22,0.979960024356842,6,83290694.239282
32.27398681640625,77.234526,11.1899995803833,4001.165283,2020-08-22,0.9735389947891235,11,83290694.722725
32.27432632446289,77.195969,10.8100004196167,2760.412109,2020-08-22,0.9814429879188538,3,83290693.739254
32.274255,77.206252,36.279999,2987.009033,2020-08-22,0.97182697057724,5,83290694.19383
32.273814,77.225135,10.890000343322754,3650.059082,2020-08-22,0.9683799743652344,8,83290694.677273
32.273625,77.234106,11.039999961853027,3976.009521,2020-08-22,0.9705340266227722,11,83290694.714461
32.273899,77.20584106445312,16.469999,2953.881836,2020-08-22,0.992347002029419,5,83290694.185566
32.273881,77.215145,7.599999904632568,3285.088135,2020-08-22,0.9790560007095337,6,83290694.231018
32.273963928222656,77.195545,46.22999954223633,2715.000244,2020-08-22,0.9699010252952576,3,83290693.73099
32.27351379394531,77.21471405029297,27.18000030517578,3276.467041,2020-08-22,0.9738180041313171,6,83290694.222753
32.273451,77.2247085571289,6.400000095367432,3642.287354,2020-08-22,0.9707880020141602,8,83290694.669009
32.273263,77.233686,9.359999656677246,3951.910156,2020-08-22,0.97462397813797,11,83290694.706197
32.27361297607422,77.19513702392578,53.459999,2640.886963,2020-08-22,0.9763429760932922,3,83290693.722726
32.273531,77.205406,51.150002,2939.561035,2020-08-22,0.9828510284423828,5,83290694.177301
32.273088,77.224288,7.449999809265137,3621.250488,2020-08-22,0.9765390157699585,8,83290694.660745
32.272901,77.233265,22.049999,3916.431641,2020-08-22,0.9738489985466003,11,83290694.697933
32.273169,77.204982,48.970001,2926.67041,2020-08-22,0.9843569993972778,5,83290694.169038
32.27315139770508,77.214286,31.790001,3270.643311,2020-08-22,0.970766007900238,6,83290694.21449
32.273711,77.167969,29.729999542236328,2202.9729,2020-08-22,0.975163996219635,0,83290693.826026
32.272788,77.213863,24.149999618530273,3263.058838,2020-08-22,0.9730100035667419,6,83290694.206225
32.272726,77.223867,8.800000190734863,3596.939209,2020-08-22,0.9789419770240784,8,83290694.652481
32.272539,77.232846,26.25,3883.153809,2020-08-22,0.9736019968986511,11,83290694.689669
32.272911071777344,77.194325,31.59000015258789,2540.171631,2020-08-22,0.9594219923019409,3,83290693.706198
32.272812,77.204566,32.419998,2901.997803,2020-08-22,0.9709280133247375,5,83290694.160774
32.273338317871094,77.167535,17.0,2245.556641,2020-08-22,0.9572240114212036,0,83290693.817762
32.272424,77.213436,35.009998,3250.00708,2020-08-22,0.9714000225067139,6,83290694.197961
32.272364,77.223447,10.40999984741211,3568.872314,2020-08-22,0.969385027885437,8,83290694.644217
32.272177,77.232427,13.140000343322754,3866.841797,2020-08-22,0.9755550026893616,11,83290694.681405
32.272965,77.167097,24.860001,2283.616455,2020-08-22,0.9573950171470642,0,83290693.809498
32.272567,77.19393157958984,19.350000381469727,2450.637207,2020-08-22,0.9700430035591125,3,83290693.697934
32.272441,77.204127,51.029999,2921.847168,2020-08-22,0.9855300188064575,5,83290694.152509
32.272002,77.223025,3.930000066757202,3556.206055,2020-08-22,0.9756630063056946,8,83290694.635953
32.27181625366211,77.232008,8.050000190734863,3844.07666,2020-08-22,0.979561984539032,11,83290694.673141
32.272548,77.184518,3.890000104904175,1995.530273,2020-08-22,0.9500129818916321,2,83290693.652482
32.272084,77.203712,15.720000267028809,2913.825439,2020-08-22,0.9799860119819641,5,83290694.144246
32.272067,77.213023,55.34000015258789,3182.128174,2020-08-22,0.9696019887924194,6,83290694.189698
32.27223205566406,77.193547,18.229999542236328,2314.373779,2020-08-22,0.9731979966163635,3,83290693.68967
32.271708,77.212606,24.06999969482422,3177.940186,2020-08-22,0.97428297996521,6,83290694.181433
32.271638,77.22260284423828,6.960000038146973,3542.606201,2020-08-22,0.975875973701477,8,83290694.627689
32.271453,77.231586,7.559999942779541,3826.883057,2020-08-22,0.9759820103645325,11,83290694.664877
32.271873474121094,77.193128,25.379999,2280.80127,2020-08-22,0.982367992401123,3,83290693.681406
32.271715,77.203276,39.689999,2916.230957,2020-08-22,0.9893659949302673,5,83290694.135981
32.27222442626953,77.16622924804688,27.520000457763672,2333.279053,2020-08-22,0.9762139916419983,0,83290693.79297
32.271346,77.212182,24.219999,3165.809814,2020-08-22,0.9714329838752747,6,83290694.173169
32.27127456665039,77.22217559814453,5.730000019073486,3531.678955,2020-08-22,0.9792810082435608,8,83290694.619425
32.27109146118164,77.231162,3.549999952316284,3819.697754,2020-08-22,0.9710100293159485,11,83290694.656613
32.271852,77.1657943725586,28.010000228881836,2368.302002,2020-08-22,0.96424400806427,0,83290693.784706
32.271514892578125,77.192711,21.93000030517578,2251.576172,2020-08-22,0.9756680130958557,3,83290693.673142
32.271351,77.202849,35.790001,2916.37085,2020-08-22,0.9773859977722168,5,83290694.127715
32.270911,77.22174835205078,11.039999961853027,3519.940186,2020-08-22,0.9772970080375671,8,83290694.611161
32.270726,77.2307357788086,4.789999961853027,3811.578613,2020-08-22,0.9725250005722046,11,83290694.648349
32.271155,77.192291,8.270000457763672,2241.953369,2020-08-22,0.9582489728927612,3,83290693.664878
32.270988,77.202424,24.600000381469727,2913.529785,2020-08-22,0.9770349860191345,5,83290694.119449
32.270987,77.211766,17.18000030517578,3133.672607,2020-08-22,0.979299008846283,6,83290694.164906
32.271482,77.165362,21.489999771118164,2395.24292,2020-08-22,0.9588649868965149,0,83290693.776442
32.270625,77.211341,20.549999,3117.729736,2020-08-22,0.9785429835319519,6,83290694.156641
32.270548,77.221325,4.789999961853027,3516.634766,2020-08-22,0.9789289832115173,8,83290694.602897
32.270362,77.230313,12.649999618530273,3788.725342,2020-08-22,0.9566630125045776,11,83290694.640085
32.270627,77.202001,29.049999,2896.616211,2020-08-22,0.9904029965400696,5,83290694.111183
32.27111053466797,77.164926,27.110001,2426.103027,2020-08-22,0.9713230133056641,0,83290693.768178
32.270259857177734,77.210912,39.84000015258789,3104.380615,2020-08-22,0.97365802526474,6,83290694.148377
32.27018356323242,77.220899,5.199999809265137,3512.321289,2020-08-22,0.9741960167884827,8,83290694.594633
32.270001,77.229893,6.920000076293945,3768.581055,2020-08-22,0.9595819711685181,11,83290694.631821
32.270739,77.164492,27.18000030517578,2455.818115,2020-08-22,0.963729977607727,0,83290693.759914
32.270567,77.173704,8.979999542236328,2108.717041,2020-08-22,0.9518060088157654,1,83290693.797102
32.270423889160156,77.191433,14.600000381469727,2243.968994,2020-08-22,0.9795259833335876,3,83290693.64835
32.270263671875,77.201576,48.939999,2867.74707,2020-08-22,0.9891570210456848,5,83290694.102917
32.26982116699219,77.220472,7.369999885559082,3507.319336,2020-08-22,0.9765880107879639,8,83290694.586369
32.270062,77.19100952148438,15.229999542236328,2227.092041,2020-08-22,0.9807270169258118,3,83290693.640086
32.26990509033203,77.201157,40.889999,2841.419189,2020-08-22,0.9866009950637817,5,83290694.094651
32.269903,77.210498,9.210000038146973,3089.27417,2020-08-22,0.9757540225982666,6,83290694.140114
32.270368,77.164058,21.829999923706055,2489.664307,2020-08-22,0.9673119783401489,0,83290693.75165
32.269533,77.2100601196289,34.779999,3097.869141,2020-08-22,0.973022997379303,6,83290694.131848
32.269457,77.220047,10.930000305175781,3492.45166,2020-08-22,0.9732540249824524,8,83290694.578105
32.269701,77.190587,7.0,2221.399902,2020-08-22,0.9506999850273132,3,83290693.631822
32.269544,77.200735,37.970001,2824.720459,2020-08-22,0.9734500050544739,5,83290694.086385
32.269094,77.219624,9.8100004196167,3477.290039,2020-08-22,0.9786949753761292,8,83290694.569841
32.269998,77.163626,32.84000015258789,2500.33252,2020-08-22,0.9548090100288391,0,83290693.743386
32.269171,77.209636,29.5,3089.477051,2020-08-22,0.9775649905204773,6,83290694.123582
32.269630432128906,77.163195,18.719999,2530.412842,2020-08-22,0.9711319804191589,0,83290693.735122
32.269468,77.172418,13.510000228881836,2121.810791,2020-08-22,0.9790019989013672,1,83290693.77231
32.269338,77.190162,8.1899995803833,2211.338379,2020-08-22,0.9702919721603394,3,83290693.623558
32.26918411254883,77.200317,35.380001,2794.734375,2020-08-22,0.990202009677887,5,83290694.078119
32.268732,77.219201,6.059999942779541,3466.872803,2020-08-22,0.9788690209388733,8,83290694.561577
32.268976,77.189738,17.030001,2191.110596,2020-08-22,0.9591450095176697,3,83290693.615294
32.26882553100586,77.199899,9.390000343322754,2786.159424,2020-08-22,0.9792330265045166,5,83290694.069853
32.268809,77.209213,24.329999923706055,3081.024414,2020-08-22,0.9916279911994934,6,83290694.115316
32.269261,77.162764,25.049999,2540.35376,2020-08-22,0.973986029624939,0,83290693.726858
32.269100189208984,77.171987,16.700001,2135.253418,2020-08-22,0.9733679890632629,1,83290693.764046
32.268445,77.20878601074219,23.25,3077.915283,2020-08-22,0.9907900094985962,6,83290694.10705
32.268369,77.218777,8.829999923706055,3451.433594,2020-08-22,0.9775220155715942,8,83290694.553313
32.268188,77.227782,8.760000228881836,3677.191895,2020-08-22,0.956849992275238,11,83290694.590501
32.268621,77.189325,20.360001,2141.28125,2020-08-22,0.9718109965324402,3,83290693.60703
32.268455,77.199461,39.5,2792.136475,2020-08-22,0.9859910011291504,5,83290694.061587
32.26800537109375,77.21835327148438,8.829999923706055,3447.241943,2020-08-22,0.9770190119743347,8,83290694.545049
32.268891,77.162331,24.06999969482422,2565.586914,2020-08-22,0.9697669744491577,0,83290693.718594
32.26873016357422,77.171554,15.460000038146973,2159.798096,2020-08-22,0.9690499901771545,1,83290693.755782
32.268103,77.199055,25.610001,2729.570557,2020-08-22,0.9889699816703796,5,83290694.053321
32.268083,77.208363,6.880000114440918,3077.389648,2020-08-22,0.990896999835968,6,83290694.098784
32.26852035522461,77.16189575195312,16.850000381469727,2603.916016,2020-08-22,0.9693490266799927,0,83290693.71033
32.26835250854492,77.171111,16.770000457763672,2218.263428,2020-08-22,0.9643089771270752,1,83290693.747518
32.268263,77.188908,20.549999,2109.477539,2020-08-22,0.9755430221557617,3,83290693.598766
32.26771545410156,77.207929,34.740002,3067.984619,2020-08-22,0.9894120097160339,6,83290694.090518
32.267642,77.217924,8.529999732971191,3443.649658,2020-08-22,0.9725459814071655,8,83290694.536785
32.267747,77.198642,34.110001,2668.294434,2020-08-22,0.9825270175933838,5,83290694.045055
32.26814651489258,77.161459,29.540001,2631.762695,2020-08-22,0.973209023475647,0,83290693.702066
32.267981,77.170675,26.920000076293945,2244.716797,2020-08-22,0.9718179702758789,1,83290693.739254
32.26735305786133,77.207505,32.759998,3058.014404,2020-08-22,0.9761589765548706,6,83290694.082252
32.267279,77.21749877929688,9.84000015258789,3427.07959,2020-08-22,0.9732710123062134,8,83290694.528521
32.267392,77.198231,19.469999,2625.831787,2020-08-22,0.9862020015716553,5,83290694.036789
32.266915,77.217073,5.239999771118164,3429.78833,2020-08-22,0.9765409827232361,8,83290694.520257
32.267778,77.161028,13.930000305175781,2663.536865,2020-08-22,0.972806990146637,0,83290693.693802
32.267611,77.170241,24.860001,2272.313232,2020-08-22,0.9720739722251892,1,83290693.73099
32.267032,77.197811,23.510000228881836,2595.656738,2020-08-22,0.9873470067977905,5,83290694.028523
32.266990661621094,77.20707702636719,40.31999969482422,3041.799316,2020-08-22,0.9879879951477051,6,83290694.073986
32.267407,77.160592,17.670000076293945,2692.945557,2020-08-22,0.9702829718589783,0,83290693.685538
32.267243,77.16980743408203,12.050000190734863,2299.529541,2020-08-22,0.970350980758667,1,83290693.722726
32.266635,77.20667266845703,25.790001,2998.988037,2020-08-22,0.9719420075416565,6,83290694.06572
32.266551,77.216645,8.3100004196167,3428.164795,2020-08-22,0.9827250242233276,8,83290694.511993
32.266676,77.197398,24.190001,2544.347168,2020-08-22,0.9596440196037292,5,83290694.020257
32.267032623291016,77.160154,28.120001,2725.983887,2020-08-22,0.9778419733047485,0,83290693.677274
32.266276,77.206253,6.809999942779541,2981.671875,2020-08-22,0.9786909818649292,6,83290694.057454
32.26618576049805,77.216216,4.150000095367432,3439.033691,2020-08-22,0.9748799800872803,8,83290694.503729
32.26646423339844,77.186803,11.5600004196167,2010.382202,2020-08-22,0.9546769857406616,3,83290693.557446
32.266318,77.196982,12.539999961853027,2513.631104,2020-08-22,0.9706010222434998,5,83290694.011991
32.265822,77.215788,18.120001,3426.396484,2020-08-22,0.9759719967842102,8,83290694.495465
32.265647888183594,77.224816,5.460000038146973,3584.407227,2020-08-22,0.9511169791221619,11,83290694.532653
32.26666259765625,77.159721,22.649999618530273,2754.37207,2020-08-22,0.9780700206756592,0,83290693.66901
32.266102,77.186379,4.599999904632568,2003.812012,2020-08-22,0.9537749886512756,3,83290693.549182
32.265958,77.196563,18.34000015258789,2480.141113,2020-08-22,0.9839040040969849,5,83290694.003725
32.26591110229492,77.205821,29.239999771118164,2971.222412,2020-08-22,0.9732930064201355,6,83290694.049188
32.266136169433594,77.168513,22.389999,2345.886719,2020-08-22,0.9708570241928101,1,83290693.697934
32.265549,77.205401,8.979999542236328,2963.723877,2020-08-22,0.9761009812355042,6,83290694.040922
32.26546096801758,77.215366,13.069999694824219,3409.55957,2020-08-22,0.9782879948616028,8,83290694.487201
32.26528549194336,77.224389,6.099999904632568,3581.187256,2020-08-22,0.9640750288963318,11,83290694.524389
32.265598,77.1961441040039,16.770000457763672,2451.091797,2020-08-22,0.9887329936027527,5,83290693.995459
32.265912,77.158841,34.150002,2847.040039,2020-08-22,0.9709410071372986,0,83290693.652482
32.265763,77.168075,27.780001,2380.398682,2020-08-22,0.960627019405365,1,83290693.68967
32.26559066772461,77.176347,7.929999828338623,2126.955811,2020-08-22,0.9681349992752075,2,83290693.495466
32.265239,77.195726,28.229999542236328,2408.432861,2020-08-22,0.9846349954605103,5,83290693.987193
32.26518249511719,77.204968,35.97999954223633,2955.710205,2020-08-22,0.9816610217094421,6,83290694.032656
32.265097,77.214939,20.440001,3401.44873,2020-08-22,0.9713559746742249,8,83290694.478937
32.264922,77.223966,8.199999809265137,3563.147461,2020-08-22,0.9592649936676025,11,83290694.516125
32.264734,77.214515,28.350000381469727,3380.411865,2020-08-22,0.9682340025901794,8,83290694.470673
32.264559,77.223541,8.380000114440918,3556.631348,2020-08-22,0.960847020149231,11,83290694.507861
32.265535,77.158401,28.75,2908.656494,2020-08-22,0.9587849974632263,0,83290693.644218
32.265395,77.167644,24.06999969482422,2400.587891,2020-08-22,0.9714720249176025,1,83290693.681406
32.265218,77.175908,31.479999542236328,2137.230225,2020-08-22,0.9793350100517273,2,83290693.487202
32.264882,77.195312,15.649999618530273,2374.917969,2020-08-22,0.9895129799842834,5,83290693.978927
32.26482391357422,77.204553,27.06999969482422,2924.012451,2020-08-22,0.9760910272598267,6,83290694.02439
32.26445770263672,77.204123,39.990002,2917.214355,2020-08-22,0.9878230094909668,6,83290694.016124
32.264372,77.214093,39.43000030517578,3346.978271,2020-08-22,0.9676139950752258,8,83290694.462409
32.26419448852539,77.22310638427734,12.199999809265137,3560.853516,2020-08-22,0.9549800157546997,11,83290694.499597
32.265153,77.157953,33.209999,2987.721191,2020-08-22,0.9794089794158936,0,83290693.635954
32.265021,77.167205,34.369999,2435.011963,2020-08-22,0.9682430028915405,1,83290693.673142
32.264853,77.17548370361328,14.859999656677246,2155.14209,2020-08-22,0.9546459913253784,2,83290693.478938
32.264525,77.194899,10.109999656677246,2330.5,2020-08-22,0.9886969923973083,5,83290693.970661
32.264013,77.213677,11.1899995803833,3333.485352,2020-08-22,0.9753000140190125,8,83290694.454145
32.2646484375,77.1667709350586,32.200001,2466.943604,2020-08-22,0.9731770157814026,1,83290693.664878
32.26448440551758,77.175045,21.969999,2170.978516,2020-08-22,0.973235011100769,2,83290693.470674
32.264167,77.194483,10.630000114440918,2290.608398,2020-08-22,0.9676430225372314,5,83290693.962395
32.264101,77.203709,6.25,2906.227539,2020-08-22,0.9908620119094849,6,83290694.007858
32.263827,77.222675,8.979999542236328,3590.571289,2020-08-22,0.9553989768028259,11,83290694.491333
32.26373291015625,77.203276,43.43000030517578,2887.103027,2020-08-22,0.9881190061569214,6,83290693.999592
32.263649,77.213249,22.239999771118164,3325.493652,2020-08-22,0.9583849906921387,8,83290694.445881
32.263463,77.222248,4.380000114440918,3595.453613,2020-08-22,0.9567490220069885,11,83290694.483069
32.264413,77.157085,13.479999542236328,3058.116943,2020-08-22,0.9689419865608215,0,83290693.619426
32.264283,77.166339,17.969999,2491.700439,2020-08-22,0.9732639789581299,1,83290693.656614
32.264109,77.174604,45.150002,2193.907227,2020-08-22,0.9673470258712769,2,83290693.46241
32.263808,77.194067,19.879999,2241.362305,2020-08-22,0.9864169955253601,5,83290693.954129
32.263449,77.193649,22.719999,2206.411621,2020-08-22,0.9828130006790161,5,83290693.945863
32.263373,77.202858,38.709999,2861.662842,2020-08-22,0.9714589715003967,6,83290693.991326
32.263286,77.212825,28.229999542236328,3307.519775,2020-08-22,0.9636629819869995,8,83290694.437617
32.263101,77.221824,27.260000228881836,3558.323975,2020-08-22,0.9540309906005859,11,83290694.474805
32.264043,77.156652,30.700001,3066.964599609375,2020-08-22,0.9631569981575012,0,83290693.611162
32.262923,77.212402,25.049999,3294.645752,2020-08-22,0.9630169868469238,8,83290694.429353
32.263681,77.156227,40.889999,3043.049561,2020-08-22,0.9745479822158813,0,83290693.602898
32.263541,77.165468,32.650002,2540.414062,2020-08-22,0.970363974571228,1,83290693.640086
32.263089,77.193231,13.890000343322754,2185.687744,2020-08-22,0.9804229736328125,5,83290693.937597
32.263018,77.202448,9.539999961853027,2835.053467,2020-08-22,0.9874250292778015,6,83290693.98306
32.262738,77.22139739990234,14.079999923706055,3560.720947,2020-08-22,0.9585930109024048,11,83290694.466541
32.262656,77.202026,6.590000152587891,2818.701172,2020-08-22,0.9896450042724609,6,83290693.974794
32.262563,77.211983,7.929999828338623,3280.467285,2020-08-22,0.9695940017700195,8,83290694.421089
32.262374,77.220972,9.960000038146973,3565.408691,2020-08-22,0.9575889706611633,11,83290694.458277
32.26332473754883,77.155809,28.010000228881836,3015.024658,2020-08-22,0.9661539793014526,0,83290693.594634
32.263175,77.165038,9.279999732971191,2570.631348,2020-08-22,0.9735749959945679,1,83290693.631822
32.262731,77.192816,9.880000114440918,2146.890137,2020-08-22,0.9707450270652771,5,83290693.929331
32.262365,77.192387,22.84000015258789,2141.04126,2020-08-22,0.9694129824638367,5,83290693.921065
32.262299,77.201613,11.789999961853027,2765.924561,2020-08-22,0.9858649969100952,6,83290693.966528
32.262197,77.211553,22.84000015258789,3274.403564,2020-08-22,0.9710180163383484,8,83290694.412825
32.262009,77.220542,12.619999885559082,3568.92334,2020-08-22,0.9638050198554993,11,83290694.450013
32.262969970703125,77.155393,12.729999542236328,2980.791992,2020-08-22,0.976688027381897,0,83290693.58637
32.26279830932617,77.164598,27.850000381469727,2600.591797,2020-08-22,0.9738860130310059,1,83290693.623558
32.262633,77.172868,14.899999618530273,2307.079834,2020-08-22,0.9797459840774536,2,83290693.429354
32.261834,77.211129,37.150002,3248.32251,2020-08-22,0.9702919721603394,8,83290694.404561
32.261645,77.220115,9.25,3571.11499,2020-08-22,0.9663299918174744,11,83290694.441749
32.262606,77.154966,19.31999969482422,2970.624268,2020-08-22,0.9800159931182861,0,83290693.578106
32.262429,77.164162,30.93000030517578,2629.094727,2020-08-22,0.9662259817123413,1,83290693.615294
32.262006,77.19197082519531,30.739999771118164,2095.398438,2020-08-22,0.9827209711074829,5,83290693.912799
32.261941,77.201201,16.360001,2714.372803,2020-08-22,0.9883970022201538,6,83290693.958262
32.261584,77.200788,18.270000457763672,2662.988281,2020-08-22,0.9880769848823547,6,83290693.949996
32.261473,77.21070861816406,45.540001,3208.543213,2020-08-22,0.9735490083694458,8,83290694.396297
32.261281,77.21968841552734,9.510000228881836,3562.957031,2020-08-22,0.9676820039749146,11,83290694.433485
32.262242,77.154539,15.949999809265137,2972.299561,2020-08-22,0.9793440103530884,0,83290693.569842
32.262061,77.16372680664062,6.019999980926514,2670.712158,2020-08-22,0.980135977268219,1,83290693.60703
32.261644,77.191549,28.0,2077.627441,2020-08-22,0.9808139801025391,5,83290693.904534
32.261877,77.154111,9.359999656677246,2979.208252,2020-08-22,0.9718689918518066,0,83290693.561578
32.261282,77.191127,31.190001,2056.327393,2020-08-22,0.9840869903564453,5,83290693.89627
32.261225,77.200372,11.680000305175781,2633.264893,2020-08-22,0.9889219999313354,6,83290693.94173
32.261113,77.210293,38.869999,3179.25415,2020-08-22,0.9752249717712402,8,83290694.388033
32.26091766357422,77.219265,7.929999828338623,3554.688477,2020-08-22,0.9716539978981018,11,83290694.425221
32.261691,77.163296,17.40999984741211,2684.117676,2020-08-22,0.9730629920959473,1,83290693.598766
32.26152420043945,77.171565,20.809999,2372.638916,2020-08-22,0.9741460084915161,2,83290693.404562
32.260867,77.199957,9.960000038146973,2596.025146,2020-08-22,0.9866920113563538,6,83290693.933464
32.2607536315918,77.209878,20.06999969482422,3152.635742,2020-08-22,0.9712340235710144,8,83290694.379769
32.260556,77.218843,9.279999732971191,3537.508057,2020-08-22,0.965283989906311,11,83290694.416957
32.261506,77.153675,42.049999,2979.971924,2020-08-22,0.9604690074920654,0,83290693.553314
32.261325,77.162866,14.489999771118164,2696.896973,2020-08-22,0.9704399704933167,1,83290693.590502
32.26115417480469,77.171129,20.959999,2400.432617,2020-08-22,0.9746350049972534,2,83290693.396298
32.260917,77.190701,31.520000457763672,2053.580322,2020-08-22,0.9645029902458191,5,83290693.888006
32.2605094909668,77.199546,12.609999656677246,2539.620117,2020-08-22,0.9720669984817505,6,83290693.925198
32.260393,77.209459,9.8100004196167,3129.83252,2020-08-22,0.9917870163917542,8,83290694.371505
32.26019287109375,77.21842193603516,5.309999942779541,3526.268799,2020-08-22,0.9846400022506714,11,83290694.408693
32.261138916015625,77.153246,39.240002,2988.232422,2020-08-22,0.9664790034294128,0,83290693.54505
32.260946,77.162421,46.619999,2732.382324,2020-08-22,0.973471999168396,1,83290693.582238
32.260785,77.170696,21.520000457763672,2420.413086,2020-08-22,0.9636690020561218,2,83290693.388034
32.260556,77.19027709960938,9.359999656677246,2054.01709,2020-08-22,0.9740229845046997,5,83290693.879742
32.260028,77.209032,34.080002,3105.636963,2020-08-22,0.9882479906082153,8,83290694.363241
32.260785,77.152828,36.43000030517578,2947.498047,2020-08-22,0.9731050133705139,0,83290693.536786
32.260194,77.189858,21.450001,2024.279663,2020-08-22,0.9757239818572998,5,83290693.871478
32.260153,77.199134,19.649999618530273,2485.729248,2020-08-22,0.9718080163002014,6,83290693.916932
32.259830474853516,77.2179946899414,5.050000190734863,3518.754639,2020-08-22,0.9824439883232117,11,83290694.400429
32.260578,77.161988,24.370001,2774.238281,2020-08-22,0.9667930006980896,1,83290693.573974
32.26042175292969,77.170269,30.620001,2410.959961,2020-08-22,0.9765679836273193,2,83290693.37977
32.259794,77.198719,10.069999694824219,2454.584229,2020-08-22,0.976157009601593,6,83290693.908666
32.259666442871094,77.208611,39.72999954223633,3076.449463,2020-08-22,0.975180983543396,8,83290694.354977
32.259465,77.217567,2.9200000762939453,3521.733398,2020-08-22,0.9695950150489807,11,83290694.392165
32.260433197021484,77.152415,21.489999771118164,2900.219971,2020-08-22,0.972009003162384,0,83290693.528522
32.260208,77.161552,39.580002,2787.185059,2020-08-22,0.9800379872322083,1,83290693.56571
32.259835,77.189442,29.84000015258789,1981.942749,2020-08-22,0.9635689854621887,5,83290693.863214
32.259478,77.189029,5.389999866485596,1956.115845,2020-08-22,0.9759230017662048,5,83290693.85495
32.259435,77.198303,13.65999984741211,2413.763428,2020-08-22,0.9761750102043152,6,83290693.900402
32.259303,77.208188,53.290001,3050.175293,2020-08-22,0.9904940128326416,8,83290694.346713
32.259102,77.217141,16.59000015258789,3502.034912,2020-08-22,0.9878349900245667,11,83290694.383901
32.260073,77.151993,30.440001,2866.545166,2020-08-22,0.9621040225028992,0,83290693.520258
32.25984573364258,77.161128,21.530001,2790.736572,2020-08-22,0.9717379808425903,1,83290693.557446
32.259545,77.178684,11.5600004196167,1984.85376,2020-08-22,0.9581639766693115,3,83290693.40043
32.258942,77.20777130126953,37.220001,3032.328369,2020-08-22,0.9890180230140686,8,83290694.338449
32.25971984863281,77.151578,16.170000076293945,2828.530029,2020-08-22,0.9716500043869019,0,83290693.511994
32.259115,77.188606,8.869999885559082,1938.412598,2020-08-22,0.9603610038757324,5,83290693.846686
32.259076,77.197887,13.65999984741211,2379.247314,2020-08-22,0.9723209738731384,6,83290693.892138
32.258739,77.216719,8.760000228881836,3493.385986,2020-08-22,0.9769920110702515,11,83290694.375637
32.259493,77.160716,11.489999771118164,2740.936279,2020-08-22,0.9660549759864807,1,83290693.549182
32.258718,77.197474,11.380000114440918,2337.341064,2020-08-22,0.9734290242195129,6,83290693.883874
32.25857925415039,77.207349,40.439999,3004.005127,2020-08-22,0.9886599779129028,8,83290694.330185
32.25837707519531,77.216298,35.09000015258789,3445.930176,2020-08-22,0.9883149862289429,11,83290694.367373
32.259361267089844,77.151156,25.010000228881836,2797.00293,2020-08-22,0.9682620167732239,0,83290693.50373
32.259133,77.160294,20.889999,2709.477051,2020-08-22,0.9703220129013062,1,83290693.540918
32.258753,77.188185,6.360000133514404,1923.941528,2020-08-22,0.9561290144920349,5,83290693.838422
32.259005,77.150739,20.549999,2755.710938,2020-08-22,0.9803109765052795,0,83290693.495466
32.25836181640625,77.197061,9.960000038146973,2292.097412,2020-08-22,0.9747899770736694,6,83290693.87561
32.258218,77.206928,53.400002,2969.25,2020-08-22,0.9922639727592468,8,83290694.321921
32.258017,77.215884,25.950001,3409.923828,2020-08-22,0.973816990852356,11,83290694.359109
32.258785247802734,77.159886,30.139999,2620.874268,2020-08-22,0.9717609882354736,1,83290693.532654
32.258001,77.196645,10.779999732971191,2255.655029,2020-08-22,0.9744430184364319,6,83290693.867346
32.257858,77.206514,48.869999,2928.720703,2020-08-22,0.9938709735870361,8,83290694.313657
32.25765609741211,77.215465,34.639999,3371.653809,2020-08-22,0.9837790131568909,11,83290694.350845
32.258645,77.150317,13.359999656677246,2737.879639,2020-08-22,0.9666230082511902,0,83290693.487202
32.258424,77.159464,30.479999542236328,2598.69751,2020-08-22,0.9614800214767456,1,83290693.52439
32.258251,77.167733,10.59000015258789,2353.788574,2020-08-22,0.9733899831771851,2,83290693.330186
32.257638,77.196222,16.959999,2236.722412,2020-08-22,0.9628999829292297,6,83290693.859082
32.257497,77.206096,48.419998,2895.760742,2020-08-22,0.9893500208854675,8,83290694.305393
32.257295,77.21504974365234,36.470001,3329.820312,2020-08-22,0.9861519932746887,11,83290694.342581
32.258283,77.149892,14.789999961853027,2726.085449,2020-08-22,0.979220986366272,0,83290693.478938
32.25807189941406,77.15904998779297,23.25,2553.479248,2020-08-22,0.9751579761505127,1,83290693.516126
32.25788497924805,77.16730499267578,6.099999904632568,2363.463135,2020-08-22,0.9777920246124268,2,83290693.321922
32.257918,77.149464,36.580002,2707.833008,2020-08-22,0.9568399786949158,0,83290693.470674
32.25727844238281,77.195808,6.619999885559082,2204.866455,2020-08-22,0.9669550061225891,6,83290693.850818
32.257141,77.205689,49.389999,2818.264893,2020-08-22,0.9883189797401428,8,83290694.297129
32.256933,77.21463012695312,43.099998,3296.80957,2020-08-22,0.9835699796676636,11,83290694.334317
32.25752639770508,77.166886,37.099998,2310.027344,2020-08-22,0.9635869860649109,2,83290693.313658
32.256919860839844,77.195391,8.350000381469727,2172.900391,2020-08-22,0.9738060235977173,6,83290693.842554
32.256777,77.205263,49.389999,2813.826416,2020-08-22,0.9919899702072144,8,83290694.288865
32.256574,77.214217,6.46999979019165,3285.430908,2020-08-22,0.9638350009918213,11,83290694.326053
32.257351,77.158207,38.830002,2488.37085,2020-08-22,0.9743559956550598,1,83290693.499598
32.257159,77.166457,29.120001,2326.570068,2020-08-22,0.9717620015144348,2,83290693.305394
32.256561279296875,77.194974,7.0,2141.398682,2020-08-22,0.9757300019264221,6,83290693.83429
32.25642013549805,77.204855,51.56999969482422,2742.15625,2020-08-22,0.9863119721412659,8,83290694.280601
32.25621032714844,77.213791,6.550000190734863,3283.39624,2020-08-22,0.9583039879798889,11,83290694.317789
32.256975,77.157763,41.779999,2546.916748,2020-08-22,0.9681379795074463,1,83290693.491334
32.256787,77.16602325439453,42.22999954223633,2347.103516,2020-08-22,0.975151002407074,2,83290693.29713
32.256062,77.204444,32.799999,2702.059326,2020-08-22,0.9887779951095581,8,83290694.272337
32.256199,77.194555,6.849999904632568,2113.584229,2020-08-22,0.9784470200538635,6,83290693.826026
32.255845,77.213365,13.069999694824219,3272.918945,2020-08-22,0.9846400022506714,11,83290694.309525
32.256619,77.157347,18.639999,2523.32666,2020-08-22,0.973164975643158,1,83290693.48307
32.256421,77.165592,29.270000457763672,2366.284424,2020-08-22,0.9696800112724304,2,83290693.288866
32.255834,77.194128,31.450001,2087.638428,2020-08-22,0.9665740132331848,6,83290693.817762
32.255696,77.204014,51.599998,2694.437988,2020-08-22,0.9855629801750183,8,83290694.264073
32.255483,77.212943,30.479999542236328,3236.018555,2020-08-22,0.9887099862098694,11,83290694.301261
32.256492614746094,77.147792,28.829999923706055,2554.649414,2020-08-22,0.969976007938385,0,83290693.437618
32.256248474121094,77.156913,47.139999,2521.66748,2020-08-22,0.9597399830818176,1,83290693.474806
32.256061,77.165172,36.650002,2339.168457,2020-08-22,0.9725779891014099,2,83290693.280602
32.255891,77.174404,5.71999979019165,2034.536987,2020-08-22,0.9502919912338257,3,83290693.31779
32.255828857421875,77.184765,5.090000152587891,1936.20459,2020-08-22,0.9737669825553894,5,83290693.77231
32.25613784790039,77.147376,35.97999954223633,2503.640137,2020-08-22,0.9747719764709473,0,83290693.429354
32.25547409057617,77.193712,18.489999771118164,2068.410645,2020-08-22,0.9648669958114624,6,83290693.809498
32.255335,77.203597,48.22999954223633,2658.023926,2020-08-22,0.9868490099906921,8,83290694.255809
32.255121,77.2125244140625,29.239999771118164,3207.619141,2020-08-22,0.9880890250205994,11,83290694.292997
32.25587844848633,77.156478,28.870001,2567.854736,2020-08-22,0.9703080058097839,1,83290693.466542
32.25570297241211,77.164753,42.380001,2307.334473,2020-08-22,0.9699670076370239,2,83290693.272338
32.255462,77.184332,19.350000381469727,1941.136108,2020-08-22,0.9696589708328247,5,83290693.764046
32.255117,77.193298,10.399999618530273,2031.924438,2020-08-22,0.972993016242981,6,83290693.801234
32.254976,77.203184,48.759998,2608.174561,2020-08-22,0.9861140251159668,8,83290694.247545
32.255781,77.146958,29.729999542236328,2471.544678,2020-08-22,0.9728299975395203,0,83290693.42109
32.255096435546875,77.183904,23.020000457763672,1942.922974,2020-08-22,0.9551460146903992,5,83290693.755782
32.2547607421875,77.212107,38.97999954223633,3163.876709,2020-08-22,0.9870970249176025,11,83290694.284733
32.255521,77.156058,30.100000381469727,2536.923584,2020-08-22,0.9813299775123596,1,83290693.458278
32.254758,77.192883,8.380000114440918,1996.02832,2020-08-22,0.971767008304596,6,83290693.79297
32.254622,77.202784,83.169998,2472.28418,2020-08-22,0.988228976726532,8,83290694.239281
32.254399,77.211688,52.419998,3121.566162,2020-08-22,0.9827070236206055,11,83290694.276469
32.25541687011719,77.146531,36.509998,2463.850342,2020-08-22,0.9652069807052612,0,83290693.412826
32.254988,77.1639175415039,44.959999,2240.735352,2020-08-22,0.9744129776954651,2,83290693.25581
32.254802,77.17312622070312,29.799999,1992.420898,2020-08-22,0.9582039713859558,3,83290693.292998
32.255038,77.146087,37.400002,2534.218506,2020-08-22,0.9673020243644714,0,83290693.404562
32.254394,77.192458,11.489999771118164,1985.653076,2020-08-22,0.9666799902915955,6,83290693.784706
32.254268,77.202382,26.809999,2436.865479,2020-08-22,0.9879530072212219,8,83290694.231017
32.254045,77.211291,29.879999,3041.498779,2020-08-22,0.9788039922714233,11,83290694.268205
32.254791,77.155202,47.099998,2523.975586,2020-08-22,0.9596430063247681,1,83290693.44175
32.254638,77.163513,18.34000015258789,2201.393066,2020-08-22,0.9771000146865845,2,83290693.247546
32.254369,77.183055,16.879999,1930.148682,2020-08-22,0.9712420105934143,5,83290693.739254
32.253907,77.201963,34.81999969482422,2394.863281,2020-08-22,0.9894030094146729,8,83290694.222753
32.25368118286133,77.210865,30.780001,3038.683838,2020-08-22,0.9778310060501099,11,83290694.259941
32.254674,77.145661,38.599998,2528.470703,2020-08-22,0.966513991355896,0,83290693.396298
32.25442886352539,77.154778,32.389999,2525.956787,2020-08-22,0.9536160230636597,1,83290693.433486
32.254276275634766,77.16309356689453,19.049999,2187.918457,2020-08-22,0.968638002872467,2,83290693.239282
32.25354766845703,77.20155334472656,17.299999,2363.016846,2020-08-22,0.989326000213623,8,83290694.214489
32.253317,77.21044158935547,56.360001,3005.867676,2020-08-22,0.9810299873352051,11,83290694.251677
32.254311,77.145236,14.600000381469727,2546.174805,2020-08-22,0.9720190167427063,0,83290693.388034
32.254077,77.154367,38.560001,2458.901855,2020-08-22,0.9669240117073059,1,83290693.425222
32.253917,77.162671,21.81999969482422,2159.602051,2020-08-22,0.9689559936523438,2,83290693.231018
32.25363540649414,77.182193,43.43000030517578,1930.335815,2020-08-22,0.9542009830474854,5,83290693.722726
32.253186,77.201129,37.93000030517578,2317.028076,2020-08-22,0.9925919771194458,8,83290694.206225
32.253951,77.144814,8.569999694824219,2530.471924,2020-08-22,0.9662789702415466,0,83290693.37977
32.253302,77.191183,14.149999618530273,1963.577026,2020-08-22,0.9783809781074524,6,83290693.759914
32.252962,77.210041,23.93000030517578,2942.17041,2020-08-22,0.9655860066413879,11,83290694.243413
32.25355529785156,77.162248,24.81999969482422,2145.508301,2020-08-22,0.9679200053215027,2,83290693.222754
32.253268,77.181762,49.950001,1934.724731,2020-08-22,0.9576510190963745,5,83290693.714462
32.25293731689453,77.190757,31.34000015258789,1943.37915,2020-08-22,0.9666110277175903,6,83290693.75165
32.25282669067383,77.200716,28.940001,2275.028809,2020-08-22,0.9869670271873474,8,83290694.197961
32.253591,77.144393,19.31999969482422,2496.592773,2020-08-22,0.9623180031776428,0,83290693.371506
32.253375,77.153547,18.610001,2344.28125,2020-08-22,0.9737480282783508,1,83290693.408694
32.253189,77.161818,29.719999,2149.0625,2020-08-22,0.969747006893158,2,83290693.21449
32.252572,77.1903305053711,9.8100004196167,1964.471436,2020-08-22,0.9709699749946594,6,83290693.743386
32.252465,77.200295,19.510000228881836,2263.91748,2020-08-22,0.9872549772262573,8,83290694.189697
32.252245,77.20922088623047,36.400002,2811.948975,2020-08-22,0.960316002368927,11,83290694.226885
32.252821,77.161387,57.09000015258789,2136.531738,2020-08-22,0.9776279926300049,2,83290693.206226
32.252609,77.170562,11.829999923706055,2039.106812,2020-08-22,0.9562249779701233,3,83290693.243414
32.25253677368164,77.180906,34.40999984741211,1955.185791,2020-08-22,0.9617239832878113,5,83290693.697934
32.252102,77.199872,44.560001,2220.21875,2020-08-22,0.987218976020813,8,83290694.181433
32.252871,77.143551,37.47999954223633,2434.115234,2020-08-22,0.9716579914093018,0,83290693.354978
32.252662,77.152713,9.430000305175781,2275.818115,2020-08-22,0.9756090044975281,1,83290693.392166
32.251886,77.208807,32.84000015258789,2765.924805,2020-08-22,0.974931001663208,11,83290694.218621
32.252477,77.160987,25.489999771118164,2077.292969,2020-08-22,0.9748659729957581,2,83290693.197962
32.252175,77.180483,13.630000114440918,1962.862427,2020-08-22,0.9655280113220215,5,83290693.68967
32.251744,77.199462890625,18.350000381469727,2187.783936,2020-08-22,0.9894919991493225,8,83290694.173169
32.25152587890625,77.208393,34.81999969482422,2717.185059,2020-08-22,0.9880729913711548,11,83290694.210357
32.252526,77.143147,46.540001,2332.354004,2020-08-22,0.9714909791946411,0,83290693.346714
32.252302,77.152292,10.220000267028809,2253.25708,2020-08-22,0.9726459980010986,1,83290693.383902
32.25211715698242,77.160567,15.9399995803833,2063.436279,2020-08-22,0.9708709716796875,2,83290693.189698
32.251803,77.180044,41.860001,1975.00647,2020-08-22,0.9609469771385193,5,83290693.681406
32.251483,77.18905639648438,35.080002,1902.047852,2020-08-22,0.950465977191925,6,83290693.718594
32.25137710571289,77.199025,24.489999771118164,2210.630859,2020-08-22,0.9760929942131042,8,83290694.164905
32.251165,77.207976,40.959999,2675.824219,2020-08-22,0.973222017288208,11,83290694.202093
32.25193405151367,77.151862,43.470001,2234.699463,2020-08-22,0.9690260291099548,1,83290693.375638
32.251741,77.160123,67.459999,2065.804199,2020-08-22,0.9874979853630066,2,83290693.181434
32.251438,77.179616,29.84000015258789,1985.747192,2020-08-22,0.9579280018806458,5,83290693.673142
32.251011,77.198594,9.130000114440918,2236.70166,2020-08-22,0.9651550054550171,8,83290694.156641
32.250804,77.207557,46.099998,2643.195312,2020-08-22,0.9786959886550903,11,83290694.193829
32.251803,77.142302,54.439999,2292.457275,2020-08-22,0.9705309867858887,0,83290693.330186
32.251574,77.151441,21.260000228881836,2234.805908,2020-08-22,0.9668049812316895,1,83290693.367374
32.251369,77.159686,44.549999,2119.662842,2020-08-22,0.9708380103111267,2,83290693.17317
32.25075149536133,77.188199,50.72999954223633,1906.276855,2020-08-22,0.9529780149459839,6,83290693.702066
32.250643,77.198158,44.220001,2233.982178,2020-08-22,0.9566270112991333,8,83290694.148377
32.250442,77.207137,48.75,2612.496582,2020-08-22,0.9746860265731812,11,83290694.185565
32.251208,77.151012,64.849998,2202.034424,2020-08-22,0.9674720168113708,1,83290693.35911
32.250999,77.159251,41.06999969482422,2147.520508,2020-08-22,0.9646859765052795,2,83290693.164906
32.250708,77.178761,24.969999,1991.554443,2020-08-22,0.9716519713401794,5,83290693.656614
32.251084,77.141461,34.150002,2264.712402,2020-08-22,0.9736070036888123,0,83290693.313658
32.250749,77.168371,33.200001,2190.204834,2020-08-22,0.966517984867096,3,83290693.202094
32.250389,77.187778,32.650002,1904.147949,2020-08-22,0.9539250135421753,6,83290693.693802
32.25027847290039,77.197733,43.360001,2224.237793,2020-08-22,0.957269012928009,8,83290694.140113
32.250083,77.206723,26.65999984741211,2587.550049,2020-08-22,0.9665899872779846,11,83290694.177301
32.250846,77.150589,59.22999954223633,2194.159912,2020-08-22,0.972366988658905,1,83290693.350846
32.25063705444336,77.158826,34.25,2145.425537,2020-08-22,0.9804559946060181,2,83290693.156642
32.250377,77.167932,38.259998,2220.681152,2020-08-22,0.9660530090332031,3,83290693.19383
32.250344,77.178334,15.720000267028809,1998.996338,2020-08-22,0.9821460247039795,5,83290693.64835
32.249917,77.197311,33.060001,2213.700439,2020-08-22,0.959663987159729,8,83290694.131848
32.24972152709961,77.206302,29.799999,2565.304443,2020-08-22,0.9833210110664368,11,83290694.169037
32.250707,77.14102172851562,49.720001,2308.825439,2020-08-22,0.975284993648529,0,83290693.305394
32.24998092651367,77.177909,5.5,2002.122803,2020-08-22,0.9743030071258545,5,83290693.640086
32.250264,77.158387,41.369999,2174.710938,2020-08-22,0.9753890037536621,2,83290693.148378
32.250006,77.16749572753906,27.59000015258789,2257.828125,2020-08-22,0.9828640222549438,3,83290693.185566
32.249658,77.186921,7.409999847412109,1935.553711,2020-08-22,0.9695069789886475,6,83290693.677274
32.249556,77.19689178466797,48.380001,2174.035645,2020-08-22,0.9575939774513245,8,83290694.123582
32.249356,77.205873,16.360001,2580.991455,2020-08-22,0.9809470176696777,11,83290694.160773
32.250333,77.140583,34.630001,2370.226318,2020-08-22,0.9746249914169312,0,83290693.29713
32.250125885009766,77.149747,32.009998,2177.878174,2020-08-22,0.9677460193634033,1,83290693.334318
32.249894,77.157952,33.279999,2207.108154,2020-08-22,0.973101019859314,2,83290693.140114
32.24961471557617,77.17748260498047,6.139999866485596,2006.306763,2020-08-22,0.9736419916152954,5,83290693.631822
32.249193,77.196467,54.900002,2148.69165,2020-08-22,0.9640840291976929,8,83290694.115316
32.249952,77.140137,41.06999969482422,2445.439453,2020-08-22,0.9738979935646057,0,83290693.288866
32.249635,77.167058,23.809999,2296.65625,2020-08-22,0.9793800115585327,3,83290693.177302
32.249297,77.1865005493164,8.760000228881836,1911.141235,2020-08-22,0.9757599830627441,6,83290693.66901
32.248991,77.2054443359375,48.790001,2553.215332,2020-08-22,0.9892659783363342,11,83290694.152509
32.249758,77.149317,18.15999984741211,2207.072266,2020-08-22,0.9747980237007141,1,83290693.326054
32.249521,77.157513,40.31999969482422,2237.035645,2020-08-22,0.977171003818512,2,83290693.131848
32.249263,77.166619,19.459999,2334.778076,2020-08-22,0.9733499884605408,3,83290693.169038
32.249249,77.17704772949219,8.380000114440918,2012.373169,2020-08-22,0.9718170166015625,5,83290693.623558
32.248832,77.196046,52.880001,2125.334961,2020-08-22,0.9527850151062012,8,83290694.10705
32.24863052368164,77.205026,38.119999,2532.036133,2020-08-22,0.9877730011940002,11,83290694.144245
32.24956512451172,77.139685,39.880001,2554.719238,2020-08-22,0.9801599979400635,0,83290693.280602
32.24888229370117,77.176619,8.609999656677246,2021.291138,2020-08-22,0.9845209717750549,5,83290693.615294
32.249149322509766,77.157076,40.950001,2264.380615,2020-08-22,0.9674819707870483,2,83290693.123582
32.248891,77.166181,26.129999,2359.179688,2020-08-22,0.9790499806404114,3,83290693.160774
32.248568,77.185648,3.069999933242798,1910.170654,2020-08-22,0.9733880162239075,6,83290693.652482
32.248470306396484,77.19562530517578,52.880001,2100.908936,2020-08-22,0.9604309797286987,8,83290694.098784
32.248265,77.204598,54.0,2514.72168,2020-08-22,0.9907640218734741,11,83290694.135981
32.249196,77.139253,38.22999954223633,2578.158447,2020-08-22,0.9709190130233765,0,83290693.272338
32.248982,77.148403,41.299999,2419.324707,2020-08-22,0.9592139720916748,1,83290693.309526
32.248782,77.156644,41.65999984741211,2277.676514,2020-08-22,0.9734529852867126,2,83290693.115316
32.24851608276367,77.176189,8.90999984741211,2028.481323,2020-08-22,0.9717860221862793,5,83290693.60703
32.24810791015625,77.195204,50.52000045776367,2078.364258,2020-08-22,0.9629539847373962,8,83290694.090518
32.248829,77.138823,29.540001,2599.952393,2020-08-22,0.9696230292320251,0,83290693.264074
32.248518,77.16574096679688,35.189999,2391.395996,2020-08-22,0.981128990650177,3,83290693.15251
32.248201,77.185216,14.970000267028809,1910.901245,2020-08-22,0.9656869769096375,6,83290693.644218
32.24790573120117,77.204183,13.960000038146973,2510.777832,2020-08-22,0.9801369905471802,11,83290694.127715
32.248625,77.147987,23.360001,2398.77832,2020-08-22,0.9762250185012817,1,83290693.301262
32.2484130859375,77.156209,36.56999969482422,2304.29834,2020-08-22,0.9783530235290527,2,83290693.10705
32.24814987182617,77.175759,9.390000343322754,2038.64624,2020-08-22,0.9618139863014221,5,83290693.598766
32.24783706665039,77.184789,11.829999923706055,1912.868408,2020-08-22,0.9521080255508423,6,83290693.635954
32.247749,77.194791,16.59000015258789,2059.256836,2020-08-22,0.973239004611969,8,83290694.082252
32.247542,77.203759,23.510000228881836,2490.348877,2020-08-22,0.9890829920768738,11,83290694.119449
32.248252868652344,77.147552,42.080002,2414.574951,2020-08-22,0.9802380204200745,1,83290693.292998
32.248151,77.165309,13.020000457763672,2423.387451,2020-08-22,0.9754040241241455,3,83290693.144246
32.24777603149414,77.175314,58.669998,2047.380249,2020-08-22,0.9857379794120789,5,83290693.590502
32.248045,77.155777,32.490002,2323.021484,2020-08-22,0.9683319926261902,2,83290693.098784
32.247778,77.164869,24.290001,2449.994141,2020-08-22,0.9714099764823914,3,83290693.135981
32.247388,77.194371,14.5600004196167,2032.167114,2020-08-22,0.9737060070037842,8,83290694.073986
32.247181,77.20333862304688,18.309999,2463.117676,2020-08-22,0.9871609807014465,11,83290694.111183
32.247003,77.21827697753906,20.700001,2821.418945,2020-08-25,0.9723520278930664,2,83630674.241707
32.247881,77.147115,32.419998,2465.794189,2020-08-22,0.9765369892120361,1,83290693.284734
32.247664,77.155326,42.040001,2387.063965,2020-08-22,0.9718999862670898,2,83290693.090518
32.247027,77.193952,18.049999,1997.368286,2020-08-22,0.9791719913482666,8,83290694.06572
32.247101,77.183921,27.549999,1936.47229,2020-08-22,0.9657819867134094,6,83290693.619426
32.24681854248047,77.202923,21.450001,2424.034912,2020-08-22,0.9927650094032288,11,83290694.102917
32.247718,77.137524,51.560001,2660.084717,2020-08-22,0.9685739874839783,0,83290693.239282
32.247504,77.146673,34.889999,2524.257812,2020-08-22,0.9665409922599792,1,83290693.27647
32.247296,77.154894,58.360001,2384.285156,2020-08-22,0.9818029999732971,2,83290693.082252
32.247037,77.174442,43.990002,2118.561279,2020-08-22,0.9803209900856018,5,83290693.573974
32.246732,77.183486,39.950001,1950.863403,2020-08-22,0.9546890258789062,6,83290693.611162
32.246665,77.193532,7.150000095367432,1979.536987,2020-08-22,0.9793480038642883,8,83290694.057454
32.246456146240234,77.202495,50.959999,2394.886963,2020-08-22,0.9872320294380188,11,83290694.094651
32.247352600097656,77.137097,22.200001,2690.422607,2020-08-22,0.9643599987030029,0,83290693.231018
32.247132,77.146237,33.580002,2560.522949,2020-08-22,0.9719430208206177,1,83290693.268206
32.247038,77.163997,32.599998,2491.427246,2020-08-22,0.9743049740791321,3,83290693.119449
32.246671,77.174011,37.669998,2135.212646,2020-08-22,0.9527260065078735,5,83290693.56571
32.246926,77.154459,45.970001,2418.501465,2020-08-22,0.98129802942276,2,83290693.073986
32.246669,77.163562,34.400002,2511.321045,2020-08-22,0.974386990070343,3,83290693.111183
32.246303,77.193109,7.0,1963.425903,2020-08-22,0.9753069877624512,8,83290694.049188
32.246097,77.202083,12.649999618530273,2380.119141,2020-08-22,0.9938520193099976,11,83290694.086385
32.246985,77.136667,18.34000015258789,2711.912842,2020-08-22,0.960690975189209,0,83290693.222754
32.246761,77.145802,30.59000015258789,2597.587402,2020-08-22,0.9748169779777527,1,83290693.259942
32.246553,77.154018,46.790001,2457.73877,2020-08-22,0.9778460264205933,2,83290693.06572
32.246303,77.173577,39.09000015258789,2156.531494,2020-08-22,0.956525981426239,5,83290693.557446
32.245942,77.19268798828125,18.079999923706055,1920.967773,2020-08-22,0.9712759852409363,8,83290694.040922
32.245736,77.201664,27.219999,2333.574951,2020-08-22,0.9888520240783691,11,83290694.078119
32.246299,77.163126,30.959999,2536.615234,2020-08-22,0.9752439856529236,3,83290693.102917
32.246002197265625,77.182628,32.080002,1963.05835,2020-08-22,0.9582120180130005,6,83290693.594634
32.24660873413086,77.136227,44.93000030517578,2736.741943,2020-08-22,0.9763389825820923,0,83290693.21449
32.246168,77.153562,34.25,2562.766113,2020-08-22,0.9636679887771606,2,83290693.057454
32.245932,77.173139,47.400002,2182.256592,2020-08-22,0.9810969829559326,5,83290693.549182
32.245639,77.182204,18.530001,1966.54834,2020-08-22,0.9651690125465393,6,83290693.58637
32.24557876586914,77.192269,26.700001,1887.265869,2020-08-22,0.9632260203361511,8,83290694.032656
32.2453727722168,77.201239,40.439999,2310.961426,2020-08-22,0.9872729778289795,11,83290694.069853
32.246028900146484,77.144947,31.940001,2602.932861,2020-08-22,0.9724169969558716,1,83290693.243414
32.24592971801758,77.162691,29.309999,2559.349365,2020-08-22,0.9706540107727051,3,83290693.094651
32.245789,77.153116,56.119999,2600.656006,2020-08-22,0.964024007320404,2,83290693.049188
32.245562,77.16226196289062,15.15999984741211,2585.523193,2020-08-22,0.9796339869499207,3,83290693.086385
32.24527359008789,77.181776,14.40999984741211,1970.937622,2020-08-22,0.9597989916801453,6,83290693.578106
32.24501419067383,77.200829,15.569999694824219,2277.678223,2020-08-22,0.9903169870376587,11,83290694.061587
32.245669,77.144525,28.120001,2590.285400390625,2020-08-22,0.9748370051383972,1,83290693.23515
32.244856,77.191428,14.899999618530273,1850.093872,2020-08-22,0.9508439898490906,8,83290694.016124
32.244653,77.200411,25.010000228881836,2235.082764,2020-08-22,0.9861909747123718,11,83290694.053321
32.245417,77.152678,40.919998,2649.735107,2020-08-22,0.9737319946289062,2,83290693.040922
32.245188,77.161817,44.43000030517578,2598.785889,2020-08-22,0.9796580076217651,3,83290693.078119
32.244909,77.181346,15.15999984741211,1975.294312,2020-08-22,0.9697949886322021,6,83290693.569842
32.245303,77.144097,29.020000457763672,2595.569336,2020-08-22,0.9746220111846924,1,83290693.226886
32.244829,77.171838,45.080002,2241.480957,2020-08-22,0.984736979007721,5,83290693.52439
32.244544,77.180919,2.950000047683716,1986.630493,2020-08-22,0.9741700291633606,6,83290693.561578
32.244288,77.199982,53.849998,2209.22583,2020-08-22,0.9631270170211792,11,83290694.045055
32.244937896728516,77.143669,19.920000076293945,2608.028564,2020-08-22,0.9766690135002136,1,83290693.218622
32.244824,77.16139221191406,27.739999771118164,2613.492188,2020-08-22,0.9724199771881104,3,83290693.069853
32.244458,77.171398,51.0,2277.612061,2020-08-22,0.9715620279312134,5,83290693.516126
32.244676,77.151807,44.470001,2694.338623,2020-08-22,0.9799950122833252,2,83290693.02439
32.24445724487305,77.160958,26.950001,2624.352295,2020-08-22,0.9761549830436707,3,83290693.061587
32.244179,77.180488,4.639999866485596,1992.944824,2020-08-22,0.9773849844932556,6,83290693.553314
32.243928,77.199565,51.669998,2172.860107,2020-08-22,0.9875969886779785,11,83290694.036789
32.244572,77.14324188232422,40.549999,2596.338135,2020-08-22,0.9739949703216553,1,83290693.210358
32.24409484863281,77.170973,23.920000076293945,2294.415527,2020-08-22,0.9847189784049988,5,83290693.507862
32.243756,77.190132,43.65999984741211,1868.842163,2020-08-22,0.9667450189590454,8,83290693.991326
32.243569,77.199155,30.25,2135.871338,2020-08-22,0.9704750180244446,11,83290694.028523
32.244309,77.151376,35.40999984741211,2713.636963,2020-08-22,0.9601569771766663,2,83290693.016124
32.244086,77.160522,34.47999954223633,2643.299316,2020-08-22,0.9768819808959961,3,83290693.053321
32.243812,77.180056,8.9399995803833,2002.075439,2020-08-22,0.9690300226211548,6,83290693.54505
32.244207,77.142812,19.579999923706055,2619.686035,2020-08-22,0.970579981803894,1,83290693.202094
32.243944,77.150948,34.509998,2714.401123,2020-08-22,0.9760019779205322,2,83290693.007858
32.24372482299805,77.170535,29.049999,2323.779541,2020-08-22,0.9849950075149536,5,83290693.499598
32.243446350097656,77.179626,5.309999942779541,2011.602661,2020-08-22,0.9768040180206299,6,83290693.536786
32.243392,77.189706,42.310001,1865.898193,2020-08-22,0.9624540209770203,8,83290693.98306
32.243208,77.198738,26.43000030517578,2104.154053,2020-08-22,0.9721639752388,11,83290694.020257
32.243839263916016,77.142382,21.75,2629.730713,2020-08-22,0.9786109924316406,1,83290693.19383
32.243721,77.160093,11.75,2666.735107,2020-08-22,0.9803709983825684,3,83290693.045055
32.243354,77.170096,48.299999,2345.766602,2020-08-22,0.9881659746170044,5,83290693.491334
32.243029,77.189282,32.799999,1862.247314,2020-08-22,0.9576039910316467,8,83290693.974794
32.243575,77.150515,27.290001,2740.265381,2020-08-22,0.9738810062408447,2,83290692.999592
32.243350982666016,77.159656,19.90999984741211,2687.971436,2020-08-22,0.9729620218276978,3,83290693.036789
32.243080139160156,77.179195,5.760000228881836,2019.984131,2020-08-22,0.977187991142273,6,83290693.528522
32.24284744262695,77.198319,25.56999969482422,2076.164551,2020-08-22,0.9632629752159119,11,83290694.011991
32.243469,77.141947,28.149999618530273,2655.090088,2020-08-22,0.9746310114860535,1,83290693.185566
32.242987,77.169664,33.619999,2371.492188,2020-08-22,0.9658160209655762,5,83290693.48307
32.24248504638672,77.1978988647461,24.40999984741211,2047.560059,2020-08-22,0.9682430028915405,11,83290694.003725
32.243205,77.150082,28.969999,2757.106689,2020-08-22,0.9736679792404175,2,83290692.991326
32.24297332763672,77.15921020507812,45.970001,2717.045898,2020-08-22,0.9804270267486572,3,83290693.028523
32.242713928222656,77.17876434326172,10.180000305175781,2026.565552,2020-08-22,0.971671998500824,6,83290693.520258
32.243102,77.141517,19.129999,2673.193848,2020-08-22,0.978085994720459,1,83290693.177302
32.242833,77.149644,35.150002,2784.235107,2020-08-22,0.982591986656189,2,83290692.98306
32.242623,77.169237,31.190001,2375.917969,2020-08-22,0.9661359786987305,5,83290693.474806
32.242347,77.178332,28.229999542236328,2023.927612,2020-08-22,0.9617230296134949,6,83290693.511994
32.24230194091797,77.188436,7.860000133514404,1857.390625,2020-08-22,0.9698730111122131,8,83290693.958262
32.242124,77.197481,35.90999984741211,2007.821777,2020-08-22,0.969044029712677,11,83290693.995459
32.242742,77.141094,19.950001,2652.814697,2020-08-22,0.9782900214195251,1,83290693.169038
32.242266,77.168823,13.65999984741211,2343.556152,2020-08-22,0.9877730011940002,5,83290693.466542
32.241937,77.188008,12.130000114440918,1856.046265,2020-08-22,0.9613969922065735,8,83290693.949996
32.241764068603516,77.197067,11.9399995803833,1985.377197,2020-08-22,0.9743170142173767,11,83290693.987193
32.242224,77.158326,50.540001,2801.061523,2020-08-22,0.9719849824905396,3,83290693.011991
32.24198532104492,77.177908,8.640000343322754,2031.053223,2020-08-22,0.9733260273933411,6,83290693.50373
32.24238586425781,77.140678,9.579999923706055,2620.181396,2020-08-22,0.9771890044212341,1,83290693.160774
32.24189758300781,77.168389,43.360001,2337.204346,2020-08-22,0.9811980128288269,5,83290693.458278
32.241572,77.187582,12.239999771118164,1853.894043,2020-08-22,0.9525430202484131,8,83290693.94173
32.24140167236328,77.196644,18.760000228881836,1966.235962,2020-08-22,0.9646369814872742,11,83290693.978927
32.241618,77.17747497558594,4.260000228881836,2050.65332,2020-08-22,0.9675639867782593,6,83290693.495466
32.241732,77.148355,27.100000381469727,2815.343506,2020-08-22,0.9697229862213135,2,83290692.958262
32.241539,77.16796875,35.080002,2313.215576,2020-08-22,0.9872220158576965,5,83290693.450014
32.241249084472656,77.177041,17.479999542236328,2057.321289,2020-08-22,0.9739840030670166,6,83290693.487202
32.241207122802734,77.187154,15.609999656677246,1854.137451,2020-08-22,0.9566580057144165,8,83290693.933464
32.241038,77.196224,17.030001,1943.750122,2020-08-22,0.9691299796104431,11,83290693.970661
32.241641,77.139803,25.90999984741211,2679.143555,2020-08-22,0.9634940028190613,1,83290693.144246
32.241482,77.157454,18.379999,2884.589111,2020-08-22,0.9805470108985901,3,83290692.995459
32.24116897583008,77.167536,49.310001,2325.124268,2020-08-22,0.9672340154647827,5,83290693.44175
32.240840911865234,77.186723,17.030001,1865.661621,2020-08-22,0.961467981338501,8,83290693.925198
32.240675,77.195802,17.860001,1924.5447998046875,2020-08-22,0.9649029970169067,11,83290693.962395
32.239915,77.241888,12.130000114440918,3314.245361,2020-08-29,0.9521710276603699,2,83970652.860605
32.241366,77.147927,25.600000381469727,2819.78125,2020-08-22,0.9781010150909424,2,83290692.949996
32.241107,77.157011,22.049999,2927.901367,2020-08-22,0.9762449860572815,3,83290692.987193
32.240884,77.1766128540039,11.979999542236328,2074.349365,2020-08-22,0.9883649945259094,6,83290693.478938
32.241268,77.139364,33.169998,2714.876953,2020-08-22,0.9643269777297974,1,83290693.135981
32.240805,77.167107,20.329999923706055,2359.371094,2020-08-22,0.989861011505127,5,83290693.433486
32.24047088623047,77.186283,41.599998,1886.576538,2020-08-22,0.973209023475647,8,83290693.916932
32.240312,77.195379,17.600000381469727,1908.873047,2020-08-22,0.9707340002059937,11,83290693.954129
32.23981857299805,77.229598,5.690000057220459,2872.987793,2020-08-25,0.9602950215339661,5,83630674.576398
32.24073791503906,77.156577,29.350000381469727,2939.815186,2020-08-22,0.9792979955673218,3,83290692.978927
32.240508,77.176159,33.549999,2126.416016,2020-08-22,0.9839119911193848,6,83290693.470674
32.239451,77.22916412353516,40.139999,2862.458496,2020-08-25,0.9650689959526062,5,83630674.568134
32.240897,77.138927,24.899999618530273,2757.753174,2020-08-22,0.9685249924659729,1,83290693.127715
32.240634,77.1470718383789,25.75,2826.390381,2020-08-22,0.9769960045814514,2,83290692.933464
32.240431,77.166662,55.560001,2384.146484,2020-08-22,0.9844419956207275,5,83290693.425222
32.240141,77.175727,31.520000457763672,2143.151611,2020-08-22,0.9846829771995544,6,83290693.46241
32.240103,77.185851,69.879997,1878.030273,2020-08-22,0.9608359932899475,8,83290693.908666
32.239949,77.194958,15.390000343322754,1888.884399,2020-08-22,0.9713829755783081,11,83290693.945863
32.24052429199219,77.13848876953125,31.520000457763672,2788.263428,2020-08-22,0.9768589735031128,1,83290693.119449
32.2403678894043,77.156143,33.459999,2957.792236,2020-08-22,0.9762629866600037,3,83290692.970661
32.240071,77.166242,12.760000228881836,2401.138428,2020-08-22,0.9907209873199463,5,83290693.416958
32.239738,77.1854248046875,50.400002,1893.108887,2020-08-22,0.9632660150527954,8,83290693.900402
32.239585,77.19453430175781,8.460000038146973,1885.945923,2020-08-22,0.9538059830665588,11,83290693.937597
32.239107,77.223068,29.129999,2610.381592,2020-08-29,0.971930980682373,0,83970652.984565
32.23908615112305,77.228737,52.049999,2850.210449,2020-08-25,0.9761229753494263,5,83630674.55987
32.238833,77.240613,4.599999904632568,3283.892822,2020-08-29,0.9535239934921265,2,83970652.835812
32.24026870727539,77.146646,24.739999771118164,2819.945557,2020-08-22,0.9741399884223938,2,83290692.925198
32.240006,77.155721,16.84000015258789,2957.636475,2020-08-22,0.9721440076828003,3,83290692.962395
32.23977279663086,77.175293,13.59000015258789,2182.644043,2020-08-22,0.9680600166320801,6,83290693.454146
32.238725,77.228318,36.580002,2836.566895,2020-08-25,0.9697669744491577,5,83630674.551606
32.240151,77.138051,21.40999984741211,2841.366943,2020-08-22,0.9639769792556763,1,83290693.111183
32.239701,77.165807,24.559999,2418.186279,2020-08-22,0.9907640218734741,5,83290693.408694
32.239377,77.185008,13.25,1896.246826,2020-08-22,0.9776849746704102,8,83290693.892138
32.238474,77.24018859863281,10.970000267028809,3254.708984,2020-08-29,0.9548349976539612,2,83970652.827546
32.239904,77.146217,25.299999,2823.544189,2020-08-22,0.975346028804779,2,83290692.916932
32.239642,77.155295,13.170000076293945,2957.303467,2020-08-22,0.9601500034332275,3,83290692.954129
32.23939895629883,77.174849,27.81999969482422,2221.678467,2020-08-22,0.9581350088119507,6,83290693.445882
32.23836898803711,77.222205,52.830002,2622.992432,2020-08-29,0.9636480212211609,0,83970652.968037
32.239776611328125,77.13761138916016,23.959999,2886.756348,2020-08-22,0.9742879867553711,1,83290693.102917
32.239539,77.145791,26.690001,2821.520996,2020-08-22,0.9735450148582458,2,83290692.908666
32.239329,77.165366,39.200001,2453.108398,2020-08-22,0.9719949960708618,5,83290693.40043
32.239031,77.174413,34.369999,2244.335693,2020-08-22,0.985863983631134,6,83290693.437618
32.239012,77.184581,8.420000076293945,1902.389038,2020-08-22,0.9739360213279724,8,83290693.883874
32.238856,77.193683,18.56999969482422,1867.46582,2020-08-22,0.9687229990959167,11,83290693.921065
32.239397,77.137163,26.020000457763672,2958.82666,2020-08-22,0.9736570119857788,1,83290693.094651
32.23927688598633,77.154868,4.190000057220459,2965.78125,2020-08-22,0.954704999923706,3,83290692.945863
32.238963,77.164936,23.020000457763672,2475.964599609375,2020-08-22,0.9881910085678101,5,83290693.392166
32.238646,77.184152,8.720000267028809,1904.07251,2020-08-22,0.9791960120201111,8,83290693.87561
32.238492,77.193259,14.34000015258789,1859.432495,2020-08-22,0.9731259942054749,11,83290693.912799
32.238021,77.221787,17.709999,2600.403564,2020-08-29,0.9591230154037476,0,83970652.959773
32.239173,77.145363,30.280001,2820.837402,2020-08-22,0.9734280109405518,2,83290692.900402
32.23891067504883,77.154439,5.690000057220459,2969.45459,2020-08-22,0.9779090285301208,3,83290692.937597
32.238662,77.173976,38.080002,2270.724121,2020-08-22,0.9811409711837769,6,83290693.429354
32.238800048828125,77.144926,36.90999984741211,2846.085938,2020-08-22,0.9826629757881165,2,83290692.892138
32.238597,77.164507,12.3100004196167,2495.923828,2020-08-22,0.986723005771637,5,83290693.383902
32.238282,77.183727,7.929999828338623,1904.12146,2020-08-22,0.9755939841270447,8,83290693.867346
32.238128,77.192833,14.819999694824219,1855.828857,2020-08-22,0.972648024559021,11,83290693.904534
32.238541,77.154006,15.460000038146973,2976.895264,2020-08-22,0.9631779789924622,3,83290692.929331
32.238294,77.173541,27.889999,2305.87207,2020-08-22,0.9857320189476013,6,83290693.42109
32.237295,77.220933,13.699999809265137,2595.736328,2020-08-29,0.9712499976158142,0,83970652.943245
32.238431,77.144494,30.729999542236328,2871.574463,2020-08-22,0.9736170172691345,2,83290692.883874
32.238229,77.164073,10.4399995803833,2522.807617,2020-08-22,0.991661012172699,5,83290693.375638
32.237929,77.173113,9.130000114440918,2326.688965,2020-08-22,0.9707729816436768,6,83290693.412826
32.2379150390625,77.183297,15.119999885559082,1907.163818,2020-08-22,0.9746220111846924,8,83290693.859082
32.237763,77.1924057006836,18.56999969482422,1851.787842,2020-08-22,0.9784380197525024,11,83290693.89627
32.236955,77.229973,25.950001,2964.302734,2020-08-29,0.9684680104255676,1,83970652.980433
32.23817443847656,77.153576,21.860001,2980.785889,2020-08-22,0.9760259985923767,3,83290692.921065
32.23785400390625,77.16362762451172,25.459999,2563.320801,2020-08-22,0.9699010252952576,5,83290693.367374
32.237548828125,77.182869,11.720000267028809,1913.971313,2020-08-22,0.9744459986686707,8,83290693.850818
32.237399,77.191984,5.5,1848.60498,2020-08-22,0.977446973323822,11,83290693.888006
32.23693084716797,77.220504,26.579999923706055,2586.204834,2020-08-29,0.977990984916687,0,83970652.934981
32.238061,77.144061,36.799999,2885.052002,2020-08-22,0.9725239872932434,2,83290692.87561
32.237805,77.153144,17.850000381469727,3000.366455,2020-08-22,0.9800000190734863,3,83290692.912799
32.237555,77.172668,37.360001,2355.74292,2020-08-22,0.9863029718399048,6,83290693.404562
32.236592,77.22954559326172,31.110001,2956.551025,2020-08-29,0.9738569855690002,1,83970652.972169
32.237483,77.163191,34.889999,2599.466553,2020-08-22,0.9926900267601013,5,83290693.35911
32.237184,77.18244171142578,6.619999885559082,1925.950562,2020-08-22,0.9756960272789001,8,83290693.842554
32.237033,77.191555,35.830002,1827.792969,2020-08-22,0.9725540280342102,11,83290693.879742
32.236567,77.220076,26.129999,2586.340576,2020-08-29,0.9704549908638,0,83970652.926717
32.236228942871094,77.22911834716797,47.700001,2931.424072,2020-08-29,0.9742559790611267,1,83970652.963905
32.23743438720703,77.152709,30.84000015258789,3012.521973,2020-08-22,0.981793999671936,3,83290692.904534
32.237186431884766,77.172232,39.009998,2387.180664,2020-08-22,0.9648259878158569,6,83290693.396298
32.236671447753906,77.191132,26.280001,1821.60144,2020-08-22,0.9602239727973938,11,83290693.871478
32.236207,77.219651,33.360001,2564.180664,2020-08-29,0.9754989743232727,0,83970652.918453
32.237105,77.1627426147461,39.610001,2678.518311,2020-08-22,0.9862930178642273,5,83290693.350846
32.236823,77.171808,10.970000267028809,2404.951904,2020-08-22,0.9857400059700012,6,83290693.388034
32.236814,77.182001,40.18000030517578,1939.134888,2020-08-22,0.9661359786987305,8,83290693.83429
32.235877990722656,77.228701,17.030001,2912.039307,2020-08-29,0.9807419776916504,1,83970652.955641
32.237068,77.152281,6.849999904632568,3039.252686,2020-08-22,0.957859992980957,3,83290692.89627
32.236733,77.16230010986328,50.02000045776367,2714.927979,2020-08-22,0.983925998210907,5,83290693.342582
32.236449,77.181576,25.690001,1948.01062,2020-08-22,0.9658870100975037,8,83290693.826026
32.23696517944336,77.14277648925781,12.390000343322754,2909.419434,2020-08-22,0.954800009727478,2,83290692.850818
32.236701,77.151851,15.760000228881836,3040.183105,2020-08-22,0.952888011932373,3,83290692.888006
32.236451,77.171367,32.27000045776367,2428.067627,2020-08-22,0.9742119908332825,6,83290693.37977
32.235518,77.228275,16.360001,2900.668457,2020-08-29,0.9668179750442505,1,83970652.947377
32.236365,77.161869,36.209999,2744.450684,2020-08-22,0.9691050052642822,5,83290693.334318
32.236083,77.181146,25.719999,1959.775635,2020-08-22,0.9594849944114685,8,83290693.817762
32.235487,77.218801,42.15999984741211,2520.447021,2020-08-29,0.9737840294837952,0,83970652.901925
32.235159,77.227852,12.199999809265137,2881.404297,2020-08-29,0.9717040061950684,1,83970652.939113
32.236591,77.142341,31.260000228881836,2930.386719,2020-08-22,0.9840959906578064,2,83290692.842554
32.236338,77.151427,19.950001,3027.217285,2020-08-22,0.954289972782135,3,83290692.879742
32.236089,77.170945,5.840000152587891,2440.918213,2020-08-22,0.9751110076904297,6,83290693.371506
32.235713958740234,77.18070983886719,42.459999,1975.177979,2020-08-22,0.9615839719772339,8,83290693.809498
32.235129,77.218377,24.969999,2513.897949,2020-08-29,0.9795860052108765,0,83970652.893661
32.236223,77.141911,37.169998,2935.868896,2020-08-22,0.9713429808616638,2,83290692.83429
32.235992431640625,77.161428,42.119999,2792.70166,2020-08-22,0.9842789769172668,5,83290693.326054
32.235719,77.170507,27.329999923706055,2454.858643,2020-08-22,0.9871240258216858,6,83290693.363242
32.234801,77.227428,8.079999923706055,2862.670166,2020-08-29,0.9780920147895813,1,83970652.930849
32.235619,77.160987,59.380001,2825.059814,2020-08-22,0.9901109933853149,5,83290693.31779
32.235346,77.1802749633789,51.40999984741211,1994.935059,2020-08-22,0.9598050117492676,8,83290693.801234
32.234761,77.217946,40.630001,2517.91748,2020-08-29,0.9769660234451294,0,83970652.885397
32.235845,77.141466,36.689999,2995.399414,2020-08-22,0.9804940223693848,2,83290692.826026
32.235612,77.15058135986328,6.320000171661377,3019.624756,2020-08-22,0.9793919920921326,3,83290692.863214
32.235351,77.170075,23.139999,2475.864502,2020-08-22,0.9680539965629578,6,83290693.354978
32.234397888183594,77.217519,45.419998,2508.471924,2020-08-29,0.9626799821853638,0,83970652.877133
32.234439849853516,77.227002,8.3100004196167,2851.268066,2020-08-29,0.9776570200920105,1,83970652.922585
32.235253,77.160557,38.080002,2860.508301,2020-08-22,0.968733012676239,5,83290693.309526
32.234979,77.179842,33.47999954223633,2034.706665,2020-08-22,0.9650939702987671,8,83290693.79297
32.235472,77.141028,28.34000015258789,3037.93335,2020-08-22,0.9681320190429688,2,83290692.817762
32.235244,77.150149,10.4399995803833,3027.241455,2020-08-22,0.979541003704071,3,83290692.85495
32.234989166259766,77.169654,13.25,2471.297363,2020-08-22,0.9860259890556335,6,83290693.346714
32.2346076965332,77.179401,38.939999,2080.388428,2020-08-22,0.9663869738578796,8,83290693.784706
32.234042,77.217097,17.600000381469727,2501.76001,2020-08-29,0.9618200063705444,0,83970652.868869
32.235101,77.140593,20.399999618530273,3073.330078,2020-08-22,0.9786440134048462,2,83290692.809498
32.23487854003906,77.160116,53.130001,2894.045166,2020-08-22,0.9865339994430542,5,83290693.301262
32.23462677001953,77.169231,8.760000228881836,2464.037354,2020-08-22,0.9779800176620483,6,83290693.33845
32.23371124267578,77.226145,49.580002,2818.380615,2020-08-29,0.9754449725151062,1,83970652.906057
32.234876,77.149718,13.880000114440918,3036.467529,2020-08-22,0.9632920026779175,3,83290692.846686
32.2345085144043,77.159681,27.860001,2949.185059,2020-08-22,0.9697859883308411,5,83290693.292998
32.234239,77.178964,33.779999,2121.289062,2020-08-22,0.9657679796218872,8,83290693.776442
32.234118,77.188154,3.140000104904175,1813.47583,2020-08-22,0.9574840068817139,11,83290693.81363
32.233680725097656,77.21666717529297,14.859999656677246,2496.651611,2020-08-29,0.9673539996147156,0,83970652.860605
32.234507,77.149286,16.799999,3051.327148,2020-08-22,0.9817169904708862,3,83290692.838422
32.234251,77.168783,54.139999,2489.034912,2020-08-22,0.9904869794845581,6,83290693.330186
32.233317,77.216243,43.580002,2465.821289,2020-08-29,0.9700319766998291,0,83970652.852341
32.234143,77.159249,23.770000457763672,2973.078857,2020-08-22,0.9882310032844543,5,83290693.284734
32.233873,77.178534,40.52000045776367,2125.79541,2020-08-22,0.9679049849510193,8,83290693.768178
32.234343,77.13970184326172,32.56999969482422,3186.232178,2020-08-22,0.9768059849739075,2,83290692.79297
32.234138,77.148853,13.319999694824219,3073.869141,2020-08-22,0.974494993686676,3,83290692.830158
32.233879,77.168341,50.65999984741211,2544.087646,2020-08-22,0.9884639978408813,6,83290693.321922
32.233511,77.178115,36.65999984741211,2099.566895,2020-08-22,0.9875519871711731,8,83290693.759914
32.233382,77.187285,54.18000030517578,1813.589599609375,2020-08-22,0.9666879773139954,11,83290693.797102
32.232969,77.215826,31.709999,2410.962158,2020-08-29,0.9787290096282959,0,83970652.844077
32.233970642089844,77.139262,28.040001,3225.675049,2020-08-22,0.9777770042419434,2,83290692.784706
32.23377227783203,77.158812,33.400002,2999.983887,2020-08-22,0.9856370091438293,5,83290693.27647
32.2335090637207,77.167907,45.529999,2574.681396,2020-08-22,0.9894120097160339,6,83290693.313658
32.232316,77.232963,33.72999954223633,3055.036865,2020-08-29,0.9510080218315125,2,83970652.687024
32.233768,77.148419,17.139999,3090.84668,2020-08-22,0.9855989813804626,3,83290692.821894
32.233404,77.15837860107422,20.629999,3034.773193,2020-08-22,0.9875760078430176,5,83290693.268206
32.233148,77.177695,33.18000030517578,2072.230225,2020-08-22,0.9890739917755127,8,83290693.75165
32.233016,77.186853,27.329999923706055,1856.646851,2020-08-22,0.9717479944229126,11,83290693.788838
32.23261642456055,77.215407,19.239999771118164,2375.025146,2020-08-29,0.9740099906921387,0,83970652.835812
32.232271,77.224446,13.140000343322754,2786.177002,2020-08-29,0.9721159934997559,1,83970652.873001
32.233401,77.147989,13.59000015258789,3102.347412,2020-08-22,0.9767460227012634,3,83290692.81363
32.233144,77.167478,25.56999969482422,2603.33252,2020-08-22,0.9885830283164978,6,83290693.305394
32.23225021362305,77.214978,22.280001,2379.784912,2020-08-29,0.9706829786300659,0,83970652.827546
32.233036041259766,77.157947,23.620001,3051.00708,2020-08-22,0.9903759956359863,5,83290693.259942
32.232784271240234,77.1772689819336,43.509998,2063.144043,2020-08-22,0.9896799921989441,8,83290693.743386
32.23265075683594,77.1864242553711,8.649999618530273,1882.218384,2020-08-22,0.9805139899253845,11,83290693.780574
32.23189926147461,77.224012,49.689999,2779.016602,2020-08-29,0.9662280082702637,1,83970652.864737
32.233233,77.138398,16.809999,3268.836914,2020-08-22,0.9552929997444153,2,83290692.768178
32.2330322265625,77.147557,6.769999980926514,3126.487549,2020-08-22,0.9556869864463806,3,83290692.805366
32.23277282714844,77.167038,46.009998,2626.401367,2020-08-22,0.9857869744300842,6,83290693.29713
32.232415,77.176832,40.81999969482422,2104.264893,2020-08-22,0.9850170016288757,8,83290693.735122
32.232284,77.185996,5.050000190734863,1889.761475,2020-08-22,0.9791139960289001,11,83290693.77231
32.231278,77.241145,4.449999809265137,3369.211914,2020-08-29,0.9586139917373657,3,83970652.707689
32.232858,77.137957,22.270000457763672,3309.499268,2020-08-22,0.9588609933853149,2,83290692.759914
32.232667,77.157513,6.019999980926514,3096.39624,2020-08-22,0.976190984249115,5,83290693.251678
32.232408,77.166612,24.030001,2646.641357,2020-08-22,0.9874929785728455,6,83290693.288866
32.231532,77.21412658691406,34.860001,2322.035156,2020-08-29,0.9674199819564819,0,83970652.811014
32.231536,77.223584,48.709999,2780.430908,2020-08-29,0.9665449857711792,1,83970652.856473
32.232664,77.14712524414062,7.449999809265137,3138.728516,2020-08-22,0.9675139784812927,3,83290692.797102
32.232293,77.15706634521484,37.25,3123.205078,2020-08-22,0.9665899872779846,5,83290693.243414
32.232047,77.176399,41.080002,2126.505127,2020-08-22,0.9632760286331177,8,83290693.726858
32.231918,77.185566,10.369999885559082,1895.716309,2020-08-22,0.9765260219573975,11,83290693.764046
32.231177,77.22315979003906,49.009998,2761.17749,2020-08-29,0.9644799828529358,1,83970652.848209
32.23091506958008,77.240719,9.170000076293945,3355.904541,2020-08-29,0.9509710073471069,3,83970652.699423
32.232289,77.146683,26.950001,3166.721191,2020-08-22,0.950160026550293,3,83290692.788838
32.232042,77.166182,7.559999942779541,2676.891846,2020-08-22,0.9763169884681702,6,83290693.280602
32.231176,77.213709,23.510000228881836,2295.551514,2020-08-29,0.9550049901008606,0,83970652.802748
32.230874,77.231271,25.15999984741211,2987.982666,2020-08-29,0.9549750089645386,2,83970652.65396
32.23191833496094,77.156628,40.619999,3172.458008,2020-08-22,0.9715039730072021,5,83290693.23515
32.231679,77.175962,49.349998,2153.741211,2020-08-22,0.9801650047302246,8,83290693.718594
32.231553,77.185137,6.059999942779541,1904.136963,2020-08-22,0.9757069945335388,11,83290693.755782
32.230825,77.222743,7.070000171661377,2748.86792,2020-08-29,0.9760180115699768,1,83970652.839945
32.23055648803711,77.240298,8.270000457763672,3334.238525,2020-08-29,0.9524649977684021,3,83970652.691157
32.23191833496094,77.14624786376953,9.319999694824219,3201.339844,2020-08-22,0.9624990224838257,3,83290692.780574
32.231672,77.165745,12.609999656677246,2705.317139,2020-08-22,0.9860770106315613,6,83290693.272338
32.231309,77.175523,47.860001,2196.901611,2020-08-22,0.9868490099906921,8,83290693.71033
32.23118591308594,77.184706,21.639999,1903.70752,2020-08-22,0.9882640242576599,11,83290693.747518
32.230818,77.213286,32.049999,2257.949219,2020-08-29,0.9669510126113892,0,83970652.794482
32.23051071166992,77.230844,26.389999,2983.858643,2020-08-29,0.9600679874420166,2,83970652.645694
32.231553,77.156197,15.3100004196167,3212.265869,2020-08-22,0.9742839932441711,5,83290693.226886
32.231295,77.165295,45.299999,2748.100586,2020-08-22,0.9890429973602295,6,83290693.264074
32.230468,77.212869,36.990002,2193.947998,2020-08-29,0.9761829972267151,0,83970652.786216
32.230462,77.222316,9.8100004196167,2743.193604,2020-08-29,0.9772019982337952,1,83970652.831679
32.231549,77.145813,7.96999979019165,3231.744873,2020-08-22,0.9599249958992004,3,83290692.77231
32.2311897277832,77.155773,12.279999732971191,3207.137695,2020-08-22,0.9757630228996277,5,83290693.218622
32.230941,77.175088,48.790001,2223.736328,2020-08-22,0.9878919720649719,8,83290693.702066
32.230821,77.184279,8.119999885559082,1917.95813,2020-08-22,0.9790340065956116,11,83290693.739254
32.230098724365234,77.22189331054688,7.929999828338623,2732.9375,2020-08-29,0.973351001739502,1,83970652.823413
32.229835510253906,77.239453,13.319999694824219,3287.647949,2020-08-29,0.951399028301239,3,83970652.674625
32.231178,77.145376,12.84000015258789,3255.604736,2020-08-22,0.9594079852104187,3,83290692.764046
32.230925,77.164858,22.239999771118164,2805.836914,2020-08-22,0.9885789752006531,6,83290693.25581
32.230107,77.212444,31.34000015258789,2181.677002,2020-08-29,0.9731810092926025,0,83970652.77795
32.229774475097656,77.229984,42.119999,2989.447754,2020-08-29,0.9739350080490112,2,83970652.629162
32.230825,77.155345,25.010000228881836,3196.199219,2020-08-22,0.976269006729126,5,83290693.210358
32.230572,77.174652,46.509998,2261.37085,2020-08-22,0.9897279739379883,8,83290693.693802
32.230455,77.183849,10.930000305175781,1923.28418,2020-08-22,0.9895690083503723,11,83290693.73099
32.229735,77.221461,9.619999885559082,2736.115479,2020-08-29,0.9675890207290649,1,83970652.815147
32.229476,77.239032,7.670000076293945,3268.814697,2020-08-29,0.9586399793624878,3,83970652.666359
32.230552673339844,77.164417,40.360001,2837.626465,2020-08-22,0.9708679914474487,6,83290693.247546
32.230202,77.17420959472656,48.939999,2309.38501,2020-08-22,0.9896439909934998,8,83290693.685538
32.230085,77.183408,31.709999,1949.774902,2020-08-22,0.9806439876556396,11,83290693.722726
32.229752,77.212024,17.149999618530273,2153.878174,2020-08-29,0.9799370169639587,0,83970652.769684
32.229425,77.229572,9.319999694824219,2962.176514,2020-08-29,0.983959972858429,2,83970652.620896
32.229111,77.238605,19.729999542236328,3256.187988,2020-08-29,0.9569799900054932,3,83970652.658093
32.2304573059082,77.154913,17.329999923706055,3223.47998,2020-08-22,0.9724680185317993,5,83290693.202094
32.230184,77.163981,27.25,2877.454102,2020-08-22,0.9748409986495972,6,83290693.239282
32.229061,77.229145,11.979999542236328,2955.551025,2020-08-29,0.9776660203933716,2,83970652.61263
32.230436,77.144503,8.15999984741211,3315.722412,2020-08-22,0.953108012676239,3,83290692.747518
32.230098724365234,77.154497,31.110001,3167.465088,2020-08-22,0.9727590084075928,5,83290693.19383
32.229833,77.173774,40.81999969482422,2351.004395,2020-08-22,0.9728119969367981,8,83290693.677274
32.22971725463867,77.182971,38.080002,1976.220337,2020-08-22,0.9572309851646423,11,83290693.714462
32.2287483215332,77.238182,11.5600004196167,3247.240234,2020-08-29,0.9557039737701416,3,83970652.649827
32.229818,77.163551,9.170000076293945,2906.401855,2020-08-22,0.9912409782409668,6,83290693.231018
32.229029,77.21117401123047,24.709999,2116.873291,2020-08-29,0.971110999584198,0,83970652.753152
32.228697,77.228719,14.819999694824219,2947.915527,2020-08-29,0.9789760112762451,2,83970652.604365
32.229741,77.15408325195312,39.610001,3123.408447,2020-08-22,0.9709650278091431,5,83290693.185566
32.229463,77.173334,47.709999,2389.297363,2020-08-22,0.9897239804267883,8,83290693.66901
32.229349,77.182536,39.950001,2002.277588,2020-08-22,0.9838510155677795,11,83290693.706198
32.228383,77.237753,27.100000381469727,3238.997559,2020-08-29,0.9539549946784973,3,83970652.641561
32.229698181152344,77.14363861083984,7.599999904632568,3340.733154,2020-08-22,0.9580850005149841,3,83290692.73099
32.229451,77.163121,4.710000038146973,2923.730957,2020-08-22,0.9883689880371094,6,83290693.222754
32.229095458984375,77.172898,45.049999,2422.793213,2020-08-22,0.9703760147094727,8,83290693.660746
32.228981,77.18209838867188,34.560001,2038.442627,2020-08-22,0.9565989971160889,11,83290693.697934
32.228289,77.219761,14.899999618530273,2674.335449,2020-08-29,0.9729490280151367,1,83970652.782083
32.228331,77.228291,18.420000076293945,2946.9729,2020-08-29,0.9760929942131042,2,83970652.596101
32.228022,77.237329,30.059999,3221.587646,2020-08-29,0.9568880200386047,3,83970652.633295
32.229382,77.153663,27.18000030517578,3103.600098,2020-08-22,0.9718790054321289,5,83290693.177302
32.229085,77.16268920898438,40.290001,2900.754883,2020-08-22,0.9786120057106018,6,83290693.21449
32.228311,77.210328,46.84000015258789,2046.04895,2020-08-29,0.9699069857597351,0,83970652.73662
32.229328,77.143202,27.059999,3354.113281,2020-08-22,0.9547780156135559,3,83290692.722726
32.229025,77.153248,10.4399995803833,3075.238037,2020-08-22,0.9779899716377258,5,83290693.169038
32.22872543334961,77.172459,51.490002,2457.509277,2020-08-22,0.9894229769706726,8,83290693.652482
32.228614,77.181667,24.520000457763672,2067.487549,2020-08-22,0.9875249862670898,11,83290693.68967
32.22793197631836,77.2193374633789,15.800000190734863,2642.730957,2020-08-29,0.9688829779624939,1,83970652.773817
32.227661,77.236906,37.959999,3195.139893,2020-08-29,0.9525439739227295,3,83970652.625029
32.228727,77.162276,29.15999984741211,2870.996826,2020-08-22,0.9813470244407654,6,83290693.206226
32.227953,77.209906,22.239999771118164,2039.761963,2020-08-29,0.9760820269584656,0,83970652.728354
32.22760009765625,77.227434,32.119999,2938.971191,2020-08-29,0.9637669920921326,2,83970652.579573
32.22730255126953,77.236486,41.93000030517578,3164.171631,2020-08-29,0.9514480233192444,3,83970652.616763
32.228649,77.152801,27.40999984741211,3125.689697,2020-08-22,0.9738399982452393,5,83290693.160774
32.228359,77.172027,32.580002,2492.993408,2020-08-22,0.961778998374939,8,83290693.644218
32.228249,77.181239,26.620001,2067.978271,2020-08-22,0.9888129830360413,11,83290693.681406
32.227572,77.218916,20.440001,2616.693115,2020-08-29,0.9698110222816467,1,83970652.765551
32.227249,77.22702026367188,15.569999694824219,2902.15332,2020-08-29,0.9742529988288879,2,83970652.571309
32.22859573364258,77.142343,16.389999,3375.995117,2020-08-22,0.9511520266532898,3,83290692.706198
32.228364,77.161853,36.389999,2851.156006,2020-08-22,0.9813870191574097,6,83290693.197962
32.227992,77.171594,33.779999,2512.560547,2020-08-22,0.9678570032119751,8,83290693.635954
32.227884,77.180813,8.949999809265137,2079.106201,2020-08-22,0.9736809730529785,11,83290693.673142
32.227213,77.218494,21.709999,2588.364502,2020-08-29,0.9690819978713989,1,83970652.757285
32.228284,77.152372,28.420000076293945,3128.025879,2020-08-22,0.9644889831542969,5,83290693.15251
32.228004455566406,77.161434,54.700001,2806.044922,2020-08-22,0.9807630181312561,6,83290693.189698
32.226892,77.22660064697266,12.989999771118164,2873.456787,2020-08-29,0.9720450043678284,2,83970652.563045
32.227927,77.151958,26.31999969482422,3085.048584,2020-08-22,0.9710649847984314,5,83290693.144246
32.227630615234375,77.171175,13.850000381469727,2503.116211,2020-08-22,0.9741920232772827,8,83290693.62769
32.227518,77.180381,15.760000228881836,2085.788574,2020-08-22,0.9930599927902222,11,83290693.664878
32.22685623168945,77.218073,11.720000267028809,2565.079102,2020-08-29,0.9745230078697205,1,83970652.749019
32.227651,77.161028,22.84000015258789,2766.874756,2020-08-22,0.9873629808425903,6,83290693.181434
32.226534,77.226178,15.529999732971191,2846.354248,2020-08-29,0.9807360172271729,2,83970652.554781
32.22757339477539,77.151549,29.84000015258789,3016.188477,2020-08-22,0.9607899785041809,5,83290693.135981
32.2272834777832,77.160593,49.049999,2764.576172,2020-08-22,0.9844909906387329,6,83290693.17317
32.227265,77.17074584960938,16.65999984741211,2506.476318,2020-08-22,0.9852480292320251,8,83290693.619426
32.227149963378906,77.179947,24.370001,2103.034912,2020-08-22,0.9891629815101624,11,83290693.656614
32.22721481323242,77.151133,14.40999984741211,2990.210938,2020-08-22,0.9727010130882263,5,83290693.127715
32.226898,77.170315,32.349998,2502.176514,2020-08-22,0.9861379861831665,8,83290693.611162
32.226782,77.179511,33.169998,2124.292969,2020-08-22,0.9868829846382141,11,83290693.64835
32.226141,77.217231,17.299999,2495.08667,2020-08-29,0.9697480201721191,1,83970652.732487
32.225861,77.234793,12.430000305175781,3125.429199,2020-08-29,0.9503470063209534,3,83970652.583705
32.226922,77.160173,19.920000076293945,2770.707031,2020-08-22,0.9800230264663696,6,83290693.164906
32.225819,77.225335,29.540001,2779.95874,2020-08-29,0.9785339832305908,2,83970652.538253
32.226844787597656,77.15069580078125,43.02000045776367,2992.58252,2020-08-22,0.9675999879837036,5,83290693.119449
32.226534,77.169887,32.049999,2504.076904,2020-08-22,0.9875919818878174,8,83290693.602898
32.226417,77.179083,14.449999809265137,2144.064697,2020-08-22,0.9913640022277832,11,83290693.640086
32.225783,77.216809,19.84000015258789,2460.39209,2020-08-29,0.9809190034866333,1,83970652.724221
32.226559,77.15975189208984,30.18000030517578,2745.447021,2020-08-22,0.9852420091629028,6,83290693.156642
32.225428,77.21639251708984,13.739999771118164,2425.033936,2020-08-29,0.9766340255737305,1,83970652.715955
32.22545623779297,77.224909,36.279999,2767.116211,2020-08-29,0.966804027557373,2,83970652.529989
32.225144,77.233951,43.240002,3043.734375,2020-08-29,0.9509069919586182,3,83970652.567177
32.226484,77.150274,35.380001,2980.821777,2020-08-22,0.9668629765510559,5,83290693.111183
32.226193,77.159319,32.5,2753.392334,2020-08-22,0.9837080240249634,6,83290693.148378
32.226169,77.169458,23.059999,2514.76709,2020-08-22,0.9854829907417297,8,83290693.594634
32.226051330566406,77.178648,25.270000457763672,2159.351562,2020-08-22,0.9936479926109314,11,83290693.631822
32.226125,77.149857,25.200001,2951.998047,2020-08-22,0.9701560139656067,5,83290693.102917
32.225801,77.169023,36.549999,2528.536133,2020-08-22,0.9849720001220703,8,83290693.58637
32.225682,77.178212,22.459999,2191.575439,2020-08-22,0.9895970225334167,11,83290693.623558
32.225067138671875,77.215966,20.329999923706055,2399.423584,2020-08-29,0.9784849882125854,1,83970652.707689
32.22605514526367,77.139365,19.540001,3320.163574,2020-08-22,0.9507150053977966,3,83290692.64835
32.225827,77.158887,37.360001,2758.794678,2020-08-22,0.984483003616333,6,83290693.140114
32.22473907470703,77.224066,39.459999,2713.339844,2020-08-29,0.9692839980125427,2,83970652.513461
32.224428,77.23310852050781,25.270000457763672,3010.514648,2020-08-29,0.9535679817199707,3,83970652.550649
32.225767,77.149441,9.020000457763672,2924.872314,2020-08-22,0.9711660146713257,5,83290693.094651
32.225441,77.168608,37.330002,2484.865967,2020-08-22,0.9860150218009949,8,83290693.578106
32.225317,77.177782,14.710000038146973,2205.307373,2020-08-22,0.9886279702186584,11,83290693.615294
32.224706,77.215543,20.889999,2379.27124,2020-08-29,0.9762799739837646,1,83970652.699423
32.225467,77.158469,46.43000030517578,2719.19165,2020-08-22,0.9708629846572876,6,83290693.131848
32.224952,77.177354,37.290001,2184.485596,2020-08-22,0.9916750192642212,11,83290693.60703
32.224347,77.215121,14.40999984741211,2358.858887,2020-08-29,0.9753310084342957,1,83970652.691157
32.225399017333984,77.149008,7.519999980926514,2943.240234,2020-08-22,0.9731259942054749,5,83290693.086385
32.225112,77.158059,32.5,2672.990479,2020-08-22,0.9899269938468933,6,83290693.123582
32.225085,77.168201,23.18000030517578,2423.452393,2020-08-22,0.9890949726104736,8,83290693.569842
32.224024,77.223223,43.689999,2659.918945,2020-08-29,0.9751759767532349,2,83970652.496933
32.225038,77.148585,35.459999,2897.65918,2020-08-22,0.9744099974632263,5,83290693.078119
32.224723,77.167779,11.569999694824219,2412.174316,2020-08-22,0.9895399808883667,8,83290693.561578
32.224591,77.176938,20.139999,2163.887939,2020-08-22,0.9903420209884644,11,83290693.598766
32.224751,77.15763854980469,35.009998,2645.082275,2020-08-22,0.9730600118637085,6,83290693.115316
32.223671,77.222806,42.790001,2618.115723,2020-08-29,0.9694309830665588,2,83970652.488669
32.224676,77.148162,22.5,2891.349121,2020-08-22,0.9787889719009399,5,83290693.069853
32.224359,77.167354,18.229999542236328,2393.744873,2020-08-22,0.9892240166664124,8,83290693.553314
32.22422790527344,77.176514,18.079999923706055,2152.381836,2020-08-22,0.9818249940872192,11,83290693.590502
32.223623,77.214272,14.039999961853027,2329.343994,2020-08-29,0.9778109788894653,1,83970652.674625
32.223323,77.222394,31.299999,2563.922119,2020-08-29,0.9762340188026428,2,83970652.480405
32.223865,77.176091,12.050000190734863,2139.988037,2020-08-22,0.977948009967804,11,83290693.582238
32.223265,77.21385192871094,25.530001,2289.798584,2020-08-29,0.9785199761390686,1,83970652.666359
32.224315,77.147741,22.010000228881836,2868.62915,2020-08-22,0.9773709774017334,5,83290693.061587
32.223997,77.166932,11.680000305175781,2380.583496,2020-08-22,0.9886500239372253,8,83290693.54505
32.222965240478516,77.221972,39.200001,2532.668457,2020-08-29,0.9743130207061768,2,83970652.472141
32.222564697265625,77.241342,38.529999,3090.146484,2020-08-29,0.9684230089187622,5,83970652.963904
32.223952,77.1473159790039,30.809999,2850.901123,2020-08-22,0.9672560095787048,5,83290693.053321
32.2236328125,77.166506,9.619999885559082,2376.073242,2020-08-22,0.9865959882736206,8,83290693.536786
32.223501,77.175666,23.440001,2118.635498,2020-08-22,0.9950039982795715,11,83290693.573974
32.2229118347168,77.213431,18.379999,2252.841553,2020-08-29,0.9702900052070618,1,83970652.658093
32.222617,77.221559,14.630000114440918,2494.977295,2020-08-29,0.9752920269966125,2,83970652.463877
32.222551,77.213009,21.40999984741211,2219.425293,2020-08-29,0.9781360030174255,1,83970652.649827
32.222208,77.240922,36.25,3057.965332,2020-08-29,0.9726840257644653,5,83970652.95564
32.223594,77.146901,4.900000095367432,2831.504395,2020-08-22,0.9775999784469604,5,83290693.045055
32.22331237792969,77.155965,5.239999771118164,2552.397705,2020-08-22,0.9544069766998291,6,83290693.082252
32.223269,77.166078,22.729999542236328,2363.492188,2020-08-22,0.9928640127182007,8,83290693.528522
32.223139,77.175244,8.720000267028809,2116.737061,2020-08-22,0.9728760123252869,11,83290693.56571
32.222257,77.221136,44.959999,2447.00708,2020-08-29,0.9818959832191467,2,83970652.455613
32.221849,77.240499,37.330002,3032.743164,2020-08-29,0.9684529900550842,5,83970652.947376
32.223227,77.146468,5.269999980926514,2848.827393,2020-08-22,0.9748640060424805,5,83290693.036789
32.222905,77.165652,18.5,2359.914551,2020-08-22,0.9928169846534729,8,83290693.520258
32.222774505615234,77.174818,15.199999809265137,2102.723633,2020-08-22,0.9887199997901917,11,83290693.557446
32.22219467163086,77.212589,19.059999,2185.74707,2020-08-29,0.9733369946479797,1,83970652.641561
32.221951,77.230192,33.02000045776367,2708.924561,2020-08-29,0.9817969799041748,3,83970652.492801
32.222934,77.155512,53.919998,2582.998047,2020-08-22,0.9678270220756531,6,83290693.073986
32.22159957885742,77.229778,38.93000030517578,2652.051025,2020-08-29,0.975832998752594,3,83970652.484537
32.221496,77.240083,29.620001,2986.707275,2020-08-29,0.9735779762268066,5,83970652.939112
32.222849,77.146019,23.620001,2904.869629,2020-08-22,0.9687309861183167,5,83290693.028523
32.222542,77.165229,9.130000114440918,2353.425537,2020-08-22,0.9859560132026672,8,83290693.511994
32.222411,77.174393,12.539999961853027,2096.69751,2020-08-22,0.9889789819717407,11,83290693.549182
32.221838,77.212169,15.84000015258789,2151.257812,2020-08-29,0.9699199795722961,1,83970652.633295
32.222566,77.155077,35.27000045776367,2625.042236,2020-08-22,0.9758660197257996,6,83290693.06572
32.221477,77.211745,22.610001,2125.758789,2020-08-29,0.9771249890327454,1,83970652.625029
32.221248626708984,77.229365,51.59000015258789,2583.575439,2020-08-29,0.9656559824943542,3,83970652.476273
32.221144,77.239668,20.25,2939.450684,2020-08-29,0.9683640003204346,5,83970652.930848
32.222483,77.145589,13.289999961853027,2923.356934,2020-08-22,0.9591670036315918,5,83290693.020257
32.222198,77.154643,8.9399995803833,2669.817139,2020-08-22,0.978531002998352,6,83290693.057454
32.22217559814453,77.164797,46.700001,2331.713867,2020-08-22,0.9837120175361633,8,83290693.50373
32.222049,77.1739730834961,8.609999656677246,2083.457031,2020-08-22,0.9919250011444092,11,83290693.540918
32.221209,77.219895,24.06999969482422,2292.766602,2020-08-29,0.9762719869613647,2,83970652.430821
32.220899,77.228951,35.150002,2544.356689,2020-08-29,0.9714710116386414,3,83970652.468009
32.220803,77.23926544189453,21.229999542236328,2825.916992,2020-08-29,0.9646250009536743,5,83970652.922584
32.221816,77.164378,23.290001,2321.294189,2020-08-22,0.9757949709892273,8,83290693.495466
32.221685,77.173544,18.90999984741211,2064.718506,2020-08-22,0.9888409972190857,11,83290693.532654
32.221126,77.211329,30.700001,2060.590576,2020-08-29,0.9742079973220825,1,83970652.616763
32.220847,77.21946716308594,62.150002,2247.803467,2020-08-29,0.9730119705200195,2,83970652.422557
32.222110748291016,77.145147,11.640000343322754,2972.86377,2020-08-22,0.9723190069198608,5,83290693.011991
32.221824,77.154198,29.879999,2706.242432,2020-08-22,0.97359699010849,6,83290693.049188
32.22053527832031,77.228523,47.060001,2534.14917,2020-08-29,0.9580730199813843,3,83970652.459745
32.220443,77.238841,13.739999771118164,2813.00708,2020-08-29,0.9722359776496887,5,83970652.91432
32.221742,77.14471435546875,7.480000019073486,2994.545166,2020-08-22,0.9731040000915527,5,83290693.003725
32.221451,77.163952,25.719999,2316.445068,2020-08-22,0.9669139981269836,8,83290693.487202
32.221322,77.173121,23.809999,2043.914429,2020-08-22,0.991225004196167,11,83290693.52439
32.220503,77.219062,19.610001,2208.668213,2020-08-29,0.9762799739837646,2,83970652.414293
32.220077,77.23841094970703,11.34000015258789,2829.004883,2020-08-29,0.97257000207901,5,83970652.906056
32.22145462036133,77.153762,14.670000076293945,2744.834473,2020-08-22,0.972923994064331,6,83290693.040922
32.220403,77.21047973632812,22.129999,2037.818481,2020-08-29,0.9688320159912109,1,83970652.600233
32.220181,77.228107,75.809998,2463.417236,2020-08-29,0.9841009974479675,3,83970652.451481
32.221372,77.144278,18.56999969482422,3013.654297,2020-08-22,0.9699980020523071,5,83290692.995459
32.2210807800293,77.153315,29.239999771118164,2793.005615,2020-08-22,0.9681090116500854,6,83290693.032656
32.220959,77.172698,21.75,2030.983154,2020-08-22,0.9885500073432922,11,83290693.516126
32.220138,77.218633,33.919998,2200.410400390625,2020-08-29,0.9716879725456238,2,83970652.406029
32.219839,77.227702,19.540001,2430.035400390625,2020-08-29,0.9810240268707275,3,83970652.443217
32.219703674316406,77.237972,45.419998,2840.407715,2020-08-29,0.9717850089073181,5,83970652.897792
32.220717,77.163083,28.940001,2361.851562,2020-08-22,0.9795020222663879,8,83290693.470674
32.220591,77.17225646972656,48.639999,2037.090332,2020-08-22,0.9851130247116089,11,83290693.507862
32.220035,77.21005249023438,16.620001,2057.185791,2020-08-29,0.975862979888916,1,83970652.591969
32.21976852416992,77.218202,28.040001,2221.961426,2020-08-29,0.9759439826011658,2,83970652.397765
32.221001,77.143841,11.079999923706055,3054.459717,2020-08-22,0.9759629964828491,5,83290692.987193
32.220706939697266,77.152872,22.719999,2849.442383,2020-08-22,0.9778969883918762,6,83290693.02439
32.219664,77.209618,26.360001,2073.844971,2020-08-29,0.9791259765625,1,83970652.583705
32.219488,77.227288,9.770000457763672,2389.392578,2020-08-29,0.9715710282325745,3,83970652.434953
32.219347,77.237552,43.099998,2808.156738,2020-08-29,0.9693440198898315,5,83970652.889528
32.22063064575195,77.143404,8.050000190734863,3091.287598,2020-08-22,0.9739459753036499,5,83290692.978927
32.220349,77.162645,22.350000381469727,2406.947998,2020-08-22,0.9773709774017334,8,83290693.46241
32.22021484375,77.171799,53.360001,2145.546875,2020-08-22,0.9875400066375732,11,83290693.499598
32.219397,77.217767,51.330002,2229.905029,2020-08-29,0.978754997253418,2,83970652.389501
32.218979,77.23712158203125,52.950001,2819.015869,2020-08-29,0.9636009931564331,5,83970652.881264
32.220340728759766,77.152441,26.43000030517578,2857.743164,2020-08-22,0.9745749831199646,6,83290693.016124
32.21910858154297,77.226846,44.65999984741211,2408.535400390625,2020-08-29,0.9786180257797241,3,83970652.426689
32.220261,77.142969,6.739999771118164,3120.007324,2020-08-22,0.9731590151786804,5,83290692.970661
32.219974517822266,77.152013,28.420000076293945,2855.733398,2020-08-22,0.9716070294380188,6,83290693.007858
32.219846,77.171359,44.630001,2198.822998,2020-08-22,0.9806190133094788,11,83290693.491334
32.219035,77.217342,28.860001,2243.693115,2020-08-29,0.980705976486206,2,83970652.381237
32.21862030029297,77.236697,43.919998,2802.657959,2020-08-29,0.9698209762573242,5,83970652.873
32.219609,77.161764,26.620001,2498.787354,2020-08-22,0.9666029810905457,8,83290693.445882
32.219479,77.170923,36.400002,2233.886475,2020-08-22,0.9778779745101929,11,83290693.48307
32.219893,77.142537,4.900000095367432,3136.768555,2020-08-22,0.975957989692688,5,83290692.962395
32.219613,77.151592,7.559999942779541,2855.529541,2020-08-22,0.9724509716033936,6,83290692.999592
32.21836853027344,77.225979,45.81999969482422,2455.041992,2020-08-29,0.9834570288658142,3,83970652.410161
32.218264,77.236278,14.489999771118164,2793.712891,2020-08-29,0.972275972366333,5,83970652.864736
32.21952438354492,77.142104,7.21999979019165,3155.084229,2020-08-22,0.9763380289077759,5,83290692.954129
32.219236,77.161313,91.0,2516.95874,2020-08-22,0.9716770052909851,8,83290693.437618
32.219107,77.170476,66.239998,2268.322998,2020-08-22,0.9866089820861816,11,83290693.474806
32.218303,77.216485,15.119999885559082,2271.741699,2020-08-29,0.9753050208091736,2,83970652.364709
32.217893,77.235842,49.950001,2795.603516,2020-08-29,0.9717329740524292,5,83970652.856472
32.219243,77.151155,28.979999542236328,2865.239258,2020-08-22,0.9795889854431152,6,83290692.991326
32.2180061340332,77.225552,47.31999969482422,2454.08252,2020-08-29,0.9793490171432495,3,83970652.401897
32.219154357910156,77.141669,5.090000152587891,3187.600098,2020-08-22,0.9771100282669067,5,83290692.945863
32.2188720703125,77.150715,37.889999,2895.597412,2020-08-22,0.9779859781265259,6,83290692.98306
32.218868255615234,77.160883,33.060001,2587.033936,2020-08-22,0.9737840294837952,8,83290693.429354
32.218738,77.170034,55.27000045776367,2328.190918,2020-08-22,0.9901459813117981,11,83290693.466542
32.217932,77.216051,20.329999923706055,2292.860352,2020-08-29,0.9806069731712341,2,83970652.356445
32.2176399230957,77.225123,39.15999984741211,2469.830078,2020-08-29,0.9585239887237549,3,83970652.393633
32.217527,77.235412,56.540001,2797.144043,2020-08-29,0.97052001953125,5,83970652.848208
32.218505859375,77.160457,39.540001,2575.988281,2020-08-22,0.9840080142021179,8,83290693.42109
32.218374,77.169609,49.169998,2327.828369,2020-08-22,0.9880899786949158,11,83290693.458278
32.217561,77.215618,22.270000457763672,2316.809814,2020-08-29,0.9819679856300354,2,83970652.348181
32.218785,77.141236,4.980000019073486,3207.461182,2020-08-22,0.9729250073432922,5,83290692.937597
32.218501,77.150277,23.170000076293945,2945.296387,2020-08-22,0.97468101978302,6,83290692.974794
32.217276,77.224697,39.419998,2465.57373,2020-08-29,0.9510040283203125,3,83970652.385369
32.2171745300293,77.234997,9.359999656677246,2787.140869,2020-08-29,0.9706779718399048,5,83970652.839944
32.218416,77.140803,5.909999847412109,3228.193604,2020-08-22,0.9729300141334534,5,83290692.929331
32.218137,77.160018,33.18000030517578,2624.222412,2020-08-22,0.9755269885063171,8,83290693.412826
32.218008,77.169178,38.759998,2350.835938,2020-08-22,0.988664984703064,11,83290693.450014
32.217189,77.215183,36.009998,2335.424316,2020-08-29,0.9823290109634399,2,83970652.339917
32.216802,77.234559,50.439999,2789.314453,2020-08-29,0.9708619713783264,5,83970652.831679
32.218128,77.149835,33.77000045776367,2984.594971,2020-08-22,0.9713010191917419,6,83290692.966528
32.21691131591797,77.224267,30.809999,2482.802002,2020-08-29,0.9673190116882324,3,83970652.377105
32.218047,77.14037322998047,6.360000133514404,3247.384277,2020-08-22,0.9622380137443542,5,83290692.921065
32.217763,77.159568,54.369999,2689.602295,2020-08-22,0.9814209938049316,8,83290693.404562
32.217643,77.168747,27.889999,2368.245361,2020-08-22,0.9883409738540649,11,83290693.44175
32.216822,77.214754,29.239999771118164,2351.395996,2020-08-29,0.9826570153236389,2,83970652.331653
32.216548919677734,77.223845,48.40999984741211,2447.305176,2020-08-29,0.9823340177536011,3,83970652.368841
32.2164421081543,77.234137,8.3100004196167,2806.726074,2020-08-29,0.9716330170631409,5,83970652.823413
32.217761,77.149406,20.59000015258789,3005.064697,2020-08-22,0.9788349866867065,6,83290692.958262
32.217273,77.168305,30.520000457763672,2419.505371,2020-08-22,0.9904090166091919,11,83290693.433486
32.217674255371094,77.13993072509766,16.770000457763672,3282.681641,2020-08-22,0.9745519757270813,5,83290692.912799
32.217395,77.148976,24.299999,3009.751709,2020-08-22,0.9779030084609985,6,83290692.949996
32.2161865234375,77.223418,44.740002,2449.935303,2020-08-29,0.9759060144424438,3,83970652.360577
32.216068,77.233698,51.0,2817.070312,2020-08-29,0.9672769904136658,5,83970652.815147
32.217292,77.139473,29.049999,3375.950195,2020-08-22,0.9681869745254517,5,83290692.904534
32.217027,77.158697,35.759998,2769.919434,2020-08-22,0.9761160016059875,8,83290693.388034
32.216899,77.167852,42.130001,2498.894531,2020-08-22,0.9856259822845459,11,83290693.425222
32.215814,77.222982,43.5,2484.600586,2020-08-29,0.9725589752197266,3,83970652.352313
32.215703,77.23326873779297,44.599998,2822.804443,2020-08-29,0.9702789783477783,5,83970652.806881
32.21702575683594,77.148543,15.010000228881836,3039.242432,2020-08-22,0.9765549898147583,6,83290692.94173
32.216036,77.205359,12.90999984741211,2009.632446,2020-08-29,0.959572970867157,1,83970652.501065
32.2169189453125,77.139034,26.100000381469727,3420.128662,2020-08-22,0.9733780026435852,5,83290692.89627
32.216655,77.148104,27.06999969482422,3064.469971,2020-08-22,0.9775869846343994,6,83290692.933464
32.21665573120117,77.158255,36.169998,2827.593262,2020-08-22,0.9610919952392578,8,83290693.37977
32.216529846191406,77.167412,43.919998,2541.023193,2020-08-22,0.9845010042190552,11,83290693.416958
32.215728,77.213472,10.4399995803833,2374.583008,2020-08-29,0.9783750176429749,2,83970652.306861
32.215444,77.222549,27.510000228881836,2523.867188,2020-08-29,0.978298008441925,3,83970652.344049
32.21534729003906,77.232852,7.630000114440918,2817.28418,2020-08-29,0.9629219770431519,5,83970652.798615
32.216287,77.157815,37.93000030517578,2873.536865,2020-08-22,0.9663820266723633,8,83290693.371506
32.216158,77.166963,31.299999,2626.046387,2020-08-22,0.9770659804344177,11,83290693.408694
32.214982,77.232424,8.869999885559082,2819.635986,2020-08-29,0.9727479815483093,5,83970652.790349
32.216549,77.138599,26.65999984741211,3448.686279,2020-08-22,0.9715710282325745,5,83290692.888006
32.216287,77.147673,10.069999694824219,3095.165039,2020-08-22,0.9779520034790039,6,83290692.925198
32.21507263183594,77.22211456298828,27.739999771118164,2549.774414,2020-08-29,0.9731889963150024,3,83970652.335785
32.2145881652832,77.24131774902344,8.800000190734863,3135.109619,2020-08-29,0.9704999923706055,6,83970652.827546
32.21617889404297,77.138166,10.520000457763672,3487.375,2020-08-22,0.9739069938659668,5,83290692.879742
32.21578598022461,77.166514,60.139999,2673.749512,2020-08-22,0.9802330136299133,11,83290693.40043
32.214989,77.212608,42.0,2384.943848,2020-08-29,0.9674540162086487,2,83970652.290333
32.21470642089844,77.221685,43.72999954223633,2545.073975,2020-08-29,0.9784389734268188,3,83970652.327521
32.214613,77.231992,6.809999942779541,2841.047119,2020-08-29,0.9694790244102478,5,83970652.782083
32.215911,77.147226,20.739999771118164,3149.776611,2020-08-22,0.9705610275268555,6,83290692.916932
32.21422576904297,77.240892,6.849999904632568,3136.984375,2020-08-29,0.9708120226860046,6,83970652.81928
32.215811,77.137733,12.050000190734863,3508.812744,2020-08-22,0.9744089841842651,5,83290692.871478
32.21555709838867,77.1569595336914,29.280001,2891.964844,2020-08-22,0.9524549841880798,8,83290693.354978
32.21540832519531,77.166057,37.52000045776367,2801.759521,2020-08-22,0.9742580056190491,11,83290693.392166
32.214625,77.212182,40.919998,2384.161865,2020-08-29,0.9683020114898682,2,83970652.282069
32.214341,77.221257,18.75,2573.001221,2020-08-29,0.9693750143051147,3,83970652.319257
32.214243,77.231558,16.729999542236328,2859.576172,2020-08-29,0.9684140086174011,5,83970652.773817
32.215542,77.146791,15.680000305175781,3183.619629,2020-08-22,0.9740239977836609,6,83290692.908666
32.215041,77.165618,42.689999,2837.265869,2020-08-22,0.9815570116043091,11,83290693.383902
32.2138786315918,77.231133,8.680000305175781,2855.010742,2020-08-29,0.9697099924087524,5,83970652.765551
32.213861,77.240464,7.710000038146973,3138.650391,2020-08-29,0.9709050059318542,6,83970652.811014
32.215439,77.137294,9.470000267028809,3554.304688,2020-08-22,0.9728509783744812,5,83290692.863214
32.215171813964844,77.146353,22.870001,3211.130127,2020-08-22,0.9696900248527527,6,83290692.900402
32.213967,77.220821,6.099999904632568,2624.048584,2020-08-29,0.9534630179405212,3,83970652.310993
32.213497161865234,77.24003601074219,12.170000076293945,3134.667236,2020-08-29,0.9731810092926025,6,83970652.802748
32.215065002441406,77.136852,11.979999542236328,3601.684082,2020-08-22,0.9734110236167908,5,83290692.85495
32.214826,77.156103,18.610001,2917.92041,2020-08-22,0.9578019976615906,8,83290693.33845
32.21467590332031,77.16519165039062,39.580002,2845.628174,2020-08-22,0.98574298620224,11,83290693.375638
32.213901,77.211333,35.900002,2369.065918,2020-08-29,0.9555429816246033,2,83970652.265541
32.213508,77.230697,36.130001,2865.23999,2020-08-29,0.9750990271568298,5,83970652.757285
32.214801,77.145918,22.389999,3237.712891,2020-08-22,0.9756500124931335,6,83290692.892138
32.213872,77.202812,8.979999542236328,1921.420166,2020-08-29,0.9715059995651245,1,83970652.451481
32.21354293823242,77.210912,24.18000030517578,2354.965332,2020-08-29,0.9707760214805603,2,83970652.257277
32.213134765625,77.239612,7.21999979019165,3122.658691,2020-08-29,0.9674509763717651,6,83970652.794482
32.214691162109375,77.136408,20.889999,3652.637451,2020-08-22,0.973783016204834,5,83290692.846686
32.21445846557617,77.155672,16.65999984741211,2936.695068,2020-08-22,0.9671419858932495,8,83290693.330186
32.213139,77.230266,46.880001,2871.58374,2020-08-29,0.9704980254173279,5,83970652.749019
32.21443176269531,77.145482,21.190001,3272.646729,2020-08-22,0.9748589992523193,6,83290692.883874
32.21409225463867,77.155237,21.34000015258789,2961.019775,2020-08-22,0.9732210040092468,8,83290693.321922
32.213181,77.210487,30.809999,2334.640869,2020-08-29,0.9718689918518066,2,83970652.249013
32.21278381347656,77.229849,5.610000133514404,2866.469971,2020-08-29,0.965254008769989,5,83970652.740753
32.2127685546875,77.239183,12.729999542236328,3123.60376,2020-08-29,0.9724990129470825,6,83970652.786216
32.214311,77.135958,30.510000228881836,3725.625488,2020-08-22,0.9674379825592041,5,83290692.838422
32.214061,77.145046,29.15999984741211,3291.998779,2020-08-22,0.9728959798812866,6,83290692.87561
32.21315002441406,77.201963,7.480000019073486,1894.887451,2020-08-29,0.960781991481781,1,83970652.434953
32.212877,77.219543,4.900000095367432,2611.53125,2020-08-29,0.9761279821395874,3,83970652.286201
32.212404,77.23875427246094,17.110001,3126.407227,2020-08-29,0.9666640162467957,6,83970652.77795
32.213725,77.154807,23.290001,2978.371094,2020-08-22,0.9630399942398071,8,83290693.313658
32.21281814575195,77.210064,27.440001,2328.625977,2020-08-29,0.9568809866905212,2,83970652.240749
32.212512,77.219115,7.110000133514404,2614.169189,2020-08-29,0.953918993473053,3,83970652.277937
32.21240997314453,77.229412,49.09000015258789,2866.106934,2020-08-29,0.9659839868545532,5,83970652.732487
32.213941,77.135522,10.59000015258789,3776.651611,2020-08-22,0.9720119833946228,5,83290692.830158
32.213691,77.144612,40.139999,3306.251953,2020-08-22,0.9709889888763428,6,83290692.867346
32.212037,77.238324,36.130001,3118.3125,2020-08-29,0.9718629717826843,6,83970652.769684
32.212142,77.218683,8.079999923706055,2632.584717,2020-08-29,0.9521380066871643,3,83970652.269673
32.212053,77.228994,5.949999809265137,2866.75293,2020-08-29,0.9690960049629211,5,83970652.724221
32.213323,77.144178,20.479999542236328,3348.621826,2020-08-22,0.9733160138130188,6,83290692.859082
32.211689,77.228568,5.869999885559082,2862.108398,2020-08-29,0.962556004524231,5,83970652.715955
32.211673736572266,77.237899,12.5,3129.518799,2020-08-29,0.9746950268745422,6,83970652.761418
32.212947845458984,77.143733,21.75,3409.281494,2020-08-22,0.9571070075035095,6,83290692.850818
32.212064,77.200687,5.239999771118164,1868.189819,2020-08-29,0.9620019793510437,1,83970652.410161
32.211774,77.218253,15.229999542236328,2640.0271,2020-08-29,0.9759169816970825,3,83970652.261409
32.211306,77.237468,34.599998,3124.152588,2020-08-29,0.9699959754943848,6,83970652.753152
32.211726,77.208784,41.029999,2313.733887,2020-08-29,0.9758470058441162,2,83970652.215957
32.21140670776367,77.217823,14.039999961853027,2650.759521,2020-08-29,0.9843500256538391,3,83970652.253145
32.21132278442383,77.228139,4.679999828338623,2868.085205,2020-08-29,0.9698489904403687,5,83970652.707689
32.211701,77.200261,12.579999923706055,1854.999878,2020-08-29,0.9834989905357361,1,83970652.401897
32.211369,77.208364,34.330002,2292.171143,2020-08-29,0.9737769961357117,2,83970652.207693
32.210939,77.237038,24.81999969482422,3141.189453,2020-08-29,0.9758970141410828,6,83970652.744886
32.211341857910156,77.199836,4.679999828338623,1852.944458,2020-08-29,0.9689559936523438,1,83970652.393633
32.21104431152344,77.217398,5.349999904632568,2655.435547,2020-08-29,0.9596480131149292,3,83970652.244881
32.21095657348633,77.227711,7.21999979019165,2871.050049,2020-08-29,0.9686490297317505,5,83970652.699423
32.212207,77.142861,13.630000114440918,3476.581055,2020-08-22,0.9610170125961304,6,83290692.83429
32.211875915527344,77.152608,14.529999732971191,3231.460449,2020-08-22,0.9686110019683838,8,83290693.272338
32.211009,77.207942,43.02000045776367,2263.195068,2020-08-29,0.975862979888916,2,83970652.199429
32.210584,77.227275,33.029999,2880.883545,2020-08-29,0.9649369716644287,5,83970652.691157
32.210574,77.23661041259766,21.190001,3147.913086,2020-08-29,0.967054009437561,6,83970652.73662
32.211837,77.142425,14.640000343322754,3507.84375,2020-08-22,0.9507499933242798,6,83290692.826026
32.210676,77.216967,32.68000030517578,2641.998535,2020-08-29,0.9785910248756409,3,83970652.236617
32.210212,77.236187,5.539999961853027,3144.150146,2020-08-29,0.9732130169868469,6,83970652.728354
32.211509,77.152178,14.859999656677246,3245.961914,2020-08-22,0.9777200222015381,8,83290693.264074
32.210649,77.20751953125,53.84000015258789,2232.490967,2020-08-29,0.959604024887085,2,83970652.191165
32.210218,77.226847,28.229999542236328,2891.485107,2020-08-29,0.9653369784355164,5,83970652.682891
32.210301,77.207108,24.93000030517578,2197.508057,2020-08-29,0.9834650158882141,2,83970652.182901
32.209842,77.235754,15.350000381469727,3158.757324,2020-08-29,0.9732850193977356,6,83970652.720088
32.211144,77.151748,10.029999732971191,3262.572998,2020-08-22,0.976876974105835,8,83290693.25581
32.211012,77.160872,32.240002,3044.204834,2020-08-22,0.970255970954895,11,83290693.292998
32.209958,77.21612548828125,17.260000228881836,2610.525146,2020-08-29,0.9700769782066345,3,83970652.220089
32.209855,77.226423,7.820000171661377,2897.435791,2020-08-29,0.9738669991493225,5,83970652.674625
32.211097,77.141552,14.069999694824219,3568.856201,2020-08-22,0.9521539807319641,6,83290692.809498
32.210777282714844,77.151317,11.569999694824219,3279.018066,2020-08-22,0.977698028087616,8,83290693.247546
32.210645,77.160439,31.450001,3065.63916,2020-08-22,0.9819669723510742,11,83290693.284734
32.209941,77.206686,46.720001,2153.776367,2020-08-29,0.9725720286369324,2,83970652.174637
32.20948791503906,77.225993,9.430000305175781,2905.937988,2020-08-29,0.9709839820861816,5,83970652.666359
32.209476470947266,77.235325,8.460000038146973,3172.919922,2020-08-29,0.9699500203132629,6,83970652.711822
32.209589,77.206272,19.729999542236328,2130.726074,2020-08-29,0.9784190058708191,2,83970652.166373
32.20960235595703,77.215707,32.189999,2561.753174,2020-08-29,0.97747802734375,3,83970652.211825
32.209110260009766,77.234897,7.110000133514404,3177.520752,2020-08-29,0.9694070219993591,6,83970652.703556
32.210411,77.150887,9.170000076293945,3296.0271,2020-08-22,0.9765729904174805,8,83290693.239282
32.210279,77.160008,43.139999,3071.539307,2020-08-22,0.9715859889984131,11,83290693.27647
32.209787,77.188594,9.470000267028809,1762.44397,2020-08-29,0.9811450242996216,0,83970652.315125
32.209245,77.215288,38.75,2525.336426,2020-08-29,0.9632480144500732,3,83970652.203561
32.209121,77.225565,7.900000095367432,2914.881348,2020-08-29,0.9705110192298889,5,83970652.658093
32.210356,77.140677,19.989999771118164,3630.794189,2020-08-22,0.9516969919204712,6,83290692.79297
32.209228,77.205848,18.079999923706055,2118.7229,2020-08-29,0.9695320129394531,2,83970652.158109
32.208743,77.234468,9.239999771118164,3181.121582,2020-08-29,0.9773190021514893,6,83970652.69529
32.210044,77.150454,19.469999,3308.328857,2020-08-22,0.9800879955291748,8,83290693.231018
32.209912,77.159576,37.029999,3093.730957,2020-08-22,0.9892290234565735,11,83290693.268206
32.20888900756836,77.214872,31.739999771118164,2492.913086,2020-08-29,0.9620010256767273,3,83970652.195297
32.208756,77.225137,5.989999771118164,2916.296143,2020-08-29,0.9697750210762024,5,83970652.649827
32.209677,77.15001678466797,22.920000076293945,3329.923584,2020-08-22,0.9785159826278687,8,83290693.222754
32.20954513549805,77.159141,38.869999,3123.805908,2020-08-22,0.9652060270309448,11,83290693.259942
32.209052,77.187736,6.46999979019165,1793.679688,2020-08-29,0.9825040102005005,0,83970652.298597
32.208866119384766,77.205424,29.84000015258789,2095.296631,2020-08-29,0.9748420119285583,2,83970652.149845
32.208529,77.214448,44.549999,2466.04541,2020-08-29,0.9553989768028259,3,83970652.187033
32.208392,77.224711,4.980000019073486,2914.089111,2020-08-29,0.9673609733581543,5,83970652.641561
32.208379,77.234041,10.260000228881836,3178.739746,2020-08-29,0.9728450179100037,6,83970652.687024
32.20851135253906,77.205006,16.280001,2071.267334,2020-08-29,0.9803979992866516,2,83970652.141581
32.208011,77.233612,8.079999923706055,3190.898682,2020-08-29,0.976485013961792,6,83970652.678758
32.209311,77.149592,4.190000057220459,3355.029297,2020-08-22,0.9785259962081909,8,83290693.21449
32.209178,77.158708,28.420000076293945,3157.332031,2020-08-22,0.9827880263328552,11,83290693.251678
32.208685,77.187308,10.369999885559082,1796.789307,2020-08-29,0.9774550199508667,0,83970652.290333
32.208030700683594,77.224288,21.489999771118164,2876.144287,2020-08-29,0.9686030149459839,5,83970652.633295
32.2092399597168,77.139356,56.650002,3722.771484,2020-08-22,0.9617760181427002,6,83290692.768178
32.208151,77.204585,17.139999,2046.931641,2020-08-29,0.9813420176506042,2,83970652.133317
32.207645416259766,77.233183,6.920000076293945,3197.766602,2020-08-29,0.9751819968223572,6,83970652.670492
32.208946228027344,77.149164,5.010000228881836,3360.456055,2020-08-22,0.9669690132141113,8,83290693.206226
32.208809,77.15827178955078,31.719999,3191.679199,2020-08-22,0.973471999168396,11,83290693.243414
32.207673,77.22386932373047,20.969999,2837.290039,2020-08-29,0.9679790139198303,5,83970652.625029
32.20886993408203,77.13892364501953,68.970001,3737.843262,2020-08-22,0.9611380100250244,6,83290692.759914
32.208579,77.148729,21.299999,3370.29248,2020-08-22,0.967290997505188,8,83290693.197962
32.208438873291016,77.157831,38.040001,3228.385986,2020-08-22,0.9836869835853577,11,83290693.23515
32.207777,77.204149,41.18000030517578,2060.954834,2020-08-29,0.9674450159072876,2,83970652.125053
32.207458,77.213193,7.630000114440918,2407.287109,2020-08-29,0.9818710088729858,3,83970652.162241
32.207316,77.223452,17.780001,2794.253906,2020-08-29,0.97051602602005,5,83970652.616763
32.207281,77.232757,8.800000190734863,3190.470947,2020-08-29,0.9723190069198608,6,83970652.662226
32.20850372314453,77.13848876953125,41.709999,3773.477783,2020-08-22,0.9610620141029358,6,83290692.75165
32.206922,77.232338,16.059999,3147.322998,2020-08-29,0.975587010383606,6,83970652.65396
32.208211,77.148294,22.31999969482422,3401.37793,2020-08-22,0.9556260108947754,8,83290693.189698
32.207586,77.186023,9.729999542236328,1823.133179,2020-08-29,0.9539999961853027,0,83970652.265541
32.207091,77.212763,32.97999954223633,2390.438965,2020-08-29,0.967877984046936,3,83970652.153977
32.206956,77.22303009033203,34.52000045776367,2756.873779,2020-08-29,0.9706429839134216,5,83970652.608497
32.208135,77.138055,20.219999,3818.972412,2020-08-22,0.9550409913063049,6,83290692.743386
32.207224,77.185599,13.289999961853027,1805.392456,2020-08-29,0.9668959975242615,0,83970652.257277
32.207052,77.20330047607422,20.920000076293945,2060.787842,2020-08-29,0.9810370206832886,2,83970652.108525
32.206599,77.222611,36.060001,2717.814209,2020-08-29,0.9618809819221497,5,83970652.600233
32.20656204223633,77.231916,35.419998,3105.282715,2020-08-29,0.9706889986991882,6,83970652.645694
32.207842,77.147856,31.530001,3428.199951,2020-08-22,0.9573590159416199,8,83290693.181434
32.206199,77.231492,54.93000030517578,3073.599365,2020-08-29,0.9701259732246399,6,83970652.637428
32.207768,77.137623,17.149999618530273,3836.170654,2020-08-22,0.9730100035667419,6,83290692.735122
32.206378,77.211927,30.809999,2326.260254,2020-08-29,0.9770979881286621,3,83970652.137449
32.206246,77.222197,18.68000030517578,2675.645508,2020-08-29,0.9714429974555969,5,83970652.591969
32.207404,77.137198,12.199999809265137,3834.016846,2020-08-22,0.9722880125045776,6,83290692.726858
32.206327,77.202452,27.399999618530273,2032.156982,2020-08-29,0.963653028011322,2,83970652.091997
32.205846,77.2310791015625,50.700001,3014.085938,2020-08-29,0.9645090103149414,6,83970652.629162
32.206483,77.184737,23.920000076293945,1843.142822,2020-08-29,0.9812480211257935,0,83970652.240749
32.206016,77.211504,35.259998,2306.645752,2020-08-29,0.9883710145950317,3,83970652.129185
32.20588684082031,77.221776,35.22999954223633,2631.086426,2020-08-29,0.9659280180931091,5,83970652.583705
32.20703887939453,77.136773,15.5,3823.658203,2020-08-22,0.9725279808044434,6,83290692.718594
32.205983,77.202044,28.149999618530273,1951.455078,2020-08-29,0.9661629796028137,2,83970652.083733
32.205529,77.221356,42.84000015258789,2590.788818,2020-08-29,0.970320999622345,5,83970652.575441
32.205501556396484,77.230676,17.260000228881836,2952.085205,2020-08-29,0.9716529846191406,6,83970652.620896
32.206108,77.184302,40.65999984741211,1872.598145,2020-08-29,0.9650440216064453,0,83970652.232485
32.20561981201172,77.201619,26.280001,1945.358887,2020-08-29,0.9615479707717896,2,83970652.075469
32.205142974853516,77.230259,7.559999942779541,2915.476074,2020-08-29,0.9753730297088623,6,83970652.61263
32.20668029785156,77.136354,7.630000114440918,3804.398193,2020-08-22,0.9630720019340515,6,83290692.71033
32.206233,77.155215,33.360001,3421.628906,2020-08-22,0.9542620182037354,11,83290693.185566
32.205742,77.183875,21.829999923706055,1894.616089,2020-08-29,0.9683169722557068,0,83970652.224221
32.205178,77.220944,20.399999618530273,2542.917725,2020-08-29,0.9683570265769958,5,83970652.567177
32.206315,77.13592529296875,34.220001,3778.531494,2020-08-22,0.9725469946861267,6,83290692.702066
32.205268,77.201204,18.56999969482422,1901.062378,2020-08-29,0.9648489952087402,2,83970652.067205
32.204822,77.220526,20.399999618530273,2500.543945,2020-08-29,0.9861310124397278,5,83970652.558913
32.204785,77.22984313964844,8.800000190734863,2880.920166,2020-08-29,0.977741003036499,6,83970652.604365
32.205867,77.154783,27.110001,3443.3125,2020-08-22,0.9600800275802612,11,83290693.177302
32.205365,77.18344116210938,25.719999,1940.255859,2020-08-29,0.9593989849090576,0,83970652.215957
32.204424,77.229417,33.439999,2838.913574,2020-08-29,0.9857760071754456,6,83970652.596101
32.205953,77.135503,46.72999954223633,3747.63208,2020-08-22,0.9689239859580994,6,83290692.693802
32.204911,77.200784,32.040001,1857.831421,2020-08-29,0.967602014541626,2,83970652.058941
32.204466,77.220109,7.150000095367432,2470.077881,2020-08-29,0.972868025302887,5,83970652.550649
32.205502,77.154354,6.920000076293945,3468.882812,2020-08-22,0.9731839895248413,11,83290693.169038
32.204993,77.183008,21.600000381469727,1974.567993,2020-08-29,0.9649419784545898,0,83970652.207693
32.204064,77.228996,42.119999,2802.881348,2020-08-29,0.9877470135688782,6,83970652.587837
32.205137,77.153925,11.380000114440918,3466.468018,2020-08-22,0.9613800048828125,11,83290693.160774
32.204609,77.182567,16.959999,2062.548584,2020-08-29,0.9724060297012329,0,83970652.199429
32.20445251464844,77.191757,2.5399999618530273,1691.752686,2020-08-29,0.9678559899330139,1,83970652.236617
32.204108,77.219689,7.75,2435.506104,2020-08-29,0.9704449772834778,5,83970652.542385
32.203749,77.219268,9.359999656677246,2405.173096,2020-08-29,0.9890750050544739,5,83970652.534121
32.203704833984375,77.228576,25.979999542236328,2791.058594,2020-08-29,0.9866870045661926,6,83970652.579573
32.204772,77.153498,20.290001,3458.860107,2020-08-22,0.9621700048446655,11,83290693.15251
32.204232,77.182132,36.389999,2090.144043,2020-08-29,0.956138014793396,0,83970652.191165
32.204089,77.19132995605469,4.190000057220459,1688.456909,2020-08-29,0.958774983882904,1,83970652.228353
32.203856,77.208972,9.390000343322754,2215.074463,2020-08-29,0.9502670168876648,3,83970652.079601
32.203339,77.228147,33.509998,2790.621582,2020-08-29,0.988427996635437,6,83970652.571309
32.204408,77.153072,24.110001,3448.854492,2020-08-22,0.9633209705352783,11,83290693.144246
32.203389,77.218845,22.049999,2370.664062,2020-08-29,0.9869019985198975,5,83970652.525857
32.204524993896484,77.143918,7.599999904632568,3775.675049,2020-08-22,0.9510859847068787,8,83290693.10705
32.203861236572266,77.18170166015625,42.389999,2116.526611,2020-08-29,0.9630810022354126,0,83970652.182901
32.202979,77.227725,36.360001,2763.480713,2020-08-29,0.985306978225708,6,83970652.563045
32.204157,77.143483,30.670000076293945,3777.250977,2020-08-22,0.9702249765396118,8,83290693.098784
32.204048,77.152657,25.350000381469727,3403.558838,2020-08-22,0.9707649946212769,11,83290693.135981
32.2034912109375,77.18126678466797,45.939999,2130.962158,2020-08-29,0.9731289744377136,0,83970652.174637
32.203143,77.208136,10.180000305175781,2146.135254,2020-08-29,0.9517019987106323,3,83970652.063073
32.203031,77.218425,10.779999732971191,2352.231201,2020-08-29,0.9895600080490112,5,83970652.517593
32.202672,77.218004,9.960000038146973,2323.177002,2020-08-29,0.9881510138511658,5,83970652.509329
32.202615,77.227299,42.56999969482422,2750.417725,2020-08-29,0.9850000143051147,6,83970652.554781
32.202394,77.237183,43.029999,2763.365967,2020-08-29,0.978763997554779,8,83970652.99696
32.203795,77.143062,3.549999952316284,3780.071533,2020-08-22,0.9660940170288086,8,83290693.090518
32.203685,77.152232,35.27000045776367,3383.517334,2020-08-22,0.963204026222229,11,83290693.127715
32.2031135559082,77.180835,64.559998,2158.679688,2020-08-29,0.9659950137138367,0,83970652.166373
32.202743,77.198242,6.210000038146973,1796.970215,2020-08-29,0.9783989787101746,2,83970652.009357
32.202254,77.226876,25.15999984741211,2752.088623,2020-08-29,0.9716470241546631,6,83970652.546517
32.203321,77.151808,35.15999984741211,3366.981445,2020-08-22,0.9711840152740479,11,83290693.119449
32.202314,77.217584,10.109999656677246,2292.248291,2020-08-29,0.9718019962310791,5,83970652.501065
32.202039,77.236768,13.520000457763672,2734.658447,2020-08-29,0.9750199913978577,8,83970652.988696
32.203428,77.142626,33.209999,3776.800049,2020-08-22,0.9576550126075745,8,83290693.082252
32.20273971557617,77.180402,55.610001,2206.109619,2020-08-29,0.976311981678009,0,83970652.158109
32.202626,77.189621,25.610001,1682.044312,2020-08-29,0.9612299799919128,1,83970652.195297
32.201956,77.217163,20.18000030517578,2251.471191,2020-08-29,0.986624002456665,5,83970652.492801
32.2018928527832,77.226453,27.139999,2731.579346,2020-08-29,0.9686179757118225,6,83970652.538253
32.201677,77.236344,16.209999,2712.500244,2020-08-29,0.9779980182647705,8,83970652.980432
32.203066,77.142208,8.420000076293945,3769.758545,2020-08-22,0.956233024597168,8,83290693.073986
32.202956,77.151378,12.770000457763672,3394.21167,2020-08-22,0.978065013885498,11,83290693.111183
32.202375,77.179975,22.389999,2239.247803,2020-08-29,0.9657970070838928,0,83970652.149845
32.201599,77.216744,17.860001,2216.104004,2020-08-29,0.9859369993209839,5,83970652.484537
32.201536,77.226034,37.849998,2683.957031,2020-08-29,0.9650499820709229,6,83970652.529989
32.201315,77.235918,38.349998,2678.750732,2020-08-29,0.9673979878425598,8,83970652.972168
32.20258712768555,77.150938,37.40999984741211,3414.915283,2020-08-22,0.9782099723815918,11,83290693.102917
32.20200729370117,77.179546,37.110001,2238.222168,2020-08-29,0.9609150290489197,0,83970652.141581
32.201901,77.188771,8.15999984741211,1680.746582,2020-08-29,0.9616780281066895,1,83970652.178769
32.2016487121582,77.196961,5.760000228881836,1792.367798,2020-08-29,0.9811760187149048,2,83970651.984565
32.201181,77.225618,31.979999542236328,2644.203613,2020-08-29,0.9913830161094666,6,83970652.521725
32.200957,77.235498,35.09000015258789,2645.279541,2020-08-29,0.9681050181388855,8,83970652.963904
32.202219,77.150502,48.490002,3427.366943,2020-08-22,0.9781889915466309,11,83290693.094651
32.201242,77.216325,11.039999961853027,2186.884766,2020-08-29,0.9829890131950378,5,83970652.476273
32.202334,77.141346,49.279999,3747.583252,2020-08-22,0.9502859711647034,8,83290693.057454
32.201639,77.179118,48.560001,2236.179199,2020-08-29,0.9683160185813904,0,83970652.133317
32.20128631591797,77.196534,7.670000076293945,1788.09436,2020-08-29,0.9726999998092651,2,83970651.976301
32.200885,77.215905,13.510000228881836,2150.340332,2020-08-29,0.9900389909744263,5,83970652.468009
32.200823,77.225199,38.790001,2604.054199,2020-08-29,0.9850109815597534,6,83970652.513461
32.200599,77.235079,27.450001,2612.788086,2020-08-29,0.968887984752655,8,83970652.95564
32.201969,77.140917,51.27000045776367,3749.043945,2020-08-22,0.9648029804229736,8,83290693.049188
32.201851,77.150064,22.09000015258789,3489.580078,2020-08-22,0.9773749709129333,11,83290693.086385
32.201281,77.17869567871094,14.0,2243.862793,2020-08-29,0.9776250123977661,0,83970652.125053
32.201169,77.187916,14.789999961853027,1680.611084,2020-08-29,0.9607769846916199,1,83970652.162241
32.200469970703125,77.224786,14.449999809265137,2564.835449,2020-08-29,0.990293025970459,6,83970652.505197
32.200526,77.215484,10.630000114440918,2122.451172,2020-08-29,0.9726830124855042,5,83970652.459745
32.200239,77.234656,17.40999984741211,2598.086426,2020-08-29,0.9766359925270081,8,83970652.947376
32.201604,77.140489,57.330002,3743.430908,2020-08-22,0.9641100168228149,8,83290693.040922
32.20148468017578,77.149634,19.469999,3497.927002,2020-08-22,0.9779019951820374,11,83290693.078119
32.200914,77.178268,12.949999809265137,2249.936279,2020-08-29,0.9634969830513,0,83970652.116789
32.200114,77.224369,29.799999,2510.914551,2020-08-29,0.9672759771347046,6,83970652.496933
32.199884,77.234241,42.02000045776367,2514.467041,2020-08-29,0.9677850008010864,8,83970652.939112
32.201118,77.149199,24.709999,3518.216553,2020-08-22,0.9721329808235168,11,83290693.069853
32.200431,77.187056,17.600000381469727,1713.522949,2020-08-29,0.9766010046005249,1,83970652.145713
32.200158,77.215052,46.580002,2111.711182,2020-08-29,0.9822109937667847,5,83970652.451481
32.200545,77.177839,11.829999923706055,2266.887939,2020-08-29,0.9756529927253723,0,83970652.108525
32.200194,77.195253,4.53000020980835,1783.340942,2020-08-29,0.975350022315979,2,83970651.951509
32.199911,77.204343,13.100000381469727,1936.50769,2020-08-29,0.9543930292129517,3,83970651.988697
32.199793,77.214624,48.119999,2110.927246,2020-08-29,0.9803159832954407,5,83970652.443217
32.199762,77.223956,8.199999809265137,2471.036133,2020-08-29,0.9882649779319763,6,83970652.488669
32.19952392578125,77.233819,36.919998,2489.721191,2020-08-29,0.961205005645752,8,83970652.930848
32.200175,77.177408,17.0,2283.6521,2020-08-29,0.9729959964752197,0,83970652.100261
32.200061,77.186625,24.149999618530273,1728.136108,2020-08-29,0.9770950078964233,1,83970652.137449
32.199405670166016,77.223539,9.510000228881836,2426.471436,2020-08-29,0.9868199825286865,6,83970652.480405
32.19942855834961,77.214198,23.770000457763672,2131.580078,2020-08-29,0.9624689817428589,5,83970652.434953
32.199164,77.233396,23.549999,2476.122559,2020-08-29,0.9716339707374573,8,83970652.922584
32.200511,77.139212,87.709999,3691.498535,2020-08-22,0.9679589867591858,8,83290693.016124
32.199803,77.176976,36.580002,2292.531006,2020-08-29,0.9682000279426575,0,83970652.091997
32.199687,77.186192,23.59000015258789,1764.605225,2020-08-29,0.9812859892845154,1,83970652.129185
32.199466705322266,77.194399,5.71999979019165,1776.47168,2020-08-29,0.9798250198364258,2,83970651.934981
32.199073,77.213779,27.149999618530273,2089.645752,2020-08-29,0.9606119990348816,5,83970652.426689
32.199042,77.223112,48.860001,2382.549561,2020-08-29,0.9884080290794373,6,83970652.472141
32.198806,77.232976,32.540001,2430.806152,2020-08-29,0.9646700024604797,8,83970652.91432
32.20014953613281,77.1387939453125,54.669998,3689.557373,2020-08-22,0.9586189985275269,8,83290693.007858
32.200019,77.147904,18.90999984741211,3562.770264,2020-08-22,0.9587290287017822,11,83290693.045055
32.19868850708008,77.22270202636719,13.140000343322754,2357.759521,2020-08-29,0.986178994178772,6,83970652.463877
32.199442,77.176552,17.780001,2294.39502,2020-08-29,0.974602997303009,0,83970652.083733
32.199317,77.185761,21.489999771118164,1786.804077,2020-08-29,0.9723089933395386,1,83970652.120921
32.199102,77.193972,5.869999885559082,1775.609131,2020-08-29,0.9737949967384338,2,83970651.926717
32.198718,77.213361,8.979999542236328,2063.8125,2020-08-29,0.9903759956359863,5,83970652.418425
32.198451,77.232561,9.960000038146973,2394.875732,2020-08-29,0.9539300203323364,8,83970652.906056
32.199782,77.13835906982422,73.440002,3697.064453,2020-08-22,0.9659309983253479,8,83290692.999592
32.199063,77.176116,51.560001,2317.763428,2020-08-29,0.9698830246925354,0,83970652.075469
32.198945,77.185328,23.770000457763672,1814.063477,2020-08-29,0.9734410047531128,1,83970652.112657
32.198328,77.22227478027344,26.209999,2331.291504,2020-08-29,0.9866520166397095,6,83970652.455613
32.19809341430664,77.232142,6.590000152587891,2355.003662,2020-08-29,0.9704779982566833,8,83970652.897792
32.198739,77.193545,5.349999904632568,1772.787598,2020-08-29,0.9784409999847412,2,83970651.918453
32.198358,77.21293640136719,21.940001,2027.294556,2020-08-29,0.9866889715194702,5,83970652.410161
32.199418,77.137935,63.47999954223633,3698.000977,2020-08-22,0.9657449722290039,8,83290692.991326
32.198693,77.175685,49.540001,2341.319336,2020-08-29,0.9761040210723877,0,83970652.067205
32.198576,77.184898,15.050000190734863,1840.144409,2020-08-29,0.9737210273742676,1,83970652.104393
32.198002,77.212522,16.770000457763672,1990.511475,2020-08-29,0.9898629784584045,5,83970652.401897
32.19797134399414,77.221856,45.040001,2280.982178,2020-08-29,0.9616609811782837,6,83970652.447349
32.197732,77.231718,22.989999771118164,2319.273438,2020-08-29,0.9784929752349854,8,83970652.889528
32.197537,77.240747,45.580002,2541.008789,2020-08-29,0.9811000227928162,11,83970652.926716
32.199058532714844,77.137527,20.06999969482422,3672.459473,2020-08-22,0.9649670124053955,8,83290692.98306
32.198916,77.146599,24.899999618530273,3630.741211,2020-08-22,0.957834005355835,11,83290693.020257
32.197615,77.22144317626953,36.43000030517578,2241.711182,2020-08-29,0.9671019911766052,6,83970652.439085
32.288924,77.149038,64.589996,2563.511963,2020-09-22,0.9666140079498291,8,86010672.003199
32.288761,77.158156,7.900000095367432,2591.91626,2020-09-22,0.971094012260437,11,86010672.040387
32.288823,77.138731,90.559998,2689.802246,2020-09-22,0.9704160094261169,6,86010671.552798
32.288573,77.148623,12.130000114440918,2554.161377,2020-09-22,0.9762279987335205,8,86010671.994935
32.288396,77.157727,18.459999,2583.730957,2020-09-22,0.9733309745788574,11,86010672.032123
32.28844451904297,77.138291,71.5,2756.463379,2020-09-22,0.9693940281867981,6,86010671.544532
32.288206,77.148193,26.540001,2552.736572,2020-09-22,0.97051602602005,8,86010671.986671
32.288029,77.157298,9.770000457763672,2602.271484,2020-09-22,0.9673939943313599,11,86010672.023859
32.28807067871094,77.137853,40.90999984741211,2828.533936,2020-09-22,0.9698609709739685,6,86010671.536266
32.287847,77.147772,12.279999732971191,2540.269531,2020-09-22,0.9750880002975464,8,86010671.978407
32.28767013549805,77.156875,24.329999923706055,2564.438965,2020-09-22,0.9740520119667053,11,86010672.015595
32.287695,77.137416,40.650002,2868.205322,2020-09-22,0.9638329744338989,6,86010671.528
32.287484,77.147346,19.770000457763672,2523.031006,2020-09-22,0.974170982837677,8,86010671.970143
32.287312,77.156455,7.860000133514404,2552.424316,2020-09-22,0.9745969772338867,11,86010672.007331
32.2871208190918,77.146918,4.260000228881836,2542.275635,2020-09-22,0.9685819745063782,8,86010671.961879
32.286949,77.156029,11.149999618530273,2541.060791,2020-09-22,0.9737439751625061,11,86010671.999067
32.286753,77.146488,9.729999542236328,2545.848145,2020-09-22,0.9698169827461243,8,86010671.953615
32.286589,77.155607,11.9399995803833,2518.560059,2020-09-22,0.9721289873123169,11,86010671.990803
32.2863883972168,77.146063,10.220000267028809,2537.433594,2020-09-22,0.9694229960441589,8,86010671.945351
32.286229,77.155183,11.270000457763672,2501.323486,2020-09-22,0.9678969979286194,11,86010671.982539
32.286029,77.145639,81.18000030517578,2448.517578,2020-09-22,0.9591910243034363,8,86010671.937087
32.285871,77.154763,14.0,2469.604004,2020-09-22,0.9710350036621094,11,86010671.974275
32.285508,77.154336,9.09000015258789,2468.952637,2020-09-22,0.9736859798431396,11,86010671.966011
32.28529357910156,77.144779,60.959999,2492.678467,2020-09-22,0.9671369791030884,8,86010671.920559
32.285144,77.1539077758789,16.729999542236328,2454.943115,2020-09-22,0.971422016620636,11,86010671.957747
32.284922,77.144344,52.419998,2532.006592,2020-09-22,0.9660030007362366,8,86010671.912295
32.284783,77.153486,8.829999923706055,2448.984131,2020-09-22,0.967402994632721,11,86010671.949483
32.284551,77.143911,36.09000015258789,2575.583008,2020-09-22,0.9660339951515198,8,86010671.904031
32.284420013427734,77.153061,9.390000343322754,2438.529297,2020-09-22,0.9684500098228455,11,86010671.941219
32.284163,77.143461,51.0,2660.785889,2020-09-22,0.9647870063781738,8,86010671.895767
32.28378677368164,77.143023,55.560001,2703.217041,2020-09-22,0.9766430258750916,8,86010671.887503
32.283715,77.152231,13.359999656677246,2326.292236,2020-09-22,0.9751160144805908,11,86010671.924691
32.283354,77.151807,13.100000381469727,2314.886719,2020-09-22,0.9670839905738831,11,86010671.916427
32.283415,77.142589,46.880001,2741.409424,2020-09-22,0.9683690071105957,8,86010671.879239
32.283042,77.142153,33.619999,2792.44458,2020-09-22,0.9669899940490723,8,86010671.870975
32.282976,77.151365,30.25,2354.963623,2020-09-22,0.9743919968605042,11,86010671.908163
32.282674,77.141723,39.009998,2800.101318,2020-09-22,0.9680020213127136,8,86010671.862711
32.282606,77.150932,8.460000038146973,2400.068848,2020-09-22,0.9734190106391907,11,86010671.899899
32.282236,77.150499,10.520000457763672,2421.572754,2020-09-22,0.973816990852356,11,86010671.891635
32.282316,77.141301,18.530001,2792.673828,2020-09-22,0.9638209939002991,8,86010671.854447
32.281953,77.140876,33.580002,2768.567627,2020-09-22,0.9736199975013733,8,86010671.846183
32.281867,77.150067,9.880000114440918,2437.638428,2020-09-22,0.9721119999885559,11,86010671.883371
32.28159713745117,77.140456,58.639999,2709.470459,2020-09-22,0.9624590277671814,8,86010671.837919
32.281494140625,77.149632,13.8100004196167,2468.806641,2020-09-22,0.9735040068626404,11,86010671.875107
32.28112030029297,77.149194,30.100000381469727,2495.464111,2020-09-22,0.9727489948272705,11,86010671.866843
32.281231,77.140027,32.15999984741211,2742.403809,2020-09-22,0.9702330231666565,8,86010671.829655
32.280853271484375,77.139586,50.919998,2780.009766,2020-09-22,0.9663199782371521,8,86010671.821391
32.280751,77.148762,16.209999,2527.966553,2020-09-22,0.972262978553772,11,86010671.858579
32.280487060546875,77.139157,47.47999954223633,2790.540771,2020-09-22,0.9603790044784546,8,86010671.813127
32.28038024902344,77.148328,21.149999618530273,2550.209229,2020-09-22,0.9767439961433411,11,86010671.850315
32.280109,77.138717,36.31999969482422,2857.741699,2020-09-22,0.96492600440979,8,86010671.804863
32.280006408691406,77.14788818359375,34.560001,2580.357666,2020-09-22,0.974128007888794,11,86010671.842051
32.279744,77.138288,42.009998,2856.868408,2020-09-22,0.9656410217285156,8,86010671.796599
32.279635,77.147456,48.52000045776367,2592.633789,2020-09-22,0.9692969918251038,11,86010671.833787
32.27937698364258,77.137858,33.43000030517578,2876.219727,2020-09-22,0.9667580127716064,8,86010671.788335
32.279276,77.147034,14.670000076293945,2602.115479,2020-09-22,0.9741770029067993,11,86010671.825523
32.278899,77.146593,71.360001,2600.246582,2020-09-22,0.9689750075340271,11,86010671.817259
32.279011,77.137428,29.049999,2890.378174,2020-09-22,0.9758939743041992,8,86010671.780071
32.278651,77.137005,17.030001,2882.969971,2020-09-22,0.9749749898910522,8,86010671.771807
32.278528,77.146159,46.650002,2651.993652,2020-09-22,0.9684690237045288,11,86010671.808995
32.27816390991211,77.145731,22.610001,2675.528076,2020-09-22,0.9775670170783997,11,86010671.800731
32.277793,77.145296,18.229999542236328,2710.665283,2020-09-22,0.9676089882850647,11,86010671.792467
32.277408599853516,77.14485168457031,48.560001,2760.715332,2020-09-22,0.9632009863853455,11,86010671.784203
32.27703857421875,77.144415,43.810001,2791.256348,2020-09-22,0.974295973777771,11,86010671.775939
32.276674,77.143986,38.080002,2804.725098,2020-09-22,0.9777780175209045,11,86010671.767675
32.276303,77.143551,34.18000030517578,2837.373535,2020-09-22,0.974032998085022,11,86010671.759411
32.275938,77.143122,18.940001,2858.679199,2020-09-22,0.9786919951438904,11,86010671.751147
32.275569915771484,77.14269256591797,35.310001,2859.418457,2020-09-22,0.9738370180130005,11,86010671.742883
32.275199,77.142255,47.59000015258789,2875.507812,2020-09-22,0.9722570180892944,11,86010671.734619
32.27482986450195,77.141821,36.389999,2909.82251,2020-09-22,0.9757440090179443,11,86010671.726355
32.274466,77.141394,32.15999984741211,2915.97998,2020-09-22,0.9689019918441772,11,86010671.718091
32.27408981323242,77.140953,41.40999984741211,2958.345459,2020-09-22,0.9721400141716003,11,86010671.709827
32.273717,77.140516,46.759998,2991.47876,2020-09-22,0.9780460000038147,11,86010671.701563
32.273347,77.140082,28.719999,3037.645264,2020-09-22,0.9742180109024048,11,86010671.693299
32.27297592163086,77.139647,32.97999954223633,3063.075928,2020-09-22,0.9768319725990295,11,86010671.685035
32.272605895996094,77.139213,44.220001,3078.636719,2020-09-22,0.9716050028800964,11,86010671.676771
32.27223587036133,77.138778,25.940001,3124.508545,2020-09-22,0.9771190285682678,11,86010671.668507
32.2718620300293,77.138339,26.770000457763672,3170.342529,2020-09-22,0.9725099802017212,11,86010671.660243
32.271497,77.13790893554688,26.65999984741211,3176.988281,2020-09-22,0.9762250185012817,11,86010671.651979
32.271125,77.1374740600586,36.950001,3202.596924,2020-09-22,0.9734209775924683,11,86010671.643715
32.287997,77.197325,9.359999656677246,3053.822021,2021-05-10,0.9584590196609497,8,105843913.666469
32.288116455078125,77.188254,7.340000152587891,2688.731201,2021-05-10,0.9849640130996704,11,105843913.521831
32.287714,77.210652,27.760000228881836,3419.670166,2021-05-10,0.9854689836502075,6,105843913.455719
32.287501,77.219939,31.09000015258789,3418.144775,2021-05-10,0.9610159993171692,5,105843913.600341
32.287752,77.188681,8.720000267028809,2698.671143,2021-05-10,0.9621909856796265,11,105843913.530095
32.287633,77.197752,10.5600004196167,3047.511963,2021-05-10,0.9505760073661804,8,105843913.674735
32.287349700927734,77.2110824584961,28.690001,3413.938232,2021-05-10,0.9860780239105225,6,105843913.463983
32.28713607788086,77.220368,22.809999,3410.036377,2021-05-10,0.9609450101852417,5,105843913.608607
32.28738784790039,77.189108,7.340000152587891,2714.348877,2021-05-10,0.9640200138092041,11,105843913.538359
32.287268,77.19818115234375,14.529999732971191,3022.084473,2021-05-10,0.9540650248527527,8,105843913.683001
32.286985,77.211508,35.549999,3388.951172,2021-05-10,0.9851710200309753,6,105843913.472247
32.286771,77.220796,8.199999809265137,3406.500977,2021-05-10,0.9700559973716736,5,105843913.616873
32.287025451660156,77.189535,21.309999,2727.296143,2021-05-10,0.9583950042724609,11,105843913.546623
32.286903381347656,77.198607,3.7799999713897705,3031.238525,2021-05-10,0.9618489742279053,8,105843913.691267
32.286406,77.221224,24.309999,3381.610352,2021-05-10,0.9578390121459961,5,105843913.625139
32.286659240722656,77.189962,4.679999828338623,2722.445557,2021-05-10,0.9724469780921936,11,105843913.554887
32.286539,77.199035,4.599999904632568,3038.192871,2021-05-10,0.9663410186767578,8,105843913.699533
32.286042,77.221652,33.380001,3368.63623,2021-05-10,0.9677709937095642,5,105843913.633405
32.2857666015625,77.235251,7.940000057220459,3905.749512,2021-05-10,0.9539330005645752,3,105843913.418532
32.286296,77.190389,8.3100004196167,2720.99292,2021-05-10,0.969631016254425,11,105843913.563151
32.28617477416992,77.199462,11.90999984741211,3056.578369,2021-05-10,0.9813479781150818,8,105843913.707799
32.285889,77.212796,36.75,3311.084961,2021-05-10,0.9822210073471069,6,105843913.497039
32.285676,77.222083,28.989999771118164,3330.885254,2021-05-10,0.9684010148048401,5,105843913.641671
32.285932,77.190816,11.680000305175781,2725.967041,2021-05-10,0.9714059829711914,11,105843913.571415
32.285811,77.199889,10.670000076293945,3082.411377,2021-05-10,0.9828159809112549,8,105843913.716065
32.285524,77.213225,33.529999,3295.273926,2021-05-10,0.9840660095214844,6,105843913.505303
32.28504180908203,77.23609924316406,3.819999933242798,3946.623779,2021-05-10,0.9516260027885437,3,105843913.43506
32.285447,77.200315,26.670000076293945,3104.409668,2021-05-10,0.9657350182533264,8,105843913.724331
32.285569,77.191243,32.330002,2734.883057,2021-05-10,0.9677010178565979,11,105843913.579679
32.285158,77.213656,40.049999,3232.964844,2021-05-10,0.9539170265197754,6,105843913.513567
32.28494644165039,77.222939,17.899999618530273,3322.003662,2021-05-10,0.961126983165741,5,105843913.658203
32.28467559814453,77.236527,4.190000057220459,3947.975342,2021-05-10,0.9659730195999146,3,105843913.443324
32.285204,77.191671,17.149999618530273,2731.399414,2021-05-10,0.9612339735031128,11,105843913.587943
32.285083,77.200743,21.540001,3122.088623,2021-05-10,0.984595000743866,8,105843913.732597
32.284793,77.214083,50.27000045776367,3218.977295,2021-05-10,0.9854210019111633,6,105843913.521831
32.284582,77.2233657836914,32.220001,3312.495605,2021-05-10,0.9577299952507019,5,105843913.666469
32.284312,77.236954,4.900000095367432,3948.213867,2021-05-10,0.958728015422821,3,105843913.451588
32.28483963012695,77.192097,11.760000228881836,2757.85498,2021-05-10,0.9641900062561035,11,105843913.596208
32.28471755981445,77.201171875,19.780001,3132.212402,2021-05-10,0.950751006603241,8,105843913.740863
32.284427642822266,77.214512,72.040001,3176.719971,2021-05-10,0.9862849712371826,6,105843913.530095
32.283948,77.23738098144531,6.659999847412109,3950.054199,2021-05-10,0.951367974281311,3,105843913.459852
32.28447723388672,77.192524,28.469999,2781.626709,2021-05-10,0.9575030207633972,11,105843913.604474
32.284354,77.201597,18.579999923706055,3133.12085,2021-05-10,0.9609569907188416,8,105843913.749129
32.284061,77.214945,35.470001,3146.783203,2021-05-10,0.9876310229301453,6,105843913.538359
32.283852,77.224221,9.510000228881836,3332.111084,2021-05-10,0.9505980014801025,5,105843913.683001
32.283584,77.237806,4.300000190734863,3960.186279,2021-05-10,0.9511269927024841,3,105843913.468116
32.284114,77.192951,25.850000381469727,2814.393799,2021-05-10,0.9552850127220154,11,105843913.61274
32.28398895263672,77.202025,29.139999,3116.87085,2021-05-10,0.9772289991378784,8,105843913.757395
32.283695220947266,77.215376,18.950001,3108.878662,2021-05-10,0.9817169904708862,6,105843913.546623
32.283751,77.193378,33.40999984741211,2847.196289,2021-05-10,0.9596490263938904,11,105843913.621006
32.283625,77.202453,36.150002,3080.214111,2021-05-10,0.9801130294799805,8,105843913.765661
32.283329010009766,77.215804,14.609999656677246,3097.645264,2021-05-10,0.9862009882926941,6,105843913.554887
32.283125,77.22506713867188,10.970000267028809,3399.828125,2021-05-10,0.960565984249115,5,105843913.699533
32.283387,77.193805,24.200001,2881.053467,2021-05-10,0.9643329977989197,11,105843913.629272
32.283260345458984,77.202881,39.150002,3045.004395,2021-05-10,0.9857450127601624,8,105843913.773927
32.282965,77.216231,9.770000457763672,3102.707275,2021-05-10,0.9701460003852844,6,105843913.563151
32.283023,77.194232,22.139999,2889.329346,2021-05-10,0.9663019776344299,11,105843913.637538
32.282895,77.203309,39.970001,2998.033691,2021-05-10,0.988739013671875,8,105843913.782193
32.282601,77.216657,3.440000057220459,3122.21875,2021-05-10,0.9522650241851807,6,105843913.571415
32.282398,77.225918,11.270000457763672,3473.944824,2021-05-10,0.950016975402832,5,105843913.716065
32.282132,77.239498,17.040001,4059.558838,2021-05-10,0.950547993183136,3,105843913.501172
32.282657623291016,77.19465637207031,25.399999618530273,2876.986816,2021-05-10,0.9689440131187439,11,105843913.645804
32.28253173828125,77.203737,42.779999,2964.426025,2021-05-10,0.98614901304245,8,105843913.790459
32.2822380065918,77.217082,11.460000038146973,3144.796387,2021-05-10,0.9856950044631958,6,105843913.579679
32.282293,77.195087,12.729999542236328,2874.712402,2021-05-10,0.958603024482727,11,105843913.65407
32.282165,77.204165,21.579999923706055,2937.875732,2021-05-10,0.9810429811477661,8,105843913.798725
32.281875,77.217507,11.15999984741211,3169.775635,2021-05-10,0.9789400100708008,6,105843913.587943
32.281928,77.195515,7.940000057220459,2868.061523,2021-05-10,0.9671909809112549,11,105843913.662336
32.281801,77.204593,49.150002,2915.029053,2021-05-10,0.9664109945297241,8,105843913.806991
32.28151321411133,77.21793365478516,23.40999984741211,3210.817383,2021-05-10,0.9556360244750977,6,105843913.596208
32.281564,77.195942,5.989999771118164,2867.215576,2021-05-10,0.9621679782867432,11,105843913.670602
32.281436,77.20501708984375,37.720001,2895.543945,2021-05-10,0.9858930110931396,8,105843913.815257
32.281150817871094,77.218353,36.52000045776367,3243.84375,2021-05-10,0.9803069829940796,6,105843913.604474
32.280944,77.227613,4.269999980926514,3642.494873,2021-05-10,0.9514939785003662,5,105843913.749129
32.281071,77.205448,15.390000343322754,2890.00708,2021-05-10,0.9678199887275696,8,105843913.823522
32.281199,77.19637298583984,3.25,2866.786133,2021-05-10,0.9670820236206055,11,105843913.678868
32.280786,77.21878051757812,24.870001,3267.783936,2021-05-10,0.9797999858856201,6,105843913.61274
32.280835,77.196797,5.800000190734863,2862.893555,2021-05-10,0.9628999829292297,11,105843913.687134
32.280708,77.205874,62.790001,2922.887207,2021-05-10,0.9822319746017456,8,105843913.831786
32.280216217041016,77.228463,3.069999933242798,3700.400391,2021-05-10,0.9629629850387573,5,105843913.765661
32.28047180175781,77.197224,8.199999809265137,2855.438232,2021-05-10,0.9681599736213684,11,105843913.6954
32.280344,77.206301,28.620001,2953.114746,2021-05-10,0.9817349910736084,8,105843913.840051
32.280059,77.2196273803711,14.34000015258789,3335.310547,2021-05-10,0.9856060147285461,6,105843913.629272
32.28010559082031,77.197652,9.25,2846.935059,2021-05-10,0.9716709852218628,11,105843913.703666
32.27997970581055,77.206728,24.760000228881836,2967.864258,2021-05-10,0.980675995349884,8,105843913.848314
32.279696,77.220054,6.099999904632568,3376.637451,2021-05-10,0.9559329748153687,6,105843913.637538
32.27948760986328,77.229315,4.869999885559082,3730.424561,2021-05-10,0.952243983745575,5,105843913.782193
32.279741,77.198079,22.549999,2824.934326,2021-05-10,0.9638850092887878,11,105843913.711932
32.27961730957031,77.207155,53.90999984741211,2993.958496,2021-05-10,0.9853410124778748,8,105843913.856578
32.279124,77.229741,5.429999828338623,3747.899902,2021-05-10,0.956384003162384,5,105843913.790459
32.27937698364258,77.198507,38.290001,2818.753418,2021-05-10,0.9723089933395386,11,105843913.720198
32.279253,77.207582,45.81999969482422,3014.264404,2021-05-10,0.9833890199661255,8,105843913.864843
32.27875900268555,77.230166,4.940000057220459,3771.142822,2021-05-10,0.9554420113563538,5,105843913.798725
32.279011,77.198935,31.620001,2786.134521,2021-05-10,0.9735789895057678,11,105843913.728464
32.27888870239258,77.208008,54.400002,3029.625,2021-05-10,0.9863269925117493,8,105843913.873106
32.278605,77.221331,6.139999866485596,3438.251709,2021-05-10,0.9502009749412537,6,105843913.662336
32.278396,77.230592,6.590000152587891,3789.218506,2021-05-10,0.965004026889801,5,105843913.806991
32.278647,77.199362,24.09000015258789,2792.421631,2021-05-10,0.9847540259361267,11,105843913.73673
32.278526306152344,77.208436,42.290001,3053.382568,2021-05-10,0.971934974193573,8,105843913.88137
32.278033,77.231017,8.010000228881836,3816.69873,2021-05-10,0.9644749760627747,5,105843913.815257
32.278283,77.199789,44.650002,2802.550049,2021-05-10,0.9856380224227905,11,105843913.744996
32.278162,77.208863,52.81999969482422,3053.169678,2021-05-10,0.9835230112075806,8,105843913.889635
32.27787780761719,77.222182,5.5,3483.190674,2021-05-10,0.9544360041618347,6,105843913.678868
32.277669,77.231443,3.700000047683716,3829.339355,2021-05-10,0.9693599939346313,5,105843913.823523
32.277919,77.200216,35.630001,2826.892334,2021-05-10,0.9702569842338562,11,105843913.753262
32.27779769897461,77.20928955078125,33.860001,3072.193359,2021-05-10,0.9700040221214294,8,105843913.897898
32.277514,77.222608,4.230000019073486,3505.188232,2021-05-10,0.9525200128555298,6,105843913.687134
32.277305,77.231869,4.300000190734863,3839.046143,2021-05-10,0.966579020023346,5,105843913.831787
32.277555,77.200644,15.770000457763672,2846.590088,2021-05-10,0.9884049892425537,11,105843913.761528
32.277434,77.209717,37.15999984741211,3088.476562,2021-05-10,0.9673609733581543,8,105843913.906163
32.276941,77.232295,5.690000057220459,3852.787598,2021-05-10,0.9712629914283752,5,105843913.840051
32.277191,77.201071,18.649999618530273,2872.870117,2021-05-10,0.9842119812965393,11,105843913.769794
32.277069091796875,77.21014404296875,40.15999984741211,3099.895508,2021-05-10,0.9686229825019836,8,105843913.914427
32.27657699584961,77.232721,5.050000190734863,3871.887695,2021-05-10,0.966048002243042,5,105843913.848315
32.276828,77.201498,5.28000020980835,2904.497803,2021-05-10,0.9886249899864197,11,105843913.77806
32.276422,77.22388458251953,3.740000009536743,3561.29834,2021-05-10,0.9516540169715881,6,105843913.711932
32.276214,77.233146,6.849999904632568,3891.318604,2021-05-10,0.9704530239105225,5,105843913.856579
32.276464,77.201925,7.110000133514404,2915.360352,2021-05-10,0.9816619753837585,11,105843913.786326
32.276343,77.210998,23.06999969482422,3142.26416,2021-05-10,0.9688230156898499,8,105843913.930955
32.275848388671875,77.23356628417969,8.390000343322754,3926.552979,2021-05-10,0.9669640064239502,5,105843913.864843
32.276101,77.202352,33.119999,2929.810547,2021-05-10,0.9872530102729797,11,105843913.794592
32.275979,77.211425,16.219999,3146.082275,2021-05-10,0.9668300151824951,8,105843913.939219
32.275487,77.233995,5.880000114440918,3956.725586,2021-05-10,0.9729059934616089,5,105843913.873107
32.275737,77.202779,39.150002,2926.623047,2021-05-10,0.9710519909858704,11,105843913.802858
32.275615,77.211852,9.890000343322754,3158.391846,2021-05-10,0.9674670100212097,8,105843913.947482
32.275331,77.225162,5.949999809265137,3613.07251,2021-05-10,0.9511470198631287,6,105843913.73673
32.275123596191406,77.234419,7.559999942779541,3986.45874,2021-05-10,0.9709759950637817,5,105843913.881371
32.275372,77.203206,34.950001,2921.239258,2021-05-10,0.9768109917640686,11,105843913.811124
32.275251,77.212279,6.360000133514404,3179.328369,2021-05-10,0.9679350256919861,8,105843913.955747
32.27476119995117,77.234844,6.059999942779541,4016.418457,2021-05-10,0.967278003692627,5,105843913.889635
32.275008,77.203634,32.59000015258789,2916.908447,2021-05-10,0.9713069796562195,11,105843913.81939
32.27488708496094,77.212706,13.40999984741211,3195.022217,2021-05-10,0.9561409950256348,8,105843913.964011
32.274396,77.23526763916016,6.210000038146973,4030.029785,2021-05-10,0.9617639780044556,5,105843913.897899
32.274644,77.204061,44.360001,2905.388916,2021-05-10,0.9893069863319397,11,105843913.827654
32.274159,77.21356201171875,24.09000015258789,3215.187012,2021-05-10,0.9641299843788147,8,105843913.980539
32.2742805480957,77.204488,43.610001,2926.134521,2021-05-10,0.9877820014953613,11,105843913.835919
32.273916,77.204916,34.240002,2923.672119,2021-05-10,0.9845010042190552,11,105843913.844183
32.273795,77.213987,37.720001,3224.192871,2021-05-10,0.9552270174026489,8,105843913.988802
32.273512,77.227291,8.010000228881836,3702.735596,2021-05-10,0.9526010155677795,6,105843913.77806
32.273553,77.205342,53.830002,2937.387939,2021-05-10,0.987093985080719,11,105843913.852446
32.27314758300781,77.227718,4.380000114440918,3713.496826,2021-05-10,0.9515600204467773,6,105843913.786326
32.273189,77.205769,45.669998,2957.318848,2021-05-10,0.9863709807395935,11,105843913.860711
32.272824,77.206197,37.689999,2953.786377,2021-05-10,0.9878299832344055,11,105843913.868975
32.272704,77.215267,7.53000020980835,3321.765137,2021-05-10,0.9528040289878845,8,105843914.013594
32.2723388671875,77.215694,25.209999,3341.075684,2021-05-10,0.9647889733314514,8,105843914.021858
32.272462,77.206623,49.380001,2988.394531,2021-05-10,0.9877269864082336,11,105843913.877238
32.272056579589844,77.228996,4.079999923706055,3756.888184,2021-05-10,0.9509180188179016,6,105843913.811124
32.272098,77.207051,7.860000133514404,3020.551758,2021-05-10,0.9858919978141785,11,105843913.885503
32.271976470947266,77.216121,25.100000381469727,3355.523682,2021-05-10,0.9628239870071411,8,105843914.030123
32.271734,77.207478,8.609999656677246,3038.391846,2021-05-10,0.9796050190925598,11,105843913.893766
32.271612,77.216548,20.379999,3379.650879,2021-05-10,0.9521290063858032,8,105843914.038386
32.271329,77.229849,3.140000104904175,3772.105225,2021-05-10,0.9630119800567627,6,105843913.827655
32.271371,77.207904,40.56999969482422,3041.752197,2021-05-10,0.9875519871711731,11,105843913.90203
32.270965,77.230276,4.420000076293945,3782.480713,2021-05-10,0.9584050178527832,6,105843913.835919
32.271006,77.208332,34.200001,3010.276123,2021-05-10,0.9644520282745361,11,105843913.910295
32.270883,77.217402,6.400000095367432,3403.041504,2021-05-10,0.9579020142555237,8,105843914.054915
32.270642,77.208759,28.239999771118164,3030.553711,2021-05-10,0.9740399718284607,11,105843913.918558
32.270012,77.240441,38.25,3460.592529,2021-05-10,0.9629420042037964,5,105843913.997067
32.270278,77.209186,14.270000457763672,3050.56958,2021-05-10,0.9780499935150146,11,105843913.926822
32.270155,77.218256,4.420000076293945,3424.993164,2021-05-10,0.9571239948272705,8,105843914.071442
32.269647,77.240872,32.889999,3411.403809,2021-05-10,0.9613410234451294,5,105843914.005331
32.269915,77.209613,7.190000057220459,3077.155518,2021-05-10,0.9506099820137024,11,105843913.935087
32.269281,77.241305,22.889999,3354.261719,2021-05-10,0.9536949992179871,5,105843914.013595
32.269553,77.21003723144531,37.56999969482422,3098.066895,2021-05-10,0.9753620028495789,11,105843913.94335
32.268915,77.241735,20.75,3323.427979,2021-05-10,0.9682440161705017,5,105843914.021859
32.269189,77.210467,14.420000076293945,3129.002686,2021-05-10,0.9622189998626709,11,105843913.951614
32.268698,77.219964,3.180000066757202,3492.333984,2021-05-10,0.9543930292129517,8,105843914.104499
32.268183,77.242603,19.100000381469727,3167.994141,2021-05-10,0.9652270078659058,5,105843914.038387
32.268462,77.21131896972656,37.610001,3160.416504,2021-05-10,0.973330020904541,11,105843913.968142
32.268333435058594,77.220391,8.84000015258789,3498.713379,2021-05-10,0.9562749862670898,8,105843914.112762
32.269499,77.138537,23.06999969482422,3225.81665,2021-05-13,0.9599339962005615,2,106183935.506904
32.26931381225586,77.153092,35.689999,2995.937256,2021-05-13,0.9662920236587524,0,106183935.986256
32.268099,77.211747,29.290001,3198.852295,2021-05-10,0.9591829776763916,11,105843913.976406
32.269131,77.138974,14.75,3189.873291,2021-05-13,0.9641309976577759,2,106183935.51517
32.268947,77.153527,15.199999809265137,2975.132812,2021-05-13,0.9660390019416809,0,106183935.99452
32.267736,77.212174,18.620001,3225.655029,2021-05-10,0.956732988357544,11,105843913.984671
32.26760482788086,77.22124481201172,3.549999952316284,3527.517334,2021-05-10,0.9520320296287537,8,105843914.129291
32.268652,77.14498138427734,24.790001,3126.16626,2021-05-13,0.9607539772987366,1,106183935.858164
32.26858139038086,77.15396118164062,13.670000076293945,2946.574219,2021-05-13,0.9568589925765991,0,106183936.002784
32.267372131347656,77.212601,24.270000457763672,3255.436035,2021-05-10,0.9734629988670349,11,105843913.992934
32.26723861694336,77.221672,7.449999809265137,3543.043213,2021-05-10,0.954990029335022,8,105843914.137554
32.268405,77.139827,19.25,3196.86792,2021-05-13,0.9578109979629517,2,106183935.531702
32.267009,77.213028,16.709999,3275.072021,2021-05-10,0.9662709832191467,11,105843914.001199
32.266876220703125,77.222098,3.819999933242798,3559.503174,2021-05-10,0.9524149894714355,8,105843914.145819
32.268042,77.140254,20.219999,3202.833252,2021-05-13,0.9614310264587402,2,106183935.539968
32.266645,77.21345520019531,29.780001,3292.473877,2021-05-10,0.9703090190887451,11,105843914.009463
32.266511,77.222525,8.949999809265137,3552.148682,2021-05-10,0.9532489776611328,8,105843914.154083
32.267486572265625,77.155244,19.739999771118164,2939.839355,2021-05-13,0.9622730016708374,0,106183936.027576
32.266282,77.213882,21.729999542236328,3319.461426,2021-05-10,0.9612770080566406,11,105843914.017726
32.267317,77.141104,26.209999,3219.175293,2021-05-13,0.966759979724884,2,106183935.5565
32.267199,77.146682,22.209999,3177.899658,2021-05-13,0.9581140279769897,1,106183935.89122
32.267122,77.155675,15.020000457763672,2925.334961,2021-05-13,0.9581270217895508,0,106183936.03584
32.266757,77.156104,28.239999771118164,2903.838379,2021-05-13,0.9641479849815369,0,106183936.044104
32.266393,77.15653228759766,28.610001,2914.374512,2021-05-13,0.9615659713745117,0,106183936.052368
32.265554,77.214736,9.770000457763672,3375.831299,2021-05-10,0.9506310224533081,11,105843914.034255
32.265116,77.237153,12.770000457763672,3216.888428,2021-05-10,0.9684450030326843,6,105843913.968143
32.266589,77.141961,30.860001,3207.547119,2021-05-13,0.9605550169944763,2,106183935.573032
32.265191,77.215162,11.869999885559082,3413.218262,2021-05-10,0.9599170088768005,11,105843914.042518
32.26475143432617,77.237585,55.110001,3122.651611,2021-05-10,0.9526839852333069,6,105843913.976407
32.266222,77.142394,27.709999,3182.05127,2021-05-13,0.967814028263092,2,106183935.581298
32.265669,77.157375,40.40999984741211,2962.679932,2021-05-13,0.9590870141983032,0,106183936.068896
32.26585388183594,77.14282989501953,33.439999,3134.382568,2021-05-13,0.9647409915924072,2,106183935.589564
32.264464,77.216016,8.539999961853027,3475.525635,2021-05-10,0.9615749716758728,11,105843914.059047
32.264015197753906,77.23844909667969,12.25,3027.265137,2021-05-10,0.962893009185791,6,105843913.992935
32.265486,77.143264,28.389999,3104.920898,2021-05-13,0.9686669707298279,2,106183935.59783
32.26530456542969,77.157799,28.469999,2991.506592,2021-05-13,0.9607509970664978,0,106183936.07716
32.264101,77.216443,9.550000190734863,3504.521484,2021-05-10,0.9545069932937622,11,105843914.06731
32.265119,77.143698,32.509998,3068.713379,2021-05-13,0.9720379710197449,2,106183935.606096
32.265024,77.149224,22.959999,3312.707764,2021-05-13,0.9761819839477539,1,106183935.940804
32.263736724853516,77.21687316894531,6.03000020980835,3528.000488,2021-05-10,0.9576519727706909,11,105843914.075575
32.264573,77.158665,35.77000045776367,2925.996826,2021-05-13,0.9677330255508423,0,106183936.093688
32.264751,77.144133,15.050000190734863,3048.65918,2021-05-13,0.9619939923286438,2,106183935.614362
32.264657,77.149657,20.450001,3287.578613,2021-05-13,0.9651070237159729,1,106183935.949068
32.263373,77.217297,6.099999904632568,3543.655029,2021-05-10,0.9565160274505615,11,105843914.083838
32.262912,77.239752,18.129999,2763.531738,2021-05-10,0.9517959952354431,6,105843914.017727
32.264382,77.14456939697266,10.600000381469727,3004.904785,2021-05-13,0.959617018699646,2,106183935.622628
32.26428985595703,77.150089,28.129999,3248.896729,2021-05-13,0.9659969806671143,1,106183935.957332
32.264208,77.15909576416016,16.739999771118164,2920.447266,2021-05-13,0.9715440273284912,0,106183936.101952
32.263845,77.159519,25.579999923706055,2937.79248,2021-05-13,0.9857370257377625,0,106183936.110216
32.263009,77.217724,5.050000190734863,3555.534424,2021-05-10,0.9607920050621033,11,105843914.092102
32.26254653930664,77.24018096923828,5.050000190734863,2762.859863,2021-05-10,0.958856999874115,6,105843914.025991
32.264016,77.145001,16.290001,2979.041748,2021-05-13,0.9600369930267334,2,106183935.630894
32.263921,77.150527,26.700001,3191.414307,2021-05-13,0.9678080081939697,1,106183935.965596
32.262645,77.218151,7.53000020980835,3564.342529,2021-05-10,0.9545419812202454,11,105843914.100367
32.262182,77.240609,6.739999771118164,2744.851318,2021-05-10,0.9536709785461426,6,105843914.034255
32.263655,77.14542388916016,46.06999969482422,2972.044922,2021-05-13,0.9690200090408325,2,106183935.63916
32.263555,77.150959,25.129999,3166.300537,2021-05-13,0.9643679857254028,1,106183935.97386
32.26348114013672,77.15995025634766,34.799999,2911.200928,2021-05-13,0.962037980556488,0,106183936.11848
32.261816,77.241037,2.619999885559082,2729.229004,2021-05-10,0.9554420113563538,6,105843914.042519
32.263297,77.145844,46.93000030517578,3009.45752,2021-05-13,0.9783750176429749,2,106183935.647426
32.26319122314453,77.151389,28.020000457763672,3151.013428,2021-05-13,0.9710289835929871,1,106183935.982124
32.26311492919922,77.160381,39.139999,2884.561035,2021-05-13,0.9592540264129639,0,106183936.126744
32.261915,77.219005,10.260000228881836,3543.165771,2021-05-10,0.950177013874054,11,105843914.116894
32.26293182373047,77.146276,38.90999984741211,2990.200439,2021-05-13,0.9734200239181519,2,106183935.655692
32.262823,77.151822,24.56999969482422,3126.349365,2021-05-13,0.9576839804649353,1,106183935.990388
32.262749,77.160815,30.190001,2859.012207,2021-05-13,0.9632300138473511,0,106183936.135008
32.262971,77.137337,18.950001,3025.494385,2021-05-13,0.9615060091018677,3,106183935.511037
32.261551,77.219432,8.539999961853027,3551.4021,2021-05-10,0.960436999797821,11,105843914.125159
32.261088,77.24188995361328,18.540001,2733.87915,2021-05-10,0.9636440277099609,6,105843914.059047
32.262568,77.146702,43.259998,2994.498291,2021-05-13,0.9761289954185486,2,106183935.663958
32.262456,77.152255,22.170000076293945,3094.328613,2021-05-13,0.9660239815711975,1,106183935.998652
32.262382,77.16124725341797,27.829999923706055,2815.315918,2021-05-13,0.962149977684021,0,106183936.143272
32.261039,77.228929,24.90999984741211,3384.74585,2021-05-10,0.9652600288391113,8,105843914.278042
32.262606,77.137767,32.919998,3001.687744,2021-05-13,0.9747260212898254,3,106183935.519303
32.26201629638672,77.161683,35.130001,2774.651611,2021-05-13,0.976705014705658,0,106183936.151536
32.260724,77.242316,27.079999923706055,2734.067871,2021-05-10,0.9567260146141052,6,105843914.067311
32.262237,77.138201,28.56999969482422,2972.069092,2021-05-13,0.9859640002250671,3,106183935.527569
32.262199,77.147138,39.889999,2953.014404,2021-05-13,0.9596499800682068,2,106183935.672224
32.262088775634766,77.152686,32.959999,3068.612793,2021-05-13,0.9611309766769409,1,106183936.006916
32.260824,77.220286,16.81999969482422,3614.704834,2021-05-10,0.9543290138244629,11,105843914.141686
32.26067352294922,77.229356,35.360001,3346.875244,2021-05-10,0.9624950289726257,8,105843914.286307
32.2618293762207,77.14757537841797,37.259998,2903.817139,2021-05-13,0.970221996307373,2,106183935.680488
32.261722564697266,77.153119,37.459999,3030.72998,2021-05-13,0.9662989974021912,1,106183936.01518
32.261648,77.16211700439453,17.229999542236328,2736.534668,2021-05-13,0.9671440124511719,0,106183936.1598
32.261871,77.138634,22.020000457763672,2956.028809,2021-05-13,0.9728379845619202,3,106183935.535835
32.260459899902344,77.220712,11.199999809265137,3642.974365,2021-05-10,0.9633150100708008,11,105843914.149951
32.260309,77.229783,30.790001,3333.650635,2021-05-10,0.95865398645401,8,105843914.294571
32.261506,77.139063,47.0,2923.138184,2021-05-13,0.9711940288543701,3,106183935.544101
32.2614631652832,77.148008,32.279999,2882.912354,2021-05-13,0.9709470272064209,2,106183935.688752
32.261355,77.153555,34.080002,2983.712646,2021-05-13,0.9728260040283203,1,106183936.023444
32.26128387451172,77.162549,38.43000030517578,2706.416504,2021-05-13,0.9680650234222412,0,106183936.168064
32.260093688964844,77.22113800048828,29.06999969482422,3583.638672,2021-05-10,0.968595027923584,11,105843914.158214
32.259943,77.23020935058594,35.959999,3293.881348,2021-05-10,0.9680349826812744,8,105843914.302834
32.26110076904297,77.148435,36.740002,2878.682617,2021-05-13,0.9735260009765625,2,106183935.697016
32.260987,77.153992,20.75,2947.624756,2021-05-13,0.9596409797668457,1,106183936.031708
32.261137,77.139499,40.110001,2885.699463,2021-05-13,0.977715015411377,3,106183935.552367
32.259578,77.230637,16.969999,3267.450195,2021-05-10,0.9716449975967407,8,105843914.311099
32.260736,77.148863,45.279999,2863.922119,2021-05-13,0.9629219770431519,2,106183935.70528
32.2606201171875,77.154425,15.949999809265137,2917.49292,2021-05-13,0.951341986656189,1,106183936.039972
32.260552,77.16341400146484,45.130001,2637.591064,2021-05-13,0.96036297082901,0,106183936.184592
32.259212493896484,77.231066,42.93000030517578,3153.212402,2021-05-10,0.9573119878768921,8,105843914.319363
32.26076889038086,77.139932,46.47999954223633,2853.035645,2021-05-13,0.9702860116958618,3,106183935.560633
32.26040267944336,77.140364,47.080002,2828.319092,2021-05-13,0.9769579768180847,3,106183935.568899
32.260367,77.149299,13.890000343322754,2850.056396,2021-05-13,0.9639390110969543,2,106183935.713544
32.260255,77.154853,33.18000030517578,2897.520996,2021-05-13,0.9696930050849915,1,106183936.048236
32.258996,77.222422,11.15999984741211,3472.862549,2021-05-10,0.9527429938316345,11,105843914.183006
32.258845,77.231494,19.399999618530273,3049.158936,2021-05-10,0.9643239974975586,8,105843914.327626
32.26000213623047,77.14972686767578,10.520000457763672,2834.527588,2021-05-13,0.9620739817619324,2,106183935.721808
32.259889,77.155286,35.31999969482422,2868.096924,2021-05-13,0.9637190103530884,1,106183936.0565
32.259818,77.164286,16.100000381469727,2563.79248,2021-05-13,0.958620011806488,0,106183936.20112
32.258631,77.22284698486328,13.369999885559082,3444.142334,2021-05-10,0.9511659741401672,11,105843914.191271
32.258480072021484,77.231922,26.75,3016.986816,2021-05-10,0.9643020033836365,8,105843914.335891
32.259668,77.14122772216797,48.540001,2769.849609,2021-05-13,0.9693679809570312,3,106183935.585431
32.25963592529297,77.150162,21.760000228881836,2798.123291,2021-05-13,0.9606350064277649,2,106183935.730072
32.259523,77.155718,35.580002,2844.067139,2021-05-13,0.9607880115509033,1,106183936.064764
32.25826644897461,77.223277,35.700001,3407.681152,2021-05-10,0.9686340093612671,11,105843914.199535
32.258113861083984,77.232349,43.459999,2948.428711,2021-05-10,0.9641720056533813,8,105843914.344155
32.259268,77.150596,12.880000114440918,2772.466309,2021-05-13,0.9604750275611877,2,106183935.738336
32.259157,77.156149,35.959999,2820.320068,2021-05-13,0.9658570289611816,1,106183936.073028
32.259299,77.141666,42.209999,2735.979736,2021-05-13,0.9745020270347595,3,106183935.593697
32.25790023803711,77.223704,28.170000076293945,3383.019531,2021-05-10,0.9638100266456604,11,105843914.207798
32.258928,77.14210510253906,23.81999969482422,2692.570312,2021-05-13,0.9692699909210205,3,106183935.601963
32.25753402709961,77.224131,30.899999618530273,3346.932861,2021-05-10,0.9654470086097717,11,105843914.216063
32.257382,77.233205,18.649999618530273,2844.321289,2021-05-10,0.9561280012130737,8,105843914.360683
32.258356,77.166014,46.06999969482422,2410.000244,2021-05-13,0.9645929932594299,0,106183936.234176
32.258562,77.142536,7.300000190734863,2693.128662,2021-05-13,0.9697589874267578,3,106183935.610229
32.258541107177734,77.151451,11.039999961853027,2767.003174,2021-05-13,0.9585250020027161,2,106183935.754864
32.258417,77.157028,24.940001,2690.203857,2021-05-13,0.9547430276870728,1,106183936.089556
32.25716781616211,77.224558,36.75,3301.927979,2021-05-10,0.9619939923286438,11,105843914.224327
32.257017,77.233632,32.330002,2796.342041,2021-05-10,0.9600690007209778,8,105843914.368946
32.258181,77.151872,43.0,2768.833496,2021-05-13,0.9718829989433289,2,106183935.763128
32.25798797607422,77.166452,45.810001,2342.504395,2021-05-13,0.9602789878845215,0,106183936.24244
32.258199,77.142962,21.979999542236328,2682.784424,2021-05-13,0.9653519988059998,3,106183935.618495
32.257621,77.1668930053711,26.670000076293945,2299.487305,2021-05-13,0.969871997833252,0,106183936.250704
32.256802,77.224985,31.170000076293945,3259.519775,2021-05-10,0.9605410099029541,11,105843914.23259
32.256651,77.23406219482422,49.75,2717.488037,2021-05-10,0.963362991809845,8,105843914.37721
32.257838,77.143387,19.280001,2699.473877,2021-05-13,0.9691429734230042,3,106183935.626761
32.25782012939453,77.152294,47.189999,2787.195801,2021-05-13,0.9579799771308899,2,106183935.771392
32.256436,77.225413,33.22999954223633,3225.919189,2021-05-10,0.9647340178489685,11,105843914.240855
32.256285,77.234488,19.030001,2707.581787,2021-05-10,0.9538469910621643,8,105843914.385475
32.257457,77.15271759033203,46.779999,2796.171387,2021-05-13,0.9567199945449829,2,106183935.779656
32.257307,77.1583480834961,22.209999,2462.897705,2021-05-13,0.970678985118866,1,106183936.114348
32.25725555419922,77.16732025146484,16.030001,2288.968994,2021-05-13,0.9629780054092407,0,106183936.258968
32.257472,77.143818,13.220000267028809,2685.777832,2021-05-13,0.9689710140228271,3,106183935.635027
32.256071,77.225839,38.02000045776367,3207.215576,2021-05-10,0.9684450030326843,11,105843914.249119
32.25592041015625,77.234915,25.020000457763672,2668.548096,2021-05-10,0.9545350074768066,8,105843914.393738
32.257109,77.144244,25.049999,2680.557373,2021-05-13,0.9718909859657288,3,106183935.643293
32.25708770751953,77.153156,31.90999984741211,2767.151855,2021-05-13,0.9656909704208374,2,106183935.78792
32.256939,77.158786,21.049999,2417.501953,2021-05-13,0.9517369866371155,1,106183936.122612
32.25688934326172,77.167752,32.25,2240.900879,2021-05-13,0.9636499881744385,0,106183936.267232
32.255705,77.226267,33.150002,3161.359863,2021-05-10,0.9678090214729309,11,105843914.257382
32.255555,77.235342,30.229999542236328,2648.22998,2021-05-10,0.9864640235900879,8,105843914.402002
32.256727,77.153579,45.240002,2772.642822,2021-05-13,0.9591169953346252,2,106183935.796184
32.256736755371094,77.14468383789062,19.850000381469727,2621.376465,2021-05-13,0.9635679721832275,3,106183935.651559
32.256572,77.15921783447266,20.219999,2376.038574,2021-05-13,0.9632610082626343,1,106183936.130876
32.255338,77.226694,19.549999,3094.975586,2021-05-10,0.9679219722747803,11,105843914.265647
32.255191,77.235768,52.299999,2690.038574,2021-05-10,0.9599080085754395,8,105843914.410267
32.256209,77.159646,35.389999,2368.724854,2021-05-13,0.9780679941177368,1,106183936.13914
32.254825592041016,77.236195,32.029999,2722.330322,2021-05-10,0.9638500213623047,8,105843914.41853
32.256372,77.145114,45.84000015258789,2581.119141,2021-05-13,0.9656339883804321,3,106183935.659825
32.254971,77.227122,45.139999,3010.710449,2021-05-10,0.9676740169525146,11,105843914.27391
32.256003,77.145549,39.02000045776367,2544.686768,2021-05-13,0.9708539843559265,3,106183935.668091
32.25584030151367,77.160084,22.809999,2322.518555,2021-05-13,0.9707199931144714,1,106183936.147404
32.254605,77.227549,34.049999,2987.747314,2021-05-10,0.9652900099754333,11,105843914.282174
32.254462,77.236621,47.5,2737.233154,2021-05-10,0.961883008480072,8,105843914.426794
32.255477,77.160509,57.529999,2300.906006,2021-05-13,0.9548739790916443,1,106183936.155668
32.255635,77.145983,26.510000228881836,2524.157471,2021-05-13,0.9637590050697327,3,106183935.676356
32.254238,77.227976,29.440001,2931.619629,2021-05-10,0.9635499715805054,11,105843914.290439
32.25409698486328,77.237048,53.869999,2745.662842,2021-05-10,0.9578959941864014,8,105843914.435059
32.255268,77.146415,40.560001,2482.262451,2021-05-13,0.9817829728126526,3,106183935.68462
32.25524139404297,77.155341,45.84000015258789,2504.641602,2021-05-13,0.9770950078964233,2,106183935.82924
32.25510787963867,77.160947,19.020000457763672,2276.154053,2021-05-13,0.9698489904403687,1,106183936.163932
32.25387191772461,77.228403,37.56999969482422,2879.073486,2021-05-10,0.9682009816169739,11,105843914.298702
32.253732,77.237475,46.380001,2776.730469,2021-05-10,0.9532830119132996,8,105843914.443322
32.2548713684082,77.15577697753906,34.790001,2460.170898,2021-05-13,0.969215989112854,2,106183935.837504
32.254893,77.146859,24.489999771118164,2410.463867,2021-05-13,0.9699410200119019,3,106183935.692884
32.254741,77.161382,20.559999,2227.357178,2021-05-13,0.9702569842338562,1,106183936.172196
32.253505,77.228831,22.959999,2819.529297,2021-05-10,0.964389979839325,11,105843914.306966
32.253367,77.237902,57.09000015258789,2774.713867,2021-05-10,0.9638260006904602,8,105843914.451586
32.25450134277344,77.156218,34.080002,2408.775146,2021-05-13,0.9628040194511414,2,106183935.845768
32.254374,77.161815,22.729999542236328,2188.821533,2021-05-13,0.9763820171356201,1,106183936.18046
32.25313949584961,77.229257,49.970001,2777.871582,2021-05-10,0.9641879796981812,11,105843914.315231
32.25300216674805,77.238329,47.02000045776367,2787.357422,2021-05-10,0.9549869894981384,8,105843914.459851
32.25453186035156,77.147286,46.25,2391.647461,2021-05-13,0.9694430232048035,3,106183935.701148
32.254167,77.147713,42.209999,2395.776855,2021-05-13,0.9670680165290833,3,106183935.709412
32.25413131713867,77.15665435791016,21.049999,2375.51123,2021-05-13,0.9645259976387024,2,106183935.854032
32.254007,77.162248,25.239999771118164,2148.840088,2021-05-13,0.9767490029335022,1,106183936.188724
32.252637,77.238757,11.649999618530273,2804.459961,2021-05-10,0.9556499719619751,8,105843914.468114
32.253641,77.16268157958984,23.520000457763672,2123.043945,2021-05-13,0.9567139744758606,1,106183936.196988
32.253794,77.148154,17.75,2345.633545,2021-05-13,0.9634280204772949,3,106183935.717676
32.252404,77.230113,33.97999954223633,2600.528564,2021-05-10,0.9804030060768127,11,105843914.331758
32.252272,77.239184,13.899999618530273,2830.652588,2021-05-10,0.9529309868812561,8,105843914.476379
32.253431,77.1485824584961,24.940001,2343.492676,2021-05-13,0.974137008190155,3,106183935.72594
32.25339126586914,77.15753173828125,24.600000381469727,2269.37085,2021-05-13,0.9622269868850708,2,106183935.87056
32.25204086303711,77.230539,49.299999,2600.820312,2021-05-10,0.9679409861564636,11,105843914.340023
32.253023,77.157961,30.670000076293945,2242.614258,2021-05-13,0.9810479879379272,2,106183935.878824
32.253064,77.149013,8.800000190734863,2330.19165,2021-05-13,0.9567980170249939,3,106183935.734204
32.25291442871094,77.163534,40.97999954223633,2103.870605,2021-05-13,0.9578880071640015,1,106183936.213516
32.251676,77.230966,41.990002,2637.921875,2021-05-10,0.9569159746170044,11,105843914.348286
32.252655029296875,77.158396,20.75,2216.230957,2021-05-13,0.970212996006012,2,106183935.887088
32.252548,77.163965,77.540001,2038.230225,2021-05-13,0.963998019695282,1,106183936.22178
32.251312255859375,77.231392,51.959999,2658.783203,2021-05-10,0.9716060161590576,11,105843914.35655
32.251178,77.240464,14.270000457763672,2893.425537,2021-05-10,0.9586229920387268,8,105843914.501171
32.252698,77.149444,7.710000038146973,2312.373291,2021-05-13,0.9526990056037903,3,106183935.742468
32.252283,77.158835,10.5600004196167,2165.732178,2021-05-13,0.958935022354126,2,106183935.895352
32.25217819213867,77.164402,15.800000190734863,2041.759521,2021-05-13,0.9859780073165894,1,106183936.230044
32.250948,77.231818,34.389999,2691.138184,2021-05-10,0.9587249755859375,11,105843914.364815
32.25081253051758,77.240891,20.489999771118164,2909.723633,2021-05-10,0.9509310126304626,8,105843914.509435
32.251824,77.164812,21.610001,2133.924805,2021-05-13,0.9563959836959839,1,106183936.238308
32.251967,77.150303,13.890000343322754,2279.021973,2021-05-13,0.9630429744720459,3,106183935.758996
32.25058364868164,77.232245,42.630001,2716.486572,2021-05-10,0.9663709998130798,11,105843914.373078
32.251604,77.15072631835938,37.0,2255.92041,2021-05-13,0.9724990129470825,3,106183935.76726
32.251464,77.165229,29.700001,2177.526855,2021-05-13,0.971875011920929,1,106183936.246572
32.250221252441406,77.232671,56.759998,2729.837891,2021-05-10,0.968887984752655,11,105843914.381343
32.251195,77.160109,33.669998,2186.544434,2021-05-13,0.9673920273780823,2,106183935.920144
32.251103,77.165651,16.360001,2220.539551,2021-05-13,0.9532120227813721,1,106183936.254836
32.251058,77.17460632324219,12.8100004196167,2047.355591,2021-05-13,0.9754449725151062,0,106183936.399456
32.251228,77.151175,15.800000190734863,2185.174561,2021-05-13,0.9612839818000793,3,106183935.775524
32.249856,77.233098,49.860001,2752.96582,2021-05-10,0.9641450047492981,11,105843914.389607
32.249719,77.242172,10.039999961853027,2984.426025,2021-05-10,0.9595410227775574,8,105843914.534227
32.251253,77.13662719726562,14.569999694824219,2335.630371,2021-05-13,0.9554449915885925,5,106183935.982123
32.250836,77.160529,57.380001,2204.042969,2021-05-13,0.9714869856834412,2,106183935.928408
32.250743,77.16606903076172,25.920000076293945,2252.390625,2021-05-13,0.9820960164070129,1,106183936.2631
32.249492,77.233524,61.290001,2772.265137,2021-05-10,0.9671549797058105,11,105843914.39787
32.250869,77.15159606933594,48.240002,2185.496826,2021-05-13,0.9609990119934082,3,106183935.783788
32.250892639160156,77.137053,11.680000305175781,2374.563965,2021-05-13,0.9831050038337708,5,106183935.990387
32.250471,77.160956,40.369999,2218.63501,2021-05-13,0.969884991645813,2,106183935.936672
32.249128,77.233951,41.919998,2812.856689,2021-05-10,0.9657880067825317,11,105843914.406135
32.250536,77.137472,37.68000030517578,2413.612061,2021-05-13,0.9882450103759766,5,106183935.998651
32.250109,77.161376953125,40.40999984741211,2240.056885,2021-05-13,0.9646530151367188,2,106183935.944936
32.250018,77.166919,24.760000228881836,2277.240479,2021-05-13,0.9592670202255249,1,106183936.279628
32.248763,77.234377,34.72999954223633,2836.090332,2021-05-10,0.9589750170707703,11,105843914.414399
32.25015640258789,77.152429,48.09000015258789,2294.693604,2021-05-13,0.972877025604248,3,106183935.800316
32.25017547607422,77.137894,37.90999984741211,2451.586914,2021-05-13,0.9908249974250793,5,106183936.006915
32.249794006347656,77.152852,45.470001,2316.253662,2021-05-13,0.9769390225410461,3,106183935.80858
32.249747,77.161803,40.369999,2259.518311,2021-05-13,0.9765120148658752,2,106183935.9532
32.249655,77.167342,21.079999923706055,2297.043945,2021-05-13,0.9719060063362122,1,106183936.287892
32.248399,77.234804,26.860001,2870.139648,2021-05-10,0.9614989757537842,11,105843914.422662
32.249816,77.138316,40.599998,2497.58252,2021-05-13,0.9855480194091797,5,106183936.015179
32.249383,77.162231,30.370001,2269.372803,2021-05-13,0.9572420120239258,2,106183935.961464
32.249291,77.16777038574219,18.84000015258789,2294.229248,2021-05-13,0.9596549868583679,1,106183936.296156
32.249431,77.153278,35.77000045776367,2331.298096,2021-05-13,0.973576009273529,3,106183935.816844
32.248870849609375,77.177179,11.350000381469727,1998.80603,2021-05-13,0.9748650193214417,0,106183936.449042
32.2480354309082,77.235231,13.630000114440918,2898.761963,2021-05-10,0.9520649909973145,11,105843914.430927
32.249074,77.153695,48.84000015258789,2374.616699,2021-05-13,0.9729419946670532,3,106183935.825108
32.249021,77.162654,32.810001,2292.370117,2021-05-13,0.9728419780731201,2,106183935.969728
32.247671,77.235658,13.75,2933.013672,2021-05-10,0.9519860148429871,11,105843914.439191
32.248661041259766,77.163076,29.809999,2323.047119,2021-05-13,0.9684150218963623,2,106183935.977992
32.248563,77.16862487792969,9.8100004196167,2287.636475,2021-05-13,0.9646080136299133,1,106183936.312684
32.248507,77.17759704589844,45.360001,1996.375854,2021-05-13,0.9670860171318054,0,106183936.457308
32.248708,77.154125,31.010000228881836,2375.609131,2021-05-13,0.9730049967765808,3,106183935.833372
32.247308,77.236083984375,54.169998,2964.600586,2021-05-10,0.9532060027122498,11,105843914.447454
32.248733,77.139588,54.84000015258789,2567.742432,2021-05-13,0.9877169728279114,5,106183936.039971
32.2483024597168,77.163492,29.020000457763672,2381.946533,2021-05-13,0.9518619775772095,2,106183935.986256
32.248199462890625,77.169051,9.8100004196167,2290.330078,2021-05-13,0.9666929841041565,1,106183936.320948
32.246944427490234,77.23651123046875,33.860001,3027.537354,2021-05-10,0.9714930057525635,11,105843914.455719
32.248343,77.154554,53.740002,2345.923828,2021-05-13,0.9799240231513977,3,106183935.841636
32.24836349487305,77.140022,35.880001,2537.230957,2021-05-13,0.9852210283279419,5,106183936.048235
32.247977,77.154985,39.470001,2340.811768,2021-05-13,0.9723320007324219,3,106183935.8499
32.247943,77.16390991210938,33.59000015258789,2424.23999,2021-05-13,0.9832360148429871,2,106183935.99452
32.24783706665039,77.169476,22.879999,2282.848389,2021-05-13,0.9689339995384216,1,106183936.329212
32.246578216552734,77.236937,20.860001,3052.273926,2021-05-10,0.9616150259971619,11,105843914.463982
32.24799346923828,77.140457,15.350000381469727,2506.724121,2021-05-13,0.9875029921531677,5,106183936.056499
32.247584,77.164328,30.040001,2474.701416,2021-05-13,0.9667710065841675,2,106183936.002784
32.247623443603516,77.155397,45.72999954223633,2412.388916,2021-05-13,0.9700520038604736,3,106183935.858164
32.2462158203125,77.237364,23.34000015258789,3099.874756,2021-05-10,0.9572010040283203,11,105843914.472246
32.247625,77.140889,23.520000457763672,2465.03125,2021-05-13,0.9889180064201355,5,106183936.064763
32.247262,77.155819,45.240002,2442.359131,2021-05-13,0.9649829864501953,3,106183935.866428
32.247216,77.164763,22.020000457763672,2448.266357,2021-05-13,0.969726026058197,2,106183936.011048
32.247107,77.170333,13.970000267028809,2267.158936,2021-05-13,0.976423978805542,1,106183936.34574
32.245852,77.237791,19.549999,3122.896973,2021-05-10,0.9596310257911682,11,105843914.480511
32.247261,77.141316,33.779999,2453.098145,2021-05-13,0.9885990023612976,5,106183936.073027
32.246848,77.165195,20.06999969482422,2424.759521,2021-05-13,0.9604910016059875,2,106183936.019312
32.246743,77.170761,28.129999,2240.978271,2021-05-13,0.9620540142059326,1,106183936.354004
32.24689483642578,77.156251,27.079999923706055,2433.647705,2021-05-13,0.9626100063323975,3,106183935.874692
32.245487213134766,77.238218,8.050000190734863,3138.850098,2021-05-10,0.9587219953536987,11,105843914.488774
32.246897,77.141744,18.649999618530273,2466.204102,2021-05-13,0.9861019849777222,5,106183936.081291
32.24653244018555,77.156676,22.129999,2454.135498,2021-05-13,0.9792720079421997,3,106183935.882956
32.246482,77.165627,19.31999969482422,2404.655029,2021-05-13,0.9624810218811035,2,106183936.027576
32.246378,77.17118835449219,15.770000457763672,2235.965576,2021-05-13,0.9726049900054932,1,106183936.362268
32.245123,77.238645,5.050000190734863,3162.52124,2021-05-10,0.953885018825531,11,105843914.497038
32.24653625488281,77.142168,22.510000228881836,2494.755615,2021-05-13,0.9682899713516235,5,106183936.089555
32.246172,77.157097,25.43000030517578,2479.554688,2021-05-13,0.9662309885025024,3,106183935.89122
32.246115,77.166058,7.070000171661377,2399.629639,2021-05-13,0.9660999774932861,2,106183936.03584
32.244758,77.239072,8.720000267028809,3183.059326,2021-05-10,0.9549099802970886,11,105843914.505303
32.246175,77.142591,34.5,2516.677979,2021-05-13,0.9687700271606445,5,106183936.097819
32.245811462402344,77.157521,32.209999,2492.576904,2021-05-13,0.9754520058631897,3,106183935.899484
32.245813,77.143016,26.440001,2543.526855,2021-05-13,0.971697986125946,5,106183936.106083
32.24544906616211,77.157943,36.439999,2516.747559,2021-05-13,0.9734560251235962,3,106183935.907748
32.245386,77.166914,9.399999618530273,2394.76416,2021-05-13,0.9720020294189453,2,106183936.052368
32.245452880859375,77.143439,28.5,2577.082275,2021-05-13,0.9640129804611206,5,106183936.114347
32.245021,77.167343,23.370001,2375.291992,2021-05-13,0.9592679738998413,2,106183936.060632
32.244921,77.172899,32.400002,2201.929443,2021-05-13,0.9594020247459412,1,106183936.395324
32.245088,77.158365,34.299999,2543.45752,2021-05-13,0.9671840071678162,3,106183935.916012
32.243665,77.240353,3.069999933242798,3250.849121,2021-05-10,0.9663649797439575,11,105843914.530095
32.245091,77.143863,31.420000076293945,2595.418213,2021-05-13,0.9867119789123535,5,106183936.122611
32.244725,77.158791,21.309999,2565.346191,2021-05-13,0.9723380208015442,3,106183935.924276
32.244657,77.167771,7.900000095367432,2388.540527,2021-05-13,0.967415988445282,2,106183936.068896
32.244554,77.17333221435547,33.110001,2172.498047,2021-05-13,0.9660530090332031,1,106183936.403588
32.24330139160156,77.240781,5.050000190734863,3250.35498,2021-05-10,0.9626139998435974,11,105843914.538358
32.244729,77.144289,29.780001,2611.793701,2021-05-13,0.987758994102478,5,106183936.130875
32.244365,77.159213,23.440001,2594.45752,2021-05-13,0.9726769924163818,3,106183935.93254
32.242936,77.241208,4.230000019073486,3264.295654,2021-05-10,0.9557660222053528,11,105843914.546622
32.244368,77.144713,28.5,2638.160156,2021-05-13,0.9733870029449463,5,106183936.139139
32.244006,77.159633,19.809999,2637.289551,2021-05-13,0.9717109799385071,3,106183935.940804
32.24382400512695,77.174188,43.939999,2134.571289,2021-05-13,0.9588130116462708,1,106183936.420116
32.242571,77.241635,5.949999809265137,3270.731689,2021-05-10,0.9503960013389587,11,105843914.554887
32.2440071105957,77.145136,38.72999954223633,2656.817871,2021-05-13,0.9889129996299744,5,106183936.147403
32.243562,77.169057,3.5899999141693115,2373.767578,2021-05-13,0.9653519988059998,2,106183936.093688
32.243456,77.174623,19.020000457763672,2108.950928,2021-05-13,0.968300998210907,1,106183936.42838
32.243809,77.136493,39.700001,2744.914062,2021-05-13,0.9831259846687317,6,106183936.011047
32.243647,77.145559,26.739999771118164,2700.566162,2021-05-13,0.9688829779624939,5,106183936.155667
32.243288,77.160471,32.72999954223633,2706.836914,2021-05-13,0.9703310132026672,3,106183935.957332
32.24309158325195,77.175053,6.25,2100.30835,2021-05-13,0.9671019911766052,1,106183936.436644
32.243437,77.136928,24.229999542236328,2701.665527,2021-05-13,0.9826650023460388,6,106183936.019311
32.243285,77.145984,28.879999,2716.773193,2021-05-13,0.9841099977493286,5,106183936.163931
32.242923736572266,77.160898,13.369999885559082,2733.445557,2021-05-13,0.9658660292625427,3,106183935.965596
32.242828369140625,77.169918,11.609999656677246,2335.956543,2021-05-13,0.9631149768829346,2,106183936.110216
32.24272537231445,77.175481,25.690001,2073.807861,2021-05-13,0.9705889821052551,1,106183936.444909
32.243071,77.137358,16.93000030517578,2691.140869,2021-05-13,0.9854009747505188,6,106183936.027575
32.242923736572266,77.146408,25.239999771118164,2746.695557,2021-05-13,0.9604640007019043,5,106183936.172195
32.242465,77.170348,58.09000015258789,2274.734131,2021-05-13,0.9642670154571533,2,106183936.11848
32.242709,77.137783,15.020000457763672,2713.589599609375,2021-05-13,0.9875770211219788,6,106183936.035839
32.242563,77.146831,24.190001,2776.26416,2021-05-13,0.9883400201797485,5,106183936.180459
32.242191314697266,77.161761,20.670000076293945,2684.619385,2021-05-13,0.9592829942703247,3,106183935.982124
32.242088,77.170797,44.15999984741211,2179.867676,2021-05-13,0.9694899916648865,2,106183936.126744
32.241995,77.176338,18.84000015258789,2062.414795,2021-05-13,0.9710699915885925,1,106183936.461441
32.242346,77.1382064819336,29.93000030517578,2708.867432,2021-05-13,0.9825909733772278,6,106183936.044103
32.242201,77.14725494384766,23.860001,2796.256348,2021-05-13,0.9647600054740906,5,106183936.188723
32.2418212890625,77.162197,36.549999,2624.886475,2021-05-13,0.9536160230636597,3,106183935.990388
32.241723,77.171226,38.200001,2177.203857,2021-05-13,0.965857982635498,2,106183936.135008
32.241981,77.138638,26.030001,2705.343018,2021-05-13,0.9682329893112183,6,106183936.052367
32.241838,77.147681,23.75,2802.0979,2021-05-13,0.9838629961013794,5,106183936.196987
32.241448,77.162635,21.459999,2587.785645,2021-05-13,0.9697989821434021,3,106183935.998652
32.241362,77.171648,27.600000381469727,2214.386963,2021-05-13,0.957377016544342,2,106183936.143272
32.241265,77.177193,26.629999,2042.125977,2021-05-13,0.9631270170211792,1,106183936.477973
32.241477,77.148105,25.389999,2823.756592,2021-05-13,0.9689409732818604,5,106183936.205251
32.241618,77.139064,36.290001,2709.081543,2021-05-13,0.9822739958763123,6,106183936.060631
32.241082,77.163065,38.130001,2558.741455,2021-05-13,0.973039984703064,3,106183936.006916
32.241004,77.172065,33.220001,2259.216797,2021-05-13,0.9713230133056641,2,106183936.151536
32.24125289916992,77.139493,26.370001,2711.136475,2021-05-13,0.9880160093307495,6,106183936.068895
32.24111557006836,77.148529,18.879999,2855.951904,2021-05-13,0.9652490019798279,5,106183936.213515
32.240534,77.178051,14.300000190734863,2031.441162,2021-05-13,0.982420027256012,1,106183936.494505
32.240711,77.163503,16.209999,2528.915039,2021-05-13,0.966588020324707,3,106183936.01518
32.240889,77.139921,25.540001,2711.535156,2021-05-13,0.9892669916152954,6,106183936.077159
32.24075698852539,77.1489486694336,34.869999,2875.567139,2021-05-13,0.9887400269508362,5,106183936.221779
32.240272,77.172926,47.450001,2210.540771,2021-05-13,0.9640849828720093,2,106183936.168064
32.240521,77.140352,7.070000171661377,2698.238525,2021-05-13,0.9784669876098633,6,106183936.085423
32.240396,77.149374,38.580002,2897.644287,2021-05-13,0.9553409814834595,5,106183936.230043
32.23997497558594,77.164369,8.979999542236328,2482.629395,2021-05-13,0.9656630158424377,3,106183936.031708
32.239898681640625,77.173367,26.290001,2162.780518,2021-05-13,0.9631689786911011,2,106183936.176328
32.24016189575195,77.140776,5.610000133514404,2729.484863,2021-05-13,0.9658340215682983,6,106183936.093687
32.240034,77.149799,31.5,2916.279785,2021-05-13,0.9543030261993408,5,106183936.238307
32.23960876464844,77.164798,14.9399995803833,2466.395508,2021-05-13,0.9688360095024109,3,106183936.039972
32.239541,77.173786,16.850000381469727,2212.444092,2021-05-13,0.963454008102417,2,106183936.184592
32.23979949951172,77.14119720458984,7.0,2755.093262,2021-05-13,0.9682829976081848,6,106183936.101951
32.23967361450195,77.150221,33.599998,2948.211426,2021-05-13,0.9833449721336365,5,106183936.246571
32.23944091796875,77.141623,18.389999,2777.7229,2021-05-13,0.9880099892616272,6,106183936.110215
32.239313,77.150643,42.59000015258789,2966.489746,2021-05-13,0.9664180278778076,5,106183936.254835
32.238949,77.151071,21.950001,2976.113525,2021-05-13,0.959384024143219,5,106183936.263099
32.238882,77.165652,22.540001,2467.662354,2021-05-13,0.9644830226898193,3,106183936.0565
32.239081,77.142045,22.100000381469727,2819.250244,2021-05-13,0.987159013748169,6,106183936.118479
32.23851776123047,77.166079,15.949999809265137,2475.445557,2021-05-13,0.9693859815597534,3,106183936.064764
32.238449,77.175066,17.34000015258789,2210.307373,2021-05-13,0.9770339727401733,2,106183936.209384
32.23871994018555,77.14247131347656,13.630000114440918,2848.889893,2021-05-13,0.9861149787902832,6,106183936.126743
32.23858642578125,77.151497,23.670000076293945,2982.240234,2021-05-13,0.9845439791679382,5,106183936.271363
32.238086,77.175493,37.110001,2192.692383,2021-05-13,0.9688479900360107,2,106183936.217648
32.238155364990234,77.166505,19.729999542236328,2478.173584,2021-05-13,0.9712219834327698,3,106183936.073028
32.238357,77.142896,9.729999542236328,2862.328857,2021-05-13,0.975570023059845,6,106183936.135007
32.238223,77.151923,21.270000457763672,2986.640625,2021-05-13,0.9663599729537964,5,106183936.279627
32.237798,77.166921,44.22999954223633,2513.004883,2021-05-13,0.9738820195198059,3,106183936.081292
32.23772048950195,77.175923,29.700001,2182.310303,2021-05-13,0.9621859788894653,2,106183936.225912
32.237998,77.143318,27.229999542236328,2882.190186,2021-05-13,0.9866219758987427,6,106183936.143271
32.23786163330078,77.152348,24.309999,2993.025879,2021-05-13,0.9643669724464417,5,106183936.287891
32.237432,77.167351,5.650000095367432,2538.271973,2021-05-13,0.9809880256652832,3,106183936.089556
32.237353,77.176355,31.5,2153.06543,2021-05-13,0.9613699913024902,2,106183936.234176
32.23763656616211,77.143742,20.450001,2917.147217,2021-05-13,0.9821709990501404,6,106183936.151535
32.237498,77.152772,12.960000038146973,3019.309326,2021-05-13,0.9762600064277649,5,106183936.296155
32.236989,77.176783,41.459999,2135.59082,2021-05-13,0.9714850187301636,2,106183936.24244
32.237277,77.144166,24.309999,2939.168457,2021-05-13,0.9590169787406921,6,106183936.159799
32.237065,77.167784,14.789999961853027,2503.076904,2021-05-13,0.9597830176353455,3,106183936.09782
32.236701,77.168212890625,63.330002,2460.432373,2021-05-13,0.9757530093193054,3,106183936.106084
32.236622,77.177215,18.540001,2130.020508,2021-05-13,0.9619389772415161,2,106183936.250704
32.236915588378906,77.14459228515625,23.670000076293945,2964.945557,2021-05-13,0.9568549990653992,6,106183936.168063
32.236258,77.177642,18.719999,2127.008789,2021-05-13,0.9638029932975769,2,106183936.258968
32.23641586303711,77.154041,31.420000076293945,3075.375488,2021-05-13,0.9825720191001892,5,106183936.320947
32.236556,77.145013,16.780001,3000.97998,2021-05-13,0.9834259748458862,6,106183936.176327
32.235974,77.169064,37.490002,2489.012939,2021-05-13,0.9696059823036194,3,106183936.122612
32.235894,77.178069,37.68000030517578,2101.220947,2021-05-13,0.9662129878997803,2,106183936.267232
32.236197,77.145435,21.649999618530273,3037.072266,2021-05-13,0.9624220132827759,6,106183936.184591
32.236049,77.154472,21.649999618530273,3051.466309,2021-05-13,0.9880059957504272,5,106183936.329211
32.235605,77.169498,5.28000020980835,2486.707031,2021-05-13,0.9563009738922119,3,106183936.130876
32.235834,77.145861,19.59000015258789,3047.94043,2021-05-13,0.9785739779472351,6,106183936.192855
32.235684,77.154899,10.670000076293945,3053.321533,2021-05-13,0.9853339791297913,5,106183936.337475
32.235244,77.169921,51.349998,2465.705078,2021-05-13,0.9577739834785461,3,106183936.13914
32.235469,77.146289,6.659999847412109,3048.600098,2021-05-13,0.9786249995231628,6,106183936.201119
32.234878,77.170351,39.400002,2462.935547,2021-05-13,0.9621130228042603,3,106183936.147404
32.235106,77.146715,7.190000057220459,3051.778564,2021-05-13,0.9502819776535034,6,106183936.209383
32.234961,77.155747,4.300000190734863,3093.660645,2021-05-13,0.9795740246772766,5,106183936.354003
32.234745025634766,77.14714050292969,8.800000190734863,3066.025879,2021-05-13,0.9816439747810364,6,106183936.217647
32.234601,77.156168,26.06999969482422,3110.064453,2021-05-13,0.9822610020637512,5,106183936.362267
32.23413848876953,77.171221,34.450001,2385.253418,2021-05-13,0.9613329768180847,3,106183936.163932
32.23438262939453,77.147565,6.739999771118164,3081.486328,2021-05-13,0.9733690023422241,6,106183936.225911
32.234239,77.156593,24.870001,3122.019531,2021-05-13,0.9820629954338074,5,106183936.370531
32.2338752746582,77.15702056884766,29.440001,3115.824219,2021-05-13,0.9883540272712708,5,106183936.378795
32.233769,77.171658,19.920000076293945,2346.841309,2021-05-13,0.9741140007972717,3,106183936.172196
32.233407,77.172083,24.079999923706055,2355.900635,2021-05-13,0.9618809819221497,3,106183936.18046
32.233657,77.148416,6.210000038146973,3096.631348,2021-05-13,0.9795179963111877,6,106183936.242439
32.233506,77.157452,45.400002,3058.985352,2021-05-13,0.9857019782066345,5,106183936.387059
32.233038,77.172517,53.139999,2287.435547,2021-05-13,0.9695870280265808,3,106183936.188724
32.233299,77.148838,22.770000457763672,3117.64502,2021-05-13,0.9806619882583618,6,106183936.250703
32.233139,77.157882,16.06999969482422,3055.912842,2021-05-13,0.9583269953727722,5,106183936.395323
32.232607,77.181929,39.549999,1978.605347,2021-05-13,0.9715830087661743,2,106183936.341608
32.232775,77.158309,18.989999771118164,3052.238281,2021-05-13,0.9786390066146851,5,106183936.403587
32.232668,77.172953,41.419998,2252.481689,2021-05-13,0.9754059910774231,3,106183936.196988
32.232299,77.173387,48.200001,2210.572754,2021-05-13,0.9581310153007507,3,106183936.205252
32.232412,77.158734,31.129999,3051.847168,2021-05-13,0.9829229712486267,5,106183936.411851
32.231871,77.182796,5.880000114440918,1937.561279,2021-05-13,0.9783539772033691,2,106183936.358136
32.231767,77.188337,18.389999,1798.995239,2021-05-13,0.9610009789466858,1,106183936.692883
32.232219,77.150105,10.600000381469727,3219.792725,2021-05-13,0.9574620127677917,6,106183936.275495
32.232051,77.159157,41.200001,3068.404785,2021-05-13,0.9624149799346924,5,106183936.420115
32.23193359375,77.173816,44.939999,2201.194336,2021-05-13,0.9701079726219177,3,106183936.213516
32.231507,77.183222,9.880000114440918,1931.376465,2021-05-13,0.9835360050201416,2,106183936.3664
32.23140335083008,77.188763,24.870001,1796.980225,2021-05-13,0.9640139937400818,1,106183936.701147
32.232051849365234,77.136184,8.239999771118164,3488.633545,2021-05-13,0.9660469889640808,8,106183936.482105
32.231858,77.150529,13.630000114440918,3231.953857,2021-05-13,0.9530220031738281,6,106183936.283759
32.231685,77.159585,33.630001,3059.546387,2021-05-13,0.9838799834251404,5,106183936.428379
32.231496,77.150954,9.4399995803833,3249.060791,2021-05-13,0.956013023853302,6,106183936.292023
32.231209,77.174665,38.90999984741211,2225.159912,2021-05-13,0.969186007976532,3,106183936.230044
32.231142,77.18364715576172,6.46999979019165,1926.928467,2021-05-13,0.9842519760131836,2,106183936.374664
32.231684,77.136612,14.1899995803833,3466.216309,2021-05-13,0.9684739708900452,8,106183936.490371
32.231319427490234,77.160014,28.770000457763672,3053.334717,2021-05-13,0.986437976360321,5,106183936.436643
32.23131561279297,77.137041,21.350000381469727,3425.979004,2021-05-13,0.9521819949150085,8,106183936.498637
32.231137,77.15137481689453,21.049999,3277.346436,2021-05-13,0.9623299837112427,6,106183936.300287
32.230953216552734,77.160443,32.139999,3028.590576,2021-05-13,0.9858779907226562,5,106183936.444908
32.2308464050293,77.175091,41.799999,2224.332764,2021-05-13,0.9812059998512268,3,106183936.238308
32.230412,77.184506,6.809999942779541,1907.820312,2021-05-13,0.9816840291023254,2,106183936.391192
32.230953216552734,77.137467,21.049999,3442.208008,2021-05-13,0.9634870290756226,8,106183936.506903
32.230772,77.151803,28.280001,3258.355957,2021-05-13,0.9596160054206848,6,106183936.308551
32.230047,77.184935,11.529999732971191,1892.150513,2021-05-13,0.9682009816169739,2,106183936.399456
32.230593,77.137891,13.180000305175781,3493.758057,2021-05-13,0.9661449790000916,8,106183936.515169
32.230405,77.152233,23.860001,3232.966553,2021-05-13,0.9660980105400085,6,106183936.316815
32.23012161254883,77.175942,37.860001,2241.196045,2021-05-13,0.976934015750885,3,106183936.254836
32.229758,77.176366,38.15999984741211,2248.336914,2021-05-13,0.975462019443512,3,106183936.2631
32.229681,77.185364,8.010000228881836,1883.639282,2021-05-13,0.9698150157928467,2,106183936.40772
32.230231,77.138317,10.5600004196167,3518.814209,2021-05-13,0.9612069725990295,8,106183936.523435
32.23003387451172,77.152668,30.299999,3160.774414,2021-05-13,0.956682026386261,6,106183936.325079
32.229853,77.161731,32.509998,2968.634033,2021-05-13,0.9875379800796509,5,106183936.469706
32.229316,77.185793,5.539999961853027,1873.139404,2021-05-13,0.9767600297927856,2,106183936.415984
32.229666,77.153098,40.119999,3117.559814,2021-05-13,0.9692969918251038,6,106183936.333343
32.229393005371094,77.176794,42.470001,2237.487061,2021-05-13,0.9741359949111938,3,106183936.271364
32.229869,77.138743,11.010000228881836,3539.840332,2021-05-13,0.9650740027427673,8,106183936.531701
32.229486,77.162161,40.299999,2938.805664,2021-05-13,0.983485996723175,5,106183936.477972
32.229026794433594,77.177223,22.510000228881836,2240.077148,2021-05-13,0.97394198179245,3,106183936.279628
32.2295036315918,77.13916778564453,13.220000267028809,3532.489014,2021-05-13,0.966385006904602,8,106183936.539967
32.22929763793945,77.153529,47.529999,3075.219238,2021-05-13,0.973235011100769,6,106183936.341607
32.229118,77.162593,50.380001,2893.69043,2021-05-13,0.9831799864768982,5,106183936.486238
32.228662,77.177653,38.389999,2208.090332,2021-05-13,0.9707520008087158,3,106183936.287892
32.228585,77.186649,7.900000095367432,1853.749146,2021-05-13,0.9822369813919067,2,106183936.432512
32.229138,77.139598,8.6899995803833,3524.782715,2021-05-13,0.9596850275993347,8,106183936.548233
32.228932,77.153957,45.580002,3059.130371,2021-05-13,0.9597769975662231,6,106183936.349871
32.228747,77.163028,34.22999954223633,2849.741211,2021-05-13,0.9814519882202148,5,106183936.494504
32.22822189331055,77.187077,14.1899995803833,1838.941284,2021-05-13,0.9834790229797363,2,106183936.440776
32.228771,77.140026,8.609999656677246,3506.596436,2021-05-13,0.961126983165741,8,106183936.556499
32.228566,77.154386,46.18000030517578,3038.158691,2021-05-13,0.9683219790458679,6,106183936.358135
32.228377,77.163462,11.380000114440918,2819.721436,2021-05-13,0.9724329710006714,5,106183936.50277
32.228294372558594,77.17808532714844,18.010000228881836,2195.383301,2021-05-13,0.9539409875869751,3,106183936.296156
32.227929,77.178513,20.75,2182.550049,2021-05-13,0.9661039710044861,3,106183936.30442
32.227854,77.187507,14.899999618530273,1820.607666,2021-05-13,0.9694169759750366,2,106183936.449042
32.228404,77.140455,36.970001,3449.905518,2021-05-13,0.9628419876098633,8,106183936.564765
32.228202,77.154813,26.81999969482422,3055.280029,2021-05-13,0.9643239974975586,6,106183936.366399
32.228013,77.163888,46.220001,2789.498291,2021-05-13,0.952970027923584,5,106183936.511036
32.227488,77.187936,12.430000305175781,1810.769165,2021-05-13,0.9854099750518799,2,106183936.457308
32.22783279418945,77.155245,20.260000228881836,3014.624023,2021-05-13,0.969169020652771,6,106183936.374663
32.22755813598633,77.178947,7.369999885559082,2156.866455,2021-05-13,0.9787260293960571,3,106183936.312684
32.228034,77.140886,83.239998,3352.624756,2021-05-13,0.9616879820823669,8,106183936.573031
32.227644,77.16432189941406,39.25,2760.586426,2021-05-13,0.9790250062942505,5,106183936.519302
32.227195739746094,77.179373,33.06999969482422,2130.878906,2021-05-13,0.9719589948654175,3,106183936.320948
32.227122,77.188365,22.389999,1792.682983,2021-05-13,0.9789900183677673,2,106183936.465574
32.227657318115234,77.141321,9.319999694824219,3302.989014,2021-05-13,0.958886981010437,8,106183936.581297
32.22746276855469,77.155677,32.919998,2957.537354,2021-05-13,0.9677640199661255,6,106183936.382927
32.227274,77.164753,39.889999,2711.290527,2021-05-13,0.9531649947166443,5,106183936.527568
32.226827,77.179808,14.229999542236328,2104.015625,2021-05-13,0.972258985042572,3,106183936.329212
32.226666,77.194314,6.510000228881836,1812.718384,2021-05-13,0.9545210003852844,1,106183936.808579
32.227291,77.1417465209961,30.120001,3262.558838,2021-05-13,0.9624130129814148,8,106183936.589563
32.227096,77.156106,43.259998,2923.519287,2021-05-13,0.9629279971122742,6,106183936.391191
32.226901,77.165191,54.279999,2616.086914,2021-05-13,0.9793540239334106,5,106183936.535834
32.226922,77.14218139648438,26.709999,3225.951172,2021-05-13,0.9584349989891052,8,106183936.597829
32.22672653198242,77.156539,45.02000045776367,2876.839111,2021-05-13,0.9526609778404236,6,106183936.399455
32.226528,77.165628,22.700001,2573.683838,2021-05-13,0.9881229996681213,5,106183936.5441
32.226459,77.18023681640625,12.880000114440918,2077.281494,2021-05-13,0.9764170050621033,3,106183936.337476
32.22609329223633,77.180669,6.440000057220459,2066.457275,2021-05-13,0.9852929711341858,3,106183936.34574
32.226554,77.142609,29.18000030517578,3191.501709,2021-05-13,0.9671949744224548,8,106183936.606095
32.226356506347656,77.156971,38.880001,2835.837646,2021-05-13,0.9677410125732422,6,106183936.407719
32.226158142089844,77.166059,37.34000015258789,2528.243652,2021-05-13,0.9841439723968506,5,106183936.552366
32.22598648071289,77.157404,37.490002,2785.19458,2021-05-13,0.9567090272903442,6,106183936.415983
32.225728,77.181098,9.020000457763672,2052.204102,2021-05-13,0.9836599826812744,3,106183936.354004
32.226184,77.1430435180664,41.279999,3116.325684,2021-05-13,0.9636009931564331,8,106183936.614361
32.225791,77.166492,14.1899995803833,2502.763672,2021-05-13,0.9853240251541138,5,106183936.560632
32.225362,77.181527,17.709999,2026.823486,2021-05-13,0.984250009059906,3,106183936.362268
32.225813,77.143472,52.889999,3038.674805,2021-05-13,0.9691219925880432,8,106183936.622627
32.225612,77.157841,21.229999542236328,2720.181885,2021-05-13,0.9827420115470886,6,106183936.424247
32.225425720214844,77.16692352294922,43.560001,2470.275635,2021-05-13,0.9874780178070068,5,106183936.568898
32.22499465942383,77.181958,11.680000305175781,2008.024414,2021-05-13,0.9793050289154053,3,106183936.370532
32.225442,77.143903,17.379999,3012.108154,2021-05-13,0.9608290195465088,8,106183936.630893
32.225247,77.158269,45.31999969482422,2689.400635,2021-05-13,0.9844740033149719,6,106183936.432511
32.225054,77.167356,10.329999923706055,2436.306152,2021-05-13,0.9850550293922424,5,106183936.577164
32.225074,77.144332,12.960000038146973,2980.980713,2021-05-13,0.9523400068283081,8,106183936.639159
32.224884033203125,77.158695,25.389999,2713.200439,2021-05-13,0.9871309995651245,6,106183936.440775
32.22468566894531,77.167787,12.020000457763672,2403.222168,2021-05-13,0.9769120216369629,5,106183936.58543
32.224631,77.182384,53.889999,1965.936035,2021-05-13,0.9804369807243347,3,106183936.378796
32.224258,77.182824,16.739999771118164,1934.045654,2021-05-13,0.9635509848594666,3,106183936.38706
32.22488021850586,77.135886,27.610001,3607.095459,2021-05-13,0.9670500159263611,11,106183936.50277
32.224708,77.144761,17.870001,2957.014893,2021-05-13,0.9673629999160767,8,106183936.647425
32.224516,77.159126,22.809999,2685.292236,2021-05-13,0.9833729863166809,6,106183936.449041
32.224319,77.168217,24.870001,2370.708252,2021-05-13,0.9656130075454712,5,106183936.593696
32.224146,77.159558,18.989999771118164,2647.546631,2021-05-13,0.9850419759750366,6,106183936.457307
32.22389221191406,77.183254,28.870001,1905.37207,2021-05-13,0.9780070185661316,3,106183936.395324
32.224513,77.13631439208984,30.0,3585.933838,2021-05-13,0.9633510112762451,11,106183936.511036
32.224338,77.145191,25.170000076293945,2895.407227,2021-05-13,0.9692469835281372,8,106183936.655691
32.22394943237305,77.168649,11.979999542236328,2340.690918,2021-05-13,0.9809439778327942,5,106183936.601962
32.223524,77.183686,17.969999,1884.910156,2021-05-13,0.9820299744606018,3,106183936.403588
32.224146,77.136743,53.900002,3541.062988,2021-05-13,0.9581009745597839,11,106183936.519302
32.22397232055664,77.145619,32.18000030517578,2877.061279,2021-05-13,0.964917004108429,8,106183936.663957
32.223776,77.15998840332031,7.21999979019165,2616.389648,2021-05-13,0.9777460098266602,6,106183936.465573
32.223585,77.169077,19.809999,2328.560303,2021-05-13,0.9691579937934875,5,106183936.610228
32.2231559753418,77.184117,10.520000457763672,1867.907104,2021-05-13,0.9812870025634766,3,106183936.411852
32.223607,77.146047,33.150002,2867.419189,2021-05-13,0.9641820192337036,8,106183936.672223
32.22340774536133,77.1604232788086,25.43000030517578,2570.484131,2021-05-13,0.9794449806213379,6,106183936.473839
32.223218,77.169507,11.3100004196167,2315.771729,2021-05-13,0.9676049947738647,5,106183936.618494
32.22275161743164,77.193481,11.529999732971191,1833.299805,2021-05-13,0.9566370248794556,2,106183936.564766
32.223397,77.137607,71.31999969482422,3355.301758,2021-05-13,0.9626839756965637,11,106183936.535834
32.223238,77.146477,5.579999923706055,2845.276855,2021-05-13,0.9678980112075806,8,106183936.680487
32.223039,77.160852,23.260000228881836,2536.960449,2021-05-13,0.9820029735565186,6,106183936.482105
32.222852,77.169936,32.59000015258789,2277.059326,2021-05-13,0.983361005783081,5,106183936.62676
32.222791,77.184546,13.670000076293945,1852.154541,2021-05-13,0.951367974281311,3,106183936.420116
32.222425,77.18497467041016,3.7799999713897705,1848.7052001953125,2021-05-13,0.9528070092201233,3,106183936.42838
32.22238540649414,77.193907,6.03000020980835,1842.353271,2021-05-13,0.9500579833984375,2,106183936.573032
32.223024,77.138039,38.810001,3316.879883,2021-05-13,0.9593520164489746,11,106183936.5441
32.222875,77.146903,8.119999885559082,2858.932129,2021-05-13,0.95831698179245,8,106183936.688751
32.222669,77.16128540039062,12.130000114440918,2500.200439,2021-05-13,0.9786919951438904,6,106183936.490371
32.222482,77.170369,32.959999,2229.598877,2021-05-13,0.9877060055732727,5,106183936.635026
32.222299,77.161718,17.829999923706055,2447.172363,2021-05-13,0.9807900190353394,6,106183936.498637
32.22206115722656,77.185402,3.3299999237060547,1848.738037,2021-05-13,0.9697449803352356,3,106183936.436644
32.222655,77.138469,21.270000457763672,3292.299316,2021-05-13,0.9543560147285461,11,106183936.552366
32.222511291503906,77.147331,17.56999969482422,2837.665039,2021-05-13,0.9637240171432495,8,106183936.697015
32.222110748291016,77.170805,20.450001,2173.688232,2021-05-13,0.9866740107536316,5,106183936.643292
32.222288,77.138897,21.989999771118164,3269.799072,2021-05-13,0.95728600025177,11,106183936.560632
32.222145080566406,77.147758,30.530001,2816.601807,2021-05-13,0.9692299962043762,8,106183936.705279
32.221926,77.162153,24.420000076293945,2376.108887,2021-05-13,0.9795020222663879,6,106183936.506903
32.221743,77.171236,26.139999,2137.499756,2021-05-13,0.9865480065345764,5,106183936.651558
32.221293,77.195185,4.449999809265137,1855.996826,2021-05-13,0.9513580203056335,2,106183936.59783
32.22116470336914,77.209633,29.549999,2033.777832,2021-05-13,0.9714549779891968,0,106183937.077159
32.22133255004883,77.186252,18.829999923706055,1847.310913,2021-05-13,0.9689620137214661,3,106183936.453175
32.221921,77.139325,29.030001,3248.054932,2021-05-13,0.9647909998893738,11,106183936.568898
32.221778,77.148187,14.829999923706055,2804.879395,2021-05-13,0.9656199812889099,8,106183936.713543
32.2215576171875,77.162584,14.229999542236328,2355.359863,2021-05-13,0.9850760102272034,6,106183936.515169
32.221372,77.171671,23.149999618530273,2084.937744,2021-05-13,0.9878929853439331,5,106183936.659824
32.221555,77.139753,32.139999,3231.57959,2021-05-13,0.9701380133628845,11,106183936.577164
32.221412,77.148615,16.850000381469727,2794.413818,2021-05-13,0.960690975189209,8,106183936.721807
32.221003,77.17210388183594,17.489999771118164,2044.768066,2021-05-13,0.9835519790649414,5,106183936.66809
32.220435,77.210488,26.81999969482422,2039.557739,2021-05-13,0.9678059816360474,0,106183937.093687
32.220601,77.1871109008789,8.09000015258789,1835.494141,2021-05-13,0.9734929800033569,3,106183936.469707
32.221049,77.149041,16.329999923706055,2806.04541,2021-05-13,0.9517409801483154,8,106183936.730071
32.220828,77.163438,35.060001,2333.565674,2021-05-13,0.9851260185241699,6,106183936.531701
32.220638,77.172531,17.979999542236328,2036.914429,2021-05-13,0.9692310094833374,5,106183936.676355
32.220465,77.16386413574219,30.040001,2348.787598,2021-05-13,0.9856740236282349,6,106183936.539967
32.220236,77.187537,5.800000190734863,1833.819946,2021-05-13,0.9712910056114197,3,106183936.477973
32.21971130371094,77.2113265991211,12.430000305175781,2127.150635,2021-05-13,0.9553409814834595,0,106183937.110215
32.22081756591797,77.140612,16.100000381469727,3178.725342,2021-05-13,0.9646379947662354,11,106183936.593696
32.220689,77.149466,10.479999542236328,2849.394775,2021-05-13,0.9532129764556885,8,106183936.738335
32.220282,77.172948,61.130001,2069.262207,2021-05-13,0.9876570105552673,5,106183936.684619
32.220451,77.14103698730469,6.099999904632568,3169.196777,2021-05-13,0.9514170289039612,11,106183936.601962
32.220331,77.149889,27.870001,2889.661865,2021-05-13,0.9598180055618286,8,106183936.746599
32.22010803222656,77.164283,63.830002,2378.89502,2021-05-13,0.9558290243148804,6,106183936.548233
32.219348,77.211751,19.700001,2152.849121,2021-05-13,0.9756100177764893,0,106183937.118479
32.218984,77.212175,7.21999979019165,2186.088379,2021-05-13,0.9740269780158997,0,106183937.126743
32.220087,77.141467,3.0999999046325684,3171.035156,2021-05-13,0.9583420157432556,11,106183936.610228
32.219968,77.150315,55.630001,2880.580078,2021-05-13,0.9662560224533081,8,106183936.754863
32.219747,77.164706,55.400002,2413.355957,2021-05-13,0.9848970174789429,6,106183936.556499
32.219566345214844,77.173787,44.759998,2201.240723,2021-05-13,0.9836080074310303,5,106183936.701147
32.219721,77.141895,7.409999847412109,3154.687256,2021-05-13,0.9543709754943848,11,106183936.618494
32.219599,77.150745,29.670000076293945,2856.283447,2021-05-13,0.9632030129432678,8,106183936.763127
32.219389,77.165126,54.650002,2468.354004,2021-05-13,0.9801160097122192,6,106183936.564765
32.219203,77.174211,42.029999,2222.380859,2021-05-13,0.9874190092086792,5,106183936.709411
32.218622,77.212594,22.170000076293945,2217.490479,2021-05-13,0.967553973197937,0,106183937.135007
32.218259,77.213017,17.190001,2248.580811,2021-05-13,0.9641630053520203,0,106183937.143271
32.219236,77.151171,33.450001,2864.224121,2021-05-13,0.9668819904327393,8,106183936.771391
32.219023,77.165555,47.869999,2463.908203,2021-05-13,0.9855939745903015,6,106183936.573031
32.218841552734375,77.174637,36.81999969482422,2235.431641,2021-05-13,0.9582120180130005,5,106183936.717675
32.21865463256836,77.16598510742188,38.5,2447.210938,2021-05-13,0.9851400256156921,6,106183936.581297
32.218476,77.175063,27.530001,2249.878662,2021-05-13,0.9681810140609741,5,106183936.725939
32.2178955078125,77.21343994140625,11.720000267028809,2276.755127,2021-05-13,0.9621880054473877,0,106183937.151535
32.218993,77.142749,6.590000152587891,3163.045166,2021-05-13,0.9606050252914429,11,106183936.635026
32.218017,77.199019,4.559999942779541,1896.284912,2021-05-13,0.953682005405426,2,106183936.672223
32.218631744384766,77.143175,9.699999809265137,3169.381836,2021-05-13,0.964028000831604,11,106183936.643292
32.218515,77.152021,26.260000228881836,2949.376709,2021-05-13,0.9543840289115906,8,106183936.787919
32.218292236328125,77.166411,32.65999984741211,2462.489014,2021-05-13,0.9863200187683105,6,106183936.589563
32.218116760253906,77.175484,53.380001,2271.267822,2021-05-13,0.9836549758911133,5,106183936.734203
32.217534,77.21385955810547,36.110001,2296.70166,2021-05-13,0.9593700170516968,0,106183937.159799
32.217933654785156,77.166831,67.050003,2483.202881,2021-05-13,0.9857100248336792,6,106183936.597829
32.21717071533203,77.214285,17.940001,2327.232666,2021-05-13,0.9594659805297852,0,106183937.168063
32.218265,77.143602,7.789999961853027,3171.755371,2021-05-13,0.9549720287322998,11,106183936.651558
32.21815490722656,77.152445,31.760000228881836,2986.35376,2021-05-13,0.9509810209274292,8,106183936.796183
32.217757,77.175906,44.310001,2317.282715,2021-05-13,0.9839349985122681,5,106183936.742467
32.217901,77.14402770996094,10.859999656677246,3164.917236,2021-05-13,0.9574030041694641,11,106183936.659824
32.217795,77.15287017822266,24.610001,3030.203125,2021-05-13,0.9659140110015869,8,106183936.804447
32.217559,77.167269,20.149999618530273,2442.750977,2021-05-13,0.9810709953308105,6,106183936.606095
32.217389,77.176337,46.93000030517578,2287.428223,2021-05-13,0.981469988822937,5,106183936.750731
32.217534,77.144458,13.069999694824219,3141.497803,2021-05-13,0.9559450149536133,11,106183936.66809
32.21742630004883,77.153299,31.350000381469727,2984.476807,2021-05-13,0.9624369740486145,8,106183936.812711
32.217196,77.167695,28.010000228881836,2446.825928,2021-05-13,0.9535030126571655,6,106183936.614361
32.217018,77.176772,8.390000343322754,2260.734375,2021-05-13,0.9909319877624512,5,106183936.758995
32.217058,77.153729,33.81999969482422,2942.60498,2021-05-13,0.9686679840087891,8,106183936.820975
32.21683883666992,77.168112,37.830002,2507.703125,2021-05-13,0.9816399812698364,6,106183936.622627
32.216651916503906,77.177202,6.139999866485596,2243.523193,2021-05-13,0.9731299877166748,5,106183936.767259
32.216081,77.215551,16.549999,2417.401123,2021-05-13,0.9640480279922485,0,106183937.192855
32.217168,77.144886,12.989999771118164,3127.145996,2021-05-13,0.9652919769287109,11,106183936.676355
32.215719,77.21597290039062,38.919998,2441.12207,2021-05-13,0.9650710225105286,0,106183937.201119
32.216804,77.145313,6.659999847412109,3134.370605,2021-05-13,0.9661939740180969,11,106183936.684619
32.216689,77.15415954589844,32.959999,2893.534668,2021-05-13,0.9666299819946289,8,106183936.829239
32.216481,77.168533,48.09000015258789,2542.779053,2021-05-13,0.9604499936103821,6,106183936.630893
32.216285,77.177631,9.8100004196167,2223.276855,2021-05-13,0.987775981426239,5,106183936.775523
32.216123,77.168954,40.189999,2602.248291,2021-05-13,0.9821529984474182,6,106183936.639159
32.215357,77.21639251708984,51.580002,2468.390137,2021-05-13,0.9561100006103516,0,106183937.209383
32.216441,77.145739,22.100000381469727,3134.402832,2021-05-13,0.9611669778823853,11,106183936.692883
32.216317,77.154592,34.200001,2818.903564,2021-05-13,0.9511139988899231,8,106183936.837503
32.215918,77.178061,11.15999984741211,2195.725342,2021-05-13,0.9758689999580383,5,106183936.783787
32.215487,77.19309997558594,11.720000267028809,1760.051147,2021-05-13,0.9545270204544067,3,106183936.585431
32.21607971191406,77.146165,13.970000267028809,3165.227783,2021-05-13,0.9673219919204712,11,106183936.701147
32.215953,77.155019,20.190001,2838.171387,2021-05-13,0.9649069905281067,8,106183936.845767
32.215757,77.169383,52.360001,2574.764404,2021-05-13,0.9814299941062927,6,106183936.647425
32.215552,77.178491,20.149999618530273,2171.454346,2021-05-13,0.981751024723053,5,106183936.792051
32.214991,77.216818,14.149999618530273,2498.863281,2021-05-13,0.9644020199775696,0,106183937.217647
32.214628,77.21723937988281,16.700001,2524.810791,2021-05-13,0.9667369723320007,0,106183937.225911
32.21571731567383,77.146591,14.640000343322754,3179.068848,2021-05-13,0.9654819965362549,11,106183936.709411
32.215389,77.169813,58.580002,2545.596436,2021-05-13,0.983036994934082,6,106183936.655691
32.215184,77.178922,13.260000228881836,2145.197021,2021-05-13,0.9834269881248474,5,106183936.800315
32.214763,77.193944,5.159999847412109,1813.002319,2021-05-13,0.9534779787063599,3,106183936.601963
32.215353,77.147018,18.690001,3176.722656,2021-05-13,0.9578559994697571,11,106183936.717675
32.215231,77.15586853027344,28.5,2890.543945,2021-05-13,0.9639620184898376,8,106183936.862295
32.215017,77.170248,27.530001,2512.589111,2021-05-13,0.9832860231399536,6,106183936.663957
32.214822,77.179347,34.720001,2141.04834,2021-05-13,0.9868429899215698,5,106183936.808579
32.214399,77.194371,6.920000076293945,1811.848389,2021-05-13,0.9524250030517578,3,106183936.610229
32.213903,77.218081,42.59000015258789,2566.964111,2021-05-13,0.9584050178527832,0,106183937.242439
32.214987,77.147445,19.25,3162.133057,2021-05-13,0.9632030129432678,11,106183936.725939
32.214868,77.15629577636719,13.630000114440918,2926.348633,2021-05-13,0.9687780141830444,8,106183936.870559
32.214658,77.17066955566406,31.15999984741211,2548.955078,2021-05-13,0.9634339809417725,6,106183936.672223
32.214454650878906,77.179777,37.68000030517578,2118.049316,2021-05-13,0.9898110032081604,5,106183936.816843
32.21401596069336,77.203702,7.260000228881836,1949.712402,2021-05-13,0.9763100147247314,2,106183936.763127
32.214508056640625,77.15672302246094,29.18000030517578,2951.923096,2021-05-13,0.957319974899292,8,106183936.878823
32.21429443359375,77.171096,29.139999,2552.77417,2021-05-13,0.9608700275421143,6,106183936.680487
32.214088439941406,77.180204,36.779999,2112.798828,2021-05-13,0.9639449715614319,5,106183936.825107
32.21357345581055,77.209619,16.290001,2274.258057,2021-05-13,0.9694839715957642,1,106183937.106083
32.214623,77.147872,21.420000076293945,3161.547119,2021-05-13,0.9638069868087769,11,106183936.734203
32.214259,77.148299,34.90999984741211,3148.670166,2021-05-13,0.9679089784622192,11,106183936.742467
32.213928,77.17152404785156,33.599998,2538.889404,2021-05-13,0.9604499936103821,6,106183936.688751
32.213723,77.180634,34.049999,2094.538574,2021-05-13,0.9652169942855835,5,106183936.833371
32.213292,77.204547,23.889999,1978.587524,2021-05-13,0.9819949865341187,2,106183936.779655
32.213212,77.21003723144531,22.959999,2308.001221,2021-05-13,0.9599660038948059,1,106183937.114347
32.213172912597656,77.218937,6.630000114440918,2592.733154,2021-05-13,0.9693480134010315,0,106183937.258967
32.213561,77.171954,36.669998,2516.650879,2021-05-13,0.9849820137023926,6,106183936.697015
32.213889,77.148729,8.569999694824219,3128.643066,2021-05-13,0.9600809812545776,11,106183936.750731
32.213786,77.157571,14.3100004196167,3034.200928,2021-05-13,0.957880973815918,8,106183936.895351
32.213358,77.181062,49.81999969482422,2074.960449,2021-05-13,0.9829789996147156,5,106183936.841635
32.212943,77.196076,3.0299999713897705,1830.651123,2021-05-13,0.9501699805259705,3,106183936.643293
32.212931,77.204968,17.149999618530273,2014.178345,2021-05-13,0.9758390188217163,2,106183936.787919
32.212849,77.210462,17.709999,2341.868164,2021-05-13,0.963325023651123,1,106183937.122611
32.213526,77.149156,4.71999979019165,3135.692627,2021-05-13,0.9500259757041931,11,106183936.758995
32.213423,77.157997,18.389999,3041.878418,2021-05-13,0.9797940254211426,8,106183936.903615
32.213191986083984,77.1723861694336,40.97999954223633,2472.214355,2021-05-13,0.953997015953064,6,106183936.705279
32.212989,77.181495,35.580002,2046.838867,2021-05-13,0.9852349758148193,5,106183936.849899
32.212488,77.210882,21.530001,2381.958496,2021-05-13,0.9548799991607666,1,106183937.130875
32.213161,77.149583,8.800000190734863,3130.915771,2021-05-13,0.960299015045166,11,106183936.767259
32.213061,77.158423,22.100000381469727,3068.957031,2021-05-13,0.9805819988250732,8,106183936.911879
32.212823,77.172818,34.56999969482422,2436.210938,2021-05-13,0.982509970664978,6,106183936.713543
32.212623,77.181925,29.18000030517578,2034.726685,2021-05-13,0.9847720265388489,5,106183936.858163
32.212212,77.205804,17.489999771118164,2102.008789,2021-05-13,0.9675599932670593,2,106183936.804447
32.212799,77.150009,8.3100004196167,3150.815674,2021-05-13,0.9681800007820129,11,106183936.775523
32.212701,77.158848,30.040001,3100.233643,2021-05-13,0.9842870235443115,8,106183936.920143
32.212451,77.173253,15.619999885559082,2396.043945,2021-05-13,0.9815509915351868,6,106183936.721807
32.212256,77.182355,34.049999,2004.224854,2021-05-13,0.9832810163497925,5,106183936.866427
32.211851,77.206226,21.34000015258789,2123.445312,2021-05-13,0.9744420051574707,2,106183936.812711
32.211762,77.211729,11.869999885559082,2437.873535,2021-05-13,0.9590200185775757,1,106183937.147403
32.211849212646484,77.197356,5.090000152587891,1831.433594,2021-05-13,0.9549940228462219,3,106183936.668091
32.212439,77.150434,20.40999984741211,3172.16626,2021-05-13,0.9603390097618103,11,106183936.783787
32.212338,77.159274,32.400002,3108.73584,2021-05-13,0.9854199886322021,8,106183936.928407
32.21208190917969,77.173684,9.65999984741211,2365.020996,2021-05-13,0.9861299991607666,6,106183936.730071
32.211886,77.182789,32.099998,1959.315552,2021-05-13,0.9833149909973145,5,106183936.874691
32.211491,77.206645,34.529999,2153.326416,2021-05-13,0.9848049879074097,2,106183936.820975
32.211971,77.159703,33.150002,3088.983643,2021-05-13,0.9791889786720276,8,106183936.936671
32.211717,77.174112,32.169998,2336.290527,2021-05-13,0.9584779739379883,6,106183936.738335
32.211486,77.197782,5.760000228881836,1832.258789,2021-05-13,0.9560989737510681,3,106183936.676355
32.212078,77.150859,22.549999,3200.283691,2021-05-13,0.9628180265426636,11,106183936.792051
32.211524963378906,77.183212,45.880001,1977.929199,2021-05-13,0.9567559957504272,5,106183936.882955
32.211129,77.207066,24.270000457763672,2190.327148,2021-05-13,0.9679120182991028,2,106183936.829239
32.211038,77.212571,28.649999618530273,2493.141602,2021-05-13,0.9638170003890991,1,106183937.163931
32.21171569824219,77.151286,7.559999942779541,3230.297363,2021-05-13,0.9664210081100464,11,106183936.800315
32.211605072021484,77.160132,26.030001,3077.716797,2021-05-13,0.9869779944419861,8,106183936.944935
32.21134567260742,77.174546,15.130000114440918,2299.187012,2021-05-13,0.9862300157546997,6,106183936.746599
32.211158,77.183642,40.529999,1961.768066,2021-05-13,0.9602569937705994,5,106183936.891219
32.21077346801758,77.20748138427734,48.009998,2236.787109,2021-05-13,0.9692549705505371,2,106183936.837503
32.211354,77.151711,9.020000457763672,3252.77832,2021-05-13,0.9713889956474304,11,106183936.808579
32.211238,77.160561,23.709999,3059.720703,2021-05-13,0.9879500269889832,8,106183936.953199
32.210977,77.174978,17.40999984741211,2254.492188,2021-05-13,0.9880419969558716,6,106183936.754863
32.210791,77.184072,30.229999542236328,1951.597168,2021-05-13,0.9640690088272095,5,106183936.899483
32.21040725708008,77.207909,13.739999771118164,2257.631104,2021-05-13,0.9661909937858582,2,106183936.845767
32.210992,77.152138,12.579999923706055,3262.823975,2021-05-13,0.96772700548172,11,106183936.816843
32.210871,77.1609878540039,28.620001,3029.666992,2021-05-13,0.9856770038604736,8,106183936.961463
32.210618,77.17539978027344,37.830002,2278.127686,2021-05-13,0.9667050242424011,6,106183936.763127
32.210425,77.184501,39.52000045776367,1927.770752,2021-05-13,0.9828479886054993,5,106183936.907747
32.210042,77.208337,11.119999885559082,2259.076904,2021-05-13,0.9729470014572144,2,106183936.854031
32.210628,77.152564,21.239999771118164,3262.733643,2021-05-13,0.9608529806137085,11,106183936.825107
32.210419,77.157908,26.93000030517578,3198.341797,2021-05-17,0.969327986240387,0,106523956.722695
32.210504,77.161419,43.56999969482422,2990.053711,2021-05-13,0.9857509732246399,8,106183936.969727
32.210254,77.175826,30.520000457763672,2293.062012,2021-05-13,0.9671289920806885,6,106183936.771391
32.21004867553711,77.184941,14.300000190734863,1859.443237,2021-05-13,0.9811559915542603,5,106183936.916011
32.20957946777344,77.214276,31.270000457763672,2510.012207,2021-05-13,0.9652349948883057,1,106183937.196987
32.210139,77.161847,40.119999,2984.38208,2021-05-13,0.983568012714386,8,106183936.977991
32.20988845825195,77.176252,11.680000305175781,2313.14502,2021-05-13,0.9645940065383911,6,106183936.779655
32.209666,77.199913,16.290001,1837.701538,2021-05-13,0.9644839763641357,3,106183936.717675
32.209317,77.209183,9.399999618530273,2300.721436,2021-05-13,0.9762589931488037,2,106183936.870559
32.210267,77.15299224853516,9.170000076293945,3296.692627,2021-05-13,0.9745550155639648,11,106183936.833371
32.210054,77.158338,24.940001,3179.550537,2021-05-17,0.9681050181388855,0,106523956.730959
32.209681,77.185374,8.90999984741211,1821.678711,2021-05-13,0.9845849871635437,5,106183936.924275
32.209301,77.2003402709961,6.139999866485596,1842.967529,2021-05-13,0.9814779758453369,3,106183936.725939
32.209907,77.153415,16.100000381469727,3328.570312,2021-05-13,0.9676219820976257,11,106183936.841635
32.209773,77.162276,25.770000457763672,2987.52417,2021-05-13,0.9830269813537598,8,106183936.986255
32.209531,77.176675,31.09000015258789,2331.630127,2021-05-13,0.9827619791030884,6,106183936.787919
32.20931625366211,77.185802,13.260000228881836,1810.573242,2021-05-13,0.9679980278015137,5,106183936.932539
32.208959,77.209598,41.22999954223633,2325.679443,2021-05-13,0.9759470224380493,2,106183936.878823
32.2088508605957,77.215131,33.150002,2502.189941,2021-05-13,0.9695879817008972,1,106183937.213515
32.209689,77.15876770019531,31.540001,3139.850098,2021-05-17,0.9703680276870728,0,106523956.739223
32.208938,77.200765,9.210000038146973,1849.155273,2021-05-13,0.9829429984092712,3,106183936.734203
32.209541,77.153843,17.530001,3313.212891,2021-05-13,0.9717609882354736,11,106183936.849899
32.20932388305664,77.159203,16.520000457763672,3110.294434,2021-05-17,0.9578580260276794,0,106523956.747487
32.209407,77.16270446777344,19.100000381469727,2983.18457,2021-05-13,0.9668580293655396,8,106183936.994519
32.20916748046875,77.177101,45.919998,2322.340088,2021-05-13,0.9836540222167969,6,106183936.796183
32.20895004272461,77.186231,4.599999904632568,1808.998779,2021-05-13,0.9730259776115417,5,106183936.940803
32.208575,77.20118713378906,10.40999984741211,1857.104126,2021-05-13,0.9845060110092163,3,106183936.742467
32.208598,77.210019,35.990002,2363.00708,2021-05-13,0.9571869969367981,2,106183936.887087
32.2084846496582,77.215558,35.130001,2496.12085,2021-05-13,0.9591540098190308,1,106183937.221779
32.20917892456055,77.154269,11.90999984741211,3345.142334,2021-05-13,0.9639059901237488,11,106183936.858163
32.209042,77.163132,16.329999923706055,2973.700439,2021-05-13,0.9850850105285645,8,106183937.002783
32.208799,77.177531,39.439999,2302.26416,2021-05-13,0.9811570048332214,6,106183936.804447
32.208585,77.186658,4.980000019073486,1809.252563,2021-05-13,0.9735829830169678,5,106183936.949067
32.20823287963867,77.210447,34.450001,2362.887695,2021-05-13,0.9718459844589233,2,106183936.895351
32.208121,77.215983,35.509998,2507.490479,2021-05-13,0.9588850140571594,1,106183937.230043
32.208959,77.159628,26.479999542236328,3110.128174,2021-05-17,0.9688670039176941,0,106523956.755751
32.208213,77.201613,10.779999732971191,1875.430298,2021-05-13,0.9732059836387634,3,106183936.750731
32.20881652832031,77.154695,18.950001,3351.366455,2021-05-13,0.9690210223197937,11,106183936.866427
32.208678,77.163559,46.860001,2958.712158,2021-05-13,0.961633026599884,8,106183937.011047
32.208432,77.177961,47.830002,2274.127441,2021-05-13,0.9827290177345276,6,106183936.812711
32.208221435546875,77.187086,5.010000228881836,1808.354614,2021-05-13,0.9744359850883484,5,106183936.957331
32.207853,77.202033,15.5,1905.562134,2021-05-13,0.9610779881477356,3,106183936.758995
32.207869,77.210873,37.189999,2364.885254,2021-05-13,0.9566029906272888,2,106183936.903615
32.207757,77.216409,31.15999984741211,2516.016846,2021-05-13,0.9510509967803955,1,106183937.238307
32.208455,77.155121,11.229999542236328,3379.639648,2021-05-13,0.9688420295715332,11,106183936.874691
32.208311,77.163989,41.389999,2930.975342,2021-05-13,0.9694629907608032,8,106183937.019311
32.208063,77.178393,47.380001,2238.09668,2021-05-13,0.9837579727172852,6,106183936.820975
32.207393,77.216834,39.369999,2518.191406,2021-05-13,0.962145984172821,1,106183937.246571
32.208229064941406,77.160483,29.809999,3093.826416,2021-05-17,0.9607470035552979,0,106523956.772279
32.207856,77.187513,5.309999942779541,1806.638916,2021-05-13,0.9756879806518555,5,106183936.965595
32.207503,77.202438,32.990002,2000.314575,2021-05-13,0.962486982345581,3,106183936.767259
32.208091735839844,77.155549,8.869999885559082,3378.411133,2021-05-13,0.9712709784507751,11,106183936.882955
32.207944,77.164417,41.799999,2912.592041,2021-05-13,0.9662969708442688,8,106183937.027575
32.207696,77.178823,47.310001,2211.151367,2021-05-13,0.9836310148239136,6,106183936.829239
32.207489013671875,77.187942,18.239999771118164,1785.086914,2021-05-13,0.9874330163002014,5,106183936.973859
32.20713806152344,77.21173095703125,35.880001,2351.590576,2021-05-13,0.9592120051383972,2,106183936.920143
32.207026,77.217265,24.010000228881836,2509.092773,2021-05-13,0.9745190143585205,1,106183937.254835
32.207865,77.160913,21.56999969482422,3077.954346,2021-05-17,0.969398021697998,0,106523956.780543
32.207143,77.2028579711914,34.119999,2026.736816,2021-05-13,0.971746027469635,3,106183936.775523
32.206772,77.212159,31.15999984741211,2351.212646,2021-05-13,0.9642800092697144,2,106183936.928407
32.207725,77.155976,25.020000457763672,3359.415283,2021-05-13,0.9721860289573669,11,106183936.891219
32.20750045776367,77.161343,24.379999,3056.412354,2021-05-17,0.9647390246391296,0,106523956.788807
32.207576751708984,77.164847,20.790001,2905.124512,2021-05-13,0.9838529825210571,8,106183937.035839
32.207328,77.179254,38.43000030517578,2193.597412,2021-05-13,0.9584460258483887,6,106183936.837503
32.207122802734375,77.188373,18.579999923706055,1760.109863,2021-05-13,0.9688500165939331,5,106183936.982123
32.206786,77.203275,37.639999,2082.442627,2021-05-13,0.9677770137786865,3,106183936.783787
32.207359,77.156405,45.18000030517578,3320.369873,2021-05-13,0.9766070246696472,11,106183936.899483
32.207213,77.165274,29.25,2902.031982,2021-05-13,0.9841560125350952,8,106183937.044103
32.20695877075195,77.179684,50.639999,2154.518066,2021-05-13,0.9511749744415283,6,106183936.845767
32.206759,77.188799,19.170000076293945,1766.756226,2021-05-13,0.9705569744110107,5,106183936.990387
32.206297,77.218118,28.690001,2505.678467,2021-05-13,0.9698560237884521,1,106183937.271363
32.207136,77.161774,12.65999984741211,3041.851807,2021-05-17,0.9699990153312683,0,106523956.797071
32.206426,77.203695,35.389999,2118.204834,2021-05-13,0.9841309785842896,3,106183936.792051
32.206989,77.156835,17.860001,3305.605713,2021-05-13,0.9605810046195984,11,106183936.907747
32.206771,77.162194,40.939999,3050.769531,2021-05-17,0.9686480164527893,0,106523956.805335
32.206848,77.165702,29.100000381469727,2898.187012,2021-05-13,0.9569259881973267,8,106183937.052367
32.20658874511719,77.180118,41.759998,2115.980957,2021-05-13,0.9580399990081787,6,106183936.854031
32.20639419555664,77.189227,20.0,1760.76355,2021-05-13,0.9699329733848572,5,106183936.998651
32.206061,77.204122,10.149999618530273,2142.210449,2021-05-13,0.9531360268592834,3,106183936.800315
32.205929,77.218551,15.6899995803833,2481.286133,2021-05-13,0.9514939785003662,1,106183937.279627
32.20662307739258,77.157264,24.200001,3282.760498,2021-05-13,0.9630429744720459,11,106183936.916011
32.206484,77.166129,44.990002,2892.951416,2021-05-13,0.9868559837341309,8,106183937.060631
32.206221,77.180549,45.43000030517578,2078.13916,2021-05-13,0.9833440184593201,6,106183936.862295
32.205674,77.213446,4.190000057220459,2347.479004,2021-05-13,0.9761509895324707,2,106183936.953199
32.205565,77.218976,31.610001,2476.47583,2021-05-13,0.9613929986953735,1,106183937.287891
32.206407,77.1626205444336,35.360001,3060.960205,2021-05-17,0.9567720293998718,0,106523956.813599
32.20569610595703,77.204551,24.68000030517578,2117.512451,2021-05-13,0.9743220210075378,3,106183936.808579
32.206255,77.157693,32.509998,3240.137939,2021-05-13,0.9756550192832947,11,106183936.924275
32.2060432434082,77.163051,30.379999,3037.985596,2021-05-17,0.9658650159835815,0,106523956.821863
32.206119,77.166557,45.65999984741211,2889.94751,2021-05-13,0.9853730201721191,8,106183937.068895
32.20585632324219,77.180977,43.220001,2079.721924,2021-05-13,0.9772800207138062,6,106183936.870559
32.205327,77.204984,23.290001,2089.286377,2021-05-13,0.9781709909439087,3,106183936.816843
32.205314,77.213866,36.959999,2351.588867,2021-05-13,0.9546200037002563,2,106183936.961463
32.205748,77.166988,30.489999771118164,2840.571045,2021-05-13,0.982142984867096,8,106183937.077159
32.204835,77.21983337402344,32.509998,2466.046143,2021-05-13,0.9618980288505554,1,106183937.304419
32.204803466796875,77.228685,16.739999771118164,2867.452148,2021-05-13,0.9568679928779602,0,106183937.449041
32.205888,77.158121,46.490002,3211.413086,2021-05-13,0.9835739731788635,11,106183936.932539
32.205679,77.163483,25.059999,3012.187744,2021-05-17,0.9685800075531006,0,106523956.830127
32.205488,77.181408,44.310001,2043.684082,2021-05-13,0.986581027507782,6,106183936.878823
32.205292,77.190519,19.510000228881836,1690.027588,2021-05-13,0.9684380292892456,5,106183937.023443
32.204959869384766,77.205416,19.920000076293945,2069.92627,2021-05-13,0.9718250036239624,3,106183936.825107
32.205518,77.158552,21.239999771118164,3188.867676,2021-05-13,0.9886050224304199,11,106183936.940803
32.205381,77.167417,49.709999,2800.866211,2021-05-13,0.9821379780769348,8,106183937.085423
32.205122,77.181837,18.719999,2061.231934,2021-05-13,0.9815120100975037,6,106183936.887087
32.20458221435547,77.214725,2.880000114440918,2366.805664,2021-05-13,0.9719799757003784,2,106183936.977991
32.204469,77.220259,13.59000015258789,2471.886963,2021-05-13,0.9525700211524963,1,106183937.312683
32.20531463623047,77.163913,37.049999,2979.486084,2021-05-17,0.9633749723434448,0,106523956.838391
32.204069,77.229547,11.5,2807.170166,2021-05-13,0.9626489877700806,0,106183937.465573
32.205157,77.158977,49.110001,3192.469482,2021-05-13,0.9869809746742249,11,106183936.949067
32.204951,77.164344,44.759998,2945.6521,2021-05-17,0.97182297706604,0,106523956.846655
32.20500946044922,77.167849,21.389999,2766.897705,2021-05-13,0.9824820160865784,8,106183937.093687
32.20476150512695,77.182261,52.630001,2047.323608,2021-05-13,0.9771270155906677,6,106183936.895351
32.204109,77.220675,45.400002,2500.670166,2021-05-13,0.9678019881248474,1,106183937.320947
32.20478820800781,77.159406,31.389999,3185.169189,2021-05-13,0.9882389903068542,11,106183936.957331
32.204642,77.168279,14.460000038146973,2737.709473,2021-05-13,0.9839509725570679,8,106183937.101951
32.204392,77.182692,37.68000030517578,2039.638794,2021-05-13,0.9790570139884949,6,106183936.903615
32.204196,77.191804,3.180000066757202,1690.073486,2021-05-13,0.9655489921569824,5,106183937.048235
32.203853607177734,77.215577,33.630001,2345.647705,2021-05-13,0.9876750111579895,2,106183936.994519
32.2037467956543,77.221096,46.259998,2525.808105,2021-05-13,0.9713919758796692,1,106183937.329211
32.203703,77.229977,7.300000190734863,2782.477051,2021-05-13,0.9696990251541138,0,106183937.473839
32.204587,77.164776,33.34000015258789,2919.158203,2021-05-17,0.9778680205345154,0,106523956.854919
32.204423,77.159835,25.280001,3175.329834,2021-05-13,0.9816210269927979,11,106183936.965595
32.204223,77.165205,53.869999,2887.382324,2021-05-17,0.9650329947471619,0,106523956.863183
32.204275,77.168708,8.539999961853027,2716.642334,2021-05-13,0.9853090047836304,8,106183937.110215
32.20402526855469,77.183122,35.619999,2015.689697,2021-05-13,0.982079029083252,6,106183936.911879
32.203831,77.192231,3.5899999141693115,1689.447754,2021-05-13,0.9727190136909485,5,106183937.056499
32.203479,77.216021,17.149999618530273,2280.93335,2021-05-13,0.982429027557373,2,106183937.002783
32.203383,77.221519,26.59000015258789,2565.5,2021-05-13,0.9660590291023254,1,106183937.337475
32.204059,77.160263,28.469999,3172.318359,2021-05-13,0.9880179762840271,11,106183936.973859
32.203909,77.169137,7.789999961853027,2702.323242,2021-05-13,0.9655900001525879,8,106183937.118479
32.203112,77.216453,6.440000057220459,2270.061523,2021-05-13,0.9817669987678528,2,106183937.011047
32.20301818847656,77.221943,33.06999969482422,2573.230469,2021-05-13,0.955365002155304,1,106183937.345739
32.203861236572266,77.16564178466797,31.799999,2855.475098,2021-05-17,0.9702010154724121,0,106523956.871447
32.203657,77.183553,45.060001,1978.610962,2021-05-13,0.9559659957885742,6,106183936.920143
32.203468,77.192657,9.550000190734863,1696.211914,2021-05-13,0.9708700180053711,5,106183937.064763
32.20369338989258,77.160691,33.560001,3152.044922,2021-05-13,0.9695799946784973,11,106183936.982123
32.203546,77.169563,50.799999,2679.138428,2021-05-13,0.9819440245628357,8,106183937.126743
32.203289,77.183983,42.549999,1958.550049,2021-05-13,0.9838190078735352,6,106183936.928407
32.203107,77.19307708740234,7.0,1733.302856,2021-05-13,0.9742599725723267,5,106183937.073027
32.202748,77.216879,12.319999694824219,2268.054443,2021-05-13,0.965723991394043,2,106183937.019311
32.203325,77.16111755371094,50.200001,3107.013428,2021-05-13,0.9899439811706543,11,106183936.990387
32.203132,77.16649627685547,42.549999,2803.914551,2021-05-17,0.9832969903945923,0,106523956.887975
32.203179,77.169992,47.419998,2655.524902,2021-05-13,0.987634003162384,8,106183937.135007
32.202919,77.184416,42.209999,1917.355225,2021-05-13,0.9841650128364563,6,106183936.936671
32.202743,77.193506,8.050000190734863,1738.195312,2021-05-13,0.9900760054588318,5,106183937.081291
32.202955,77.161551,39.18000030517578,3072.735596,2021-05-13,0.9895409941673279,11,106183936.998651
32.202811,77.170421,52.110001,2627.351562,2021-05-13,0.9799389839172363,8,106183937.143271
32.202548,77.184851,9.579999923706055,1892.571289,2021-05-13,0.9612339735031128,6,106183936.944935
32.2023811340332,77.193931,5.579999923706055,1763.54248,2021-05-13,0.9679480195045471,5,106183937.089555
32.20201873779297,77.21772766113281,13.180000305175781,2283.903076,2021-05-13,0.9732779860496521,2,106183937.035839
32.201922,77.223229,30.600000381469727,2527.38916,2021-05-13,0.962755024433136,1,106183937.370531
32.20258712768555,77.16197967529297,37.759998,3042.747314,2021-05-13,0.9774940013885498,11,106183937.006915
32.202405,77.16736602783203,15.989999771118164,2758.263672,2021-05-17,0.9641330242156982,0,106523956.904503
32.202443,77.170851,59.75,2584.445312,2021-05-13,0.9796770215034485,8,106183937.151535
32.202179,77.185282,7.559999942779541,1864.178345,2021-05-13,0.9692299962043762,6,106183936.953199
32.202016,77.194358,5.429999828338623,1767.970581,2021-05-13,0.9765909910202026,5,106183937.097819
32.201656341552734,77.218156,15.609999656677246,2289.607666,2021-05-13,0.9502099752426147,2,106183937.044103
32.201556,77.223658,15.989999771118164,2518.758301,2021-05-13,0.9620169997215271,1,106183937.378795
32.202075,77.171281,51.130001,2553.63501,2021-05-13,0.9848009943962097,8,106183937.159799
32.201816,77.185707,32.400002,1853.669067,2021-05-13,0.9557710289955139,6,106183936.961463
32.201297,77.218573,34.380001,2323.01001,2021-05-13,0.9527909755706787,2,106183937.052367
32.201196,77.224073,34.90999984741211,2563.42334,2021-05-13,0.9700809717178345,1,106183937.387059
32.20210266113281,77.158794,25.920000076293945,3211.297363,2021-05-17,0.9658949971199036,1,106523956.768147
32.20221710205078,77.162411,48.959999,2984.337646,2021-05-13,0.9884819984436035,11,106183937.015179
32.202042,77.167799,17.559999,2717.659668,2021-05-17,0.9659050107002258,0,106523956.912767
32.201652,77.194785,5.760000228881836,1771.360718,2021-05-13,0.974806010723114,5,106183937.106083
32.201847076416016,77.162841,60.529999,2935.184326,2021-05-13,0.9835259914398193,11,106183937.023443
32.201679,77.168225,48.72999954223633,2686.386475,2021-05-17,0.9691900014877319,0,106523956.921031
32.20170593261719,77.17170715332031,50.200001,2519.957764,2021-05-13,0.9516389966011047,8,106183937.168063
32.201445,77.186141,18.540001,1817.764893,2021-05-13,0.9843429923057556,6,106183936.969727
32.201288,77.195211,5.090000152587891,1777.123535,2021-05-13,0.9772300124168396,5,106183937.114347
32.200964,77.21009063720703,50.52000045776367,2159.006348,2021-05-13,0.9746630191802979,3,106183936.916011
32.200932,77.219002,50.939999,2300.261719,2021-05-13,0.9763370156288147,2,106183937.060631
32.200834,77.224494,40.189999,2589.388916,2021-05-13,0.9742940068244934,1,106183937.395323
32.201737,77.159228,33.790001,3154.237793,2021-05-17,0.9705899953842163,1,106523956.776411
32.200564,77.219433,41.610001,2288.644043,2021-05-13,0.9726859927177429,2,106183937.068895
32.200464,77.224929,19.100000381469727,2552.733643,2021-05-13,0.952180027961731,1,106183937.403587
32.201372,77.159661,30.229999542236328,3117.43457,2021-05-17,0.9718260169029236,1,106523956.784675
32.20147705078125,77.163271,45.209999,2898.845947,2021-05-13,0.9863340258598328,11,106183937.031707
32.201315,77.168662,43.830002,2629.908203,2021-05-17,0.9605410099029541,0,106523956.929295
32.201338,77.1721420288086,49.47999954223633,2485.977539,2021-05-13,0.9789440035820007,8,106183937.176327
32.201072692871094,77.186577,28.049999,1743.052612,2021-05-13,0.96738600730896,6,106183936.977991
32.200923,77.195638,4.710000038146973,1783.036865,2021-05-13,0.9759899973869324,5,106183937.122611
32.200592041015625,77.210527,16.360001,2141.152832,2021-05-13,0.977249026298523,3,106183936.924275
32.201108,77.163701,44.09000015258789,2866.414307,2021-05-13,0.9882540106773376,11,106183937.039971
32.20096969604492,77.17256927490234,44.5,2451.783447,2021-05-13,0.9829059839248657,8,106183937.184591
32.200702,77.18701171875,6.480000019073486,1719.60498,2021-05-13,0.9567989706993103,6,106183936.986255
32.200559,77.196065,5.579999923706055,1788.057617,2021-05-13,0.977046012878418,5,106183937.130875
32.200198,77.219863,27.450001,2291.598145,2021-05-13,0.9615899920463562,2,106183937.077159
32.200099,77.225356,12.130000114440918,2553.675049,2021-05-13,0.9579319953918457,1,106183937.411851
32.201007,77.160094,32.330002,3070.45874,2021-05-17,0.9689630270004272,1,106523956.792939
32.200225,77.210958,26.440001,2110.973633,2021-05-13,0.980987012386322,3,106183936.932539
32.200742,77.16413116455078,45.509998,2848.745605,2021-05-13,0.9692609906196594,11,106183937.048235
32.200589,77.169533,19.739999771118164,2545.331055,2021-05-17,0.9598249793052673,0,106523956.945823
32.200601,77.1729965209961,41.580002,2411.734863,2021-05-13,0.9827619791030884,8,106183937.192855
32.200334,77.187441,6.590000152587891,1693.321655,2021-05-13,0.9755510091781616,6,106183936.994519
32.2001953125,77.196491,5.800000190734863,1793.629028,2021-05-13,0.9762529730796814,5,106183937.139139
32.199857,77.211391,8.119999885559082,2102.24585,2021-05-13,0.9735419750213623,3,106183936.940803
32.199836,77.220285,39.470001,2304.085205,2021-05-13,0.9727659821510315,2,106183937.085423
32.200642,77.160527,38.02000045776367,3027.801514,2021-05-17,0.9732779860496521,1,106523956.801203
32.20023727416992,77.173426,38.279999,2426.585938,2021-05-13,0.9843080043792725,8,106183937.201119
32.199831,77.196918,4.940000057220459,1798.546997,2021-05-13,0.9755510091781616,5,106183937.147403
32.199464,77.220725,13.890000343322754,2265.121582,2021-05-13,0.9535419940948486,2,106183937.093687
32.199366,77.226215,15.130000114440918,2502.931885,2021-05-13,0.9508479833602905,1,106183937.428379
32.200277,77.160959,38.389999,2990.128662,2021-05-17,0.950643002986908,1,106523956.809467
32.200374603271484,77.164559,52.700001,2821.057129,2021-05-13,0.9715449810028076,11,106183937.056499
32.200225830078125,77.16996002197266,36.560001,2531.753418,2021-05-17,0.964464008808136,0,106523956.954087
32.199968,77.1878662109375,14.079999923706055,1674.042603,2021-05-13,0.9512619972229004,6,106183937.002783
32.200007,77.164988,54.619999,2789.203613,2021-05-13,0.9876980185508728,11,106183937.064763
32.19986343383789,77.170398,16.25,2483.108154,2021-05-17,0.9675319790840149,0,106523956.962351
32.199876,77.173851,49.970001,2447.27002,2021-05-13,0.982958972454071,8,106183937.209383
32.199602,77.188299,3.069999933242798,1671.690552,2021-05-13,0.9621769785881042,6,106183937.011047
32.199466705322266,77.197345,4.079999923706055,1802.805298,2021-05-13,0.9700319766998291,5,106183937.155667
32.198999,77.226645,20.0,2468.797363,2021-05-13,0.9603639841079712,1,106183937.436643
32.199912,77.161393,34.540001,2947.267578,2021-05-17,0.9587119817733765,1,106523956.817731
32.19873809814453,77.221569,33.889999,2298.779053,2021-05-13,0.9728990197181702,2,106183937.110215
32.198628,77.227086,19.770000457763672,2378.682617,2021-05-13,0.9608049988746643,1,106183937.444908
32.199548,77.161827,45.02000045776367,2889.459717,2021-05-17,0.9697179794311523,1,106523956.825995
32.19963836669922,77.165417,51.959999,2772.773682,2021-05-13,0.9711509943008423,11,106183937.073027
32.199499,77.170823,18.610001,2490.713379,2021-05-17,0.9747719764709473,0,106523956.970615
32.199509,77.174279,44.689999,2438.18457,2021-05-13,0.9552980065345764,8,106183937.217647
32.199102,77.197771,4.599999904632568,1806.768555,2021-05-13,0.9728429913520813,5,106183937.163931
32.198760986328125,77.212676,40.47999954223633,2053.038086,2021-05-13,0.9708340167999268,3,106183936.965595
32.199273,77.165845,55.549999,2751.695801,2021-05-13,0.9903659820556641,11,106183937.081291
32.199136,77.171242,35.02000045776367,2525.860352,2021-05-17,0.9687539935112,0,106523956.978879
32.19914245605469,77.174708,50.049999,2409.656494,2021-05-13,0.9814659953117371,8,106183937.225911
32.198875427246094,77.189152,22.170000076293945,1669.085327,2021-05-13,0.9567180275917053,6,106183937.027575
32.198738,77.198198,4.679999828338623,1811.210693,2021-05-13,0.9725120067596436,5,106183937.172195
32.198375,77.221997,22.280001,2306.296387,2021-05-13,0.9504309892654419,2,106183937.118479
32.19826126098633,77.227518,17.260000228881836,2341.606934,2021-05-13,0.9698140025138855,1,106183937.453174
32.199183,77.162262,31.90999984741211,2846.548828,2021-05-17,0.9726219773292542,1,106523956.834259
32.198389,77.213112,26.93000030517578,2019.802612,2021-05-13,0.9708979725837708,3,106183936.973859
32.198905,77.16627502441406,53.380001,2720.455566,2021-05-13,0.9880899786949158,11,106183937.089555
32.19877243041992,77.171664,36.450001,2554.845947,2021-05-17,0.9704989790916443,0,106523956.987143
32.19877624511719,77.175136,51.279999,2386.930176,2021-05-13,0.9863349795341492,8,106183937.234175
32.198508,77.189581,4.53000020980835,1673.572388,2021-05-13,0.9748600125312805,6,106183937.035839
32.198374,77.198624,5.460000038146973,1816.60144,2021-05-13,0.9912160038948059,5,106183937.180459
32.198020935058594,77.213546,21.15999984741211,1993.816406,2021-05-13,0.9776570200920105,3,106183936.982123
32.198014,77.222417,32.880001,2331.499023,2021-05-13,0.9629889726638794,2,106183937.126743
32.197894,77.227946,17.40999984741211,2327.771973,2021-05-13,0.9713699817657471,1,106183937.46144
32.198535,77.166705,45.060001,2686.022217,2021-05-13,0.9790509939193726,11,106183937.097819
32.198403,77.175568,20.790001,2337.217285,2021-05-13,0.9812780022621155,8,106183937.242439
32.198144,77.190008,10.149999618530273,1672.679688,2021-05-13,0.969048023223877,6,106183937.044103
32.1980094909668,77.199051,5.429999828338623,1820.981079,2021-05-13,0.9782339930534363,5,106183937.188723
32.288899,77.154599,7.820000171661377,2661.857178,2021-12-14,0.9690099954605103,11,124685408.200189
32.287717,77.218149,30.079999923706055,3434.378906,2021-12-10,0.9619110226631165,0,124345377.373379
32.288869,77.139642,12.760000228881836,2658.641113,2021-12-14,0.957306981086731,6,124685407.729141
32.288813,77.144546,21.440001,2644.1875,2021-12-14,0.9653599858283997,8,124685408.138209
32.288535,77.154165,7.440000057220459,2650.690918,2021-12-14,0.9708099961280823,11,124685408.191925
32.288449,77.144123,44.790001,2633.333496,2021-12-14,0.9623000025749207,8,124685408.129945
32.287353515625,77.217694,18.329999923706055,3394.443604,2021-12-10,0.9805989861488342,0,124345377.365115
32.288505,77.139248,22.190001,2726.653564,2021-12-14,0.9644160270690918,6,124685407.720877
32.288169860839844,77.153734,12.5,2640.602539,2021-12-14,0.9719420075416565,11,124685408.183661
32.28813934326172,77.138851,29.639999,2788.016846,2021-12-14,0.9664430022239685,6,124685407.712613
32.288082122802734,77.143667,14.399999618530273,2604.910889,2021-12-14,0.970878005027771,8,124685408.121681
32.287806,77.153306,9.050000190734863,2646.60791,2021-12-14,0.969327986240387,11,124685408.175397
32.287776,77.138449,43.22999954223633,2834.64209,2021-12-14,0.9658910036087036,6,124685407.704348
32.287717,77.14321899414062,49.919998,2531.959229,2021-12-14,0.9534059762954712,8,124685408.113417
32.287442,77.152877,9.050000190734863,2646.289551,2021-12-14,0.9670050144195557,11,124685408.167133
32.287411,77.138022,37.240002,2840.848633,2021-12-14,0.9724500179290771,6,124685407.696082
32.287349700927734,77.142769,19.940001,2515.74585,2021-12-14,0.9534130096435547,8,124685408.105153
32.287074,77.152416,66.650002,2521.045166,2021-12-14,0.9729859828948975,11,124685408.158869
32.285901,77.215958,38.22999954223633,3324.543213,2021-12-10,0.9675679802894592,0,124345377.332059
32.287047,77.13758850097656,22.979999542236328,2846.686523,2021-12-14,0.9721750020980835,6,124685407.687816
32.2869873046875,77.142348,26.899999618530273,2524.150146,2021-12-14,0.9578109979629517,8,124685408.096889
32.286705017089844,77.151945,57.369999,2440.938965,2021-12-14,0.9702820181846619,11,124685408.150605
32.28554153442383,77.215468,13.84000015258789,3234.82959,2021-12-10,0.9652630090713501,0,124345377.323795
32.286683,77.137181,40.610001,2871.934326,2021-12-14,0.9666380286216736,6,124685407.67955
32.286338,77.151488,27.170000076293945,2409.281738,2021-12-14,0.9656320214271545,11,124685408.142341
32.286268,77.141592,43.06999969482422,2712.899658,2021-12-14,0.9642369747161865,8,124685408.080361
32.285972,77.151042,50.860001,2347.67749,2021-12-14,0.9644520282745361,11,124685408.134077
32.284811,77.214661,17.770000457763672,3313.45874,2021-12-10,0.9558780193328857,0,124345377.307267
32.285906,77.141181,40.080002,2749.887451,2021-12-14,0.9637590050697327,8,124685408.072097
32.285608,77.150617,49.139999,2357.399658,2021-12-14,0.9583820104598999,11,124685408.125813
32.285543,77.140765,32.139999,2782.601318,2021-12-14,0.9717079997062683,8,124685408.063833
32.285246,77.150208,16.43000030517578,2431.672119,2021-12-14,0.9708939790725708,11,124685408.117549
32.285179138183594,77.140348,21.139999,2815.812988,2021-12-14,0.9654710292816162,8,124685408.055569
32.284882,77.1497802734375,4.75,2446.327637,2021-12-14,0.9660249948501587,11,124685408.109285
32.283724,77.213265,31.799999,3092.193115,2021-12-10,0.9735789895057678,0,124345377.282475
32.284818,77.139943,33.22999954223633,2850.121582,2021-12-14,0.9603340029716492,8,124685408.047305
32.284517,77.149342,10.0600004196167,2418.875732,2021-12-14,0.9723349809646606,11,124685408.101021
32.284455,77.13951873779297,9.579999923706055,2881.959473,2021-12-14,0.9681509733200073,8,124685408.039041
32.283361,77.21282958984375,54.130001,3054.733154,2021-12-10,0.9598680138587952,0,124345377.274211
32.284152,77.148905,12.529999732971191,2397.88916,2021-12-14,0.9739519953727722,11,124685408.092757
32.28409194946289,77.139107,10.890000343322754,2910.557617,2021-12-14,0.9726290106773376,8,124685408.030777
32.28378677368164,77.148467,18.670000076293945,2370.257812,2021-12-14,0.9581680297851562,11,124685408.084493
32.28263473510742,77.21192932128906,12.420000076293945,3013.19165,2021-12-10,0.9702889919281006,0,124345377.257683
32.283729,77.138692,7.440000057220459,2940.582275,2021-12-14,0.9660509824752808,8,124685408.022513
32.283424377441406,77.148052,18.370001,2397.407959,2021-12-14,0.9677159786224365,11,124685408.076229
32.283368,77.138291,30.5,2971.617188,2021-12-14,0.9661870002746582,8,124685408.014249
32.282271,77.211506,13.09000015258789,3016.145264,2021-12-10,0.963333010673523,0,124345377.249419
32.28306198120117,77.147637,22.450001,2420.476807,2021-12-14,0.9673190116882324,11,124685408.067965
32.28190612792969,77.211093,28.469999,3026.240967,2021-12-10,0.9764509797096252,0,124345377.241155
32.283004,77.137864,68.449997,2932.864258,2021-12-14,0.9650430083274841,8,124685408.005985
32.281427,77.228893,21.440001,3662.503418,2021-12-10,0.9537850022315979,2,124345377.084139
32.281164,77.238199,8.569999694824219,3986.297852,2021-12-10,0.9563699960708618,3,124345377.121327
32.282699,77.14722442626953,17.850000381469727,2455.103027,2021-12-14,0.9686200022697449,11,124685408.059701
32.281542,77.210666,17.280001,3035.338867,2021-12-10,0.9676340222358704,0,124345377.232891
32.282636,77.137397,26.420000076293945,2895.546387,2021-12-14,0.9606360197067261,8,124685407.997721
32.2823371887207,77.146811,28.65999984741211,2475.677002,2021-12-14,0.960349977016449,11,124685408.051437
32.28117752075195,77.210242,31.270000457763672,3026.274414,2021-12-10,0.9728919863700867,0,124345377.224627
32.280912,77.219523,16.90999984741211,3253.440918,2021-12-10,0.9690489768981934,1,124345377.261815
32.281974,77.146394,30.799999,2497.977295,2021-12-14,0.9627450108528137,11,124685408.043173
32.28081512451172,77.209805,33.669998,3005.289062,2021-12-10,0.9746869802474976,0,124345377.216363
32.280547,77.21910858154297,19.299999,3277.333252,2021-12-10,0.9611459970474243,1,124345377.253551
32.281615,77.146007,89.0,2525.433105,2021-12-14,0.9655410051345825,11,124685408.034909
32.280183,77.218688,12.869999885559082,3291.035645,2021-12-10,0.98260897397995,1,124345377.245287
32.279709,77.236449,11.220000267028809,3896.65332,2021-12-10,0.9515050053596497,3,124345377.088271
32.280086517333984,77.208935,8.529999732971191,3001.641846,2021-12-10,0.9738559722900391,0,124345377.199835
32.279819,77.218261,13.6899995803833,3289.583496,2021-12-10,0.973734974861145,1,124345377.237023
32.279344,77.236018,15.039999961853027,3884.244629,2021-12-10,0.9518529772758484,3,124345377.080007
32.279455,77.217837,22.110001,3286.481445,2021-12-10,0.9736949801445007,1,124345377.228759
32.279239654541016,77.226299,5.610000133514404,3618.435059,2021-12-10,0.9560359716415405,2,124345377.034555
32.280523,77.14472198486328,46.889999,2559.382568,2021-12-14,0.9695320129394531,11,124685408.010117
32.27935791015625,77.208091,20.799999,3005.64624,2021-12-10,0.9672979712486267,0,124345377.183307
32.279091,77.217405,13.729999542236328,3284.213135,2021-12-10,0.9718250036239624,1,124345377.220495
32.280158,77.144286,21.370001,2568.293701,2021-12-14,0.9696329832077026,11,124685408.001853
32.278993,77.20767974853516,34.27000045776367,3020.988281,2021-12-10,0.9724720120429993,0,124345377.175043
32.279795,77.143868,24.360001,2586.359863,2021-12-14,0.9682909846305847,11,124685407.993589
32.27943801879883,77.143496,48.990002,2677.47876,2021-12-14,0.970192015171051,11,124685407.985325
32.27788543701172,77.234311,5.349999904632568,3899.546875,2021-12-10,0.9568619728088379,3,124345377.046951
32.278264,77.206824,37.150002,3013.492676,2021-12-10,0.9651179909706116,0,124345377.158515
32.279071,77.143047,19.200001,2661.111084,2021-12-14,0.9635710120201111,11,124685407.977061
32.27790069580078,77.206391,37.860001,3001.456055,2021-12-10,0.9519810080528259,0,124345377.150251
32.278711,77.14264678955078,39.06999969482422,2705.30835,2021-12-14,0.9734290242195129,11,124685407.968797
32.278350830078125,77.142252,34.919998,2770.717529,2021-12-14,0.9738109707832336,11,124685407.960533
32.277171,77.205518,22.110001,2981.876709,2021-12-10,0.9696080088615417,0,124345377.133723
32.277987,77.141835,24.059999,2800.966064,2021-12-14,0.972258985042572,11,124685407.952269
32.277625,77.141422,20.809999,2835.282227,2021-12-14,0.9711400270462036,11,124685407.944005
32.276442,77.20465850830078,7.329999923706055,2990.915039,2021-12-10,0.9659439921379089,0,124345377.117195
32.277263,77.141012,16.989999771118164,2873.541748,2021-12-14,0.9672049880027771,11,124685407.935741
32.27607727050781,77.204245,28.170000076293945,2991.484131,2021-12-10,0.9730269908905029,0,124345377.108931
32.276901,77.140595,15.529999732971191,2897.483154,2021-12-14,0.9656929969787598,11,124685407.927477
32.275712,77.203809,43.880001,2959.30835,2021-12-10,0.959975004196167,0,124345377.100667
32.27523422241211,77.241349,20.879999,3460.574707,2021-12-10,0.9504759907722473,5,124345377.443623
32.274872,77.240954,23.079999923706055,3522.791748,2021-12-10,0.9591879844665527,5,124345377.435359
32.276538,77.140182,9.460000038146973,2931.30249,2021-12-14,0.9726889729499817,11,124685407.919213
32.27617645263672,77.1397705078125,9.279999732971191,2964.056152,2021-12-14,0.9702150225639343,11,124685407.910949
32.274508,77.240527,22.34000015258789,3522.287598,2021-12-10,0.9588429927825928,5,124345377.427095
32.274984,77.202921,35.650002,2907.09668,2021-12-10,0.9648889899253845,0,124345377.084139
32.274145,77.240121,10.739999771118164,3572.065674,2021-12-10,0.9728900194168091,5,124345377.418831
32.275814056396484,77.139358,6.960000038146973,2997.994385,2021-12-14,0.9702739715576172,11,124685407.902685
32.274620056152344,77.202477,21.059999,2891.787354,2021-12-10,0.9710890054702759,0,124345377.075875
32.275451,77.138941,7.860000133514404,3015.638916,2021-12-14,0.9697780013084412,11,124685407.894421
32.273875,77.229541,6.28000020980835,3757.734863,2021-12-10,0.9525889754295349,3,124345376.956047
32.273782,77.239729,46.77000045776367,3608.580566,2021-12-10,0.9500200152397156,5,124345377.410567
32.274255,77.202049,27.459999,2883.564209,2021-12-10,0.9600129723548889,0,124345377.067611
32.275088,77.138525,8.869999885559082,3039.49585,2021-12-14,0.9727039933204651,11,124685407.886157
32.273419,77.239324,15.40999984741211,3684.04248,2021-12-10,0.9696149826049805,5,124345377.402303
32.273891,77.201611,48.150002,2842.582275,2021-12-10,0.9760389924049377,0,124345377.059347
32.274725,77.138103,2.9100000858306885,3055.854736,2021-12-14,0.9770939946174622,11,124685407.877893
32.274362,77.137686,12.229999542236328,3066.062744,2021-12-14,0.9697809815406799,11,124685407.869629
32.272693,77.238499,13.619999885559082,3742.799561,2021-12-10,0.9692519903182983,5,124345377.385775
32.27399826049805,77.137272,10.770000457763672,3095.614746,2021-12-14,0.9724529981613159,11,124685407.861365
32.27233123779297,77.23809051513672,14.140000343322754,3778.149902,2021-12-10,0.9524639844894409,5,124345377.377511
32.272796,77.200315,47.31999969482422,2817.595703,2021-12-10,0.9734159708023071,0,124345377.034555
32.273637,77.136859,16.989999771118164,3118.685547,2021-12-14,0.9745240211486816,11,124685407.853101
32.272168,77.209204,40.669998,3092.909912,2021-12-10,0.9578449726104736,1,124345377.063479
32.272067,77.199454,41.34000015258789,2813.089844,2021-12-10,0.9733489751815796,0,124345377.018027
32.271803,77.208768,32.439999,3084.782471,2021-12-10,0.9534500241279602,1,124345377.055215
32.271239,77.236814,29.75,3771.141357,2021-12-10,0.967399001121521,5,124345377.352719
32.271439,77.208326,29.700001,3059.093018,2021-12-10,0.9707159996032715,1,124345377.046951
32.270875,77.236392,8.079999923706055,3802.26001,2021-12-10,0.9572290182113647,5,124345377.344455
32.271337,77.198577,60.790001,2754.350342,2021-12-10,0.9647009968757629,0,124345377.001499
32.271075,77.20787811279297,21.209999,3033.487305,2021-12-10,0.9690189957618713,1,124345377.038687
32.270511,77.235944,10.619999885559082,3758.458984,2021-12-10,0.9620000123977661,5,124345377.336191
32.27061080932617,77.197661,12.079999923706055,2692.674072,2021-12-10,0.9537950158119202,0,124345376.984971
32.270147,77.235497,8.600000381469727,3721.251709,2021-12-10,0.957410991191864,5,124345377.327927
32.270346,77.207002,28.920000076293945,2982.957031,2021-12-10,0.9768819808959961,1,124345377.022159
32.26978302001953,77.235067,9.800000190734863,3713.195557,2021-12-10,0.961122989654541,5,124345377.319663
32.27024459838867,77.19721984863281,21.989999771118164,2658.818115,2021-12-10,0.9697149991989136,0,124345376.976707
32.269981,77.206572,39.810001,2966.125488,2021-12-10,0.9724850058555603,1,124345377.013895
32.269501,77.2243423461914,8.380000114440918,3610.278076,2021-12-10,0.9606670141220093,3,124345376.856878
32.269419,77.234633,9.539999961853027,3698.821289,2021-12-10,0.9620190262794495,5,124345377.311399
32.269881,77.196775,25.739999771118164,2623.740234,2021-12-10,0.9575420022010803,0,124345376.968443
32.269616,77.206131,34.790001,2946.624268,2021-12-10,0.9626489877700806,1,124345377.005631
32.269055,77.23419189453125,10.289999961853027,3665.759277,2021-12-10,0.9591829776763916,5,124345377.303135
32.269518,77.196305,16.010000228881836,2558.730713,2021-12-10,0.9604489803314209,0,124345376.960179
32.269252,77.205682,11.109999656677246,2930.903076,2021-12-10,0.9748460054397583,1,124345376.997367
32.2686882019043,77.233732,16.15999984741211,3598.725342,2021-12-10,0.9546589851379395,5,124345377.294871
32.2691535949707,77.195852,30.81999969482422,2497.865479,2021-12-10,0.9779760241508484,0,124345376.951915
32.268338,77.242536,8.600000381469727,3177.716797,2021-12-10,0.9636920094490051,6,124345377.332059
32.268408,77.223038,10.140000343322754,3568.892334,2021-12-10,0.9520800113677979,3,124345376.83208
32.26832580566406,77.23329162597656,16.309999,3568.557617,2021-12-10,0.9548299908638,5,124345377.286607
32.26852035522461,77.204866,36.549999,2976.333984,2021-12-10,0.9654319882392883,1,124345376.980839
32.26796340942383,77.232893,10.850000381469727,3630.915771,2021-12-10,0.9605839848518372,5,124345377.278343
32.267974853515625,77.242141,22.379999,3228.143799,2021-12-10,0.9647570252418518,6,124345377.323795
32.268043518066406,77.222603,10.960000038146973,3550.676758,2021-12-10,0.9522010087966919,3,124345376.823814
32.267613,77.241758,33.56999969482422,3304.818115,2021-12-10,0.958732008934021,6,124345377.315531
32.268155,77.204438,44.110001,2968.000977,2021-12-10,0.9627959728240967,1,124345376.972575
32.267599,77.232449,7.699999809265137,3601.558838,2021-12-10,0.9540799856185913,5,124345377.270079
32.268062591552734,77.194474,16.489999771118164,2342.156738,2021-12-10,0.9516270160675049,0,124345376.927123
32.267791,77.203998,37.669998,2950.791748,2021-12-10,0.9634050130844116,1,124345376.964311
32.26768112182617,77.222167,5.010000228881836,3540.581543,2021-12-10,0.9530569911003113,3,124345376.815548
32.267234802246094,77.232017,6.730000019073486,3591.883301,2021-12-10,0.9585790038108826,5,124345377.261815
32.267698,77.194038,22.260000228881836,2321.947266,2021-12-10,0.9623379707336426,0,124345376.918859
32.267425537109375,77.203564,40.669998,2936.025146,2021-12-10,0.9748659729957581,1,124345376.956047
32.267333,77.193603515625,16.229999542236328,2308.324707,2021-12-10,0.9580140113830566,0,124345376.910595
32.266522,77.240461,13.130000114440918,3290.596436,2021-12-10,0.9636070132255554,6,124345377.290739
32.267061,77.203118,34.490002,2908.952148,2021-12-10,0.9500529766082764,1,124345376.947783
32.26658630371094,77.220879,11.899999618530273,3521.220459,2021-12-10,0.9555299878120422,3,124345376.79075
32.266507,77.231144,6.619999885559082,3552.928955,2021-12-10,0.9573460221290588,5,124345377.245287
32.2669677734375,77.193178,47.02000045776367,2286.984375,2021-12-10,0.9530410170555115,0,124345376.902331
32.266157,77.24002075195312,46.509998,3227.992676,2021-12-10,0.9581689834594727,6,124345377.282475
32.266142,77.230704,8.34000015258789,3525.647217,2021-12-10,0.9583160281181335,5,124345377.237023
32.266604,77.19273376464844,9.5,2288.218262,2021-12-10,0.9649829864501953,0,124345376.894067
32.266333,77.202215,13.09000015258789,2842.023926,2021-12-10,0.9674320220947266,1,124345376.931255
32.265777587890625,77.230262,7.03000020980835,3496.856934,2021-12-10,0.9545810222625732,5,124345377.228759
32.265792,77.239563,20.350000381469727,3193.000244,2021-12-10,0.9564930200576782,6,124345377.274211
32.266239,77.192297,6.730000019073486,2281.324707,2021-12-10,0.959771990776062,0,124345376.885803
32.265857,77.220022,10.100000381469727,3516.922119,2021-12-10,0.9510040283203125,3,124345376.774218
32.265428,77.239113,15.109999656677246,3148.920166,2021-12-10,0.9663090109825134,6,124345377.265947
32.265414,77.229841,24.389999,3489.869141,2021-12-10,0.9631749987602234,5,124345377.220495
32.265874,77.191863,9.569999694824219,2266.537842,2021-12-10,0.9579060077667236,0,124345376.877539
32.265603,77.201361,46.470001,2810.496094,2021-12-10,0.967104971408844,1,124345376.914727
32.265063,77.238671,23.309999,3111.333496,2021-12-10,0.9650939702987671,6,124345377.257683
32.26504898071289,77.229411,15.5600004196167,3489.889404,2021-12-10,0.9623669981956482,5,124345377.212231
32.26469802856445,77.238222,7.519999980926514,3080.43457,2021-12-10,0.9660900235176086,6,124345377.249419
32.26551055908203,77.191426,19.899999618530273,2238.90918,2021-12-10,0.956279993057251,0,124345376.869275
32.265031,77.209394,14.180000305175781,3135.268799,2021-12-10,0.9770569801330566,2,124345376.712223
32.264686,77.228979,16.09000015258789,3480.737305,2021-12-10,0.9698200225830078,5,124345377.203967
32.265145,77.190982,29.25,2199.699951,2021-12-10,0.9550449848175049,0,124345376.861011
32.264335,77.237806,26.600000381469727,3083.532227,2021-12-10,0.9646610021591187,6,124345377.241155
32.26487350463867,77.200474,7.070000171661377,2791.80249,2021-12-10,0.9641709923744202,1,124345376.898199
32.264667,77.208968,24.959999,3126.558594,2021-12-10,0.9715909957885742,2,124345376.703957
32.264398,77.21833038330078,8.270000457763672,3552.642578,2021-12-10,0.9518600106239319,3,124345376.741154
32.264321,77.228545,24.100000381469727,3457.203613,2021-12-10,0.9671930074691772,5,124345377.195703
32.2647819519043,77.190525,17.469999,2158.860107,2021-12-10,0.9619600176811218,0,124345376.852745
32.263971,77.237389,43.369999,3087.57959,2021-12-10,0.9601029753684998,6,124345377.232891
32.264417,77.190082,21.100000381469727,2128.169922,2021-12-10,0.9585660099983215,0,124345376.844479
32.264304,77.208528,33.0,3091.50708,2021-12-10,0.9728170037269592,2,124345376.695691
32.263957,77.228122,28.59000015258789,3459.450195,2021-12-10,0.9659940004348755,5,124345377.187439
32.264144,77.199602,43.169998,2724.469971,2021-12-10,0.9630579948425293,1,124345376.881671
32.263938903808594,77.208094,28.510000228881836,3081.97998,2021-12-10,0.9715920090675354,2,124345376.687425
32.263592,77.227682,20.729999542236328,3442.768066,2021-12-10,0.9556739926338196,5,124345377.179175
32.26377868652344,77.199146,43.209999,2670.244873,2021-12-10,0.9697650074958801,1,124345376.873407
32.26357650756836,77.207651,14.180000305175781,3063.822021,2021-12-10,0.9659879803657532,2,124345376.679159
32.2633056640625,77.217041,11.34000015258789,3533.261475,2021-12-10,0.9524760246276855,3,124345376.716356
32.263228,77.227247,4.96999979019165,3443.411865,2021-12-10,0.9646440148353577,5,124345377.170911
32.263417,77.198674,18.18000030517578,2613.426758,2021-12-10,0.9507179856300354,1,124345376.865143
32.263213,77.207213,8.039999961853027,3048.418213,2021-12-10,0.9740149974822998,2,124345376.670893
32.262882232666016,77.236175,21.850000381469727,3242.029053,2021-12-10,0.9589980244636536,6,124345377.208099
32.262942,77.21660614013672,11.40999984741211,3517.00293,2021-12-10,0.951878011226654,3,124345376.70809
32.262864,77.226825,4.369999885559082,3452.024414,2021-12-10,0.9666739702224731,5,124345377.162647
32.262518,77.235758,56.360001,3227.472412,2021-12-10,0.9675009846687317,6,124345377.199835
32.263053,77.198219,25.549999,2556.04834,2021-12-10,0.9601719975471497,1,124345376.856878
32.262499,77.226394,11.630000114440918,3436.44873,2021-12-10,0.9518560171127319,5,124345377.154383
32.26215362548828,77.235338,29.709999,3268.125244,2021-12-10,0.9615820050239563,6,124345377.191571
32.26248550415039,77.20634460449219,12.229999542236328,3014.378418,2021-12-10,0.9685720205307007,2,124345376.654361
32.262134,77.225951,8.489999771118164,3407.603027,2021-12-10,0.9538549780845642,5,124345377.146119
32.262325286865234,77.197321,17.84000015258789,2484.546387,2021-12-10,0.965224027633667,1,124345376.840346
32.261769,77.225513,4.340000152587891,3391.863525,2021-12-10,0.9672999978065491,5,124345377.137855
32.26179122924805,77.234909,31.280001,3261.653809,2021-12-10,0.9665489792823792,6,124345377.183307
32.261426,77.23448944091797,30.530001,3278.297119,2021-12-10,0.9626979827880859,6,124345377.175043
32.261959075927734,77.196877,19.040001,2453.104492,2021-12-10,0.967365026473999,1,124345376.83208
32.261758,77.205472,34.5,2953.810303,2021-12-10,0.9740359783172607,2,124345376.637829
32.261405,77.225092,4.489999771118164,3401.879395,2021-12-10,0.9615179896354675,5,124345377.129591
32.261061,77.234035,8.680000305175781,3242.168213,2021-12-10,0.9696969985961914,6,124345377.166779
32.261596,77.196437,30.040001,2417.315918,2021-12-10,0.9507579803466797,1,124345376.823814
32.261396,77.20501708984375,41.689999,2896.071533,2021-12-10,0.9752969741821289,2,124345376.629564
32.26103973388672,77.224671,5.460000038146973,3412.251465,2021-12-10,0.960237979888916,5,124345377.121327
32.261033,77.204572,41.720001,2851.623291,2021-12-10,0.9619240164756775,2,124345376.6213
32.260676,77.224247,5.800000190734863,3418.638184,2021-12-10,0.9629340171813965,5,124345377.113063
32.26069641113281,77.233613,23.200001,3235.993408,2021-12-10,0.9646850228309631,6,124345377.158515
32.260333,77.233201,28.920000076293945,3260.38916,2021-12-10,0.9659950137138367,6,124345377.150251
32.260868072509766,77.1955337524414,21.510000228881836,2330.381104,2021-12-10,0.9508640170097351,1,124345376.807282
32.260671,77.204118,21.93000030517578,2817.126709,2021-12-10,0.9851800203323364,2,124345376.613036
32.260311,77.223827,4.820000171661377,3432.542725,2021-12-10,0.9618809819221497,5,124345377.104799
32.259967,77.232759,20.649999618530273,3240.130859,2021-12-10,0.9606050252914429,6,124345377.141987
32.260309,77.203658,26.190001,2747.035889,2021-12-10,0.9698190093040466,2,124345376.604772
32.260032653808594,77.213107,18.600000381469727,3333.195068,2021-12-10,0.9729200005531311,3,124345376.641962
32.259947,77.223408,5.269999980926514,3448.523193,2021-12-10,0.9632819890975952,5,124345377.096535
32.259559,77.242234,18.290001,2754.00708,2021-12-10,0.9720169901847839,8,124345377.584111
32.259946,77.203214,14.550000190734863,2722.380127,2021-12-10,0.9711599946022034,2,124345376.596508
32.259582,77.222987,6.090000152587891,3458.266113,2021-12-10,0.9607560038566589,5,124345377.088271
32.259599,77.232234,5.269999980926514,3056.076416,2021-12-10,0.9567220211029053,6,124345377.133723
32.259669,77.212681,28.18000030517578,3326.770752,2021-12-10,0.9665380120277405,3,124345376.633696
32.25923538208008,77.231815,13.770000457763672,3062.924072,2021-12-10,0.9520090222358704,6,124345377.125459
32.25919723510742,77.241826,43.549999,2766.259033,2021-12-10,0.9737579822540283,8,124345377.575847
32.259582,77.202776,16.239999771118164,2698.253906,2021-12-10,0.9628729820251465,2,124345376.588244
32.259305,77.212242,29.450001,3299.565186,2021-12-10,0.9706500172615051,3,124345376.625432
32.259218,77.222566,6.130000114440918,3470.88501,2021-12-10,0.9695240259170532,5,124345377.080007
32.258833,77.241399,42.349998,2768.265869,2021-12-10,0.9671639800071716,8,124345377.567583
32.25886917114258,77.231383,13.020000457763672,3054.845947,2021-12-10,0.9657559990882874,6,124345377.117195
32.258942,77.211799,27.280001,3268.185547,2021-12-10,0.9802150130271912,3,124345376.617168
32.258853,77.222148,7.139999866485596,3487.981934,2021-12-10,0.9597629904747009,5,124345377.071743
32.258467,77.240956,26.940001,2755.751465,2021-12-10,0.9688979983329773,8,124345377.559319
32.258859,77.201854,35.25,2541.252197,2021-12-10,0.964896023273468,2,124345376.571716
32.258489,77.22174072265625,18.110001,3513.872803,2021-12-10,0.9580469727516174,5,124345377.063479
32.258506,77.2309799194336,29.860001,3086.190674,2021-12-10,0.9647780060768127,6,124345377.108931
32.258578,77.211358,22.790001,3241.882324,2021-12-10,0.9667140245437622,3,124345376.608904
32.258142,77.230555,22.790001,3096.464111,2021-12-10,0.965133011341095,6,124345377.100667
32.258105,77.24053955078125,28.959999,2771.117188,2021-12-10,0.972690999507904,8,124345377.551055
32.258496,77.201398,23.530001,2495.933105,2021-12-10,0.9615010023117065,2,124345376.563452
32.258124,77.221312,8.119999885559082,3523.388916,2021-12-10,0.9568549990653992,5,124345377.055215
32.257739,77.240098,8.0,2768.927734,2021-12-10,0.9756889939308167,8,124345377.542791
32.257778,77.230147,32.330002,3126.035889,2021-12-10,0.9672380089759827,6,124345377.092403
32.25813293457031,77.200956,17.020000457763672,2470.916992,2021-12-10,0.9664260149002075,2,124345376.555188
32.257852,77.210469,25.600000381469727,3164.441895,2021-12-10,0.9676079750061035,3,124345376.592376
32.25775909423828,77.220916,24.360001,3567.777832,2021-12-10,0.9629160165786743,5,124345377.046951
32.257413,77.229727,39.59000015258789,3134.256104,2021-12-10,0.9700589776039124,6,124345377.084139
32.257376,77.239675,7.440000057220459,2777.300293,2021-12-10,0.9766770005226135,8,124345377.534527
32.257395,77.220489,18.629999,3571.950928,2021-12-10,0.9607700109481812,5,124345377.038687
32.257488,77.210039,38.919998,3146.313232,2021-12-10,0.9594089984893799,3,124345376.584112
32.257045,77.229222,21.329999923706055,2993.651123,2021-12-10,0.9545050263404846,6,124345377.075875
32.257012,77.239247,3.0999999046325684,2781.893799,2021-12-10,0.9725469946861267,8,124345377.526263
32.257407,77.200046,18.18000030517578,2357.346436,2021-12-10,0.9561070203781128,2,124345376.53866
32.257124,77.209599,36.110001,3120.838867,2021-12-10,0.9622290134429932,3,124345376.575848
32.25703048706055,77.220058,18.149999618530273,3566.638916,2021-12-10,0.961762011051178,5,124345377.030423
32.256648,77.238817,5.079999923706055,2775.540283,2021-12-10,0.9625999927520752,8,124345377.517999
32.257043,77.19961547851562,46.25,2319.828369,2021-12-10,0.9622189998626709,2,124345376.530396
32.25675964355469,77.20915985107422,34.09000015258789,3098.128662,2021-12-10,0.9782739877700806,3,124345376.567584
32.256665,77.21961975097656,5.71999979019165,3558.268799,2021-12-10,0.9837239980697632,5,124345377.022159
32.256284,77.238388,4.96999979019165,2772.172607,2021-12-10,0.9736329913139343,8,124345377.509735
32.25630187988281,77.21919250488281,32.400002,3527.382324,2021-12-10,0.9924520254135132,5,124345377.013895
32.255922,77.23798370361328,41.75,2773.58252,2021-12-10,0.9698089957237244,8,124345377.501471
32.256396,77.208727,26.079999923706055,3092.352783,2021-12-10,0.9692239761352539,3,124345376.55932
32.255951,77.22795104980469,37.459999,2996.383301,2021-12-10,0.9551799893379211,6,124345377.051083
32.256032,77.208284,15.229999542236328,3069.992188,2021-12-10,0.9633349776268005,3,124345376.551056
32.255934,77.21874237060547,40.110001,3472.400146,2021-12-10,0.9869019985198975,5,124345377.005631
32.255557,77.237544,40.139999,2758.620605,2021-12-10,0.9670990109443665,8,124345377.493207
32.255587,77.227546,36.259998,3045.625977,2021-12-10,0.9539210200309753,6,124345377.042819
32.255568,77.218287,29.450001,3435.262939,2021-12-10,0.9642540216445923,5,124345376.997367
32.25522232055664,77.227115,4.340000152587891,3069.044922,2021-12-10,0.9665110111236572,6,124345377.034555
32.255194,77.237117,45.610001,2752.516602,2021-12-10,0.9640349745750427,8,124345377.484943
32.25520324707031,77.21784973144531,36.150002,3407.96875,2021-12-10,0.9855930209159851,5,124345376.989103
32.254827,77.236665,7.369999885559082,2746.053955,2021-12-10,0.9726470112800598,8,124345377.476679
32.255304,77.207414,39.560001,3011.80127,2021-12-10,0.9672629833221436,3,124345376.534528
32.254857,77.226688,13.65999984741211,3060.322021,2021-12-10,0.9640200138092041,6,124345377.026291
32.254941,77.206961,41.950001,2956.194092,2021-12-10,0.9722239971160889,3,124345376.526264
32.254838,77.217419,22.450001,3414.482666,2021-12-10,0.9868029952049255,5,124345376.980839
32.25446319580078,77.236242,36.549999,2723.718994,2021-12-10,0.9620440006256104,8,124345377.468415
32.254493,77.226279,40.709999,3069.30957,2021-12-10,0.9609919786453247,6,124345377.018027
32.25457763671875,77.20650482177734,43.299999,2893.27832,2021-12-10,0.9744089841842651,3,124345376.518
32.254473,77.217004,21.25,3440.809082,2021-12-10,0.9804649949073792,5,124345376.972575
32.254127502441406,77.225861,35.810001,3094.326904,2021-12-10,0.9641739726066589,6,124345377.009763
32.254096,77.235787,10.170000076293945,2699.114258,2021-12-10,0.9679319858551025,8,124345377.460151
32.254108,77.216574,29.93000030517578,3427.909912,2021-12-10,0.9799659848213196,5,124345376.964311
32.253731,77.235351,10.699999809265137,2680.355713,2021-12-10,0.9647380113601685,8,124345377.451887
32.254216,77.20603942871094,22.229999542236328,2834.718262,2021-12-10,0.9590920209884644,3,124345376.509736
32.253764,77.225449,35.439999,3126.310059,2021-12-10,0.9650160074234009,6,124345377.001499
32.253852,77.205596,20.84000015258789,2801.390625,2021-12-10,0.9645249843597412,3,124345376.501472
32.25374221801758,77.216129,31.280001,3390.620361,2021-12-10,0.9824240207672119,5,124345376.956047
32.253369,77.234935,3.0299999713897705,2712.638428,2021-12-10,0.969651997089386,8,124345377.443623
32.253377,77.215685,33.900002,3357.12793,2021-12-10,0.9842339754104614,5,124345376.947783
32.25339889526367,77.225032,22.670000076293945,3161.807617,2021-12-10,0.9518060088157654,6,124345376.993235
32.253489,77.20513916015625,16.989999771118164,2743.540527,2021-12-10,0.9642930030822754,3,124345376.493208
32.253031,77.224518,9.3100004196167,2998.122803,2021-12-10,0.9589239954948425,6,124345376.984971
32.25300598144531,77.234513,11.970000267028809,2713.480225,2021-12-10,0.9695559740066528,8,124345377.435359
32.253011,77.215244,38.130001,3325.918213,2021-12-10,0.9856079816818237,5,124345376.939519
32.252641,77.234081,13.319999694824219,2702.802246,2021-12-10,0.9695450067520142,8,124345377.427095
32.252667,77.224111,30.010000228881836,3019.032227,2021-12-10,0.9692410230636597,6,124345376.976707
32.25276565551758,77.204192,31.31999969482422,2532.115967,2021-12-10,0.9712629914283752,3,124345376.47668
32.252646,77.214793,29.780001,3287.856445,2021-12-10,0.9888539910316467,5,124345376.931255
32.25227737426758,77.23365020751953,4.340000152587891,2702.965576,2021-12-10,0.9757840037345886,8,124345377.418831
32.252279,77.214329,37.869999,3208.286621,2021-12-10,0.9838359951972961,5,124345376.922991
32.252303,77.223714,30.459999,3080.130371,2021-12-10,0.9652600288391113,6,124345376.968443
32.252403259277344,77.203742,37.380001,2478.100342,2021-12-10,0.9655470252037048,3,124345376.468416
32.25193786621094,77.223287,26.56999969482422,3082.499268,2021-12-10,0.9675790071487427,6,124345376.960179
32.251914,77.233227,10.550000190734863,2705.748535,2021-12-10,0.9700620174407959,8,124345377.410567
32.25204086303711,77.203293,38.43000030517578,2430.574951,2021-12-10,0.9705939888954163,3,124345376.460152
32.251913,77.213862,29.780001,3138.542725,2021-12-10,0.9868860244750977,5,124345376.914727
32.251554,77.232824,53.880001,2708.061035,2021-12-10,0.9642630219459534,8,124345377.402303
32.251399993896484,77.242081,5.760000228881836,2987.406494,2021-12-10,0.9832050204277039,11,124345377.439491
32.251573,77.22286224365234,8.720000267028809,3103.914062,2021-12-10,0.958532989025116,6,124345376.951915
32.251677,77.202838,25.600000381469727,2385.070801,2021-12-10,0.9527739882469177,3,124345376.451888
32.251548,77.213424,54.0,3095.844238,2021-12-10,0.9857540130615234,5,124345376.906463
32.251190185546875,77.232398,52.869999,2710.07251,2021-12-10,0.9653739929199219,8,124345377.394039
32.251035,77.241644,13.800000190734863,2960.575439,2021-12-10,0.9704319834709167,11,124345377.431227
32.251182,77.212963,14.960000038146973,3068.177734,2021-12-10,0.9709039926528931,5,124345376.898199
32.251209,77.222455,23.389999,3134.131592,2021-12-10,0.9707279801368713,6,124345376.943651
32.25067138671875,77.2412109375,42.470001,2919.063721,2021-12-10,0.9759740233421326,11,124345377.422963
32.251313,77.202393,27.129999,2345.464599609375,2021-12-10,0.9642549753189087,3,124345376.443624
32.250844,77.222043,21.139999,3168.358887,2021-12-10,0.9668059945106506,6,124345376.935387
32.250826,77.231965,56.09000015258789,2695.847656,2021-12-10,0.9684770107269287,8,124345377.385775
32.250817,77.212527,30.90999984741211,3036.260498,2021-12-10,0.9825810194015503,5,124345376.889935
32.250459,77.231518,30.639999,2682.809326,2021-12-10,0.9659630060195923,8,124345377.377511
32.250309,77.240801,38.540001,2955.72998,2021-12-10,0.978069007396698,11,124345377.414699
32.250582,77.201548,41.240002,2349.969482,2021-12-10,0.951246976852417,3,124345376.427096
32.250451,77.212088,21.139999,3022.767822,2021-12-10,0.9848799705505371,5,124345376.881671
32.250096,77.231093,38.720001,2677.431396,2021-12-10,0.9670670032501221,8,124345377.369247
32.249949,77.240396,41.97999954223633,2995.999268,2021-12-10,0.9704750180244446,11,124345377.406435
32.250926,77.174242,12.640000343322754,2055.761719,2021-12-10,0.9674879908561707,0,124345376.53866
32.250086,77.211652,10.319999694824219,3018.204834,2021-12-10,0.9864829778671265,5,124345376.873407
32.250109,77.221067,28.290001,2914.881592,2021-12-10,0.9634619951248169,6,124345376.918859
32.249583,77.239955,16.719999,2996.630127,2021-12-10,0.974416971206665,11,124345377.398171
32.250216,77.201128,52.84000015258789,2353.722656,2021-12-10,0.9692040085792542,3,124345376.418832
32.24972915649414,77.230651,27.200001,2661.109619,2021-12-10,0.9713429808616638,8,124345377.360983
32.249853,77.200673,20.84000015258789,2326.546143,2021-12-10,0.9668650031089783,3,124345376.410568
32.249721,77.211223,8.149999618530273,3015.44458,2021-12-10,0.9919270277023315,5,124345376.865143
32.249365,77.230211,6.539999961853027,2656.444824,2021-12-10,0.9685279726982117,8,124345377.352719
32.24921798706055,77.239522,9.949999809265137,2990.727051,2021-12-10,0.9793739914894104,11,124345377.389907
32.250196,77.173392,4.78000020980835,2069.059326,2021-12-10,0.9714869856834412,0,124345376.522132
32.249381,77.22025299072266,29.34000015258789,2991.620605,2021-12-10,0.9582319855690002,6,124345376.902331
32.249356,77.210801,18.440001,3015.258057,2021-12-10,0.9877259731292725,5,124345376.856877
32.24901580810547,77.219833,50.439999,2994.206543,2021-12-10,0.96800297498703,6,124345376.894067
32.249002,77.229792,19.860001,2658.574951,2021-12-10,0.9631609916687012,8,124345377.344455
32.248854,77.23908996582031,10.0600004196167,2980.811768,2021-12-10,0.9783920049667358,11,124345377.381643
32.248991,77.210375,34.759998,3002.07373,2021-12-10,0.9855750203132629,5,124345376.848611
32.248641,77.229382,44.06999969482422,2665.438232,2021-12-10,0.9556739926338196,8,124345377.336191
32.24849319458008,77.238682,44.34000015258789,2981.517334,2021-12-10,0.9758070111274719,11,124345377.373379
32.249125,77.199798,14.550000190734863,2287.527588,2021-12-10,0.9711880087852478,3,124345376.39404
32.248651,77.219399,47.40999984741211,2982.058594,2021-12-10,0.9555100202560425,6,124345376.885803
32.24876022338867,77.1993637084961,21.290001,2258.38623,2021-12-10,0.9791629910469055,3,124345376.385776
32.248626,77.209942,53.509998,2973.236572,2021-12-10,0.9889659881591797,5,124345376.840345
32.248275,77.22894287109375,7.289999961853027,2673.805908,2021-12-10,0.9658750295639038,8,124345377.327927
32.248128,77.238245,21.139999,2983.958252,2021-12-10,0.9775220155715942,11,124345377.365115
32.248286,77.218961,26.979999542236328,2981.047607,2021-12-10,0.9744049906730652,6,124345376.877539
32.248732,77.171767,12.270000457763672,2209.696045,2021-12-10,0.956125020980835,0,124345376.489076
32.248261,77.20950317382812,49.650002,2948.593994,2021-12-10,0.984824001789093,5,124345376.832079
32.247920989990234,77.218505,37.009998,2915.027344,2021-12-10,0.9730799794197083,6,124345376.869275
32.247911,77.228514,6.059999942779541,2675.015625,2021-12-10,0.9634699821472168,8,124345377.319663
32.247764587402344,77.237823,26.790001,2991.405762,2021-12-10,0.9714379906654358,11,124345377.356851
32.247895,77.209035,40.75,2883.265381,2021-12-10,0.9804900288581848,5,124345376.823813
32.247549,77.228098,12.3100004196167,2685.889648,2021-12-10,0.9717050194740295,8,124345377.311399
32.24740219116211,77.237398,15.0,3005.898193,2021-12-10,0.977403998374939,11,124345377.348587
32.248366,77.171357,13.729999542236328,2237.422852,2021-12-10,0.9566730260848999,0,124345376.480812
32.247554779052734,77.218077,36.369999,2913.405273,2021-12-10,0.974602997303009,6,124345376.86101
32.247529,77.20856475830078,69.529999,2772.31543,2021-12-10,0.9544410109519958,5,124345376.815547
32.247184,77.227663,8.680000305175781,2676.449463,2021-12-10,0.9740859866142273,8,124345377.303135
32.247039794921875,77.236981,12.609999656677246,3028.375488,2021-12-10,0.9756450057029724,11,124345377.340323
32.247189,77.217625,31.729999542236328,2869.251953,2021-12-10,0.9790589809417725,6,124345376.852744
32.247163,77.20809173583984,26.450001,2721.509766,2021-12-10,0.9780229926109314,5,124345376.807281
32.246823,77.217184,18.860001,2853.170898,2021-12-10,0.9544150233268738,6,124345376.844478
32.246819,77.227222,23.56999969482422,2634.287354,2021-12-10,0.9679080247879028,8,124345377.294871
32.246678,77.236571,50.360001,3022.220703,2021-12-10,0.9721140265464783,11,124345377.332059
32.246798,77.207668,68.889999,2690.38623,2021-12-10,0.9577929973602295,5,124345376.799015
32.246453,77.226783,13.800000190734863,2620.289062,2021-12-10,0.9616450071334839,8,124345377.286607
32.24631118774414,77.23611450195312,18.93000030517578,2997.896973,2021-12-10,0.970441997051239,11,124345377.323795
32.247269,77.170099,24.719999,2266.502686,2021-12-10,0.9693629741668701,0,124345376.45602
32.246458,77.216747,13.65999984741211,2839.762207,2021-12-10,0.9829530119895935,6,124345376.836212
32.24643325805664,77.207207,11.819999694824219,2680.703369,2021-12-10,0.9822450280189514,5,124345376.790749
32.246092,77.22637939453125,55.34000015258789,2623.295654,2021-12-10,0.9597910046577454,8,124345377.278343
32.245947,77.23568725585938,15.380000114440918,3001.5625,2021-12-10,0.9793919920921326,11,124345377.315531
32.246904,77.169677,12.119999885559082,2288.04541,2021-12-10,0.9686869978904724,0,124345376.447756
32.246093,77.216311,18.329999923706055,2817.193359,2021-12-10,0.9771180152893066,6,124345376.827946
32.246538,77.169257,11.260000228881836,2301.210938,2021-12-10,0.9527379870414734,0,124345376.439492
32.246068,77.206767,11.369999885559082,2655.62793,2021-12-10,0.9859830141067505,5,124345376.782483
32.2457275390625,77.215872,25.739999771118164,2787.038818,2021-12-10,0.9748160243034363,6,124345376.81968
32.245727,77.225941,40.81999969482422,2613.169678,2021-12-10,0.955070972442627,8,124345377.270079
32.245584,77.235266,22.81999969482422,3001.429932,2021-12-10,0.9704599976539612,11,124345377.307267
32.245703,77.206322,13.5,2617.748535,2021-12-10,0.9849349856376648,5,124345376.774217
32.245361,77.225499,57.060001,2567.717529,2021-12-10,0.9625769853591919,8,124345377.261815
32.245218,77.234828,4.260000228881836,2997.712158,2021-12-10,0.9796839952468872,11,124345377.299003
32.246172,77.168848,8.75,2335.596924,2021-12-10,0.9539129734039307,0,124345376.431228
32.245362,77.215427,16.200001,2760.428223,2021-12-10,0.9845110177993774,6,124345376.811414
32.245338,77.205882,18.40999984741211,2587.179443,2021-12-10,0.9855740070343018,5,124345376.765951
32.2449951171875,77.225054,15.039999961853027,2574.213379,2021-12-10,0.9673479795455933,8,124345377.253551
32.24485397338867,77.234397,14.4399995803833,2977.944092,2021-12-10,0.9777669906616211,11,124345377.290739
32.244998,77.215007,44.080002,2747.573242,2021-12-10,0.9828320145606995,6,124345376.803148
32.24449157714844,77.233967,14.739999771118164,2970.831787,2021-12-10,0.977599024772644,11,124345377.282475
32.244974,77.205464,48.34000015258789,2575.92334,2021-12-10,0.9836680293083191,5,124345376.757685
32.244632720947266,77.214566,24.059999,2738.298584,2021-12-10,0.9801350235939026,6,124345376.794882
32.244631,77.224633,12.720000267028809,2586.773438,2021-12-10,0.9643440246582031,8,124345377.245287
32.244608,77.205007,16.120001,2548.219971,2021-12-10,0.9806569814682007,5,124345376.749419
32.244266510009766,77.22420501708984,11.069999694824219,2585.10498,2021-12-10,0.9599699974060059,8,124345377.237023
32.244128,77.233553,38.310001,2971.952148,2021-12-10,0.9729570150375366,11,124345377.274211
32.24507522583008,77.167589,12.529999732971191,2369.680908,2021-12-10,0.9535819888114929,0,124345376.406436
32.244268,77.21412658691406,11.369999885559082,2733.407715,2021-12-10,0.9811040163040161,6,124345376.786616
32.244243,77.204557,14.930000305175781,2504.944824,2021-12-10,0.9815559983253479,5,124345376.741153
32.243907,77.223805,58.700001,2588.15918,2021-12-10,0.963342010974884,8,124345377.228759
32.24375915527344,77.233102,14.850000381469727,2947.797852,2021-12-10,0.9741010069847107,11,124345377.265947
32.24470901489258,77.16716766357422,10.430000305175781,2384.730225,2021-12-10,0.9521819949150085,0,124345376.398172
32.244459,77.176173,11.40999984741211,2064.092041,2021-12-10,0.9668740034103394,1,124345376.43536
32.243879,77.204128,40.779999,2474.570312,2021-12-10,0.984171986579895,5,124345376.732887
32.243903,77.213696,15.039999961853027,2716.245605,2021-12-10,0.9843990206718445,6,124345376.77835
32.2433967590332,77.232681,25.81999969482422,2944.980225,2021-12-10,0.9741629958152771,11,124345377.257683
32.244344,77.166758,14.359999656677246,2408.30957,2021-12-10,0.9512979984283447,0,124345376.389908
32.24353790283203,77.21326446533203,11.220000267028809,2710.331543,2021-12-10,0.9566299915313721,6,124345376.770084
32.243541,77.223365,40.369999,2581.097412,2021-12-10,0.9642770290374756,8,124345377.220495
32.243514,77.203684,38.349998,2444.187256,2021-12-10,0.9580979943275452,5,124345376.724621
32.243177,77.222941,43.77000045776367,2579.848389,2021-12-10,0.9603270292282104,8,124345377.212231
32.24303436279297,77.232261,42.31999969482422,2940.513184,2021-12-10,0.9766340255737305,11,124345377.249419
32.243978,77.166348,14.510000228881836,2436.428955,2021-12-10,0.959276020526886,0,124345376.381644
32.243174,77.212837,6.690000057220459,2715.311768,2021-12-10,0.9588969945907593,6,124345376.761818
32.243149,77.203237,44.860001,2398.717285,2021-12-10,0.9850410223007202,5,124345376.716355
32.2428092956543,77.222493,23.760000228881836,2561.596191,2021-12-10,0.9644359946250916,8,124345377.203967
32.24266815185547,77.2318344116211,46.880001,2936.13501,2021-12-10,0.9729509949684143,11,124345377.241155
32.243612,77.165931,10.100000381469727,2458.219971,2021-12-10,0.9577509760856628,0,124345376.37338
32.24278259277344,77.202778,38.880001,2341.165283,2021-12-10,0.9852030277252197,5,124345376.708089
32.2428092956543,77.212437,43.709999,2730.525635,2021-12-10,0.962228000164032,6,124345376.753552
32.242446,77.222064,17.620001,2562.463623,2021-12-10,0.9630420207977295,8,124345377.195703
32.242305,77.231401,51.110001,2919.804443,2021-12-10,0.9714549779891968,11,124345377.232891
32.242446,77.212017,36.299999,2753.130615,2021-12-10,0.9833179712295532,6,124345376.745286
32.242418,77.202308,15.529999732971191,2278.912842,2021-12-10,0.9842360019683838,5,124345376.699823
32.242081,77.22163391113281,20.90999984741211,2552.785400390625,2021-12-10,0.9609569907188416,8,124345377.187439
32.241939544677734,77.230961,63.759998,2881.205322,2021-12-10,0.9710450172424316,11,124345377.224627
32.242881,77.165099,12.680000305175781,2493.571533,2021-12-10,0.9526939988136292,0,124345376.356852
32.242632,77.174067,6.059999942779541,2121.272705,2021-12-10,0.9534299969673157,1,124345376.39404
32.242082,77.211598,50.110001,2756.045898,2021-12-10,0.9504489898681641,6,124345376.73702
32.242053,77.201859,25.18000030517578,2226.480469,2021-12-10,0.9847400188446045,5,124345376.691557
32.241715,77.221194,18.219999,2531.156738,2021-12-10,0.9815210103988647,8,124345377.179175
32.24152755737305,77.225598,5.230000019073486,2698.481445,2021-12-25,0.9589250087738037,0,125705392.029458
32.241572,77.230509,12.829999923706055,2882.901855,2021-12-10,0.9747899770736694,11,124345377.216363
32.242515,77.164682,11.069999694824219,2513.149902,2021-12-10,0.9569500088691711,0,124345376.348588
32.242267,77.173632,3.809999942779541,2108.008545,2021-12-10,0.9671970009803772,1,124345376.385776
32.2416877746582,77.201431,43.400002,2205.135986,2021-12-10,0.988411009311676,5,124345376.683291
32.241718,77.211172,49.470001,2759.130371,2021-12-10,0.9781780242919922,6,124345376.728754
32.241349,77.220759,26.520000457763672,2504.692383,2021-12-10,0.987883985042572,8,124345377.170911
32.241208,77.230082,26.079999923706055,2868.938721,2021-12-10,0.9884369969367981,11,124345377.208099
32.242149,77.164277,30.450001,2532.110107,2021-12-10,0.9541469812393188,0,124345376.340324
32.241353,77.210737,43.110001,2748.209229,2021-12-10,0.9736469984054565,6,124345376.720488
32.241901,77.173227,21.020000457763672,2132.010498,2021-12-10,0.9528909921646118,1,124345376.377512
32.241323,77.200978,35.509998,2162.56958,2021-12-10,0.9534239768981934,5,124345376.675025
32.240984,77.220322,38.650002,2475.109863,2021-12-10,0.9850959777832031,8,124345377.162647
32.240841,77.2296371459961,27.5,2836.304199,2021-12-10,0.9896780252456665,11,124345377.199835
32.241784,77.163844,11.029999732971191,2540.260254,2021-12-10,0.9608330130577087,0,124345376.33206
32.240989,77.210328,40.22999954223633,2787.132812,2021-12-10,0.986395001411438,6,124345376.712222
32.240958,77.200534,39.810001,2123.904297,2021-12-10,0.9822270274162292,5,124345376.666759
32.240624,77.209884,3.4800000190734863,2790.248779,2021-12-10,0.9650740027427673,6,124345376.703956
32.240617,77.21987915039062,41.599998,2441.258789,2021-12-10,0.9844390153884888,8,124345377.154383
32.240476,77.229205,20.389999,2826.271484,2021-12-10,0.9932469725608826,11,124345377.191571
32.241168,77.172435,26.75,2238.208008,2021-12-10,0.952455997467041,1,124345376.360984
32.24024963378906,77.219436,33.18000030517578,2417.708008,2021-12-10,0.9848300218582153,8,124345377.146119
32.240113,77.228789,38.240002,2826.19751,2021-12-10,0.9918299913406372,11,124345377.183307
32.241053,77.163001,14.550000190734863,2556.052246,2021-12-10,0.9520840048789978,0,124345376.315532
32.24026107788086,77.209463,46.549999,2758.089355,2021-12-10,0.9844300150871277,6,124345376.69569
32.239882,77.218985,20.43000030517578,2384.770752,2021-12-10,0.9875500202178955,8,124345377.137855
32.239747,77.228352,35.72999954223633,2810.419434,2021-12-10,0.9902740120887756,11,124345377.175043
32.240687,77.16259002685547,12.420000076293945,2586.1521,2021-12-10,0.9547449946403503,0,124345376.307268
32.23989486694336,77.209024,44.419998,2733.609131,2021-12-10,0.9617350101470947,6,124345376.687424
32.239864349365234,77.199228,47.330002,2066.907471,2021-12-10,0.9803230166435242,5,124345376.641961
32.23952865600586,77.20857238769531,27.540001,2696.904297,2021-12-10,0.9578019976615906,6,124345376.679158
32.239516,77.218548,15.710000038146973,2369.581055,2021-12-10,0.9842039942741394,8,124345377.129591
32.2393798828125,77.22791290283203,15.899999618530273,2800.821045,2021-12-10,0.9896510243415833,11,124345377.166779
32.239499,77.198782,13.279999732971191,2062.961426,2021-12-10,0.9594500064849854,5,124345376.633695
32.239152,77.218121,25.59000015258789,2359.716309,2021-12-10,0.9823570251464844,8,124345377.121327
32.239017486572266,77.227491,50.849998,2780.164795,2021-12-10,0.9873239994049072,11,124345377.158515
32.23995590209961,77.161769,25.770000457763672,2630.895264,2021-12-10,0.9519990086555481,0,124345376.29074
32.239164,77.208122,20.200001,2659.846924,2021-12-10,0.9872379899024963,6,124345376.670892
32.239705,77.170796,44.299999,2346.937012,2021-12-10,0.9523879885673523,1,124345376.327928
32.239134,77.198331,24.989999771118164,2003.837402,2021-12-10,0.954463005065918,5,124345376.625431
32.238784,77.2176742553711,33.630001,2312.500244,2021-12-10,0.9822189807891846,8,124345377.113063
32.238652,77.227061,59.97999954223633,2765.156982,2021-12-10,0.9894160032272339,11,124345377.150251
32.239339,77.170382,43.139999,2370.123535,2021-12-10,0.9658520221710205,1,124345376.319664
32.238800048828125,77.207693,42.65999984741211,2633.183105,2021-12-10,0.9589099884033203,6,124345376.662626
32.238769,77.197885,46.060001,1944.272583,2021-12-10,0.9611579775810242,5,124345376.617167
32.238435,77.207253,46.47999954223633,2602.555908,2021-12-10,0.980118989944458,6,124345376.65436
32.238419,77.21723937988281,39.509998,2294.425049,2021-12-10,0.9859259724617004,8,124345377.104799
32.238288,77.226634,53.84000015258789,2770.687256,2021-12-10,0.9854090213775635,11,124345377.141987
32.238803,77.178123,16.239999771118164,2053.74707,2021-12-10,0.9608029723167419,2,124345376.117196
32.2384033203125,77.19743347167969,9.84000015258789,1925.508667,2021-12-10,0.968155026435852,5,124345376.608903
32.23805618286133,77.216829,65.18000030517578,2297.539062,2021-12-10,0.98471999168396,8,124345377.096535
32.237924,77.226216,62.0,2780.553223,2021-12-10,0.9760929942131042,11,124345377.133723
32.23807144165039,77.206824,50.709999,2593.628418,2021-12-10,0.9874539971351624,6,124345376.646094
32.237850189208984,77.221278,14.850000381469727,2585.697266,2021-12-25,0.9640589952468872,0,125705391.946798
32.238437,77.177712,18.969999,2082.694092,2021-12-10,0.9655870199203491,2,124345376.108932
32.238038,77.196991,6.690000057220459,1904.346924,2021-12-10,0.9688429832458496,5,124345376.600639
32.237689,77.216386,64.129997,2268.502441,2021-12-10,0.9885280132293701,8,124345377.088271
32.2375602722168,77.225787,53.31999969482422,2785.010742,2021-12-10,0.9897379875183105,11,124345377.125459
32.238071,77.177295,22.520000457763672,2100.355957,2021-12-10,0.9686939716339111,2,124345376.100668
32.23770523071289,77.206366,9.239999771118164,2572.70874,2021-12-10,0.9628570079803467,6,124345376.637828
32.237338,77.23011016845703,10.699999809265137,2959.043457,2021-12-25,0.9704790115356445,1,125705391.975729
32.23712158203125,77.23833465576172,15.899999618530273,3199.856689,2021-12-25,0.9513229727745056,2,125705391.781493
32.238126,77.159733,20.270000457763672,2808.726807,2021-12-10,0.9519469738006592,0,124345376.24942
32.23733901977539,77.205929,11.630000114440918,2549.36792,2021-12-10,0.9846869707107544,6,124345376.629563
32.2371940612793,77.225357,45.389999,2785.539551,2021-12-10,0.9901289939880371,11,124345377.117195
32.23770523071289,77.176878,15.970000267028809,2127.193359,2021-12-10,0.9683669805526733,2,124345376.092404
32.237308,77.196123,3.6600000858306885,1879.005005,2021-12-10,0.9580360054969788,5,124345376.584111
32.236956,77.215504,19.149999618530273,2260.095459,2021-12-10,0.9853820204734802,8,124345377.071743
32.236826,77.224905,5.460000038146973,2777.131836,2021-12-10,0.9711350202560425,11,124345377.108931
32.237511,77.168318,40.06999969482422,2500.993896,2021-12-10,0.957647979259491,1,124345376.278344
32.236975,77.205494,31.059999,2512.311523,2021-12-10,0.959987998008728,6,124345376.621299
32.236749,77.21998596191406,8.229999542236328,2570.849365,2021-12-25,0.9567300081253052,0,125705391.922
32.237339,77.176462,18.81999969482422,2146.096191,2021-12-10,0.9656429886817932,2,124345376.08414
32.236944,77.195695,8.039999961853027,1871.671509,2021-12-10,0.9565629959106445,5,124345376.575847
32.236592,77.215083,41.939999,2249.525146,2021-12-10,0.9566429853439331,8,124345377.063479
32.2364616394043,77.224466,12.010000228881836,2745.347168,2021-12-10,0.9826719760894775,11,124345377.100667
32.237393,77.158929,45.450001,2872.12793,2021-12-10,0.9654160141944885,0,124345376.232892
32.237147,77.167873,11.180000305175781,2496.51123,2021-12-10,0.9624029994010925,1,124345376.27008
32.236610412597656,77.205053,44.869999,2470.143066,2021-12-10,0.9845399856567383,6,124345376.613035
32.236381,77.219555,6.28000020980835,2564.257812,2021-12-25,0.961434006690979,0,125705391.913734
32.236093,77.224028,9.3100004196167,2727.479736,2021-12-10,0.9688839912414551,11,124345377.092403
32.236234,77.228812,12.039999961853027,2921.511963,2021-12-25,0.9655349850654602,1,125705391.950931
32.237028,77.158503,13.130000114440918,2906.340088,2021-12-10,0.9594449996948242,0,124345376.224628
32.236244201660156,77.204597,22.040001,2432.568848,2021-12-10,0.9788410067558289,6,124345376.604771
32.23622512817383,77.214639,29.030001,2229.537598,2021-12-10,0.986378014087677,8,124345377.055215
32.236781,77.167474,47.779999,2512.364746,2021-12-10,0.9627649784088135,1,124345376.261816
32.23660659790039,77.175633,17.620001,2196.510986,2021-12-10,0.9532070159912109,2,124345376.067612
32.235859,77.2142105102539,29.370001,2226.028076,2021-12-10,0.9798240065574646,8,124345377.046951
32.235727,77.223592,6.429999828338623,2713.361084,2021-12-10,0.9902920126914978,11,124345377.084139
32.236662,77.158101,33.369999,2930.162598,2021-12-10,0.9540119767189026,0,124345376.216364
32.23641586303711,77.167034,9.050000190734863,2525.777344,2021-12-10,0.9723340272903442,1,124345376.253552
32.235879,77.204165,53.47999954223633,2391.352783,2021-12-10,0.9765729904174805,6,124345376.596507
32.236241,77.175221,18.030001,2225.71582,2021-12-10,0.9574059844017029,2,124345376.059348
32.235849,77.194408,11.260000228881836,1855.478271,2021-12-10,0.9512760043144226,5,124345376.551055
32.235495,77.213788,41.27000045776367,2223.128418,2021-12-10,0.9797080159187317,8,124345377.038687
32.235362,77.22315979003906,3.9600000381469727,2705.785645,2021-12-10,0.9745780229568481,11,124345377.075875
32.236051,77.166616,17.360001,2534.001709,2021-12-10,0.951662003993988,1,124345376.245288
32.235513,77.203702,37.639999,2332.060303,2021-12-10,0.9791719913482666,6,124345376.588243
32.2349967956543,77.222732,3.0999999046325684,2704.227295,2021-12-10,0.9712179899215698,11,124345377.067611
32.235484,77.193976,5.349999904632568,1851.233521,2021-12-10,0.960690975189209,5,124345376.542791
32.235148,77.203262,44.610001,2298.598633,2021-12-10,0.9828609824180603,6,124345376.579979
32.235128,77.213344,19.709999,2213.496826,2021-12-10,0.9863200187683105,8,124345377.030423
32.234911,77.217827,23.420000076293945,2509.668701,2021-12-25,0.9555320143699646,0,125705391.88067
32.235119,77.193552,15.5600004196167,1846.335693,2021-12-10,0.9627019762992859,5,124345376.534527
32.234764099121094,77.212925,49.720001,2198.81665,2021-12-10,0.9849280118942261,8,124345377.022159
32.234631,77.222301,7.21999979019165,2691.184814,2021-12-10,0.9746270179748535,11,124345377.059347
32.235564,77.156885,34.790001,3042.515869,2021-12-10,0.9600390195846558,0,124345376.191572
32.234782,77.202808,14.069999694824219,2273.842041,2021-12-10,0.9893959760665894,6,124345376.571715
32.235144,77.17396545410156,21.290001,2272.248779,2021-12-10,0.9738190174102783,2,124345376.034556
32.234397888183594,77.212491,38.830002,2195.630371,2021-12-10,0.9845719933509827,8,124345377.013895
32.234265,77.221869,3.700000047683716,2685.131348,2021-12-10,0.973688006401062,11,124345377.051083
32.235199,77.156464,7.630000114440918,3080.103027,2021-12-10,0.9784150123596191,0,124345376.183308
32.234778,77.17353820800781,17.399999618530273,2280.44165,2021-12-10,0.97393798828125,2,124345376.026292
32.234389,77.192689,4.860000133514404,1839.221924,2021-12-10,0.9506660103797913,5,124345376.517999
32.23441696166992,77.202382,49.619999,2239.753906,2021-12-10,0.985073983669281,6,124345376.563451
32.233901,77.221443,4.519999980926514,2686.105469,2021-12-10,0.972324013710022,11,124345377.042819
32.234832763671875,77.156048,13.3100004196167,3093.789062,2021-12-10,0.9837650060653687,0,124345376.175044
32.234051,77.201928,19.610001,2214.665039,2021-12-10,0.9854919910430908,6,124345376.555187
32.234031,77.212046,51.439999,2150.264404,2021-12-10,0.986253023147583,8,124345377.005631
32.23365783691406,77.225787,50.810001,2808.030273,2021-12-25,0.9542940258979797,1,125705391.893069
32.234589,77.164967,32.959999,2624.961182,2021-12-10,0.9567180275917053,1,124345376.212232
32.234413146972656,77.173114,15.979999542236328,2282.609863,2021-12-10,0.9525219798088074,2,124345376.018028
32.23402404785156,77.192261,5.079999923706055,1835.864258,2021-12-10,0.950639009475708,5,124345376.509735
32.233662,77.211593,16.719999,2136.882324,2021-12-10,0.9555990099906921,8,124345376.997367
32.23353958129883,77.221044,61.029999,2685.197021,2021-12-10,0.9710119962692261,11,124345377.034555
32.234223,77.164547,18.25,2652.899658,2021-12-10,0.9591060280799866,1,124345376.203968
32.233687,77.201516,83.68000030517578,2179.39917,2021-12-10,0.9846349954605103,6,124345376.546923
32.233282,77.225341796875,8.0,2806.427246,2021-12-25,0.9736499786376953,1,125705391.884803
32.233659,77.191837,23.079999923706055,1821.635498,2021-12-10,0.9607239961624146,5,124345376.501471
32.233297,77.211162,18.700001,2126.58252,2021-12-10,0.9829570055007935,8,124345376.989103
32.233172,77.220593,6.809999942779541,2694.413086,2021-12-10,0.9680179953575134,11,124345377.026291
32.234103,77.15520477294922,9.539999961853027,3115.921631,2021-12-10,0.9838550090789795,0,124345376.158516
32.233294,77.19141387939453,31.020000457763672,1822.588989,2021-12-10,0.9566739797592163,5,124345376.493207
32.233321,77.201054,70.239998,2124.112061,2021-12-10,0.9816330075263977,6,124345376.538659
32.232809,77.220185,58.0,2680.187012,2021-12-10,0.9860140085220337,11,124345377.018027
32.233737,77.154793,31.350000381469727,3121.730469,2021-12-10,0.9554449915885925,0,124345376.150252
32.232954,77.20056915283203,39.889999,2037.74231,2021-12-10,0.9876189827919006,6,124345376.530395
32.232932,77.210736,13.020000457763672,2135.629639,2021-12-10,0.9854030013084412,8,124345376.980839
32.23255157470703,77.224482,6.880000114440918,2799.898193,2021-12-25,0.9557240009307861,1,125705391.868271
32.233314,77.171873,33.97999954223633,2344.358643,2021-12-10,0.9685540199279785,2,124345375.993236
32.232928,77.190985,29.600000381469727,1820.165405,2021-12-10,0.9505900144577026,5,124345376.484943
32.232566,77.210305,8.529999732971191,2131.765137,2021-12-10,0.9632970094680786,8,124345376.972575
32.23244094848633,77.219729,9.5,2672.550781,2021-12-10,0.9852449893951416,11,124345377.009763
32.233373,77.154354,7.960000038146973,3123.144287,2021-12-10,0.9738579988479614,0,124345376.141988
32.233126,77.163328,17.09000015258789,2765.937744,2021-12-10,0.9715240001678467,1,124345376.179176
32.232588,77.200137,29.219999,2034.206421,2021-12-10,0.9582980275154114,6,124345376.522131
32.232181549072266,77.224046,11.369999885559082,2777.085938,2021-12-25,0.9679250121116638,1,125705391.860005
32.231822,77.241506,3.700000047683716,3380.161377,2021-12-25,0.9528430104255676,3,125705391.702985
32.232201,77.209877,13.350000381469727,2126.682129,2021-12-10,0.9844520092010498,8,124345376.964311
32.232078,77.219319,36.06999969482422,2678.700928,2021-12-10,0.990676999092102,11,124345377.001499
32.231826,77.223638,45.5,2787.427246,2021-12-25,0.9693830013275146,1,125705391.851739
32.233007,77.153942,17.09000015258789,3139.034668,2021-12-10,0.96977698802948,0,124345376.133724
32.23276138305664,77.162931,17.209999,2820.422607,2021-12-10,0.9789509773254395,1,124345376.170912
32.232198,77.190127,27.200001,1813.74646,2021-12-10,0.9542359709739685,5,124345376.468415
32.232222,77.199687,13.0600004196167,2005.239624,2021-12-10,0.9638829827308655,6,124345376.513867
32.231838,77.209466,35.130001,2135.473633,2021-12-10,0.9568139910697937,8,124345376.956047
32.231711,77.218882,52.240002,2643.688232,2021-12-10,0.9860879778862,11,124345376.993235
32.232345,77.180032,22.149999618530273,2010.263184,2021-12-10,0.9603779911994934,3,124345376.013896
32.23185729980469,77.1992416381836,9.6899995803833,1967.349731,2021-12-10,0.9658380150794983,6,124345376.505603
32.2314567565918,77.223204,48.529999,2769.517578,2021-12-25,0.95073401927948,1,125705391.843473
32.232394,77.16252136230469,24.239999771118164,2844.107666,2021-12-10,0.96219402551651,1,124345376.162648
32.232218,77.170592,15.229999542236328,2361.486816,2021-12-10,0.9620490074157715,2,124345375.968444
32.231979,77.179623,24.920000076293945,2044.011719,2021-12-10,0.9559609889984131,3,124345376.005632
32.23147201538086,77.209034,36.59000015258789,2125.491699,2021-12-10,0.9618369936943054,8,124345376.947783
32.231344,77.21843719482422,46.549999,2619.568359,2021-12-10,0.9669650197029114,11,124345376.984971
32.232029,77.162113,20.010000228881836,2884.284424,2021-12-10,0.9647089838981628,1,124345376.154384
32.231852,77.170184,18.299999,2394.68042,2021-12-10,0.9703130125999451,2,124345375.96018
32.231491,77.198792,11.149999618530273,1921.3572998046875,2021-12-10,0.9621289968490601,6,124345376.497339
32.231078,77.222752,9.3100004196167,2751.436035,2021-12-25,0.9615449905395508,1,125705391.835209
32.231467,77.189262,20.350000381469727,1798.203369,2021-12-10,0.9536020159721375,5,124345376.451887
32.23110580444336,77.2085952758789,17.239999771118164,2122.443359,2021-12-10,0.9586480259895325,8,124345376.939519
32.230975,77.217983,10.8100004196167,2599.004639,2021-12-10,0.9890419840812683,11,124345376.976707
32.23166275024414,77.161703,14.0600004196167,2921.421631,2021-12-10,0.9600269794464111,1,124345376.14612
32.231483459472656,77.169792,27.540001,2456.460205,2021-12-10,0.9508280158042908,2,124345375.951916
32.231246,77.17880249023438,31.360001,2101.241211,2021-12-10,0.9519039988517761,3,124345375.989104
32.231101989746094,77.188832,16.649999618530273,1795.614014,2021-12-10,0.9578350186347961,5,124345376.443623
32.23112487792969,77.198351,17.959999,1887.410400390625,2021-12-10,0.9629319906234741,6,124345376.489075
32.230741,77.208167,14.4399995803833,2124.273682,2021-12-10,0.9611889719963074,8,124345376.931255
32.230609,77.217549,8.40999984741211,2586.80957,2021-12-10,0.9673939943313599,11,124345376.968443
32.230709075927734,77.222319,10.140000343322754,2739.372803,2021-12-25,0.9605669975280762,1,125705391.826945
32.230149,77.230144,39.669998,2977.924072,2021-12-25,0.9610990285873413,2,125705391.624477
32.231298,77.161292,16.200001,2947.139404,2021-12-10,0.9579060077667236,1,124345376.137856
32.231117248535156,77.16938018798828,13.649999618530273,2499.006836,2021-12-10,0.9551929831504822,2,124345375.943652
32.230376,77.2077407836914,5.199999809265137,2135.902832,2021-12-10,0.9611870050430298,8,124345376.922991
32.230243,77.21711730957031,15.449999809265137,2577.599365,2021-12-10,0.9635369777679443,11,124345376.960179
32.230932,77.160894,34.759998,2982.184326,2021-12-10,0.9702609777450562,1,124345376.129592
32.230748,77.168989,55.939999,2528.155273,2021-12-10,0.9540979862213135,2,124345375.935388
32.230394,77.197478,7.590000152587891,1857.746826,2021-12-10,0.9592199921607971,6,124345376.472547
32.229976654052734,77.221458,7.590000152587891,2726.333252,2021-12-25,0.9579370021820068,1,125705391.810417
32.229787,77.229721,44.84000015258789,2983.529785,2021-12-25,0.9637539982795715,2,125705391.616213
32.230514,77.177971,28.479999542236328,2156.447754,2021-12-10,0.965038001537323,3,124345375.972576
32.230011,77.207316,29.370001,2116.353027,2021-12-10,0.9604759812355042,8,124345376.914727
32.229881286621094,77.216703,59.15999984741211,2553.45752,2021-12-10,0.9893980026245117,11,124345376.951915
32.229616,77.221038,8.710000038146973,2742.033447,2021-12-25,0.9523069858551025,1,125705391.802153
32.230566,77.160482,31.239999771118164,3012.87085,2021-12-10,0.978672981262207,1,124345376.121328
32.230383,77.168567,29.559999,2563.968506,2021-12-10,0.9564800262451172,2,124345375.927124
32.230147,77.177565,37.90999984741211,2189.424072,2021-12-10,0.9508699774742126,3,124345375.964312
32.23000717163086,77.187561,16.649999618530273,1813.303589,2021-12-10,0.9852780103683472,5,124345376.418831
32.229644,77.206874,12.039999961853027,2105.566406,2021-12-10,0.966202974319458,8,124345376.906463
32.229512,77.216256,37.830002,2535.494629,2021-12-10,0.9834989905357361,11,124345376.943651
32.229408,77.229269,10.25,2954.382324,2021-12-25,0.9524049758911133,2,125705391.607949
32.229252,77.220611,14.960000038146973,2737.414307,2021-12-25,0.9692190289497375,1,125705391.793889
32.230016,77.168158,12.010000228881836,2615.574707,2021-12-10,0.9568619728088379,2,124345375.91886
32.229781,77.177148,34.799999,2212.635254,2021-12-10,0.958961009979248,3,124345375.956048
32.229642,77.187151,5.909999847412109,1857.435303,2021-12-10,0.9656509757041931,5,124345376.410567
32.229279,77.206447,20.049999,2099.372559,2021-12-10,0.9621080160140991,8,124345376.898199
32.229144,77.215813,40.779999,2502.347412,2021-12-10,0.9870129823684692,11,124345376.935387
32.229837,77.159601,9.569999694824219,2984.982178,2021-12-10,0.9587669968605042,1,124345376.1048
32.228885,77.22017669677734,23.379999,2720.948975,2021-12-25,0.9515889883041382,1,125705391.785625
32.228675842285156,77.228409,13.960000038146973,2936.890137,2021-12-25,0.9670510292053223,2,125705391.591421
32.229414,77.1767349243164,41.759998,2232.999512,2021-12-10,0.9579690098762512,3,124345375.947784
32.229277,77.186725,5.119999885559082,1858.872681,2021-12-10,0.9562640190124512,5,124345376.402303
32.228933,77.195762,6.239999771118164,1842.702393,2021-12-10,0.9568629860877991,6,124345376.439491
32.228914,77.206021,25.959999,2096.005127,2021-12-10,0.9573230147361755,8,124345376.889935
32.228776,77.21536254882812,30.489999771118164,2462.375732,2021-12-10,0.9927399754524231,11,124345376.927123
32.229048,77.176317,18.219999,2275.327637,2021-12-10,0.964809000492096,3,124345375.93952
32.228912353515625,77.186299,5.5,1861.106079,2021-12-10,0.9865019917488098,5,124345376.394039
32.228548,77.205584,9.119999885559082,2094.248047,2021-12-10,0.9659889936447144,8,124345376.881671
32.228408,77.214918,39.810001,2423.704834,2021-12-10,0.9899370074272156,11,124345376.918859
32.229106,77.158762,13.430000305175781,3008.224121,2021-12-10,0.9506130218505859,1,124345376.088272
32.228568,77.195333,3.2100000381469727,1840.87439,2021-12-10,0.9568179845809937,6,124345376.431227
32.228136,77.219293,14.289999961853027,2652.388672,2021-12-25,0.9567040205001831,1,125705391.769097
32.227953,77.227564,30.649999618530273,2944.66333,2021-12-25,0.9534680247306824,2,125705391.574893
32.228917,77.166914,22.899999618530273,2676.811523,2021-12-10,0.9593600034713745,2,124345375.894068
32.228682,77.175905,31.31999969482422,2292.34082,2021-12-10,0.9548379778862,3,124345375.931256
32.228547,77.185873,5.159999847412109,1863.963867,2021-12-10,0.9500290155410767,5,124345376.385775
32.228183,77.205153,10.430000305175781,2086.996826,2021-12-10,0.9612069725990295,8,124345376.873407
32.228044,77.214492,48.869999,2417.650635,2021-12-10,0.9661059975624084,11,124345376.910595
32.228549,77.166513,38.02000045776367,2712.771973,2021-12-10,0.9535629749298096,2,124345375.885804
32.22820281982422,77.194907,5.230000019073486,1839.186768,2021-12-10,0.9647989869117737,6,124345376.422963
32.22776412963867,77.218855,14.890000343322754,2625.595947,2021-12-25,0.9502300024032593,1,125705391.760833
32.227582,77.227125,20.389999,2924.799072,2021-12-25,0.9663199782371521,2,125705391.566629
32.228316,77.175489,20.649999618530273,2325.561279,2021-12-10,0.961251974105835,3,124345375.922992
32.227838,77.194481,8.75,1837.252563,2021-12-10,0.961139976978302,6,124345376.414699
32.227817,77.204718,11.369999885559082,2071.394043,2021-12-10,0.9595710039138794,8,124345376.865143
32.22767639160156,77.214044,21.290001,2404.932373,2021-12-10,0.9683079719543457,11,124345376.902331
32.227949,77.175076,22.40999984741211,2353.012695,2021-12-10,0.9616079926490784,3,124345375.914728
32.22745132446289,77.204278,14.699999809265137,2042.550781,2021-12-10,0.9621300101280212,8,124345376.856877
32.227309,77.213604,14.100000381469727,2389.043945,2021-12-10,0.9873759746551514,11,124345376.894067
32.227208,77.226682,14.4399995803833,2889.702393,2021-12-25,0.9698770046234131,2,125705391.558365
32.227472,77.194053,12.720000267028809,1831.212646,2021-12-10,0.9600650072097778,6,124345376.406435
32.227021,77.217977,17.84000015258789,2567.014648,2021-12-25,0.9537760019302368,1,125705391.744305
32.227452,77.184631,34.529999,1907.09021,2021-12-10,0.9838539958000183,5,124345376.360983
32.227082,77.203832,25.059999,1997.162842,2021-12-10,0.9615749716758728,8,124345376.848611
32.226942,77.213162,16.799999,2356.371582,2021-12-10,0.988610029220581,11,124345376.885803
32.227456,77.165196,17.510000228881836,2657.708252,2021-12-10,0.9535250067710876,2,124345375.861011
32.227107,77.19361877441406,7.440000057220459,1823.514771,2021-12-10,0.9579150080680847,6,124345376.398171
32.226648,77.217535,15.079999923706055,2535.628174,2021-12-25,0.9566919803619385,1,125705391.736041
32.226466,77.225807,13.100000381469727,2837.896729,2021-12-25,0.9559770226478577,2,125705391.541837
32.227218,77.174229,25.18000030517578,2362.818359,2021-12-10,0.9620220065116882,3,124345375.8982
32.227087,77.184207,22.81999969482422,1925.279297,2021-12-10,0.9850860238075256,5,124345376.352719
32.226741,77.19317626953125,6.130000114440918,1797.441284,2021-12-10,0.9588009715080261,6,124345376.389907
32.226714,77.203378,18.889999,1953.276367,2021-12-10,0.9605050086975098,8,124345376.840345
32.2265739440918,77.212717,23.56999969482422,2314.204834,2021-12-10,0.9872789978981018,11,124345376.877539
32.226722,77.183786,8.75,1951.000244,2021-12-10,0.9851890206336975,5,124345376.344455
32.226346,77.202926,22.06999969482422,1902.947998,2021-12-10,0.9664949774742126,8,124345376.832079
32.226209,77.21228790283203,20.309999,2318.04834,2021-12-10,0.9668319821357727,11,124345376.869275
32.226375579833984,77.192751,3.700000047683716,1796.256592,2021-12-10,0.9521650075912476,6,124345376.381643
32.226726,77.164331,19.34000015258789,2632.990723,2021-12-10,0.9651560187339783,2,124345375.844479
32.226356506347656,77.183366,9.460000038146973,1962.03772,2021-12-10,0.985077977180481,5,124345376.336191
32.225978,77.202479,10.020000457763672,1878.516357,2021-12-10,0.9602460265159607,8,124345376.823813
32.225843,77.211857,49.5,2278.736084,2021-12-10,0.9865049719810486,11,124345376.86101
32.225992,77.18294525146484,16.719999,1966.77124,2021-12-10,0.9843059778213501,5,124345376.327927
32.226011,77.192322,6.28000020980835,1789.549194,2021-12-10,0.959846019744873,6,124345376.373379
32.225527,77.216208,18.700001,2423.368652,2021-12-25,0.9633939862251282,1,125705391.711249
32.225612,77.202041,12.3100004196167,1855.044556,2021-12-10,0.9586510062217712,8,124345376.815547
32.225474,77.211401,32.740002,2238.731201,2021-12-10,0.9818599820137024,11,124345376.852744
32.22575759887695,77.172509,16.239999771118164,2340.882324,2021-12-10,0.9586769938468933,3,124345375.865144
32.225627,77.182527,24.690001,1975.801025,2021-12-10,0.9534080028533936,5,124345376.319663
32.225107,77.210958,24.239999771118164,2217.687012,2021-12-10,0.9869329929351807,11,124345376.844478
32.225263,77.182109,13.5,2002.306641,2021-12-10,0.9590309858322144,5,124345376.311399
32.224883,77.201187,18.739999771118164,1848.500244,2021-12-10,0.9578260183334351,8,124345376.799015
32.224741,77.210524,29.06999969482422,2197.280762,2021-12-10,0.9858610033988953,11,124345376.836212
32.225267,77.162589,21.59000015258789,2558.532227,2021-12-10,0.9552909731864929,2,124345375.811415
32.224898,77.181682,5.610000133514404,2011.339233,2021-12-10,0.9573289752006531,5,124345376.303135
32.225027,77.171653,17.65999984741211,2335.028564,2021-12-10,0.9601629972457886,3,124345375.848612
32.224521,77.200784,38.5,1874.756104,2021-12-10,0.9701189994812012,8,124345376.790749
32.224374,77.2100830078125,17.65999984741211,2176.668945,2021-12-10,0.9890509843826294,11,124345376.827946
32.22490310668945,77.162148,13.920000076293945,2537.36499,2021-12-10,0.9555540084838867,2,124345375.803149
32.224662,77.171216,12.350000381469727,2318.82666,2021-12-10,0.9613969922065735,3,124345375.840346
32.22453308105469,77.181262,5.460000038146973,2023.997559,2021-12-10,0.959971010684967,5,124345376.294871
32.224157,77.200363,16.309999,1908.24585,2021-12-10,0.9559630155563354,8,124345376.782483
32.22400665283203,77.209639,37.189999,2131.782715,2021-12-10,0.987496018409729,11,124345376.81968
32.224047,77.214464,11.0,2347.529297,2021-12-25,0.9595819711685181,1,125705391.678193
32.223871,77.222742,35.029999,2628.913086,2021-12-25,0.9624890089035034,2,125705391.483989
32.224296,77.170799,30.350000381469727,2319.567627,2021-12-10,0.9539669752120972,3,124345375.83208
32.224168,77.180841,5.050000190734863,2036.47876,2021-12-10,0.9575620293617249,5,124345376.286607
32.223792,77.199931,8.640000343322754,1906.384888,2021-12-10,0.9684280157089233,8,124345376.774217
32.22364044189453,77.209195,34.310001,2101.431641,2021-12-10,0.9615949988365173,11,124345376.811414
32.223486,77.222282,15.680000305175781,2562.219727,2021-12-25,0.9676079750061035,2,125705391.475725
32.223073,77.24152374267578,30.489999771118164,3106.931641,2021-12-25,0.9505050182342529,5,125705391.959197
32.224172,77.161296,5.650000095367432,2549.416748,2021-12-10,0.9638649821281433,2,124345375.786617
32.223803,77.180427,9.279999732971191,2055.852539,2021-12-10,0.9562159776687622,5,124345376.278343
32.223121643066406,77.221852,37.15999984741211,2534.734863,2021-12-25,0.9529650211334229,2,125705391.467461
32.223931,77.170373,19.34000015258789,2331.373047,2021-12-10,0.9666410088539124,3,124345375.823814
32.223426818847656,77.199501,4.599999904632568,1904.296265,2021-12-10,0.9674050211906433,8,124345376.765951
32.223272,77.208748,41.56999969482422,2054.936523,2021-12-10,0.9642729759216309,11,124345376.803148
32.22270202636719,77.241084,28.360001,3089.64209,2021-12-25,0.9549520015716553,5,125705391.950931
32.223807,77.160871,14.4399995803833,2544.53418,2021-12-10,0.9765440225601196,2,124345375.778351
32.223566,77.16993713378906,18.149999618530273,2320.79126,2021-12-10,0.9674649834632874,3,124345375.815548
32.223438,77.180017,19.010000228881836,2078.361328,2021-12-10,0.9809389710426331,5,124345376.270079
32.223062,77.199072,4.900000095367432,1899.687256,2021-12-10,0.964460015296936,8,124345376.757685
32.222904205322266,77.208301,26.600000381469727,2030.868896,2021-12-10,0.9572200179100037,11,124345376.794882
32.222932,77.213146,19.450001,2251.217041,2021-12-25,0.9545090198516846,1,125705391.653401
32.222328186035156,77.240648,30.790001,3065.145752,2021-12-25,0.9686830043792725,5,125705391.942665
32.223201,77.16950988769531,15.75,2316.909912,2021-12-10,0.9655190110206604,3,124345375.807282
32.223073,77.179575,6.659999847412109,2061.870117,2021-12-10,0.9582870006561279,5,124345376.261815
32.222697,77.198643,4.519999980926514,1896.507202,2021-12-10,0.9576820135116577,8,124345376.749419
32.222537994384766,77.207863,11.779999732971191,2023.910034,2021-12-10,0.9595360159873962,11,124345376.786616
32.222373,77.220967,39.52000045776367,2453.226807,2021-12-25,0.9567090272903442,2,125705391.450933
32.22195816040039,77.240214,38.43000030517578,3041.302734,2021-12-25,0.9505509734153748,5,125705391.934399
32.222708,77.179138,9.199999809265137,2037.799316,2021-12-10,0.9860029816627502,5,124345376.253551
32.222838,77.169054,19.049999,2251.114746,2021-12-10,0.965578019618988,3,124345375.799016
32.222361,77.188068,8.0,1813.169678,2021-12-10,0.9884399771690369,6,124345376.290739
32.222333,77.198213,6.059999942779541,1889.465332,2021-12-10,0.9696379899978638,8,124345376.741153
32.222173,77.207429,13.279999732971191,2007.999146,2021-12-10,0.9508330225944519,11,124345376.77835
32.222712,77.159582,21.59000015258789,2518.541992,2021-12-10,0.9749659895896912,2,124345375.753553
32.22247314453125,77.168614,13.729999542236328,2229.496338,2021-12-10,0.9531710147857666,3,124345375.79075
32.22234344482422,77.178707,9.3100004196167,2029.682373,2021-12-10,0.9563329815864563,5,124345376.245287
32.221968,77.19778442382812,4.039999961853027,1886.575928,2021-12-10,0.959069013595581,8,124345376.732887
32.221807,77.206997,10.289999961853027,2000.512085,2021-12-10,0.9629639983177185,11,124345376.770084
32.2218132019043,77.211822,11.220000267028809,2158.37793,2021-12-25,0.9613549709320068,1,125705391.628609
32.221612,77.22006225585938,14.260000228881836,2342.856689,2021-12-25,0.9573860168457031,2,125705391.434405
32.22235107421875,77.159116,46.919998,2413.658691,2021-12-10,0.9676859974861145,2,124345375.745287
32.22199630737305,77.187648,3.25,1833.043213,2021-12-10,0.9649490118026733,6,124345376.282475
32.222108,77.168183,14.739999771118164,2219.804199,2021-12-10,0.960997998714447,3,124345375.782484
32.22197723388672,77.178264,7.369999885559082,2000.140991,2021-12-10,0.955452024936676,5,124345376.237023
32.221631,77.18722534179688,5.010000228881836,1838.293701,2021-12-10,0.9528480172157288,6,124345376.274211
32.22160339355469,77.197355,4.75,1880.684326,2021-12-10,0.9598979949951172,8,124345376.724621
32.221442,77.206567,11.970000267028809,1994.007935,2021-12-10,0.9611499905586243,11,124345376.761818
32.221236,77.219615,18.110001,2293.095459,2021-12-25,0.9653000235557556,2,125705391.426141
32.22106170654297,77.228818,23.610001,2548.508301,2021-12-25,0.9651139974594116,3,125705391.463329
32.221612,77.177821,5.650000095367432,1969.464233,2021-12-10,0.9788519740104675,5,124345376.228759
32.221239,77.196928,12.869999885559082,1873.766968,2021-12-10,0.9577170014381409,8,124345376.716355
32.22107696533203,77.206133,17.920000076293945,1971.903442,2021-12-10,0.9742000102996826,11,124345376.753552
32.220698,77.228395,31.510000228881836,2552.649414,2021-12-25,0.96697598695755,3,125705391.455065
32.221266,77.186805,11.479999542236328,1844.843994,2021-12-10,0.9566850066184998,6,124345376.265947
32.220421,77.23839569091797,26.110001,2783.945068,2021-12-25,0.9561610221862793,5,125705391.901335
32.221378,77.167329,13.989999771118164,2217.967041,2021-12-10,0.9519619941711426,3,124345375.765952
32.221246,77.177391,17.469999,1952.104004,2021-12-10,0.9812830090522766,5,124345376.220495
32.220874,77.196499,13.760000228881836,1867.816528,2021-12-10,0.9648609757423401,8,124345376.708089
32.220711,77.205699,19.75,1957.878662,2021-12-10,0.9608889818191528,11,124345376.745286
32.221246,77.157947,24.280001,2662.566406,2021-12-10,0.9601529836654663,2,124345375.720489
32.220901,77.186377,4.789999961853027,1848.872925,2021-12-10,0.962660014629364,6,124345376.257683
32.220062255859375,77.237977,22.969999,2807.106689,2021-12-25,0.9521589875221252,5,125705391.893069
32.221013,77.166895,20.31999969482422,2198.22876,2021-12-10,0.972802996635437,3,124345375.757686
32.220882415771484,77.176967,16.649999618530273,1956.824463,2021-12-10,0.9827150106430054,5,124345376.212231
32.220536,77.18595123291016,6.130000114440918,1846.671875,2021-12-10,0.9573829770088196,6,124345376.249419
32.22050857543945,77.196073,18.219999,1865.387695,2021-12-10,0.9656270146369934,8,124345376.699823
32.220347,77.205272,10.550000190734863,1967.315186,2021-12-10,0.9711139798164368,11,124345376.73702
32.220327,77.210066,20.309999,2039.218872,2021-12-25,0.9592549800872803,1,125705391.595553
32.219938,77.227492,16.579999923706055,2436.846924,2021-12-25,0.9846479892730713,3,125705391.438537
32.220647,77.166484,48.650002,2202.987305,2021-12-10,0.9543200135231018,3,124345375.74942
32.220517,77.176552,14.699999809265137,1982.979492,2021-12-10,0.9581869840621948,5,124345376.203967
32.220144,77.195637,5.909999847412109,1858.571167,2021-12-10,0.9572939872741699,8,124345376.691557
32.2199821472168,77.204845,13.579999923706055,1962.269531,2021-12-10,0.9710509777069092,11,124345376.728754
32.21955871582031,77.227044,9.90999984741211,2385.548096,2021-12-25,0.9649569988250732,3,125705391.430273
32.219327,77.23711395263672,11.180000305175781,2800.739258,2021-12-25,0.9529579877853394,5,125705391.876537
32.220279,77.166095,25.030001,2305.686523,2021-12-10,0.961683988571167,3,124345375.741154
32.220153,77.176172,26.600000381469727,2061.89209,2021-12-10,0.9774670004844666,5,124345376.195703
32.219779,77.195207,15.819999694824219,1842.667969,2021-12-10,0.9613400101661682,8,124345376.683291
32.219618,77.204418,11.40999984741211,1963.422241,2021-12-10,0.9744889736175537,11,124345376.720488
32.219396,77.217451,8.720000267028809,2230.367676,2021-12-25,0.958154022693634,2,125705391.384821
32.219197,77.22662353515625,11.489999771118164,2393.828125,2021-12-25,0.965025007724762,3,125705391.422009
32.218968,77.236696,50.060001,2783.816162,2021-12-25,0.9577940106391907,5,125705391.868271
32.219912,77.16569519042969,23.950001,2362.430176,2021-12-10,0.9633529782295227,3,124345375.732888
32.219791412353516,77.17578887939453,56.799999,2120.874268,2021-12-10,0.9880049824714661,5,124345376.187439
32.219442,77.184679,15.859999656677246,1854.820923,2021-12-10,0.9577760100364685,6,124345376.224627
32.219412,77.19476318359375,5.53000020980835,1814.403931,2021-12-10,0.9611279964447021,8,124345376.675025
32.219253,77.203986,6.019999980926514,1960.153442,2021-12-10,0.9693379998207092,11,124345376.712222
32.219035,77.217029,11.40999984741211,2243.628174,2021-12-25,0.96424400806427,2,125705391.376557
32.218839,77.226202,14.260000228881836,2416.839599609375,2021-12-25,0.9623749852180481,3,125705391.413745
32.218595,77.236257,20.15999984741211,2787.220947,2021-12-25,0.9513289928436279,5,125705391.860005
32.219544,77.165304,28.440001,2432.974609,2021-12-10,0.9591709971427917,3,124345375.724622
32.219425201416016,77.175379,37.599998,2170.416992,2021-12-10,0.980027973651886,5,124345376.179175
32.219045,77.194317,26.370001,1762.4197998046875,2021-12-10,0.9548799991607666,8,124345376.666759
32.218888,77.203556,3.9200000762939453,1955.230469,2021-12-10,0.9725469946861267,11,124345376.703956
32.21867370605469,77.216607,8.1899995803833,2260.374023,2021-12-25,0.9625599980354309,2,125705391.368293
32.218479,77.225782,12.680000305175781,2439.294189,2021-12-25,0.9592170119285583,3,125705391.405481
32.219077,77.184257,12.050000190734863,1869.986694,2021-12-10,0.9744399785995483,6,124345376.216363
32.21822738647461,77.235826,14.180000305175781,2782.911133,2021-12-25,0.9511690139770508,5,125705391.851739
32.219061,77.174976,47.630001,2205.482178,2021-12-10,0.9828770160675049,5,124345376.170911
32.218523,77.203127,5.650000095367432,1947.828735,2021-12-10,0.973825991153717,11,124345376.69569
32.218116,77.225357,6.510000228881836,2453.112061,2021-12-25,0.958171010017395,3,125705391.397217
32.217867,77.235404,29.40999984741211,2782.986572,2021-12-25,0.9538040161132812,5,125705391.843473
32.218696,77.174562,27.90999984741211,2250.088867,2021-12-10,0.9884809851646423,5,124345376.162647
32.218712,77.183839,8.600000381469727,1890.078125,2021-12-10,0.9813889861106873,6,124345376.208099
32.21881103515625,77.164501,29.75,2539.324463,2021-12-10,0.9545369744300842,3,124345375.70809
32.218348,77.183431,25.739999771118164,1910.939941,2021-12-10,0.959945023059845,6,124345376.199835
32.218158,77.202696,6.579999923706055,1937.246704,2021-12-10,0.9704570174217224,11,124345376.687424
32.217763,77.224946,47.56999969482422,2457.199219,2021-12-25,0.9604960083961487,3,125705391.388953
32.217502,77.234977,35.360001,2777.227539,2021-12-25,0.9594799876213074,5,125705391.835209
32.21844482421875,77.1640853881836,36.790001,2555.999512,2021-12-10,0.9689109921455383,3,124345375.699824
32.218333,77.1741714477539,54.740002,2292.512451,2021-12-10,0.987384021282196,5,124345376.154383
32.21779251098633,77.202265,8.899999618530273,1928.799683,2021-12-10,0.9594690203666687,11,124345376.679158
32.217593,77.215348,15.899999618530273,2312.032715,2021-12-25,0.954351007938385,2,125705391.343501
32.217984,77.183022,30.610001,1942.497925,2021-12-10,0.957476019859314,6,124345376.191571
32.21714401245117,77.234558,47.139999,2788.516846,2021-12-25,0.9602950215339661,5,125705391.826945
32.218078,77.163681,73.879997,2566.605225,2021-12-10,0.9663749933242798,3,124345375.691558
32.21796798706055,77.173756,54.630001,2318.544434,2021-12-10,0.9813699722290039,5,124345376.146119
32.217429,77.201839,13.199999809265137,1926.50769,2021-12-10,0.961430013179779,11,124345376.670892
32.217029,77.224085,38.099998,2447.627441,2021-12-25,0.9678019881248474,3,125705391.372425
32.216767,77.234114,13.770000457763672,2778.881592,2021-12-25,0.9604380130767822,5,125705391.818681
32.217603,77.17332458496094,31.469999,2331.416504,2021-12-10,0.9829000234603882,5,124345376.137855
32.217620849609375,77.18260955810547,49.130001,1953.828613,2021-12-10,0.9782729744911194,6,124345376.183307
32.217711,77.163277,26.420000076293945,2663.266846,2021-12-10,0.9593200087547302,3,124345375.683292
32.217254638671875,77.18218994140625,37.639999,1980.345337,2021-12-10,0.958873987197876,6,124345376.175043
32.217221,77.192171,2.2799999713897705,1762.450562,2021-12-10,0.9501320123672485,8,124345376.625431
32.217063,77.201406,9.130000114440918,1917.845825,2021-12-10,0.9647089838981628,11,124345376.662626
32.216655,77.223644,12.119999885559082,2436.456055,2021-12-25,0.9742220044136047,3,125705391.364161
32.216419,77.23371124267578,42.09000015258789,2809.386963,2021-12-25,0.9601579904556274,5,125705391.810417
32.21734619140625,77.16284942626953,32.740002,2656.767334,2021-12-10,0.9751870036125183,3,124345375.675026
32.217239,77.172921,62.0,2345.346924,2021-12-10,0.9858700037002563,5,124345376.129591
32.216697692871094,77.200976,9.199999809265137,1909.057007,2021-12-10,0.9659199714660645,11,124345376.65436
32.21651077270508,77.214086,11.600000381469727,2365.495361,2021-12-25,0.9702460169792175,2,125705391.318709
32.216891,77.18177795410156,35.470001,2016.883057,2021-12-10,0.9846950173377991,6,124345376.166779
32.2160530090332,77.233281,33.040001,2812.956787,2021-12-25,0.9566059708595276,5,125705391.802153
32.216981,77.162429,12.420000076293945,2690.074463,2021-12-10,0.9719650149345398,3,124345375.66676
32.216874,77.17251586914062,55.450001,2394.715088,2021-12-10,0.9822160005569458,5,124345376.121327
32.216493,77.191324,17.31999969482422,1757.362061,2021-12-10,0.95135098695755,8,124345376.608903
32.216144,77.213656,13.880000114440918,2355.431641,2021-12-25,0.9638620018959045,2,125705391.310445
32.215936,77.222805,16.309999,2475.309082,2021-12-25,0.9688050150871277,3,125705391.347633
32.21567916870117,77.232842,8.899999618530273,2808.051025,2021-12-25,0.952767014503479,5,125705391.793889
32.21651077270508,77.172109,45.689999,2443.950684,2021-12-10,0.9747120141983032,5,124345376.113063
32.21652603149414,77.181361,40.299999,2026.997314,2021-12-10,0.9809799790382385,6,124345376.158515
32.216613,77.162041,38.400002,2745.954346,2021-12-10,0.9548239707946777,3,124345375.658494
32.216161,77.180936,34.650002,2036.803101,2021-12-10,0.9867799878120422,6,124345376.150251
32.216128,77.190896,6.840000152587891,1764.193726,2021-12-10,0.9693359732627869,8,124345376.600639
32.215968,77.200114,4.21999979019165,1897.046265,2021-12-10,0.9673309922218323,11,124345376.637828
32.215582,77.222395,29.899999618530273,2507.326416,2021-12-25,0.9662529826164246,3,125705391.339369
32.215314,77.232413,10.550000190734863,2803.313477,2021-12-25,0.9608719944953918,5,125705391.785625
32.215086,77.241497,8.149999618530273,3133.774414,2021-12-25,0.9727810025215149,6,125705391.822813
32.216247,77.161627,29.969999,2782.81665,2021-12-10,0.961463987827301,3,124345375.650228
32.21614456176758,77.171697,48.15999984741211,2470.776611,2021-12-10,0.9583680033683777,5,124345376.104799
32.21560287475586,77.199685,5.679999828338623,1890.745728,2021-12-10,0.9659870266914368,11,124345376.629563
32.215415954589844,77.212805,9.239999771118164,2367.905518,2021-12-25,0.9752870202064514,2,125705391.293917
32.215229,77.221986,43.40999984741211,2543.615723,2021-12-25,0.9558519721031189,3,125705391.331105
32.215797424316406,77.180523,42.279999,2055.539551,2021-12-10,0.987742006778717,6,124345376.141987
32.2149543762207,77.231993,8.489999771118164,2822.350586,2021-12-25,0.9652280211448669,5,125705391.777361
32.214719,77.2410659790039,9.239999771118164,3124.221924,2021-12-25,0.9696189761161804,6,125705391.814549
32.21588134765625,77.161226,35.360001,2831.438477,2021-12-10,0.965939998626709,3,124345375.641962
32.215781,77.171272,39.959999,2482.358154,2021-12-10,0.986519992351532,5,124345376.096535
32.215398,77.190039,9.3100004196167,1755.07605,2021-12-10,0.9550690054893494,8,124345376.584111
32.215238,77.199254,6.389999866485596,1881.220215,2021-12-10,0.9587380290031433,11,124345376.621299
32.21460723876953,77.2315902709961,46.43000030517578,2845.315186,2021-12-25,0.953781008720398,5,125705391.769097
32.215415954589844,77.170856,49.619999,2493.516113,2021-12-10,0.9640899896621704,5,124345376.088271
32.215432,77.180092,16.84000015258789,2074.31958,2021-12-10,0.9875100255012512,6,124345376.133723
32.21435546875,77.240639,6.019999980926514,3129.996094,2021-12-25,0.9731330275535583,6,125705391.806285
32.21551513671875,77.160804,32.110001,2845.930176,2021-12-10,0.9561880230903625,3,124345375.633696
32.215067,77.179678,18.559999,2098.160889,2021-12-10,0.9800620079040527,6,124345376.125459
32.21503448486328,77.189622,39.880001,1741.458374,2021-12-10,0.9590520262718201,8,124345376.575847
32.214499,77.221131,25.190001,2558.81543,2021-12-25,0.9647830128669739,3,125705391.314577
32.214232,77.231149,11.600000381469727,2843.3125,2021-12-25,0.9637839794158936,5,125705391.760833
32.213991,77.240213,8.039999961853027,3130.473389,2021-12-25,0.968146026134491,6,125705391.798021
32.215149,77.16038513183594,21.479999542236328,2873.109131,2021-12-10,0.9638789892196655,3,124345375.625432
32.215051,77.170436,36.40999984741211,2520.5625,2021-12-10,0.9904980063438416,5,124345376.080007
32.214667,77.189175,9.270000457763672,1734.672485,2021-12-10,0.9528080224990845,8,124345376.567583
32.214508056640625,77.198392,4.260000228881836,1866.636108,2021-12-10,0.9555649757385254,11,124345376.604771
32.214704,77.17928314208984,28.399999618530273,2145.975342,2021-12-10,0.9552000164985657,6,124345376.117195
32.213871002197266,77.230725,14.850000381469727,2847.625,2021-12-25,0.959792971611023,5,125705391.752569
32.213625,77.23978424072266,18.479999542236328,3115.437744,2021-12-25,0.9598469734191895,6,125705391.789757
32.214782,77.15999603271484,55.759998,2919.922852,2021-12-10,0.9772760272026062,3,124345375.617168
32.21468734741211,77.170026,29.370001,2560.44165,2021-12-10,0.9804210066795349,5,124345376.071743
32.214339,77.17886352539062,23.760000228881836,2164.396973,2021-12-10,0.9660940170288086,6,124345376.108931
32.214143,77.197963,5.71999979019165,1860.071899,2021-12-10,0.9591159820556641,11,124345376.596507
32.214322,77.169621,35.619999,2595.890381,2021-12-10,0.9813709855079651,5,124345376.063479
32.213592,77.2106704711914,32.740002,2345.658447,2021-12-25,0.9665690064430237,2,125705391.252597
32.213412,77.219861,8.149999618530273,2606.983643,2021-12-25,0.9627959728240967,3,125705391.289785
32.213256,77.239351,6.960000038146973,3112.668945,2021-12-25,0.9701970219612122,6,125705391.781493
32.214416,77.159583,34.84000015258789,2970.589599609375,2021-12-10,0.9748349785804749,3,124345375.608904
32.21397399902344,77.178439,6.989999771118164,2192.52124,2021-12-10,0.9654620289802551,6,124345376.100667
32.213937,77.188323,18.700001,1727.665283,2021-12-10,0.976822018623352,8,124345376.551055
32.213777,77.197531,4.369999885559082,1850.761475,2021-12-10,0.969452977180481,11,124345376.588243
32.212894439697266,77.238927,17.959999,3108.615234,2021-12-25,0.9690300226211548,6,125705391.773229
32.214051,77.15916442871094,15.979999542236328,3005.47998,2021-12-10,0.9766150116920471,3,124345375.60064
32.213957,77.169198,14.289999961853027,2621.88501,2021-12-10,0.9866819977760315,5,124345376.055215
32.213412,77.197101,4.070000171661377,1844.006104,2021-12-10,0.964601993560791,11,124345376.579979
32.21335983276367,77.201878,6.769999980926514,1894.360962,2021-12-25,0.9601280093193054,1,125705391.438537
32.21304702758789,77.219432,10.100000381469727,2600.726562,2021-12-25,0.9556879997253418,3,125705391.281521
32.212777,77.229444,7.590000152587891,2856.956543,2021-12-25,0.9685570001602173,5,125705391.727777
32.2136116027832,77.178023,7.260000228881836,2214.542725,2021-12-10,0.98683100938797,6,124345376.092403
32.212528228759766,77.238501,22.559999,3105.224609,2021-12-25,0.9679080247879028,6,125705391.764965
32.213685,77.158751,21.81999969482422,3031.077637,2021-12-10,0.975754976272583,3,124345375.592376
32.213592529296875,77.16879272460938,27.870001,2646.520508,2021-12-10,0.9571539759635925,5,124345376.046951
32.2132453918457,77.1776123046875,15.680000305175781,2232.645508,2021-12-10,0.9868410229682922,6,124345376.084139
32.21304702758789,77.196671,4.190000057220459,1836.671509,2021-12-10,0.9677879810333252,11,124345376.571715
32.212413,77.229018,7.289999961853027,2860.38916,2021-12-25,0.9551550149917603,5,125705391.719513
32.213228,77.168385,44.709999,2672.889404,2021-12-10,0.9542319774627686,5,124345376.038687
32.212681,77.196241,3.0299999713897705,1831.212769,2021-12-10,0.9645609855651855,11,124345376.563451
32.212318420410156,77.218583,10.890000343322754,2613.706543,2021-12-25,0.9663689732551575,3,125705391.264993
32.212163,77.238071,10.880000114440918,3111.949707,2021-12-25,0.9705169796943665,6,125705391.756701
32.213319,77.158331,18.149999618530273,3049.461182,2021-12-10,0.96772700548172,3,124345375.584112
32.212881,77.177186,4.900000095367432,2250.584473,2021-12-10,0.9651619791984558,6,124345376.075875
32.2120475769043,77.22859191894531,8.75,2856.546143,2021-12-25,0.9518759846687317,5,125705391.711249
32.211801,77.237646,9.800000190734863,3117.797119,2021-12-25,0.9728469848632812,6,125705391.748437
32.212954,77.157907,6.059999942779541,3068.095215,2021-12-10,0.9612119793891907,3,124345375.575848
32.212479,77.186627,20.350000381469727,1743.909912,2021-12-10,0.9855290055274963,8,124345376.517999
32.212316,77.195811,4.639999866485596,1824.119507,2021-12-10,0.965794026851654,11,124345376.555187
32.212259,77.200585,5.909999847412109,1869.21936,2021-12-25,0.9544050097465515,1,125705391.413745
32.211959,77.218162,7.21999979019165,2634.239014,2021-12-25,0.967464029788971,3,125705391.256729
32.211684,77.228163,5.380000114440918,2859.290283,2021-12-25,0.9517560005187988,5,125705391.702985
32.21249771118164,77.167533,48.419998,2671.550781,2021-12-10,0.9652180075645447,5,124345376.022159
32.212516,77.176763,9.239999771118164,2253.999023,2021-12-10,0.9617969989776611,6,124345376.067611
32.2114372253418,77.237221,18.629999,3113.346436,2021-12-25,0.9649580121040344,6,125705391.740173
32.212151,77.176353,43.47999954223633,2255.220215,2021-12-10,0.9804220199584961,6,124345376.059347
32.21211624145508,77.18621826171875,42.580002,1760.562256,2021-12-10,0.9858319759368896,8,124345376.509735
32.211951,77.195381,4.900000095367432,1816.247192,2021-12-10,0.9632890224456787,11,124345376.546923
32.211892,77.200154,6.840000152587891,1860.668335,2021-12-25,0.954774022102356,1,125705391.405481
32.21159744262695,77.21774291992188,9.020000457763672,2644.037354,2021-12-25,0.9736739993095398,3,125705391.248465
32.21131896972656,77.227737,4.519999980926514,2862.695801,2021-12-25,0.9611939787864685,5,125705391.694721
32.211077,77.23680114746094,13.199999809265137,3133.328857,2021-12-25,0.9682639837265015,6,125705391.731909
32.212132,77.167087,14.289999961853027,2668.716553,2021-12-10,0.9625340104103088,5,124345376.013895
32.211752,77.185802,9.270000457763672,1809.725098,2021-12-10,0.9827600121498108,8,124345376.501471
32.211585,77.194952,4.900000095367432,1811.260742,2021-12-10,0.9662200212478638,11,124345376.538659
32.211787,77.175929,49.72999954223633,2253.770996,2021-12-10,0.9861230254173279,6,124345376.051083
32.210958,77.227313,8.229999542236328,2865.517578,2021-12-25,0.9636350274085999,5,125705391.686457
32.210713,77.236372,11.970000267028809,3134.040039,2021-12-25,0.9668970108032227,6,125705391.723645
32.211768,77.166679,31.059999,2687.177246,2021-12-10,0.9816110134124756,5,124345376.005631
32.211387634277344,77.185383,10.25,1822.186035,2021-12-10,0.9623960256576538,8,124345376.493207
32.211219787597656,77.194522,5.420000076293945,1805.016968,2021-12-10,0.9638329744338989,11,124345376.530395
32.21086502075195,77.216882,7.889999866485596,2634.499512,2021-12-25,0.9566460251808167,3,125705391.231937
32.210603,77.22689819335938,31.649999618530273,2876.897461,2021-12-25,0.9676060080528259,5,125705391.678193
32.211402893066406,77.166283,19.190001,2757.652832,2021-12-10,0.9641919732093811,5,124345375.997367
32.211421,77.17548370361328,7.78000020980835,2249.746826,2021-12-10,0.9612600207328796,6,124345376.042819
32.210347,77.235944,5.760000228881836,3135.959229,2021-12-25,0.9693859815597534,6,125705391.715381
32.211493,77.156233,5.230000019073486,3145.148438,2021-12-10,0.9541019797325134,3,124345375.542792
32.211055755615234,77.175056,9.130000114440918,2253.383789,2021-12-10,0.9503430128097534,6,124345376.034555
32.21102523803711,77.184976,39.31999969482422,1831.348145,2021-12-10,0.9828330278396606,8,124345376.484943
32.210853576660156,77.194092,4.519999980926514,1798.755127,2021-12-10,0.9646419882774353,11,124345376.522131
32.210501,77.216455,6.28000020980835,2638.408936,2021-12-25,0.9618290066719055,3,125705391.223673
32.210246,77.226482,53.169998,2878.118408,2021-12-25,0.9571359753608704,5,125705391.669929
32.209986,77.235521,6.920000076293945,3148.011475,2021-12-25,0.9624040126800537,6,125705391.707117
32.211039,77.1658935546875,26.790001,2815.783936,2021-12-10,0.9857620000839233,5,124345375.989103
32.210666,77.184592,74.720001,1875.469727,2021-12-10,0.982895016670227,8,124345376.476679
32.210489,77.193661,25.06999969482422,1767.318726,2021-12-10,0.9720919728279114,11,124345376.513867
32.210135,77.216026,22.34000015258789,2615.871826,2021-12-25,0.967208981513977,3,125705391.215409
32.210692,77.174673,61.450001,2288.727051,2021-12-10,0.9825940132141113,6,124345376.026291
32.209881,77.226055,40.0,2891.681396,2021-12-25,0.9624300003051758,5,125705391.661665
32.209628,77.235102,13.09000015258789,3160.570312,2021-12-25,0.9590409994125366,6,125705391.698853
32.21067428588867,77.165484,53.77000045776367,2828.792969,2021-12-10,0.9861570000648499,5,124345375.980839
32.210303,77.184182,39.700001,1944.69458,2021-12-10,0.981410026550293,8,124345376.468415
32.210121,77.193216,8.260000228881836,1749.846558,2021-12-10,0.9724940061569214,11,124345376.505603
32.20988845825195,77.206313,14.369999885559082,2137.031006,2021-12-25,0.9619569778442383,2,125705391.169957
32.209758,77.215582,24.850000381469727,2565.505615,2021-12-25,0.9757050275802612,3,125705391.207145
32.209510803222656,77.225619,8.149999618530273,2900.447998,2021-12-25,0.9691339731216431,5,125705391.653401
32.210309,77.165064,44.529999,2850.779297,2021-12-10,0.9830430150032043,5,124345375.972575
32.210328,77.17425537109375,33.299999,2335.244385,2021-12-10,0.98158198595047,6,124345376.018027
32.209264,77.234675,7.590000152587891,3168.029541,2021-12-25,0.9667440056800842,6,125705391.690589
32.209963,77.173846,15.229999542236328,2389.904541,2021-12-10,0.9871670007705688,6,124345376.009763
32.20994186401367,77.183769,44.47999954223633,1965.280762,2021-12-10,0.9819380044937134,8,124345376.460151
32.209754943847656,77.192786,18.670000076293945,1733.388184,2021-12-10,0.9686040282249451,11,124345376.497339
32.209388,77.215146,36.150002,2530.555908,2021-12-25,0.9509360194206238,3,125705391.198881
32.209149,77.225197,7.03000020980835,2912.418701,2021-12-25,0.9620829820632935,5,125705391.645137
32.208901,77.2342529296875,10.100000381469727,3170.583984,2021-12-25,0.9679250121116638,6,125705391.682325
32.209944,77.164645,28.360001,2883.156006,2021-12-10,0.9841480255126953,5,124345375.964311
32.20957565307617,77.183352,41.299999,1985.626221,2021-12-10,0.9846130013465881,8,124345376.451887
32.209388,77.192343,13.539999961853027,1704.540161,2021-12-10,0.9662619829177856,11,124345376.489075
32.209153,77.205446,18.040001,2099.038818,2021-12-25,0.9524419903755188,2,125705391.153429
32.209599,77.173452,56.84000015258789,2412.796387,2021-12-10,0.9850289821624756,6,124345376.001499
32.208784,77.224769,6.320000171661377,2911.61499,2021-12-25,0.9717900156974792,5,125705391.636873
32.208536,77.233823,7.699999809265137,3171.43457,2021-12-25,0.9560310244560242,6,125705391.674061
32.209579,77.164231,24.129999,2909.724854,2021-12-10,0.9673219919204712,5,124345375.956047
32.209212,77.182932,38.720001,2001.977051,2021-12-10,0.9807919859886169,8,124345376.443623
32.208417,77.224338,7.550000190734863,2899.931396,2021-12-25,0.9560220241546631,5,125705391.628609
32.209214,77.163829,46.360001,2935.864258,2021-12-10,0.9676390290260315,5,124345375.947783
32.20817565917969,77.233402,11.449999809265137,3182.399902,2021-12-25,0.9526990056037903,6,125705391.665797
32.208869,77.172618,35.509998,2472.449219,2021-12-10,0.9858459830284119,6,124345375.984971
32.20884704589844,77.18251037597656,46.84000015258789,2002.056641,2021-12-10,0.9809659719467163,8,124345376.435359
32.208657,77.191483,3.619999885559082,1703.643799,2021-12-10,0.9649549722671509,11,124345376.472547
32.208413,77.20457458496094,19.760000228881836,2053.489746,2021-12-25,0.9722530245780945,2,125705391.136901
32.207812,77.232975,8.1899995803833,3187.32959,2021-12-25,0.9619380235671997,6,125705391.657533
32.208849,77.16341400146484,44.0,2959.797119,2021-12-10,0.9676899909973145,5,124345375.939519
32.208484,77.182101,52.189999,2029.917969,2021-12-10,0.9636390209197998,8,124345376.427095
32.208291,77.191057,3.2100000381469727,1703.564331,2021-12-10,0.9679170250892639,11,124345376.464283
32.208505,77.172208,35.549999,2507.231934,2021-12-10,0.9778540134429932,6,124345375.976707
32.207451,77.232552,17.100000381469727,3188.44873,2021-12-25,0.9611110091209412,6,125705391.649269
32.208484,77.162992,43.740002,2969.495361,2021-12-10,0.9834070205688477,5,124345375.931255
32.2081413269043,77.171795,28.65999984741211,2541.140869,2021-12-10,0.9843940138816833,6,124345375.968443
32.2081184387207,77.18167877197266,41.790001,2051.749756,2021-12-10,0.9865639805793762,8,124345376.418831
32.207528,77.212957,13.510000228881836,2405.130615,2021-12-25,0.959867000579834,3,125705391.157561
32.208118,77.162565,19.899999618530273,2992.551514,2021-12-10,0.9667869806289673,5,124345375.922991
32.207072,77.232106,11.0,3144.595459,2021-12-25,0.9553340077400208,6,125705391.641005
32.2077751159668,77.171381,6.059999942779541,2588.983643,2021-12-10,0.9674050211906433,6,124345375.960179
32.207753,77.18124389648438,60.279999,2015.879761,2021-12-10,0.9569879770278931,8,124345376.410567
32.207562,77.190209,17.770000457763672,1701.043457,2021-12-10,0.9585490226745605,11,124345376.447755
32.2069206237793,77.222575,36.81999969482422,2733.873291,2021-12-25,0.9510890245437622,5,125705391.595553
32.20783615112305,77.152071,8.380000114440918,3377.682373,2021-12-10,0.9572129845619202,3,124345375.460152
32.207753,77.16215515136719,33.40999984741211,3009.572754,2021-12-10,0.9824060201644897,5,124345375.914727
32.207392,77.180849,41.490002,2093.929443,2021-12-10,0.960644006729126,8,124345376.402303
32.207198,77.189792,17.129999,1719.258911,2021-12-10,0.9564849734306335,11,124345376.439491
32.206790924072266,77.21208953857422,28.93000030517578,2353.613037,2021-12-25,0.9622830152511597,3,125705391.141033
32.207411,77.170986,34.610001,2624.314941,2021-12-10,0.9804610013961792,6,124345375.951915
32.20701599121094,77.185045,10.729999542236328,1811.015137,2021-12-25,0.9615169763565063,0,125705391.252597
32.206323,77.231227,35.509998,3053.110596,2021-12-25,0.9569519758224487,6,125705391.624477
32.207388,77.161733,9.800000190734863,3042.181641,2021-12-10,0.9723439812660217,5,124345375.906463
32.20704650878906,77.170583,34.43000030517578,2671.497559,2021-12-10,0.9769369959831238,6,124345375.943651
32.207028,77.180432,38.200001,2116.244141,2021-12-10,0.9787060022354126,8,124345376.394039
32.206834,77.189372,15.899999618530273,1733.001099,2021-12-10,0.9638519883155823,11,124345376.431227
32.206418,77.211652,29.639999,2323.217773,2021-12-25,0.9618819952011108,3,125705391.132769
32.20702362060547,77.161342,44.450001,3078.199219,2021-12-10,0.9845219850540161,5,124345375.898199
32.206664,77.180012,49.689999,2115.075928,2021-12-10,0.9806770086288452,8,124345376.385775
32.205934,77.230767,25.219999,2978.62915,2021-12-25,0.9529780149459839,6,125705391.616213
32.20566177368164,77.240503,13.5,3186.245361,2021-12-25,0.9635480046272278,8,125705392.054256
32.206682,77.170165,36.259998,2687.776367,2021-12-10,0.9607030153274536,6,124345375.935387
32.206472,77.188967,20.799999,1772.556274,2021-12-10,0.9697250127792358,11,124345376.422963
32.205792,77.221247,36.029999,2616.954834,2021-12-25,0.9511740207672119,5,125705391.570761
32.205556,77.230324,17.879999,2941.543213,2021-12-25,0.9531869888305664,6,125705391.607949
32.206658,77.160923,32.810001,3102.928223,2021-12-10,0.9828959703445435,5,124345375.889935
32.206299,77.179589,45.5,2126.525635,2021-12-10,0.9614490270614624,8,124345376.377511
32.206298828125,77.184215,16.979999542236328,1857.674561,2021-12-25,0.9529560208320618,0,125705391.236069
32.206107,77.188542,5.309999942779541,1790.953247,2021-12-10,0.9666290283203125,11,124345376.414699
32.205304,77.240087,35.200001,3190.264893,2021-12-25,0.9581990242004395,8,125705392.04599
32.206316,77.169736,7.070000171661377,2709.247803,2021-12-10,0.9711859822273254,6,124345375.927123
32.205178,77.229879,8.149999618530273,2903.427734,2021-12-25,0.9584439992904663,6,125705391.599685
32.206293,77.160507,37.97999954223633,3119.182373,2021-12-10,0.9822909832000732,5,124345375.881671
32.205951,77.169317,8.529999732971191,2725.184082,2021-12-10,0.9803069829940796,6,124345375.918859
32.205931,77.179139,17.360001,2110.532715,2021-12-10,0.9860569834709167,8,124345376.369247
32.205742,77.188115,6.019999980926514,1789.605957,2021-12-10,0.9878759980201721,11,124345376.406435
32.205928,77.160068,9.130000114440918,3122.17749,2021-12-10,0.984824001789093,5,124345375.873407
32.205571,77.178755,94.209999,2113.213135,2021-12-10,0.9581990242004395,8,124345376.360983
32.204814,77.229452,35.619999,2876.783203,2021-12-25,0.9835469722747803,6,125705391.591421
32.204555,77.239211,29.959999,3141.026367,2021-12-25,0.9592220187187195,8,125705392.029458
32.205586,77.168895,5.349999904632568,2735.980957,2021-12-10,0.966621994972229,6,124345375.910595
32.205377,77.187689,8.9399995803833,1787.189819,2021-12-10,0.9860029816627502,11,124345376.398171
32.20465087890625,77.219898,29.59000015258789,2454.161865,2021-12-25,0.984046995639801,5,125705391.545969
32.205562591552734,77.15966033935547,25.110001,3141.941895,2021-12-10,0.9633870124816895,5,124345375.865143
32.20520782470703,77.17833709716797,82.349998,2147.803955,2021-12-10,0.9847840070724487,8,124345376.352719
32.205012,77.187267,20.989999771118164,1783.308838,2021-12-10,0.9849609732627869,11,124345376.389907
32.204436,77.229007,36.330002,2829.796143,2021-12-25,0.9831510186195374,6,125705391.583157
32.204184,77.238777,35.27000045776367,3118.680664,2021-12-25,0.9593759775161743,8,125705392.021192
32.205198,77.159258,32.220001,3183.631104,2021-12-10,0.9808440208435059,5,124345375.856878
32.205221,77.168471,5.800000190734863,2741.109375,2021-12-10,0.9596880078315735,6,124345375.902331
32.204272,77.219452,7.480000019073486,2430.271484,2021-12-25,0.9794350266456604,5,125705391.537705
32.204068,77.228576,39.139999,2816.919189,2021-12-25,0.9592689871788025,6,125705391.574893
32.204855,77.168049,6.840000152587891,2747.170654,2021-12-10,0.98362797498703,6,124345375.894067
32.204841,77.177901,55.860001,2151.854492,2021-12-10,0.9858229756355286,8,124345376.344455
32.204647064208984,77.186837,21.59000015258789,1776.626221,2021-12-10,0.988618016242981,11,124345376.381643
32.20380783081055,77.238337,50.869999,3070.601074,2021-12-25,0.9573420286178589,8,125705392.012926
32.204833,77.158848,34.540001,3212.083984,2021-12-10,0.9883700013160706,5,124345375.848612
32.203898,77.219011,11.109999656677246,2393.821777,2021-12-25,0.9767730236053467,5,125705391.529441
32.203694,77.228136,17.620001,2804.985352,2021-12-25,0.9856730103492737,6,125705391.566629
32.203432,77.237898,41.52000045776367,3051.432861,2021-12-25,0.9565920233726501,8,125705392.00466
32.204490661621094,77.16763305664062,7.369999885559082,2761.871094,2021-12-10,0.9864310026168823,6,124345375.885803
32.204282,77.186415,8.039999961853027,1800.106689,2021-12-10,0.9868220090866089,11,124345376.373379
32.20352554321289,77.218573,9.949999809265137,2367.914795,2021-12-25,0.9784989953041077,5,125705391.521177
32.2044677734375,77.158431,31.920000076293945,3234.062256,2021-12-10,0.9868280291557312,5,124345375.840346
32.204115,77.177077,50.169998,2212.895264,2021-12-10,0.9674980044364929,8,124345376.327927
32.203918,77.185998,17.579999923706055,1808.757446,2021-12-10,0.9838200211524963,11,124345376.365115
32.203333,77.227712,40.93000030517578,2792.408691,2021-12-25,0.9766359925270081,6,125705391.558365
32.204103,77.158018,26.709999,3264.874023,2021-12-10,0.9865520000457764,5,124345375.832079
32.204126,77.167233,40.299999,2789.447998,2021-12-10,0.9765310287475586,6,124345375.877539
32.202963,77.227278,35.810001,2777.88623,2021-12-25,0.9793400168418884,6,125705391.550101
32.203758239746094,77.166792,12.420000076293945,2786.804932,2021-12-10,0.9629359841346741,6,124345375.869275
32.20375061035156,77.176656,48.75,2224.263672,2021-12-10,0.9839289784431458,8,124345376.319663
32.203555,77.18558502197266,21.700001,1832.334229,2021-12-10,0.9844809770584106,11,124345376.356851
32.20323944091797,77.198492,4.0,1797.21228,2021-12-25,0.9647470116615295,2,125705391.021192
32.202617,77.236942,80.800003,2765.772461,2021-12-25,0.9583950042724609,8,125705391.988128
32.203737,77.157596,7.139999866485596,3294.214599609375,2021-12-10,0.9589269757270813,5,124345375.823813
32.203385,77.176232,57.990002,2219.589111,2021-12-10,0.9835619926452637,8,124345376.311399
32.203193,77.1851806640625,43.18000030517578,1853.295532,2021-12-10,0.9833790063858032,11,124345376.348587
32.202592,77.226842,18.139999,2774.750244,2021-12-25,0.9755079746246338,6,125705391.541837
32.20339584350586,77.166392,40.0,2813.036865,2021-12-10,0.985846996307373,6,124345375.861011
32.20222091674805,77.236478,13.760000228881836,2742.785400390625,2021-12-25,0.9557440280914307,8,125705391.979862
32.203372,77.157184,18.370001,3311.06665,2021-12-10,0.9637529850006104,5,124345375.815547
32.203018,77.175788,12.640000343322754,2233.658447,2021-12-10,0.9840620160102844,8,124345376.303135
32.20283126831055,77.184763,31.43000030517578,1881.859741,2021-12-10,0.9905120134353638,11,124345376.340323
32.202510833740234,77.197637,6.28000020980835,1792.29126,2021-12-25,0.954255998134613,2,125705391.00466
32.20222473144531,77.226412,33.669998,2752.521729,2021-12-25,0.9769290089607239,6,125705391.533573
32.201848,77.236042,17.129999,2719.583984,2021-12-25,0.9620699882507324,8,125705391.971596
32.203006744384766,77.156754,32.369999,3290.249023,2021-12-10,0.9688689708709717,5,124345375.807281
32.20302963256836,77.165973,41.349998,2827.448975,2021-12-10,0.9830189943313599,6,124345375.852745
32.202031,77.216814,6.989999771118164,2245.216309,2021-12-25,0.972648024559021,5,125705391.488121
32.202665,77.165551,41.990002,2835.277588,2021-12-10,0.9850490093231201,6,124345375.844479
32.202659606933594,77.175413,69.519997,2272.858154,2021-12-10,0.9865670204162598,8,124345376.294871
32.202469,77.18436431884766,49.689999,1920.173462,2021-12-10,0.9645199775695801,11,124345376.332059
32.201484,77.235616,24.649999618530273,2714.240723,2021-12-25,0.9659929871559143,8,125705391.96333
32.202641,77.156311,33.529999,3256.539795,2021-12-10,0.9562829732894897,5,124345375.799016
32.202295,77.174992,62.599998,2290.490723,2021-12-10,0.9838449954986572,8,124345376.286607
32.202108,77.183969,52.419998,1977.906738,2021-12-10,0.9878640174865723,11,124345376.323795
32.201659,77.216377,25.700001,2202.514648,2021-12-25,0.982246994972229,5,125705391.479857
32.201465,77.225517,15.859999656677246,2662.49707,2021-12-25,0.9812309741973877,6,125705391.517045
32.202301025390625,77.165133,42.290001,2850.987305,2021-12-10,0.9687920212745667,6,124345375.836213
32.201102,77.235168,40.02000045776367,2649.85083,2021-12-25,0.9547470211982727,8,125705391.955064
32.202275,77.155864,20.610001,3230.63623,2021-12-10,0.959621012210846,5,124345375.79075
32.20193099975586,77.174564,36.65999984741211,2310.464599609375,2021-12-10,0.9816049933433533,8,124345376.278343
32.201745,77.183558,44.040001,2016.499146,2021-12-10,0.9849470257759094,11,124345376.315531
32.201093,77.22508239746094,34.540001,2620.173584,2021-12-25,0.9545519948005676,6,125705391.508781
32.201909,77.155417,5.650000095367432,3205.130371,2021-12-10,0.9680119752883911,5,124345375.782484
32.201934814453125,77.164708,48.610001,2848.449951,2021-12-10,0.9831460118293762,6,124345375.827946
32.201568,77.174156,41.27000045776367,2344.441895,2021-12-10,0.9804800152778625,8,124345376.270079
32.200904846191406,77.215488,11.109999656677246,2132.528809,2021-12-25,0.9721090197563171,5,125705391.463329
32.200729,77.234732,41.779999,2627.013184,2021-12-25,0.9515920281410217,8,125705391.946798
32.201569,77.164284,48.240002,2854.330078,2021-12-10,0.9816009998321533,6,124345375.81968
32.201382,77.183139,47.290001,2025.979248,2021-12-10,0.9880110025405884,11,124345376.307267
32.20035171508789,77.234288,51.880001,2575.110107,2021-12-25,0.9604049921035767,8,125705391.938532
32.201545,77.155016,12.229999542236328,3248.813965,2021-12-10,0.966717004776001,5,124345375.774218
32.201204,77.173738,32.290001,2371.147461,2021-12-10,0.9790220260620117,8,124345376.261815
32.201016,77.182712,45.459999,2029.811523,2021-12-10,0.9858199954032898,11,124345376.299003
32.200543,77.215064,22.260000228881836,2129.367676,2021-12-25,0.9753389954566956,5,125705391.455065
32.200339,77.224193,40.369999,2527.427979,2021-12-25,0.9808019995689392,6,125705391.492253
32.201204,77.163852,41.84000015258789,2849.292236,2021-12-10,0.9868829846382141,6,124345375.811414
32.199954986572266,77.233825,24.389999,2517.190918,2021-12-25,0.9599850177764893,8,125705391.930266
32.20117950439453,77.154602,22.81999969482422,3261.135986,2021-12-10,0.9676600098609924,5,124345375.765951
32.200839,77.173317,15.109999656677246,2398.549805,2021-12-10,0.9521120190620422,8,124345376.253551
32.200651,77.182283,41.790001,2028.957397,2021-12-10,0.9864550232887268,11,124345376.290739
32.20054626464844,77.18685913085938,16.379999,1714.25708,2021-12-25,0.9556689858436584,1,125705391.149297
32.2001838684082,77.214644,38.349998,2131.244385,2021-12-25,0.973006010055542,5,125705391.446801
32.199948,77.223732,15.819999694824219,2465.055176,2021-12-25,0.9767439961433411,6,125705391.483989
32.200815,77.154177,13.579999923706055,3275.22583,2021-12-10,0.9557200074195862,5,124345375.757685
32.200839,77.163441,38.810001,2883.346924,2021-12-10,0.9663919806480408,6,124345375.803148
32.200477,77.172913,43.849998,2412.205811,2021-12-10,0.9784759879112244,8,124345376.245287
32.200565338134766,77.17756652832031,14.8100004196167,2274.917725,2021-12-25,0.9582260251045227,0,125705391.103845
32.1998176574707,77.214215,32.889999,2133.887451,2021-12-25,0.9805960059165955,5,125705391.438537
32.199591,77.233399,34.490002,2511.442383,2021-12-25,0.9540209770202637,8,125705391.922
32.20047378540039,77.163024,44.610001,2896.562744,2021-12-10,0.9833700060844421,6,124345375.794883
32.200286,77.181857,49.02000045776367,2021.82373,2021-12-10,0.9884480237960815,11,124345376.282475
32.199951,77.194643,4.340000152587891,1779.074707,2021-12-25,0.9587000012397766,2,125705390.946798
32.199584,77.22330474853516,51.669998,2429.873779,2021-12-25,0.9899629950523376,6,125705391.475725
32.199206,77.232947,3.440000057220459,2483.900879,2021-12-25,0.9548699855804443,8,125705391.913734
32.2004508972168,77.153772,25.81999969482422,3306.221924,2021-12-10,0.9624019861221313,5,124345375.749419
32.200116,77.172513,52.22999954223633,2452.162354,2021-12-10,0.9627770185470581,8,124345376.237023
32.199921,77.181428,40.299999,2026.318481,2021-12-10,0.9683390259742737,11,124345376.274211
32.199451,77.213784,33.639999,2122.899902,2021-12-25,0.9746260046958923,5,125705391.430273
32.199198,77.22284698486328,31.239999771118164,2377.555176,2021-12-25,0.9789509773254395,6,125705391.467461
32.200109,77.16259765625,33.22999954223633,2914.766602,2021-12-10,0.9828979969024658,6,124345375.786617
32.198829650878906,77.232508,37.669998,2420.188477,2021-12-25,0.9519219994544983,8,125705391.905468
32.2000846862793,77.153344,26.229999542236328,3302.80957,2021-12-10,0.9639400243759155,5,124345375.741153
32.199744,77.162165,30.870001,2899.426758,2021-12-10,0.9836410284042358,6,124345375.778351
32.199752,77.172092,37.860001,2479.643066,2021-12-10,0.9842489957809448,8,124345376.228759
32.199553,77.180985,9.130000114440918,2025.511719,2021-12-10,0.9732999801635742,11,124345376.265947
32.199077,77.213344,44.369999,2078.611328,2021-12-25,0.9501469731330872,5,125705391.422009
32.198822021484375,77.222408,31.350000381469727,2340.34375,2021-12-25,0.9825029969215393,6,125705391.459197
32.1997184753418,77.152907,16.350000381469727,3292.10791,2021-12-10,0.9732530117034912,5,124345375.732888
32.19939041137695,77.171689,45.869999,2515.154785,2021-12-10,0.991536021232605,8,124345376.220495
32.198697,77.212896,13.239999771118164,2059.719971,2021-12-25,0.9751920104026794,5,125705391.413745
32.198448,77.23206329345703,25.700001,2382.822266,2021-12-25,0.9545189738273621,8,125705391.897202
32.199378,77.1617202758789,9.430000305175781,2884.339844,2021-12-10,0.9636589884757996,6,124345375.770085
32.199189,77.180568,25.399999618530273,2027.672607,2021-12-10,0.9846130013465881,11,124345376.257683
32.198448181152344,77.221971,38.310001,2306.190186,2021-12-25,0.9627010226249695,6,125705391.450933
32.19798278808594,77.240762,35.90999984741211,2515.921631,2021-12-25,0.962988018989563,11,125705391.926133
32.199354,77.152475,19.979999542236328,3279.404541,2021-12-10,0.9707409739494324,5,124345375.724622
32.199027,77.171279,53.169998,2539.344971,2021-12-10,0.9874489903450012,8,124345376.212231
32.19882583618164,77.180153,18.40999984741211,2057.211182,2021-12-10,0.9883630275726318,11,124345376.249419
32.198319,77.21244812011719,10.470000267028809,2015.055786,2021-12-25,0.9760770201683044,5,125705391.405481
32.198072,77.221526,44.040001,2255.790527,2021-12-25,0.9799780249595642,6,125705391.442669
32.198066,77.231612,17.31999969482422,2340.561523,2021-12-25,0.9565839767456055,8,125705391.888936
32.199012,77.161289,22.670000076293945,2862.212158,2021-12-10,0.9841200113296509,6,124345375.761818
32.198489,77.192931,5.980000019073486,1767.744629,2021-12-25,0.9562000036239624,2,125705390.913734
32.197692,77.231174,34.0,2300.931885,2021-12-25,0.960777997970581,8,125705391.88067
32.197623,77.24034118652344,34.75,2529.67334,2021-12-25,0.9594240188598633,11,125705391.917867
32.19898986816406,77.152077,24.920000076293945,3329.57251,2021-12-10,0.9658970236778259,5,124345375.716356
32.198665,77.170875,57.209999,2578.535645,2021-12-10,0.9858750104904175,8,124345376.203967
32.198463439941406,77.179736,9.460000038146973,2086.562256,2021-12-10,0.9857249855995178,11,124345376.241155
32.197951,77.212019,23.639999,1990.885864,2021-12-25,0.9777010083198547,5,125705391.397217
32.197687,77.221073,14.850000381469727,2216.752686,2021-12-25,0.974236011505127,6,125705391.434405
32.252475,77.212935,14.34000015258789,3121.749023,2022-02-06,0.9600939750671387,5,129360321.272418
32.250623,77.210743,16.620001,2944.541016,2022-02-06,0.9565790295600891,5,129360321.231098
32.247659,77.207237,26.239999771118164,2650.924561,2022-02-06,0.9614779949188232,5,129360321.164986
32.247291564941406,77.206801,7.900000095367432,2639.364502,2022-02-06,0.9520620107650757,5,129360321.156722
32.246922,77.206369,9.6899995803833,2622.590088,2022-02-06,0.9560109972953796,5,129360321.148458
32.246554,77.205934,11.039999961853027,2595.891357,2022-02-06,0.9602599740028381,5,129360321.140194
32.246184,77.205498,14.40999984741211,2564.271729,2022-02-06,0.9689459800720215,5,129360321.13193
32.245446,77.204628,18.68000030517578,2508.313477,2022-02-06,0.9543330073356628,5,129360321.115402
32.245078,77.204195,11.270000457763672,2497.417969,2022-02-06,0.9518290162086487,5,129360321.107138
32.288814544677734,77.155753,6.610000133514404,2645.789551,2022-05-21,0.9540600180625916,5,138398573.702526
32.2880859375,77.193878,16.700001,2921.48584,2022-05-21,0.96567302942276,0,138398574.111649
32.288734436035156,77.14688873291016,30.969999,2625.05835,2022-05-21,0.9606080055236816,6,138398573.56617
32.288463,77.156169,5.820000171661377,2621.53125,2022-05-21,0.9621019959449768,5,138398573.71079
32.288084,77.184974,31.079999923706055,2598.633545,2022-05-21,0.9703480005264282,1,138398573.975279
32.288379,77.147309,57.610001,2577.433105,2022-05-21,0.9571160078048706,6,138398573.574434
32.288108825683594,77.15658569335938,5.820000171661377,2598.941895,2022-05-21,0.9609150290489197,5,138398573.719054
32.288042,77.147709,31.120001,2548.1521,2022-05-21,0.9596880078315735,6,138398573.582698
32.287752,77.157008,9.220000267028809,2582.48877,2022-05-21,0.9620230197906494,5,138398573.727318
32.287699,77.148114,7.239999771118164,2526.432129,2022-05-21,0.9578070044517517,6,138398573.590962
32.287398,77.15742492675781,16.879999,2553.213623,2022-05-21,0.9575560092926025,5,138398573.735582
32.287349700927734,77.148527,19.649999618530273,2483.8479,2022-05-21,0.9621509909629822,6,138398573.599226
32.287007,77.148933,6.949999809265137,2451.871826,2022-05-21,0.9721390008926392,6,138398573.60749
32.287048,77.157839,6.050000190734863,2534.907471,2022-05-21,0.954738974571228,5,138398573.743846
32.286703,77.158249,13.710000038146973,2490.306396,2022-05-21,0.9656040072441101,5,138398573.75211
32.286662,77.149341,13.220000267028809,2405.335205,2022-05-21,0.961929976940155,6,138398573.615754
32.286308,77.149758,7.880000114440918,2387.183594,2022-05-21,0.9609829783439636,6,138398573.624018
32.286354064941406,77.158662,10.199999809265137,2462.296143,2022-05-21,0.9578019976615906,5,138398573.760374
32.286005,77.159074,13.779999732971191,2427.978516,2022-05-21,0.9625430107116699,5,138398573.768638
32.286075,77.137241,35.029999,2922.687256,2022-05-21,0.9659469723701477,8,138398573.83889
32.285953,77.150177,4.929999828338623,2371.03833,2022-05-21,0.9563509821891785,6,138398573.632282
32.285669,77.159474,11.84000015258789,2373.692627,2022-05-21,0.9565050005912781,5,138398573.776902
32.285718,77.137661,29.799999,2913.365234,2022-05-21,0.9706559777259827,8,138398573.847156
32.285568,77.150629,55.330002,2362.981201,2022-05-21,0.9631710052490234,6,138398573.640546
32.285314,77.159892,11.880000114440918,2353.840332,2022-05-21,0.9559140205383301,5,138398573.785166
32.285356,77.138087,37.22999954223633,2901.66748,2022-05-21,0.9648200273513794,8,138398573.855422
32.285218,77.151042,8.960000038146973,2380.269043,2022-05-21,0.9619479775428772,6,138398573.64881
32.284974,77.160296,8.399999618530273,2309.641113,2022-05-21,0.9589210152626038,5,138398573.79343
32.285012,77.138492,10.039999961853027,2889.721436,2022-05-21,0.9635469913482666,8,138398573.863688
32.284862,77.151462,2.869999885559082,2370.322266,2022-05-21,0.9571329951286316,6,138398573.657074
32.284627,77.16070556640625,15.430000305175781,2267.82959,2022-05-21,0.9580919742584229,5,138398573.801694
32.284515380859375,77.151872,8.779999732971191,2328.146729,2022-05-21,0.9569420218467712,6,138398573.665338
32.284297,77.161098,18.75,2194.21167,2022-05-21,0.9658169746398926,5,138398573.809959
32.284646,77.138922,12.319999694824219,2890.169434,2022-05-21,0.9678450226783752,8,138398573.871954
32.28428268432617,77.139349,5.820000171661377,2894.484863,2022-05-21,0.9662299752235413,8,138398573.88022
32.284128,77.152326,14.9399995803833,2367.821777,2022-05-21,0.9576629996299744,6,138398573.673602
32.283935546875,77.161524,18.639999,2189.137939,2022-05-21,0.9695299863815308,5,138398573.818225
32.283246,77.199528,10.010000228881836,3079.602539,2022-05-21,0.9693639874458313,0,138398574.219081
32.283926,77.1397705078125,8.510000228881836,2877.352783,2022-05-21,0.9675970077514648,8,138398573.888486
32.283765,77.152753,5.0,2375.639893,2022-05-21,0.9634270071983337,6,138398573.681866
32.283571,77.161953,13.369999885559082,2194.37793,2022-05-21,0.9669529795646667,5,138398573.826491
32.282893,77.199946,37.880001,3027.562988,2022-05-21,0.9722710251808167,0,138398574.227345
32.283547,77.140215,38.610001,2874.739258,2022-05-21,0.9683930277824402,8,138398573.896752
32.283412,77.153169,8.220000267028809,2346.976074,2022-05-21,0.9593849778175354,6,138398573.69013
32.283187,77.162402,12.619999885559082,2233.597168,2022-05-21,0.9653800129890442,5,138398573.834757
32.283191,77.140633,38.580002,2857.700684,2022-05-21,0.9672719836235046,8,138398573.905018
32.283049,77.153597,30.709999,2322.841309,2022-05-21,0.9607009887695312,6,138398573.698394
32.282796,77.162858,10.460000038146973,2290.289062,2022-05-21,0.966264009475708,5,138398573.843023
32.282191,77.200778,12.619999885559082,2997.318115,2022-05-21,0.9700090289115906,0,138398574.243873
32.282843,77.141043,17.889999,2845.462402,2022-05-21,0.9690399765968323,8,138398573.913284
32.282711029052734,77.153999,3.5399999618530273,2298.351318,2022-05-21,0.9515089988708496,6,138398573.706658
32.281825,77.201207,24.200001,2986.068359,2022-05-21,0.9672340154647827,0,138398574.252137
32.282416,77.163302,13.630000114440918,2317.560547,2022-05-21,0.9576629996299744,5,138398573.851289
32.282496,77.141452,25.579999923706055,2804.546387,2022-05-21,0.969165027141571,8,138398573.92155
32.282353,77.1544189453125,5.409999847412109,2281.355225,2022-05-21,0.9619799852371216,6,138398573.714922
32.282039642333984,77.163743,15.020000457763672,2339.134521,2022-05-21,0.9661340117454529,5,138398573.859555
32.281465,77.201631,23.350000381469727,2977.436035,2022-05-21,0.9673579931259155,0,138398574.260401
32.282147,77.141862,33.869999,2765.543701,2022-05-21,0.9641029834747314,8,138398573.929816
32.281981,77.154856,18.299999,2282.38501,2022-05-21,0.9700459837913513,6,138398573.723186
32.28165817260742,77.164188,23.350000381469727,2364.003174,2022-05-21,0.9544240236282349,5,138398573.867821
32.281838,77.142226,13.630000114440918,2676.385254,2022-05-21,0.9588580131530762,8,138398573.938082
32.281604,77.155299,6.949999809265137,2320.808594,2022-05-21,0.9661890268325806,6,138398573.73145
32.2807731628418,77.202454,6.380000114440918,2920.89502,2022-05-21,0.9586439728736877,0,138398574.276929
32.281488,77.142637,29.020000457763672,2631.243164,2022-05-21,0.9665780067443848,8,138398573.946348
32.281285,77.164627,11.239999771118164,2395.124268,2022-05-21,0.9595310091972351,5,138398573.876087
32.280419,77.202873,12.100000381469727,2894.623047,2022-05-21,0.9622840285301208,0,138398574.285193
32.281227111816406,77.155742,6.119999885559082,2347.786377,2022-05-21,0.9649569988250732,6,138398573.739714
32.281103,77.1430892944336,38.130001,2661.438232,2022-05-21,0.9679409861564636,8,138398573.954614
32.280852,77.156181,8.550000190734863,2366.326172,2022-05-21,0.9656080007553101,6,138398573.747978
32.280071,77.203286,19.459999,2853.864746,2022-05-21,0.9693400263786316,0,138398574.293457
32.280752,77.143502,46.009998,2625.837402,2022-05-21,0.9719259738922119,8,138398573.96288
32.28047561645508,77.156623,10.380000114440918,2388.525879,2022-05-21,0.9638980031013489,6,138398573.756242
32.280203,77.165899,26.450001,2356.50293,2022-05-21,0.9578149914741516,5,138398573.900885
32.279701,77.203719,22.370001,2860.006836,2022-05-21,0.9551060199737549,0,138398574.301721
32.280405,77.14391326904297,33.68000030517578,2604.091553,2022-05-21,0.9664329886436462,8,138398573.971146
32.280097,77.157067,5.940000057220459,2423.80957,2022-05-21,0.9695199728012085,6,138398573.764506
32.279302,77.204176,52.490002,2889.851562,2022-05-21,0.9655860066413879,0,138398574.309985
32.279848,77.166318,21.370001,2343.387695,2022-05-21,0.9533960223197937,5,138398573.909151
32.280046,77.144333,57.400002,2569.681641,2022-05-21,0.9540960192680359,8,138398573.979412
32.279712,77.157518,24.84000015258789,2447.688232,2022-05-21,0.9653329849243164,6,138398573.77277
32.279508,77.166721,28.170000076293945,2287.493408,2022-05-21,0.9601029753684998,5,138398573.917417
32.278935,77.204607,29.879999,2916.06958,2022-05-21,0.959073007106781,0,138398574.318249
32.279647,77.144799,44.740002,2647.421143,2022-05-21,0.9654949903488159,8,138398573.987678
32.279349,77.157945,6.159999847412109,2463.619629,2022-05-21,0.9671880006790161,6,138398573.781034
32.279154,77.167138,21.739999771118164,2271.702637,2022-05-21,0.9538949728012085,5,138398573.925683
32.278654,77.189751,38.380001,2457.343994,2022-05-21,0.9554250240325928,2,138398573.855422
32.278548,77.205054,37.72999954223633,2946.667969,2022-05-21,0.9603859782218933,0,138398574.326513
32.279267,77.145246,28.790001,2694.0271,2022-05-21,0.9721559882164001,8,138398573.995944
32.278975,77.158384,5.409999847412109,2483.660400390625,2022-05-21,0.9689319729804993,6,138398573.789298
32.278801,77.167554,30.93000030517578,2238.076416,2022-05-21,0.9815670251846313,5,138398573.933949
32.278469,77.196221,42.93000030517578,2785.878662,2022-05-21,0.9635570049285889,1,138398574.190157
32.27817153930664,77.205494,37.619999,2971.179932,2022-05-21,0.9657189846038818,0,138398574.334777
32.278112,77.196642,13.710000038146973,2798.758545,2022-05-21,0.9680269956588745,1,138398574.198421
32.278907775878906,77.145667,23.110001,2685.690674,2022-05-21,0.9673190116882324,8,138398574.00421
32.278597,77.158827,13.1899995803833,2504.014893,2022-05-21,0.9628040194511414,6,138398573.797562
32.2784538269043,77.167964,27.120001,2207.207275,2022-05-21,0.9587500095367432,5,138398573.942215
32.277789,77.205936,38.439999,2997.502441,2022-05-21,0.9683730006217957,0,138398574.343041
32.27866744995117,77.137131,11.539999961853027,2879.159424,2022-05-21,0.9706779718399048,11,138398573.867821
32.278543,77.146096,44.959999,2663.63916,2022-05-21,0.9633030295372009,8,138398574.012476
32.27772903442383,77.197086,29.18000030517578,2814.196533,2022-05-21,0.9674080014228821,1,138398574.206685
32.27821731567383,77.159273,21.110001,2529.603516,2022-05-21,0.9875190258026123,6,138398573.805826
32.277549743652344,77.191045,11.960000038146973,2505.11084,2022-05-21,0.959667980670929,2,138398573.88022
32.278293,77.137571,26.399999618530273,2883.407227,2022-05-21,0.9683529734611511,11,138398573.876087
32.278199,77.146501,33.90999984741211,2633.813232,2022-05-21,0.9655269980430603,8,138398574.020742
32.277851,77.159703,5.599999904632568,2548.605713,2022-05-21,0.9648860096931458,6,138398573.814092
32.277746,77.168798,12.550000190734863,2177.429199,2022-05-21,0.9591789841651917,5,138398573.958747
32.277938,77.137989,37.240002,2854.59082,2022-05-21,0.9593729972839355,11,138398573.884353
32.277842,77.14691925048828,55.380001,2594.794189,2022-05-21,0.9643880128860474,8,138398574.029008
32.277392,77.169216,27.120001,2141.284424,2022-05-21,0.9548450112342834,5,138398573.967013
32.277149,77.191507,35.169998,2555.085205,2022-05-21,0.9735940098762512,2,138398573.888486
32.276977,77.197964,10.609999656677246,2873.445068,2022-05-21,0.9600899815559387,1,138398574.223213
32.2774772644043,77.160143,14.3100004196167,2560.383057,2022-05-21,0.960548996925354,6,138398573.822358
32.276766,77.191952,40.740002,2587.172119,2022-05-21,0.983148992061615,2,138398573.896752
32.276682,77.207231,6.349999904632568,3049.904541,2022-05-21,0.9620310068130493,0,138398574.367833
32.277543,77.138453,40.970001,2912.198242,2022-05-21,0.9686909914016724,11,138398573.892619
32.277475,77.14734649658203,38.389999,2615.21167,2022-05-21,0.9558990001678467,8,138398574.037273
32.277098,77.160587,20.43000030517578,2583.874023,2022-05-21,0.9623910188674927,6,138398573.830624
32.27704620361328,77.169625,10.34000015258789,2119.544678,2022-05-21,0.9712899923324585,5,138398573.975279
32.276603,77.198399,30.93000030517578,2866.76709,2022-05-21,0.9688869714736938,1,138398574.231477
32.27629852294922,77.207674,30.520000457763672,3055.751953,2022-05-21,0.9645540118217468,0,138398574.376097
32.277089,77.147802,47.279999,2645.710938,2022-05-21,0.9571390151977539,8,138398574.045537
32.276701,77.170032,21.700001,2067.611572,2022-05-21,0.9596459865570068,5,138398573.983545
32.276395,77.192386,32.18000030517578,2608.862061,2022-05-21,0.9739329814910889,2,138398573.905018
32.277166,77.138896,27.709999,2950.795166,2022-05-21,0.9754250049591064,11,138398573.900885
32.276715,77.161035,18.870001,2623.616455,2022-05-21,0.9812960028648376,6,138398573.83889
32.276807,77.139318,13.630000114440918,2953.737305,2022-05-21,0.9744849801063538,11,138398573.909151
32.276739,77.148214,7.880000114440918,2656.939697,2022-05-21,0.956413984298706,8,138398574.053801
32.276347,77.170449,16.360001,2049.106689,2022-05-21,0.9672049880027771,5,138398573.991811
32.27601623535156,77.192828,36.65999984741211,2633.937744,2022-05-21,0.9672359824180603,2,138398573.913284
32.27587890625,77.199249,6.309999942779541,2874.925293,2022-05-21,0.9666799902915955,1,138398574.248005
32.276359,77.161454,4.739999771118164,2620.813721,2022-05-21,0.9605240225791931,6,138398573.847156
32.27564239501953,77.193265,16.959999,2672.46875,2022-05-21,0.9552929997444153,2,138398573.92155
32.276446,77.139742,8.739999771118164,2951.168457,2022-05-21,0.9696679711341858,11,138398573.917417
32.276361,77.148657,19.079999923706055,2669.577393,2022-05-21,0.9680359959602356,8,138398574.062065
32.276004791259766,77.161872,6.420000076293945,2598.554443,2022-05-21,0.9853289723396301,6,138398573.855422
32.275978088378906,77.170882,17.260000228881836,2058.046631,2022-05-21,0.9637629985809326,5,138398574.000077
32.275501,77.199691,24.170000076293945,2882.431641,2022-05-21,0.9787709712982178,1,138398574.256269
32.275203,77.2089614868164,25.620001,3062.476807,2022-05-21,0.9534919857978821,0,138398574.400889
32.275995,77.149087,32.119999,2656.041748,2022-05-21,0.9644619822502136,8,138398574.070329
32.275603,77.17131805419922,23.239999771118164,2069.828125,2022-05-21,0.9523059725761414,5,138398574.008343
32.275251,77.193716,43.09000015258789,2698.561523,2022-05-21,0.9575799703598022,2,138398573.929816
32.275139,77.200116,31.530001,2868.246582,2022-05-21,0.9543759822845459,1,138398574.264533
32.276083,77.140168,10.15999984741211,2945.258545,2022-05-21,0.9708160161972046,11,138398573.925683
32.275651,77.162288,5.110000133514404,2576.952393,2022-05-21,0.960204005241394,6,138398573.863688
32.274845123291016,77.209382,7.090000152587891,3068.887939,2022-05-21,0.9570649862289429,0,138398574.409153
32.27572250366211,77.140592,5.369999885559082,2942.252686,2022-05-21,0.9744709730148315,11,138398573.933949
32.275633,77.149512,33.389999,2648.825195,2022-05-21,0.960411012172699,8,138398574.078593
32.275298,77.162705,6.050000190734863,2553.182617,2022-05-21,0.9620649814605713,6,138398573.871954
32.27524185180664,77.171747,7.239999771118164,2083.220703,2022-05-21,0.9596179723739624,5,138398574.016609
32.274896,77.194136,30.270000457763672,2692.280762,2022-05-21,0.9592869877815247,2,138398573.938082
32.275291,77.149913,13.069999694824219,2620.168213,2022-05-21,0.9606459736824036,8,138398574.086857
32.274886,77.172164,11.09000015258789,2056.327881,2022-05-21,0.9536010026931763,5,138398574.024875
32.274534,77.194561,44.470001,2671.5979,2022-05-21,0.9729340076446533,2,138398573.946348
32.274416,77.20096588134766,29.360001,2854.033936,2022-05-21,0.9743160009384155,1,138398574.281061
32.275360107421875,77.141018,7.019999980926514,2936.647705,2022-05-21,0.9661660194396973,11,138398573.942215
32.274924,77.163143,34.040001,2543.541504,2022-05-21,0.9596239924430847,6,138398573.88022
32.274989,77.141454,24.90999984741211,2928.301514,2022-05-21,0.9711080193519592,11,138398573.950481
32.274894,77.150378,60.540001,2633.956299,2022-05-21,0.9622979760169983,8,138398574.095121
32.274559,77.163572,27.829999923706055,2551.313232,2022-05-21,0.978069007396698,6,138398573.888486
32.274524,77.172589,8.779999732971191,2049.624512,2022-05-21,0.9627509713172913,5,138398574.033141
32.274183,77.194977,28.59000015258789,2659.806885,2022-05-21,0.9660530090332031,2,138398573.954614
32.274041,77.201404,54.060001,2848.240479,2022-05-21,0.971468985080719,1,138398574.289325
32.273801,77.195421,41.889999,2679.847656,2022-05-21,0.9617779850959778,2,138398573.96288
32.273691,77.201819,35.709999,2836.701904,2022-05-21,0.9770209789276123,1,138398574.297589
32.27463912963867,77.141864,20.170000076293945,2903.564453,2022-05-21,0.9671120047569275,11,138398573.958747
32.274501,77.150839,64.050003,2685.709229,2022-05-21,0.9699820280075073,8,138398574.103385
32.274212,77.163981,17.149999618530273,2526.237549,2022-05-21,0.9770089983940125,6,138398573.896752
32.274159,77.173017,9.220000267028809,2048.753174,2022-05-21,0.9594240188598633,5,138398574.041405
32.27426528930664,77.142305,30.25,2913.969727,2022-05-21,0.9645969867706299,11,138398573.967013
32.27411651611328,77.151289,44.220001,2741.709717,2022-05-21,0.9741550087928772,8,138398574.111649
32.273797,77.173442,5.380000114440918,2046.042969,2022-05-21,0.952111005783081,5,138398574.049669
32.273856,77.16439819335938,37.439999,2486.689697,2022-05-21,0.9786360263824463,6,138398573.905018
32.273094177246094,77.196256,27.31999969482422,2646.887695,2022-05-21,0.9731130003929138,2,138398573.979412
32.273899,77.142734,36.900002,2908.080322,2022-05-21,0.9687979817390442,11,138398573.975279
32.273764,77.151704,9.220000267028809,2752.285889,2022-05-21,0.9736009836196899,8,138398574.119913
32.273523,77.164794921875,27.09000015258789,2433.124756,2022-05-21,0.9814919829368591,6,138398573.913284
32.273432,77.173871,10.569999694824219,2039.639526,2022-05-21,0.9651619791984558,5,138398574.057933
32.272941,77.202693,31.420000076293945,2876.009277,2022-05-21,0.9634039998054504,1,138398574.314117
32.27356719970703,77.143124,8.4399995803833,2871.318848,2022-05-21,0.967960000038147,11,138398573.983545
32.273063,77.174303,16.059999,2040.2947998046875,2022-05-21,0.9671480059623718,5,138398574.066197
32.272714,77.196698,40.31999969482422,2664.403809,2022-05-21,0.9550359845161438,2,138398573.987678
32.27256393432617,77.203132,35.450001,2892.478516,2022-05-21,0.9766680002212524,1,138398574.322381
32.273397,77.152134,8.289999961853027,2754.490967,2022-05-21,0.9749460220336914,8,138398574.128177
32.273173,77.165207,26.110001,2402.146729,2022-05-21,0.9830499887466431,6,138398573.92155
32.27320098876953,77.143554,21.440001,2860.817383,2022-05-21,0.9709609746932983,11,138398573.991811
32.273034,77.15255737304688,9.670000076293945,2747.354492,2022-05-21,0.9682790040969849,8,138398574.136441
32.272821,77.165621,20.290001,2382.11084,2022-05-21,0.9573540091514587,6,138398573.929816
32.272703,77.174725,10.460000038146973,2033.937622,2022-05-21,0.9587470293045044,5,138398574.074461
32.272362,77.197114,14.720000267028809,2662.393311,2022-05-21,0.9757440090179443,2,138398573.995944
32.27220153808594,77.203559,18.559999,2906.946533,2022-05-21,0.9697800278663635,1,138398574.330645
32.272342,77.1751480102539,7.389999866485596,2028.511353,2022-05-21,0.9502080082893372,5,138398574.082725
32.271978,77.19756317138672,43.279999,2670.964844,2022-05-21,0.9688950181007385,2,138398574.00421
32.272825,77.143996,40.299999,2864.156738,2022-05-21,0.972786009311676,11,138398574.000077
32.272635,77.153027,44.889999,2776.348633,2022-05-21,0.9719380140304565,8,138398574.144705
32.27246856689453,77.166035,25.549999,2348.891846,2022-05-21,0.9832050204277039,6,138398573.938082
32.271809,77.204011,40.349998,2933.732666,2022-05-21,0.9633179903030396,1,138398574.338909
32.272437,77.144451,48.959999,2900.285645,2022-05-21,0.9689090251922607,11,138398574.008343
32.272257,77.153471,33.419998,2811.831055,2022-05-21,0.9732990264892578,8,138398574.152969
32.272122,77.166445,21.370001,2316.880127,2022-05-21,0.9819880127906799,6,138398573.946348
32.271981,77.175574,26.860001,1999.669556,2022-05-21,0.9649289846420288,5,138398574.090989
32.271726,77.188967,15.0600004196167,2083.802246,2022-05-21,0.9684190154075623,3,138398573.876087
32.271441,77.204441,33.549999,2945.052979,2022-05-21,0.9678590297698975,1,138398574.347173
32.2720832824707,77.144867,8.770000457763672,2918.075195,2022-05-21,0.9741389751434326,11,138398574.016609
32.271871,77.153923,39.959999,2845.034912,2022-05-21,0.9703180193901062,8,138398574.161233
32.271769,77.166861,20.170000076293945,2294.588623,2022-05-21,0.9830139875411987,6,138398573.954614
32.27162551879883,77.175992,15.279999732971191,1989.247314,2022-05-21,0.9639210104942322,5,138398574.099253
32.27133560180664,77.189419,30.09000015258789,2122.04126,2022-05-21,0.9719650149345398,3,138398573.884353
32.271202087402344,77.198458,54.709999,2751.412354,2022-05-21,0.9671930074691772,2,138398574.020742
32.271078,77.204868,31.459999,2943.039795,2022-05-21,0.9623500108718872,1,138398574.355437
32.2717170715332,77.145297,7.5,2921.210205,2022-05-21,0.972320020198822,11,138398574.024875
32.27142333984375,77.167268,6.269999980926514,2268.127686,2022-05-21,0.9586309790611267,6,138398573.96288
32.271266,77.1764144897461,8.289999961853027,1984.065674,2022-05-21,0.9651229977607727,5,138398574.107517
32.270826,77.198897,48.25,2780.614502,2022-05-21,0.9591460227966309,2,138398574.029008
32.271480560302734,77.154381,33.869999,2902.357422,2022-05-21,0.9665899872779846,8,138398574.169497
32.27094268798828,77.189874,23.770000457763672,2187.670654,2022-05-21,0.9831870198249817,3,138398573.892619
32.271352,77.145725,26.850000381469727,2899.61792,2022-05-21,0.9741029739379883,11,138398574.033141
32.27113342285156,77.154789,8.510000228881836,2890.95752,2022-05-21,0.9687439799308777,8,138398574.177761
32.271066,77.167688,20.360001,2237.476807,2022-05-21,0.9800950288772583,6,138398573.971146
32.270896,77.176848,19.049999,1980.730103,2022-05-21,0.971439003944397,5,138398574.115781
32.270571,77.190309,11.170000076293945,2214.747559,2022-05-21,0.9782080054283142,3,138398573.900885
32.270456,77.19933319091797,31.989999771118164,2804.994385,2022-05-21,0.9796739816665649,2,138398574.037273
32.270353,77.20571899414062,41.240002,2923.647705,2022-05-21,0.9681259989738464,1,138398574.371965
32.27071762084961,77.168099,6.119999885559082,2217.998291,2022-05-21,0.964119017124176,6,138398573.979412
32.270541,77.177265,5.0,1973.923828,2022-05-21,0.9637600183486938,5,138398574.124045
32.269973,77.206162,55.970001,2935.70752,2022-05-21,0.9699620008468628,1,138398574.380229
32.270995,77.146144,8.210000038146973,2901.691406,2022-05-21,0.9709240198135376,11,138398574.041405
32.270761,77.155224,39.919998,2870.479004,2022-05-21,0.9610409736633301,8,138398574.186025
32.270201,77.190743,16.329999923706055,2222.210205,2022-05-21,0.9702600240707397,3,138398573.909151
32.270071,77.19977569580078,41.560001,2833.999268,2022-05-21,0.9701560139656067,2,138398574.045537
32.27061462402344,77.14659118652344,32.869999,2905.425537,2022-05-21,0.9745590090751648,11,138398574.049669
32.270408,77.155639,50.869999,2834.937256,2022-05-21,0.9686329960823059,8,138398574.194289
32.270358,77.168522,5.96999979019165,2206.941162,2022-05-21,0.962943971157074,6,138398573.987678
32.270168,77.177702,22.969999,1970.993652,2022-05-21,0.9600939750671387,5,138398574.132309
32.26982879638672,77.191177,12.140000343322754,2238.750977,2022-05-21,0.9608100056648254,3,138398573.917417
32.269713,77.200198,41.669998,2819.41748,2022-05-21,0.9538999795913696,2,138398574.053801
32.269595,77.206601,37.169998,2977.874512,2022-05-21,0.9651169776916504,1,138398574.388493
32.269983,77.168961,21.81999969482422,2211.563721,2022-05-21,0.9635739922523499,6,138398573.995944
32.269801,77.178132,26.93000030517578,1968.059692,2022-05-21,0.9620159864425659,5,138398574.140573
32.270242,77.147028,11.3100004196167,2942.669922,2022-05-21,0.9734089970588684,11,138398574.057933
32.270063,77.156045,35.959999,2808.652344,2022-05-21,0.9686700105667114,8,138398574.202553
32.269372,77.200604,8.739999771118164,2802.643066,2022-05-21,0.9521039724349976,2,138398574.062065
32.269225,77.207035,27.379999,2997.612793,2022-05-21,0.9677180051803589,1,138398574.396757
32.269617,77.16938781738281,8.510000228881836,2224.787354,2022-05-21,0.9649659991264343,6,138398574.00421
32.268851,77.207471,30.479999542236328,3011.787598,2022-05-21,0.962228000164032,1,138398574.405021
32.269871,77.147464,5.110000133514404,2961.134521,2022-05-21,0.9724950194358826,11,138398574.066197
32.269702,77.156468,39.31999969482422,2796.03125,2022-05-21,0.9592120051383972,8,138398574.210817
32.26909637451172,77.192038,9.1899995803833,2251.245605,2022-05-21,0.9784510135650635,3,138398573.933949
32.269499,77.147899,6.760000228881836,2971.061279,2022-05-21,0.9734359979629517,11,138398574.074461
32.269346,77.156886,6.050000190734863,2810.557617,2022-05-21,0.964697003364563,8,138398574.219081
32.269242,77.16983032226562,19.84000015258789,2234.719727,2022-05-21,0.9614009857177734,6,138398574.012476
32.26906967163086,77.178989,28.989999771118164,1964.143066,2022-05-21,0.9620509743690491,5,138398574.157101
32.268722,77.19247436523438,13.34000015258789,2266.010986,2022-05-21,0.9710829854011536,3,138398573.942215
32.26846694946289,77.207916,39.900002,3036.51416,2022-05-21,0.9617689847946167,1,138398574.413285
32.268878,77.170257,19.989999771118164,2230.845459,2022-05-21,0.984961986541748,6,138398574.020742
32.26912307739258,77.148341,9.970000267028809,2988.725586,2022-05-21,0.9885349869728088,11,138398574.082725
32.268984,77.157311,15.9399995803833,2792.933838,2022-05-21,0.9873219728469849,8,138398574.227345
32.268352,77.192908,13.260000228881836,2276.868164,2022-05-21,0.9781969785690308,3,138398573.950481
32.268095,77.208351,8.850000381469727,3081.863037,2022-05-21,0.9578409790992737,1,138398574.421549
32.268733978271484,77.148798,30.549999,3016.206299,2022-05-21,0.9712110161781311,11,138398574.090989
32.268626,77.157731,5.070000171661377,2788.694092,2022-05-21,0.9656460285186768,8,138398574.235609
32.268523,77.170674,11.800000190734863,2217.016846,2022-05-21,0.979777991771698,6,138398574.029008
32.26797866821289,77.193342,16.260000228881836,2287.538574,2022-05-21,0.970628023147583,3,138398573.958747
32.267861,77.202363,11.770000457763672,2895.778809,2022-05-21,0.9557300209999084,2,138398574.095121
32.267707,77.208799,30.40999984741211,3103.397949,2022-05-21,0.9711189866065979,1,138398574.429813
32.268148,77.171113,18.639999,2229.680176,2022-05-21,0.9845600128173828,6,138398574.037273
32.268363,77.149233,8.25,3048.79248,2022-05-21,0.9894260168075562,11,138398574.099253
32.26824951171875,77.158172,23.75,2787.091553,2022-05-21,0.9686830043792725,8,138398574.243873
32.267604,77.193782,31.540001,2297.092285,2022-05-21,0.9699140191078186,3,138398573.967013
32.267484,77.202802,25.149999618530273,2905.015869,2022-05-21,0.9705420136451721,2,138398574.103385
32.267337,77.209232,15.5,3126.886475,2022-05-21,0.9548709988594055,1,138398574.438077
32.26789855957031,77.158582,30.549999,2749.780518,2022-05-21,0.9858459830284119,8,138398574.252137
32.267789,77.171535,23.15999984741211,2213.103271,2022-05-21,0.983905017375946,6,138398574.045537
32.267112,77.203236,34.720001,2908.166748,2022-05-21,0.9610570073127747,2,138398574.111649
32.267991,77.14967346191406,13.260000228881836,3056.636475,2022-05-21,0.9896379709243774,11,138398574.107517
32.267425537109375,77.171961,29.360001,2200.940918,2022-05-21,0.9829000234603882,6,138398574.053801
32.26762008666992,77.150106,6.460000038146973,3075.025146,2022-05-21,0.9682760238647461,11,138398574.115781
32.267522,77.159027,50.900002,2757.019043,2022-05-21,0.982824981212616,8,138398574.260401
32.267255,77.18112182617188,10.380000114440918,1953.827881,2022-05-21,0.9544659852981567,5,138398574.198421
32.266744,77.203667,33.47999954223633,2912.332275,2022-05-21,0.9663519859313965,2,138398574.119913
32.267066,77.172384,12.329999923706055,2206.701904,2022-05-21,0.9695360064506531,6,138398574.062065
32.267243,77.150547,14.40999984741211,3088.324463,2022-05-21,0.9870669841766357,11,138398574.124045
32.267167,77.159443,39.060001,2746.774414,2022-05-21,0.9871169924736023,8,138398574.268665
32.266394,77.204081,10.720000267028809,2902.600342,2022-05-21,0.9807369709014893,2,138398574.128177
32.266806,77.159867,26.25,2750.788818,2022-05-21,0.992372989654541,8,138398574.276929
32.266702,77.172811,11.470000267028809,2202.737061,2022-05-21,0.9891830086708069,6,138398574.070329
32.2660026550293,77.204533,44.029999,2921.571533,2022-05-21,0.9686440229415894,2,138398574.136441
32.266861,77.150996,34.25,3100.264648,2022-05-21,0.9878870248794556,11,138398574.132309
32.266337,77.173239,12.550000190734863,2201.243164,2022-05-21,0.9674479961395264,6,138398574.078593
32.266157,77.182407,18.530001,1947.00293,2022-05-21,0.9636579751968384,5,138398574.223213
32.266088,77.195548,23.84000015258789,2419.944092,2022-05-21,0.9560049772262573,3,138398574.000077
32.266479,77.151445,32.310001,3136.608398,2022-05-21,0.9710999727249146,11,138398574.140573
32.26643753051758,77.160299,39.849998,2742.433594,2022-05-21,0.9898350238800049,8,138398574.285193
32.265715,77.19598388671875,12.739999771118164,2447.740967,2022-05-21,0.97257399559021,3,138398574.008343
32.265625,77.204973,33.779999,2955.109863,2022-05-21,0.9718019962310791,2,138398574.144705
32.266069,77.160731,36.34000015258789,2750.401611,2022-05-21,0.9864159822463989,8,138398574.293457
32.265971,77.173668,21.219999,2192.799805,2022-05-21,0.9633650183677673,6,138398574.086857
32.266126,77.151858,14.039999961853027,3128.423584,2022-05-21,0.9883249998092651,11,138398574.148837
32.26560592651367,77.174096,14.899999618530273,2197.411865,2022-05-21,0.9841899871826172,6,138398574.095121
32.26533508300781,77.196426,25.940001,2464.091797,2022-05-21,0.9656640291213989,3,138398574.016609
32.265748,77.152302,52.099998,3115.156494,2022-05-21,0.9892690181732178,11,138398574.157101
32.265689849853516,77.161175,50.22999954223633,2763.075439,2022-05-21,0.9825299978256226,8,138398574.301721
32.26523971557617,77.174525,11.880000114440918,2200.092529,2022-05-21,0.9615340232849121,6,138398574.103385
32.26495361328125,77.19686889648438,22.649999618530273,2501.38623,2022-05-21,0.9732639789581299,3,138398574.024875
32.26536560058594,77.152751,45.080002,3156.169434,2022-05-21,0.9912660121917725,11,138398574.165365
32.26532745361328,77.161601,35.139999,2774.086182,2022-05-21,0.9882259964942932,8,138398574.309985
32.264594,77.197293,20.25,2491.116943,2022-05-21,0.9600120186805725,3,138398574.033141
32.264502,77.206283,31.020000457763672,3009.137207,2022-05-21,0.9773719906806946,2,138398574.169497
32.264978,77.162012,18.969999,2758.562988,2022-05-21,0.9851099848747253,8,138398574.318249
32.2648811340332,77.174948,16.59000015258789,2183.457031,2022-05-21,0.9849709868431091,6,138398574.111649
32.264699,77.184117,13.739999771118164,1939.994263,2022-05-21,0.9617360234260559,5,138398574.256269
32.26412582397461,77.206721,34.049999,3026.686523,2022-05-21,0.9782530069351196,2,138398574.177761
32.265018,77.153158,18.34000015258789,3143.51001,2022-05-21,0.9880890250205994,11,138398574.173629
32.264530181884766,77.17536163330078,6.309999942779541,2161.700684,2022-05-21,0.9877510070800781,6,138398574.119913
32.264332,77.184548,20.43000030517578,1937.060181,2022-05-21,0.9610880017280579,5,138398574.264533
32.264189,77.197759,23.31999969482422,2570.88501,2022-05-21,0.9652619957923889,3,138398574.041405
32.264646,77.15359497070312,27.40999984741211,3148.608154,2022-05-21,0.9879149794578552,11,138398574.181893
32.264617919921875,77.162434,47.279999,2719.052734,2022-05-21,0.9846630096435547,8,138398574.326513
32.263762,77.207148,13.0,3043.76416,2022-05-21,0.963358998298645,2,138398574.186025
32.264287,77.162824,31.780001,2667.227783,2022-05-21,0.9819449782371521,8,138398574.334777
32.2641487121582,77.1758041381836,21.18000030517578,2174.049072,2022-05-21,0.9625049829483032,6,138398574.128177
32.264276,77.154029,23.379999,3161.751221,2022-05-21,0.9669960141181946,11,138398574.190157
32.2637825012207,77.176235,28.129999,2171.17334,2022-05-21,0.988552987575531,6,138398574.136441
32.263442,77.198632,22.719999,2604.417969,2022-05-21,0.9725310206413269,3,138398574.057933
32.263388,77.207584,18.870001,3053.932373,2022-05-21,0.968999981880188,2,138398574.194289
32.263919830322266,77.154446,33.990002,3130.186768,2022-05-21,0.988152027130127,11,138398574.198421
32.263938903808594,77.163232,40.369999,2622.541504,2022-05-21,0.9863219857215881,8,138398574.343041
32.263011,77.208023,16.809999,3078.670654,2022-05-21,0.9693700075149536,2,138398574.202553
32.263592,77.16364288330078,27.899999618530273,2598.643555,2022-05-21,0.9807519912719727,8,138398574.351305
32.263423,77.176657,44.200001,2142.691162,2022-05-21,0.9776780009269714,6,138398574.144705
32.263059,77.199077,48.06999969482422,2615.652344,2022-05-21,0.952049970626831,3,138398574.066197
32.263582,77.154843,47.060001,3061.859131,2022-05-21,0.9879310131072998,11,138398574.206685
32.263069,77.177074,37.290001,2125.514893,2022-05-21,0.9832580089569092,6,138398574.152969
32.262673,77.199526,29.489999771118164,2677.599609,2022-05-21,0.9726229906082153,3,138398574.074461
32.263254,77.155227,29.239999771118164,3002.898682,2022-05-21,0.9910029768943787,11,138398574.214949
32.263240814208984,77.164053,11.350000381469727,2591.27124,2022-05-21,0.9827979803085327,8,138398574.359569
32.26287078857422,77.186263,17.139999,1938.888916,2022-05-21,0.9580320119857788,5,138398574.297589
32.26285934448242,77.16449737548828,38.09000015258789,2594.334473,2022-05-21,0.9834259748458862,8,138398574.367833
32.262709,77.177496,30.149999618530273,2120.873291,2022-05-21,0.956134021282196,6,138398574.161233
32.26250457763672,77.186691,12.289999961853027,1942.676758,2022-05-21,0.9568520188331604,5,138398574.305853
32.262301,77.19995880126953,19.059999,2699.633545,2022-05-21,0.9600009918212891,3,138398574.082725
32.262245178222656,77.208912,44.209999,3119.828125,2022-05-21,0.9698539972305298,2,138398574.219081
32.262911,77.155629,22.780001,2963.632812,2022-05-21,0.983784019947052,11,138398574.223213
32.262353,77.177914,43.189999,2084.797607,2022-05-21,0.9850209951400757,6,138398574.169497
32.261871,77.209348,31.280001,3149.429443,2022-05-21,0.9681649804115295,2,138398574.227345
32.262568,77.156031,8.140000343322754,2931.47583,2022-05-21,0.9629899859428406,11,138398574.231477
32.262489,77.164935,36.0,2608.119629,2022-05-21,0.9799730181694031,8,138398574.376097
32.262138,77.187121,16.879999,1941.03186,2022-05-21,0.9547340273857117,5,138398574.314117
32.26211166381836,77.165379,52.619999,2616.790527,2022-05-21,0.9855260252952576,8,138398574.384361
32.262026,77.178302,22.229999542236328,2026.962646,2022-05-21,0.9827150106430054,6,138398574.177761
32.261771,77.187552,5.789999961853027,1954.897339,2022-05-21,0.9666730165481567,5,138398574.322381
32.261587,77.200801,14.050000190734863,2668.116455,2022-05-21,0.9690260291099548,3,138398574.099253
32.262216,77.156444,10.75,2901.404297,2022-05-21,0.9873210191726685,11,138398574.239741
32.26166915893555,77.178719,27.799999,1999.310547,2022-05-21,0.9542250037193298,6,138398574.186025
32.261865,77.156855,7.349999904632568,2873.668213,2022-05-21,0.9683240056037903,11,138398574.248005
32.261744,77.165808,24.90999984741211,2647.058594,2022-05-21,0.9623410105705261,8,138398574.392625
32.261398,77.187988,12.180000305175781,1962.874878,2022-05-21,0.9606999754905701,5,138398574.330645
32.261216,77.201235,23.510000228881836,2669.573242,2022-05-21,0.9637529850006104,3,138398574.107517
32.261328,77.179123,4.670000076293945,1974.123169,2022-05-21,0.9640859961509705,6,138398574.194289
32.261512,77.157268,6.420000076293945,2848.938965,2022-05-21,0.9671040177345276,11,138398574.256269
32.261390686035156,77.166224,39.360001,2610.427246,2022-05-21,0.9828320145606995,8,138398574.400889
32.261031,77.188419,11.729999542236328,1967.92395,2022-05-21,0.9552270174026489,5,138398574.338909
32.26115798950195,77.15768432617188,15.5,2815.996338,2022-05-21,0.9857869744300842,11,138398574.264533
32.261052,77.166621,26.770000457763672,2569.849854,2022-05-21,0.9846829771995544,8,138398574.409153
32.26096725463867,77.179546,4.630000114440918,1963.811401,2022-05-21,0.9663130044937134,6,138398574.202553
32.260658264160156,77.188853,14.789999961853027,1975.130005,2022-05-21,0.9824479818344116,5,138398574.347173
32.26048278808594,77.202093,21.790001,2672.815674,2022-05-21,0.9725149869918823,3,138398574.124045
32.260196685791016,77.21754455566406,13.520000457763672,3514.053955,2022-05-21,0.9720860123634338,1,138398574.595093
32.260602,77.179975,5.53000020980835,1962.438354,2022-05-21,0.9610599875450134,6,138398574.210817
32.259996,77.211535,11.470000267028809,3264.403809,2022-05-21,0.9818170070648193,2,138398574.268665
32.26081085205078,77.158091,7.880000114440918,2787.251221,2022-05-21,0.9688389897346497,11,138398574.272797
32.26070785522461,77.167026,34.099998,2522.65918,2022-05-21,0.9820089936256409,8,138398574.417417
32.260281,77.189296,23.09000015258789,1995.163696,2022-05-21,0.9557849764823914,5,138398574.355437
32.260115,77.202524,25.81999969482422,2674.046631,2022-05-21,0.956699013710022,3,138398574.132309
32.260438,77.158528,42.43000030517578,2766.218018,2022-05-21,0.9868289828300476,11,138398574.281061
32.260362,77.167433,38.389999,2481.365967,2022-05-21,0.9873420000076294,8,138398574.425681
32.260234,77.180406,7.429999828338623,1963.865601,2022-05-21,0.9626569747924805,6,138398574.219081
32.259909,77.189731,22.670000076293945,2006.867188,2022-05-21,0.9606130123138428,5,138398574.363701
32.259734,77.202967,30.799999,2699.635986,2022-05-21,0.9741910099983215,3,138398574.140573
32.259609,77.211983,32.959999,3284.398193,2022-05-21,0.9694939851760864,2,138398574.276929
32.259456634521484,77.218409,13.109999656677246,3532.833984,2022-05-21,0.954060971736908,1,138398574.611621
32.259869,77.180834,5.150000095367432,1964.810791,2022-05-21,0.9578689932823181,6,138398574.227345
32.260083,77.158945,14.970000267028809,2772.513916,2022-05-21,0.9838700294494629,11,138398574.289325
32.260019,77.167835,27.110001,2448.595459,2022-05-21,0.9858760237693787,8,138398574.433945
32.259552001953125,77.190151,15.050000190734863,1999.605469,2022-05-21,0.9581329822540283,5,138398574.371965
32.259351,77.203413,34.5,2733.101074,2022-05-21,0.9617779850959778,3,138398574.148837
32.259236,77.212418,29.040001,3302.876709,2022-05-21,0.9756050109863281,2,138398574.285193
32.259069,77.218857,21.969999,3566.434082,2022-05-21,0.9609169960021973,1,138398574.619885
32.25967025756836,77.168245,39.25,2404.734131,2022-05-21,0.9661480188369751,8,138398574.442209
32.259503,77.181263,6.239999771118164,1963.089844,2022-05-21,0.9621289968490601,6,138398574.235609
32.258991,77.203836,22.010000228881836,2733.048828,2022-05-21,0.9613590240478516,3,138398574.157101
32.258855,77.212862,37.900002,3327.435303,2022-05-21,0.9747970104217529,2,138398574.293457
32.25971603393555,77.159376,55.610001,2735.708496,2022-05-21,0.9641299843788147,11,138398574.297589
32.259185,77.190582,12.699999809265137,2005.744995,2022-05-21,0.9610900282859802,5,138398574.380229
32.25938034057617,77.159769,33.950001,2695.421143,2022-05-21,0.9866139888763428,11,138398574.305853
32.259328,77.168648,33.27000045776367,2366.825439,2022-05-21,0.9610490202903748,8,138398574.450473
32.259139,77.181691,5.079999923706055,1961.4822998046875,2022-05-21,0.9657750129699707,6,138398574.243873
32.258819,77.19100952148438,13.369999885559082,2005.265625,2022-05-21,0.9620469808578491,5,138398574.388493
32.258584,77.204304,30.799999,2809.737305,2022-05-21,0.967058002948761,3,138398574.165365
32.258481,77.213298,14.15999984741211,3367.141846,2022-05-21,0.9714440107345581,2,138398574.301721
32.25831985473633,77.219729,3.619999885559082,3618.82959,2022-05-21,0.9509639739990234,1,138398574.636413
32.25898742675781,77.169048,21.920000076293945,2329.127686,2022-05-21,0.9644449949264526,8,138398574.458737
32.258773,77.182119,6.800000190734863,1959.172119,2022-05-21,0.9610840082168579,6,138398574.252137
32.259013,77.16020202636719,41.900002,2692.490234,2022-05-21,0.987991988658905,11,138398574.314117
32.258451,77.191442,10.760000228881836,2013.651855,2022-05-21,0.9703670144081116,5,138398574.396757
32.258672,77.160599,46.419998,2637.540527,2022-05-21,0.9851469993591309,11,138398574.322381
32.25864028930664,77.169456,26.059999,2291.509277,2022-05-21,0.9606530070304871,8,138398574.467001
32.258409,77.182547,5.96999979019165,1957.239502,2022-05-21,0.959538996219635,6,138398574.260401
32.258082,77.191874,8.25,2024.396606,2022-05-21,0.9568679928779602,5,138398574.405021
32.257745,77.21415710449219,28.06999969482422,3363.935547,2022-05-21,0.9697200059890747,2,138398574.318249
32.258299,77.169857,17.399999618530273,2254.317627,2022-05-21,0.9653339982032776,8,138398574.475265
32.2580451965332,77.182973,4.889999866485596,1953.921631,2022-05-21,0.9631270170211792,6,138398574.268665
32.258337,77.160992,52.029999,2569.582031,2022-05-21,0.984080970287323,11,138398574.330645
32.25770950317383,77.19230651855469,5.599999904632568,2041.033325,2022-05-21,0.9581069946289062,5,138398574.413285
32.257476,77.20559692382812,65.410004,2796.357422,2022-05-21,0.9514570236206055,3,138398574.190157
32.257389,77.2145767211914,33.900002,3338.362305,2022-05-21,0.9740579724311829,2,138398574.326513
32.258011,77.161373,27.489999771118164,2513.933838,2022-05-21,0.9837149977684021,11,138398574.338909
32.257941,77.170277,20.15999984741211,2237.040283,2022-05-21,0.9655359983444214,8,138398574.483529
32.257681,77.183401,6.159999847412109,1950.838135,2022-05-21,0.9545549750328064,6,138398574.276929
32.257044,77.214989,12.069999694824219,3318.343506,2022-05-21,0.9779369831085205,2,138398574.334777
32.25759506225586,77.170683,14.520000457763672,2206.072998,2022-05-21,0.9669579863548279,8,138398574.491793
32.257318,77.183827,3.619999885559082,1946.30481,2022-05-21,0.958791971206665,6,138398574.285193
32.257337,77.192746,14.720000267028809,2048.148926,2022-05-21,0.956492006778717,5,138398574.421549
32.25706481933594,77.206073,44.47999954223633,2912.559326,2022-05-21,0.978397011756897,3,138398574.198421
32.257624,77.161829,48.849998,2537.401855,2022-05-21,0.964667022228241,11,138398574.347173
32.256961822509766,77.193186,11.6899995803833,2073.942383,2022-05-21,0.9602199792861938,5,138398574.429813
32.256684,77.206516,22.760000228881836,2965.911133,2022-05-21,0.9795050024986267,3,138398574.206685
32.256672,77.215423,21.639999,3320.878418,2022-05-21,0.9720929861068726,2,138398574.343041
32.257252,77.162265,55.049999,2545.711914,2022-05-21,0.9841399788856506,11,138398574.355437
32.257242,77.171098,27.450001,2170.400879,2022-05-21,0.9679840207099915,8,138398574.500057
32.256954193115234,77.184255,7.019999980926514,1941.408203,2022-05-21,0.9584320187568665,6,138398574.293457
32.256898,77.171502,21.31999969482422,2134.965088,2022-05-21,0.959181010723114,8,138398574.508321
32.256591796875,77.193619,8.779999732971191,2086.45752,2022-05-21,0.9598379731178284,5,138398574.438077
32.25630187988281,77.206962,31.879999,2993.921875,2022-05-21,0.9664660096168518,3,138398574.214949
32.25628662109375,77.21587371826172,20.030001,3361.875488,2022-05-21,0.967930018901825,2,138398574.351305
32.256915,77.162659,44.52000045776367,2497.109375,2022-05-21,0.9632800221443176,11,138398574.363701
32.256589,77.184682,7.28000020980835,1938.071533,2022-05-21,0.9616789817810059,6,138398574.301721
32.255896,77.216322,28.549999,3405.528076,2022-05-21,0.9756720066070557,2,138398574.359569
32.256578,77.16305541992188,42.240002,2443.480469,2022-05-21,0.9835929870605469,11,138398574.371965
32.256553,77.171907,24.09000015258789,2093.284912,2022-05-21,0.9612150192260742,8,138398574.516585
32.2562255859375,77.185108,7.019999980926514,1932.074707,2022-05-21,0.9619799852371216,6,138398574.309985
32.256221771240234,77.194053,6.230000019073486,2099.41626,2022-05-21,0.9651619791984558,5,138398574.446341
32.255916595458984,77.207407,53.669998,3007.49585,2022-05-21,0.9739199876785278,3,138398574.223213
32.256206,77.172315,8.210000038146973,2075.026611,2022-05-21,0.967415988445282,8,138398574.524849
32.255853,77.194482,4.78000020980835,2104.322266,2022-05-21,0.9650639891624451,5,138398574.454605
32.255546,77.20783996582031,40.47999954223633,3031.161377,2022-05-21,0.9780640006065369,3,138398574.231477
32.255522,77.216758,29.81999969482422,3422.069824,2022-05-21,0.9727240204811096,2,138398574.367833
32.256229,77.163464,47.810001,2404.779785,2022-05-21,0.9613749980926514,11,138398574.380229
32.255864,77.185533,5.230000019073486,1928.916748,2022-05-21,0.9594429731369019,6,138398574.318249
32.255153,77.21719360351562,24.809999,3434.592773,2022-05-21,0.9682949781417847,2,138398574.376097
32.255901,77.163849,31.860001,2345.690186,2022-05-21,0.9810640215873718,11,138398574.388493
32.25585174560547,77.172732,6.53000020980835,2058.803223,2022-05-21,0.9651529788970947,8,138398574.533113
32.255487,77.194912,8.399999618530273,2103.762939,2022-05-21,0.9605799913406372,5,138398574.462869
32.255489,77.173156,10.34000015258789,2048.989014,2022-05-21,0.9643679857254028,8,138398574.541377
32.255128,77.195334,15.869999885559082,2084.015625,2022-05-21,0.962332010269165,5,138398574.471133
32.254805,77.217602,31.020000457763672,3393.464111,2022-05-21,0.9760149717330933,2,138398574.384361
32.255564,77.164244,18.299999,2302.177734,2022-05-21,0.9812920093536377,11,138398574.396757
32.25480270385742,77.208709,41.259998,3054.445557,2022-05-21,0.9708179831504822,3,138398574.248005
32.254459,77.218013,20.370001,3364.437744,2022-05-21,0.9601820111274719,2,138398574.392625
32.25521469116211,77.164653,19.459999,2268.406982,2022-05-21,0.97878497838974,11,138398574.405021
32.255126,77.173582,32.900002,2021.629639,2022-05-21,0.9680740237236023,8,138398574.549641
32.254755,77.19577026367188,15.350000381469727,2101.749512,2022-05-21,0.9643089771270752,5,138398574.479397
32.254457,77.209119,38.049999,3015.944824,2022-05-21,0.9623820185661316,3,138398574.256269
32.254782,77.173985,18.219999,1994.312134,2022-05-21,0.9713389873504639,8,138398574.557905
32.25410842895508,77.218426,22.120001,3330.02417,2022-05-21,0.9655429720878601,2,138398574.400889
32.25486755371094,77.165059,67.080002,2183.22168,2022-05-21,0.9791790246963501,11,138398574.413285
32.254378,77.196211,7.320000171661377,2133.998779,2022-05-21,0.9553390145301819,5,138398574.487661
32.254068,77.2095718383789,32.290001,3071.135986,2022-05-21,0.971248984336853,3,138398574.264533
32.253761291503906,77.21884155273438,28.219999,3291.527344,2022-05-21,0.9803400039672852,2,138398574.409153
32.254556,77.165424,11.760000228881836,2130.233887,2022-05-21,0.9840549826622009,11,138398574.421549
32.254429,77.17440032958984,17.059999,1973.36792,2022-05-21,0.9678859710693359,8,138398574.566169
32.254005432128906,77.196647,10.270000457763672,2147.395752,2022-05-21,0.9624789953231812,5,138398574.495925
32.253699,77.210002,35.02000045776367,3075.312012,2022-05-21,0.9678500294685364,3,138398574.272797
32.253423,77.219243,16.700001,3247.196533,2022-05-21,0.9660080075263977,2,138398574.417417
32.254207611083984,77.165833,21.729999542236328,2087.779297,2022-05-21,0.9841939806938171,11,138398574.429813
32.253686,77.188089,12.619999885559082,1890.753174,2022-05-21,0.964684009552002,6,138398574.367833
32.253633,77.197082,24.729999542236328,2145.674805,2022-05-21,0.9661759734153748,5,138398574.504189
32.25335693359375,77.210409,68.330002,2993.369629,2022-05-21,0.9665679931640625,3,138398574.281061
32.253863,77.166237,14.449999809265137,2053.301025,2022-05-21,0.9877049922943115,11,138398574.438077
32.25370407104492,77.17524719238281,11.979999542236328,1968.760986,2022-05-21,0.9511479735374451,8,138398574.582697
32.253273010253906,77.197505,9.149999618530273,2152.647461,2022-05-21,0.9623309969902039,5,138398574.512453
32.25304412841797,77.210787,19.690001,2930.176025,2022-05-21,0.9614890217781067,3,138398574.289325
32.25305938720703,77.219668,22.09000015258789,3236.444092,2022-05-21,0.9781910181045532,2,138398574.425681
32.253517150878906,77.166643,10.300000190734863,2020.333252,2022-05-21,0.9667689800262451,11,138398574.446341
32.253339,77.175678,11.569999694824219,1968.585327,2022-05-21,0.9638950228691101,8,138398574.590961
32.252955,77.188947,12.850000381469727,1891.783447,2022-05-21,0.9565079808235168,6,138398574.384361
32.252898,77.197943,14.720000267028809,2167.168213,2022-05-21,0.9625790119171143,5,138398574.520717
32.252657,77.211236,37.259998,2957.438232,2022-05-21,0.9721660017967224,3,138398574.297589
32.253131,77.167096,35.18000030517578,2037.535522,2022-05-21,0.9884139895439148,11,138398574.454605
32.252534,77.198369,22.450001,2157.139893,2022-05-21,0.9551709890365601,5,138398574.528981
32.252276,77.211679,31.389999,2994.723877,2022-05-21,0.9823160171508789,3,138398574.305853
32.25273895263672,77.167556,30.620001,2095.572998,2022-05-21,0.9845370054244995,11,138398574.462869
32.252166,77.198801,27.489999771118164,2158.48999,2022-05-21,0.9615820050239563,5,138398574.537245
32.251909,77.212109,9.229999542236328,3020.359863,2022-05-21,0.9766680002212524,3,138398574.314117
32.252221,77.189807,10.869999885559082,1901.585815,2022-05-21,0.9508150219917297,6,138398574.400889
32.252369,77.1679916381836,21.31999969482422,2116.544189,2022-05-21,0.985040009021759,11,138398574.471133
32.251837,77.190256,25.959999,1925.146851,2022-05-21,0.9578459858894348,6,138398574.409153
32.251796,77.19923400878906,17.479999542236328,2179.072266,2022-05-21,0.9889600276947021,5,138398574.545509
32.252009,77.168414,9.40999984741211,2120.786865,2022-05-21,0.9707729816436768,11,138398574.479397
32.251411,77.199682,15.239999771118164,2220.300293,2022-05-21,0.9887610077857971,5,138398574.553773
32.251466,77.190691,25.440001,1938.222412,2022-05-21,0.9574859738349915,6,138398574.417417
32.251153,77.2129898071289,16.06999969482422,3066.657227,2022-05-21,0.9793909788131714,3,138398574.330645
32.25164031982422,77.1688461303711,11.390000343322754,2125.345947,2022-05-21,0.9739310145378113,11,138398574.487661
32.2510871887207,77.191133,40.799999,1950.809814,2022-05-21,0.9580770134925842,6,138398574.425681
32.250999450683594,77.200157,63.65999984741211,2264.072021,2022-05-21,0.964631974697113,5,138398574.562037
32.250773,77.213432,16.520000457763672,3095.783936,2022-05-21,0.9654819965362549,3,138398574.338909
32.251258850097656,77.169292,20.020000457763672,2147.977295,2022-05-21,0.9686809778213501,11,138398574.495925
32.251119,77.178278,27.709999,2008.922974,2022-05-21,0.9541730284690857,8,138398574.640545
32.250721,77.191562,36.689999,1955.849121,2022-05-21,0.968861997127533,6,138398574.433945
32.250615,77.200605,54.060001,2312.582764,2022-05-21,0.9827669858932495,5,138398574.570301
32.250383,77.213884,36.549999,3128.56958,2022-05-21,0.9703879952430725,3,138398574.347173
32.250883,77.169735,28.829999923706055,2162.870361,2022-05-21,0.9885560274124146,11,138398574.504189
32.250765,77.178693,21.920000076293945,1991.970581,2022-05-21,0.9582599997520447,8,138398574.648809
32.250240325927734,77.201044,35.150002,2352.162109,2022-05-21,0.9839990139007568,5,138398574.578565
32.250411,77.179108,5.369999885559082,1986.911011,2022-05-21,0.9654660224914551,8,138398574.657073
32.25035095214844,77.191997,28.510000228881836,1977.522217,2022-05-21,0.9634820222854614,6,138398574.442209
32.24999237060547,77.214337,37.0,3180.203857,2022-05-21,0.9776300191879272,3,138398574.355437
32.250506,77.170178,34.990002,2185.099609,2022-05-21,0.9861040115356445,11,138398574.512453
32.24997329711914,77.192439,38.47999954223633,1994.073975,2022-05-21,0.955722987651825,6,138398574.450473
32.249885,77.20146179199219,4.440000057220459,2361.537354,2022-05-21,0.9819290041923523,5,138398574.586829
32.24961853027344,77.214771,15.100000381469727,3215.998535,2022-05-21,0.9711650013923645,3,138398574.363701
32.250154,77.17059326171875,17.209999,2173.97998,2022-05-21,0.9873409867286682,11,138398574.520717
32.250045,77.179536,10.640000343322754,1982.951294,2022-05-21,0.9594579935073853,8,138398574.665337
32.249616,77.192858,19.950001,1994.358276,2022-05-21,0.954692006111145,6,138398574.458737
32.249509,77.201899,7.579999923706055,2380.589355,2022-05-21,0.9705510139465332,5,138398574.595093
32.249235,77.215219,19.690001,3253.811523,2022-05-21,0.9809219837188721,3,138398574.371965
32.249794006347656,77.171012,13.140000343322754,2169.813965,2022-05-21,0.9822090268135071,11,138398574.528981
32.249238,77.19329833984375,37.919998,2005.608398,2022-05-21,0.953357994556427,6,138398574.467001
32.24911880493164,77.202351,34.369999,2399.853027,2022-05-21,0.9888949990272522,5,138398574.603357
32.248851,77.215665,28.850000381469727,3283.888184,2022-05-21,0.9842699766159058,3,138398574.380229
32.249419,77.171452,27.75,2176.098633,2022-05-21,0.9870290160179138,11,138398574.537245
32.248868,77.193733,15.880000114440918,2037.064453,2022-05-21,0.9618780016899109,6,138398574.475265
32.248742,77.202793,30.709999,2429.381348,2022-05-21,0.9854429960250854,5,138398574.611621
32.248495,77.216084,33.34000015258789,3259.748535,2022-05-21,0.9739300012588501,3,138398574.388493
32.249048,77.171888,35.669998,2181.86792,2022-05-21,0.9880340099334717,11,138398574.545509
32.248924255371094,77.180848,50.56999969482422,1990.309448,2022-05-21,0.9581329822540283,8,138398574.690129
32.2481689453125,77.216474,18.010000228881836,3190.256104,2022-05-21,0.9872279763221741,3,138398574.396757
32.248559,77.181275,49.18000030517578,1991.129517,2022-05-21,0.9535369873046875,8,138398574.698393
32.248499,77.194165,7.090000152587891,2054.025391,2022-05-21,0.9656500220298767,6,138398574.483529
32.248354,77.203244,51.0,2456.553955,2022-05-21,0.987546980381012,5,138398574.619885
32.248687744140625,77.172309,33.009998,2173.183594,2022-05-21,0.9838979840278625,11,138398574.553773
32.248131,77.194596,5.860000133514404,2061.86377,2022-05-21,0.9564499855041504,6,138398574.491793
32.247971,77.20368957519531,42.52000045776367,2499.702637,2022-05-21,0.9869120121002197,5,138398574.628149
32.24834060668945,77.172718,15.800000190734863,2157.477295,2022-05-21,0.982791006565094,11,138398574.562037
32.248194,77.181702,51.689999,1986.706055,2022-05-21,0.9609220027923584,8,138398574.706657
32.247762,77.195029,5.489999771118164,2071.404785,2022-05-21,0.9589409828186035,6,138398574.500057
32.247596740722656,77.204126,35.040001,2522.157959,2022-05-21,0.9813799858093262,5,138398574.636413
32.247966,77.173156,40.110001,2151.769531,2022-05-21,0.9837660193443298,11,138398574.570301
32.247833251953125,77.182125,47.060001,1982.335571,2022-05-21,0.9593999981880188,8,138398574.714921
32.247229,77.21761322021484,21.530001,2861.392334,2022-05-21,0.9629369974136353,3,138398574.421549
32.24760437011719,77.17357635498047,47.25,2138.318115,2022-05-21,0.9845520257949829,11,138398574.578565
32.247471,77.182548,44.099998,1977.251709,2022-05-21,0.9542269706726074,8,138398574.723185
32.247397,77.195456,8.59000015258789,2067.474854,2022-05-21,0.9601150155067444,6,138398574.508321
32.247241,77.204545,9.039999961853027,2531.748291,2022-05-21,0.9832220077514648,5,138398574.644677
32.246892,77.218011,21.68000030517578,2800.396729,2022-05-21,0.971651017665863,3,138398574.429813
32.24702835083008,77.195887,15.6899995803833,2065.594482,2022-05-21,0.9626510143280029,6,138398574.516585
32.24684524536133,77.205004,53.349998,2548.025879,2022-05-21,0.9642999768257141,5,138398574.652941
32.246592,77.218377,20.59000015258789,2665.334961,2022-05-21,0.962975025177002,3,138398574.438077
32.24724578857422,77.17400360107422,34.919998,2136.364014,2022-05-21,0.9844679832458496,11,138398574.586829
32.247109,77.182971,46.610001,1966.805908,2022-05-21,0.9641109704971313,8,138398574.731449
32.246885,77.174422,41.610001,2120.294189,2022-05-21,0.9857109785079956,11,138398574.595093
32.246755,77.183386,51.240002,1940.432373,2022-05-21,0.9574660062789917,8,138398574.739713
32.246663,77.196316,7.989999771118164,2076.138916,2022-05-21,0.9641339778900146,6,138398574.524849
32.246471,77.20543670654297,52.27000045776367,2565.011719,2022-05-21,0.985755980014801,5,138398574.661205
32.246251,77.218781,20.399999618530273,2613.222412,2022-05-21,0.9633449912071228,3,138398574.446341
32.246291,77.196752,7.769999980926514,2091.534424,2022-05-21,0.9668279886245728,6,138398574.533113
32.246102,77.205872,26.110001,2598.773193,2022-05-21,0.9835600256919861,5,138398574.669469
32.245904,77.219191,24.850000381469727,2569.977539,2022-05-21,0.9660009741783142,3,138398574.454605
32.24653244018555,77.174836,41.080002,2097.830811,2022-05-21,0.9796159863471985,11,138398574.603357
32.246188,77.175238,33.869999,2060.930664,2022-05-21,0.9872890114784241,11,138398574.611621
32.246061,77.184199,6.119999885559082,1911.726074,2022-05-21,0.955623984336853,8,138398574.756241
32.245897,77.197211,15.239999771118164,2145.697021,2022-05-21,0.956296980381012,6,138398574.541377
32.245732,77.206304,10.489999771118164,2623.062256,2022-05-21,0.9534940123558044,5,138398574.677733
32.245555,77.2196044921875,34.720001,2527.709229,2022-05-21,0.9647719860076904,3,138398574.462869
32.245828,77.1756591796875,23.790001,2058.718018,2022-05-21,0.9664149880409241,11,138398574.619885
32.245694,77.184628,15.979999542236328,1903.349731,2022-05-21,0.9581570029258728,8,138398574.764505
32.245355,77.206743,8.890000343322754,2647.977051,2022-05-21,0.9842849969863892,5,138398574.685997
32.245329,77.185055,19.940001,1897.525635,2022-05-21,0.9512860178947449,8,138398574.772769
32.244968,77.207193,22.40999984741211,2676.305664,2022-05-21,0.9605900049209595,5,138398574.694261
32.24546432495117,77.176087,31.59000015258789,2051.361816,2022-05-21,0.9654399752616882,11,138398574.628149
32.245111,77.17649841308594,9.859999656677246,2047.123779,2022-05-21,0.9860249757766724,11,138398574.636413
32.244969,77.185476,18.18000030517578,1889.155029,2022-05-21,0.9558730125427246,8,138398574.781033
32.244776,77.198522,26.229999542236328,2187.538818,2022-05-21,0.9569770097732544,6,138398574.566169
32.244563,77.207661,33.290001,2744.518799,2022-05-21,0.9804580211639404,5,138398574.702525
32.244419,77.19893646240234,31.56999969482422,2163.965576,2022-05-21,0.9611179828643799,6,138398574.574433
32.244745,77.176929,18.329999923706055,2041.609131,2022-05-21,0.9821249842643738,11,138398574.644677
32.244608,77.185898,12.960000038146973,1884.536987,2022-05-21,0.9547550082206726,8,138398574.789297
32.244178771972656,77.208107,53.720001,2758.020264,2022-05-21,0.9797099828720093,5,138398574.710789
32.244384,77.177351,7.170000076293945,2043.270752,2022-05-21,0.9697160124778748,11,138398574.652941
32.244046,77.199377,42.40999984741211,2170.689453,2022-05-21,0.9760019779205322,6,138398574.582697
32.243801,77.208548,33.31999969482422,2803.99585,2022-05-21,0.9857969880104065,5,138398574.719053
32.244018,77.177779,8.100000381469727,2042.353394,2022-05-21,0.9628570079803467,11,138398574.661205
32.243667,77.199819,54.77000045776367,2185.628174,2022-05-21,0.9798330068588257,6,138398574.590961
32.243433,77.208978,45.540001,2797.390625,2022-05-21,0.9511600136756897,5,138398574.727317
32.243656158447266,77.178203,8.0600004196167,2035.30188,2022-05-21,0.9700490236282349,11,138398574.669469
32.243291,77.200259,40.650002,2222.595459,2022-05-21,0.9837890267372131,6,138398574.599225
32.243074,77.209399,41.470001,2787.78125,2022-05-21,0.9803040027618408,5,138398574.735581
32.243296,77.178625,4.849999904632568,2027.734497,2022-05-21,0.9640669822692871,11,138398574.677733
32.242922,77.200691,27.829999923706055,2243.926514,2022-05-21,0.9801920056343079,6,138398574.607489
32.242694,77.209841,25.549999,2831.101807,2022-05-21,0.9832479953765869,5,138398574.743845
32.242933,77.179049,7.019999980926514,2020.237793,2022-05-21,0.9648889899253845,11,138398574.685997
32.242561,77.201113,34.450001,2226.953125,2022-05-21,0.9811360239982605,6,138398574.615753
32.24231719970703,77.210281,42.330002,2837.434082,2022-05-21,0.9849749803543091,5,138398574.752109
32.242429,77.18844604492188,6.489999771118164,1857.929443,2022-05-21,0.9535409808158875,8,138398574.838889
32.242198,77.201538,31.229999542236328,2225.447754,2022-05-21,0.98294597864151,6,138398574.624017
32.241965,77.210694,42.59000015258789,2809.718994,2022-05-21,0.9777979850769043,5,138398574.760373
32.241817474365234,77.201983,45.84000015258789,2243.725342,2022-05-21,0.9838989973068237,6,138398574.632281
32.241626,77.211093,36.759998,2759.671387,2022-05-21,0.9603019952774048,5,138398574.768637
32.241485,77.224359,12.40999984741211,2662.237061,2022-05-21,0.9682570099830627,3,138398574.553773
32.241849,77.180317,16.649999618530273,1982.450195,2022-05-21,0.973734974861145,11,138398574.710789
32.241675,77.189328,49.81999969482422,1858.299927,2022-05-21,0.9521139860153198,8,138398574.855421
32.241446,77.202417,35.900002,2266.122803,2022-05-21,0.982729971408844,6,138398574.640545
32.241275,77.211506,52.299999,2715.800781,2022-05-21,0.9876689910888672,5,138398574.776901
32.241111755371094,77.224796,3.0999999046325684,2692.595459,2022-05-21,0.9672080278396606,3,138398574.562037
32.241485595703125,77.180742,13.699999809265137,1980.327393,2022-05-21,0.9629859924316406,11,138398574.719053
32.2410774230957,77.202848,35.790001,2271.887207,2022-05-21,0.980925977230072,6,138398574.648809
32.240922,77.21192169189453,58.540001,2683.837891,2022-05-21,0.9868850111961365,5,138398574.785165
32.241125,77.181165,13.520000457763672,1972.423706,2022-05-21,0.966035008430481,11,138398574.727317
32.240958,77.190166,36.369999,1842.079834,2022-05-21,0.9640520215034485,8,138398574.871953
32.240575,77.212329,41.990002,2662.678711,2022-05-21,0.9815070033073425,5,138398574.793429
32.240373,77.225658,9.859999656677246,2699.595215,2022-05-21,0.9683520197868347,3,138398574.578565
32.240689,77.203301,40.009998,2315.348877,2022-05-21,0.990327000617981,6,138398574.657073
32.240764,77.181587,15.420000076293945,1962.089233,2022-05-21,0.9683570265769958,11,138398574.735581
32.240591,77.190596,41.0,1840.86792,2022-05-21,0.9576290249824524,8,138398574.880219
32.240306,77.203747,30.260000228881836,2360.589111,2022-05-21,0.9857779741287231,6,138398574.665337
32.240230560302734,77.212734,16.850000381469727,2644.268555,2022-05-21,0.9526780247688293,5,138398574.801693
32.239999,77.226093,12.739999771118164,2715.191895,2022-05-21,0.9613890051841736,3,138398574.586829
32.239871978759766,77.213154,37.099998,2608.681641,2022-05-21,0.9864190220832825,5,138398574.809958
32.240408,77.182002,5.78000020980835,1950.20166,2022-05-21,0.970084011554718,11,138398574.743845
32.23991012573242,77.204207,36.240002,2416.851074,2022-05-21,0.9575780034065247,6,138398574.673601
32.2396240234375,77.22653198242188,10.869999885559082,2736.811523,2022-05-21,0.9685710072517395,3,138398574.595093
32.240045,77.182427,8.140000343322754,1942.647461,2022-05-21,0.9585959911346436,11,138398574.752109
32.239874,77.191434,18.0,1834.26062,2022-05-21,0.9557769894599915,8,138398574.896751
32.239526,77.21356201171875,39.189999,2566.212402,2022-05-21,0.9847440123558044,5,138398574.818224
32.239232,77.226983,45.93000030517578,2758.907959,2022-05-21,0.9740319848060608,3,138398574.603357
32.239538,77.204642,20.020000457763672,2447.538086,2022-05-21,0.9841570258140564,6,138398574.681865
32.239182,77.213966,38.93000030517578,2522.553467,2022-05-21,0.9873120188713074,5,138398574.82649
32.239684,77.182849,8.470000267028809,1931.957031,2022-05-21,0.9635850191116333,11,138398574.760373
32.239495,77.191877,36.779999,1841.171875,2022-05-21,0.9620410203933716,8,138398574.905017
32.239156,77.205087,32.689999,2467.238525,2022-05-21,0.9841330051422119,6,138398574.690129
32.23884963989258,77.227426,48.400002,2790.629395,2022-05-21,0.9787750244140625,3,138398574.611621
32.239324,77.183271,7.090000152587891,1922.766846,2022-05-21,0.966592013835907,11,138398574.768637
32.239137,77.192296,6.079999923706055,1856.447266,2022-05-21,0.955672025680542,8,138398574.913283
32.238834381103516,77.214374,52.68000030517578,2471.531738,2022-05-21,0.9846140146255493,5,138398574.834756
32.238786,77.205519,13.930000305175781,2495.014404,2022-05-21,0.9653260111808777,6,138398574.698393
32.238493,77.214777,41.65999984741211,2433.48877,2022-05-21,0.9828420281410217,5,138398574.843022
32.238466,77.227871,54.720001,2822.791992,2022-05-21,0.9698989987373352,3,138398574.619885
32.238963,77.183693,7.690000057220459,1912.448608,2022-05-21,0.9720799922943115,11,138398574.776901
32.238602,77.184114,6.269999980926514,1903.127563,2022-05-21,0.9648609757423401,11,138398574.785165
32.238399505615234,77.205969,19.15999984741211,2530.576416,2022-05-21,0.9856520295143127,6,138398574.706657
32.23818588256836,77.215144,35.939999,2322.123047,2022-05-21,0.981669008731842,5,138398574.851288
32.238399505615234,77.193157,11.720000267028809,1858.495361,2022-05-21,0.9625920057296753,8,138398574.929815
32.23799514770508,77.206439,68.639999,2563.209229,2022-05-21,0.9535459876060486,6,138398574.714921
32.237852,77.215538,12.770000457763672,2280.504639,2022-05-21,0.989109992980957,5,138398574.859554
32.23772048950195,77.228741,28.93000030517578,2880.406006,2022-05-21,0.9720839858055115,3,138398574.636413
32.238241,77.184537,7.019999980926514,1893.414673,2022-05-21,0.9686470031738281,11,138398574.793429
32.238032,77.193587,17.809999,1859.074341,2022-05-21,0.9508090019226074,8,138398574.938081
32.237333,77.229189,40.330002,2915.003418,2022-05-21,0.9743919968605042,3,138398574.644677
32.237621,77.206875,40.540001,2607.751465,2022-05-21,0.9832990169525146,6,138398574.723185
32.237481,77.21597290039062,37.990002,2264.610107,2022-05-21,0.9652379751205444,5,138398574.86782
32.237876892089844,77.184962,11.6899995803833,1884.973755,2022-05-21,0.9701079726219177,11,138398574.801693
32.2376708984375,77.194011,6.230000019073486,1863.016235,2022-05-21,0.9574829936027527,8,138398574.946347
32.23750686645508,77.185395,26.399999618530273,1877.908691,2022-05-21,0.9629690051078796,11,138398574.809958
32.237298,77.194446,19.899999618530273,1861.875122,2022-05-21,0.9637870192527771,8,138398574.954613
32.237245,77.207315,32.5,2637.731934,2022-05-21,0.956384003162384,6,138398574.731449
32.237061,77.216454,44.310001,2365.871826,2022-05-21,0.9575520157814026,5,138398574.876086
32.236906,77.207713,7.429999828338623,2607.258057,2022-05-21,0.9519709944725037,6,138398574.739713
32.23667526245117,77.216903,54.25,2397.988037,2022-05-21,0.9793829917907715,5,138398574.884352
32.23655700683594,77.230087,34.950001,3014.394287,2022-05-21,0.9707229733467102,3,138398574.661205
32.236799,77.186222,18.600000381469727,1837.169067,2022-05-21,0.9587849974632263,11,138398574.82649
32.236544,77.208137,39.790001,2567.126953,2022-05-21,0.9786829948425293,6,138398574.747977
32.236293,77.217347,52.830002,2430.502197,2022-05-21,0.9684749841690063,5,138398574.892618
32.236571,77.195296,5.519999980926514,1866.936401,2022-05-21,0.9520540237426758,8,138398574.971145
32.236198,77.208543,40.84000015258789,2524.680176,2022-05-21,0.9738950133323669,6,138398574.756241
32.236421,77.186664,45.490002,1834.813477,2022-05-21,0.9522730112075806,11,138398574.834756
32.236203,77.195726,7.650000095367432,1869.069092,2022-05-21,0.9667260050773621,8,138398574.979411
32.235923767089844,77.217778,21.06999969482422,2467.906006,2022-05-21,0.986981987953186,5,138398574.900884
32.236053466796875,77.187095,51.130001,1833.947754,2022-05-21,0.9554700255393982,11,138398574.843022
32.23554229736328,77.218222,18.040001,2503.134521,2022-05-21,0.9599440097808838,5,138398574.90915
32.235443115234375,77.231386,28.670000076293945,3054.544922,2022-05-21,0.9518229961395264,3,138398574.685997
32.235835,77.196157,4.25,1875.712891,2022-05-21,0.9621919989585876,8,138398574.987677
32.235517,77.209343,53.240002,2406.515869,2022-05-21,0.9794390201568604,6,138398574.772769
32.235468,77.196586,3.1700000762939453,1880.557739,2022-05-21,0.9580060243606567,8,138398574.995943
32.235163,77.218664,30.0,2518.758545,2022-05-21,0.9599490165710449,5,138398574.917416
32.235324,77.187946,46.049999,1832.047119,2022-05-21,0.9554169774055481,11,138398574.859554
32.235097,77.197021,12.510000228881836,1881.935303,2022-05-21,0.9650239944458008,8,138398575.004209
32.234858,77.21012115478516,12.619999885559082,2296.031494,2022-05-21,0.9523559808731079,6,138398574.789297
32.234789,77.21910095214844,12.619999885559082,2551.380615,2022-05-21,0.9854329824447632,5,138398574.925682
32.23440933227539,77.219541,9.930000305175781,2580.708252,2022-05-21,0.9598050117492676,5,138398574.933948
32.23472595214844,77.197454,6.829999923706055,1897.533447,2022-05-21,0.96881502866745,8,138398575.012475
32.234502,77.210538,23.459999,2266.554443,2022-05-21,0.9805330038070679,6,138398574.797561
32.234622,77.188766,5.150000095367432,1813.196899,2022-05-21,0.9566239714622498,11,138398574.876086
32.234344482421875,77.197901,33.09000015258789,1902.653687,2022-05-21,0.9549490213394165,8,138398575.020741
32.234148,77.210952,38.630001,2226.179199,2022-05-21,0.9793800115585327,6,138398574.805825
32.233999,77.220015,66.31999969482422,2614.020996,2022-05-21,0.9849259853363037,5,138398574.942214
32.233821868896484,77.211339,38.709999,2145.973145,2022-05-21,0.9558209776878357,6,138398574.814091
32.233985900878906,77.19831848144531,14.300000190734863,1907.150635,2022-05-21,0.9658060073852539,8,138398575.029007
32.233619689941406,77.220456,53.459999,2652.624268,2022-05-21,0.9842470288276672,5,138398574.95048
32.233882904052734,77.189631,19.309999,1813.858398,2022-05-21,0.9550679922103882,11,138398574.892618
32.233607,77.198763,28.120001,1920.035522,2022-05-21,0.9669960141181946,8,138398575.037273
32.233231,77.220908,60.790001,2692.707764,2022-05-21,0.978302001953125,5,138398574.958746
32.233516693115234,77.190059,20.950001,1811.80603,2022-05-21,0.9639689922332764,11,138398574.900884
32.233231,77.199203,23.34000015258789,1944.145508,2022-05-21,0.9883900284767151,8,138398575.045537
32.23310089111328,77.212181,25.629999,2135.242676,2022-05-21,0.9712129831314087,6,138398574.830623
32.232855,77.221346,57.240002,2716.479248,2022-05-21,0.9803540110588074,5,138398574.967012
32.233145,77.190494,27.780001,1816.952271,2022-05-21,0.9639970064163208,11,138398574.90915
32.232691,77.212656,47.970001,2202.867676,2022-05-21,0.9524229764938354,6,138398574.838889
32.232479095458984,77.234841,24.739999771118164,3135.42627,2022-05-21,0.9569969773292542,3,138398574.752109
32.232836,77.199665,45.0,1981.31189,2022-05-21,0.9797530174255371,8,138398575.053801
32.232485,77.221778,48.189999,2733.052246,2022-05-21,0.9596260190010071,5,138398574.975278
32.232779,77.190922,25.170000076293945,1820.887695,2022-05-21,0.9598209857940674,11,138398574.917416
32.232455,77.200111,29.729999542236328,2027.754395,2022-05-21,0.9593819975852966,8,138398575.062065
32.232299,77.213111,40.310001,2262.527344,2022-05-21,0.9788690209388733,6,138398574.847155
32.232114,77.222211,46.139999,2745.699951,2022-05-21,0.953823983669281,5,138398574.983544
32.232413,77.191349,25.690001,1819.538696,2022-05-21,0.9533870220184326,11,138398574.925682
32.232058,77.200574,75.06999969482422,2043.743042,2022-05-21,0.9562609791755676,8,138398575.070329
32.23191833496094,77.213553,27.15999984741211,2302.063477,2022-05-21,0.9834979772567749,6,138398574.855421
32.231745,77.222643,49.84000015258789,2749.293701,2022-05-21,0.9869470000267029,5,138398574.99181
32.2320442199707,77.191781,35.889999,1816.033936,2022-05-21,0.9563649892807007,11,138398574.933948
32.231545,77.2139892578125,35.790001,2313.335205,2022-05-21,0.9781309962272644,6,138398574.863687
32.231371,77.223079,47.779999,2767.033203,2022-05-21,0.9639359712600708,5,138398575.000076
32.231659,77.20104217529297,48.139999,2137.00415,2022-05-21,0.9527419805526733,8,138398575.078593
32.231300354003906,77.201462,15.229999542236328,2158.442627,2022-05-21,0.9623550176620483,8,138398575.086857
32.231175,77.214422,13.710000038146973,2343.368652,2022-05-21,0.9582679867744446,6,138398574.871953
32.231008,77.223503,35.830002,2772.558594,2022-05-21,0.9875400066375732,5,138398575.008342
32.231325,77.192622,14.9399995803833,1812.057861,2022-05-21,0.9699649810791016,11,138398574.95048
32.230945,77.201877,12.100000381469727,2140.307617,2022-05-21,0.9617670178413391,8,138398575.095121
32.230783,77.214878,49.31999969482422,2361.777832,2022-05-21,0.9854120016098022,6,138398574.880219
32.230652,77.223921,5.710000038146973,2785.257324,2022-05-21,0.96219402551651,5,138398575.016608
32.23095703125,77.193052,7.199999809265137,1823.89978,2022-05-21,0.9721490144729614,11,138398574.958746
32.230377197265625,77.215348,50.810001,2442.317871,2022-05-21,0.9797570109367371,6,138398574.888485
32.230262,77.224374,36.90999984741211,2801.268555,2022-05-21,0.9864479899406433,5,138398575.024874
32.230591,77.1934814453125,5.559999942779541,1825.189941,2022-05-21,0.966804027557373,11,138398574.967012
32.2305793762207,77.202304,14.0,2137.476562,2022-05-21,0.9663119912147522,8,138398575.103385
32.230201,77.202748,33.459999,2145.813477,2022-05-21,0.9599310159683228,8,138398575.111649
32.2299919128418,77.215797,23.420000076293945,2510.643799,2022-05-21,0.9823229908943176,6,138398574.896751
32.229905,77.224793,5.489999771118164,2815.872559,2022-05-21,0.9680730104446411,5,138398575.03314
32.230223,77.193911,8.210000038146973,1827.147949,2022-05-21,0.9733229875564575,11,138398574.975278
32.229525,77.225236,6.869999885559082,2843.958008,2022-05-21,0.9548199772834778,5,138398575.041405
32.229854583740234,77.194342,6.119999885559082,1834.863892,2022-05-21,0.9640470147132874,11,138398574.983544
32.229829,77.203184,18.18000030517578,2174.531006,2022-05-21,0.9531189799308777,8,138398575.119913
32.229623,77.216228,16.209999,2523.685791,2022-05-21,0.9829630255699158,6,138398574.905017
32.229244232177734,77.216669,7.619999885559082,2558.656006,2022-05-21,0.9784970283508301,6,138398574.913283
32.229146,77.225677,5.039999961853027,2873.129395,2022-05-21,0.9692379832267761,5,138398575.049669
32.229487,77.194772,7.050000190734863,1838.363525,2022-05-21,0.9630590081214905,11,138398574.99181
32.229129791259766,77.204003,13.140000343322754,2117.388672,2022-05-21,0.9671559929847717,8,138398575.136441
32.228846,77.217132,42.709999,2590.501953,2022-05-21,0.9857649803161621,6,138398574.921549
32.228766,77.226119,20.770000457763672,2883.177979,2022-05-21,0.9685840010643005,5,138398575.057933
32.22911834716797,77.195201,6.53000020980835,1840.588623,2022-05-21,0.968101978302002,11,138398575.000076
32.228768,77.204427,4.659999847412109,2119.393799,2022-05-21,0.9622899889945984,8,138398575.144705
32.228393,77.22655487060547,21.399999618530273,2899.948975,2022-05-21,0.9598829746246338,5,138398575.066197
32.228754,77.195629,5.449999809265137,1842.260376,2022-05-21,0.9673470258712769,11,138398575.008342
32.228476,77.217564,32.580002,2609.098145,2022-05-21,0.9816499948501587,6,138398574.929815
32.228407,77.204849,8.399999618530273,2105.877686,2022-05-21,0.9613860249519348,8,138398575.152969
32.228114,77.217987,19.129999,2613.009521,2022-05-21,0.9823049902915955,6,138398574.938081
32.228001,77.22701263427734,46.439999,2927.424316,2022-05-21,0.9853600263595581,5,138398575.074461
32.228384,77.196062,13.109999656677246,1843.690918,2022-05-21,0.9555739760398865,11,138398575.016608
32.22801971435547,77.196488,8.319999694824219,1845.667969,2022-05-21,0.9562950134277344,11,138398575.024874
32.22805404663086,77.205264,20.309999,2071.875,2022-05-21,0.9589580297470093,8,138398575.161233
32.227758,77.218404,9.220000267028809,2603.259521,2022-05-21,0.9789680242538452,6,138398574.946347
32.227637,77.227436,32.240002,2939.64502,2022-05-21,0.9875079989433289,5,138398575.082725
32.227705,77.205673,12.960000038146973,2046.251465,2022-05-21,0.9678450226783752,8,138398575.169497
32.227389,77.218836,8.59000015258789,2610.815674,2022-05-21,0.9596909880638123,6,138398574.954613
32.227271,77.227864,44.869999,2926.734131,2022-05-21,0.9855700135231018,5,138398575.090989
32.2276496887207,77.196921,20.129999,1843.162109,2022-05-21,0.9504259824752808,11,138398575.03314
32.227355,77.206082,9.149999618530273,2019.832397,2022-05-21,0.9653949737548828,8,138398575.177761
32.227021,77.219266,10.079999923706055,2614.078613,2022-05-21,0.9645860195159912,6,138398574.962879
32.226903,77.228295,47.669998,2929.976318,2022-05-21,0.960191011428833,5,138398575.099253
32.227286,77.197347,13.289999961853027,1845.352295,2022-05-21,0.9608319997787476,11,138398575.041405
32.227006,77.206492,10.680000305175781,1986.310181,2022-05-21,0.965815007686615,8,138398575.186025
32.226539,77.228721,23.829999923706055,2950.30127,2022-05-21,0.9863430261611938,5,138398575.107517
32.2269287109375,77.197764,13.029999732971191,1827.874023,2022-05-21,0.9551669955253601,11,138398575.049669
32.22665786743164,77.21968841552734,7.389999866485596,2609.335205,2022-05-21,0.9631689786911011,6,138398574.971145
32.226662,77.206896,10.75,1945.455811,2022-05-21,0.9720939993858337,8,138398575.194289
32.226296,77.220113,6.159999847412109,2603.470703,2022-05-21,0.9849550127983093,6,138398574.979411
32.226156,77.229166,47.93000030517578,2961.332764,2022-05-21,0.9588220119476318,5,138398575.115781
32.226571,77.198184,4.440000057220459,1823.948608,2022-05-21,0.9585229754447937,11,138398575.057933
32.226202,77.19861602783203,3.8399999141693115,1830.552368,2022-05-21,0.9558039903640747,11,138398575.066197
32.225927,77.220545,8.069999694824219,2608.281738,2022-05-21,0.9783040285110474,6,138398574.987677
32.225788,77.229597,33.439999,2981.016113,2022-05-21,0.9677760004997253,5,138398575.124045
32.225922,77.207762,25.09000015258789,1949.988892,2022-05-21,0.9642230272293091,8,138398575.210817
32.225547,77.220987,34.560001,2608.980225,2022-05-21,0.9872689843177795,6,138398574.995943
32.225423,77.230025,48.27000045776367,2966.904785,2022-05-21,0.9862210154533386,5,138398575.132309
32.225509,77.208245,29.989999771118164,2041.062134,2022-05-21,0.9540150165557861,8,138398575.219081
32.22517013549805,77.221427,48.90999984741211,2619.19043,2022-05-21,0.9843990206718445,6,138398575.004209
32.22506332397461,77.230447,54.919998,2949.536133,2022-05-21,0.9622550010681152,5,138398575.140573
32.225131,77.208688,27.780001,2069.155762,2022-05-21,0.9548140168190002,8,138398575.227345
32.22471618652344,77.230855,36.84000015258789,2928.520264,2022-05-21,0.9634569883346558,5,138398575.148837
32.224798,77.221862,38.52000045776367,2643.037109,2022-05-21,0.9827250242233276,6,138398575.012475
32.224735260009766,77.209151,31.139999,2126.64209,2022-05-21,0.9557260274887085,8,138398575.235609
32.224437,77.222285,49.360001,2621.954346,2022-05-21,0.963808000087738,6,138398575.020741
32.224352,77.231282,53.950001,2912.064453,2022-05-21,0.9536070227622986,5,138398575.157101
32.224709,77.200365,33.56999969482422,1863.973267,2022-05-21,0.9654620289802551,11,138398575.099253
32.22398376464844,77.231712,55.47999954223633,2913.484375,2022-05-21,0.9685320258140564,5,138398575.165365
32.22433090209961,77.200808,22.559999,1903.029419,2022-05-21,0.9684659838676453,11,138398575.107517
32.224366,77.209583,26.139999,2139.966309,2022-05-21,0.981768012046814,8,138398575.243873
32.22406768798828,77.222715,44.200001,2633.277344,2022-05-21,0.9807620048522949,6,138398575.029007
32.223992,77.210021,32.900002,2150.692871,2022-05-21,0.984408974647522,8,138398575.252137
32.223708,77.223138,46.970001,2620.692871,2022-05-21,0.9819880127906799,6,138398575.037273
32.223631,77.232127,34.779999,2911.65332,2022-05-21,0.9705650210380554,5,138398575.173629
32.223615,77.210463,36.75,2170.92334,2022-05-21,0.9893079996109009,8,138398575.260401
32.223348,77.223559,46.439999,2609.370117,2022-05-21,0.9806339740753174,6,138398575.045537
32.22325134277344,77.232571,48.15999984741211,2928.457031,2022-05-21,0.9609490036964417,5,138398575.181893
32.22323989868164,77.210902,16.84000015258789,2210.98877,2022-05-21,0.9870610237121582,8,138398575.268665
32.223002,77.223966,59.59000015258789,2556.000732,2022-05-21,0.9822940230369568,6,138398575.053801
32.222884,77.232999,43.939999,2934.875732,2022-05-21,0.9616569876670837,5,138398575.190157
32.223227,77.202101,4.78000020980835,1936.660889,2022-05-21,0.9743810296058655,11,138398575.132309
32.222868,77.211337,18.629999,2222.780029,2022-05-21,0.9804880023002625,8,138398575.276929
32.222625732421875,77.224404,50.099998,2585.438721,2022-05-21,0.9773340225219727,6,138398575.062065
32.222545,77.2333984375,31.010000228881836,2895.903564,2022-05-21,0.9648020267486572,5,138398575.198421
32.222856,77.202534,6.079999923706055,1945.413574,2022-05-21,0.9739620089530945,11,138398575.140573
32.222199,77.233807,55.889999,2831.144287,2022-05-21,0.9611589908599854,5,138398575.206685
32.222505,77.211762,33.720001,2202.88623,2022-05-21,0.9866700172424316,8,138398575.285193
32.222249,77.224844,39.97999954223633,2620.118652,2022-05-21,0.9804159998893738,6,138398575.070329
32.222167,77.212159,19.190001,2164.884521,2022-05-21,0.9828280210494995,8,138398575.293457
32.221888,77.225268,48.97999954223633,2602.996338,2022-05-21,0.9810940027236938,6,138398575.078593
32.221827,77.234242,43.369999,2858.591064,2022-05-21,0.968904972076416,5,138398575.214949
32.22211837768555,77.203397,2.9800000190734863,1961.651855,2022-05-21,0.9680650234222412,11,138398575.157101
32.221808,77.21257781982422,40.439999,2131.428467,2022-05-21,0.9824789762496948,8,138398575.301721
32.221534729003906,77.225682,43.529999,2582.557373,2022-05-21,0.981033980846405,6,138398575.086857
32.221442,77.23468780517578,38.18000030517578,2902.373535,2022-05-21,0.9635599851608276,5,138398575.223213
32.221466064453125,77.212981,17.100000381469727,2110.035400390625,2022-05-21,0.9840829968452454,8,138398575.309985
32.22119903564453,77.226077,62.31999969482422,2500.302002,2022-05-21,0.9784200191497803,6,138398575.095121
32.221098,77.235095,47.52000045776367,2851.425049,2022-05-21,0.9561799764633179,5,138398575.231477
32.221383,77.20426177978516,6.079999923706055,1970.515747,2022-05-21,0.951678991317749,11,138398575.173629
32.220777,77.235478,7.579999923706055,2804.860352,2022-05-21,0.9549750089645386,5,138398575.239741
32.221107482910156,77.213402,20.389999,2093.374268,2022-05-21,0.9846779704093933,8,138398575.318249
32.220873,77.226463,20.290001,2462.421143,2022-05-21,0.9807599782943726,6,138398575.103385
32.22101974487305,77.204686,27.0,1946.491455,2022-05-21,0.9714639782905579,11,138398575.181893
32.22072219848633,77.213852,37.419998,2116.654785,2022-05-21,0.9832469820976257,8,138398575.326513
32.220521,77.226876,12.210000038146973,2442.997559,2022-05-21,0.9854080080986023,6,138398575.111649
32.220422,77.235894,41.060001,2750.022217,2022-05-21,0.9630650281906128,5,138398575.248005
32.220661,77.205107,16.209999,1944.911255,2022-05-21,0.9660710096359253,11,138398575.190157
32.220087,77.236291,5.860000133514404,2725.976074,2022-05-21,0.9632779955863953,5,138398575.256269
32.220328,77.214313,58.150002,2153.501465,2022-05-21,0.9781590104103088,8,138398575.334777
32.220151,77.227309,36.580002,2428.753662,2022-05-21,0.9753190279006958,6,138398575.119913
32.220285,77.205547,7.349999904632568,1975.771606,2022-05-21,0.9724730253219604,11,138398575.198421
32.219786,77.227736,52.22999954223633,2411.432861,2022-05-21,0.9875140190124512,6,138398575.128177
32.219699,77.236742,15.84000015258789,2761.561279,2022-05-21,0.9700210094451904,5,138398575.264533
32.219972,77.21472930908203,13.029999732971191,2181.695801,2022-05-21,0.9869049787521362,8,138398575.343041
32.219911,77.205985,14.5600004196167,1986.489258,2022-05-21,0.9724739789962769,11,138398575.206685
32.219598,77.215167,11.010000228881836,2200.11792,2022-05-21,0.9873030185699463,8,138398575.351305
32.219444274902344,77.228139,9.819999694824219,2407.051758,2022-05-21,0.9656820297241211,6,138398575.136441
32.219305,77.237199,35.380001,2798.594238,2022-05-21,0.9669010043144226,5,138398575.272797
32.21954345703125,77.206417,8.359999656677246,1999.490356,2022-05-21,0.9692230224609375,11,138398575.214949
32.218907,77.237662,61.5,2840.244385,2022-05-21,0.9591040015220642,5,138398575.281061
32.219197,77.215636,59.310001,2222.237793,2022-05-21,0.9857270121574402,8,138398575.359569
32.219065,77.228581,28.989999771118164,2416.26001,2022-05-21,0.9917899966239929,6,138398575.144705
32.21916198730469,77.206863,28.420000076293945,2010.873169,2022-05-21,0.9658899903297424,11,138398575.223213
32.218681,77.229029,11.770000457763672,2471.327637,2022-05-21,0.9827849864959717,6,138398575.152969
32.218526,77.238105,45.060001,2887.636963,2022-05-21,0.9628869891166687,5,138398575.289325
32.218836,77.216059,19.15999984741211,2252.284912,2022-05-21,0.975246012210846,8,138398575.367833
32.218774,77.207318,37.759998,2048.875488,2022-05-21,0.9556769728660583,11,138398575.231477
32.218457,77.216503,43.810001,2257.097656,2022-05-21,0.9856370091438293,8,138398575.376097
32.21828842163086,77.229484,31.010000228881836,2504.938721,2022-05-21,0.9826689958572388,6,138398575.161233
32.21814727783203,77.238547,40.759998,2920.201172,2022-05-21,0.9681310057640076,5,138398575.297589
32.218392,77.207766,33.990002,2088.145996,2022-05-21,0.9559000134468079,11,138398575.239741
32.218064,77.216962,68.720001,2287.147949,2022-05-21,0.9845799803733826,8,138398575.384361
32.217882,77.229958,60.75,2564.262695,2022-05-21,0.986407995223999,6,138398575.169497
32.217783,77.238973,7.019999980926514,2952.838623,2022-05-21,0.9595270156860352,5,138398575.305853
32.218013763427734,77.208209,26.399999618530273,2121.713623,2022-05-21,0.9607279896736145,11,138398575.248005
32.217504,77.230399,46.220001,2605.177979,2022-05-21,0.9669610261917114,6,138398575.177761
32.217403411865234,77.239416,6.71999979019165,2983.40332,2022-05-21,0.9553980231285095,5,138398575.314117
32.217620849609375,77.208671,61.220001,2145.697754,2022-05-21,0.9662830233573914,11,138398575.256269
32.217674255371094,77.217417,79.699997,2324.835938,2022-05-21,0.9623180031776428,8,138398575.392625
32.217281,77.217877,72.120003,2388.668213,2022-05-21,0.9784129858016968,8,138398575.400889
32.217112,77.230856,52.5,2654.817139,2022-05-21,0.9577720165252686,6,138398575.186025
32.21702194213867,77.23986053466797,11.020000457763672,3010.884521,2022-05-21,0.9650400280952454,5,138398575.322381
32.217238,77.209119,24.760000228881836,2216.546875,2022-05-21,0.956870973110199,11,138398575.264533
32.216641,77.240303,7.840000152587891,3043.973877,2022-05-21,0.9565759897232056,5,138398575.330645
32.216905,77.218317,69.279999,2412.833984,2022-05-21,0.9811440110206604,8,138398575.409153
32.216749,77.231281,31.010000228881836,2671.391602,2022-05-21,0.9663180112838745,6,138398575.194289
32.216868,77.209552,15.9399995803833,2235.645752,2022-05-21,0.9664279818534851,11,138398575.272797
32.216376,77.231717,23.129999,2696.410889,2022-05-21,0.9621809720993042,6,138398575.202553
32.216264,77.240743,4.699999809265137,3072.953369,2022-05-21,0.9589930176734924,5,138398575.338909
32.216482,77.210006,39.740002,2255.191162,2022-05-21,0.9843959808349609,11,138398575.281061
32.216535,77.21875,45.81999969482422,2444.977051,2022-05-21,0.9881410002708435,8,138398575.417417
32.21615219116211,77.219197,48.330002,2471.501709,2022-05-21,0.981145977973938,8,138398575.425681
32.215991,77.232166,10.789999961853027,2749.962158,2022-05-21,0.95735102891922,6,138398575.210817
32.215889,77.24118041992188,8.8100004196167,3087.20459,2022-05-21,0.9535049796104431,5,138398575.347173
32.21610641479492,77.210446,35.439999,2282.301025,2022-05-21,0.9825090169906616,11,138398575.289325
32.215764,77.21965026855469,54.189999,2514.89917,2022-05-21,0.9842159748077393,8,138398575.433945
32.215583,77.232639,57.799999,2790.81958,2022-05-21,0.9523800015449524,6,138398575.219081
32.215738,77.210877,19.639999,2303.723389,2022-05-21,0.9852910041809082,11,138398575.297589
32.215354,77.211328,37.15999984741211,2326.68335,2022-05-21,0.981561005115509,11,138398575.305853
32.215398,77.220078,23.299999,2546.696045,2022-05-21,0.9889799952507019,8,138398575.442209
32.215012,77.220529,51.200001,2559.788574,2022-05-21,0.9821749925613403,8,138398575.450473
32.214839,77.23351287841797,11.130000114440918,2867.909912,2022-05-21,0.9519619941711426,6,138398575.235609
32.214982,77.211763,18.190001,2358.339844,2022-05-21,0.9870039820671082,11,138398575.314117
32.214652,77.220947265625,36.189999,2562.730957,2022-05-21,0.9919040203094482,8,138398575.458737
32.214453,77.233959,13.1899995803833,2907.202881,2022-05-21,0.9590640068054199,6,138398575.243873
32.214594,77.212218,40.220001,2382.895752,2022-05-21,0.9642500281333923,11,138398575.322381
32.214266,77.221401,53.220001,2586.174561,2022-05-21,0.9778890013694763,8,138398575.467001
32.214079,77.234397,8.140000343322754,2932.643799,2022-05-21,0.9613800048828125,6,138398575.252137
32.214216,77.212662,34.31999969482422,2416.418213,2022-05-21,0.9878979921340942,11,138398575.330645
32.213909,77.221819,11.720000267028809,2611.188721,2022-05-21,0.9653429985046387,8,138398575.475265
32.21369934082031,77.234839,6.71999979019165,2962.367188,2022-05-21,0.9680209755897522,6,138398575.260401
32.21384811401367,77.213091,18.93000030517578,2434.179199,2022-05-21,0.9914739727973938,11,138398575.338909
32.213523864746094,77.222268,38.43000030517578,2622.82666,2022-05-21,0.9624239802360535,8,138398575.483529
32.213324,77.235277,5.300000190734863,2985.182373,2022-05-21,0.9623540043830872,6,138398575.268665
32.213469,77.213537,14.970000267028809,2471.186279,2022-05-21,0.9638959765434265,11,138398575.347173
32.213134765625,77.222723,49.599998,2656.777832,2022-05-21,0.9652889966964722,8,138398575.491793
32.212949,77.235716,3.6600000858306885,3008.387939,2022-05-21,0.9612650275230408,6,138398575.276929
32.213088,77.213983,10.010000228881836,2508.13623,2022-05-21,0.9868149757385254,11,138398575.355437
32.212774,77.22314453125,39.360001,2659.587646,2022-05-21,0.9664980173110962,8,138398575.500057
32.21257400512695,77.236154,6.869999885559082,3025.538818,2022-05-21,0.9603649973869324,6,138398575.285193
32.21269607543945,77.214443,50.720001,2522.602783,2022-05-21,0.980226993560791,11,138398575.363701
32.212196350097656,77.236596,4.440000057220459,3056.226318,2022-05-21,0.9640750288963318,6,138398575.293457
32.212398529052734,77.223583,34.43000030517578,2681.720215,2022-05-21,0.9652950167655945,8,138398575.508321
32.212324,77.214878,36.490002,2549.270752,2022-05-21,0.9888460040092468,11,138398575.371965
32.212011,77.224037,50.119999,2711.103516,2022-05-21,0.9696300029754639,8,138398575.516585
32.211806,77.237049,29.18000030517578,3081.766846,2022-05-21,0.9632750153541565,6,138398575.301721
32.211966,77.215297,3.0999999046325684,2568.470215,2022-05-21,0.9701910018920898,11,138398575.380229
32.211633,77.224478,48.029999,2737.532471,2022-05-21,0.966264009475708,8,138398575.524849
32.211419,77.237501,34.779999,3121.299805,2022-05-21,0.9659450054168701,6,138398575.309985
32.211578369140625,77.215749,40.970001,2572.457764,2022-05-21,0.989454984664917,11,138398575.388493
32.211265563964844,77.224907,25.239999771118164,2763.433105,2022-05-21,0.9650920033454895,8,138398575.533113
32.21104049682617,77.237943,19.989999771118164,3165.122314,2022-05-21,0.9661629796028137,6,138398575.318249
32.211213,77.216178,7.650000095367432,2608.54126,2022-05-21,0.9871249794960022,11,138398575.396757
32.210882,77.225356,25.280001,2799.398682,2022-05-21,0.9629999995231628,8,138398575.541377
32.210662,77.238384,21.93000030517578,3190.613525,2022-05-21,0.9600819945335388,6,138398575.326513
32.210837,77.216619,8.770000457763672,2629.988281,2022-05-21,0.9886109828948975,11,138398575.405021
32.210497,77.225806,31.59000015258789,2831.188721,2022-05-21,0.9567300081253052,8,138398575.549641
32.210275,77.238835,32.02000045776367,3225.460938,2022-05-21,0.9565320014953613,6,138398575.334777
32.210449,77.217073,27.600000381469727,2656.979004,2022-05-21,0.9804499745368958,11,138398575.413285
32.210097,77.226273,51.540001,2878.71875,2022-05-21,0.9617319703102112,8,138398575.557905
32.20989227294922,77.239282,27.309999,3266.866943,2022-05-21,0.9615089893341064,6,138398575.343041
32.210085,77.217499,15.609999656677246,2667.297607,2022-05-21,0.9845939874649048,11,138398575.421549
32.209729,77.226704,20.719999,2916.314209,2022-05-21,0.9638209939002991,8,138398575.566169
32.209511,77.239726,25.93000030517578,3300.955078,2022-05-21,0.957211971282959,6,138398575.351305
32.209734,77.21791076660156,19.899999618530273,2632.631348,2022-05-21,0.9842000007629395,11,138398575.429813
32.209374,77.21833038330078,10.380000114440918,2630.637695,2022-05-21,0.9651560187339783,11,138398575.438077
32.20933151245117,77.2271728515625,32.75,2970.469238,2022-05-21,0.9701709747314453,8,138398575.574433
32.209136962890625,77.240163,16.510000228881836,3328.501709,2022-05-21,0.9572849869728088,6,138398575.359569
32.208758,77.240605,31.200001,3343.235352,2022-05-21,0.961080014705658,6,138398575.367833
32.209001,77.218766,6.909999847412109,2649.744873,2022-05-21,0.9598379731178284,11,138398575.446341
32.208955,77.227609,28.190001,2994.941162,2022-05-21,0.9609609842300415,8,138398575.582697
32.208583,77.228043,10.979999542236328,3023.171387,2022-05-21,0.9671609997749329,8,138398575.590961
32.208375,77.241051,26.709999,3384.377441,2022-05-21,0.9557710289955139,6,138398575.376097
32.20863342285156,77.219198,9.710000038146973,2653.60791,2022-05-21,0.9844539761543274,11,138398575.454605
32.208257,77.219637,29.43000030517578,2653.678467,2022-05-21,0.9826080203056335,11,138398575.462869
32.208208,77.228482,4.550000190734863,3050.208008,2022-05-21,0.9672319889068604,8,138398575.599225
32.207828521728516,77.228924,6.570000171661377,3072.91748,2022-05-21,0.959538996219635,8,138398575.607489
32.207891,77.220064,19.790001,2663.683838,2022-05-21,0.9633309841156006,11,138398575.471133
32.20751953125,77.220499,35.630001,2660.449951,2022-05-21,0.9629210233688354,11,138398575.479397
32.207462310791016,77.22935485839844,8.510000228881836,3077.09668,2022-05-21,0.9636920094490051,8,138398575.615753
32.207156,77.220925,37.200001,2655.487549,2022-05-21,0.9630100131034851,11,138398575.487661
32.20709991455078,77.229779,7.800000190734863,3070.989746,2022-05-21,0.9697669744491577,8,138398575.624017
32.206744,77.230197,9.40999984741211,3053.072266,2022-05-21,0.9612330198287964,8,138398575.632281
32.206785,77.221358,39.220001,2663.864014,2022-05-21,0.960902988910675,11,138398575.495925
32.206421,77.221784,21.020000457763672,2679.922607,2022-05-21,0.9589999914169312,11,138398575.504189
32.206393,77.230608,25.879999,3008.957764,2022-05-21,0.9564779996871948,8,138398575.640545
32.206025,77.231039,43.209999,2997.196533,2022-05-21,0.9592440128326416,8,138398575.648809
32.206061,77.222204,35.06999969482422,2653.2771,2022-05-21,0.9552270174026489,11,138398575.512453
32.205705,77.22261810302734,16.209999,2652.278809,2022-05-21,0.9681360125541687,11,138398575.520717
32.205632,77.231498,25.43000030517578,3069.893066,2022-05-21,0.96384197473526,8,138398575.657073
32.205316,77.223077,41.97999954223633,2675.111084,2022-05-21,0.9618170261383057,11,138398575.528981
32.204927,77.232326,49.40999984741211,2999.092285,2022-05-21,0.9651510119438171,8,138398575.673601
32.204925537109375,77.223532,45.599998,2720.650391,2022-05-21,0.961778998374939,11,138398575.537245
32.204587,77.232724,34.990002,2963.384521,2022-05-21,0.9605050086975098,8,138398575.681865
32.204553,77.223969,42.049999,2740.011475,2022-05-21,0.9847339987754822,11,138398575.545509
32.204259,77.23310852050781,14.899999618530273,2911.395264,2022-05-21,0.9629359841346741,8,138398575.690129
32.204182,77.224404,52.889999,2740.981934,2022-05-21,0.985185980796814,11,138398575.553773
32.203886,77.233546,39.360001,2902.888672,2022-05-21,0.9579690098762512,8,138398575.698393
32.203822,77.224825,41.869999,2741.010254,2022-05-21,0.9826030135154724,11,138398575.562037
32.203513,77.233983,31.780001,2926.882568,2022-05-21,0.9567109942436218,8,138398575.706657
32.203468,77.225239,39.06999969482422,2720.537842,2022-05-21,0.9843050241470337,11,138398575.570301
32.203153,77.234407,60.130001,2891.418701,2022-05-21,0.9542710185050964,8,138398575.714921
32.203111,77.22565460205078,27.75,2713.99585,2022-05-21,0.982932984828949,11,138398575.578565
32.202832,77.234783,23.229999542236328,2840.299561,2022-05-21,0.9579030275344849,8,138398575.723185
32.202735,77.226096,57.110001,2706.708008,2022-05-21,0.9855700135231018,11,138398575.586829
32.202474,77.235204,21.549999,2830.177002,2022-05-21,0.9572039842605591,8,138398575.731449
32.202357,77.226538,47.549999,2740.805908,2022-05-21,0.9898290038108826,11,138398575.595093
32.202143,77.235593,28.15999984741211,2757.781738,2022-05-21,0.9578660130500793,8,138398575.739713
32.20200729370117,77.226948,39.18000030517578,2720.789551,2022-05-21,0.9832820296287537,11,138398575.603357
32.201803,77.235992,15.640000343322754,2721.457764,2022-05-21,0.9660260081291199,8,138398575.747977
32.201667,77.227346,37.529999,2671.23584,2022-05-21,0.9830870032310486,11,138398575.611621
32.20146179199219,77.236394,24.379999,2668.982178,2022-05-21,0.958549976348877,8,138398575.756241
32.201321,77.22775268554688,38.169998,2631.150635,2022-05-21,0.9668920040130615,11,138398575.619885
32.201116,77.236798,8.65999984741211,2644.439453,2022-05-21,0.9654800295829773,8,138398575.764505
32.200976,77.228154,48.139999,2580.67334,2022-05-21,0.9856910109519958,11,138398575.628149
32.200766,77.237208,36.110001,2588.335693,2022-05-21,0.9610559940338135,8,138398575.772769
32.200632,77.228556,32.310001,2552.435547,2022-05-21,0.987742006778717,11,138398575.636413
32.200412,77.237624,36.0,2568.299316,2022-05-21,0.952987015247345,8,138398575.781033
32.200281,77.228967,33.540001,2522.189453,2022-05-21,0.9649909734725952,11,138398575.644677
32.199929,77.229379,38.990002,2492.219971,2022-05-21,0.9862840175628662,11,138398575.652941
32.199589,77.229777,14.859999656677246,2466.008545,2022-05-21,0.9840390086174011,11,138398575.661205
32.199228,77.2302017211914,45.189999,2428.052002,2022-05-21,0.9861090183258057,11,138398575.669469
32.198878,77.230611,30.770000457763672,2413.37793,2022-05-21,0.9667990207672119,11,138398575.677733
32.19853210449219,77.231015,25.690001,2378.119141,2022-05-21,0.9651740193367004,11,138398575.685997
32.198262,77.240145,54.189999,2473.193604,2022-05-21,0.9685760140419006,8,138398575.830623
32.198187,77.231419,13.399999618530273,2348.974854,2022-05-21,0.9708399772644043,11,138398575.694261
32.197839,77.231827,17.06999969482422,2315.487061,2022-05-21,0.9666630029678345,11,138398575.702525
32.197878,77.240595,49.52000045776367,2516.92627,2022-05-21,0.9613630175590515,8,138398575.838889
32.197493,77.241045,34.72999954223633,2571.12207,2022-05-21,0.9660369753837585,8,138398575.847155
32.197486,77.232241,10.859999656677246,2297.941895,2022-05-21,0.9581549763679504,11,138398575.710789
32.2886962890625,77.165057,9.649999618530273,2245.108887,2022-10-13,0.9614049792289734,8,150893216.98783
32.288238525390625,77.187528,31.030001,2657.787109,2022-10-13,0.9817860126495361,5,150893216.917586
32.288341,77.165476,10.289999961853027,2215.686768,2022-10-13,0.968375027179718,8,150893216.996094
32.287878,77.187954,6.170000076293945,2674.197021,2022-10-13,0.963621973991394,5,150893216.92585
32.28800964355469,77.156949,9.90999984741211,2601.306885,2022-10-13,0.9572589993476868,11,150893216.859738
32.287985,77.165896,16.84000015258789,2184.021973,2022-10-13,0.9648600220680237,8,150893217.004358
32.287508,77.188387,12.050000190734863,2687.743896,2022-10-13,0.966168999671936,5,150893216.934114
32.287628173828125,77.166315,8.789999961853027,2163.970947,2022-10-13,0.9728659987449646,8,150893217.012622
32.287652,77.1573715209961,12.010000228881836,2577.659668,2022-10-13,0.9539690017700195,11,150893216.868002
32.287165,77.179804,30.129999,2122.246338,2022-10-13,0.9506070017814636,6,150893216.806022
32.287141,77.188818,6.579999923706055,2703.09082,2022-10-13,0.9648690223693848,5,150893216.942378
32.286709,77.211442,25.979999542236328,3384.983398,2022-10-13,0.955935001373291,2,150893216.868002
32.287297,77.157787,9.5,2545.696533,2022-10-13,0.9505789875984192,11,150893216.876266
32.287269592285156,77.166739,5.71999979019165,2153.581055,2022-10-13,0.9656820297241211,8,150893217.020887
32.286776,77.189247,7.440000057220459,2707.010986,2022-10-13,0.9569249749183655,5,150893216.950642
32.286909,77.167164,7.070000171661377,2142.966309,2022-10-13,0.9563519954681396,8,150893217.029153
32.286792,77.180241,8.079999923706055,2177.030273,2022-10-13,0.9546160101890564,6,150893216.814286
32.286943,77.158204,16.989999771118164,2504.199219,2022-10-13,0.9599639773368835,11,150893216.88453
32.286411,77.189676,6.659999847412109,2710.853027,2022-10-13,0.9618970155715942,5,150893216.958906
32.286548,77.16758728027344,5.829999923706055,2135.855225,2022-10-13,0.9674019813537598,8,150893217.037419
32.286426,77.180671,13.850000381469727,2178.256592,2022-10-13,0.9544979929924011,6,150893216.82255
32.28658676147461,77.158622,13.770000457763672,2477.422119,2022-10-13,0.9672300219535828,11,150893216.892794
32.286062,77.181099,11.5600004196167,2179.119385,2022-10-13,0.9632880091667175,6,150893216.830814
32.286042,77.190109,28.219999,2706.488037,2022-10-13,0.9577130079269409,5,150893216.96717
32.28618621826172,77.168016,5.230000019073486,2127.199219,2022-10-13,0.9632070064544678,8,150893217.045685
32.285682,77.190534,9.199999809265137,2712.14209,2022-10-13,0.9609900116920471,5,150893216.975434
32.285823,77.168443,6.389999866485596,2123.974609,2022-10-13,0.9525840282440186,8,150893217.053951
32.285329,77.181959,16.620001,2187.841797,2022-10-13,0.9578779935836792,6,150893216.847342
32.285311,77.190968,21.739999771118164,2721.217773,2022-10-13,0.9604550004005432,5,150893216.983698
32.285529,77.159868,9.279999732971191,2363.515381,2022-10-13,0.9616879820823669,11,150893216.917586
32.285461,77.16886901855469,6.920000076293945,2117.137207,2022-10-13,0.9666640162467957,8,150893217.062217
32.284942626953125,77.191399,29.719999,2726.157715,2022-10-13,0.9633859992027283,5,150893216.991962
32.285099029541016,77.169296,3.630000114440918,2113.376221,2022-10-13,0.9655539989471436,8,150893217.070483
32.284962,77.18238830566406,27.290001,2189.101318,2022-10-13,0.9563490152359009,6,150893216.855606
32.2851676940918,77.160293,42.65999984741211,2319.423584,2022-10-13,0.9631639719009399,11,150893216.92585
32.284609,77.182808,5.800000190734863,2169.625977,2022-10-13,0.9697949886322021,6,150893216.86387
32.28457260131836,77.191833,25.299999,2751.37085,2022-10-13,0.9694539904594421,5,150893217.000226
32.284819,77.160705,31.100000381469727,2280.885498,2022-10-13,0.9612690210342407,11,150893216.934114
32.28473663330078,77.169723,5.5,2107.549072,2022-10-13,0.966517984867096,8,150893217.078749
32.28437042236328,77.170154,17.469999,2103.858154,2022-10-13,0.9562860131263733,8,150893217.087015
32.284238,77.183242,15.680000305175781,2182.460938,2022-10-13,0.9542800188064575,6,150893216.872134
32.28420639038086,77.192264,12.3100004196167,2775.889404,2022-10-13,0.9697809815406799,5,150893217.00849
32.28447341918945,77.161112,54.860001,2194.263916,2022-10-13,0.9578800201416016,11,150893216.942378
32.284007,77.170582,18.899999618530273,2100.05957,2022-10-13,0.9610779881477356,8,150893217.095281
32.283865,77.183679,8.15999984741211,2224.033203,2022-10-13,0.9557610154151917,6,150893216.880398
32.28349685668945,77.184111,10.960000038146973,2235.785156,2022-10-13,0.9565410017967224,6,150893216.888662
32.283649,77.171003,7.070000171661377,2091.214844,2022-10-13,0.963953971862793,8,150893217.103547
32.283287048339844,77.17143249511719,7.110000133514404,2085.523682,2022-10-13,0.9650290012359619,8,150893217.111813
32.283119201660156,77.184551,32.68000030517578,2258.329346,2022-10-13,0.9520670175552368,6,150893216.896926
32.282716,77.194007,27.770000457763672,2875.411865,2022-10-13,0.9583640098571777,5,150893217.041552
32.282571,77.20732879638672,21.370001,3021.80542,2022-10-13,0.9534569978713989,3,150893216.82255
32.282921,77.17185974121094,17.700001,2082.482422,2022-10-13,0.9553689956665039,8,150893217.120079
32.282733,77.18499755859375,4.670000076293945,2366.015381,2022-10-13,0.9604499936103821,6,150893216.90519
32.282562255859375,77.172283,6.25,2076.320068,2022-10-13,0.9655560255050659,8,150893217.128345
32.282363,77.185435,69.510002,2323.62207,2022-10-13,0.9541839957237244,6,150893216.913454
32.282354,77.194433,17.889999,2874.884521,2022-10-13,0.9667919874191284,5,150893217.049818
32.28199768066406,77.19485473632812,8.34000015258789,2860.89502,2022-10-13,0.9644690155982971,5,150893217.058084
32.282197,77.172713,16.280001,2071.624268,2022-10-13,0.9621130228042603,8,150893217.136611
32.282009,77.185854,57.349998,2300.398438,2022-10-13,0.9597160220146179,6,150893216.921718
32.281649,77.186278,56.0,2286.585693,2022-10-13,0.9606019854545593,6,150893216.929982
32.281637,77.19528198242188,6.019999980926514,2853.437256,2022-10-13,0.9508090019226074,5,150893217.06635
32.28183364868164,77.173139,13.319999694824219,2067.641602,2022-10-13,0.9570879936218262,8,150893217.144877
32.281272888183594,77.195708,5.090000152587891,2851.665527,2022-10-13,0.9604049921035767,5,150893217.074616
32.281469,77.173568,20.950001,2063.620117,2022-10-13,0.9537609815597534,8,150893217.153143
32.280909,77.196136,13.550000190734863,2842.994385,2022-10-13,0.9642689824104309,5,150893217.082882
32.281106,77.173995,22.40999984741211,2057.861328,2022-10-13,0.9628589749336243,8,150893217.161409
32.280916,77.187139,15.039999961853027,2344.477783,2022-10-13,0.963683009147644,6,150893216.94651
32.280546,77.196564,6.400000095367432,2848.008545,2022-10-13,0.9569290280342102,5,150893217.091148
32.280744,77.174421,18.110001,2053.747559,2022-10-13,0.9681429862976074,8,150893217.169675
32.280538,77.18757629394531,20.209999,2389.374756,2022-10-13,0.9603210091590881,6,150893216.954774
32.280187,77.196988,7.96999979019165,2829.391357,2022-10-13,0.9593909978866577,5,150893217.099414
32.280382,77.174847,18.559999,2046.662476,2022-10-13,0.9637380242347717,8,150893217.177941
32.280155181884766,77.188026,38.700001,2437.999268,2022-10-13,0.9620879888534546,6,150893216.963038
32.280022,77.175271,12.079999923706055,2041.211914,2022-10-13,0.9667440056800842,8,150893217.186207
32.279824,77.197415,18.0,2816.6521,2022-10-13,0.9666439890861511,5,150893217.10768
32.279461,77.197842,23.020000457763672,2804.79541,2022-10-13,0.963953971862793,5,150893217.115946
32.279656,77.17569732666016,20.989999771118164,2036.646362,2022-10-13,0.9691230058670044,8,150893217.194473
32.27940368652344,77.188904,5.159999847412109,2552.153564,2022-10-13,0.964913010597229,6,150893216.979566
32.279098,77.198269,21.110001,2802.938232,2022-10-13,0.9626539945602417,5,150893217.124212
32.279298,77.176121,4.75,2032.292236,2022-10-13,0.9555140137672424,8,150893217.202739
32.27903747558594,77.189335,79.769997,2489.435303,2022-10-13,0.9522039890289307,6,150893216.98783
32.278733,77.198698,46.189999,2782.87915,2022-10-13,0.9594100117683411,5,150893217.132478
32.278932,77.176551,13.390000343322754,2026.993164,2022-10-13,0.9667959809303284,8,150893217.211005
32.278686,77.189751,38.439999,2483.781738,2022-10-13,0.9797589778900146,6,150893216.996094
32.278358459472656,77.199134,35.669998,2822.542725,2022-10-13,0.9811609983444214,5,150893217.140744
32.278656005859375,77.167959,27.059999,2202.469482,2022-10-13,0.9854159951210022,11,150893217.074616
32.278568,77.176978,13.960000038146973,2025.0177001953125,2022-10-13,0.9616760015487671,8,150893217.219271
32.278308,77.190192,34.099998,2536.545898,2022-10-13,0.9842569828033447,6,150893217.004358
32.277989,77.199568,55.700001,2825.840088,2022-10-13,0.9622330069541931,5,150893217.14901
32.278207,77.177402,6.099999904632568,2021.562134,2022-10-13,0.9641680121421814,8,150893217.227537
32.277941,77.190623,43.119999,2539.400391,2022-10-13,0.9826740026473999,6,150893217.012622
32.27762222290039,77.199998,55.400002,2833.968506,2022-10-13,0.9858629703521729,5,150893217.157276
32.277938,77.168805,11.069999694824219,2183.251709,2022-10-13,0.9597979784011841,11,150893217.091148
32.277844,77.177828,4.940000057220459,2016.331421,2022-10-13,0.9648129940032959,8,150893217.235803
32.27724838256836,77.200433,56.75,2859.910889,2022-10-13,0.9833589792251587,5,150893217.165542
32.277579,77.169227,7.03000020980835,2170.801025,2022-10-13,0.9610810279846191,11,150893217.099414
32.277209,77.191483,49.040001,2546.758545,2022-10-13,0.986607015132904,6,150893217.029153
32.276877,77.200869,43.009998,2903.780518,2022-10-13,0.9798949956893921,5,150893217.173808
32.277224,77.169646,14.029999732971191,2132.544922,2022-10-13,0.9673600196838379,11,150893217.10768
32.277118,77.17868041992188,4.489999771118164,2004.878052,2022-10-13,0.9524350166320801,8,150893217.252334
32.276835,77.191921,41.549999,2590.614502,2022-10-13,0.9554240107536316,6,150893217.037419
32.276523,77.201288,4.230000019073486,2907.121826,2022-10-13,0.9589499831199646,5,150893217.182074
32.276873,77.170059,21.969999,2079.678711,2022-10-13,0.9670360088348389,11,150893217.115946
32.27646255493164,77.192357,45.81999969482422,2615.864258,2022-10-13,0.9545919895172119,6,150893217.045685
32.276521,77.170473,7.440000057220459,2052.250977,2022-10-13,0.9709129929542542,11,150893217.124212
32.276092,77.192792,46.529999,2640.033447,2022-10-13,0.9602069854736328,6,150893217.053951
32.276153564453125,77.201719,7.860000133514404,2917.670898,2022-10-13,0.9866489768028259,5,150893217.19034
32.275781,77.202155,32.34000015258789,2919.998291,2022-10-13,0.967635989189148,5,150893217.198606
32.276153,77.17090606689453,27.360001,2045.202759,2022-10-13,0.9715409874916077,11,150893217.132478
32.275725,77.193222,27.510000228881836,2666.719971,2022-10-13,0.9851959943771362,6,150893217.062217
32.275786,77.171338,25.629999,2059.130859,2022-10-13,0.9658679962158203,11,150893217.140744
32.275418,77.202581,34.400002,2915.240479,2022-10-13,0.9624519944190979,5,150893217.206872
32.27534866333008,77.193662,33.09000015258789,2704.317627,2022-10-13,0.9752359986305237,6,150893217.070483
32.275054,77.203008,36.080002,2909.930908,2022-10-13,0.9672949910163879,5,150893217.215138
32.275421,77.171767,9.84000015258789,2077.79126,2022-10-13,0.9689189791679382,11,150893217.14901
32.275296,77.180815,4.900000095367432,1997.309692,2022-10-13,0.9526349902153015,8,150893217.293654
32.274995,77.194081,16.09000015258789,2688.821289,2022-10-13,0.982371985912323,6,150893217.078749
32.274689,77.203437,41.439999,2906.336914,2022-10-13,0.966389000415802,5,150893217.223404
32.275062,77.172189,20.020000457763672,2049.063965,2022-10-13,0.9712049961090088,11,150893217.157276
32.27462387084961,77.194516,32.639999,2696.688965,2022-10-13,0.9814260005950928,6,150893217.087015
32.274327,77.203862,39.189999,2897.373047,2022-10-13,0.9872999787330627,5,150893217.23167
32.274702,77.172612,4.820000171661377,2047.755615,2022-10-13,0.9688019752502441,11,150893217.165542
32.274261474609375,77.194944,57.720001,2671.679199,2022-10-13,0.9698389768600464,6,150893217.095281
32.273958,77.204293,38.779999,2912.954834,2022-10-13,0.9680439829826355,5,150893217.239936
32.27433776855469,77.17304229736328,7.070000171661377,2045.996338,2022-10-13,0.9668560028076172,11,150893217.173808
32.274192810058594,77.1821060180664,38.65999984741211,1988.494995,2022-10-13,0.9607849717140198,8,150893217.318446
32.273898,77.195371,35.81999969482422,2687.259277,2022-10-13,0.9520840048789978,6,150893217.103547
32.27397537231445,77.173467,5.309999942779541,2044.725952,2022-10-13,0.9674400091171265,11,150893217.182074
32.27383804321289,77.182523,9.15999984741211,1987.323975,2022-10-13,0.9580320119857788,8,150893217.32671
32.273604,77.204711,5.389999866485596,2909.615723,2022-10-13,0.9526190161705017,5,150893217.248202
32.273531,77.195801,50.650002,2681.106689,2022-10-13,0.9839239716529846,6,150893217.111813
32.273219,77.205157,45.06999969482422,2939.124512,2022-10-13,0.962153971195221,5,150893217.256466
32.273608,77.173897,17.59000015258789,2038.949463,2022-10-13,0.967278003692627,11,150893217.19034
32.273177,77.19622039794922,38.779999,2658.44165,2022-10-13,0.9857289791107178,6,150893217.120079
32.27285385131836,77.205585,46.34000015258789,2939.520508,2022-10-13,0.9873350262641907,5,150893217.26473
32.273244,77.174325,21.81999969482422,2032.219971,2022-10-13,0.970786988735199,11,150893217.198606
32.272806,77.196654,50.799999,2667.130859,2022-10-13,0.9798719882965088,6,150893217.128345
32.27248001098633,77.20601654052734,52.700001,2961.555908,2022-10-13,0.9868419766426086,5,150893217.272994
32.272882,77.17475128173828,18.110001,2027.646362,2022-10-13,0.9687119722366333,11,150893217.206872
32.272444,77.197081,38.889999,2674.382568,2022-10-13,0.979390025138855,6,150893217.136611
32.272117614746094,77.206445,7.480000019073486,2998.312012,2022-10-13,0.9593480229377747,5,150893217.281258
32.272518157958984,77.175176,28.18000030517578,2011.412842,2022-10-13,0.9685189723968506,11,150893217.215138
32.272374,77.184237,17.31999969482422,1993.118164,2022-10-13,0.9591209888458252,8,150893217.359766
32.272078,77.197509765625,39.380001,2679.849365,2022-10-13,0.9788100123405457,6,150893217.144877
32.272161,77.175596,15.149999618530273,2001.238892,2022-10-13,0.970192015171051,11,150893217.223404
32.272011,77.184663,7.670000076293945,1997.01123,2022-10-13,0.9662700295448303,8,150893217.36803
32.271707,77.19794464111328,51.130001,2692.548828,2022-10-13,0.9874370098114014,6,150893217.153143
32.27173614501953,77.206887,45.029999,3016.643311,2022-10-13,0.9669550061225891,5,150893217.289522
32.271366119384766,77.207319,44.02000045776367,3035.444336,2022-10-13,0.984184980392456,5,150893217.297786
32.271802,77.176018,7.630000114440918,1989.897949,2022-10-13,0.9722189903259277,11,150893217.23167
32.271644592285156,77.185091,5.909999847412109,2002.261841,2022-10-13,0.9611639976501465,8,150893217.376294
32.27132797241211,77.198386,66.629997,2727.798096,2022-10-13,0.9818180203437805,6,150893217.161409
32.27143859863281,77.176442,6.920000076293945,1980.73938,2022-10-13,0.9687179923057556,11,150893217.239936
32.27127456665039,77.1855239868164,15.149999618530273,2008.162354,2022-10-13,0.966871976852417,8,150893217.384558
32.271007,77.207741,31.370001,3029.510498,2022-10-13,0.9585540294647217,5,150893217.30605
32.270953,77.198825,57.759998,2776.741455,2022-10-13,0.9573529958724976,6,150893217.169675
32.270647,77.208165,36.639999,3005.939697,2022-10-13,0.9895560145378113,5,150893217.314314
32.271074,77.176872,16.649999618530273,1976.549072,2022-10-13,0.9661269783973694,11,150893217.248202
32.270903,77.18595886230469,29.940001,2019.983398,2022-10-13,0.9680119752883911,8,150893217.392822
32.270591,77.199251,19.5,2805.821533,2022-10-13,0.9860420227050781,6,150893217.177941
32.27027893066406,77.208594,14.109999656677246,3037.970215,2022-10-13,0.9877809882164001,5,150893217.322578
32.270713,77.177296,7.139999866485596,1973.760864,2022-10-13,0.968421995639801,11,150893217.256466
32.270532,77.186393,8.449999809265137,2061.574219,2022-10-13,0.9594600200653076,8,150893217.401086
32.270213,77.199691,43.200001,2830.146973,2022-10-13,0.9833149909973145,6,150893217.186207
32.270342,77.17772674560547,29.34000015258789,1971.172974,2022-10-13,0.9668899774551392,11,150893217.26473
32.270163,77.186826,15.640000343322754,2069.479736,2022-10-13,0.9678120017051697,8,150893217.40935
32.2699089050293,77.209026,5.690000057220459,3063.942383,2022-10-13,0.9627649784088135,5,150893217.330842
32.26984786987305,77.20011901855469,42.40999984741211,2833.474121,2022-10-13,0.9520710110664368,6,150893217.194473
32.269539,77.209458,6.510000228881836,3080.87915,2022-10-13,0.9874740242958069,5,150893217.339106
32.269979,77.178155,25.75,1968.851318,2022-10-13,0.9645450115203857,11,150893217.272994
32.269786,77.187266,27.049999,2097.249268,2022-10-13,0.9693520069122314,8,150893217.417614
32.269488,77.200543,41.919998,2818.268555,2022-10-13,0.956013023853302,6,150893217.202739
32.269422,77.187693,11.670000076293945,2113.11792,2022-10-13,0.9729599952697754,8,150893217.425878
32.269161,77.209897,26.799999,3107.937988,2022-10-13,0.9626849889755249,5,150893217.34737
32.26912307739258,77.200971,51.689999,2808.101318,2022-10-13,0.980443000793457,6,150893217.211005
32.26879119873047,77.210329,27.290001,3126.14502,2022-10-13,0.9640070199966431,5,150893217.355634
32.269053,77.188125,18.479999542236328,2121.124023,2022-10-13,0.968517005443573,8,150893217.434142
32.268759,77.201398,6.46999979019165,2849.395264,2022-10-13,0.957069993019104,6,150893217.219271
32.268424,77.210758,8.869999885559082,3149.330811,2022-10-13,0.9539229869842529,5,150893217.363898
32.268688,77.188553,11.899999618530273,2128.886475,2022-10-13,0.9695410132408142,8,150893217.442406
32.268381,77.201839,29.120001,2877.172607,2022-10-13,0.9570339918136597,6,150893217.227537
32.26832580566406,77.188977,15.34000015258789,2116.44165,2022-10-13,0.9880849719047546,8,150893217.45067
32.268042,77.21119689941406,28.149999618530273,3186.554688,2022-10-13,0.9637420177459717,5,150893217.372162
32.268006,77.202276,48.439999,2893.883301,2022-10-13,0.9781259894371033,6,150893217.235803
32.267671,77.211632,26.610001,3208.787598,2022-10-13,0.9639319777488708,5,150893217.380426
32.267964,77.189402,30.200001,2094.13623,2022-10-13,0.9804220199584961,8,150893217.458934
32.267639,77.202706,36.049999,2912.669434,2022-10-13,0.9558110237121582,6,150893217.244069
32.267595,77.189834,37.009998,2101.612305,2022-10-13,0.9894760251045227,8,150893217.467198
32.267299,77.212066,26.049999,3234.115967,2022-10-13,0.9705470204353333,5,150893217.38869
32.267279,77.203129,18.379999,2913.110107,2022-10-13,0.9596530199050903,6,150893217.252334
32.267208099365234,77.190284,48.310001,2161.182861,2022-10-13,0.9842470288276672,8,150893217.475462
32.26690673828125,77.203563,43.22999954223633,2912.848389,2022-10-13,0.9848899841308594,6,150893217.260598
32.266932,77.212495,5.460000038146973,3264.00708,2022-10-13,0.9644910097122192,5,150893217.396954
32.266562,77.212927,5.010000228881836,3282.320801,2022-10-13,0.9662520289421082,5,150893217.405218
32.2668342590332,77.190724,29.229999542236328,2218.759033,2022-10-13,0.9814130067825317,8,150893217.483726
32.266545,77.203988,41.889999,2906.123779,2022-10-13,0.984375,6,150893217.268862
32.266704,77.181993,14.479999542236328,1949.985229,2022-10-13,0.9511730074882507,11,150893217.34737
32.26646041870117,77.191162,39.889999,2241.551025,2022-10-13,0.9899740219116211,8,150893217.49199
32.266191,77.21336364746094,5.460000038146973,3303.435791,2022-10-13,0.9623500108718872,5,150893217.413482
32.266188,77.204408,9.84000015258789,2910.760986,2022-10-13,0.9829350113868713,6,150893217.277126
32.265819,77.213793,6.019999980926514,3326.418701,2022-10-13,0.9633190035820007,5,150893217.421746
32.266339,77.18241882324219,17.510000228881836,1947.825684,2022-10-13,0.9600309729576111,11,150893217.355634
32.2661018371582,77.191585,7.03000020980835,2260.524414,2022-10-13,0.9882559776306152,8,150893217.500254
32.265814,77.204844,8.3100004196167,2942.875244,2022-10-13,0.9861500263214111,6,150893217.28539
32.265732,77.192016,16.200001,2262.830322,2022-10-13,0.9883310198783875,8,150893217.508518
32.265443,77.214231,20.879999,3350.094971,2022-10-13,0.9607639908790588,5,150893217.43001
32.265436,77.20528411865234,29.719999,2966.226318,2022-10-13,0.9851679801940918,6,150893217.293654
32.265365,77.192446,12.079999923706055,2275.306152,2022-10-13,0.964402973651886,8,150893217.516782
32.265067,77.205715,24.81999969482422,2989.073486,2022-10-13,0.9669489860534668,6,150893217.301918
32.265066,77.214669,30.920000076293945,3384.095215,2022-10-13,0.9675170183181763,5,150893217.438274
32.264696,77.215101,10.100000381469727,3421.953369,2022-10-13,0.9637600183486938,5,150893217.446538
32.265001,77.192873,6.659999847412109,2280.543457,2022-10-13,0.9880480170249939,8,150893217.525046
32.264699,77.206146,28.260000228881836,2996.001953,2022-10-13,0.9850170016288757,6,150893217.310182
32.264883,77.184126,13.359999656677246,1940.605835,2022-10-13,0.9589030146598816,11,150893217.38869
32.264636,77.193301,10.399999618530273,2278.481445,2022-10-13,0.9832500219345093,8,150893217.53331
32.264321,77.215537,5.760000228881836,3462.553223,2022-10-13,0.9631630182266235,5,150893217.454802
32.264517,77.184554,18.329999923706055,1937.850464,2022-10-13,0.9672470092773438,11,150893217.396954
32.264325,77.206581,32.97999954223633,3022.036865,2022-10-13,0.9633510112762451,6,150893217.318446
32.264274,77.1937255859375,7.480000019073486,2274.468262,2022-10-13,0.983456015586853,8,150893217.541574
32.263955,77.207013,39.040001,3034.248535,2022-10-13,0.9853429794311523,6,150893217.32671
32.26395034790039,77.21597290039062,7.289999961853027,3483.95874,2022-10-13,0.9625999927520752,5,150893217.463066
32.263912200927734,77.194151,8.489999771118164,2265.276855,2022-10-13,0.9882460236549377,8,150893217.549838
32.263578,77.216404,5.71999979019165,3511.220947,2022-10-13,0.9542459845542908,5,150893217.47133
32.263593,77.207438,5.650000095367432,3057.33374,2022-10-13,0.9593070149421692,6,150893217.334974
32.263788,77.185409,19.5,1938.707764,2022-10-13,0.9578840136528015,11,150893217.413482
32.263544,77.194582,33.22999954223633,2253.719971,2022-10-13,0.9642670154571533,8,150893217.558102
32.263222,77.207871,8.899999618530273,3077.781738,2022-10-13,0.9625880122184753,6,150893217.343238
32.263209,77.21683502197266,4.190000057220459,3527.665283,2022-10-13,0.9525349736213684,5,150893217.479594
32.26342010498047,77.18583679199219,8.529999732971191,1961.865723,2022-10-13,0.9691659808158875,11,150893217.421746
32.262841,77.217266,3.5899999141693115,3543.115234,2022-10-13,0.9574599862098694,5,150893217.487858
32.263164,77.195027,33.900002,2304.178711,2022-10-13,0.985709011554718,8,150893217.566366
32.262852,77.208304,7.739999771118164,3097.722412,2022-10-13,0.9848219752311707,6,150893217.351502
32.263057708740234,77.18626403808594,8.75,1950.789429,2022-10-13,0.9699320197105408,11,150893217.43001
32.262801,77.195454,20.5,2315.4375,2022-10-13,0.9845489859580994,8,150893217.57463
32.262473,77.217695,4.449999809265137,3552.360352,2022-10-13,0.9547550082206726,5,150893217.496122
32.2626953125,77.18669128417969,7.559999942779541,1948.980347,2022-10-13,0.9740999937057495,11,150893217.438274
32.262475,77.208742,32.0,3116.064697,2022-10-13,0.9675970077514648,6,150893217.359766
32.262102,77.209176,32.150002,3142.705811,2022-10-13,0.9832360148429871,6,150893217.36803
32.262328,77.18711853027344,11.069999694824219,1952.511841,2022-10-13,0.9596499800682068,11,150893217.446538
32.261741,77.218553,6.210000038146973,3561.150391,2022-10-13,0.9591789841651917,5,150893217.51265
32.261732,77.209609,28.709999,3167.126221,2022-10-13,0.9603040218353271,6,150893217.376294
32.261964,77.187547,8.229999542236328,1956.160767,2022-10-13,0.962253987789154,11,150893217.454802
32.261366,77.210037,24.139999,3174.617432,2022-10-13,0.9644799828529358,6,150893217.384558
32.261383056640625,77.218974,4.110000133514404,3541.718018,2022-10-13,0.9565119743347168,5,150893217.520914
32.2615966796875,77.187977,7.440000057220459,1965.046143,2022-10-13,0.9685080051422119,11,150893217.463066
32.261298,77.197212,31.170000076293945,2455.567627,2022-10-13,0.9854230284690857,8,150893217.607686
32.260992,77.210473,29.079999923706055,3203.448242,2022-10-13,0.9630020260810852,6,150893217.392822
32.261226654052734,77.188411,20.360001,1972.26001,2022-10-13,0.9601349830627441,11,150893217.47133
32.260922,77.197652,26.870001,2495.858154,2022-10-13,0.9826300144195557,8,150893217.61595
32.260862,77.188839,22.530001,1973.669678,2022-10-13,0.9667320251464844,11,150893217.479594
32.260625,77.210902,8.079999923706055,3231.804199,2022-10-13,0.9680420160293579,6,150893217.401086
32.260547,77.198091,33.040001,2524.846924,2022-10-13,0.9882040023803711,8,150893217.624214
32.26025390625,77.211335,5.309999942779541,3257.607422,2022-10-13,0.9689649939537048,6,150893217.40935
32.260262,77.220281,5.199999809265137,3638.222412,2022-10-13,0.9590139985084534,5,150893217.545706
32.260488,77.189278,27.649999618530273,2002.796997,2022-10-13,0.9853000044822693,11,150893217.487858
32.25990676879883,77.220699,14.300000190734863,3594.121338,2022-10-13,0.9629470109939575,5,150893217.55397
32.26019287109375,77.198507,44.68000030517578,2478.887207,2022-10-13,0.9671890139579773,8,150893217.632478
32.259878,77.211773,30.809999,3273.293213,2022-10-13,0.9641469717025757,6,150893217.417614
32.260119,77.18971252441406,26.940001,2017.848755,2022-10-13,0.9689639806747437,11,150893217.496122
32.259845,77.198918,10.59000015258789,2460.683594,2022-10-13,0.9645959734916687,8,150893217.640742
32.25955581665039,77.22111511230469,8.1899995803833,3554.894531,2022-10-13,0.963325023651123,5,150893217.562234
32.25975036621094,77.190143,57.93000030517578,2003.76001,2022-10-13,0.9640730023384094,11,150893217.504386
32.259507,77.212206,24.850000381469727,3301.247559,2022-10-13,0.9868080019950867,6,150893217.425878
32.259195,77.221539,23.31999969482422,3529.154541,2022-10-13,0.9621840119361877,5,150893217.570498
32.259474,77.199352,25.59000015258789,2467.046631,2022-10-13,0.9887949824333191,8,150893217.649006
32.259137,77.212638,22.790001,3322.369873,2022-10-13,0.9891800284385681,6,150893217.434142
32.259397,77.190557,20.020000457763672,2001.590576,2022-10-13,0.9656519889831543,11,150893217.51265
32.259105,77.199784,21.25,2484.582764,2022-10-13,0.9828609824180603,8,150893217.65727
32.258844,77.221955,9.020000457763672,3498.674316,2022-10-13,0.9610850214958191,5,150893217.578762
32.259031,77.190987,18.370001,2010.901245,2022-10-13,0.9687709808349609,11,150893217.520914
32.258765,77.213073,21.260000228881836,3352.172607,2022-10-13,0.9601929783821106,6,150893217.442406
32.258487,77.222375,12.539999961853027,3468.912354,2022-10-13,0.964555025100708,5,150893217.587026
32.258734,77.200219,27.020000457763672,2500.739746,2022-10-13,0.9843270182609558,8,150893217.665534
32.258394,77.213506,17.93000030517578,3377.656738,2022-10-13,0.9600809812545776,6,150893217.45067
32.258668,77.191413,8.079999923706055,2017.07666,2022-10-13,0.9720839858055115,11,150893217.529178
32.258389,77.200626,26.610001,2437.294922,2022-10-13,0.9857730269432068,8,150893217.673798
32.258129,77.222798,27.399999618530273,3434.778809,2022-10-13,0.9667230248451233,5,150893217.59529
32.258298,77.191847,20.770000457763672,2025.440674,2022-10-13,0.9721559882164001,11,150893217.537442
32.258026123046875,77.213937,23.65999984741211,3386.678711,2022-10-13,0.9675589799880981,6,150893217.458934
32.257774353027344,77.223216,33.90999984741211,3393.447754,2022-10-13,0.9644479751586914,5,150893217.603554
32.258006,77.201073,63.72999954223633,2459.454102,2022-10-13,0.9816210269927979,8,150893217.682062
32.257934,77.192274,11.5600004196167,2035.777466,2022-10-13,0.972894012928009,11,150893217.545706
32.257666,77.21436309814453,30.389999,3364.053955,2022-10-13,0.9875159859657288,6,150893217.467198
32.257421,77.223633,27.020000457763672,3360.816895,2022-10-13,0.9694100022315979,5,150893217.611818
32.257641,77.201501,34.049999,2489.388428,2022-10-13,0.9857450127601624,8,150893217.690326
32.257307,77.214781,35.630001,3336.803223,2022-10-13,0.988286018371582,6,150893217.475462
32.2570686340332,77.224049,27.620001,3315.907227,2022-10-13,0.9704779982566833,5,150893217.620082
32.257563,77.192709,18.40999984741211,2050.56665,2022-10-13,0.96424800157547,11,150893217.55397
32.257266,77.20194244384766,40.22999954223633,2518.70752,2022-10-13,0.9864540100097656,8,150893217.69859
32.257193,77.193142,25.450001,2061.396484,2022-10-13,0.9672369956970215,11,150893217.562234
32.256954193115234,77.215198,9.800000190734863,3324.313477,2022-10-13,0.9615330100059509,6,150893217.483726
32.256715,77.224468,28.600000381469727,3283.075928,2022-10-13,0.9682319760322571,5,150893217.628346
32.256885,77.202386,44.720001,2569.810059,2022-10-13,0.9784010052680969,8,150893217.706854
32.256585,77.215629,9.390000343322754,3339.717773,2022-10-13,0.9851620197296143,6,150893217.49199
32.256358,77.224889,32.380001,3253.681396,2022-10-13,0.9610999822616577,5,150893217.63661
32.256826,77.193574,10.470000267028809,2088.871826,2022-10-13,0.9736199975013733,11,150893217.570498
32.25651550292969,77.202817,40.97999954223633,2585.663574,2022-10-13,0.9609879851341248,8,150893217.715118
32.256458,77.194005,13.020000457763672,2100.480957,2022-10-13,0.9698370099067688,11,150893217.578762
32.256202,77.216074,33.240002,3382.589111,2022-10-13,0.9856299757957458,6,150893217.500254
32.256011962890625,77.22530364990234,36.15999984741211,3185.970947,2022-10-13,0.9695770144462585,5,150893217.644874
32.256135,77.203263,55.119999,2625.999512,2022-10-13,0.9893739819526672,8,150893217.723382
32.255829,77.216509,32.599998,3413.845947,2022-10-13,0.9898719787597656,6,150893217.508518
32.256093,77.194434,9.09000015258789,2106.330811,2022-10-13,0.9724670052528381,11,150893217.587026
32.255667,77.225711,8.3100004196167,3148.693604,2022-10-13,0.9683210253715515,5,150893217.653138
32.255762,77.203699,46.889999,2662.344482,2022-10-13,0.985759973526001,8,150893217.731646
32.255458,77.216943,36.869999,3433.275146,2022-10-13,0.9861339926719666,6,150893217.516782
32.255311,77.226131,28.559999,3098.259766,2022-10-13,0.9647560119628906,5,150893217.661402
32.255728,77.194862,8.720000267028809,2108.176025,2022-10-13,0.9736930131912231,11,150893217.59529
32.2553825378418,77.204142,58.56999969482422,2698.631592,2022-10-13,0.9605919718742371,8,150893217.73991
32.255366,77.195287,9.460000038146973,2099.39209,2022-10-13,0.9747620224952698,11,150893217.603554
32.255099,77.217365,23.43000030517578,3428.970703,2022-10-13,0.9672480225563049,6,150893217.525046
32.254956,77.226549,28.299999,3064.89209,2022-10-13,0.9618149995803833,5,150893217.669666
32.255007,77.204582,75.75,2719.40332,2022-10-13,0.9785810112953186,8,150893217.748174
32.254746,77.217782,21.600000381469727,3392.5,2022-10-13,0.964667022228241,6,150893217.53331
32.254602,77.226968,20.280001,3038.291992,2022-10-13,0.9664809703826904,5,150893217.67793
32.255001,77.195714,18.709999,2090.885742,2022-10-13,0.9761880040168762,11,150893217.611818
32.254625,77.196155,13.880000114440918,2135.984375,2022-10-13,0.9700570106506348,11,150893217.620082
32.254629,77.205024,55.5,2783.010986,2022-10-13,0.9856600165367126,8,150893217.756438
32.254393,77.218198,17.670000076293945,3354.659912,2022-10-13,0.9858090281486511,6,150893217.541574
32.254245,77.227388,28.370001,3002.371582,2022-10-13,0.9559280276298523,5,150893217.686194
32.2542610168457,77.205455,58.869999,2792.097412,2022-10-13,0.9903150200843811,8,150893217.764702
32.254039,77.218615,13.289999961853027,3321.4375,2022-10-13,0.989313006401062,6,150893217.549838
32.253897,77.227802,34.470001,2942.758301,2022-10-13,0.9657170176506042,5,150893217.694458
32.254259,77.196585,7.480000019073486,2148.719727,2022-10-13,0.9671940207481384,11,150893217.628346
32.253898,77.205881,36.369999,2806.515625,2022-10-13,0.9883009791374207,8,150893217.772966
32.253681,77.219036,29.120001,3282.536621,2022-10-13,0.9862440228462219,6,150893217.558102
32.253546,77.228217,33.119999,2898.700195,2022-10-13,0.9590150117874146,5,150893217.702722
32.253891,77.197016,8.229999542236328,2160.526367,2022-10-13,0.9709619879722595,11,150893217.63661
32.253325,77.219456,28.93000030517578,3253.188721,2022-10-13,0.9864540100097656,6,150893217.566366
32.253199,77.228629,37.389999,2834.129883,2022-10-13,0.9666619896888733,5,150893217.710986
32.253524,77.197447,17.209999,2159.504883,2022-10-13,0.9748780131340027,11,150893217.644874
32.253522,77.2063217163086,39.93000030517578,2842.666016,2022-10-13,0.9848909974098206,8,150893217.78123
32.253169,77.206735,32.59000015258789,2809.130371,2022-10-13,0.9836559891700745,8,150893217.789494
32.252967834472656,77.219876,31.06999969482422,3223.26416,2022-10-13,0.9695180058479309,6,150893217.57463
32.252845764160156,77.229046,29.010000228881836,2802.274414,2022-10-13,0.9723039865493774,5,150893217.71925
32.253153,77.197881,28.520000457763672,2170.179932,2022-10-13,0.9679700136184692,11,150893217.653138
32.252609,77.220298,26.350000381469727,3211.251953,2022-10-13,0.9642549753189087,6,150893217.582894
32.252513,77.229446,67.230003,2657.494629,2022-10-13,0.9506480097770691,5,150893217.727514
32.252791,77.198306,38.72999954223633,2150.94751,2022-10-13,0.9747880101203918,11,150893217.661402
32.252819,77.207147,35.18000030517578,2758.451172,2022-10-13,0.9853209853172302,8,150893217.797758
32.252437591552734,77.207592,66.019997,2784.056152,2022-10-13,0.987667977809906,8,150893217.806022
32.25224304199219,77.220728,26.799999,3217.359619,2022-10-13,0.9588090181350708,6,150893217.591158
32.252177,77.229848,19.610001,2604.97876,2022-10-13,0.9630699753761292,5,150893217.735778
32.252425,77.198736,36.299999,2159.376221,2022-10-13,0.9678559899330139,11,150893217.669666
32.252076,77.208017,44.97999954223633,2797.946777,2022-10-13,0.9840540289878845,8,150893217.814286
32.25187301635742,77.22116088867188,30.510000228881836,3232.043457,2022-10-13,0.9581230282783508,6,150893217.599422
32.25205993652344,77.199164,19.200001,2178.518066,2022-10-13,0.9729139804840088,11,150893217.67793
32.251721,77.208434,76.050003,2735.676514,2022-10-13,0.9812589883804321,8,150893217.82255
32.251515,77.221581,12.6899995803833,3226.08374,2022-10-13,0.9659850001335144,6,150893217.607686
32.251438,77.230712,48.470001,2611.693115,2022-10-13,0.9536449909210205,5,150893217.752306
32.251691,77.199597,19.309999,2195.117676,2022-10-13,0.9877020120620728,11,150893217.686194
32.251069,77.231142,22.229999542236328,2650.441406,2022-10-13,0.9603220224380493,5,150893217.76057
32.251364,77.208852,29.940001,2755.91626,2022-10-13,0.9902859926223755,8,150893217.830814
32.251162,77.221997,13.920000076293945,3182.660645,2022-10-13,0.9624879956245422,6,150893217.61595
32.251308,77.200046,48.31999969482422,2229.535889,2022-10-13,0.972428023815155,11,150893217.694458
32.250804,77.222418,26.690001,3146.662598,2022-10-13,0.9588779807090759,6,150893217.624214
32.250691,77.231582,39.599998,2678.950684,2022-10-13,0.9616180062294006,5,150893217.768834
32.250926,77.200493,55.880001,2281.281006,2022-10-13,0.9879040122032166,11,150893217.702722
32.250969,77.209313,56.31999969482422,2830.691406,2022-10-13,0.9892860054969788,8,150893217.839078
32.250587463378906,77.209758,63.02000045776367,2880.719482,2022-10-13,0.982138991355896,8,150893217.847342
32.25046920776367,77.222817,38.330002,3027.047852,2022-10-13,0.9528359770774841,6,150893217.632478
32.250314,77.23201751708984,56.75,2704.963135,2022-10-13,0.9546340107917786,5,150893217.777098
32.250548,77.200936,55.130001,2329.065674,2022-10-13,0.9826499819755554,11,150893217.710986
32.250133,77.223219,61.31999969482422,2907.233398,2022-10-13,0.955498993396759,6,150893217.640742
32.249941,77.232455,61.389999,2727.80542,2022-10-13,0.9653530120849609,5,150893217.785362
32.250209,77.21019744873047,53.740002,2937.57959,2022-10-13,0.9810960292816162,8,150893217.855606
32.249568939208984,77.232887,55.209999,2755.875732,2022-10-13,0.9628649950027466,5,150893217.793626
32.249831,77.210641,50.970001,2983.459961,2022-10-13,0.9787099957466125,8,150893217.86387
32.249465,77.21106719970703,26.90999984741211,3012.243652,2022-10-13,0.9862499833106995,8,150893217.872134
32.249196,77.233323,55.060001,2788.462646,2022-10-13,0.9611889719963074,5,150893217.80189
32.249444,77.20223236083984,27.579999923706055,2390.809082,2022-10-13,0.9671239852905273,11,150893217.735778
32.249106,77.224438,21.479999542236328,2707.113037,2022-10-13,0.9620590209960938,6,150893217.665534
32.248821,77.233759,55.02000045776367,2823.845215,2022-10-13,0.9631909728050232,5,150893217.810154
32.249093,77.211505,11.149999618530273,3054.766357,2022-10-13,0.9862939715385437,8,150893217.880398
32.248774,77.224835,12.720000267028809,2598.121094,2022-10-13,0.9691529870033264,6,150893217.673798
32.249072,77.202666,31.510000228881836,2412.317871,2022-10-13,0.9860010147094727,11,150893217.744042
32.24871826171875,77.211942,16.799999,3077.93042,2022-10-13,0.9839619994163513,8,150893217.888662
32.248453,77.234189,39.080002,2850.745605,2022-10-13,0.9611639976501465,5,150893217.818418
32.248699,77.203104,34.950001,2439.824463,2022-10-13,0.9708570241928101,11,150893217.752306
32.248412,77.22525787353516,38.439999,2564.586914,2022-10-13,0.961217999458313,6,150893217.682062
32.24808120727539,77.234624,37.09000015258789,2882.496094,2022-10-13,0.9667860269546509,5,150893217.826682
32.248343,77.212382,18.0,3116.968262,2022-10-13,0.9843080043792725,8,150893217.896926
32.24806594848633,77.22566986083984,13.319999694824219,2521.878418,2022-10-13,0.9549980163574219,6,150893217.690326
32.24832534790039,77.203542,32.369999,2473.898193,2022-10-13,0.9895219802856445,11,150893217.76057
32.247709,77.235056,27.139999,2914.838867,2022-10-13,0.9634979963302612,5,150893217.834946
32.247947692871094,77.203983,46.369999,2501.888184,2022-10-13,0.9836230278015137,11,150893217.768834
32.247961,77.212828,44.22999954223633,3149.795166,2022-10-13,0.9872819781303406,8,150893217.90519
32.2476921081543,77.226106,6.659999847412109,2561.712158,2022-10-13,0.9580320119857788,6,150893217.69859
32.24759292602539,77.213259,35.25,3169.47998,2022-10-13,0.9890729784965515,8,150893217.913454
32.247337341308594,77.235489,16.129999,2949.543701,2022-10-13,0.9546930193901062,5,150893217.84321
32.247581,77.204413,23.129999,2534.944092,2022-10-13,0.9807959794998169,11,150893217.777098
32.246963,77.235925,20.469999,2977.958252,2022-10-13,0.9681329727172852,5,150893217.851474
32.24724197387695,77.213671,38.959999,3123.11792,2022-10-13,0.9642289876937866,8,150893217.921718
32.246947,77.226976,8.420000076293945,2616.893311,2022-10-13,0.968550980091095,6,150893217.715118
32.247217,77.20484161376953,18.969999,2538.140137,2022-10-13,0.9876999855041504,11,150893217.785362
32.24689865112305,77.214074,45.72999954223633,3042.137207,2022-10-13,0.9860919713973999,8,150893217.929982
32.2465934753418,77.236356,8.420000076293945,3008.768799,2022-10-13,0.9617289900779724,5,150893217.859738
32.246844,77.205277,34.689999,2550.339355,2022-10-13,0.9862750172615051,11,150893217.793626
32.246571,77.227414,15.010000228881836,2651.716797,2022-10-13,0.957476019859314,6,150893217.723382
32.246564,77.214472,39.439999,2958.793945,2022-10-13,0.977524995803833,8,150893217.938246
32.246208,77.236801,46.259998,3039.866699,2022-10-13,0.9622049927711487,5,150893217.868002
32.24646759033203,77.205717,41.200001,2583.111328,2022-10-13,0.9878600239753723,11,150893217.80189
32.246218,77.214878,12.199999809265137,2922.613037,2022-10-13,0.9701669812202454,8,150893217.94651
32.245832,77.237238,35.450001,3090.344238,2022-10-13,0.9595329761505127,5,150893217.876266
32.246104,77.206144,17.139999,2607.07251,2022-10-13,0.9890289902687073,11,150893217.810154
32.24583435058594,77.228276,18.639999,2674.077637,2022-10-13,0.9503679871559143,6,150893217.73991
32.245875,77.215283,56.139999,2810.236084,2022-10-13,0.9777349829673767,8,150893217.954774
32.245466,77.237667,11.899999618530273,3119.582764,2022-10-13,0.9640600085258484,5,150893217.88453
32.245732,77.20658111572266,19.120001,2630.727051,2022-10-13,0.9897760152816772,11,150893217.818418
32.24553680419922,77.215681,21.030001,2758.291992,2022-10-13,0.9602929949760437,8,150893217.963038
32.24546432495117,77.228709,21.219999,2692.094482,2022-10-13,0.9658460021018982,6,150893217.748174
32.245094299316406,77.23809814453125,19.760000228881836,3138.488281,2022-10-13,0.9508569836616516,5,150893217.892794
32.24508285522461,77.229151,54.279999,2714.94873,2022-10-13,0.9547110199928284,6,150893217.756438
32.245361,77.207014,20.809999,2650.590088,2022-10-13,0.9867159724235535,11,150893217.826682
32.245181,77.21610260009766,41.950001,2709.857178,2022-10-13,0.990356981754303,8,150893217.971302
32.244726,77.23853302001953,6.849999904632568,3164.218018,2022-10-13,0.9613519906997681,5,150893217.901058
32.244975,77.20746612548828,62.43000030517578,2684.824951,2022-10-13,0.9862300157546997,11,150893217.834946
32.244838,77.216504,43.630001,2639.57373,2022-10-13,0.9670760035514832,8,150893217.979566
32.244711,77.229586,51.209999,2745.399902,2022-10-13,0.9621649980545044,6,150893217.764702
32.244336,77.230023,59.290001,2775.158447,2022-10-13,0.9605129957199097,6,150893217.772966
32.244353,77.238964,6.25,3193.102295,2022-10-13,0.9692580103874207,5,150893217.909322
32.244598,77.207908,45.470001,2746.054932,2022-10-13,0.9868819713592529,11,150893217.84321
32.244493,77.216911,23.5,2595.716797,2022-10-13,0.9869549870491028,8,150893217.98783
32.243981,77.239398,6.400000095367432,3218.272461,2022-10-13,0.9542890191078186,5,150893217.917586
32.24413299560547,77.217333,40.869999,2563.642334,2022-10-13,0.9840890169143677,8,150893217.996094
32.243969,77.230452,53.639999,2787.841309,2022-10-13,0.9561640024185181,6,150893217.78123
32.24422073364258,77.2083511352539,59.130001,2778.25415,2022-10-13,0.9600170254707336,11,150893217.851474
32.243612,77.239829,5.050000190734863,3237.065674,2022-10-13,0.9669229984283447,5,150893217.92585
32.24385452270508,77.208778,45.619999,2796.084961,2022-10-13,0.9656569957733154,11,150893217.859738
32.243781,77.217747,35.47999954223633,2529.088379,2022-10-13,0.989753007888794,8,150893218.004358
32.243589,77.230893,50.830002,2844.321533,2022-10-13,0.9615179896354675,6,150893217.789494
32.243247985839844,77.240255,3.630000114440918,3237.33667,2022-10-13,0.9660829901695251,5,150893217.934114
32.243448,77.2181396484375,17.020000457763672,2442.012939,2022-10-13,0.9876160025596619,8,150893218.012622
32.24321365356445,77.231331,56.34000015258789,2877.733643,2022-10-13,0.9634199738502502,6,150893217.797758
32.243492126464844,77.209204,43.939999,2792.633545,2022-10-13,0.9904999732971191,11,150893217.868002
32.242882,77.240684,4.559999942779541,3242.482422,2022-10-13,0.9621949791908264,5,150893217.942378
32.243117,77.209642,75.940002,2797.057129,2022-10-13,0.9899349808692932,11,150893217.876266
32.243092,77.218558,43.93000030517578,2387.899414,2022-10-13,0.984279990196228,8,150893218.020887
32.242837,77.23177337646484,59.560001,2918.954102,2022-10-13,0.9556019902229309,6,150893217.806022
32.24272537231445,77.218989,54.68000030517578,2386.154785,2022-10-13,0.9899680018424988,8,150893218.029153
32.242512,77.241116,5.010000228881836,3260.126221,2022-10-13,0.9642829895019531,5,150893217.950642
32.242755,77.210067,34.84000015258789,2830.839111,2022-10-13,0.9857329726219177,11,150893217.88453
32.242473,77.232196,21.899999618530273,2954.911377,2022-10-13,0.9634799957275391,6,150893217.814286
32.242142,77.241547,5.269999980926514,3278.601562,2022-10-13,0.9589599967002869,5,150893217.958906
32.242353,77.219424,44.27000045776367,2419.977539,2022-10-13,0.9645490050315857,8,150893218.037419
32.242101,77.23262786865234,23.020000457763672,2980.589355,2022-10-13,0.9595040082931519,6,150893217.82255
32.242387,77.210498,39.299999,2838.142334,2022-10-13,0.9889860153198242,11,150893217.892794
32.241772,77.241979,5.760000228881836,3297.114746,2022-10-13,0.9571099877357483,5,150893217.96717
32.242032,77.210914,55.950001,2789.075439,2022-10-13,0.9792910218238831,11,150893217.901058
32.241981,77.219859,32.59000015258789,2456.033936,2022-10-13,0.9869440197944641,8,150893218.045685
32.241721,77.233072,47.09000015258789,3010.004883,2022-10-13,0.9552069902420044,6,150893217.830814
32.241615295410156,77.220289,18.110001,2476.713867,2022-10-13,0.9796209931373596,8,150893218.053951
32.241346,77.233508,43.950001,3051.713623,2022-10-13,0.9618059992790222,6,150893217.839078
32.24168014526367,77.211327,65.080002,2737.589111,2022-10-13,0.9671519994735718,11,150893217.909322
32.241328,77.21173858642578,57.709999,2703.8479,2022-10-13,0.9871490001678467,11,150893217.917586
32.241241,77.2207260131836,27.649999618530273,2497.163574,2022-10-13,0.9851890206336975,8,150893218.062217
32.240976,77.233941,26.200001,3089.987061,2022-10-13,0.9588059782981873,6,150893217.847342
32.240876,77.221155,23.5,2504.515137,2022-10-13,0.9836919903755188,8,150893218.070483
32.240973,77.212157,52.919998,2677.230713,2022-10-13,0.9827759861946106,11,150893217.92585
32.240608,77.234371,26.649999618530273,3103.293701,2022-10-13,0.956046998500824,6,150893217.855606
32.240618,77.212573,45.700001,2652.827881,2022-10-13,0.9869189858436584,11,150893217.934114
32.240504,77.22158813476562,22.639999,2528.830811,2022-10-13,0.9881550073623657,8,150893218.078749
32.240243,77.234798,20.020000457763672,3109.483154,2022-10-13,0.952830970287323,6,150893217.86387
32.240262,77.2129898071289,29.379999,2639.720215,2022-10-13,0.9687039852142334,11,150893217.942378
32.240129,77.222029,24.959999,2559.477295,2022-10-13,0.9823319911956787,8,150893218.087015
32.239871978759766,77.235232,28.18000030517578,3126.750488,2022-10-13,0.9710720181465149,6,150893217.872134
32.23991012573242,77.213403,34.470001,2591.339599609375,2022-10-13,0.982388973236084,11,150893217.950642
32.239747,77.222475,48.459999,2593.448242,2022-10-13,0.9855210185050964,8,150893218.095281
32.239553,77.213821,54.22999954223633,2544.759033,2022-10-13,0.9898040294647217,11,150893217.958906
32.239385,77.222900390625,23.719999,2611.064697,2022-10-13,0.9663839936256409,8,150893218.103547
32.239144,77.236083984375,6.920000076293945,3144.422363,2022-10-13,0.9656130075454712,6,150893217.888662
32.239202,77.214233,57.299999,2496.536621,2022-10-13,0.9886149764060974,11,150893217.96717
32.239012,77.223338,45.77000045776367,2617.496582,2022-10-13,0.9894030094146729,8,150893218.111813
32.238782,77.236509,7.739999771118164,3137.755859,2022-10-13,0.956633985042572,6,150893217.896926
32.238853454589844,77.214643,51.610001,2449.14209,2022-10-13,0.9846389889717102,11,150893217.975434
32.238634,77.223779,56.509998,2650.882568,2022-10-13,0.9660890102386475,8,150893218.120079
32.2384147644043,77.236938,10.100000381469727,3143.641846,2022-10-13,0.9505389928817749,6,150893217.90519
32.238501,77.215056,88.589996,2366.68457,2022-10-13,0.9880970120429993,11,150893217.983698
32.238257,77.224221,64.519997,2683.826416,2022-10-13,0.9828289747238159,8,150893218.128345
32.238043,77.237372,7.070000171661377,3175.060791,2022-10-13,0.9581739902496338,6,150893217.913454
32.238175,77.215439,31.360001,2290.599365,2022-10-13,0.9866060018539429,11,150893217.991962
32.237881,77.224661,59.650002,2727.047607,2022-10-13,0.9811260104179382,8,150893218.136611
32.237673,77.237804,6.25,3196.065918,2022-10-13,0.9548090100288391,6,150893217.921718
32.237821,77.215854,18.559999,2270.592773,2022-10-13,0.9893460273742676,11,150893218.000226
32.237505,77.22509765625,64.029999,2759.008789,2022-10-13,0.9867439866065979,8,150893218.144877
32.237304,77.23823547363281,5.570000171661377,3213.367188,2022-10-13,0.9606339931488037,6,150893217.929982
32.237136,77.225533,50.599998,2788.498779,2022-10-13,0.9856470227241516,8,150893218.153143
32.236937,77.238664,7.03000020980835,3219.576416,2022-10-13,0.9640300273895264,6,150893217.938246
32.237051,77.216756,60.93000030517578,2371.38623,2022-10-13,0.9874359965324402,11,150893218.016754
32.236768,77.225964,48.15999984741211,2800.571045,2022-10-13,0.981033980846405,8,150893218.161409
32.236569,77.239095,7.519999980926514,3232.799561,2022-10-13,0.9655669927597046,6,150893217.94651
32.23667526245117,77.217197,56.509998,2416.516602,2022-10-13,0.9839609861373901,11,150893218.02502
32.236415,77.22637939453125,7.929999828338623,2805.294922,2022-10-13,0.9836840033531189,8,150893218.169675
32.236202239990234,77.239524,7.889999866485596,3241.042725,2022-10-13,0.9602259993553162,6,150893217.954774
32.236314,77.21762084960938,22.260000228881836,2438.526367,2022-10-13,0.9634379744529724,11,150893218.033286
32.236045,77.226813,18.06999969482422,2814.406006,2022-10-13,0.9843310117721558,8,150893218.177941
32.23583221435547,77.239956,8.529999732971191,3259.123291,2022-10-13,0.9608290195465088,6,150893217.963038
32.235941,77.218058,11.520000457763672,2479.00415,2022-10-13,0.9867630004882812,11,150893218.041552
32.235673,77.227248,14.630000114440918,2841.065674,2022-10-13,0.9918519854545593,8,150893218.186207
32.235461,77.240389,9.770000457763672,3282.980957,2022-10-13,0.963358998298645,6,150893217.971302
32.235566,77.218497,15.680000305175781,2510.757324,2022-10-13,0.9838320016860962,11,150893218.049818
32.235291,77.227695,51.759998,2862.987305,2022-10-13,0.9850900173187256,8,150893218.194473
32.235086,77.240827,10.739999771118164,3321.119141,2022-10-13,0.9584289789199829,6,150893217.979566
32.235197,77.218929,21.670000076293945,2517.982422,2022-10-13,0.9808200001716614,11,150893218.058084
32.234929,77.22811889648438,21.81999969482422,2884.964355,2022-10-13,0.9825090169906616,8,150893218.202739
32.23471450805664,77.24125671386719,4.900000095367432,3350.257812,2022-10-13,0.9592000246047974,6,150893217.98783
32.234819,77.219371,31.510000228881836,2553.782959,2022-10-13,0.9870709776878357,11,150893218.06635
32.234557,77.228556,10.8100004196167,2922.61377,2022-10-13,0.9831939935684204,8,150893218.211005
32.234449,77.219806,21.700001,2583.09082,2022-10-13,0.987097978591919,11,150893218.074616
32.234186,77.22898864746094,4.940000057220459,2948.397949,2022-10-13,0.9688299894332886,8,150893218.219271
32.234061,77.22026062011719,60.259998,2625.123535,2022-10-13,0.9865850210189819,11,150893218.082882
32.233821,77.229419,6.170000076293945,2951.380127,2022-10-13,0.9669770002365112,8,150893218.227537
32.233698,77.220686,23.5,2659.63916,2022-10-13,0.9877849817276001,11,150893218.091148
32.233453,77.22985076904297,4.190000057220459,2965.32666,2022-10-13,0.9626230001449585,8,150893218.235803
32.233311,77.22113800048828,68.379997,2691.833984,2022-10-13,0.9858409762382507,11,150893218.099414
32.233082,77.230285,9.350000381469727,2984.122314,2022-10-13,0.9872429966926575,8,150893218.244069
32.232946,77.221567,30.389999,2726.152832,2022-10-13,0.9629340171813965,11,150893218.10768
32.232709,77.230722,8.300000190734863,3014.417725,2022-10-13,0.9672939777374268,8,150893218.252333
32.232573,77.222005,55.84000015258789,2733.710938,2022-10-13,0.9880890250205994,11,150893218.115946
32.232333,77.231162,35.209999,3025.741455,2022-10-13,0.9687600135803223,8,150893218.260597
32.232209,77.222432,40.490002,2747.445557,2022-10-13,0.9826189875602722,11,150893218.124212
32.231967,77.231591,35.810001,3030.760498,2022-10-13,0.9720010161399841,8,150893218.268861
32.231842041015625,77.222862,38.549999,2757.000488,2022-10-13,0.9691839814186096,11,150893218.132478
32.231609,77.232012,31.469999,3015.957031,2022-10-13,0.9710190296173096,8,150893218.277125
32.231469,77.22329711914062,57.669998,2768.958984,2022-10-13,0.9693289995193481,11,150893218.140744
32.23124313354492,77.232441,46.06999969482422,3008.557373,2022-10-13,0.9674649834632874,8,150893218.285389
32.23110580444336,77.223725,38.31999969482422,2779.427979,2022-10-13,0.9909539818763733,11,150893218.14901
32.230875,77.232872,27.5,3038.999512,2022-10-13,0.9689819812774658,8,150893218.293653
32.230748,77.224146,9.800000190734863,2789.108154,2022-10-13,0.9913780093193054,11,150893218.157276
32.230502,77.233309,28.030001,3069.195312,2022-10-13,0.9708560109138489,8,150893218.301917
32.230369567871094,77.224589,35.889999,2808.329102,2022-10-13,0.9716129899024963,11,150893218.165542
32.230140686035156,77.23373413085938,22.040001,3067.063232,2022-10-13,0.9734039902687073,8,150893218.310181
32.230009,77.225013,14.069999694824219,2821.449707,2022-10-13,0.9687150120735168,11,150893218.173808
32.229784,77.234153,3.0999999046325684,3063.013916,2022-10-13,0.9703440070152283,8,150893218.318445
32.229638,77.225447,8.529999732971191,2847.36084,2022-10-13,0.987080991268158,11,150893218.182074
32.229417,77.234584,5.53000020980835,3071.141113,2022-10-13,0.9669600129127502,8,150893218.326709
32.22926712036133,77.225883,8.640000343322754,2873.576172,2022-10-13,0.9891089797019958,11,150893218.19034
32.22904586791992,77.235017,11.710000038146973,3083.8479,2022-10-13,0.9599189758300781,8,150893218.334973
32.228896,77.226318,12.949999809265137,2886.611328,2022-10-13,0.9865289926528931,11,150893218.198606
32.228669,77.235459,19.200001,3119.606445,2022-10-13,0.9544489979743958,8,150893218.343237
32.2285270690918,77.226751,22.530001,2897.467285,2022-10-13,0.9857529997825623,11,150893218.206872
32.228288,77.235904,34.279999,3160.865723,2022-10-13,0.966763973236084,8,150893218.351501
32.228147,77.2271957397461,54.97999954223633,2919.750244,2022-10-13,0.9862290024757385,11,150893218.215138
32.227921,77.236335,31.020000457763672,3175.448486,2022-10-13,0.9713129997253418,8,150893218.359765
32.227779,77.227628,37.990002,2948.126465,2022-10-13,0.9840919971466064,11,150893218.223404
32.22755432128906,77.236765,30.270000457763672,3184.428467,2022-10-13,0.9727420210838318,8,150893218.368029
32.227416,77.228054,44.009998,2941.170898,2022-10-13,0.9834039807319641,11,150893218.23167
32.22718811035156,77.237192,29.709999,3183.235352,2022-10-13,0.9701189994812012,8,150893218.376293
32.227061,77.228471,6.690000057220459,2946.343506,2022-10-13,0.9670789837837219,11,150893218.239936
32.226827,77.237618,34.540001,3173.955566,2022-10-13,0.9687409996986389,8,150893218.384557
32.226695,77.228901,5.949999809265137,2954.116211,2022-10-13,0.969651997089386,11,150893218.248201
32.226464,77.23804473876953,29.149999618530273,3177.156738,2022-10-13,0.9690840244293213,8,150893218.392821
32.226318,77.229342,33.68000030517578,2968.085693,2022-10-13,0.9700350165367126,11,150893218.256465
32.226096,77.238476,29.790001,3187.666504,2022-10-13,0.9703620076179504,8,150893218.401085
32.225946,77.229778,52.77000045776367,2978.027344,2022-10-13,0.987975001335144,11,150893218.264729
32.225734,77.238901,31.920000076293945,3178.967285,2022-10-13,0.9671040177345276,8,150893218.409349
32.225585,77.230202,47.009998,2973.813477,2022-10-13,0.9684960246086121,11,150893218.272993
32.22536849975586,77.239328,27.84000015258789,3181.593262,2022-10-13,0.972461998462677,8,150893218.417613
32.225225,77.230625,48.689999,2959.607178,2022-10-13,0.9672330021858215,11,150893218.281257
32.225011,77.23975372314453,36.369999,3154.942383,2022-10-13,0.971360981464386,8,150893218.425877
32.224871,77.23104095458984,36.639999,2933.647461,2022-10-13,0.9713860154151917,11,150893218.289521
32.224649,77.240175,35.18000030517578,3147.482178,2022-10-13,0.9715089797973633,8,150893218.434141
32.224507,77.231467,49.18000030517578,2922.903809,2022-10-13,0.9710519909858704,11,150893218.297785
32.224289,77.240598,32.740002,3137.383057,2022-10-13,0.9692689776420593,8,150893218.442405
32.224141,77.231897,51.830002,2928.026611,2022-10-13,0.967261016368866,11,150893218.306049
32.223926,77.241024,26.120001,3138.395264,2022-10-13,0.9667760133743286,8,150893218.450669
32.223782,77.232319,41.689999,2922.539307,2022-10-13,0.9667109847068787,11,150893218.314313
32.223562,77.241451,30.270000457763672,3131.156494,2022-10-13,0.9736059904098511,8,150893218.458933
32.223413,77.232751,48.540001,2930.593262,2022-10-13,0.972491979598999,11,150893218.322577
32.223048,77.233179,50.75,2932.209473,2022-10-13,0.9688119888305664,11,150893218.330841
32.222697,77.233592,44.799999,2892.923584,2022-10-13,0.9694160223007202,11,150893218.339105
32.222347259521484,77.234004,50.369999,2840.221191,2022-10-13,0.9733260273933411,11,150893218.347369
32.221975,77.234439,51.950001,2864.796875,2022-10-13,0.9739980101585388,11,150893218.355633
32.221604,77.234875,38.509998,2903.180664,2022-10-13,0.9695960283279419,11,150893218.363897
32.22126007080078,77.235279,22.639999,2850.643799,2022-10-13,0.9721980094909668,11,150893218.372161
32.220909,77.235691,43.900002,2782.430664,2022-10-13,0.9650120139122009,11,150893218.380425
32.220551,77.236111,27.239999771118164,2774.784668,2022-10-13,0.9708179831504822,11,150893218.388689
32.220201,77.236523,23.760000228881836,2732.690186,2022-10-13,0.9690719842910767,11,150893218.396953
32.219829,77.236959,18.479999542236328,2761.543213,2022-10-13,0.9730929732322693,11,150893218.405217
32.219441,77.237413,62.880001,2798.080078,2022-10-13,0.9722740054130554,11,150893218.413481
32.21906661987305,77.237852,43.709999,2852.067383,2022-10-13,0.9705629944801331,11,150893218.421745
32.218699,77.238284,15.489999771118164,2894.234131,2022-10-13,0.9693170189857483,11,150893218.430009
32.218325,77.238722,27.729999542236328,2913.405029,2022-10-13,0.9662430286407471,11,150893218.438273
32.217952,77.239159,14.739999771118164,2956.256592,2022-10-13,0.9698609709739685,11,150893218.446537
32.217581,77.239595,6.730000019073486,2989.26001,2022-10-13,0.9740039706230164,11,150893218.454801
32.217207,77.240033,9.729999542236328,3017.395264,2022-10-13,0.965641975402832,11,150893218.463065
32.216835021972656,77.24047088623047,8.119999885559082,3045.783936,2022-10-13,0.9710440039634705,11,150893218.471329
32.216464,77.240904,7.480000019073486,3067.507324,2022-10-13,0.9723809957504272,11,150893218.479593
32.216092,77.241341,12.350000381469727,3089.759521,2022-10-13,0.9578189849853516,11,150893218.487857
32.261453,77.1380386352539,22.700001,2916.074707,2023-01-20,0.9543039798736572,3,159478005.802367
32.260583,77.148101,17.040001,2819.151367,2023-01-20,0.9600880146026611,2,159478005.963515
32.260215,77.148534,32.360001,2835.78418,2023-01-20,0.9727889895439148,2,159478005.971779
32.259854,77.148958,7.559999942779541,2825.740234,2023-01-20,0.9686959981918335,2,159478005.980043
32.259491,77.149384,17.559999,2797.734375,2023-01-20,0.9583470225334167,2,159478005.988307
32.25912857055664,77.149809,19.770000457763672,2767.664551,2023-01-20,0.963994026184082,2,159478005.996571
32.258769,77.150233,14.380000114440918,2739.425781,2023-01-20,0.9583690166473389,2,159478006.004835
32.258406,77.150659,17.040001,2725.161133,2023-01-20,0.9605910181999207,2,159478006.013099
32.25782775878906,77.142291,5.800000190734863,2663.453613,2023-01-20,0.965815007686615,3,159478005.885007
32.257094,77.143153,25.280001,2682.314453,2023-01-20,0.9577500224113464,3,159478005.901535
32.256729,77.143581,19.510000228881836,2678.133057,2023-01-20,0.9686459898948669,3,159478005.909799
32.256006,77.144429,18.350000381469727,2603.618896,2023-01-20,0.9730380177497864,3,159478005.926327
32.251664,77.13651275634766,3.4000000953674316,2329.300293,2023-01-20,0.9534779787063599,5,159478006.248622
32.251298,77.136942,13.289999961853027,2334.994385,2023-01-20,0.9630709886550903,5,159478006.256886
32.250929,77.137377,25.129999,2364.825439,2023-01-20,0.9868999719619751,5,159478006.26515
32.250561,77.137813,20.81999969482422,2405.899414,2023-01-20,0.9848639965057373,5,159478006.273414
32.250186920166016,77.138256,48.580002,2460.649658,2023-01-20,0.9800530076026917,5,159478006.281678
32.249819,77.138691,31.5,2512.022217,2023-01-20,0.9836819767951965,5,159478006.289942
32.249446868896484,77.139132,31.200001,2580.39502,2023-01-20,0.9774190187454224,5,159478006.298206
32.248017,77.153817,7.449999809265137,2413.561523,2023-01-20,0.9554719924926758,3,159478006.108135
32.244005,77.158543,18.649999618530273,2616.087891,2023-01-20,0.961974024772644,3,159478006.199039
32.242537,77.160272,12.279999732971191,2775.94043,2023-01-20,0.9609820246696472,3,159478006.232095
32.239541,77.150788,40.450001,2962.483154,2023-01-20,0.9608209729194641,5,159478006.521334
32.239176,77.151216,46.439999,2954.938721,2023-01-20,0.9889410138130188,5,159478006.529598
32.238811,77.151645,17.450001,2985.608643,2023-01-20,0.9709789752960205,5,159478006.537862
32.238731,77.142708,8.239999771118164,2849.130127,2023-01-20,0.9520660042762756,6,159478006.401506
32.23844528198242,77.152074,18.15999984741211,2988.830322,2023-01-20,0.9738720059394836,5,159478006.546126
32.238363,77.143142,24.600000381469727,2855.20874,2023-01-20,0.9844359755516052,6,159478006.40977
32.23807907104492,77.15250396728516,31.120001,2981.242676,2023-01-20,0.9908249974250793,5,159478006.55439
32.23799514770508,77.143577,25.690001,2887.699951,2023-01-20,0.9856989979743958,6,159478006.418034
32.237714,77.152933,7.519999980926514,3011.712402,2023-01-20,0.9913420081138611,5,159478006.562654
32.237627,77.144011,6.139999866485596,2931.44043,2023-01-20,0.9709759950637817,6,159478006.426298
32.23734664916992,77.153365,8.119999885559082,3031.85791,2023-01-20,0.9763669967651367,5,159478006.570918
32.237259,77.144446,14.449999809265137,2951.484619,2023-01-20,0.9890760183334351,6,159478006.434562
32.237084,77.166673,7.900000095367432,2560.923584,2023-01-20,0.9604690074920654,3,159478006.356055
32.236978,77.153799,32.880001,3039.279053,2023-01-20,0.9889900088310242,5,159478006.579184
32.23688888549805,77.144881,23.479999542236328,2976.520996,2023-01-20,0.9884729981422424,6,159478006.442826
32.236610412597656,77.154231,32.919998,3063.890137,2023-01-20,0.9900140166282654,5,159478006.58745
32.236359,77.167524,17.079999923706055,2493.996094,2023-01-20,0.9605559706687927,3,159478006.372583
32.236521,77.145318,24.270000457763672,3015.60791,2023-01-20,0.9875839948654175,6,159478006.45109
32.23624801635742,77.154654,20.370001,3051.431641,2023-01-20,0.9893530011177063,5,159478006.595716
32.235994,77.167952,18.879999,2483.915283,2023-01-20,0.9585610032081604,3,159478006.380847
32.236154,77.145751,15.020000457763672,3045.54834,2023-01-20,0.975579023361206,6,159478006.459354
32.235885,77.15508270263672,6.960000038146973,3052.679932,2023-01-20,0.9863349795341492,5,159478006.603982
32.235625,77.168386,38.580002,2508.154053,2023-01-20,0.9703270196914673,3,159478006.389111
32.235789,77.146178,4.420000076293945,3046.820557,2023-01-20,0.979000985622406,6,159478006.467618
32.235518,77.15550994873047,9.510000228881836,3068.463135,2023-01-20,0.9904929995536804,5,159478006.612248
32.235262,77.168812,4.869999885559082,2510.854248,2023-01-20,0.9712200164794922,3,159478006.397375
32.235423,77.146608,4.489999771118164,3049.084961,2023-01-20,0.9790369868278503,6,159478006.475882
32.235152,77.15593719482422,5.239999771118164,3089.313965,2023-01-20,0.9763169884681702,5,159478006.620514
32.234901428222656,77.169237,17.899999618530273,2463.007324,2023-01-20,0.9613779783248901,3,159478006.405639
32.235057,77.147039,6.099999904632568,3056.8125,2023-01-20,0.9764509797096252,6,159478006.484146
32.234784,77.156372,14.789999961853027,3104.123535,2023-01-20,0.9770079851150513,5,159478006.62878
32.234537,77.169662,5.880000114440918,2443.126953,2023-01-20,0.9746950268745422,3,159478006.413903
32.23469161987305,77.147471,5.690000057220459,3074.86792,2023-01-20,0.9798380136489868,6,159478006.49241
32.23441696166992,77.156804,21.610001,3122.959229,2023-01-20,0.974245011806488,5,159478006.637046
32.234172,77.17008972167969,9.8100004196167,2431.168457,2023-01-20,0.951445996761322,3,159478006.422167
32.234323,77.147903,7.409999847412109,3089.284912,2023-01-20,0.972786009311676,6,159478006.500674
32.234054,77.157228,31.950001,3097.891357,2023-01-20,0.9864240288734436,5,159478006.645312
32.233957,77.148333,10.180000305175781,3093.786133,2023-01-20,0.9776899814605713,6,159478006.508938
32.23369598388672,77.157644,21.979999542236328,3051.983398,2023-01-20,0.9711809754371643,5,159478006.653578
32.233591,77.148763,8.6899995803833,3103.33252,2023-01-20,0.9879130125045776,6,159478006.517202
32.23372268676758,77.135899,24.829999923706055,3375.711426,2023-01-20,0.9717609882354736,8,159478006.732105
32.233332,77.158069,27.979999542236328,3035.340332,2023-01-20,0.9906359910964966,5,159478006.661844
32.23336410522461,77.136312,19.469999,3331.45459,2023-01-20,0.9790080189704895,8,159478006.740371
32.233222,77.149199,14.899999618530273,3134.368896,2023-01-20,0.9721819758415222,6,159478006.525466
32.232968,77.158495,30.790001,3030.344727,2023-01-20,0.9913070201873779,5,159478006.67011
32.232994079589844,77.136751,33.549999,3370.037109,2023-01-20,0.9701210260391235,8,159478006.748637
32.232854,77.149633,25.239999771118164,3152.377686,2023-01-20,0.9874340295791626,6,159478006.53373
32.232603,77.158922,19.399999618530273,3044.633301,2023-01-20,0.9900709986686707,5,159478006.678376
32.232627868652344,77.13717651367188,24.600000381469727,3389.255859,2023-01-20,0.9898200035095215,8,159478006.756903
32.232486,77.150068,16.889999,3193.628418,2023-01-20,0.9720140099525452,6,159478006.541994
32.232238,77.15934753417969,34.15999984741211,3039.284668,2023-01-20,0.9937880039215088,5,159478006.686642
32.232264,77.137604,42.77000045776367,3364.305908,2023-01-20,0.9758930206298828,8,159478006.765169
32.232119,77.150501,18.649999618530273,3217.334473,2023-01-20,0.9635589718818665,6,159478006.550258
32.231872,77.159779,38.610001,3049.498779,2023-01-20,0.9860690236091614,5,159478006.694908
32.231753,77.150931,9.020000457763672,3235.907715,2023-01-20,0.9789530038833618,6,159478006.558522
32.231902,77.138026,29.549999,3359.034668,2023-01-20,0.9857580065727234,8,159478006.773435
32.231509,77.160203,33.889999,3040.974121,2023-01-20,0.9864699840545654,5,159478006.703174
32.231532,77.138463,18.719999,3413.723389,2023-01-20,0.9780409932136536,8,159478006.781701
32.23138427734375,77.151366,16.510000228881836,3264.380615,2023-01-20,0.9715700149536133,6,159478006.566786
32.231147,77.160624,32.279999,3017.556152,2023-01-20,0.9891970157623291,5,159478006.71144
32.231163024902344,77.138899,9.510000228881836,3462.307373,2023-01-20,0.9810109734535217,8,159478006.789967
32.23101806640625,77.151796,23.139999,3272.983154,2023-01-20,0.9711310267448425,6,159478006.575051
32.230787,77.161044,29.850000381469727,2985.572754,2023-01-20,0.9851509928703308,5,159478006.719706
32.230796,77.139328,7.449999809265137,3478.993652,2023-01-20,0.9751799702644348,8,159478006.798233
32.230655670166016,77.152218,25.200001,3235.346436,2023-01-20,0.9682999849319458,6,159478006.583317
32.23042297363281,77.161469,30.709999,2972.192383,2023-01-20,0.9904029965400696,5,159478006.727972
32.230431,77.13975524902344,7.260000228881836,3480.94043,2023-01-20,0.9775050282478333,8,159478006.806498
32.230296,77.152636,33.779999,3174.613281,2023-01-20,0.9744089841842651,6,159478006.591583
32.230059,77.161894,31.649999618530273,2973.081055,2023-01-20,0.9893749952316284,5,159478006.736238
32.22993469238281,77.153057,19.959999,3153.768311,2023-01-20,0.9771310091018677,6,159478006.599849
32.230067,77.140179,10.5600004196167,3466.730469,2023-01-20,0.9760649800300598,8,159478006.814762
32.229697,77.162316,28.870001,2953.486328,2023-01-20,0.9845370054244995,5,159478006.744504
32.229703,77.140603,8.350000381469727,3463.549561,2023-01-20,0.9786800146102905,8,159478006.823026
32.229573,77.153477,22.579999923706055,3112.612061,2023-01-20,0.9680860042572021,6,159478006.608115
32.22933578491211,77.162736,35.689999,2914.426514,2023-01-20,0.9905380010604858,5,159478006.75277
32.229209899902344,77.153902,36.849998,3083.557373,2023-01-20,0.9660599827766418,6,159478006.616381
32.229338,77.141029,6.46999979019165,3464.726318,2023-01-20,0.9716150164604187,8,159478006.83129
32.228975,77.16315460205078,42.25,2872.241211,2023-01-20,0.9936630129814148,5,159478006.761036
32.228973388671875,77.141454,15.800000190734863,3447.002197,2023-01-20,0.9718049764633179,8,159478006.839554
32.228847,77.154326,25.09000015258789,3081.043945,2023-01-20,0.9634799957275391,6,159478006.624647
32.228617,77.16356658935547,10.75,2843.158691,2023-01-20,0.9896510243415833,5,159478006.769302
32.228614,77.141867,25.239999771118164,3387.11084,2023-01-20,0.9748679995536804,8,159478006.847818
32.228484,77.154749,34.490002,3051.452393,2023-01-20,0.9690390229225159,6,159478006.632913
32.228253,77.16399383544922,43.330002,2798.52832,2023-01-20,0.9902629852294922,5,159478006.777568
32.22825622558594,77.142278,35.90999984741211,3314.730469,2023-01-20,0.9752389788627625,8,159478006.856082
32.228118896484375,77.155175,37.900002,3040.191162,2023-01-20,0.9695889949798584,6,159478006.641179
32.2278938293457,77.16441345214844,43.709999,2744.954102,2023-01-20,0.9860100150108337,5,159478006.785834
32.227896,77.142693,48.009998,3256.118408,2023-01-20,0.9727150201797485,8,159478006.864346
32.227761,77.155592,33.369999,2996.068604,2023-01-20,0.9589930176734924,6,159478006.649445
32.227534,77.164829,49.93000030517578,2698.55249,2023-01-20,0.9877129793167114,5,159478006.7941
32.2275390625,77.143101,33.18000030517578,3195.351562,2023-01-20,0.9705439805984497,8,159478006.87261
32.227176666259766,77.165241,37.040001,2636.421143,2023-01-20,0.9677039980888367,5,159478006.802366
32.227176,77.143523,40.630001,3170.082764,2023-01-20,0.9749360084533691,8,159478006.880874
32.227039,77.15643310546875,37.68000030517578,2911.128418,2023-01-20,0.9590389728546143,6,159478006.665977
32.2268180847168,77.165656,14.380000114440918,2601.866455,2023-01-20,0.9538930058479309,5,159478006.81063
32.226680755615234,77.156846,36.630001,2857.663574,2023-01-20,0.9631069898605347,6,159478006.674243
32.226815,77.143941,31.610001,3146.565918,2023-01-20,0.9710190296173096,8,159478006.889138
32.226457,77.144352,40.40999984741211,3077.076416,2023-01-20,0.9686890244483948,8,159478006.897402
32.226321,77.157263,26.93000030517578,2817.117432,2023-01-20,0.966139018535614,6,159478006.682509
32.226098,77.144765,33.220001,3026.201416,2023-01-20,0.9752110242843628,8,159478006.905666
32.225962,77.157677,9.729999542236328,2768.063721,2023-01-20,0.9714949727058411,6,159478006.690775
32.225734,77.145187,31.940001,3012.272705,2023-01-20,0.9725689888000488,8,159478006.91393
32.225598,77.158103,58.169998,2719.912354,2023-01-20,0.9844710230827332,6,159478006.699041
32.225869,77.136247,31.639999,3552.136963,2023-01-20,0.976036012172699,11,159478006.769302
32.225508,77.136664,27.520000457763672,3525.685303,2023-01-20,0.9747419953346252,11,159478006.777568
32.225372314453125,77.145606,43.779999,2971.116455,2023-01-20,0.9741989970207214,8,159478006.922194
32.225236,77.158525,40.790001,2713.866455,2023-01-20,0.965749979019165,6,159478006.707307
32.22487258911133,77.158947,32.130001,2704.220215,2023-01-20,0.987326979637146,6,159478006.715573
32.22515106201172,77.137073,38.09000015258789,3446.40625,2023-01-20,0.9739559888839722,11,159478006.785834
32.225011,77.146024,41.080002,2939.690674,2023-01-20,0.9700549840927124,8,159478006.930458
32.224786,77.137499,45.580002,3436.326904,2023-01-20,0.9765949845314026,11,159478006.7941
32.224651,77.146437,26.770000457763672,2901.920654,2023-01-20,0.9736149907112122,8,159478006.938722
32.224511,77.159368,37.830002,2671.866699,2023-01-20,0.9890710115432739,6,159478006.723839
32.224153,77.159782,9.770000457763672,2636.071045,2023-01-20,0.9893540143966675,6,159478006.732105
32.224425,77.137915,14.9399995803833,3426.617676,2023-01-20,0.9760299921035767,11,159478006.802366
32.224288,77.146858,32.880001,2875.048096,2023-01-20,0.9663270115852356,8,159478006.946986
32.224062,77.138337,22.690001,3403.018555,2023-01-20,0.9782339930534363,11,159478006.81063
32.22392654418945,77.147277,38.97999954223633,2838.382324,2023-01-20,0.9747779965400696,8,159478006.95525
32.223791,77.160202,10.180000305175781,2601.394531,2023-01-20,0.9867470264434814,6,159478006.740371
32.22370147705078,77.138754,45.799999,3342.854004,2023-01-20,0.9751719832420349,11,159478006.818894
32.223567,77.147692,24.600000381469727,2807.747314,2023-01-20,0.9800969958305359,8,159478006.963514
32.223431,77.1606216430664,7.940000057220459,2563.363525,2023-01-20,0.9706130027770996,6,159478006.748637
32.223203,77.148114,41.189999,2771.752441,2023-01-20,0.9785490036010742,8,159478006.971778
32.223069,77.161039,10.260000228881836,2525.878662,2023-01-20,0.9870120286941528,6,159478006.756903
32.223339,77.139171,32.169998,3322.440674,2023-01-20,0.9764149785041809,11,159478006.827158
32.222978,77.139588,37.860001,3279.578369,2023-01-20,0.9724640250205994,11,159478006.835422
32.222708,77.161459,13.670000076293945,2488.61084,2023-01-20,0.9801599979400635,6,159478006.765169
32.222348,77.161875,21.379999,2428.720703,2023-01-20,0.956991970539093,6,159478006.773435
32.222623,77.139988,34.75,3178.244385,2023-01-20,0.9744960069656372,11,159478006.843686
32.222481,77.148951,13.25,2739.896729,2023-01-20,0.9552789926528931,8,159478006.988306
32.22226333618164,77.140402,13.399999618530273,3151.233643,2023-01-20,0.9792259931564331,11,159478006.85195
32.221900939941406,77.140822,14.9399995803833,3124.093994,2023-01-20,0.9749050140380859,11,159478006.860214
32.221742,77.149822,38.200001,2788.311768,2023-01-20,0.9747239947319031,8,159478007.004834
32.221536,77.141245,6.769999980926514,3118.895996,2023-01-20,0.9780920147895813,11,159478006.868478
32.221374,77.150252,35.799999,2810.185791,2023-01-20,0.9716389775276184,8,159478007.013098
32.220197,77.210858,6.289999961853027,2078.45874,2023-01-20,0.9546899795532227,0,159478007.360186
32.221168518066406,77.141672,9.100000381469727,3121.037354,2023-01-20,0.9832839965820312,11,159478006.876742
32.221009,77.15068054199219,37.709999,2815.493896,2023-01-20,0.9687680006027222,8,159478007.021362
32.220804,77.142099,5.5,3127.612549,2023-01-20,0.9828739762306213,11,159478006.885006
32.220647,77.1511001586914,25.649999618530273,2802.209961,2023-01-20,0.9736700057983398,8,159478007.029626
32.219455,77.211721,15.09000015258789,2146.164062,2023-01-20,0.9538580179214478,0,159478007.376714
32.220439,77.142524,6.739999771118164,3120.862549,2023-01-20,0.9810180068016052,11,159478006.89327
32.220279693603516,77.151531,33.139999,2816.491455,2023-01-20,0.971107006072998,8,159478007.03789
32.22007369995117,77.14295196533203,7.190000057220459,3119.921875,2023-01-20,0.976302981376648,11,159478006.901534
32.21990966796875,77.151967,11.270000457763672,2879.746338,2023-01-20,0.9824529886245728,8,159478007.046154
32.219708,77.143376,5.28000020980835,3119.686768,2023-01-20,0.9829180240631104,11,159478006.909798
32.219541,77.152402,11.789999961853027,2914.464355,2023-01-20,0.9787660241127014,8,159478007.054418
32.219342,77.143806,9.470000267028809,3128.182861,2023-01-20,0.9828280210494995,11,159478006.918062
32.219172,77.152838,28.459999,2940.23291,2023-01-20,0.975691020488739,8,159478007.062682
32.218976,77.144234,11.3100004196167,3133.002441,2023-01-20,0.9723110198974609,11,159478006.926326
32.218801,77.153277,29.65999984741211,2991.008057,2023-01-20,0.9734799861907959,8,159478007.070946
32.218612,77.144656,11.9399995803833,3113.959473,2023-01-20,0.9762750267982483,11,159478006.93459
32.21843719482422,77.153702,38.27000045776367,2980.014893,2023-01-20,0.9726420044898987,8,159478007.07921
32.218249,77.145076,15.760000228881836,3087.961914,2023-01-20,0.9761430025100708,11,159478006.942854
32.218079,77.154116,42.5,2928.823975,2023-01-20,0.9700319766998291,8,159478007.087474
32.217885,77.145499,9.170000076293945,3081.81543,2023-01-20,0.978227972984314,11,159478006.951118
32.21772003173828,77.15453338623047,38.97999954223633,2883.205811,2023-01-20,0.9683600068092346,8,159478007.095738
32.217519,77.145926,9.920000076293945,3082.409668,2023-01-20,0.974478006362915,11,159478006.959382
32.21736526489258,77.154937,44.380001,2802.925293,2023-01-20,0.9736940264701843,8,159478007.104002
32.217153,77.146353,24.229999542236328,3072.754883,2023-01-20,0.9788870215415955,11,159478006.967646
32.217008,77.155347,18.309999,2767.369385,2023-01-20,0.9722989797592163,8,159478007.112266
32.216784,77.14678955078125,22.350000381469727,3113.604248,2023-01-20,0.9785839915275574,11,159478006.97591
32.216642,77.155776,14.489999771118164,2783.467285,2023-01-20,0.9716759920120239,8,159478007.12053
32.216418,77.147217,34.830002,3106.428955,2023-01-20,0.973334014415741,11,159478006.984174
32.216055,77.147637,10.970000267028809,3107.922852,2023-01-20,0.9767029881477356,11,159478006.992438
32.21569061279297,77.148064,7.369999885559082,3112.298828,2023-01-20,0.9809330105781555,11,159478007.000702
32.215533,77.157088,29.770000457763672,2909.794189,2023-01-20,0.9592750072479248,8,159478007.145322
32.21532440185547,77.148492,4.300000190734863,3125.632812,2023-01-20,0.9823899865150452,11,159478007.008966
32.215163,77.157525,36.919998,2945.974121,2023-01-20,0.9749550223350525,8,159478007.153586
32.214111,77.208937,11.380000114440918,2241.350098,2023-01-20,0.9752050042152405,1,159478007.356054
32.21495819091797,77.148918,6.139999866485596,3123.880859,2023-01-20,0.9815829992294312,11,159478007.01723
32.21479797363281,77.157953,46.77000045776367,2943.740967,2023-01-20,0.9872350096702576,8,159478007.16185
32.213743,77.209367,7.900000095367432,2268.227295,2023-01-20,0.9602029919624329,1,159478007.364318
32.213539,77.218604,6.480000019073486,2584.416016,2023-01-20,0.9501199722290039,0,159478007.508938
32.214595794677734,77.149342,14.0,3107.177979,2023-01-20,0.9806339740753174,11,159478007.025494
32.21443176269531,77.158386,59.580002,2958.365723,2023-01-20,0.9908829927444458,8,159478007.170114
32.213372,77.209799,20.110001,2296.293213,2023-01-20,0.9561200141906738,1,159478007.372582
32.2142333984375,77.149764,8.119999885559082,3095.844482,2023-01-20,0.9798669815063477,11,159478007.033758
32.214062,77.158819,50.47999954223633,3002.036621,2023-01-20,0.9927060008049011,8,159478007.178378
32.213001,77.210231,23.260000228881836,2329.928223,2023-01-20,0.9634450078010559,1,159478007.380846
32.213869,77.150187,34.860001,3055.496582,2023-01-20,0.9817140102386475,11,159478007.042022
32.213698,77.159245,15.279999732971191,3038.25,2023-01-20,0.9749400019645691,8,159478007.186642
32.212894439697266,77.203978,16.030001,1951.242188,2023-01-20,0.9501169919967651,2,159478007.046154
32.2135009765625,77.150625,10.859999656677246,3132.122559,2023-01-20,0.9799209833145142,11,159478007.050286
32.213331,77.15967559814453,26.959999,3043.649414,2023-01-20,0.9905149936676025,8,159478007.194906
32.212631,77.210662,24.899999618530273,2364.484375,2023-01-20,0.9555569887161255,1,159478007.38911
32.212262,77.211092,16.809999,2398.885986,2023-01-20,0.9637899994850159,1,159478007.397374
32.213134,77.151055,19.209999,3136.820557,2023-01-20,0.97707599401474,11,159478007.05855
32.212964,77.160108,43.18000030517578,3053.021729,2023-01-20,0.9926049709320068,8,159478007.20317
32.212156,77.204838,21.719999,2022.913574,2023-01-20,0.9801179766654968,2,159478007.062682
32.211892,77.211524,25.129999,2424.268311,2023-01-20,0.9709339737892151,1,159478007.405638
32.212764739990234,77.151492,10.670000076293945,3190.242432,2023-01-20,0.9807680249214172,11,159478007.066814
32.212604,77.160525,18.079999923706055,3042.200684,2023-01-20,0.9915140271186829,8,159478007.211434
32.211789,77.205267,22.65999984741211,2047.290283,2023-01-20,0.9697449803352356,2,159478007.070946
32.212399,77.151921,26.700001,3188.732666,2023-01-20,0.9766730070114136,11,159478007.075078
32.212242126464844,77.160945,8.270000457763672,3029.313232,2023-01-20,0.9922770261764526,8,159478007.219698
32.211151,77.212386,26.65999984741211,2492.725098,2023-01-20,0.9598950147628784,1,159478007.422166
32.212032318115234,77.152352,32.72999954223633,3203.157959,2023-01-20,0.9774450063705444,11,159478007.083342
32.211875,77.161376,27.780001,3028.661865,2023-01-20,0.9779250025749207,8,159478007.227962
32.211667,77.15277862548828,48.799999,3199.584961,2023-01-20,0.9739289879798889,11,159478007.091606
32.211512,77.161799,51.15999984741211,2992.976562,2023-01-20,0.9869880080223083,8,159478007.236226
32.210683,77.206557,29.479999542236328,2164.28833,2023-01-20,0.9732270240783691,2,159478007.095738
32.210416,77.213243,33.59000015258789,2512.341309,2023-01-20,0.9613940119743347,1,159478007.438694
32.2113037109375,77.153203,41.759998,3193.359619,2023-01-20,0.9796130061149597,11,159478007.09987
32.211152,77.162215,45.009998,2960.872803,2023-01-20,0.9889659881591797,8,159478007.24449
32.210317,77.206986,14.899999618530273,2201.691162,2023-01-20,0.9784539937973022,2,159478007.104002
32.210935,77.153639,39.65999984741211,3235.541748,2023-01-20,0.9725350141525269,11,159478007.108134
32.210794,77.162628,19.100000381469727,2933.564941,2023-01-20,0.986329972743988,8,159478007.252754
32.209952,77.207412,17.709999,2204.685303,2023-01-20,0.9757580161094666,2,159478007.112266
32.210573,77.154061,39.619999,3221.092041,2023-01-20,0.9735100269317627,11,159478007.116398
32.21043014526367,77.163053,22.350000381469727,2923.578857,2023-01-20,0.9922720193862915,8,159478007.261018
32.209586,77.207839,21.649999618530273,2216.78418,2023-01-20,0.9620299935340881,2,159478007.12053
32.21006393432617,77.163482,37.900002,2921.613525,2023-01-20,0.9900609850883484,8,159478007.269282
32.209219,77.208268,19.440001,2247.703613,2023-01-20,0.9681379795074463,2,159478007.128794
32.209842,77.154917,11.569999694824219,3265.619629,2023-01-20,0.9799519777297974,11,159478007.132926
32.20970153808594,77.163906,28.420000076293945,2918.410889,2023-01-20,0.9909539818763733,8,159478007.277546
32.20902633666992,77.19947052001953,5.800000190734863,1824.539185,2023-01-20,0.9535459876060486,3,159478006.992438
32.208849,77.208699,42.360001,2273.869629,2023-01-20,0.9757300019264221,2,159478007.137058
32.209476470947266,77.155348,33.439999,3266.251709,2023-01-20,0.9676669836044312,11,159478007.14119
32.209336,77.164331,34.599998,2911.043701,2023-01-20,0.9902390241622925,8,159478007.28581
32.208483,77.209127,29.479999542236328,2311.480469,2023-01-20,0.9769420027732849,2,159478007.145322
32.209109,77.155779,17.639999,3306.324951,2023-01-20,0.9733420014381409,11,159478007.149454
32.208972,77.164756,54.939999,2883.488525,2023-01-20,0.988772988319397,8,159478007.294074
32.208223,77.215802,36.330002,2508.936035,2023-01-20,0.9752389788627625,1,159478007.488278
32.20811462402344,77.209557,36.330002,2337.397949,2023-01-20,0.9701390266418457,2,159478007.153586
32.207856,77.216229,36.81999969482422,2515.285645,2023-01-20,0.9690619707107544,1,159478007.496542
32.208743,77.15621185302734,23.18000030517578,3320.91626,2023-01-20,0.9762470126152039,11,159478007.157718
32.208613,77.165169,44.34000015258789,2843.051758,2023-01-20,0.9880130290985107,8,159478007.302338
32.207929,77.200749,9.65999984741211,1840.075073,2023-01-20,0.9540770053863525,3,159478007.01723
32.208248138427734,77.165591,48.380001,2821.292969,2023-01-20,0.9892280101776123,8,159478007.310602
32.207491,77.216656,28.579999923706055,2523.175293,2023-01-20,0.952826976776123,1,159478007.504806
32.208379,77.156635,23.629999,3315.769531,2023-01-20,0.968858003616333,11,159478007.165982
32.207562,77.201179,29.510000228881836,1854.2052001953125,2023-01-20,0.9626780152320862,3,159478007.025494
32.207387,77.210407,35.43000030517578,2331.881104,2023-01-20,0.9731450080871582,2,159478007.170114
32.208018,77.157053,39.959999,3269.017822,2023-01-20,0.9719719886779785,11,159478007.174246
32.207887,77.166013,32.279999,2821.752441,2023-01-20,0.9557309746742249,8,159478007.318866
32.207023,77.210832,34.869999,2330.818604,2023-01-20,0.9575319886207581,2,159478007.178378
32.206764221191406,77.217504,13.739999771118164,2505.872559,2023-01-20,0.966044008731842,1,159478007.521334
32.207659,77.157467,10.109999656677246,3251.538818,2023-01-20,0.9544349908828735,11,159478007.18251
32.207521,77.166442,38.459999,2822.999268,2023-01-20,0.9882190227508545,8,159478007.32713
32.206659,77.211257,37.15999984741211,2318.180176,2023-01-20,0.9681749939918518,2,159478007.186642
32.207296,77.157888,11.569999694824219,3232.184814,2023-01-20,0.9907159805297852,11,159478007.190774
32.207159,77.166862,25.649999618530273,2812.892578,2023-01-20,0.9895510077476501,8,159478007.335394
32.206396,77.217932,26.700001,2508.969238,2023-01-20,0.9585819840431213,1,159478007.529598
32.206295013427734,77.211682,34.080002,2319.637451,2023-01-20,0.9655799865722656,2,159478007.194906
32.20692825317383,77.15831756591797,29.510000228881836,3235.681396,2023-01-20,0.987820029258728,11,159478007.199038
32.206792,77.167294,37.560001,2822.09375,2023-01-20,0.9633709788322449,8,159478007.343658
32.205932,77.212107,18.579999923706055,2325.52832,2023-01-20,0.976656973361969,2,159478007.20317
32.206568,77.158738,35.5,3200.456787,2023-01-20,0.9884160161018372,11,159478007.207302
32.205668,77.218782,34.459999,2482.392334,2023-01-20,0.9658269882202148,1,159478007.546126
32.206208,77.159155,36.509998,3162.765381,2023-01-20,0.9934809803962708,11,159478007.215566
32.205849,77.159567,19.989999771118164,3126.477051,2023-01-20,0.9780679941177368,11,159478007.22383
32.204992,77.204183,18.729999542236328,2071.294922,2023-01-20,0.9624320268630981,3,159478007.083342
32.204835,77.213387,30.899999618530273,2338.94043,2023-01-20,0.9615049958229065,2,159478007.227962
32.205484,77.159994,39.31999969482422,3110.066895,2023-01-20,0.992097020149231,11,159478007.232094
32.205121,77.160417,17.149999618530273,3119.487305,2023-01-20,0.9921560287475586,11,159478007.240358
32.204752,77.160852,28.309999,3141.501709,2023-01-20,0.9910039901733398,11,159478007.248622
32.204028,77.161691,31.120001,3088.265869,2023-01-20,0.989234983921051,11,159478007.26515
32.20356369018555,77.192752,7.900000095367432,1702.870117,2023-01-20,0.9751449823379517,5,159478007.339526
32.203097,77.221779,29.920000076293945,2577.186279,2023-01-20,0.9559170007705688,1,159478007.603982
32.203019,77.215507,18.129999,2275.202393,2023-01-20,0.9713780283927917,2,159478007.269282
32.203668,77.162107,37.93000030517578,3043.061279,2023-01-20,0.9882680177688599,11,159478007.273414
32.203196,77.193183,2.799999952316284,1734.881714,2023-01-20,0.9504799842834473,5,159478007.34779
32.202658,77.215929,22.209999,2237.915283,2023-01-20,0.9786329865455627,2,159478007.277546
32.202829,77.193612,9.8100004196167,1740.300659,2023-01-20,0.9817240238189697,5,159478007.356054
32.20237350463867,77.222625,13.890000343322754,2542.97583,2023-01-20,0.9604780077934265,1,159478007.620514
32.203307,77.162524,41.869999,3000.691162,2023-01-20,0.9890159964561462,11,159478007.281678
32.202945,77.162943,35.200001,2978.649658,2023-01-20,0.9715319871902466,11,159478007.289942
32.202006,77.223053,33.369999,2541.260498,2023-01-20,0.9585779905319214,1,159478007.62878
32.20164489746094,77.223475,19.440001,2526.286621,2023-01-20,0.9748629927635193,1,159478007.637046
32.20258331298828,77.163362,39.990002,2948.076172,2023-01-20,0.9718869924545288,11,159478007.298206
32.201969,77.185614,12.020000457763672,1847.487061,2023-01-20,0.9689940214157104,6,159478007.236226
32.201276,77.223906,22.989999771118164,2552.760498,2023-01-20,0.9631069898605347,1,159478007.645312
32.201605,77.186038,27.979999542236328,1817.191284,2023-01-20,0.9685090184211731,6,159478007.24449
32.20185852050781,77.164197,40.970001,2879.444092,2023-01-20,0.972104012966156,11,159478007.314734
32.200828552246094,77.218062,25.059999,2260.230957,2023-01-20,0.9507529735565186,2,159478007.318866
32.200903,77.2243423461914,36.81999969482422,2595.770508,2023-01-20,0.9730560183525085,1,159478007.653578
32.201499,77.164614,42.349998,2839.678223,2023-01-20,0.9668899774551392,11,159478007.322998
32.201247,77.18644714355469,23.479999542236328,1749.546875,2023-01-20,0.9548919796943665,6,159478007.252754
32.200544,77.224759,18.420000076293945,2565.906006,2023-01-20,0.9571959972381592,1,159478007.661844
32.200887,77.186867,11.789999961853027,1714.593262,2023-01-20,0.9707739949226379,6,159478007.261018
32.200467,77.218487,21.56999969482422,2249.437744,2023-01-20,0.9535250067710876,2,159478007.32713
32.201137,77.165032,58.97999954223633,2791.291016,2023-01-20,0.9762489795684814,11,159478007.331262
32.200181,77.225183,11.760000228881836,2560.523926,2023-01-20,0.9645429849624634,1,159478007.67011
32.200103,77.218911,11.829999923706055,2241.771484,2023-01-20,0.9656270146369934,2,159478007.335394
32.200777,77.165446,52.049999,2747.598877,2023-01-20,0.9856420159339905,11,159478007.339526
32.199737548828125,77.219337,14.229999542236328,2241.261719,2023-01-20,0.9645389914512634,2,159478007.343658
32.200416564941406,77.165861,31.34000015258789,2723.661377,2023-01-20,0.989920973777771,11,159478007.34779
32.200162,77.187711,8.649999618530273,1674.267944,2023-01-20,0.9674739837646484,6,159478007.277546
32.199798,77.188136,3.0299999713897705,1671.927856,2023-01-20,0.9743899703025818,6,159478007.28581
32.199371337890625,77.219766,27.56999969482422,2251.61792,2023-01-20,0.9694200158119202,2,159478007.351922
32.20005416870117,77.166283,36.400002,2701.294922,2023-01-20,0.9838039875030518,11,159478007.356054
32.199008,77.220189,18.09000015258789,2228.402588,2023-01-20,0.9636790156364441,2,159478007.360186
32.199066162109375,77.188991,20.520000457763672,1668.937988,2023-01-20,0.961866021156311,6,159478007.302338
32.198642,77.220616,24.190001,2228.104004,2023-01-20,0.9747059941291809,2,159478007.36845
32.198276,77.221043,13.630000114440918,2248.084961,2023-01-20,0.9654629826545715,2,159478007.376714
32.197909,77.22147369384766,16.139999,2255.704102,2023-01-20,0.9638440012931824,2,159478007.384978
32.19833755493164,77.189841,2.5399999618530273,1672.799805,2023-01-20,0.9536970257759094,6,159478007.318866
32.264554,77.136974,28.729999542236328,3148.084229,2024-11-25,0.971036970615387,0,217786414.871678
32.263832092285156,77.137828,22.030001,3140.241455,2024-11-25,0.970009982585907,0,217786414.888206
32.26348114013672,77.138249,32.130001,3099.9729,2024-11-25,0.9589589834213257,0,217786414.89647
32.263131,77.138667,39.169998,3056.774414,2024-11-25,0.9543470144271851,0,217786414.904734
32.262778,77.139088,31.270000457763672,3037.800781,2024-11-25,0.9727129936218262,0,217786414.912998
32.262423,77.139511,40.700001,3006.874512,2024-11-25,0.9770129919052124,0,217786414.921262
32.262082,77.139924,26.479999542236328,2965.682129,2024-11-25,0.9660069942474365,0,217786414.929527
32.261728,77.140347,32.540001,2935.860107,2024-11-25,0.9715560078620911,0,217786414.937793
32.259985,77.142435,28.31999969482422,2749.376709,2024-11-25,0.9554299712181091,0,217786414.979123
32.259613037109375,77.142868,37.259998,2757.035889,2024-11-25,0.9522470235824585,0,217786414.987389
32.259242,77.143301,38.450001,2771.356201,2024-11-25,0.9625639915466309,0,217786414.995655
32.258869,77.143734,42.419998,2783.735107,2024-11-25,0.970320999622345,0,217786415.003921
32.258509,77.144158,37.889999,2776.019043,2024-11-25,0.9628700017929077,0,217786415.012187
32.257808,77.144991,26.110001,2715.188721,2024-11-25,0.9528120160102844,0,217786415.028719
32.257178,77.136645,20.350000381469727,2764.887451,2024-11-25,0.9663050174713135,1,217786414.900602
32.256832122802734,77.1370620727539,14.470000267028809,2724.295166,2024-11-25,0.9786949753761292,1,217786414.908866
32.256791,77.146216,19.790001,2529.851807,2024-11-25,0.9676179885864258,0,217786415.053517
32.256432,77.146637,35.610001,2495.801758,2024-11-25,0.9706100225448608,0,217786415.061783
32.256483,77.137479,10.770000457763672,2692.284912,2024-11-25,0.9633470177650452,1,217786414.91713
32.256079,77.147054,16.639999,2483.974365,2024-11-25,0.9700930118560791,0,217786415.070049
32.255067,77.139165,7.329999923706055,2594.030762,2024-11-25,0.9572550058364868,1,217786414.950192
32.254703,77.139594,29.739999771118164,2570.231689,2024-11-25,0.958109974861145,1,217786414.958458
32.254595,77.148772,24.760000228881836,2519.668457,2024-11-25,0.9531030058860779,0,217786415.103113
32.254237,77.149191,10.100000381469727,2514.650391,2024-11-25,0.9832890033721924,0,217786415.111379
32.253995,77.140435,7.179999828338623,2540.215088,2024-11-25,0.9569010138511658,1,217786414.97499
32.253912,77.149588,24.610001,2400.456543,2024-11-25,0.9659780263900757,0,217786415.119645
32.253645,77.140852,6.510000228881836,2502.884033,2024-11-25,0.9748669862747192,1,217786414.983256
32.25331497192383,77.141255,22.030001,2399.619873,2024-11-25,0.9519879817962646,1,217786414.991522
32.253211,77.150418,20.5,2329.539551,2024-11-25,0.9656990170478821,0,217786415.136177
32.252966,77.141671,22.290001,2360.991211,2024-11-25,0.9687209725379944,1,217786414.999788
32.25226593017578,77.142504,12.149999618530273,2294.201904,2024-11-25,0.9558020234107971,1,217786415.01632
32.25214767456055,77.15167236328125,14.770000457763672,2249.66333,2024-11-25,0.9642019867897034,0,217786415.160974
32.251786,77.152092,29.290001,2222.881348,2024-11-25,0.9757699966430664,0,217786415.169238
32.251552,77.143346,14.619999885559082,2248.576416,2024-11-25,0.953781008720398,1,217786415.032852
32.251437,77.152506,14.470000267028809,2197.750732,2024-11-25,0.969199001789093,0,217786415.177502
32.251182,77.1437759399414,13.539999961853027,2261.173096,2024-11-25,0.9594389796257019,1,217786415.041118
32.250946044921875,77.137626,17.770000457763672,2364.71167,2024-11-25,0.979686975479126,2,217786414.706398
32.250801,77.144214,35.759998,2275.980957,2024-11-25,0.9500390291213989,1,217786415.049384
32.250561,77.138065,19.870001,2412.586182,2024-11-25,0.9652320146560669,2,217786414.714662
32.249944,77.154229,46.419998,2236.021973,2024-11-25,0.9601460099220276,0,217786415.210558
32.25017166137695,77.138508,29.709999,2471.429199,2024-11-25,0.963333010673523,2,217786414.722926
32.25000762939453,77.145112,37.860001,2424.522217,2024-11-25,0.9660789966583252,1,217786415.065916
32.249581,77.154654,29.059999,2248.742432,2024-11-25,0.9508360028266907,0,217786415.218822
32.249408,77.1393814086914,7.519999980926514,2574.439209,2024-11-25,0.9627709984779358,2,217786414.739454
32.249208,77.155085,35.15999984741211,2260.385986,2024-11-25,0.9610009789466858,0,217786415.227086
32.249045,77.139803,12.720000267028809,2560.47168,2024-11-25,0.9627479910850525,2,217786414.747718
32.248915,77.1463851928711,38.22999954223633,2407.80835,2024-11-25,0.969539999961853,1,217786415.090714
32.248835,77.155516,31.940001,2281.009033,2024-11-25,0.9557949900627136,0,217786415.23535
32.248539,77.146819,27.870001,2442.851074,2024-11-25,0.9534329771995544,1,217786415.09898
32.248085021972656,77.156382,27.899999618530273,2331.466309,2024-11-25,0.9555780291557312,0,217786415.251878
32.24833297729492,77.14064025878906,20.760000228881836,2496.625,2024-11-25,0.9623690247535706,2,217786414.764246
32.248172760009766,77.147244,36.59000015258789,2433.92041,2024-11-25,0.9663400053977966,1,217786415.107246
32.247799,77.147676,26.40999984741211,2462.199219,2024-11-25,0.963687002658844,1,217786415.115512
32.247711,77.15681457519531,24.719999,2357.296143,2024-11-25,0.9670060276985168,0,217786415.260142
32.24763107299805,77.141471,18.219999,2421.604492,2024-11-25,0.9631180167198181,2,217786414.780774
32.247323,77.157257,36.580002,2398.535400390625,2024-11-25,0.9509649872779846,0,217786415.268406
32.247249,77.141908,22.110001,2457.871338,2024-11-25,0.9661139845848083,2,217786414.789038
32.246958,77.15768432617188,17.020000457763672,2419.981201,2024-11-25,0.958158016204834,0,217786415.27667
32.247039794921875,77.148547,21.700001,2533.455566,2024-11-25,0.9605609774589539,1,217786415.132044
32.24687576293945,77.142341,11.859999656677246,2489.609131,2024-11-25,0.9693710207939148,2,217786414.797302
32.246688,77.148961,15.039999961853027,2502.613037,2024-11-25,0.961309015750885,1,217786415.14031
32.246573,77.158125,31.979999542236328,2451.686523,2024-11-25,0.9593920111656189,0,217786415.284934
32.246496,77.142779,33.599998,2508.057373,2024-11-25,0.9781100153923035,2,217786414.805566
32.246314,77.149393,20.719999,2516.002686,2024-11-25,0.954118013381958,1,217786415.148576
32.24620056152344,77.158557,34.080002,2468.540771,2024-11-25,0.9707670211791992,0,217786415.293198
32.24583435058594,77.158985,13.869999885559082,2492.324463,2024-11-25,0.9548119902610779,0,217786415.301462
32.24574661254883,77.143648,32.889999,2561.932129,2024-11-25,0.9644740223884583,2,217786414.822094
32.2453727722168,77.144082,34.759998,2584.084961,2024-11-25,0.9602760076522827,2,217786414.830358
32.244695,77.160297,22.889999,2589.997559,2024-11-25,0.9598439931869507,0,217786415.326254
32.244772,77.151152,34.790001,2693.986816,2024-11-25,0.9666929841041565,1,217786415.181634
32.244395,77.151586,40.330002,2715.877197,2024-11-25,0.9675700068473816,1,217786415.189898
32.244314,77.160735,13.460000038146973,2637.596191,2024-11-25,0.9514210224151611,0,217786415.334518
32.244248,77.14539337158203,44.040001,2660.880127,2024-11-25,0.9734609723091125,2,217786414.85515
32.243933,77.161173,30.489999771118164,2657.918457,2024-11-25,0.9582520127296448,0,217786415.342782
32.244338,77.1362533569336,58.900002,2748.95874,2024-11-25,0.9588919878005981,3,217786414.71053
32.243986,77.136664,36.490002,2729.02417,2024-11-25,0.9642300009727478,3,217786414.718794
32.243875,77.145826,28.739999771118164,2701.090576,2024-11-25,0.9781389832496643,2,217786414.863414
32.243658,77.152442,14.59000015258789,2755.2229,2024-11-25,0.9598320126533508,1,217786415.206426
32.243567,77.161602,9.050000190734863,2682.783203,2024-11-25,0.9535490274429321,0,217786415.351046
32.243636,77.137076,33.869999,2685.530029,2024-11-25,0.9717230200767517,3,217786414.727058
32.243205,77.162027,25.43000030517578,2659.846191,2024-11-25,0.9526469707489014,0,217786415.35931
32.243136,77.146691,17.510000228881836,2740.700439,2024-11-25,0.96601802110672,2,217786414.879942
32.242852,77.162446,25.549999,2631.218018,2024-11-25,0.9514319896697998,0,217786415.367574
32.242911,77.15330505371094,18.139999,2791.713867,2024-11-25,0.9646599888801575,1,217786415.222954
32.24290466308594,77.137925,17.100000381469727,2696.812744,2024-11-25,0.9772560000419617,3,217786414.743586
32.242762,77.147127,20.43000030517578,2765.201904,2024-11-25,0.9595419764518738,2,217786414.888206
32.242523193359375,77.153748,40.779999,2825.830811,2024-11-25,0.9683740139007568,1,217786415.231218
32.242536,77.138353,24.020000457763672,2698.698975,2024-11-25,0.9761350154876709,3,217786414.75185
32.242393493652344,77.147559,4.929999828338623,2793.229736,2024-11-25,0.9662529826164246,2,217786414.89647
32.242139,77.16329193115234,21.059999,2595.353516,2024-11-25,0.9608139991760254,0,217786415.384102
32.242024,77.147992,14.960000038146973,2796.273926,2024-11-25,0.9681100249290466,2,217786414.904734
32.241791,77.163705,19.450001,2556.050781,2024-11-25,0.9547330141067505,0,217786415.392366
32.241442,77.139628,19.870001,2693.526367,2024-11-25,0.9711859822273254,3,217786414.776642
32.241097,77.164535,14.25,2473.868896,2024-11-25,0.9510549902915955,0,217786415.408894
32.241045,77.155466,23.420000076293945,2885.212158,2024-11-25,0.9665510058403015,1,217786415.264274
32.240744,77.16495513916016,8.789999961853027,2449.956787,2024-11-25,0.9571729898452759,0,217786415.417158
32.241075,77.140055,9.6899995803833,2704.866455,2024-11-25,0.9720219969749451,3,217786414.784906
32.240662,77.155905,21.25,2931.651123,2024-11-25,0.9739770293235779,1,217786415.272538
32.240714,77.140478,11.479999542236328,2689.893799,2024-11-25,0.9700390100479126,3,217786414.79317
32.24053192138672,77.14973449707031,8.380000114440918,2901.733398,2024-11-25,0.9668819904327393,2,217786414.937793
32.240279,77.156345,32.060001,2965.378174,2024-11-25,0.9670590162277222,1,217786415.280802
32.24033737182617,77.140914,8.149999618530273,2727.59668,2024-11-25,0.9794260263442993,3,217786414.801434
32.240146,77.150179,43.630001,2924.227051,2024-11-25,0.9594500064849854,2,217786414.946059
32.240028,77.16580200195312,14.210000038146973,2409.205078,2024-11-25,0.9536340236663818,0,217786415.433686
32.239912,77.156773,18.440001,2983.806396,2024-11-25,0.953702986240387,1,217786415.289066
32.239663,77.166228,10.989999771118164,2409.810791,2024-11-25,0.9611210227012634,0,217786415.44195
32.23996353149414,77.141347,11.329999923706055,2747.099854,2024-11-25,0.9676139950752258,3,217786414.809698
32.239784240722656,77.150606,14.4399995803833,2946.83374,2024-11-25,0.9709309935569763,2,217786414.954325
32.239540100097656,77.157206,31.459999,2990.555664,2024-11-25,0.9673810005187988,1,217786415.29733
32.239295,77.166658,8.899999618530273,2418.157471,2024-11-25,0.9602689743041992,0,217786415.450214
32.23919677734375,77.1576156616211,31.610001,2936.110107,2024-11-25,0.9554190039634705,1,217786415.305594
32.23920822143555,77.142222,19.079999923706055,2809.781738,2024-11-25,0.9744229912757874,3,217786414.826226
32.23883819580078,77.158037,36.439999,2909.505615,2024-11-25,0.9658300280570984,1,217786415.313858
32.238494873046875,77.158449,10.8100004196167,2886.846436,2024-11-25,0.9565430283546448,1,217786415.322122
32.238467,77.143088,22.0,2843.857178,2024-11-25,0.9823240041732788,3,217786414.842754
32.238303,77.15233612060547,31.879999,2989.522705,2024-11-25,0.978223979473114,2,217786414.987389
32.238134,77.158873,8.40999984741211,2878.629395,2024-11-25,0.9694089889526367,1,217786415.330386
32.238161,77.167968,26.59000015258789,2488.782715,2024-11-25,0.950622022151947,0,217786415.475006
32.238091,77.143525,16.049999,2883.171631,2024-11-25,0.980430006980896,3,217786414.851018
32.237944,77.15276336669922,11.930000305175781,2994.093506,2024-11-25,0.9685689806938171,2,217786414.995655
32.237715,77.143963,17.020000457763672,2917.266846,2024-11-25,0.9767460227012634,3,217786414.859282
32.237571,77.153194,13.649999618530273,3013.436279,2024-11-25,0.9739149808883667,2,217786415.003921
32.237436,77.1688232421875,23.299999,2477.609131,2024-11-25,0.968953013420105,0,217786415.491534
32.237414,77.159721,14.890000343322754,2848.036377,2024-11-25,0.969124972820282,1,217786415.346914
32.237091,77.169233,15.930000305175781,2434.792969,2024-11-25,0.955489993095398,0,217786415.499798
32.237342834472656,77.144398,19.15999984741211,2937.522461,2024-11-25,0.9729549884796143,3,217786414.867546
32.237199,77.153626,14.850000381469727,3030.570068,2024-11-25,0.9639509916305542,2,217786415.012187
32.237043,77.160152,46.09000015258789,2832.184326,2024-11-25,0.9615569710731506,1,217786415.355178
32.236735,77.169654,20.950001,2406.660400390625,2024-11-25,0.956341028213501,0,217786415.508062
32.236967,77.144836,26.34000015258789,2963.566895,2024-11-25,0.9763540029525757,3,217786414.87581
32.236585,77.145278,35.59000015258789,3004.003662,2024-11-25,0.9712690114974976,3,217786414.884074
32.236329,77.16099548339844,41.52000045776367,2796.609375,2024-11-25,0.9717739820480347,1,217786415.371706
32.235991,77.170519,5.909999847412109,2450.814453,2024-11-25,0.9549160003662109,0,217786415.52459
32.236098,77.1549072265625,4.519999980926514,3050.875488,2024-11-25,0.9659410119056702,2,217786415.036985
32.235968,77.16142272949219,38.34000015258789,2790.783447,2024-11-25,0.9684529900550842,1,217786415.37997
32.235728,77.15534210205078,11.069999694824219,3055.160400390625,2024-11-25,0.9674370288848877,2,217786415.045251
32.23563003540039,77.170943,5.679999828338623,2440.658203,2024-11-25,0.9703680276870728,0,217786415.532854
32.235853,77.146139,5.380000114440918,3044.661377,2024-11-25,0.9762150049209595,3,217786414.900602
32.235489,77.146568,4.449999809265137,3047.519287,2024-11-25,0.9793180227279663,3,217786414.908866
32.235354,77.155772,11.75,3076.414795,2024-11-25,0.967290997505188,2,217786415.053517
32.235122,77.146999,10.140000343322754,3049.695068,2024-11-25,0.973442018032074,3,217786414.91713
32.234984,77.156202,11.779999732971191,3089.426514,2024-11-25,0.96458500623703,2,217786415.061783
32.234557,77.172209,19.520000457763672,2368.808105,2024-11-25,0.9514110088348389,0,217786415.557646
32.234613,77.156632,10.399999618530273,3104.335205,2024-11-25,0.9690350294113159,2,217786415.070049
32.234527587890625,77.163116,12.789999961853027,2764.827148,2024-11-25,0.9611300230026245,1,217786415.413026
32.234217,77.172618,25.209999,2300.341064,2024-11-25,0.9603869915008545,0,217786415.56591
32.234382,77.147866,13.8100004196167,3079.217773,2024-11-25,0.98225998878479,3,217786414.93366
32.234241,77.157062,28.889999,3099.862305,2024-11-25,0.970429003238678,2,217786415.078315
32.234174,77.16353607177734,12.039999961853027,2738.900391,2024-11-25,0.9636589884757996,1,217786415.42129
32.233874,77.173029,17.43000030517578,2252.182129,2024-11-25,0.9571999907493591,0,217786415.574174
32.233884,77.157482,46.25,3057.108643,2024-11-25,0.9723640084266663,2,217786415.086581
32.233817,77.163957,11.819999694824219,2716.916748,2024-11-25,0.9657530188560486,1,217786415.429554
32.233647,77.148729,9.390000343322754,3099.760986,2024-11-25,0.9793499708175659,3,217786414.950192
32.233535,77.157895,9.199999809265137,3045.916504,2024-11-25,0.970425009727478,2,217786415.094847
32.233459,77.16438293457031,11.289999961853027,2698.633789,2024-11-25,0.9625589847564697,1,217786415.437818
32.23326873779297,77.149167,21.93000030517578,3123.17749,2024-11-25,0.9639660120010376,3,217786414.958458
32.232794,77.174298,39.43000030517578,2189.427246,2024-11-25,0.9696549773216248,0,217786415.598966
32.233152,77.136135,29.329999923706055,3356.613037,2024-11-25,0.9644659757614136,5,217786415.181634
32.232896,77.149603,28.93000030517578,3143.606201,2024-11-25,0.9746159911155701,3,217786414.966724
32.23245620727539,77.174705,8.970000267028809,2152.650635,2024-11-25,0.9598479866981506,0,217786415.60723
32.232765197753906,77.136579,23.56999969482422,3418.340088,2024-11-25,0.9553099870681763,5,217786415.189898
32.232435,77.159172,15.899999618530273,3040.233154,2024-11-25,0.9797670245170593,2,217786415.119645
32.23235321044922,77.165671,38.049999,2697.197754,2024-11-25,0.9607329964637756,1,217786415.46261
32.232397,77.137007,31.239999771118164,3416.807373,2024-11-25,0.9555469751358032,5,217786415.198162
32.232057,77.159607,37.529999,3052.135498,2024-11-25,0.9807130098342896,2,217786415.127911
32.232008,77.16608428955078,11.4399995803833,2670.598877,2024-11-25,0.9649710059165955,1,217786415.470874
32.231717,77.175563,10.130000114440918,2169.811035,2024-11-25,0.951233983039856,0,217786415.623758
32.232043,77.137423,7.849999904632568,3410.003174,2024-11-25,0.9621430039405823,5,217786415.206426
32.231694,77.16002655029297,41.90999984741211,3037.236084,2024-11-25,0.9632279872894287,2,217786415.136177
32.231646,77.166509,18.440001,2654.41748,2024-11-25,0.9664149880409241,1,217786415.479138
32.231281,77.166937,22.670000076293945,2650.349609,2024-11-25,0.964356005191803,1,217786415.487402
32.231677,77.137849,41.709999,3375.981445,2024-11-25,0.9691010117530823,5,217786415.21469
32.231301,77.138284,17.020000457763672,3429.455322,2024-11-25,0.9643250107765198,5,217786415.222954
32.230977,77.16087341308594,33.900002,3001.664551,2024-11-25,0.9786009788513184,2,217786415.152709
32.230925,77.167357,9.390000343322754,2637.580078,2024-11-25,0.9563959836959839,1,217786415.495666
32.230555,77.167789,37.330002,2621.822998,2024-11-25,0.9581519961357117,1,217786415.50393
32.230922,77.138722,10.279999732971191,3471.617676,2024-11-25,0.9581440091133118,5,217786415.231218
32.230623,77.161286,21.739999771118164,2981.575928,2024-11-25,0.9627259969711304,2,217786415.160974
32.230234,77.17727661132812,41.47999954223633,2184.663574,2024-11-25,0.9574699997901917,0,217786415.656814
32.230256,77.161712,31.020000457763672,2973.269775,2024-11-25,0.954118013381958,2,217786415.169238
32.23054885864258,77.139155,7.21999979019165,3493.893311,2024-11-25,0.9623879790306091,5,217786415.239482
32.229865,77.177708,40.509998,2193.539062,2024-11-25,0.9575110077857971,0,217786415.665078
32.230186462402344,77.13957977294922,5.829999923706055,3493.913574,2024-11-25,0.961139976978302,5,217786415.247746
32.229896545410156,77.162133,24.879999,2960.33667,2024-11-25,0.9794049859046936,2,217786415.177502
32.229505,77.17813110351562,37.18000030517578,2183.535400390625,2024-11-25,0.9607009887695312,0,217786415.673342
32.22954559326172,77.162547,7.03000020980835,2938.261719,2024-11-25,0.9640730023384094,2,217786415.185766
32.22982406616211,77.140004,7.929999828338623,3483.138184,2024-11-25,0.971110999584198,5,217786415.25601
32.229461669921875,77.140429,6.769999980926514,3480.15918,2024-11-25,0.9621719717979431,5,217786415.264274
32.229185,77.162969,34.349998,2897.466064,2024-11-25,0.9721609950065613,2,217786415.19403
32.22913360595703,77.169469,11.779999732971191,2542.396973,2024-11-25,0.9641500115394592,1,217786415.536986
32.229097,77.14085388183594,5.789999961853027,3476.675049,2024-11-25,0.9649509787559509,5,217786415.272538
32.228734,77.141278,12.720000267028809,3464.385498,2024-11-25,0.9660969972610474,5,217786415.280802
32.228479,77.163802,27.579999923706055,2833.831055,2024-11-25,0.9569529891014099,2,217786415.210558
32.228395,77.17032623291016,23.940001,2548.026855,2024-11-25,0.9613100290298462,1,217786415.553514
32.228072,77.179812,35.5,2117.319336,2024-11-25,0.9629319906234741,0,217786415.706398
32.228039,77.170749,14.65999984741211,2530.797852,2024-11-25,0.959542989730835,1,217786415.561778
32.228398,77.141679,26.75,3371.885986,2024-11-25,0.9644280076026917,5,217786415.289066
32.228052,77.142089,30.450001,3319.078613,2024-11-25,0.9669600129127502,5,217786415.29733
32.227784,77.164627,27.350000381469727,2733.787598,2024-11-25,0.9629110097885132,2,217786415.227086
32.227439,77.165038,27.389999,2678.918701,2024-11-25,0.9502339959144592,2,217786415.23535
32.227716,77.14248657226562,54.400002,3218.70752,2024-11-25,0.9591169953346252,5,217786415.305594
32.227012,77.181063,5.53000020980835,2061.002197,2024-11-25,0.9559000134468079,0,217786415.73119
32.227379,77.142892,10.579999923706055,3186.185303,2024-11-25,0.9623590111732483,5,217786415.313858
32.227095,77.165448,20.049999,2627.211182,2024-11-25,0.9750310182571411,2,217786415.243614
32.226977,77.17200469970703,13.09000015258789,2444.325195,2024-11-25,0.9582030177116394,1,217786415.58657
32.226743,77.165864,18.59000015258789,2591.831299,2024-11-25,0.954246997833252,2,217786415.251878
32.226654052734375,77.181483,11.220000267028809,2038.545532,2024-11-25,0.9599210023880005,0,217786415.739454
32.22703170776367,77.143304,11.890000343322754,3143.629639,2024-11-25,0.9521239995956421,5,217786415.322122
32.226299,77.181901,12.229999542236328,2014.012573,2024-11-25,0.9605540037155151,0,217786415.747718
32.226661682128906,77.143736,32.31999969482422,3136.749023,2024-11-25,0.9585099816322327,5,217786415.330386
32.226392,77.1662826538086,21.139999,2550.458008,2024-11-25,0.9602069854736328,2,217786415.260142
32.22626495361328,77.172843,30.040001,2377.791504,2024-11-25,0.9607170224189758,1,217786415.603098
32.225946,77.182318,13.15999984741211,1984.065918,2024-11-25,0.9581310153007507,0,217786415.755982
32.226316,77.144145,29.959999,3084.951416,2024-11-25,0.9589859843254089,5,217786415.33865
32.225912,77.17326354980469,29.850000381469727,2346.503174,2024-11-25,0.9574499726295471,1,217786415.611362
32.225589752197266,77.182738,12.0,1963.985107,2024-11-25,0.9569169878959656,0,217786415.764246
32.225969,77.144556,26.780001,3038.55249,2024-11-25,0.9616060256958008,5,217786415.346914
32.225728,77.158024,16.350000381469727,2731.149414,2024-11-25,0.9716100096702576,3,217786415.132044
32.225687,77.1671142578125,16.540001,2485.605469,2024-11-25,0.9681829810142517,2,217786415.27667
32.22556686401367,77.173672,13.130000114440918,2311.914062,2024-11-25,0.9705849885940552,1,217786415.619626
32.225621,77.144968,30.68000030517578,2988.830322,2024-11-25,0.9577280282974243,5,217786415.355178
32.225358,77.158452,50.110001,2706.564209,2024-11-25,0.9633129835128784,3,217786415.14031
32.225336,77.16752624511719,15.859999656677246,2447.129883,2024-11-25,0.9578790068626404,2,217786415.284934
32.224879,77.183576,18.18000030517578,1913.281006,2024-11-25,0.9642339944839478,0,217786415.780774
32.225264,77.145389,33.0,2968.494629,2024-11-25,0.9619640111923218,5,217786415.363442
32.224981,77.16795349121094,11.710000038146973,2424.871338,2024-11-25,0.966497004032135,2,217786415.293198
32.22528839111328,77.136291,22.030001,3556.715332,2024-11-25,0.9508439898490906,6,217786415.218822
32.224999,77.158872,20.649999618530273,2715.196777,2024-11-25,0.9630789756774902,3,217786415.148576
32.224527,77.183993,8.520000457763672,1894.004517,2024-11-25,0.9613850116729736,0,217786415.789038
32.224916,77.145801,20.420000076293945,2934.617188,2024-11-25,0.9635760188102722,5,217786415.371706
32.224649,77.159285,12.119999885559082,2676.69165,2024-11-25,0.9754490256309509,3,217786415.156842
32.224172,77.184412,14.25,1865.285645,2024-11-25,0.9567649960517883,0,217786415.797302
32.224948,77.136694,13.350000381469727,3498.851318,2024-11-25,0.9617670178413391,6,217786415.227086
32.224268,77.16879272460938,21.700001,2367.734131,2024-11-25,0.9565650224685669,2,217786415.309726
32.224166,77.17533111572266,7.960000038146973,2163.305176,2024-11-25,0.97017902135849,1,217786415.652682
32.224581,77.137122,4.559999942779541,3511.989258,2024-11-25,0.9550870060920715,6,217786415.23535
32.224561,77.146219,26.149999618530273,2901.70459,2024-11-25,0.9649400115013123,5,217786415.37997
32.224294,77.159702,16.719999,2640.493896,2024-11-25,0.9700499773025513,3,217786415.165106
32.223815,77.184833,8.40999984741211,1855.164795,2024-11-25,0.9688929915428162,0,217786415.805566
32.224207,77.146637,31.84000015258789,2866.234619,2024-11-25,0.9661369919776917,5,217786415.388234
32.223941802978516,77.160117,14.850000381469727,2605.573486,2024-11-25,0.9559109807014465,3,217786415.17337
32.223808,77.17575073242188,18.93000030517578,2133.753174,2024-11-25,0.9619370102882385,1,217786415.660946
32.224226,77.137539,33.900002,3455.637939,2024-11-25,0.9534540176391602,6,217786415.243614
32.223455,77.185256,6.920000076293945,1846.457397,2024-11-25,0.9635249972343445,0,217786415.81383
32.223886,77.137941,31.15999984741211,3387.821289,2024-11-25,0.9676799774169922,6,217786415.251878
32.22385025024414,77.147057,34.869999,2842.702637,2024-11-25,0.9623330235481262,5,217786415.396498
32.22358703613281,77.160533,13.09000015258789,2570.2771,2024-11-25,0.9719380140304565,3,217786415.181634
32.223506,77.147466,11.890000343322754,2809.397705,2024-11-25,0.9535530209541321,5,217786415.404762
32.223234,77.160948,13.390000343322754,2532.871338,2024-11-25,0.9657869935035706,3,217786415.189898
32.223195,77.170055,15.970000267028809,2314.870117,2024-11-25,0.9633110165596008,2,217786415.334518
32.22309112548828,77.176591,30.110001,2089.586182,2024-11-25,0.9623280167579651,1,217786415.677474
32.22353744506836,77.138352,22.520000457763672,3350.027588,2024-11-25,0.967615008354187,6,217786415.260142
32.222853,77.170465,20.799999,2247.873291,2024-11-25,0.9730809926986694,2,217786415.342782
32.222738,77.177007,22.110001,2063.710449,2024-11-25,0.9682080149650574,1,217786415.685738
32.222731,77.186106,4.559999942779541,1837.963379,2024-11-25,0.9575610160827637,0,217786415.830358
32.223192,77.138759,13.170000076293945,3303.273682,2024-11-25,0.9632959961891174,6,217786415.268406
32.22288131713867,77.161364,12.15999984741211,2499.711426,2024-11-25,0.9717659950256348,3,217786415.198162
32.22236251831055,77.186535,15.739999771118164,1838.047607,2024-11-25,0.9694219827651978,0,217786415.838622
32.222789,77.14830780029297,18.139999,2766.675781,2024-11-25,0.9587010145187378,5,217786415.42129
32.222530364990234,77.161778,18.860001,2447.322998,2024-11-25,0.9737100005149841,3,217786415.206426
32.222503662109375,77.17088317871094,22.34000015258789,2201.070557,2024-11-25,0.9733049869537354,2,217786415.351046
32.222384,77.177424,28.649999618530273,2028.654785,2024-11-25,0.9599289894104004,1,217786415.694002
32.222837,77.139176,28.879999,3259.094482,2024-11-25,0.9623299837112427,6,217786415.27667
32.222155,77.171296,19.079999923706055,2161.669678,2024-11-25,0.971934974193573,2,217786415.35931
32.222037,77.177835,10.470000267028809,1999.449341,2024-11-25,0.9650279879570007,1,217786415.702266
32.22200393676758,77.186958,5.199999809265137,1835.549561,2024-11-25,0.9605039954185486,0,217786415.846886
32.22248840332031,77.139586,35.279999,3205.374023,2024-11-25,0.9611600041389465,6,217786415.284934
32.222428,77.148734,20.120001,2752.925049,2024-11-25,0.9547579884529114,5,217786415.429554
32.222177,77.162194,17.170000076293945,2413.506104,2024-11-25,0.9639459848403931,3,217786415.21469
32.22182083129883,77.162613,30.09000015258789,2377.689209,2024-11-25,0.9538499712944031,3,217786415.222954
32.221805572509766,77.171711,22.260000228881836,2113.513428,2024-11-25,0.9573339819908142,2,217786415.367574
32.221677,77.178257,10.25,1986.7677001953125,2024-11-25,0.9762240052223206,1,217786415.71053
32.222137451171875,77.140001,24.799999,3180.685303,2024-11-25,0.9573959708213806,6,217786415.293198
32.221459,77.172125,11.300000190734863,2075.897949,2024-11-25,0.9686790108680725,2,217786415.375838
32.221321,77.178675,18.93000030517578,1955.545166,2024-11-25,0.9583830237388611,1,217786415.718794
32.221781,77.140419,20.540001,3160.895752,2024-11-25,0.9632250070571899,6,217786415.301462
32.221683502197266,77.149602,13.760000228881836,2796.431641,2024-11-25,0.9535840153694153,5,217786415.446082
32.221467,77.163029,18.709999,2353.061523,2024-11-25,0.9722129702568054,3,217786415.231218
32.221105,77.172544,21.629999,2033.814941,2024-11-25,0.9671859741210938,2,217786415.384102
32.220965,77.179094,19.81999969482422,1930.907715,2024-11-25,0.9582340121269226,1,217786415.727058
32.22091293334961,77.188237,4.300000190734863,1836.486572,2024-11-25,0.9504079818725586,0,217786415.871678
32.221301,77.150045,10.920000076293945,2843.25415,2024-11-25,0.967041015625,5,217786415.454346
32.22111511230469,77.16344451904297,10.739999771118164,2321.64624,2024-11-25,0.968513011932373,3,217786415.239482
32.221063,77.141262,8.640000343322754,3140.07251,2024-11-25,0.9635220170021057,6,217786415.31799
32.220925,77.150483,40.59000015258789,2844.275879,2024-11-25,0.9547860026359558,5,217786415.46261
32.220746,77.163873,12.3100004196167,2330.27417,2024-11-25,0.9736819863319397,3,217786415.247746
32.220563,77.150908,43.02000045776367,2830.984131,2024-11-25,0.9598429799079895,5,217786415.470874
32.220365,77.164312,22.379999,2367.107422,2024-11-25,0.9745439887046814,3,217786415.25601
32.220216,77.151319,10.470000267028809,2813.352783,2024-11-25,0.9532139897346497,5,217786415.479138
32.219946,77.17387390136719,19.450001,2211.619385,2024-11-25,0.9662610292434692,2,217786415.408894
32.219866,77.180373,27.90999984741211,1933.702515,2024-11-25,0.964398980140686,1,217786415.75185
32.220334,77.142116,7.590000152587891,3140.433594,2024-11-25,0.9596700072288513,6,217786415.334518
32.21957778930664,77.174303,41.97999954223633,2194.777588,2024-11-25,0.961430013179779,2,217786415.417158
32.219505310058594,77.180796,19.040001,1934.157837,2024-11-25,0.9659929871559143,1,217786415.760114
32.219973,77.142539,4.630000114440918,3133.766602,2024-11-25,0.9662730097770691,6,217786415.342782
32.219829,77.151767,22.59000015258789,2858.116699,2024-11-25,0.9577829837799072,5,217786415.487402
32.21921157836914,77.174733,41.380001,2203.010742,2024-11-25,0.9693130254745483,2,217786415.425422
32.219609,77.142965,6.769999980926514,3128.147461,2024-11-25,0.950344979763031,6,217786415.351046
32.219451904296875,77.152207,17.729999542236328,2900.797363,2024-11-25,0.9570429921150208,5,217786415.495666
32.219237,77.165617,41.130001,2442.503174,2024-11-25,0.9610310196876526,3,217786415.280802
32.21923828125,77.143396,6.949999809265137,3139.29248,2024-11-25,0.9578099846839905,6,217786415.35931
32.219065,77.152652,20.09000015258789,2948.862549,2024-11-25,0.9534159898757935,5,217786415.50393
32.2188835144043,77.166033,19.870001,2427.979736,2024-11-25,0.9657570123672485,3,217786415.289066
32.2183723449707,77.182101,34.34000015258789,2014.736816,2024-11-25,0.9523389935493469,1,217786415.784906
32.218873,77.143826,6.46999979019165,3148.167236,2024-11-25,0.9558320045471191,6,217786415.367574
32.218685150146484,77.153092,10.550000190734863,2995.106201,2024-11-25,0.9587259888648987,5,217786415.512194
32.2185173034668,77.166462,31.65999984741211,2422.43457,2024-11-25,0.9581329822540283,3,217786415.29733
32.218015,77.182521,38.759998,1992.888428,2024-11-25,0.9722049832344055,1,217786415.79317
32.218508,77.144254,6.090000152587891,3148.741455,2024-11-25,0.9525139927864075,6,217786415.375838
32.218309,77.15352630615234,34.790001,3000.527832,2024-11-25,0.965595006942749,5,217786415.520458
32.217672,77.182931,32.919998,1943.687134,2024-11-25,0.9588189721107483,1,217786415.801434
32.217963,77.15393829345703,23.639999,2959.212646,2024-11-25,0.9660130143165588,5,217786415.528722
32.21779251098633,77.16731262207031,17.360001,2419.496582,2024-11-25,0.9739350080490112,3,217786415.313858
32.217717,77.176468,42.130001,2287.124023,2024-11-25,0.9618939757347107,2,217786415.458478
32.217371,77.176881,14.930000305175781,2259.474365,2024-11-25,0.9816510081291199,2,217786415.466742
32.217322,77.183347,37.709999,1904.170776,2024-11-25,0.9603869915008545,1,217786415.809698
32.217794,77.145093,8.859999656677246,3099.65625,2024-11-25,0.9552559852600098,6,217786415.392366
32.217614,77.154353,26.75,2910.672852,2024-11-25,0.957023024559021,5,217786415.536986
32.2174186706543,77.167744,32.139999,2428.956055,2024-11-25,0.9559119939804077,3,217786415.322122
32.216974,77.183761,18.360001,1884.127686,2024-11-25,0.9670450091362,1,217786415.817962
32.217430114746094,77.145521,7.78000020980835,3100.219971,2024-11-25,0.9655020236968994,6,217786415.40063
32.217267,77.154763,51.139999,2832.816162,2024-11-25,0.9628350138664246,5,217786415.54525
32.217039,77.168183,34.990002,2473.284912,2024-11-25,0.9682899713516235,3,217786415.330386
32.21701431274414,77.177303,8.680000305175781,2243.436768,2024-11-25,0.9680539965629578,2,217786415.475006
32.21662139892578,77.184179,5.489999771118164,1870.983643,2024-11-25,0.9588199853897095,1,217786415.826226
32.216912,77.155181,69.440002,2786.4729,2024-11-25,0.9639269709587097,5,217786415.553514
32.21625900268555,77.184603,7.179999828338623,1860.637695,2024-11-25,0.9502879977226257,1,217786415.83449
32.216688,77.146387,23.15999984741211,3117.20459,2024-11-25,0.965034008026123,6,217786415.417158
32.216566,77.155591,22.370001,2782.153076,2024-11-25,0.9605550169944763,5,217786415.561778
32.216296,77.178148,15.380000114440918,2197.925293,2024-11-25,0.9700940251350403,2,217786415.491534
32.216285,77.169056,27.020000457763672,2549.900635,2024-11-25,0.961916983127594,3,217786415.346914
32.215938,77.17857360839844,16.950001,2174.558838,2024-11-25,0.9712380170822144,2,217786415.499798
32.215899,77.185027,7.21999979019165,1852.818604,2024-11-25,0.9531660079956055,1,217786415.842754
32.216315,77.146823,16.120001,3146.278564,2024-11-25,0.9587050080299377,6,217786415.425422
32.216185,77.156031,20.950001,2821.491455,2024-11-25,0.9543330073356628,5,217786415.570042
32.215914,77.169487,16.649999618530273,2576.305908,2024-11-25,0.9568849802017212,3,217786415.355178
32.215579986572266,77.178993,21.100000381469727,2149.84668,2024-11-25,0.9663540124893188,2,217786415.508062
32.215541,77.185449,5.909999847412109,1840.274414,2024-11-25,0.9501659870147705,1,217786415.851018
32.21595001220703,77.14724731445312,25.889999,3133.638184,2024-11-25,0.961217999458313,6,217786415.433686
32.215811,77.156466,12.34000015258789,2853.318848,2024-11-25,0.9593150019645691,5,217786415.578306
32.21554946899414,77.16991424560547,39.47999954223633,2552.031982,2024-11-25,0.9662460088729858,3,217786415.363442
32.215227,77.179411,13.130000114440918,2123.216309,2024-11-25,0.9656220078468323,2,217786415.516326
32.215591,77.147672,12.270000457763672,3129.984131,2024-11-25,0.9638100266456604,6,217786415.44195
32.215423583984375,77.156912,15.479999542236328,2905.880127,2024-11-25,0.963919997215271,5,217786415.58657
32.215211,77.170321,16.989999771118164,2499.053223,2024-11-25,0.969763994216919,3,217786415.371706
32.214869,77.179833,12.90999984741211,2102.733154,2024-11-25,0.9581360220909119,2,217786415.52459
32.214821,77.186297,5.789999961853027,1822.158691,2024-11-25,0.9603729844093323,1,217786415.867546
32.215227,77.148099,8.449999809265137,3129.814209,2024-11-25,0.9549180269241333,6,217786415.450214
32.215044,77.157352,17.020000457763672,2943.107178,2024-11-25,0.9655280113220215,5,217786415.594834
32.214824,77.170765,54.259998,2525.583252,2024-11-25,0.9643949866294861,3,217786415.37997
32.214859,77.148529,9.84000015258789,3134.563232,2024-11-25,0.957053005695343,6,217786415.458478
32.214468,77.171186,5.800000190734863,2548.181885,2024-11-25,0.9654970169067383,3,217786415.388234
32.214664459228516,77.157791,25.700001,2974.477783,2024-11-25,0.9611049890518188,5,217786415.603098
32.214136,77.180689,34.689999,2082.154785,2024-11-25,0.9613990187644958,2,217786415.541118
32.214102,77.187144,37.220001,1771.391113,2024-11-25,0.958200991153717,1,217786415.884074
32.214772,77.135681,22.290001,3726.250977,2024-11-25,0.9672250151634216,8,217786415.673342
32.214494,77.148956,11.670000076293945,3128.93335,2024-11-25,0.968878984451294,6,217786415.466742
32.214298,77.158218,26.520000457763672,2972.269287,2024-11-25,0.9820860028266907,5,217786415.611362
32.213762,77.187554,12.829999923706055,1737.014526,2024-11-25,0.9643530249595642,1,217786415.892338
32.214421,77.136093,39.349998,3674.286377,2024-11-25,0.967428982257843,8,217786415.681606
32.213775634765625,77.181112,34.869999,2067.421875,2024-11-25,0.9624509811401367,2,217786415.549382
32.214136,77.149377,4.110000133514404,3117.395264,2024-11-25,0.9640030264854431,6,217786415.475006
32.21392059326172,77.158655,13.3100004196167,3017.808594,2024-11-25,0.9586049914360046,5,217786415.619626
32.21342086791992,77.181532,31.31999969482422,2042.320435,2024-11-25,0.9630600214004517,2,217786415.557646
32.214072,77.136501,20.870001,3649.56665,2024-11-25,0.969760000705719,8,217786415.68987
32.213775,77.149801,15.109999656677246,3093.339355,2024-11-25,0.9567620158195496,6,217786415.48327
32.213541,77.159093,21.360001,3047.005859,2024-11-25,0.9828000068664551,5,217786415.62789
32.213385,77.172458,38.72999954223633,2477.916016,2024-11-25,0.9691050052642822,3,217786415.413026
32.213711,77.136922,10.65999984741211,3647.401123,2024-11-25,0.9672920107841492,8,217786415.698134
32.213061,77.181954,37.75,2016.700562,2024-11-25,0.9747260212898254,2,217786415.56591
32.213403,77.150235,8.1899995803833,3119.913574,2024-11-25,0.9520450234413147,6,217786415.491534
32.213163,77.15953063964844,36.619999,3063.693604,2024-11-25,0.984844982624054,5,217786415.636154
32.213031,77.172877,39.740002,2443.750977,2024-11-25,0.9692450165748596,3,217786415.42129
32.212706,77.182373,17.920000076293945,2007.421021,2024-11-25,0.9508410096168518,2,217786415.574174
32.213348,77.13734436035156,12.260000228881836,3638.633789,2024-11-25,0.9732679724693298,8,217786415.706398
32.213025,77.150675,7.25,3155.243896,2024-11-25,0.9584130048751831,6,217786415.499798
32.21279525756836,77.159958,33.220001,3073.350586,2024-11-25,0.9867579936981201,5,217786415.644418
32.212983,77.13777160644531,21.049999,3630.043701,2024-11-25,0.9674599766731262,8,217786415.714662
32.212653,77.151109,12.899999618530273,3167.106689,2024-11-25,0.9593319892883301,6,217786415.508062
32.212440490722656,77.160374,27.5,3049.537109,2024-11-25,0.9839910268783569,5,217786415.652682
32.212329,77.17371368408203,21.780001,2378.708252,2024-11-25,0.9674969911575317,3,217786415.437818
32.21199035644531,77.183215,29.629999,1951.660156,2024-11-25,0.9577440023422241,2,217786415.590702
32.21261978149414,77.138194,14.430000305175781,3632.452393,2024-11-25,0.971780002117157,8,217786415.722926
32.212274,77.151549,8.529999732971191,3207.640625,2024-11-25,0.95380699634552,6,217786415.516326
32.21208572387695,77.1607894897461,6.539999961853027,3040.323486,2024-11-25,0.9569230079650879,5,217786415.660946
32.211461,77.199323,5.610000133514404,1846.337769,2024-11-25,0.9529229998588562,0,217786416.086581
32.212259,77.138614,10.8100004196167,3623.9375,2024-11-25,0.968500018119812,8,217786415.73119
32.211902,77.151983,10.020000457763672,3224.547852,2024-11-25,0.9532719850540161,6,217786415.52459
32.211719,77.161216,14.210000038146973,3036.125977,2024-11-25,0.9857800006866455,5,217786415.66921
32.21162033081055,77.174548,20.879999,2315.511963,2024-11-25,0.9799110293388367,3,217786415.454346
32.211097,77.199749,5.079999923706055,1848.288208,2024-11-25,0.9693959951400757,0,217786416.094847
32.211894,77.139041,9.15999984741211,3627.525146,2024-11-25,0.9703930020332336,8,217786415.739454
32.211263,77.17497253417969,31.620001,2280.511719,2024-11-25,0.9718819856643677,3,217786415.46261
32.211524,77.152422,24.540001,3241.805908,2024-11-25,0.9634619951248169,6,217786415.532854
32.211351,77.1616439819336,45.790001,3009.931152,2024-11-25,0.9837459921836853,5,217786415.677474
32.210732,77.200175,8.039999961853027,1849.196289,2024-11-25,0.9676079750061035,0,217786416.103113
32.211528,77.139467,7.849999904632568,3630.920898,2024-11-25,0.9664199948310852,8,217786415.747718
32.211169,77.152839,32.959999,3203.874756,2024-11-25,0.9591889977455139,6,217786415.541118
32.211005,77.162052,27.379999,2977.512451,2024-11-25,0.9599630236625671,5,217786415.685738
32.21091079711914,77.175388,30.120001,2246.739014,2024-11-25,0.9621689915657043,3,217786415.470874
32.211168,77.139887,8.300000190734863,3616.550049,2024-11-25,0.9691380262374878,8,217786415.755982
32.210567474365234,77.184892,27.870001,1843.706665,2024-11-25,0.9545530080795288,2,217786415.623758
32.210784912109375,77.153284,17.360001,3269.185303,2024-11-25,0.9594460129737854,6,217786415.549382
32.210658,77.162461,7.070000171661377,2948.483643,2024-11-25,0.9671120047569275,5,217786415.694002
32.210216,77.185306,9.130000114440918,1820.041992,2024-11-25,0.9629570245742798,2,217786415.632022
32.210806,77.14031219482422,16.270000457763672,3602.761963,2024-11-25,0.9723939895629883,8,217786415.764246
32.21016311645508,77.176256,36.93000030517578,2282.666992,2024-11-25,0.9651659727096558,3,217786415.487402
32.210413,77.153718,13.880000114440918,3291.424561,2024-11-25,0.9544280171394348,6,217786415.557646
32.210289001464844,77.162889,35.459999,2926.294434,2024-11-25,0.9807950258255005,5,217786415.702266
32.209632,77.201456,14.4399995803833,1861.341919,2024-11-25,0.9711840152740479,0,217786416.127911
32.210437,77.140741,9.949999809265137,3621.106445,2024-11-25,0.9715120196342468,8,217786415.77251
32.210061,77.154132,11.40999984741211,3255.053467,2024-11-25,0.9642410278320312,6,217786415.56591
32.209919,77.16332244873047,38.27000045776367,2939.63208,2024-11-25,0.9823840260505676,5,217786415.71053
32.209798,77.176683,15.449999809265137,2303.959961,2024-11-25,0.9659370183944702,3,217786415.495666
32.20925521850586,77.20188903808594,20.120001,1886.143433,2024-11-25,0.9677600264549255,0,217786416.136177
32.210072,77.141166,10.170000076293945,3620.582275,2024-11-25,0.9677039980888367,8,217786415.780774
32.209421,77.17711639404297,46.740002,2303.432617,2024-11-25,0.9635229706764221,3,217786415.50393
32.209567,77.163733,14.470000267028809,2928.943848,2024-11-25,0.9846150279045105,5,217786415.718794
32.208879,77.202323,18.739999771118164,1916.211182,2024-11-25,0.9603750109672546,0,217786416.144443
32.209709,77.141591,6.579999923706055,3622.289795,2024-11-25,0.9758070111274719,8,217786415.789038
32.209189,77.16416931152344,56.490002,2918.537109,2024-11-25,0.9881449937820435,5,217786415.727058
32.209059,77.177545,41.279999,2298.483887,2024-11-25,0.9598510265350342,3,217786415.512194
32.20850372314453,77.202756,17.049999,1944.827393,2024-11-25,0.963146984577179,0,217786416.152709
32.20934295654297,77.142018,7.510000228881836,3624.262451,2024-11-25,0.9647169709205627,8,217786415.797302
32.209313,77.155002,13.579999923706055,3299.763428,2024-11-25,0.9594359993934631,6,217786415.582438
32.208702087402344,77.177966,43.029999,2272.156494,2024-11-25,0.950767993927002,3,217786415.520458
32.208761,77.18700408935547,7.179999828338623,1802.091919,2024-11-25,0.9690060019493103,2,217786415.665078
32.208938,77.155438,23.34000015258789,3315.375732,2024-11-25,0.958486020565033,6,217786415.590702
32.208834,77.164586,46.610001,2903.863281,2024-11-25,0.9808170199394226,5,217786415.735322
32.208396,77.187429,6.019999980926514,1801.552979,2024-11-25,0.9664959907531738,2,217786415.673342
32.208988,77.142435,12.40999984741211,3595.436768,2024-11-25,0.9646819829940796,8,217786415.805566
32.208486,77.164996,38.380001,2864.510742,2024-11-25,0.9639210104942322,5,217786415.743586
32.208629,77.142856,14.359999656677246,3581.383545,2024-11-25,0.9669610261917114,8,217786415.81383
32.208567,77.155869,6.389999866485596,3345.174316,2024-11-25,0.957427978515625,6,217786415.598966
32.208030700683594,77.187854,6.510000228881836,1800.211548,2024-11-25,0.9736549854278564,2,217786415.681606
32.208197,77.15630340576172,24.129999,3340.317627,2024-11-25,0.9584590196609497,6,217786415.60723
32.208137,77.165407,17.510000228881836,2844.481689,2024-11-25,0.984932005405426,5,217786415.75185
32.207999,77.178798,17.399999618530273,2213.416016,2024-11-25,0.9656720161437988,3,217786415.536986
32.207667,77.188278,4.789999961853027,1797.518066,2024-11-25,0.9684889912605286,2,217786415.68987
32.208266,77.143281,10.880000114440918,3580.493652,2024-11-25,0.9721320271492004,8,217786415.822094
32.207841,77.156716,31.280001,3303.930908,2024-11-25,0.9672309756278992,6,217786415.615494
32.207767486572266,77.165838,38.310001,2838.331543,2024-11-25,0.9818639755249023,5,217786415.760114
32.207308,77.188699,11.40999984741211,1773.173462,2024-11-25,0.9640269875526428,2,217786415.698134
32.20790481567383,77.143704,14.850000381469727,3569.949219,2024-11-25,0.969681978225708,8,217786415.830358
32.207492,77.157127,7.070000171661377,3281.817627,2024-11-25,0.962427020072937,6,217786415.623758
32.207411,77.166255,12.529999732971191,2840.469727,2024-11-25,0.9573280215263367,5,217786415.768378
32.20728302001953,77.17964172363281,17.360001,2168.194092,2024-11-25,0.964909017086029,3,217786415.553514
32.207539,77.144134,22.809999,3569.903564,2024-11-25,0.972046971321106,8,217786415.838622
32.206919,77.180067,42.580002,2138.766113,2024-11-25,0.9604259729385376,3,217786415.561778
32.206588,77.204944,12.119999885559082,2172.878174,2024-11-25,0.9715399742126465,0,217786416.194029
32.207132,77.157548,12.829999923706055,3261.498535,2024-11-25,0.965038001537323,6,217786415.632022
32.2070426940918,77.166684,30.450001,2830.264648,2024-11-25,0.9567949771881104,5,217786415.776642
32.206227,77.205367,12.789999961853027,2164.595703,2024-11-25,0.9589290022850037,0,217786416.202293
32.2072639465332,77.135573,9.949999809265137,3778.111328,2024-11-25,0.9641690254211426,11,217786415.702266
32.207164,77.144572,11.479999542236328,3610.846191,2024-11-25,0.9631010293960571,8,217786415.846886
32.206668,77.167119,42.27000045776367,2846.921143,2024-11-25,0.9837899804115295,5,217786415.784906
32.206793,77.145006,11.100000381469727,3629.342041,2024-11-25,0.9649739861488342,8,217786415.85515
32.206766,77.15797424316406,22.40999984741211,3252.033447,2024-11-25,0.9610840082168579,6,217786415.640286
32.205871,77.205785,6.880000114440918,2148.046875,2024-11-25,0.9539750218391418,0,217786416.210557
32.206892,77.136007,7.849999904632568,3800.80249,2024-11-25,0.971327006816864,11,217786415.71053
32.206407,77.158393,33.970001,3220.807617,2024-11-25,0.9880669713020325,6,217786415.64855
32.206308,77.167541,37.40999984741211,2841.065674,2024-11-25,0.9812740087509155,5,217786415.79317
32.20551300048828,77.206205,15.779999732971191,2123.912598,2024-11-25,0.9760770201683044,0,217786416.218821
32.206523,77.136436,6.389999866485596,3811.307617,2024-11-25,0.9664660096168518,11,217786415.718794
32.20642852783203,77.145432,12.260000228881836,3628.153809,2024-11-25,0.9635310173034668,8,217786415.863414
32.205963134765625,77.16795349121094,38.22999954223633,2788.762451,2024-11-25,0.9849640130996704,5,217786415.801434
32.206061,77.15879821777344,11.630000114440918,3188.273682,2024-11-25,0.9852439761161804,6,217786415.656814
32.206161,77.136858,7.289999961853027,3801.955566,2024-11-25,0.9708139896392822,11,217786415.727058
32.206069,77.145857,14.210000038146973,3619.400879,2024-11-25,0.9641180038452148,8,217786415.871678
32.205711,77.159212,11.069999694824219,3147.311035,2024-11-25,0.96315598487854,6,217786415.665078
32.20561981201172,77.168356,5.71999979019165,2765.015869,2024-11-25,0.9601460099220276,5,217786415.809698
32.205799,77.137281,4.369999885559082,3798.748047,2024-11-25,0.9686909914016724,11,217786415.735322
32.205691,77.146299,12.489999771118164,3660.374023,2024-11-25,0.9603530168533325,8,217786415.879942
32.205265045166016,77.168774,7.070000171661377,2738.447266,2024-11-25,0.9853429794311523,5,217786415.817962
32.205135345458984,77.182165,24.579999923706055,2026.63562,2024-11-25,0.9534209966659546,3,217786415.603098
32.205339,77.159643,29.629999,3147.010986,2024-11-25,0.9798870086669922,6,217786415.673342
32.204661,77.198219,6.239999771118164,1784.268677,2024-11-25,0.967881977558136,1,217786416.09898
32.205436,77.137704,5.380000114440918,3792.023926,2024-11-25,0.9723989963531494,11,217786415.743586
32.205322265625,77.146731,14.65999984741211,3671.109131,2024-11-25,0.9648770093917847,8,217786415.888206
32.204978,77.16006469726562,18.399999618530273,3144.860352,2024-11-25,0.9840940237045288,6,217786415.681606
32.20491027832031,77.169192,5.050000190734863,2716.144531,2024-11-25,0.9675210118293762,5,217786415.826226
32.204961,77.14715576171875,7.179999828338623,3673.629395,2024-11-25,0.9603189826011658,8,217786415.89647
32.204408,77.18301391601562,32.93000030517578,2002.791138,2024-11-25,0.9532729983329773,3,217786415.619626
32.205079,77.13812255859375,8.520000457763672,3764.752441,2024-11-25,0.9728059768676758,11,217786415.75185
32.204604,77.160498,40.560001,3147.368896,2024-11-25,0.9784719944000244,6,217786415.68987
32.20455551147461,77.169609,6.690000057220459,2687.170166,2024-11-25,0.9862840175628662,5,217786415.83449
32.204053,77.192503,9.430000305175781,1689.114746,2024-11-25,0.9588389992713928,2,217786415.77251
32.204725,77.13853454589844,10.619999885559082,3733.702148,2024-11-25,0.9721540212631226,11,217786415.760114
32.204612731933594,77.147566,11.630000114440918,3628.102051,2024-11-25,0.9627940058708191,8,217786415.904734
32.204203,77.170026,8.039999961853027,2657.267822,2024-11-25,0.980355978012085,5,217786415.842754
32.204045,77.183438,36.450001,1992.079468,2024-11-25,0.9511939883232117,3,217786415.62789
32.204264,77.147978,20.610001,3582.259766,2024-11-25,0.966480016708374,8,217786415.912998
32.204244,77.160918,26.40999984741211,3145.529297,2024-11-25,0.9871090054512024,6,217786415.698134
32.203688,77.183857,38.619999,1964.820679,2024-11-25,0.9636989831924438,3,217786415.636154
32.204371,77.138948,6.949999809265137,3707.837158,2024-11-25,0.9762970209121704,11,217786415.768378
32.20389175415039,77.161333,27.760000228881836,3112.686523,2024-11-25,0.9635270237922668,6,217786415.706398
32.20384979248047,77.170443,5.159999847412109,2632.663818,2024-11-25,0.9866759777069092,5,217786415.851018
32.204009,77.139371,6.389999866485596,3704.00415,2024-11-25,0.9682729840278625,11,217786415.776642
32.203912,77.148393,12.680000305175781,3560.868164,2024-11-25,0.958732008934021,8,217786415.921262
32.203482,77.170873,39.540001,2609.117432,2024-11-25,0.9778519868850708,5,217786415.859282
32.203337,77.184271,24.729999542236328,1935.386475,2024-11-25,0.9616079926490784,3,217786415.644418
32.203536,77.161747,30.450001,3076.982422,2024-11-25,0.9849110245704651,6,217786415.714662
32.202549,77.209629,34.790001,2204.420166,2024-11-25,0.9521120190620422,0,217786416.284933
32.203639,77.139803,8.109999656677246,3716.211426,2024-11-25,0.9703609943389893,11,217786415.784906
32.203553,77.148816,32.310001,3530.786621,2024-11-25,0.9710649847984314,8,217786415.929527
32.203187,77.162157,28.620001,3033.493164,2024-11-25,0.9838089942932129,6,217786415.722926
32.203276,77.140227,7.440000057220459,3713.050293,2024-11-25,0.9705899953842163,11,217786415.79317
32.20320129394531,77.149232,18.139999,3518.368408,2024-11-25,0.968762993812561,8,217786415.937793
32.202634,77.18509674072266,11.859999656677246,1868.012939,2024-11-25,0.9703919887542725,3,217786415.660946
32.202834,77.162571,33.93000030517578,2994.556641,2024-11-25,0.9661110043525696,6,217786415.73119
32.202203,77.194652,4.96999979019165,1771.356567,2024-11-25,0.9650580286979675,2,217786415.81383
32.202911376953125,77.140655,6.880000114440918,3717.811523,2024-11-25,0.972707986831665,11,217786415.801434
32.202849,77.149646,29.129999,3477.425049,2024-11-25,0.9687640070915222,8,217786415.946059
32.202481,77.162985,34.90999984741211,2959.678711,2024-11-25,0.9644259810447693,6,217786415.739454
32.202432,77.172117,48.299999,2491.901855,2024-11-25,0.9816979765892029,5,217786415.884074
32.202491,77.150067,21.620001,3470.506836,2024-11-25,0.9671419858932495,8,217786415.954325
32.201454162597656,77.210902,44.810001,2190.223389,2024-11-25,0.9557350277900696,0,217786416.309725
32.202537,77.141092,8.40999984741211,3741.898682,2024-11-25,0.9673129916191101,11,217786415.809698
32.202123,77.163404,39.43000030517578,2936.154297,2024-11-25,0.9596139788627625,6,217786415.747718
32.202165,77.141526,6.170000076293945,3765.038574,2024-11-25,0.9676889777183533,11,217786415.817962
32.202141,77.15048217773438,30.559999,3426.220215,2024-11-25,0.9669920206069946,8,217786415.962591
32.201769,77.163819,39.65999984741211,2905.309814,2024-11-25,0.9831039905548096,6,217786415.755982
32.201101,77.211317,39.009998,2164.598633,2024-11-25,0.9627299904823303,0,217786416.317989
32.2017822265625,77.150902,28.90999984741211,3417.77002,2024-11-25,0.9675269722938538,8,217786415.970857
32.201376,77.173367,28.770000457763672,2422.063965,2024-11-25,0.9791499972343445,5,217786415.908866
32.20121383666992,77.186769,24.989999771118164,1732.388916,2024-11-25,0.9522740244865417,3,217786415.694002
32.200757,77.211727,14.289999961853027,2137.759277,2024-11-25,0.9573850035667419,0,217786416.326253
32.201795,77.141959,5.380000114440918,3782.449463,2024-11-25,0.9687650203704834,11,217786415.826226
32.201418,77.164231,31.989999771118164,2875.441162,2024-11-25,0.9575409889221191,6,217786415.764246
32.200740814208984,77.196362,6.210000038146973,1789.938354,2024-11-25,0.9589040279388428,2,217786415.846886
32.2014274597168,77.142391,5.079999923706055,3795.946533,2024-11-25,0.9671580195426941,11,217786415.83449
32.201429,77.151319,11.399999618530273,3409.69165,2024-11-25,0.9683600068092346,8,217786415.979123
32.201071,77.16464233398438,46.279999,2811.958496,2024-11-25,0.9818800091743469,6,217786415.77251
32.20103073120117,77.173777,22.139999,2381.379639,2024-11-25,0.9524499773979187,5,217786415.91713
32.200862884521484,77.187183,9.760000228881836,1706.19812,2024-11-25,0.9505810141563416,3,217786415.702266
32.201062,77.15174865722656,8.069999694824219,3424.20459,2024-11-25,0.9690619707107544,8,217786415.987389
32.200658,77.174212,42.540001,2384.580566,2024-11-25,0.9805160164833069,5,217786415.925394
32.200374,77.19679260253906,5.909999847412109,1795.429688,2024-11-25,0.9685519933700562,2,217786415.85515
32.200011,77.212587,37.40999984741211,2150.231689,2024-11-25,0.9504709839820862,0,217786416.342781
32.201064,77.142816,6.5,3792.002441,2024-11-25,0.9692999720573425,11,217786415.842754
32.200717,77.165055,39.880001,2787.396729,2024-11-25,0.9781399965286255,6,217786415.780774
32.200701,77.152173,24.5,3401.417969,2024-11-25,0.9715149998664856,8,217786415.995655
32.200362,77.165473,45.610001,2756.819092,2024-11-25,0.9814580082893372,6,217786415.789038
32.200278,77.174654,37.970001,2434.865967,2024-11-25,0.9587500095367432,5,217786415.93366
32.200008,77.197218,7.699999809265137,1799.534058,2024-11-25,0.9694039821624756,2,217786415.863414
32.200711,77.143231,9.949999809265137,3759.308838,2024-11-25,0.964148998260498,11,217786415.851018
32.200351,77.152587,27.040001,3365.231934,2024-11-25,0.9699810147285461,8,217786416.003921
32.199643,77.197646,6.389999866485596,1805.77771,2024-11-25,0.9550510048866272,2,217786415.871678
32.200359,77.143644,11.069999694824219,3725.540039,2024-11-25,0.9710469841957092,11,217786415.859282
32.200004,77.165892,50.919998,2734.05542,2024-11-25,0.9854369759559631,6,217786415.797302
32.199926,77.1750717163086,36.549999,2405.172852,2024-11-25,0.9872599840164185,5,217786415.941926
32.20000076293945,77.15299987792969,27.860001,3331.814697,2024-11-25,0.9697800278663635,8,217786416.012187
32.199586,77.175477,10.699999809265137,2370.150879,2024-11-25,0.9583619832992554,5,217786415.950192
32.198952,77.213836,21.579999923706055,2077.113281,2024-11-25,0.9561489820480347,0,217786416.367573
32.20000457763672,77.144061,10.430000305175781,3702.916016,2024-11-25,0.9720640182495117,11,217786415.867546
32.199656,77.153406,17.989999771118164,3291.507324,2024-11-25,0.9727849960327148,8,217786416.020453
32.19964599609375,77.166312,50.31999969482422,2717.287109,2024-11-25,0.9786620140075684,6,217786415.805566
32.198913,77.198501,7.139999866485596,1813.068481,2024-11-25,0.9723029732704163,2,217786415.888206
32.199642181396484,77.144487,8.489999771118164,3702.749268,2024-11-25,0.97011399269104,11,217786415.87581
32.199293,77.166727,36.700001,2698.304443,2024-11-25,0.95592200756073,6,217786415.81383
32.199222,77.175903,42.119999,2339.70459,2024-11-25,0.9802169799804688,5,217786415.958458
32.199310302734375,77.153813,33.959999,3229.460693,2024-11-25,0.9730839729309082,8,217786416.028719
32.198874,77.176316,42.97999954223633,2298.789307,2024-11-25,0.9560670256614685,5,217786415.966724
32.198548,77.198928,11.300000190734863,1812.551392,2024-11-25,0.9556970000267029,2,217786415.89647
32.19824981689453,77.214666,9.050000190734863,2018.57312,2024-11-25,0.9779490232467651,0,217786416.384101
32.198947,77.167136,39.540001,2645.078125,2024-11-25,0.9632539749145508,6,217786415.822094
32.198947,77.154239,31.040001,3231.529541,2024-11-25,0.9697369933128357,8,217786416.036985
32.198579,77.167567,55.299999,2641.39624,2024-11-25,0.9784290194511414,6,217786415.830358
32.1978874206543,77.215087890625,12.529999732971191,2010.356201,2024-11-25,0.9598050117492676,0,217786416.392365
