lat,lon,rh98,elev_lowestmode,date,sensitivity,beam,delta_time
9.543197631835938,76.344949,13.260000228881836,-93.48321533203125,2020-02-17,0.9905319809913635,5,67174773.427328
9.543025016784668,76.321057,17.34000015258789,-90.504189,2020-02-21,0.9613469839096069,11,67514754.590531
9.543011665344238,76.327752,14.680000305175781,-89.776817,2020-02-21,0.9560390114784241,8,67514754.710371
9.542835235595703,76.344772,18.920000076293945,-92.630753,2020-02-21,0.9886170029640198,5,67514754.582265
9.542696952819824,76.310345,12.470000267028809,-92.792702,2020-02-13,0.9553239941596985,0,66834788.638558
9.542780876159668,76.345255,11.800000190734863,-93.327873,2020-02-17,0.9706329703330994,5,67174773.435592
9.542608261108398,76.321362,20.040001,-91.956367,2020-02-21,0.9676250219345093,11,67514754.598797
9.542595863342285,76.328058,8.989999771118164,-89.47854614257812,2020-02-21,0.982479989528656,8,67514754.718635
9.542537689208984,76.33821868896484,17.940001,-90.970917,2020-02-21,0.9608150124549866,6,67514754.470674
9.542417526245117,76.345078,16.81999969482422,-91.799881,2020-02-21,0.98471999168396,5,67514754.590531
9.542364120483398,76.345559,17.450001,-92.39282989501953,2020-02-17,0.9892290234565735,5,67174773.443856
9.542192459106445,76.321668,22.209999,-92.079613,2020-02-21,0.972324013710022,11,67514754.607063
9.542180061340332,76.328365,11.84000015258789,-89.966568,2020-02-21,0.9578800201416016,8,67514754.726899
9.542120933532715,76.338526,12.020000457763672,-89.743347,2020-02-21,0.9870859980583191,6,67514754.47894
9.542001724243164,76.345384,18.239999771118164,-91.579857,2020-02-21,0.9531689882278442,5,67514754.598797
9.541946411132812,76.345864,18.200001,-92.412117,2020-02-17,0.9850190281867981,5,67174773.45212
9.541775703430176,76.321974,19.030001,-91.446541,2020-02-21,0.9813950061798096,11,67514754.615329
9.541764259338379,76.328671,16.969999,-90.69330596923828,2020-02-21,0.9860290288925171,8,67514754.735163
9.541705131530762,76.338831,21.610001,-94.805878,2020-02-21,0.9926580190658569,6,67514754.487206
9.541531562805176,76.322647,2.990000009536743,-73.135208,2020-02-17,0.9563680291175842,11,67174773.47278
9.541584968566895,76.34568786621094,11.649999618530273,-90.638351,2020-02-21,0.9547849893569946,5,67514754.607063
9.541528701782227,76.346171,8.6899995803833,-91.66624450683594,2020-02-17,0.9890689849853516,5,67174773.460384
9.541358947753906,76.32228088378906,16.59000015258789,-91.48534393310547,2020-02-21,0.9603520035743713,11,67514754.623595
9.541348457336426,76.328978,20.120001,-90.405502,2020-02-21,0.9664689898490906,8,67514754.743427
9.541288375854492,76.339136,26.860001,-97.92333984375,2020-02-21,0.9910640120506287,6,67514754.495472
9.541114807128906,76.322953,3.369999885559082,-72.7879638671875,2020-02-17,0.962863028049469,11,67174773.481044
9.541169166564941,76.345996,12.399999618530273,-90.397293,2020-02-21,0.9769530296325684,5,67514754.615329
9.541111946105957,76.346478,6.059999942779541,-94.1231460571289,2020-02-17,0.9533420205116272,5,67174773.468648
9.540943145751953,76.32258605957031,13.220000267028809,-91.131378,2020-02-21,0.9617310166358948,11,67514754.631861
9.54093074798584,76.329284,21.690001,-92.335823,2020-02-21,0.9729880094528198,8,67514754.751691
9.540870666503906,76.339442,20.079999923706055,-90.694717,2020-02-21,0.968425989151001,6,67514754.503738
9.540752410888672,76.346302,8.350000381469727,-91.04829406738281,2020-02-21,0.9771659970283508,5,67514754.623595
9.540695190429688,76.346781,13.0,-91.709831,2020-02-17,0.9626610279083252,5,67174773.476912
9.54061222076416,76.31187438964844,5.949999809265137,-93.1086654663086,2020-02-13,0.9538099765777588,0,66834788.679878
9.54052734375,76.322892,18.020000457763672,-91.384903,2020-02-21,0.9750549793243408,11,67514754.640127
9.540454864501953,76.339747,17.379999,-90.02531433105469,2020-02-21,0.9596800208091736,6,67514754.512004
9.540335655212402,76.346608,11.5,-91.777252,2020-02-21,0.9572470188140869,5,67514754.631861
9.540278434753418,76.347087,13.449999809265137,-91.721588,2020-02-17,0.9900060296058655,5,67174773.485176
9.54011058807373,76.323199,19.780001,-91.002571,2020-02-21,0.9645980000495911,11,67514754.648391
9.540099143981934,76.329897,19.100000381469727,-91.886848,2020-02-21,0.977886974811554,8,67514754.768219
9.540038108825684,76.340053,13.329999923706055,-90.315208,2020-02-21,0.9837980270385742,6,67514754.52027
9.53991985321045,76.346914,14.720000267028809,-91.790642,2020-02-21,0.9534689784049988,5,67514754.640127
9.539860725402832,76.347392,14.829999923706055,-92.319992,2020-02-17,0.9601669907569885,5,67174773.49344
9.539863586425781,76.323869,4.039999961853027,-73.389641,2020-02-17,0.9646000266075134,11,67174773.505836
9.539693832397461,76.323505,15.170000076293945,-90.7744140625,2020-02-21,0.9689189791679382,11,67514754.656655
9.53968334197998,76.330204,14.609999656677246,-89.883583,2020-02-21,0.9824900031089783,8,67514754.776483
9.539621353149414,76.340359,8.130000114440918,-89.987267,2020-02-21,0.9816089868545532,6,67514754.528536
9.539504051208496,76.34722137451172,18.200001,-92.260323,2020-02-21,0.9823300242424011,5,67514754.648392
9.539443969726562,76.347698,16.559999,-92.45331573486328,2020-02-17,0.9626700282096863,5,67174773.501704
9.539278030395508,76.323811,17.760000228881836,-90.721703,2020-02-21,0.9648290276527405,11,67514754.664919
9.539446830749512,76.324175,4.489999771118164,-71.64799499511719,2020-02-17,0.9782429933547974,11,67174773.5141
9.539265632629395,76.33051300048828,12.699999809265137,-90.373093,2020-02-21,0.9614390134811401,8,67514754.784747
9.539204597473145,76.340664,14.010000228881836,-90.187576,2020-02-21,0.9637550115585327,6,67514754.536802
9.539088249206543,76.347526,18.469999,-93.09725952148438,2020-02-21,0.9590979814529419,5,67514754.656656
9.539027214050293,76.348003,18.620001,-92.851128,2020-02-17,0.9951339960098267,5,67174773.509968
9.538862228393555,76.324117,15.239999771118164,-90.462517,2020-02-21,0.9870859980583191,11,67514754.673183
9.538849830627441,76.330817,10.640000343322754,-89.95755004882812,2020-02-21,0.9808729887008667,8,67514754.793011
9.538787841796875,76.340969,14.380000114440918,-90.207062,2020-02-21,0.9791229963302612,6,67514754.545068
9.53867244720459,76.347832,16.329999923706055,-93.01408386230469,2020-02-21,0.957601010799408,5,67514754.664919
9.538610458374023,76.348309,18.770000457763672,-92.11323547363281,2020-02-17,0.9920949935913086,5,67174773.518232
9.538446426391602,76.324423,16.18000030517578,-90.732132,2020-02-21,0.9666609764099121,11,67514754.681447
9.538372039794922,76.341275,16.06999969482422,-90.373917,2020-02-21,0.9632179737091064,6,67514754.553334
9.538334846496582,76.341758,3.2200000286102295,-90.514839,2020-02-17,0.96253502368927,6,67174773.406668
9.53825569152832,76.348138,21.049999,-92.391068,2020-02-21,0.981115996837616,5,67514754.673184
9.538192749023438,76.348614,18.280001,-92.255829,2020-02-17,0.9686020016670227,5,67174773.526496
9.538029670715332,76.3247299194336,18.239999771118164,-90.348732,2020-02-21,0.992883026599884,11,67514754.689711
9.538017272949219,76.33142852783203,13.899999618530273,-89.962852,2020-02-21,0.9618409872055054,8,67514754.809539
9.537956237792969,76.34158325195312,16.969999,-89.811577,2020-02-21,0.9865400195121765,6,67514754.5616
9.537917137145996,76.342061,12.880000114440918,-90.547142,2020-02-17,0.9527519941329956,6,67174773.414932
9.53783893585205,76.348445,12.65999984741211,-92.191238,2020-02-21,0.9810839891433716,5,67514754.681448
9.537775993347168,76.34892272949219,22.809999,-93.863281,2020-02-17,0.972802996635437,5,67174773.53476
9.537613868713379,76.325036,12.140000343322754,-89.98186492919922,2020-02-21,0.9642670154571533,11,67514754.697975
9.537601470947266,76.331736,9.470000267028809,-90.09008026123047,2020-02-21,0.9625089764595032,8,67514754.817803
9.537538528442383,76.341886,25.770000457763672,-99.58930969238281,2020-02-21,0.9864040017127991,6,67514754.569866
9.537500381469727,76.342367,8.050000190734863,-90.57221984863281,2020-02-17,0.9879519939422607,6,67174773.423196
9.537423133850098,76.348751,17.420000076293945,-92.283943,2020-02-21,0.9632610082626343,5,67514754.689711
9.537359237670898,76.349226,17.270000457763672,-92.926842,2020-02-17,0.9920250177383423,5,67174773.543024
9.53719711303711,76.325343,11.869999885559082,-89.960449,2020-02-21,0.9656109809875488,11,67514754.706239
9.537184715270996,76.332043,22.440001,-98.45890045166016,2020-02-21,0.990664005279541,8,67514754.826067
9.537121772766113,76.342192,8.800000190734863,-90.35009002685547,2020-02-21,0.974075973033905,6,67514754.578132
9.53708267211914,76.342672,13.220000267028809,-91.04376983642578,2020-02-17,0.9611420035362244,6,67174773.43146
9.537007331848145,76.349058,14.90999984741211,-92.302559,2020-02-21,0.9785550236701965,5,67514754.697976
9.536941528320312,76.349531,20.260000228881836,-92.89970397949219,2020-02-17,0.990975022315979,5,67174773.551288
9.536781311035156,76.325649,13.180000305175781,-89.661598,2020-02-21,0.9761940240859985,11,67514754.714503
9.536767959594727,76.332349,15.989999771118164,-90.16777038574219,2020-02-21,0.9790909886360168,8,67514754.834331
9.53670597076416,76.342497,16.629999,-90.958817,2020-02-21,0.9853270053863525,6,67514754.586398
9.536664962768555,76.342977,10.640000343322754,-90.68983459472656,2020-02-17,0.991940975189209,6,67174773.439724
9.536524772644043,76.349838,12.579999923706055,-93.05347442626953,2020-02-17,0.9660689830780029,5,67174773.559552
9.536364555358887,76.325955,13.710000038146973,-89.29890441894531,2020-02-21,0.9626780152320862,11,67514754.722767
9.536352157592773,76.332656,13.670000076293945,-90.04108428955078,2020-02-21,0.9816190004348755,8,67514754.842595
9.536290168762207,76.342803,15.84000015258789,-90.713341,2020-02-21,0.9535199999809265,6,67514754.594664
9.536248207092285,76.343282,11.010000228881836,-91.147041,2020-02-17,0.9634699821472168,6,67174773.447988
9.536174774169922,76.34967041015625,19.700001,-92.949188,2020-02-21,0.9622169733047485,5,67514754.714503
9.536108016967773,76.350143,17.450001,-92.912338,2020-02-17,0.9873239994049072,5,67174773.567816
9.535948753356934,76.326262,13.0,-89.1401138305664,2020-02-21,0.9784430265426636,11,67514754.731031
9.535935401916504,76.332963,13.260000228881836,-90.5110855102539,2020-02-21,0.9640709757804871,8,67514754.850859
9.535831451416016,76.343588,10.34000015258789,-90.8633041381836,2020-02-17,0.9826769828796387,6,67174773.456252
9.535696029663086,76.326927,2.059999942779541,-73.657883,2020-02-17,0.9680070281028748,11,67174773.588476
9.535758972167969,76.3499755859375,17.940001,-92.842018,2020-02-21,0.9610949754714966,5,67514754.722768
9.53569221496582,76.350449,18.239999771118164,-92.628349,2020-02-17,0.9719840288162231,5,67174773.57608
9.535518646240234,76.333269,20.040001,-95.770317,2020-02-21,0.9895529747009277,8,67514754.859123
9.535456657409668,76.343415,17.229999542236328,-90.861992,2020-02-21,0.9617170095443726,6,67514754.611196
9.5353422164917,76.350283,13.670000076293945,-92.703209,2020-02-21,0.9591040015220642,5,67514754.731032
9.53527545928955,76.350756,13.859999656677246,-94.227654,2020-02-17,0.9923189878463745,5,67174773.584344
9.535102844238281,76.333576,12.399999618530273,-90.920547,2020-02-21,0.9626669883728027,8,67514754.867387
9.535040855407715,76.343721,16.969999,-91.133583,2020-02-21,0.983879029750824,6,67514754.619462
9.534996032714844,76.344198,14.229999542236328,-90.905617,2020-02-17,0.9629780054092407,6,67174773.47278
9.534926414489746,76.350589,16.81999969482422,-93.46277618408203,2020-02-21,0.965910017490387,5,67514754.739295
9.534857749938965,76.35105895996094,22.850000381469727,-98.712822,2020-02-17,0.9961900115013123,5,67174773.592608
9.534686088562012,76.333882,15.84000015258789,-90.54076385498047,2020-02-21,0.9550229907035828,8,67514754.875651
9.534624099731445,76.344027,11.539999961853027,-90.442299,2020-02-21,0.9527519941329956,6,67514754.627728
9.534579277038574,76.344504,9.960000038146973,-88.603706,2020-02-17,0.9619359970092773,6,67174773.481044
9.534509658813477,76.350896,20.530001,-94.409523,2020-02-21,0.9675139784812927,5,67514754.74756
9.534441947937012,76.351368,5.840000152587891,-94.098152,2020-02-17,0.9752039909362793,5,67174773.600872
9.534284591674805,76.327488,16.18000030517578,-89.552078,2020-02-21,0.9628159999847412,11,67514754.764087
9.534270286560059,76.334189,12.100000381469727,-90.31885528564453,2020-02-21,0.9535549879074097,8,67514754.883915
9.534208297729492,76.344333,14.350000381469727,-90.612511,2020-02-21,0.9855070114135742,6,67514754.635994
9.534161567687988,76.344809,18.84000015258789,-91.225571,2020-02-17,0.9653649926185608,6,67174773.489308
9.534093856811523,76.351202,17.079999923706055,-93.972031,2020-02-21,0.9625769853591919,5,67514754.755823
9.534025192260742,76.351672,14.869999885559082,-94.270538,2020-02-17,0.9757009744644165,5,67174773.609136
9.533867835998535,76.327794,13.75,-89.214706,2020-02-21,0.956125020980835,11,67514754.772351
9.533852577209473,76.334495,17.489999771118164,-90.19314575195312,2020-02-21,0.9798600077629089,8,67514754.892179
9.533791542053223,76.344639,24.120001,-96.75654602050781,2020-02-21,0.9914190173149109,6,67514754.644259
9.533744812011719,76.345115,12.65999984741211,-90.365837,2020-02-17,0.990227997303009,6,67174773.497572
9.533677101135254,76.351509,8.6899995803833,-94.106293,2020-02-21,0.9677940011024475,5,67514754.764087
9.533608436584473,76.351978,14.079999923706055,-94.061462,2020-02-17,0.9903839826583862,5,67174773.6174
9.533452033996582,76.328101,18.620001,-90.05677032470703,2020-02-21,0.9685239791870117,11,67514754.780615
9.53343677520752,76.334802,17.719999,-91.221619,2020-02-21,0.9664000272750854,8,67514754.900443
9.53337574005127,76.344945,15.8100004196167,-90.291015625,2020-02-21,0.9834409952163696,6,67514754.652524
9.53332805633545,76.345421,11.270000457763672,-91.134354,2020-02-17,0.9891020059585571,6,67174773.505836
9.5332612991333,76.351816,13.630000114440918,-94.030678,2020-02-21,0.964726984500885,5,67514754.772352
9.533191680908203,76.352284,12.020000457763672,-94.325493,2020-02-17,0.9657459855079651,5,67174773.625664
9.533036231994629,76.328407,17.459999,-90.204514,2020-02-21,0.9869239926338196,11,67514754.788879
9.533020973205566,76.335108,19.06999969482422,-90.686417,2020-02-21,0.9833589792251587,8,67514754.908707
9.53291130065918,76.345727,9.319999694824219,-91.15697479248047,2020-02-17,0.9883819818496704,6,67174773.5141
9.532844543457031,76.352122,14.829999923706055,-93.616951,2020-02-21,0.9865390062332153,5,67514754.780615
9.532774925231934,76.35259246826172,13.670000076293945,-94.1928939819336,2020-02-17,0.9738349914550781,5,67174773.633928
9.53261947631836,76.328714,14.010000228881836,-91.597054,2020-02-21,0.9842640161514282,11,67514754.797143
9.532604217529297,76.335415,15.65999984741211,-90.28052520751953,2020-02-21,0.9774330258369446,8,67514754.916971
9.532493591308594,76.346032,13.710000038146973,-88.292198,2020-02-17,0.9697610139846802,6,67174773.522364
9.532428741455078,76.352428,15.390000343322754,-93.5064697265625,2020-02-21,0.9591460227966309,5,67514754.788879
9.53220272064209,76.32901763916016,12.399999618530273,-92.62411499023438,2020-02-21,0.9869790077209473,11,67514754.805407
9.532188415527344,76.335722,11.84000015258789,-90.459251,2020-02-21,0.9625740051269531,8,67514754.925235
9.53212833404541,76.345864,24.09000015258789,-97.63990020751953,2020-02-21,0.9930049777030945,6,67514754.677316
9.532076835632324,76.346338,14.460000038146973,-91.507629,2020-02-17,0.9882889986038208,6,67174773.530628
9.532012939453125,76.352735,14.800000190734863,-94.010918,2020-02-21,0.961260974407196,5,67514754.797144
9.531942367553711,76.353203,2.5399999618530273,-94.503448,2020-02-17,0.9733859896659851,5,67174773.650456
9.53178596496582,76.329327,4.420000076293945,-93.410713,2020-02-21,0.9754490256309509,11,67514754.813671
9.531770706176758,76.336028,10.710000038146973,-90.456558,2020-02-21,0.9583899974822998,8,67514754.933499
9.53171157836914,76.3461685180664,14.3100004196167,-88.720451,2020-02-21,0.9568359851837158,6,67514754.685579
9.531660079956055,76.346643,17.530001,-91.970428,2020-02-17,0.9678670167922974,6,67174773.538892
9.531596183776855,76.353042,13.859999656677246,-93.919792,2020-02-21,0.9767320156097412,5,67514754.805407
9.531524658203125,76.353506,15.130000114440918,-93.903152,2020-02-17,0.9729999899864197,5,67174773.65872
9.531370162963867,76.329633,14.869999885559082,-93.023262,2020-02-21,0.9675279855728149,11,67514754.821935
9.531354904174805,76.336335,11.989999771118164,-90.379761,2020-02-21,0.95585697889328,8,67514754.941763
9.531294822692871,76.346477,11.569999694824219,-91.121986,2020-02-21,0.985194981098175,6,67514754.693843
9.531244277954102,76.3469467163086,11.3100004196167,-92.34173583984375,2020-02-17,0.9891319870948792,6,67174773.547156
9.531180381774902,76.353348,14.460000038146973,-94.301811,2020-02-21,0.9728220105171204,5,67514754.813671
9.531107902526855,76.353811,16.739999771118164,-94.582207,2020-02-17,0.9842789769172668,5,67174773.666984
9.530954360961914,76.32994079589844,15.960000038146973,-92.62994384765625,2020-02-21,0.9691370129585266,11,67514754.830199
9.530939102172852,76.336641,17.719999,-90.523209,2020-02-21,0.9886760115623474,8,67514754.950027
9.530879020690918,76.346782,19.06999969482422,-91.984589,2020-02-21,0.9873510003089905,6,67514754.702108
9.530826568603516,76.347255,12.399999618530273,-92.356682,2020-02-17,0.9901419878005981,6,67174773.55542
9.530762672424316,76.353654,15.319999694824219,-93.718002,2020-02-21,0.9890469908714294,5,67514754.821936
9.530691146850586,76.35411834716797,2.4700000286102295,-94.768448,2020-02-17,0.9845579862594604,5,67174773.675248
9.530537605285645,76.33024597167969,16.709999,-91.058708,2020-02-21,0.963388979434967,11,67514754.838463
9.530522346496582,76.336948,17.790001,-90.785103,2020-02-21,0.9616360068321228,8,67514754.958291
9.530463218688965,76.347089,17.420000076293945,-92.020638,2020-02-21,0.9833599925041199,6,67514754.710371
9.530409812927246,76.347561,13.5600004196167,-92.62073516845703,2020-02-17,0.956716001033783,6,67174773.563684
9.530346870422363,76.353961,10.369999885559082,-93.730721,2020-02-21,0.9596959948539734,5,67514754.830199
9.530275344848633,76.354425,2.430000066757202,-94.651588,2020-02-17,0.9881190061569214,5,67174773.683512
9.530120849609375,76.330553,12.850000381469727,-90.972687,2020-02-21,0.9627429842948914,11,67514754.846727
9.530105590820312,76.337254,22.959999,-95.146217,2020-02-21,0.9916530251502991,8,67514754.966555
9.530047416687012,76.347395,20.270000457763672,-92.146141,2020-02-21,0.9646909832954407,6,67514754.718635
9.529993057250977,76.347867,13.220000267028809,-92.605881,2020-02-17,0.9879879951477051,6,67174773.571948
9.52993106842041,76.354267,15.920000076293945,-94.494942,2020-02-21,0.9713990092277527,5,67514754.838464
9.529857635498047,76.354731,2.4700000286102295,-94.688789,2020-02-17,0.9735400080680847,5,67174773.691776
9.529705047607422,76.33085632324219,13.930000305175781,-90.482269,2020-02-21,0.9825839996337891,11,67514754.854991
9.52968978881836,76.337561,26.040001,-101.924217,2020-02-21,0.9916509985923767,8,67514754.974819
9.529630661010742,76.347702,13.899999618530273,-92.088158,2020-02-21,0.9879099726676941,6,67514754.7269
9.529576301574707,76.348172,15.510000228881836,-92.48060607910156,2020-02-17,0.986706018447876,6,67174773.580212
9.52951431274414,76.354574,5.239999771118164,-94.40065002441406,2020-02-21,0.9779149889945984,5,67514754.846728
9.529440879821777,76.355036,2.4700000286102295,-94.749771,2020-02-17,0.9835299849510193,5,67174773.70004
9.529107093811035,76.383345,3.6700000762939453,-96.60216522216797,2020-02-21,0.9637809991836548,0,67514755.164892
9.529214859008789,76.348008,16.440001,-92.40726470947266,2020-02-21,0.9873660206794739,6,67514754.735163
9.529159545898438,76.348478,15.65999984741211,-92.934631,2020-02-17,0.9694859981536865,6,67174773.588476
9.529096603393555,76.354881,6.070000171661377,-94.41073608398438,2020-02-21,0.9713240265846252,5,67514754.854991
9.529024124145508,76.355341,2.509999990463257,-94.753601,2020-02-17,0.9538499712944031,5,67174773.708304
9.528895378112793,76.38372802734375,2.619999885559082,-96.860046,2020-02-17,0.96943199634552,0,67174774.01826
9.528871536254883,76.331473,19.25,-90.94234466552734,2020-02-21,0.9671940207481384,11,67514754.871519
9.529026985168457,76.331816,3.9700000286102295,-73.215569,2020-02-17,0.9735450148582458,11,67174773.7207
9.52879810333252,76.348315,12.8100004196167,-92.3138198852539,2020-02-21,0.9884499907493591,6,67514754.743428
9.528691291809082,76.383651,2.619999885559082,-96.630463,2020-02-21,0.987392008304596,0,67514755.173156
9.528742790222168,76.348784,10.069999694824219,-93.40789031982422,2020-02-17,0.9707469940185547,6,67174773.59674
9.528680801391602,76.355188,2.9600000381469727,-94.480431,2020-02-21,0.975504994392395,5,67514754.863256
9.528607368469238,76.355647,2.4700000286102295,-94.685089,2020-02-17,0.9906899929046631,5,67174773.716568
9.52845573425293,76.331779,12.430000305175781,-90.56914520263672,2020-02-21,0.9854720234870911,11,67514754.879783
9.528441429138184,76.338481,20.34000015258789,-95.486992,2020-02-21,0.9890040159225464,8,67514754.999611
9.528382301330566,76.348621,17.229999542236328,-92.024063,2020-02-21,0.9788249731063843,6,67514754.751692
9.528326034545898,76.349089,13.479999542236328,-92.692848,2020-02-17,0.9867979884147644,6,67174773.605004
9.528264045715332,76.355494,2.430000066757202,-94.395119,2020-02-21,0.9734979867935181,5,67514754.87152
9.528188705444336,76.355952,2.509999990463257,-94.728783,2020-02-17,0.9873700141906738,5,67174773.724832
9.52803897857666,76.332086,14.079999923706055,-90.584846,2020-02-21,0.985273003578186,11,67514754.888047
9.528024673461914,76.338788,14.949999809265137,-90.37208557128906,2020-02-21,0.9603250026702881,8,67514755.007875
9.527965545654297,76.348928,9.550000190734863,-92.54462432861328,2020-02-21,0.9598140120506287,6,67514754.759955
9.527910232543945,76.349395,13.930000305175781,-92.702187,2020-02-17,0.9901340007781982,6,67174773.613268
9.527848243713379,76.35579681396484,13.069999694824219,-94.373291,2020-02-21,0.9708529710769653,5,67514754.879783
9.527771949768066,76.356257,2.509999990463257,-94.779747,2020-02-17,0.9796900153160095,5,67174773.733096
9.527623176574707,76.332392,16.329999923706055,-90.697411,2020-02-21,0.9863100051879883,11,67514754.896311
9.527608871459961,76.339095,8.390000343322754,-89.886429,2020-02-21,0.9809589982032776,8,67514755.016139
9.527549743652344,76.349234,14.720000267028809,-93.777031,2020-02-21,0.9672470092773438,6,67514754.76822
9.52749252319336,76.349701,13.260000228881836,-94.14207458496094,2020-02-17,0.9687910079956055,6,67174773.621532
9.527432441711426,76.356107,13.180000305175781,-94.370071,2020-02-21,0.9785289764404297,5,67514754.888048
9.527355194091797,76.356563,2.390000104904175,-94.673523,2020-02-17,0.9593570232391357,5,67174773.74136
9.527207374572754,76.332699,16.860001,-90.68865966796875,2020-02-21,0.981872022151947,11,67514754.904575
9.527193069458008,76.339401,9.289999961853027,-89.84769439697266,2020-02-21,0.9765989780426025,8,67514755.024403
9.527132987976074,76.349541,11.050000190734863,-89.281349,2020-02-21,0.955784022808075,6,67514754.776484
9.52701473236084,76.356413,13.449999809265137,-94.214027,2020-02-21,0.9733269810676575,5,67514754.896312
9.526938438415527,76.356867,4.75,-94.730324,2020-02-17,0.9659129977226257,5,67174773.749624
9.526789665222168,76.333005,12.579999923706055,-90.560669,2020-02-21,0.9832580089569092,11,67514754.912839
9.526941299438477,76.333343,2.7300000190734863,-73.379562,2020-02-17,0.9769819974899292,11,67174773.76202
9.526777267456055,76.339708,9.100000381469727,-89.90217590332031,2020-02-21,0.9804199934005737,8,67514755.032667
9.526780128479004,76.310766,11.979999542236328,-89.870979,2020-02-13,0.9546639919281006,2,66834788.514598
9.526717185974121,76.349847,13.859999656677246,-92.251923,2020-02-21,0.9823619723320007,6,67514754.784747
9.526598930358887,76.35671997070312,11.239999771118164,-93.651741,2020-02-21,0.9759250283241272,5,67514754.904575
9.526373863220215,76.333312,16.969999,-90.6410903930664,2020-02-21,0.9897689819335938,11,67514754.921103
9.526301383972168,76.350154,15.880000114440918,-91.90937042236328,2020-02-21,0.9649289846420288,6,67514754.793012
9.526243209838867,76.350616,24.15999984741211,-92.763718,2020-02-17,0.9726330041885376,6,67174773.646324
9.526182174682617,76.357026,8.09000015258789,-94.24851989746094,2020-02-21,0.9591079950332642,5,67514754.91284
9.526102066040039,76.357478,2.390000104904175,-94.764328,2020-02-17,0.9540470242500305,5,67174773.766152
9.525957107543945,76.333618,12.550000190734863,-90.433701,2020-02-21,0.9590839743614197,11,67514754.929367
9.525944709777832,76.340321,8.649999618530273,-90.123131,2020-02-21,0.9743319749832153,8,67514755.049195
9.525884628295898,76.35045623779297,21.049999,-92.16119384765625,2020-02-21,0.9674379825592041,6,67514754.801276
9.525826454162598,76.350923,14.199999809265137,-92.837563,2020-02-17,0.9710360169410706,6,67174773.654588
9.525687217712402,76.334258,3.6700000762939453,-72.6790542602539,2020-02-17,0.9846609830856323,11,67174773.786813
9.525765419006348,76.357333,2.509999990463257,-94.608917,2020-02-21,0.9585450291633606,5,67514754.921104
9.525541305541992,76.333925,16.18000030517578,-90.353188,2020-02-21,0.9660059809684753,11,67514754.937631
9.525528907775879,76.340628,16.520000457763672,-90.613876,2020-02-21,0.9570000171661377,8,67514755.057459
9.525467872619629,76.350766,17.229999542236328,-92.244492,2020-02-21,0.9567739963531494,6,67514754.809539
9.525408744812012,76.351228,19.780001,-91.967789,2020-02-17,0.9899449944496155,6,67174773.662852
9.525348663330078,76.3576431274414,5.539999961853027,-94.240341,2020-02-21,0.9877099990844727,5,67514754.929367
9.525124549865723,76.334232,17.760000228881836,-90.944252,2020-02-21,0.9855359792709351,11,67514754.945895
9.525113105773926,76.34093475341797,19.100000381469727,-90.867111,2020-02-21,0.9823729991912842,8,67514755.065723
9.525053024291992,76.351072,25.360001,-92.031227,2020-02-21,0.9683669805526733,6,67514754.817804
9.524992942810059,76.351534,17.309999,-91.8108139038086,2020-02-17,0.9888030290603638,6,67174773.671116
9.524932861328125,76.357946,15.470000267028809,-94.363663,2020-02-21,0.979324996471405,5,67514754.937632
9.524707794189453,76.334538,18.950001,-91.047752,2020-02-21,0.9859380125999451,11,67514754.954159
9.524697303771973,76.341241,14.229999542236328,-91.228691,2020-02-21,0.9573749899864197,8,67514755.073987
9.524636268615723,76.351379,16.329999923706055,-91.431992,2020-02-21,0.9866870045661926,6,67514754.826068
9.524576187133789,76.351839,23.790001,-100.163597,2020-02-17,0.9942079782485962,6,67174773.67938
9.524517059326172,76.358252,12.880000114440918,-93.5341796875,2020-02-21,0.9660840034484863,5,67514754.945895
9.524433135986328,76.335173,3.819999933242798,-73.76266479492188,2020-02-17,0.9679920077323914,11,67174773.811611
9.524280548095703,76.341548,12.920000076293945,-91.31502532958984,2020-02-21,0.9794340133666992,8,67514755.082251
9.5242919921875,76.334845,13.779999732971191,-91.19466400146484,2020-02-21,0.9629600048065186,11,67514754.962423
9.524218559265137,76.351686,21.239999771118164,-91.558922,2020-02-21,0.9870169758796692,6,67514754.834331
9.52415943145752,76.352144,20.299999,-92.258179,2020-02-17,0.9891129732131958,6,67174773.687644
9.524100303649902,76.35855865478516,2.430000066757202,-95.482368,2020-02-21,0.9835929870605469,5,67514754.954159
9.524011611938477,76.359003,2.4700000286102295,-95.629089,2020-02-17,0.996146023273468,5,67174773.807478
9.52387523651123,76.335151,9.550000190734863,-91.43111419677734,2020-02-21,0.9847429990768433,11,67514754.970687
9.523865699768066,76.341855,12.850000381469727,-91.08329010009766,2020-02-21,0.9915840029716492,8,67514755.090515
9.523801803588867,76.351993,13.970000267028809,-92.064713,2020-02-21,0.963932991027832,6,67514754.842596
9.523741722106934,76.352451,14.350000381469727,-91.82017517089844,2020-02-17,0.9878649711608887,6,67174773.695908
9.523682594299316,76.358866,2.430000066757202,-95.458618,2020-02-21,0.9886019825935364,5,67514754.962424
9.52359390258789,76.359308,2.4700000286102295,-95.722054,2020-02-17,0.9861819744110107,5,67174773.815744
9.523595809936523,76.335783,4.079999923706055,-73.986526,2020-02-17,0.9829580187797546,11,67174773.828143
9.523449897766113,76.342162,14.010000228881836,-91.6002197265625,2020-02-21,0.9899259805679321,8,67514755.098779
9.523386001586914,76.352299,14.569999694824219,-92.150902,2020-02-21,0.9568920135498047,6,67514754.850859
9.523324966430664,76.352756,15.880000114440918,-92.375488,2020-02-17,0.9941139817237854,6,67174773.704172
9.523266792297363,76.359173,2.509999990463257,-95.578423,2020-02-21,0.9920520186424255,5,67514754.970687
9.523175239562988,76.359613,2.4700000286102295,-95.67670440673828,2020-02-17,0.981344997882843,5,67174773.82401
9.523042678833008,76.335765,20.229999542236328,-91.873779,2020-02-21,0.9679089784622192,11,67514754.987215
9.522970199584961,76.352605,16.290001,-91.418694,2020-02-21,0.9593420028686523,6,67514754.859123
9.522908210754395,76.353062,10.40999984741211,-91.903267,2020-02-17,0.9860870242118835,6,67174773.712436
9.52285099029541,76.359479,2.390000104904175,-95.451752,2020-02-21,0.9745810031890869,5,67514754.978951
9.522756576538086,76.359918,2.509999990463257,-95.718048,2020-02-17,0.9772350192070007,5,67174773.832276
9.522626876831055,76.336071,12.0600004196167,-91.41876983642578,2020-02-21,0.9903650283813477,11,67514754.995479
9.522553443908691,76.352912,19.030001,-92.013168,2020-02-21,0.9868699908256531,6,67514754.867388
9.522491455078125,76.353366,17.420000076293945,-92.58592987060547,2020-02-17,0.957880973815918,6,67174773.7207
9.52243423461914,76.359786,2.4700000286102295,-95.537338,2020-02-21,0.9914140105247498,5,67514754.987216
9.522337913513184,76.360223,2.430000066757202,-95.767708,2020-02-17,0.977961003780365,5,67174773.840542
9.522211074829102,76.336378,17.639999,-91.40803527832031,2020-02-21,0.9635019898414612,11,67514755.003743
9.522201538085938,76.343082,11.270000457763672,-91.201622,2020-02-21,0.9632760286331177,8,67514755.123571
9.522136688232422,76.353218,15.880000114440918,-92.747093,2020-02-21,0.9897800087928772,6,67514754.875651
9.522073745727539,76.353672,18.020000457763672,-93.12958526611328,2020-02-17,0.9542419910430908,6,67174773.728964
9.522018432617188,76.360093,2.390000104904175,-95.38219451904297,2020-02-21,0.9875270128250122,5,67514754.995479
9.521785736083984,76.343388,10.859999656677246,-90.86973571777344,2020-02-21,0.9666159749031067,8,67514755.131835
9.521919250488281,76.360528,2.4700000286102295,-95.75457000732422,2020-02-17,0.9891189932823181,5,67174773.848808
9.521795272827148,76.33668518066406,21.280001,-91.434692,2020-02-21,0.9836519956588745,11,67514755.012007
9.521719932556152,76.353525,11.869999885559082,-92.88319396972656,2020-02-21,0.9792559742927551,6,67514754.883915
9.521656036376953,76.353977,13.149999618530273,-89.799561,2020-02-17,0.9857239723205566,6,67174773.737228
9.521601676940918,76.360399,2.4700000286102295,-95.621483,2020-02-21,0.9892200231552124,5,67514755.003743
9.521499633789062,76.360833,2.390000104904175,-95.71509552001953,2020-02-17,0.978285014629364,5,67174773.857074
9.521379470825195,76.336991,15.239999771118164,-91.39813995361328,2020-02-21,0.9858070015907288,11,67514755.020271
9.521369934082031,76.343695,14.420000076293945,-92.044289,2020-02-21,0.9691240191459656,8,67514755.140099
9.5213041305542,76.353832,14.5,-93.15111541748047,2020-02-21,0.9590820074081421,6,67514754.89218
9.521239280700684,76.354283,13.479999542236328,-92.786041,2020-02-17,0.9943249821662903,6,67174773.745492
9.521185874938965,76.360706,2.430000066757202,-95.508308,2020-02-21,0.9903740286827087,5,67514755.012008
9.52108097076416,76.361137,2.430000066757202,-95.686623,2020-02-17,0.9940019845962524,5,67174773.86534
9.520962715148926,76.337298,14.800000190734863,-91.115173,2020-02-21,0.9822959899902344,11,67514755.028535
9.520955085754395,76.344001,18.209999,-92.51382446289062,2020-02-21,0.9642540216445923,8,67514755.148363
9.52088737487793,76.354138,14.720000267028809,-92.992142,2020-02-21,0.9647970199584961,6,67514754.900443
9.520981788635254,76.371163,5.170000076293945,-95.772758,2020-02-21,0.9516050219535828,3,67514754.764088
9.520821571350098,76.354587,22.440001,-93.20240020751953,2020-02-17,0.9890890121459961,6,67174773.753756
9.520770072937012,76.361013,2.390000104904175,-95.5718002319336,2020-02-21,0.9680320024490356,5,67514755.020271
9.520662307739258,76.361442,2.430000066757202,-95.737846,2020-02-17,0.9669529795646667,5,67174773.873606
9.5205659866333,76.37146759033203,2.690000057220459,-95.841461,2020-02-21,0.9779139757156372,3,67514754.772352
9.520546913146973,76.337605,16.739999771118164,-90.824509,2020-02-21,0.9828450083732605,11,67514755.036799
9.520539283752441,76.344308,17.379999,-92.94115447998047,2020-02-21,0.9641870260238647,8,67514755.156627
9.52047061920166,76.354444,25.360001,-102.33411407470703,2020-02-21,0.9853969812393188,6,67514754.908707
9.520403861999512,76.354893,12.729999542236328,-93.64506530761719,2020-02-17,0.9837179780006409,6,67174773.76202
9.520354270935059,76.361319,2.430000066757202,-95.50843048095703,2020-02-21,0.9831719994544983,5,67514755.028536
9.520490646362305,76.371896,2.950000047683716,-96.11725616455078,2020-02-17,0.9589329957962036,3,67174773.625664
9.520242691040039,76.361747,2.430000066757202,-95.723343,2020-02-17,0.9651709794998169,5,67174773.881872
9.52013111114502,76.337911,11.949999809265137,-90.295189,2020-02-21,0.9792050123214722,11,67514755.045063
9.520121574401855,76.344615,11.390000343322754,-93.080658,2020-02-21,0.9832990169525146,8,67514755.164891
9.52005386352539,76.354751,14.609999656677246,-93.477348,2020-02-21,0.9799200296401978,6,67514754.916972
9.519986152648926,76.355198,18.84000015258789,-93.675919,2020-02-17,0.9850289821624756,6,67174773.770284
9.519938468933105,76.36162567138672,2.4700000286102295,-95.539879,2020-02-21,0.9653429985046387,5,67514755.0368
9.520073890686035,76.372202,2.799999952316284,-96.200829,2020-02-17,0.9661110043525696,3,67174773.633928
9.519824028015137,76.362051,2.390000104904175,-95.719948,2020-02-17,0.9622520208358765,5,67174773.890138
9.519733428955078,76.372083,2.6600000858306885,-95.701698,2020-02-21,0.9766150116920471,3,67514754.78888
9.519657135009766,76.372507,2.619999885559082,-96.137978,2020-02-17,0.97080397605896,3,67174773.642192
9.519715309143066,76.338218,17.420000076293945,-90.401016,2020-02-21,0.9892820119857788,11,67514755.053327
9.519705772399902,76.344921,9.890000343322754,-93.077248,2020-02-21,0.9531869888305664,8,67514755.173155
9.519569396972656,76.355503,18.129999,-93.755669,2020-02-17,0.9732469916343689,6,67174773.778548
9.519521713256836,76.361933,2.430000066757202,-95.51947021484375,2020-02-21,0.9544739723205566,5,67514755.045063
9.519290924072266,76.345227,15.8100004196167,-94.316551,2020-02-21,0.9674540162086487,8,67514755.181419
9.519405364990234,76.362356,2.4700000286102295,-95.833733,2020-02-17,0.9657469987869263,5,67174773.898404
9.519316673278809,76.372389,2.6600000858306885,-95.82905578613281,2020-02-21,0.9872689843177795,3,67514754.797144
9.519298553466797,76.338525,10.5600004196167,-89.8563003540039,2020-02-21,0.9627329707145691,11,67514755.061591
9.519221305847168,76.355364,11.989999771118164,-93.89879608154297,2020-02-21,0.9676470160484314,6,67514754.9335
9.519150733947754,76.355809,18.469999,-99.912712,2020-02-17,0.9897980093955994,6,67174773.786813
9.519105911254883,76.362239,2.4700000286102295,-95.528214,2020-02-21,0.9685069918632507,5,67514755.053328
9.518882751464844,76.338832,11.15999984741211,-89.90140533447266,2020-02-21,0.9801700115203857,11,67514755.069855
9.518874168395996,76.345534,3.3299999237060547,-94.227898,2020-02-21,0.966376006603241,8,67514755.189683
9.518804550170898,76.355671,11.239999771118164,-93.772797,2020-02-21,0.9681850075721741,6,67514754.941764
9.518985748291016,76.36266326904297,2.509999990463257,-95.697762,2020-02-17,0.9814749956130981,5,67174773.90667
9.518899917602539,76.37269592285156,2.619999885559082,-95.69282531738281,2020-02-21,0.9887179732322693,3,67514754.805408
9.518823623657227,76.373118,2.690000057220459,-96.074318,2020-02-17,0.9726489782333374,3,67174773.65872
9.518695831298828,76.384209,2.619999885559082,-96.539352,2020-02-21,0.9575380086898804,1,67514755.251664
9.518733024597168,76.356115,5.690000057220459,-94.646156,2020-02-17,0.9721639752388,6,67174773.795079
9.51869010925293,76.362546,2.430000066757202,-95.54732513427734,2020-02-21,0.9893180131912231,5,67514755.061592
9.518566131591797,76.362965,2.4700000286102295,-95.705429,2020-02-17,0.9927200078964233,5,67174773.914936
9.51846694946289,76.339138,14.010000228881836,-90.180168,2020-02-21,0.9768319725990295,11,67514755.078119
9.518458366394043,76.345841,2.319999933242798,-94.15542602539062,2020-02-21,0.9541959762573242,8,67514755.197947
9.518484115600586,76.373002,2.690000057220459,-95.767853,2020-02-21,0.9848999977111816,3,67514754.813672
9.518406867980957,76.373424,2.690000057220459,-96.151268,2020-02-17,0.9881510138511658,3,67174773.666984
9.518274307250977,76.362853,2.430000066757202,-95.43885040283203,2020-02-21,0.9914630055427551,5,67514755.069855
9.518147468566895,76.36327362060547,2.4700000286102295,-95.770653,2020-02-17,0.9807100296020508,5,67174773.923202
9.518068313598633,76.373309,2.7300000190734863,-95.788452,2020-02-21,0.9851920008659363,3,67514754.821936
9.518051147460938,76.339445,13.180000305175781,-90.15742492675781,2020-02-21,0.9839919805526733,11,67514755.086383
9.517971992492676,76.356284,10.149999618530273,-94.362808,2020-02-21,0.9597529768943787,6,67514754.958292
9.517895698547363,76.356724,10.489999771118164,-95.727631,2020-02-17,0.9791859984397888,6,67174773.811611
9.517857551574707,76.363159,2.4700000286102295,-95.52103424072266,2020-02-21,0.9811180233955383,5,67514755.07812
9.517990112304688,76.373728,6.739999771118164,-96.08797454833984,2020-02-17,0.9567400217056274,3,67174773.675248
9.517727851867676,76.363574,2.5399999618530273,-95.738579,2020-02-17,0.9910969734191895,5,67174773.931468
9.517635345458984,76.339752,12.960000038146973,-90.382973,2020-02-21,0.9820759892463684,11,67514755.094647
9.51762580871582,76.346453,2.390000104904175,-94.223038,2020-02-21,0.9585700035095215,8,67514755.214475
9.517556190490723,76.3565902709961,14.529999732971191,-93.913307,2020-02-21,0.9645910263061523,6,67514754.966556
9.517441749572754,76.363466,2.4700000286102295,-95.57281494140625,2020-02-21,0.9802610278129578,5,67514755.086384
9.517309188842773,76.363879,2.509999990463257,-95.735489,2020-02-17,0.9911550283432007,5,67174773.939734
9.517156600952148,76.37433624267578,5.159999847412109,-96.256432,2020-02-17,0.9732949733734131,3,67174773.691776
9.517219543457031,76.340058,14.199999809265137,-90.810722,2020-02-21,0.9829109907150269,11,67514755.102911
9.51720905303955,76.34676361083984,2.390000104904175,-94.235222,2020-02-21,0.9672340154647827,8,67514755.222739
9.517139434814453,76.356898,2.430000066757202,-95.467232,2020-02-21,0.9913370013237,6,67514754.974819
9.517059326171875,76.357335,2.4700000286102295,-95.65394592285156,2020-02-17,0.9771389961242676,6,67174773.828143
9.5170259475708,76.363773,2.4700000286102295,-95.55245971679688,2020-02-21,0.9822250008583069,5,67514755.094647
9.516793251037598,76.347066,7.789999961853027,-94.45206451416016,2020-02-21,0.9689120054244995,8,67514755.231003
9.51681900024414,76.374227,8.729999542236328,-95.295723,2020-02-21,0.9771289825439453,3,67514754.846728
9.516803741455078,76.340365,15.239999771118164,-90.214478,2020-02-21,0.985185980796814,11,67514755.111175
9.516722679138184,76.357204,7.230000019073486,-95.44063568115234,2020-02-21,0.9930800199508667,6,67514754.983084
9.516639709472656,76.3576431274414,2.4700000286102295,-95.698479,2020-02-17,0.9754210114479065,6,67174773.836409
9.516610145568848,76.364079,2.4700000286102295,-95.572449,2020-02-21,0.9753419756889343,5,67514755.102912
9.516377449035645,76.347372,3.140000104904175,-94.218681,2020-02-21,0.958594024181366,8,67514755.239267
9.516305923461914,76.357511,2.5399999618530273,-95.334389,2020-02-21,0.9678670167922974,6,67514754.991348
9.516403198242188,76.374533,14.199999809265137,-95.459251,2020-02-21,0.9662969708442688,3,67514754.854992
9.516221046447754,76.357945,2.4700000286102295,-95.723717,2020-02-17,0.9853039979934692,6,67174773.844675
9.516194343566895,76.364386,2.4700000286102295,-95.547218,2020-02-21,0.9888039827346802,5,67514755.111176
9.51605224609375,76.364793,2.390000104904175,-95.52025604248047,2020-02-17,0.9845309853553772,5,67174773.964532
9.515972137451172,76.340978,8.15999984741211,-91.287949,2020-02-21,0.9831529855728149,11,67514755.127703
9.515960693359375,76.347678,2.430000066757202,-94.390709,2020-02-21,0.977105975151062,8,67514755.247531
9.515891075134277,76.357817,6.440000057220459,-95.39889526367188,2020-02-21,0.9853990077972412,6,67514754.999611
9.515986442565918,76.37483978271484,11.15999984741211,-95.726448,2020-02-21,0.9726120233535767,3,67514754.863256
9.515803337097168,76.3582534790039,2.5399999618530273,-95.607979,2020-02-17,0.9813960194587708,6,67174773.852941
9.515778541564941,76.364693,2.430000066757202,-95.580833,2020-02-21,0.984250009059906,5,67514755.119439
9.515632629394531,76.365096,6.590000152587891,-95.471184,2020-02-17,0.98996502161026,5,67174773.972798
9.515556335449219,76.341285,16.59000015258789,-92.35110473632812,2020-02-21,0.9727420210838318,11,67514755.135967
9.515543937683105,76.347985,2.430000066757202,-94.207947,2020-02-21,0.9657229781150818,8,67514755.255795
9.515475273132324,76.358124,10.970000267028809,-93.992371,2020-02-21,0.9671739935874939,6,67514755.007876
9.515461921691895,76.382332,10.260000228881836,-96.091751,2020-02-17,0.9676939845085144,2,67174773.844675
9.51538372039795,76.358553,11.050000190734863,-94.595734,2020-02-17,0.9740970134735107,6,67174773.861207
9.515362739562988,76.364999,2.880000114440918,-95.463882,2020-02-21,0.9850580096244812,5,67514755.127704
9.515213966369629,76.365402,2.4700000286102295,-95.80398559570312,2020-02-17,0.9860569834709167,5,67174773.981064
9.51513957977295,76.341592,13.970000267028809,-91.05701446533203,2020-02-21,0.9875730276107788,11,67514755.144231
9.515129089355469,76.3482894897461,21.049999,-94.320618,2020-02-21,0.9650779962539673,8,67514755.264059
9.515057563781738,76.358431,2.5399999618530273,-94.368408,2020-02-21,0.9713630080223083,6,67514755.01614
9.51496410369873,76.358858,10.899999618530273,-94.519608,2020-02-17,0.9667289853096008,6,67174773.869473
9.514946937561035,76.365306,2.7300000190734863,-95.715843,2020-02-21,0.9854400157928467,5,67514755.135967
9.515070915222168,76.375866,5.610000133514404,-95.254852,2020-02-17,0.9816579818725586,3,67174773.733096
9.515043258666992,76.382636,11.3100004196167,-95.244698,2020-02-17,0.986615002155304,2,67174773.852941
9.514796257019043,76.365706,2.509999990463257,-95.73040008544922,2020-02-17,0.9782029986381531,5,67174773.98933
9.51473617553711,76.37576293945312,2.7300000190734863,-94.6982650756836,2020-02-21,0.9701820015907288,3,67514754.888048
9.514623641967773,76.382943,2.6500000953674316,-94.979202,2020-02-17,0.9698439836502075,2,67174773.861207
9.514723777770996,76.341898,13.970000267028809,-91.37836456298828,2020-02-21,0.9646409749984741,11,67514755.152495
9.5147123336792,76.348597,16.440001,-93.218071,2020-02-21,0.9552519917488098,8,67514755.272323
9.514641761779785,76.358737,9.699999809265137,-93.985764,2020-02-21,0.9608669877052307,6,67514755.024403
9.514545440673828,76.359162,13.369999885559082,-94.979156,2020-02-17,0.9511020183563232,6,67174773.877739
9.514531135559082,76.365612,2.4700000286102295,-95.627617,2020-02-21,0.9738879799842834,5,67514755.144231
9.51429557800293,76.348903,17.040001,-93.049759,2020-02-21,0.986365020275116,8,67514755.280587
9.514376640319824,76.366011,2.4700000286102295,-95.713509,2020-02-17,0.9714999794960022,5,67174773.997596
9.514204978942871,76.383247,2.7300000190734863,-95.0560302734375,2020-02-17,0.9684349894523621,2,67174773.869473
9.514307975769043,76.342205,16.629999,-91.18851470947266,2020-02-21,0.9883580207824707,11,67514755.160759
9.514226913452148,76.359044,12.210000038146973,-94.6027603149414,2020-02-21,0.9711589813232422,6,67514755.032668
9.51412582397461,76.359468,2.4700000286102295,-95.209381,2020-02-17,0.9910129904747009,6,67174773.886005
9.514115333557129,76.365919,2.4700000286102295,-95.67321014404297,2020-02-21,0.9733780026435852,5,67514755.152496
9.51389217376709,76.342511,11.989999771118164,-91.614677,2020-02-21,0.9611510038375854,11,67514755.169023
9.513879776000977,76.349209,18.209999,-93.846313,2020-02-21,0.9632470011711121,8,67514755.288851
9.513958930969238,76.366316,2.4700000286102295,-95.745781,2020-02-17,0.9741780161857605,5,67174774.005862
9.513818740844727,76.376782,2.880000114440918,-94.879219,2020-02-17,0.9605069756507874,3,67174773.757888
9.513786315917969,76.383552,2.619999885559082,-95.026077,2020-02-17,0.9685329794883728,2,67174773.877739
9.513707160949707,76.359773,2.509999990463257,-95.147926,2020-02-17,0.9784219861030579,6,67174773.894271
9.51369857788086,76.366225,2.390000104904175,-95.55620574951172,2020-02-21,0.9735810160636902,5,67514755.160759
9.513476371765137,76.342818,15.510000228881836,-92.034149,2020-02-21,0.9615049958229065,11,67514755.177287
9.513540267944336,76.36662292480469,2.4700000286102295,-95.769363,2020-02-17,0.9771810173988342,5,67174774.014128
9.513486862182617,76.376678,12.399999618530273,-94.442131,2020-02-21,0.9823780059814453,3,67514754.91284
9.513287544250488,76.360078,2.430000066757202,-95.102043,2020-02-17,0.9845849871635437,6,67174773.902537
9.513282775878906,76.366532,2.4700000286102295,-95.49983978271484,2020-02-21,0.9909660220146179,5,67514755.169023
9.513121604919434,76.366925,2.509999990463257,-95.87742614746094,2020-02-17,0.9834799766540527,5,67174774.022392
9.513059616088867,76.34312438964844,11.609999656677246,-92.12652587890625,2020-02-21,0.9903870224952698,11,67514755.185551
9.5131254196167,76.34339904785156,2.6500000953674316,-72.410843,2020-02-17,0.986506998538971,11,67174774.034788
9.513047218322754,76.349821,16.889999,-93.521004,2020-02-21,0.9617729783058167,8,67514755.305379
9.512977600097656,76.359964,2.4700000286102295,-94.87648010253906,2020-02-21,0.985725998878479,6,67514755.05746
9.512866973876953,76.366838,2.4700000286102295,-94.98925018310547,2020-02-21,0.9903830289840698,5,67514755.177288
9.512868881225586,76.360382,2.430000066757202,-95.079697,2020-02-17,0.9883639812469482,6,67174773.910803
9.512703895568848,76.36723327636719,2.4700000286102295,-95.77074432373047,2020-02-17,0.9896860122680664,5,67174774.030656
9.512643814086914,76.343431,18.020000457763672,-92.6343002319336,2020-02-21,0.9929450154304504,11,67514755.193815
9.512630462646484,76.350127,15.84000015258789,-93.39216613769531,2020-02-21,0.9824519753456116,8,67514755.313643
9.512561798095703,76.360271,2.509999990463257,-94.918488,2020-02-21,0.9571120142936707,6,67514755.065723
9.512450218200684,76.360687,2.430000066757202,-95.037109,2020-02-17,0.9785550236701965,6,67174773.919069
9.512451171875,76.367145,2.4700000286102295,-95.523903,2020-02-21,0.9913250207901001,5,67514755.185551
9.512290000915527,76.344009,2.5799999237060547,-71.198509,2020-02-17,0.970022976398468,11,67174774.051316
9.512286186218262,76.367534,2.430000066757202,-95.770813,2020-02-17,0.9933940172195435,5,67174774.03892
9.512228012084961,76.343737,16.18000030517578,-93.033249,2020-02-21,0.9924929738044739,11,67514755.202079
9.512213706970215,76.350433,17.120001,-93.192612,2020-02-21,0.9603149890899658,8,67514755.321907
9.512030601501465,76.360992,2.430000066757202,-95.107697,2020-02-17,0.9913889765739441,6,67174773.927335
9.512035369873047,76.367451,2.430000066757202,-95.488777,2020-02-21,0.9890980124473572,5,67514755.193815
9.51186752319336,76.367839,2.359999895095825,-95.644691,2020-02-17,0.9527739882469177,5,67174774.047184
9.511812210083008,76.344043,14.800000190734863,-92.066597,2020-02-21,0.9761120080947876,11,67514755.210343
9.511797904968262,76.350739,17.940001,-92.75843048095703,2020-02-21,0.9829080104827881,8,67514755.330171
9.511611938476562,76.361296,2.430000066757202,-95.104607,2020-02-17,0.9866899847984314,6,67174773.935601
9.511618614196777,76.367758,2.509999990463257,-95.379204,2020-02-21,0.9724529981613159,5,67514755.20208
9.511396408081055,76.34435272216797,14.760000228881836,-92.224411,2020-02-21,0.9853309988975525,11,67514755.218607
9.511381149291992,76.351045,21.350000381469727,-93.010658,2020-02-21,0.9594640135765076,8,67514755.338435
9.511314392089844,76.361191,2.4700000286102295,-94.863129,2020-02-21,0.9923530220985413,6,67514755.090515
9.51145076751709,76.368144,2.430000066757202,-95.592842,2020-02-17,0.9749119877815247,5,67174774.055448
9.511192321777344,76.361601,2.4700000286102295,-95.070374,2020-02-17,0.9922109842300415,6,67174773.943867
9.511202812194824,76.368064,2.4700000286102295,-95.09263610839844,2020-02-21,0.9901520013809204,5,67514755.210343
9.510979652404785,76.344656,15.8100004196167,-92.719254,2020-02-21,0.9870749711990356,11,67514755.226871
9.510964393615723,76.351351,13.859999656677246,-93.4367904663086,2020-02-21,0.9545599818229675,8,67514755.346699
9.511033058166504,76.368446,12.960000038146973,-94.801628,2020-02-17,0.9890679717063904,5,67174774.063712
9.510772705078125,76.361905,2.4700000286102295,-94.986443,2020-02-17,0.9787189960479736,6,67174773.952133
9.510787010192871,76.368369,9.699999809265137,-94.479149,2020-02-21,0.9876840114593506,5,67514755.218608
9.510615348815918,76.368753,2.4700000286102295,-94.637711,2020-02-17,0.9728749990463257,5,67174774.071976
9.510562896728516,76.344962,8.609999656677246,-92.396927,2020-02-21,0.969124972820282,11,67514755.235135
9.510547637939453,76.351657,20.56999969482422,-94.28899383544922,2020-02-21,0.9726579785346985,8,67514755.354963
9.510481834411621,76.361804,2.4700000286102295,-94.893021,2020-02-21,0.9922999739646912,6,67514755.107044
9.510354042053223,76.36221313476562,2.4700000286102295,-94.99345397949219,2020-02-17,0.9719139933586121,6,67174773.960399
9.510370254516602,76.368676,2.4700000286102295,-94.477882,2020-02-21,0.9771230220794678,5,67514755.226872
9.510197639465332,76.369056,12.319999694824219,-94.38756561279297,2020-02-17,0.974407970905304,5,67174774.08024
9.510147094726562,76.345268,15.130000114440918,-92.44330596923828,2020-02-21,0.9839540123939514,11,67514755.243399
9.5101318359375,76.351963,16.670000076293945,-93.222977,2020-02-21,0.9777770042419434,8,67514755.363227
9.510066986083984,76.362111,2.509999990463257,-94.897072,2020-02-21,0.9922279715538025,6,67514755.115307
9.509954452514648,76.368982,8.539999961853027,-94.478531,2020-02-21,0.9615749716758728,5,67514755.235135
9.509936332702637,76.362514,2.4700000286102295,-94.947998,2020-02-17,0.9650650024414062,6,67174773.968665
9.509779930114746,76.369362,6.329999923706055,-95.266678,2020-02-17,0.9773679971694946,5,67174774.088504
9.50973129272461,76.345575,17.530001,-92.443871,2020-02-21,0.9866650104522705,11,67514755.251663
9.50971508026123,76.352269,19.370001,-94.201691,2020-02-21,0.9655889868736267,8,67514755.371491
9.509651184082031,76.362418,2.430000066757202,-94.876549,2020-02-21,0.9915549755096436,6,67514755.123572
9.509537696838379,76.369288,9.210000038146973,-95.110039,2020-02-21,0.9863960146903992,5,67514755.2434
9.509363174438477,76.369668,2.4700000286102295,-95.278732,2020-02-17,0.9868209958076477,5,67174774.096768
9.50931453704834,76.345881,15.510000228881836,-93.17337036132812,2020-02-21,0.9822580218315125,11,67514755.259927
9.509299278259277,76.352575,21.760000228881836,-93.91209411621094,2020-02-21,0.9616619944572449,8,67514755.379755
9.509235382080078,76.36272430419922,2.430000066757202,-94.86677551269531,2020-02-21,0.9903830289840698,6,67514755.131836
9.509098052978516,76.363124,2.4700000286102295,-94.945892,2020-02-17,0.9809539914131165,6,67174773.985197
9.50912094116211,76.369595,2.4700000286102295,-95.101601,2020-02-21,0.9831809997558594,5,67514755.251664
9.50889778137207,76.346187,8.390000343322754,-89.96553039550781,2020-02-21,0.9824129939079285,11,67514755.268191
9.508881568908691,76.352882,17.56999969482422,-93.92420959472656,2020-02-21,0.9844769835472107,8,67514755.388019
9.50894546508789,76.369971,9.59000015258789,-94.668373,2020-02-17,0.9803000092506409,5,67174774.105032
9.508679389953613,76.363428,2.430000066757202,-94.98308563232422,2020-02-17,0.9803230166435242,6,67174773.993463
9.508705139160156,76.369901,9.399999618530273,-94.53390502929688,2020-02-21,0.9787989854812622,5,67514755.259927
9.508481979370117,76.346493,12.359999656677246,-92.813828,2020-02-21,0.9829750061035156,11,67514755.276455
9.508465766906738,76.353188,10.899999618530273,-94.246231,2020-02-21,0.978859007358551,8,67514755.396283
9.508403778076172,76.363337,8.800000190734863,-94.81724548339844,2020-02-21,0.9923160076141357,6,67514755.148364
9.508527755737305,76.370277,2.5399999618530273,-94.65388488769531,2020-02-17,0.9801290035247803,5,67174774.113296
9.508260726928711,76.363731,10.1899995803833,-94.629417,2020-02-17,0.9643009901046753,6,67174774.001729
9.508289337158203,76.370207,2.4700000286102295,-94.490662,2020-02-21,0.9858180284500122,5,67514755.268192
9.508111000061035,76.3705825805664,14.869999885559082,-95.670181,2020-02-17,0.9866759777069092,5,67174774.12156
9.508065223693848,76.346799,6.889999866485596,-89.94385528564453,2020-02-21,0.985729992389679,11,67514755.284719
9.507842063903809,76.364037,3.4800000190734863,-94.50350952148438,2020-02-17,0.9939330220222473,6,67174774.009995
9.507872581481934,76.370513,11.539999961853027,-94.3232650756836,2020-02-21,0.9567620158195496,5,67514755.276456
9.507694244384766,76.370887,2.430000066757202,-95.944794,2020-02-17,0.9858739972114563,5,67174774.129824
9.507649421691895,76.347105,17.420000076293945,-93.389359,2020-02-21,0.9869300127029419,11,67514755.292983
9.507633209228516,76.35379791259766,9.65999984741211,-94.385651,2020-02-21,0.9791629910469055,8,67514755.412811
9.507572174072266,76.363949,14.529999732971191,-94.746941,2020-02-21,0.9881349802017212,6,67514755.164891
9.507455825805664,76.37081909179688,2.509999990463257,-95.90275573730469,2020-02-21,0.9854789972305298,5,67514755.284719
9.507424354553223,76.364342,2.430000066757202,-95.268707,2020-02-17,0.9741269946098328,6,67174774.01826
9.507275581359863,76.371192,2.5399999618530273,-96.030373,2020-02-17,0.9750450253486633,5,67174774.138088
9.507242202758789,76.381278,2.240000009536743,-96.394707,2020-02-21,0.9574329853057861,3,67514755.0368
9.507232666015625,76.347411,15.6899995803833,-93.44691467285156,2020-02-21,0.9711139798164368,11,67514755.301247
9.507216453552246,76.354106,7.449999809265137,-93.810799,2020-02-21,0.9689170122146606,8,67514755.421077
9.507155418395996,76.364257,2.4700000286102295,-95.188278,2020-02-21,0.9781280159950256,6,67514755.173156
9.50700569152832,76.364645,13.479999542236328,-95.11236572265625,2020-02-17,0.9744560122489929,6,67174774.026524
9.507039070129395,76.371126,2.430000066757202,-95.963409,2020-02-21,0.964434027671814,5,67514755.292984
9.506858825683594,76.371498,2.390000104904175,-96.03831481933594,2020-02-17,0.9724389910697937,5,67174774.146352
9.506815910339355,76.347717,12.65999984741211,-93.286636,2020-02-21,0.9660500288009644,11,67514755.309511
9.506799697875977,76.354412,3.140000104904175,-94.299179,2020-02-21,0.9886130094528198,8,67514755.429343
9.506587982177734,76.364949,15.170000076293945,-94.77650451660156,2020-02-17,0.9877660274505615,6,67174774.034788
9.506623268127441,76.371432,2.509999990463257,-96.002647,2020-02-21,0.988440990447998,5,67514755.301248
9.506400108337402,76.348024,14.979999542236328,-93.17028045654297,2020-02-21,0.9572010040283203,11,67514755.317775
9.506383895874023,76.354719,6.550000190734863,-93.427338,2020-02-21,0.956824004650116,8,67514755.437609
9.506442070007324,76.371803,2.430000066757202,-96.021561,2020-02-17,0.9868159890174866,5,67174774.154616
9.5062837600708,76.382269,2.6500000953674316,-95.002319,2020-02-17,0.9793649911880493,3,67174773.90667
9.506170272827148,76.365254,14.869999885559082,-94.759903,2020-02-17,0.9891589879989624,6,67174774.043052
9.506205558776855,76.371738,2.4700000286102295,-95.953194,2020-02-21,0.9911069869995117,5,67514755.309511
9.50598430633545,76.34832763671875,17.68000030517578,-93.476341,2020-02-21,0.9667500257492065,11,67514755.326039
9.505967140197754,76.355025,6.739999771118164,-93.41069030761719,2020-02-21,0.9564080238342285,8,67514755.445875
9.50590705871582,76.365175,9.59000015258789,-94.31547546386719,2020-02-21,0.9840229749679565,6,67514755.197948
9.506025314331055,76.372108,2.430000066757202,-96.015457,2020-02-17,0.9821410179138184,5,67174774.16288
9.505993843078613,76.382198,2.5799999237060547,-94.71709442138672,2020-02-21,0.9630619883537292,3,67514755.061592
9.505865097045898,76.382573,2.6500000953674316,-94.923683,2020-02-17,0.9734600186347961,3,67174773.914936
9.505752563476562,76.36556243896484,4.150000095367432,-94.691994,2020-02-17,0.976269006729126,6,67174774.051316
9.505789756774902,76.372044,2.390000104904175,-95.920273,2020-02-21,0.9788169860839844,5,67514755.317776
9.50557804107666,76.382504,2.619999885559082,-94.75259399414062,2020-02-21,0.969756007194519,3,67514755.069856
9.505566596984863,76.348636,15.239999771118164,-93.411003,2020-02-21,0.9848700165748596,11,67514755.334303
9.5055513381958,76.355331,10.899999618530273,-94.196198,2020-02-21,0.978003978729248,8,67514755.454141
9.505606651306152,76.372413,2.509999990463257,-95.974068,2020-02-17,0.9762200117111206,5,67174774.171144
9.505446434020996,76.382877,7.0,-94.979279,2020-02-17,0.9759659767150879,3,67174773.923202
9.505334854125977,76.365864,12.65999984741211,-94.200371,2020-02-17,0.9857379794120789,6,67174774.05958
9.50537395477295,76.37235260009766,2.5399999618530273,-95.85301971435547,2020-02-21,0.9595310091972351,5,67514755.326039
9.505189895629883,76.372718,2.7300000190734863,-95.84391021728516,2020-02-17,0.969277024269104,5,67174774.179408
9.505162239074707,76.382811,3.369999885559082,-94.702766,2020-02-21,0.9691129922866821,3,67514755.07812
9.505149841308594,76.348942,13.449999809265137,-93.467712,2020-02-21,0.9863970279693604,11,67514755.342567
9.505075454711914,76.365788,13.600000381469727,-94.246391,2020-02-21,0.9760839939117432,6,67514755.214475
9.50495719909668,76.372656,2.430000066757202,-95.91511535644531,2020-02-21,0.9522489905357361,5,67514755.334303
9.50491714477539,76.36617279052734,2.5399999618530273,-95.388702,2020-02-17,0.9540129899978638,6,67174774.067844
9.504773139953613,76.373023,2.4700000286102295,-96.06690979003906,2020-02-17,0.9727230072021484,5,67174774.187672
9.50473403930664,76.349248,11.390000343322754,-93.61368560791016,2020-02-21,0.9846220016479492,11,67514755.350831
9.504657745361328,76.366095,2.430000066757202,-95.164497,2020-02-21,0.9802619814872742,6,67514755.22274
9.504500389099121,76.366475,2.4700000286102295,-95.442146,2020-02-17,0.959276020526886,6,67174774.076108
9.504356384277344,76.373328,2.4700000286102295,-96.286003,2020-02-17,0.9765639901161194,5,67174774.195936
9.504318237304688,76.349554,16.81999969482422,-93.6476058959961,2020-02-21,0.9795190095901489,11,67514755.359095
9.504301071166992,76.35624694824219,2.2799999713897705,-94.392502,2020-02-21,0.9667419791221619,8,67514755.478939
9.504241943359375,76.366401,2.4700000286102295,-95.186684,2020-02-21,0.9809679985046387,6,67514755.231003
9.504135131835938,76.293466,1.9800000190734863,-93.993568,2020-02-13,0.9711750149726868,8,66834789.225302
9.503900527954102,76.34986114501953,18.020000457763672,-93.850052,2020-02-21,0.9887419939041138,11,67514755.367359
9.503885269165039,76.356556,2.2799999713897705,-94.37894439697266,2020-02-21,0.9752740263938904,8,67514755.487205
9.503937721252441,76.3736343383789,2.509999990463257,-96.403893,2020-02-17,0.9616789817810059,5,67174774.2042
9.503769874572754,76.38409423828125,14.079999923706055,-95.379272,2020-02-17,0.9665910005569458,3,67174773.956266
9.503826141357422,76.366707,7.380000114440918,-95.301933,2020-02-21,0.9843389987945557,6,67514755.239267
9.503707885742188,76.373574,3.180000066757202,-96.636169,2020-02-21,0.9856269955635071,5,67514755.359095
9.503717422485352,76.293771,1.9800000190734863,-94.08769989013672,2020-02-13,0.9683430194854736,8,66834789.233568
9.503484725952148,76.350166,23.829999923706055,-100.581078,2020-02-21,0.9901890158653259,11,67514755.375623
9.503409385681152,76.367014,2.430000066757202,-95.268227,2020-02-21,0.9850199818611145,6,67514755.247532
9.503520965576172,76.373939,2.7699999809265137,-96.491676,2020-02-17,0.9730769991874695,5,67174774.212464
9.503247261047363,76.36739349365234,2.4700000286102295,-95.556709,2020-02-17,0.9517419934272766,6,67174774.1009
9.503292083740234,76.373879,11.649999618530273,-94.594589,2020-02-21,0.9757480025291443,5,67514755.36736
9.50329875946045,76.294077,1.909999966621399,-94.3238754272461,2020-02-13,0.9536129832267761,8,66834789.241834
9.503067970275879,76.350472,17.979999542236328,-94.290817,2020-02-21,0.9779229760169983,11,67514755.383887
9.5030517578125,76.357168,12.470000267028809,-94.398529,2020-02-21,0.9607130289077759,8,67514755.503737
9.502992630004883,76.36731719970703,2.430000066757202,-95.231377,2020-02-21,0.983024001121521,6,67514755.255795
9.503103256225586,76.374243,7.980000019073486,-94.638382,2020-02-17,0.9714339971542358,5,67174774.220728
9.502829551696777,76.367693,9.25,-94.985168,2020-02-17,0.9618260264396667,6,67174774.109164
9.502876281738281,76.374185,10.039999961853027,-94.459679,2020-02-21,0.9848120212554932,5,67514755.375623
9.502685546875,76.374549,2.430000066757202,-94.73147583007812,2020-02-17,0.9526770114898682,5,67174774.228992
9.502881050109863,76.294383,1.940000057220459,-94.215988,2020-02-13,0.9644929766654968,8,66834789.2501
9.502652168273926,76.350778,9.619999885559082,-93.23208618164062,2020-02-21,0.9836059808731079,11,67514755.392151
9.50263500213623,76.35747528076172,2.4700000286102295,-94.437172,2020-02-21,0.9548299908638,8,67514755.512003
9.502577781677246,76.367625,13.449999809265137,-94.380592,2020-02-21,0.9845799803733826,6,67514755.264059
9.502412796020508,76.367999,2.430000066757202,-94.585838,2020-02-17,0.972150981426239,6,67174774.117428
9.502463340759277,76.294689,1.940000057220459,-94.072502,2020-02-13,0.9703840017318726,8,66834789.258366
9.502235412597656,76.351084,6.139999866485596,-93.484123,2020-02-21,0.9775260090827942,11,67514755.400415
9.50216007232666,76.367932,2.4700000286102295,-94.487823,2020-02-21,0.9737139940261841,6,67514755.272324
9.501995086669922,76.368304,2.8399999141693115,-94.717102,2020-02-17,0.9506700038909912,6,67174774.125692
9.501851081848145,76.37516021728516,2.390000104904175,-94.786774,2020-02-17,0.9518679976463318,5,67174774.24552
9.502044677734375,76.294995,2.0199999809265137,-94.419098,2020-02-13,0.9582589864730835,8,66834789.266632
9.501818656921387,76.35138702392578,8.539999961853027,-93.567337,2020-02-21,0.9616010189056396,11,67514755.408679
9.501744270324707,76.368238,2.619999885559082,-94.382988,2020-02-21,0.9641860127449036,6,67514755.280587
9.501578330993652,76.368609,3.2899999618530273,-93.878433,2020-02-17,0.9730259776115417,6,67174774.133956
9.501401901245117,76.351696,8.279999732971191,-93.4933853149414,2020-02-21,0.9558669924736023,11,67514755.416944
9.501328468322754,76.368544,5.349999904632568,-94.217667,2020-02-21,0.9764969944953918,6,67514755.288851
9.501160621643066,76.368914,3.5899999141693115,-93.917358,2020-02-17,0.9695180058479309,6,67174774.14222
9.500986099243164,76.352003,7.639999866485596,-93.78998565673828,2020-02-21,0.9687690138816833,11,67514755.42521
9.500968933105469,76.358699,2.359999895095825,-95.03718566894531,2020-02-21,0.9820250272750854,8,67514755.545067
9.500910758972168,76.36885070800781,2.390000104904175,-94.410316,2020-02-21,0.964809000492096,6,67514755.297116
9.500743865966797,76.369219,2.390000104904175,-94.710571,2020-02-17,0.9617840051651001,6,67174774.150484
9.500570297241211,76.352309,11.420000076293945,-93.320282,2020-02-21,0.9735339879989624,11,67514755.433476
9.500553131103516,76.359006,2.319999933242798,-95.136818,2020-02-21,0.9644330143928528,8,67514755.553333
9.500494956970215,76.36915588378906,2.430000066757202,-94.508308,2020-02-21,0.957190990447998,6,67514755.305379
9.500598907470703,76.3760757446289,2.430000066757202,-94.727638,2020-02-17,0.9845600128173828,5,67174774.270312
9.50037670135498,76.376022,2.4700000286102295,-94.551353,2020-02-21,0.952148973941803,5,67514755.425211
9.500152587890625,76.35261535644531,2.4700000286102295,-94.4043197631836,2020-02-21,0.9795560240745544,11,67514755.441742
9.500137329101562,76.359312,11.010000228881836,-94.417702,2020-02-21,0.9793670177459717,8,67514755.561599
9.499959945678711,76.376328,2.4700000286102295,-94.477226,2020-02-21,0.9519429802894592,5,67514755.433476
9.499682426452637,76.341841,18.950001,-89.766418,2020-02-13,0.9829919934272766,0,66834789.489806
9.499736785888672,76.352921,7.559999942779541,-94.180138,2020-02-21,0.9810900092124939,11,67514755.450008
9.499719619750977,76.359618,2.319999933242798,-94.47669982910156,2020-02-21,0.9651960134506226,8,67514755.569865
9.499345779418945,76.376991,6.289999961853027,-94.645073,2020-02-17,0.9690060019493103,5,67174774.295104
9.499320030212402,76.353228,2.359999895095825,-94.45314025878906,2020-02-21,0.981257975101471,11,67514755.458274
9.499128341674805,76.37693786621094,11.569999694824219,-94.578629,2020-02-21,0.9895920157432556,5,67514755.450008
9.49892807006836,76.377297,2.8399999141693115,-94.647346,2020-02-17,0.9898579716682434,5,67174774.303368
9.498710632324219,76.377247,2.390000104904175,-94.38444519042969,2020-02-21,0.9690690040588379,5,67514755.458274
9.49848747253418,76.35384368896484,9.619999885559082,-94.379692,2020-02-21,0.9826030135154724,11,67514755.474806
9.49851131439209,76.377603,4.190000057220459,-94.7147445678711,2020-02-17,0.9853389859199524,5,67174774.311632
9.498294830322266,76.377553,7.789999961853027,-94.40542602539062,2020-02-21,0.9668999910354614,5,67514755.466541
9.498092651367188,76.377909,2.509999990463257,-94.630547,2020-02-17,0.9944450259208679,5,67174774.319896
9.497822761535645,76.371355,2.390000104904175,-94.589752,2020-02-17,0.9527680277824402,6,67174774.208332
9.497878074645996,76.377859,2.7300000190734863,-94.429382,2020-02-21,0.9773989915847778,5,67514755.474807
9.497654914855957,76.354452,11.350000381469727,-95.017578,2020-02-21,0.9900310039520264,11,67514755.491338
9.497674942016602,76.378213,9.4399995803833,-94.093491,2020-02-17,0.987089991569519,5,67174774.32816
9.497258186340332,76.378519,2.5799999237060547,-94.785309,2020-02-17,0.9849349856376648,5,67174774.336424
9.49721908569336,76.361455,9.739999771118164,-94.38447570800781,2020-02-21,0.9575409889221191,8,67514755.619461
9.49680233001709,76.361761,5.130000114440918,-96.120308,2020-02-21,0.9694479703903198,8,67514755.627727
9.496384620666504,76.362067,2.319999933242798,-96.146729,2020-02-21,0.9822739958763123,8,67514755.635993
9.495988845825195,76.355677,5.050000190734863,-96.164581,2020-02-21,0.9881550073623657,11,67514755.524402
9.495967864990234,76.362373,4.869999885559082,-96.088081,2020-02-21,0.9885650277137756,8,67514755.644259
9.495551109313965,76.362679,2.390000104904175,-95.569023,2020-02-21,0.9645349979400635,8,67514755.652523
9.495134353637695,76.362985,2.359999895095825,-95.60432434082031,2020-02-21,0.9548529982566833,8,67514755.660787
9.494751930236816,76.3803482055664,8.579999923706055,-94.44990539550781,2020-02-17,0.9873300194740295,5,67174774.386008
9.495002746582031,76.29351043701172,1.9800000190734863,-94.302933,2020-02-13,0.9631580114364624,11,66834789.287297
9.494717597961426,76.363291,2.430000066757202,-95.398598,2020-02-21,0.9579139947891235,8,67514755.669051
9.494546890258789,76.380309,2.7300000190734863,-94.366287,2020-02-21,0.9515489935874939,5,67514755.540935
9.49433422088623,76.380657,2.430000066757202,-94.798714,2020-02-17,0.9944549798965454,5,67174774.394272
9.494300842285156,76.363597,13.369999885559082,-95.187157,2020-02-21,0.9744390249252319,8,67514755.677315
9.49424934387207,76.373746,9.59000015258789,-94.4248046875,2020-02-21,0.9707369804382324,6,67514755.429344
9.49413013458252,76.380615234375,2.4700000286102295,-94.489662,2020-02-21,0.9903560280799866,5,67514755.549201
9.494065284729004,76.374104,2.509999990463257,-94.71773529052734,2020-02-17,0.9778159856796265,6,67174774.282708
9.493917465209961,76.380962,2.4700000286102295,-94.69002532958984,2020-02-17,0.9935389757156372,5,67174774.402536
9.49410343170166,76.300813,1.909999966621399,-94.4836654663086,2020-02-13,0.9614819884300232,8,66834789.423686
9.493884086608887,76.363903,7.75,-95.061729,2020-02-21,0.9784939885139465,8,67514755.685579
9.493831634521484,76.374053,2.4700000286102295,-94.485573,2020-02-21,0.9922490119934082,6,67514755.437609
9.493647575378418,76.374409,2.430000066757202,-94.67193603515625,2020-02-17,0.9644870162010193,6,67174774.290972
9.493714332580566,76.380921,2.390000104904175,-94.465561,2020-02-21,0.9631379842758179,5,67514755.557467
9.493748664855957,76.294428,1.909999966621399,-94.086823,2020-02-13,0.9626399874687195,11,66834789.312095
9.493415832519531,76.374359,2.390000104904175,-94.336792,2020-02-21,0.9889190196990967,6,67514755.445875
9.493414878845215,76.346435546875,11.050000190734863,-93.10303497314453,2020-02-13,0.9522150158882141,0,66834789.613766
9.493229866027832,76.374715,2.4700000286102295,-94.739166,2020-02-17,0.9517059922218323,6,67174774.299236
9.49329662322998,76.381228,2.4700000286102295,-94.536209,2020-02-21,0.9524109959602356,5,67514755.565732
9.493330955505371,76.294734,1.909999966621399,-94.300461,2020-02-13,0.9588050246238708,11,66834789.320361
9.493267059326172,76.301426,1.909999966621399,-94.109894,2020-02-13,0.9581090211868286,8,66834789.440218
9.493049621582031,76.364514,13.75,-94.283012,2020-02-21,0.9590550065040588,8,67514755.702107
9.492999076843262,76.374666,2.390000104904175,-94.440887,2020-02-21,0.9504500031471252,6,67514755.454141
9.493081092834473,76.381571,7.829999923706055,-94.739502,2020-02-17,0.9674450159072876,5,67174774.419064
9.492813110351562,76.3750228881836,2.4700000286102295,-94.631264,2020-02-17,0.9527649879455566,6,67174774.3075
9.492880821228027,76.381533,7.039999961853027,-94.527733,2020-02-21,0.9827550053596497,5,67514755.573998
9.492913246154785,76.295041,2.2100000381469727,-94.240913,2020-02-13,0.9776949882507324,11,66834789.328627
9.492654800415039,76.358127,2.390000104904175,-95.802132,2020-02-21,0.9704849720001221,11,67514755.59053
9.492632865905762,76.36482238769531,13.930000305175781,-93.87096405029297,2020-02-21,0.9686059951782227,8,67514755.710371
9.492664337158203,76.381877,2.509999990463257,-94.738609,2020-02-17,0.9813219904899597,5,67174774.427328
9.492464065551758,76.38184356689453,2.4700000286102295,-94.493233,2020-02-21,0.9887380003929138,5,67514755.582264
9.4922456741333,76.382183,2.390000104904175,-94.751389,2020-02-17,0.9685279726982117,5,67174774.435592
9.492494583129883,76.295347,2.130000114440918,-94.299278,2020-02-13,0.9742010235786438,11,66834789.336893
9.492239952087402,76.358433,18.84000015258789,-95.408691,2020-02-21,0.9686390161514282,11,67514755.598796
9.492216110229492,76.365126,10.859999656677246,-94.4284896850586,2020-02-21,0.9847229719161987,8,67514755.718635
9.492047309875488,76.382146,2.390000104904175,-94.46931457519531,2020-02-21,0.972337007522583,5,67514755.59053
9.491827964782715,76.382488,2.509999990463257,-94.811783,2020-02-17,0.9637960195541382,5,67174774.443856
9.492076873779297,76.295653,2.0899999141693115,-94.215248,2020-02-13,0.9764279723167419,11,66834789.345159
9.492013931274414,76.3023452758789,1.8300000429153442,-94.173531,2020-02-13,0.9524660110473633,8,66834789.465014
9.491822242736816,76.358739,13.069999694824219,-94.171791,2020-02-21,0.9641749858856201,11,67514755.607062
9.491799354553223,76.365432,2.359999895095825,-94.470978,2020-02-21,0.9916210174560547,8,67514755.726899
9.491630554199219,76.382451,10.40999984741211,-94.52606964111328,2020-02-21,0.9813429713249207,5,67514755.598797
9.491411209106445,76.382791,7.079999923706055,-94.74805450439453,2020-02-17,0.9893440008163452,5,67174774.45212
9.491659164428711,76.295959,2.0899999141693115,-94.16614532470703,2020-02-13,0.9727209806442261,11,66834789.353425
9.491596221923828,76.302651,2.0199999809265137,-94.460693,2020-02-13,0.959784984588623,8,66834789.473278
9.491381645202637,76.365738,2.359999895095825,-94.50973510742188,2020-02-21,0.9917500019073486,8,67514755.735163
9.491241455078125,76.296266,1.9800000190734863,-94.159973,2020-02-13,0.9780380129814148,11,66834789.361691
9.490988731384277,76.359351,11.460000038146973,-94.417793,2020-02-21,0.9871990084648132,11,67514755.623594
9.490965843200684,76.366044,11.869999885559082,-94.482986,2020-02-21,0.9900320172309875,8,67514755.743427
9.490992546081543,76.383098,2.4700000286102295,-94.864861,2020-02-17,0.9583539962768555,5,67174774.460384
9.491177558898926,76.302957,1.9800000190734863,-94.162064,2020-02-13,0.9629380106925964,8,66834789.481542
9.490949630737305,76.341488,9.739999771118164,-92.88558959960938,2020-02-13,0.9573479890823364,1,66834789.543522
9.490797996520996,76.38306427001953,12.65999984741211,-94.489693,2020-02-21,0.9629560112953186,5,67514755.615329
9.490822792053223,76.296572,2.059999942779541,-94.194557,2020-02-13,0.9690189957618713,11,66834789.369957
9.490760803222656,76.303263,2.0899999141693115,-94.198112,2020-02-13,0.9709759950637817,8,66834789.489806
9.490549087524414,76.36634826660156,11.84000015258789,-94.4535903930664,2020-02-21,0.9918959736824036,8,67514755.751691
9.490574836730957,76.383401,14.460000038146973,-94.534958,2020-02-17,0.9660410284996033,5,67174774.468648
9.490381240844727,76.38336944580078,8.949999809265137,-93.7292251586914,2020-02-21,0.9801139831542969,5,67514755.623594
9.490405082702637,76.296878,2.059999942779541,-94.231117,2020-02-13,0.970986008644104,11,66834789.378223
9.49034309387207,76.303569,2.0199999809265137,-94.279533,2020-02-13,0.9717620015144348,8,66834789.49807
9.490157127380371,76.38370513916016,15.319999694824219,-94.46429443359375,2020-02-17,0.9749240279197693,5,67174774.476912
9.48996353149414,76.383676,11.010000228881836,-94.238327,2020-02-21,0.957643985748291,5,67514755.63186
9.48998737335205,76.297185,2.1700000762939453,-94.201157,2020-02-13,0.9664400219917297,11,66834789.386489
9.489925384521484,76.303875,2.059999942779541,-94.115891,2020-02-13,0.977698028087616,8,66834789.506334
9.489736557006836,76.36026763916016,2.430000066757202,-95.48307037353516,2020-02-21,0.9745039939880371,11,67514755.648391
9.489713668823242,76.366962,2.359999895095825,-94.49880981445312,2020-02-21,0.9682819843292236,8,67514755.768219
9.489546775817871,76.383982,10.40999984741211,-93.870613,2020-02-21,0.9579129815101624,5,67514755.640126
9.489740371704102,76.384012,7.639999866485596,-94.04175567626953,2020-02-17,0.9690030217170715,5,67174774.485176
9.489568710327148,76.297491,2.059999942779541,-94.1233901977539,2020-02-13,0.9662529826164246,11,66834789.394755
9.489506721496582,76.304182,2.0199999809265137,-94.187912,2020-02-13,0.9696149826049805,8,66834789.514598
9.489278793334961,76.342712,12.210000038146973,-90.249046,2020-02-13,0.9708260297775269,1,66834789.576578
9.489319801330566,76.360576,2.359999895095825,-95.426949,2020-02-21,0.9650890231132507,11,67514755.656655
9.489297866821289,76.367267,2.319999933242798,-94.469398,2020-02-21,0.9632470011711121,8,67514755.776483
9.489053726196289,76.377768,2.4700000286102295,-94.730423,2020-02-17,0.9570220112800598,6,67174774.381876
9.489151000976562,76.297797,2.0199999809265137,-94.260696,2020-02-13,0.9685459733009338,11,66834789.403021
9.489089012145996,76.304488,1.8300000429153442,-94.26441955566406,2020-02-13,0.9555400013923645,8,66834789.522862
9.488903045654297,76.360882,2.359999895095825,-95.498001,2020-02-21,0.9659000039100647,11,67514755.664919
9.488733291625977,76.298104,1.940000057220459,-94.14797973632812,2020-02-13,0.9575629830360413,11,66834789.411287
9.488487243652344,76.361188,2.319999933242798,-95.4421157836914,2020-02-21,0.9799529910087585,11,67514755.673183
9.488253593444824,76.30509948730469,1.9800000190734863,-94.137512,2020-02-13,0.976364016532898,8,66834789.53939
9.488069534301758,76.361494,2.359999895095825,-95.4213638305664,2020-02-21,0.9840649962425232,11,67514755.681447
9.487896919250488,76.298716,1.909999966621399,-94.19186401367188,2020-02-13,0.9583079814910889,11,66834789.427819
9.487835884094238,76.305406,2.059999942779541,-94.130058,2020-02-13,0.9595659971237183,8,66834789.547654
9.487652778625488,76.361799,14.680000305175781,-95.056458,2020-02-21,0.9724500179290771,11,67514755.689711
9.487418174743652,76.305713,1.940000057220459,-94.187569,2020-02-13,0.9511280059814453,8,66834789.555918
9.487189292907715,76.344243,12.770000457763672,-93.85284423828125,2020-02-13,0.9524509906768799,1,66834789.617898
9.487236022949219,76.362105,11.609999656677246,-94.83983612060547,2020-02-21,0.9835249781608582,11,67514755.697975
9.48696517944336,76.379293,11.050000190734863,-93.864471,2020-02-17,0.9642369747161865,6,67174774.423196
9.487001419067383,76.306019,2.0899999141693115,-94.35581970214844,2020-02-13,0.9690769910812378,8,66834789.564182
9.486751556396484,76.379259,2.619999885559082,-94.040901,2020-02-21,0.9639750123023987,6,67514755.578131
9.486699104309082,76.340108,11.3100004196167,-89.87265014648438,2020-02-13,0.9558719992637634,2,66834789.307962
9.48654842376709,76.379598,9.850000381469727,-94.249489,2020-02-17,0.9848250150680542,6,67174774.43146
9.48658275604248,76.306325,2.1700000762939453,-94.222862,2020-02-13,0.9756289720535278,8,66834789.572446
9.486353874206543,76.344855,13.109999656677246,-93.176193,2020-02-13,0.95100998878479,1,66834789.634426
9.486403465270996,76.362717,13.029999732971191,-94.557533,2020-02-21,0.9690999984741211,11,67514755.714503
9.486380577087402,76.369408,2.9600000381469727,-94.40579986572266,2020-02-21,0.9508739709854126,8,67514755.834331
9.486335754394531,76.379564,6.78000020980835,-93.96376037597656,2020-02-21,0.9662950038909912,6,67514755.586397
9.486281394958496,76.340413,15.880000114440918,-89.85552978515625,2020-02-13,0.9566090106964111,2,66834789.316228
9.485963821411133,76.369713,10.489999771118164,-95.147141,2020-02-21,0.9785000085830688,8,67514755.842595
9.485918998718262,76.379871,4.449999809265137,-93.927147,2020-02-21,0.9652910232543945,6,67514755.594664
9.486129760742188,76.379905,2.509999990463257,-94.282837,2020-02-17,0.9635720252990723,6,67174774.439724
9.486165046691895,76.306631,2.059999942779541,-94.167374,2020-02-13,0.9709699749946594,8,66834789.58071
9.485713005065918,76.38021087646484,2.5399999618530273,-94.100121,2020-02-17,0.9665510058403015,6,67174774.447988
9.485747337341309,76.306937,1.940000057220459,-94.261963,2020-02-13,0.9631710052490234,8,66834789.588974
9.48556900024414,76.363329,6.360000133514404,-94.598869,2020-02-21,0.9847189784049988,11,67514755.731031
9.485503196716309,76.380177,8.350000381469727,-93.9464340209961,2020-02-21,0.9801430106163025,6,67514755.60293
9.485518455505371,76.345467,12.770000457763672,-92.672943,2020-02-13,0.9623649716377258,1,66834789.650954
9.485295295715332,76.380515,2.7300000190734863,-94.4632797241211,2020-02-17,0.9603440165519714,6,67174774.456252
9.485152244567871,76.363635,11.420000076293945,-94.493111,2020-02-21,0.977653980255127,11,67514755.739295
9.485084533691406,76.380483,2.5799999237060547,-94.14265441894531,2020-02-21,0.9670310020446777,6,67514755.611196
9.48487663269043,76.38082122802734,2.690000057220459,-94.16981506347656,2020-02-17,0.9644880294799805,6,67174774.464516
9.484713554382324,76.370631,2.390000104904175,-95.92953491210938,2020-02-21,0.9737820029258728,8,67514755.867387
9.484667778015137,76.380789,2.5799999237060547,-94.175621,2020-02-21,0.957610011100769,6,67514755.619462
9.48460865020752,76.341638,15.619999885559082,-92.671913,2020-02-13,0.9590910077095032,2,66834789.349292
9.48445987701416,76.381123,18.31999969482422,-99.9499740600586,2020-02-17,0.9961779713630676,6,67174774.47278
9.484354972839355,76.324783,5.389999866485596,-91.667427,2020-02-13,0.9731979966163635,5,66834789.485674
9.484264373779297,76.346385,16.399999618530273,-93.095444,2020-02-13,0.9758120179176331,1,66834789.675746
9.4843168258667,76.364246,2.359999895095825,-94.39085388183594,2020-02-21,0.9807950258255005,11,67514755.755823
9.484251976013184,76.381095,4.940000057220459,-94.527641,2020-02-21,0.9923480153083801,6,67514755.627727
9.484042167663574,76.381428,12.770000457763672,-94.51256561279297,2020-02-17,0.9748020172119141,6,67174774.481044
9.483901023864746,76.364552,3.440000057220459,-94.535851,2020-02-21,0.989766001701355,11,67514755.764087
9.483835220336914,76.381401,7.860000133514404,-93.890152,2020-02-21,0.9864510297775269,6,67514755.635993
9.483465194702148,76.371548,2.390000104904175,-95.873703,2020-02-21,0.9521840214729309,8,67514755.892179
9.483624458312988,76.381734,9.699999809265137,-94.41876983642578,2020-02-17,0.9858530163764954,6,67174774.489308
9.483484268188477,76.364858,10.859999656677246,-95.380882,2020-02-21,0.966418981552124,11,67514755.772351
9.483418464660645,76.381707,8.989999771118164,-94.08234405517578,2020-02-21,0.9638550281524658,6,67514755.644259
9.483206748962402,76.382039,10.0,-94.370613,2020-02-17,0.9669319987297058,6,67174774.497572
9.483001708984375,76.382013,15.390000343322754,-95.443466,2020-02-21,0.9607459902763367,6,67514755.652523
9.482789039611816,76.382344,12.430000305175781,-95.906464,2020-02-17,0.9687269926071167,6,67174774.505836
9.482649803161621,76.36547088623047,2.430000066757202,-95.74409484863281,2020-02-21,0.9550579786300659,11,67514755.788879
9.482630729675293,76.37216186523438,2.390000104904175,-95.752327,2020-02-21,0.9572679996490479,8,67514755.908707
9.482519149780273,76.34317016601562,10.329999923706055,-90.955612,2020-02-13,0.9773330092430115,2,66834789.390622
9.48259162902832,76.347609,13.029999732971191,-91.89064025878906,2020-02-13,0.9753829836845398,1,66834789.708802
9.48237133026123,76.382648,14.829999923706055,-95.677856,2020-02-17,0.9746720194816589,6,67174774.5141
9.48216724395752,76.382625,2.7300000190734863,-95.627327,2020-02-21,0.9575830101966858,6,67514755.669051
9.482173919677734,76.347915,12.619999885559082,-93.097359,2020-02-13,0.9557740092277527,1,66834789.717066
9.481952667236328,76.382955,2.430000066757202,-95.77302551269531,2020-02-17,0.974170982837677,6,67174774.522364
9.481756210327148,76.34822082519531,17.190001,-92.671379,2020-02-13,0.9577540159225464,1,66834789.72533
9.481816291809082,76.366081,2.319999933242798,-95.878113,2020-02-21,0.9816849827766418,11,67514755.805407
9.481751441955566,76.382931,13.069999694824219,-95.616432,2020-02-21,0.9594280123710632,6,67514755.677315
9.481535911560059,76.383261,2.4700000286102295,-95.75345611572266,2020-02-17,0.9648429751396179,6,67174774.530628
9.481630325317383,76.303309,2.0899999141693115,-94.090462,2020-02-13,0.9729899764060974,11,66834789.551786
9.481339454650879,76.348527,12.550000190734863,-92.98921966552734,2020-02-13,0.9725980162620544,1,66834789.733594
9.481382369995117,76.373077,14.199999809265137,-95.274681,2020-02-21,0.9870010018348694,8,67514755.933499
9.48133373260498,76.383236,12.8100004196167,-95.654358,2020-02-21,0.9643809795379639,6,67514755.685579
9.481118202209473,76.383566,2.509999990463257,-95.7307357788086,2020-02-17,0.9660770297050476,6,67174774.538892
9.48121166229248,76.303616,2.0899999141693115,-94.18375396728516,2020-02-13,0.9697909951210022,11,66834789.56005
9.480964660644531,76.373383,8.949999809265137,-95.82122039794922,2020-02-21,0.9566609859466553,8,67514755.941763
9.480916976928711,76.383542,10.9399995803833,-95.600349,2020-02-21,0.952335000038147,6,67514755.693843
9.480794906616211,76.303922,2.130000114440918,-94.19575500488281,2020-02-13,0.9753770232200623,11,66834789.568314
9.48069953918457,76.383871,2.4700000286102295,-95.786179,2020-02-17,0.9694070219993591,6,67174774.547156
9.480281829833984,76.384176,2.7300000190734863,-95.590073,2020-02-17,0.9674609899520874,6,67174774.55542
9.480377197265625,76.304228,2.0899999141693115,-94.182251,2020-02-13,0.9703360199928284,11,66834789.576578
9.480315208435059,76.310917,1.9800000190734863,-94.295418,2020-02-13,0.9731209874153137,8,66834789.696406
9.480340003967285,76.320983,8.949999809265137,-91.434303,2020-02-13,0.9634490013122559,6,66834789.448484
9.480083465576172,76.384154,13.369999885559082,-94.330322,2020-02-21,0.9850239753723145,6,67514755.710371
9.479896545410156,76.311223,2.2100000381469727,-94.279808,2020-02-13,0.9798619747161865,8,66834789.70467
9.4799222946167,76.3212890625,8.390000343322754,-94.65098571777344,2020-02-13,0.952489972114563,6,66834789.45675
9.47973346710205,76.36760711669922,2.359999895095825,-95.900284,2020-02-21,0.9931399822235107,11,67514755.846727
9.479715347290039,76.37429809570312,11.3100004196167,-95.411583,2020-02-21,0.9652220010757446,8,67514755.966555
9.47947883605957,76.311529,2.130000114440918,-94.32014465332031,2020-02-13,0.970104992389679,8,66834789.712934
9.478880882263184,76.374912,2.359999895095825,-95.60940551757812,2020-02-21,0.9515330195426941,8,67514755.983083
9.478414535522461,76.350668,3.630000114440918,-94.063812,2020-02-13,0.9648380279541016,1,66834789.791442
9.47846508026123,76.375218,2.430000066757202,-95.714943,2020-02-21,0.9538180232048035,8,67514755.991347
9.478340148925781,76.346231,15.09000015258789,-91.819603,2020-02-13,0.9510160088539124,2,66834789.473278
9.478067398071289,76.368833,2.390000104904175,-95.9112548828125,2020-02-21,0.987417995929718,11,67514755.879783
9.478048324584961,76.375523,6.03000020980835,-95.72050476074219,2020-02-21,0.9657220244407654,8,67514755.999611
9.47808837890625,76.329375,5.429999828338623,-90.179779,2020-02-13,0.9540910124778748,5,66834789.609634
9.477869987487793,76.306065,1.7599999904632568,-94.02050018310547,2020-02-13,0.9546909928321838,11,66834789.626162
9.47765064239502,76.369138,2.359999895095825,-95.87944030761719,2020-02-21,0.9750369787216187,11,67514755.888047
9.477630615234375,76.375829,8.350000381469727,-95.71710968017578,2020-02-21,0.9501360058784485,8,67514756.007875
9.47723388671875,76.369444,2.390000104904175,-95.819077,2020-02-21,0.9558640122413635,11,67514755.896311
9.477213859558105,76.376135,2.390000104904175,-95.958542,2020-02-21,0.9746509790420532,8,67514756.016139
9.47681713104248,76.3697509765625,2.390000104904175,-95.930618,2020-02-21,0.9881640076637268,11,67514755.904575
9.476669311523438,76.347457,12.210000038146973,-92.353432,2020-02-13,0.9508799910545349,2,66834789.506334
9.476554870605469,76.313669,2.0199999809265137,-94.342682,2020-02-13,0.9738309979438782,8,66834789.770782
9.476579666137695,76.323738,16.93000030517578,-91.845261,2020-02-13,0.9814490079879761,6,66834789.522862
9.476401329040527,76.37005615234375,2.359999895095825,-95.88764953613281,2020-02-21,0.9906389713287354,11,67514755.912839
9.4761381149292,76.313975,2.059999942779541,-94.10895538330078,2020-02-13,0.9684489965438843,8,66834789.779046
9.47616195678711,76.324044,16.629999,-91.692802,2020-02-13,0.9725109934806824,6,66834789.531126
9.475984573364258,76.370361,8.390000343322754,-95.865753,2020-02-21,0.9860579967498779,11,67514755.921103
9.475567817687988,76.370667,2.359999895095825,-95.868942,2020-02-21,0.991923987865448,11,67514755.929367
9.475545883178711,76.377359,12.880000114440918,-95.20743560791016,2020-02-21,0.9702780246734619,8,67514756.049195
9.475720405578613,76.31427764892578,2.0899999141693115,-94.264671,2020-02-13,0.9651870131492615,8,66834789.78731
9.475580215454102,76.331212,6.360000133514404,-90.023743,2020-02-13,0.9616569876670837,5,66834789.659218
9.475452423095703,76.341594,15.319999694824219,-90.278442,2020-02-13,0.9533849954605103,3,66834789.411287
9.475326538085938,76.324657,12.510000228881836,-92.105423,2020-02-13,0.9669730067253113,6,66834789.547654
9.475129127502441,76.377665,11.270000457763672,-95.945992,2020-02-21,0.985505998134613,8,67514756.057459
9.475302696228027,76.314586,2.059999942779541,-94.275887,2020-02-13,0.9699730277061462,8,66834789.795574
9.4751615524292,76.331516,19.850000381469727,-93.26858520507812,2020-02-13,0.992264986038208,5,66834789.667482
9.474884986877441,76.314891,2.2100000381469727,-94.173119,2020-02-13,0.9791780114173889,8,66834789.803838
9.474735260009766,76.371279,2.430000066757202,-95.87574005126953,2020-02-21,0.9883949756622314,11,67514755.945895
9.474712371826172,76.377971,17.120001,-95.71533966064453,2020-02-21,0.9712290167808533,8,67514756.065723
9.474743843078613,76.331823,12.729999542236328,-89.762154,2020-02-13,0.9799609780311584,5,66834789.675746
9.474579811096191,76.348986,17.079999923706055,-92.19252014160156,2020-02-13,0.9579809904098511,2,66834789.547654
9.474527359008789,76.308514,2.1700000762939453,-94.15816497802734,2020-02-13,0.9822409749031067,11,66834789.692274
9.474468231201172,76.315196,2.1700000762939453,-94.29911041259766,2020-02-13,0.980027973651886,8,66834789.812102
9.47431755065918,76.371584,2.430000066757202,-95.84630584716797,2020-02-21,0.9883750081062317,11,67514755.954159
9.47429370880127,76.378277,9.4399995803833,-95.696854,2020-02-21,0.9583179950714111,8,67514756.073987
9.474108695983887,76.30882263183594,2.2799999713897705,-94.258781,2020-02-13,0.9773629903793335,11,66834789.700538
9.474051475524902,76.315501,2.0899999141693115,-94.06563568115234,2020-02-13,0.9761890172958374,8,66834789.820366
9.47407341003418,76.325576,12.399999618530273,-92.91852569580078,2020-02-13,0.9821910262107849,6,66834789.572446
9.47390079498291,76.37188720703125,2.359999895095825,-95.848831,2020-02-21,0.9846140146255493,11,67514755.962423
9.473876953125,76.378583,2.619999885559082,-95.757713,2020-02-21,0.9547899961471558,8,67514756.082251
9.4736909866333,76.309126,2.0899999141693115,-94.189552,2020-02-13,0.9777169823646545,11,66834789.708802
9.473633766174316,76.315806,2.2100000381469727,-94.236083984375,2020-02-13,0.9814800024032593,8,66834789.82863
9.47348403930664,76.372196,2.4700000286102295,-95.79864501953125,2020-02-21,0.9833390116691589,11,67514755.970687
9.47346019744873,76.378889,14.869999885559082,-95.885223,2020-02-21,0.9630889892578125,8,67514756.090515
9.47336196899414,76.343126,12.170000076293945,-90.096489,2020-02-13,0.9508789777755737,3,66834789.452617
9.473068237304688,76.372502,2.359999895095825,-95.776237,2020-02-21,0.9740489721298218,11,67514755.978951
9.473273277282715,76.309432,2.0199999809265137,-94.078743,2020-02-13,0.9809039831161499,11,66834789.717066
9.47321605682373,76.316111,2.130000114440918,-94.25531005859375,2020-02-13,0.9782930016517639,8,66834789.836894
9.472855567932129,76.309738,2.1700000762939453,-94.259087,2020-02-13,0.9826769828796387,11,66834789.72533
9.472650527954102,76.372808,2.359999895095825,-95.88224029541016,2020-02-21,0.9896429777145386,11,67514755.987215
9.472624778747559,76.379502,2.319999933242798,-95.772034,2020-02-21,0.9524120092391968,8,67514756.107043
9.472799301147461,76.316416,2.0899999141693115,-94.23077392578125,2020-02-13,0.9768710136413574,8,66834789.845158
9.472526550292969,76.343738,15.430000305175781,-90.038712,2020-02-13,0.9661880135536194,3,66834789.469146
9.472573280334473,76.354937,2.319999933242798,-95.29109954833984,2020-02-13,0.9566419720649719,1,66834789.907138
9.472437858581543,76.310044,2.2100000381469727,-94.198547,2020-02-13,0.981141984462738,11,66834789.733594
9.472381591796875,76.316721,2.2100000381469727,-94.1375961303711,2020-02-13,0.9830260276794434,8,66834789.853422
9.472233772277832,76.373114,2.359999895095825,-95.869743,2020-02-21,0.9901930093765259,11,67514755.995479
9.472020149230957,76.310349,2.1700000762939453,-94.233192,2020-02-13,0.9792810082435608,11,66834789.741858
9.471964836120605,76.317026,2.2100000381469727,-94.139236,2020-02-13,0.9784550070762634,8,66834789.861686
9.471817016601562,76.373419,2.430000066757202,-95.88895416259766,2020-02-21,0.9904029965400696,11,67514756.003743
9.471818923950195,76.333966,7.0,-91.953163,2020-02-13,0.9719640016555786,5,66834789.733594
9.471603393554688,76.310655,2.1700000762939453,-94.21136474609375,2020-02-13,0.9826440215110779,11,66834789.750122
9.471548080444336,76.317331,2.1700000762939453,-94.189232,2020-02-13,0.978268027305603,8,66834789.86995
9.471566200256348,76.327412,15.8100004196167,-91.606552,2020-02-13,0.9602699875831604,6,66834789.62203
9.47140121459961,76.373725,11.800000190734863,-95.840401,2020-02-21,0.9926469922065735,11,67514756.012007
9.471184730529785,76.310961,2.059999942779541,-94.256264,2020-02-13,0.974711000919342,11,66834789.758386
9.47113037109375,76.317636,2.2100000381469727,-94.29462432861328,2020-02-13,0.980180025100708,8,66834789.878214
9.470982551574707,76.374031,3.630000114440918,-94.360802,2020-02-21,0.9862290024757385,11,67514756.020271
9.470956802368164,76.380726,13.5600004196167,-95.851662,2020-02-21,0.9873059988021851,8,67514756.140099
9.4707670211792,76.311266,2.1700000762939453,-94.360878,2020-02-13,0.9821730256080627,11,66834789.76665
9.470712661743164,76.317941,2.130000114440918,-94.15723419189453,2020-02-13,0.9766680002212524,8,66834789.886478
9.470565795898438,76.334882,13.149999618530273,-90.9729995727539,2020-02-13,0.9556159973144531,5,66834789.758386
9.470565795898438,76.374337,8.5,-94.465752,2020-02-21,0.9689549803733826,11,67514756.028535
9.47035026550293,76.311572,2.0199999809265137,-94.348717,2020-02-13,0.971576988697052,11,66834789.774914
9.470295906066895,76.31824493408203,2.0199999809265137,-94.26485443115234,2020-02-13,0.9703350067138672,8,66834789.894742
9.469931602478027,76.311877,2.0899999141693115,-94.255852,2020-02-13,0.9765589833259583,11,66834789.783178
9.469514846801758,76.312183,2.0899999141693115,-94.16556549072266,2020-02-13,0.9782639741897583,11,66834789.791442
9.469314575195312,76.375255,9.8100004196167,-95.81277465820312,2020-02-21,0.9826989769935608,11,67514756.053327
9.469287872314453,76.381951,2.390000104904175,-95.860527,2020-02-21,0.9775850176811218,8,67514756.173155
9.469097137451172,76.312488,2.2100000381469727,-94.259216,2020-02-13,0.9802560210227966,11,66834789.799706
9.468896865844727,76.375561,2.390000104904175,-95.75574493408203,2020-02-21,0.9749770164489746,11,67514756.061591
9.468729019165039,76.353274,9.289999961853027,-94.067139,2020-02-13,0.9653390049934387,2,66834789.66335
9.468680381774902,76.312793,2.059999942779541,-94.124313,2020-02-13,0.9813349843025208,11,66834789.80797
9.468626976013184,76.319464,2.130000114440918,-94.431129,2020-02-13,0.9704830050468445,8,66834789.927798
9.468481063842773,76.375867,12.25,-95.655022,2020-02-21,0.985571026802063,11,67514756.069855
9.468454360961914,76.382563,2.359999895095825,-95.897667,2020-02-21,0.9714109897613525,8,67514756.189683
9.468262672424316,76.313098,1.9800000190734863,-94.131538,2020-02-13,0.9520599842071533,11,66834789.816234
9.468210220336914,76.319769,2.0899999141693115,-94.29925537109375,2020-02-13,0.9768229722976685,8,66834789.936062
9.468036651611328,76.38287353515625,2.359999895095825,-95.902382,2020-02-21,0.9860799908638,8,67514756.197947
9.467619895935059,76.383176,2.359999895095825,-95.90591430664062,2020-02-21,0.965179979801178,8,67514756.206211
9.46784496307373,76.313404,2.0199999809265137,-94.22085571289062,2020-02-13,0.9690639972686768,11,66834789.824498
9.467428207397461,76.313708,2.2799999713897705,-94.198441,2020-02-13,0.9761899709701538,11,66834789.832762
9.467228889465332,76.37678527832031,14.3100004196167,-95.345261,2020-02-21,0.9567729830741882,11,67514756.094647
9.467095375061035,76.347718,15.319999694824219,-92.015747,2020-02-13,0.9737650156021118,3,66834789.576578
9.467011451721191,76.314013,2.1700000762939453,-94.26226043701172,2020-02-13,0.9787740111351013,11,66834789.841026
9.466812133789062,76.377091,11.3100004196167,-94.08430480957031,2020-02-21,0.9851419925689697,11,67514756.102911
9.466787338256836,76.383789,2.390000104904175,-95.91114044189453,2020-02-21,0.9818670153617859,8,67514756.222739
9.466676712036133,76.348026,4.489999771118164,-92.52276611328125,2020-02-13,0.9735249876976013,3,66834789.584842
9.466593742370605,76.314318,2.1700000762939453,-94.259689,2020-02-13,0.9731190204620361,11,66834789.84929
9.466395378112793,76.377398,14.800000190734863,-95.339767,2020-02-21,0.9705269932746887,11,67514756.111175
9.466259002685547,76.34832763671875,16.399999618530273,-93.768051,2020-02-13,0.9630990028381348,3,66834789.593106
9.46617603302002,76.314623,2.0899999141693115,-94.211021,2020-02-13,0.9771029949188232,11,66834789.857554
9.465977668762207,76.377704,13.630000114440918,-94.979477,2020-02-21,0.9655179977416992,11,67514756.119439
9.46575927734375,76.314928,2.0899999141693115,-94.07622528076172,2020-02-13,0.9739170074462891,11,66834789.865818
9.465559959411621,76.37801361083984,15.0600004196167,-94.6180648803711,2020-02-21,0.9659330248832703,11,67514756.127703
9.465143203735352,76.378316,15.470000267028809,-94.358017,2020-02-21,0.9591619968414307,11,67514756.135967
9.465341567993164,76.315233,2.2100000381469727,-94.2821044921875,2020-02-13,0.982804000377655,11,66834789.874082
9.464924812316895,76.315538,2.2100000381469727,-94.270973,2020-02-13,0.9742460250854492,11,66834789.882346
9.464726448059082,76.378622,19.329999923706055,-94.06898498535156,2020-02-21,0.991008996963501,11,67514756.144231
9.464722633361816,76.339154,10.34000015258789,-89.323441,2020-02-13,0.9716410040855408,5,66834789.874082
9.464508056640625,76.315842,2.0899999141693115,-94.270973,2020-02-13,0.9786840081214905,11,66834789.89061
9.464463233947754,76.332613,10.260000228881836,-90.333679,2020-02-13,0.9509490132331848,6,66834789.762518
9.464308738708496,76.378928,9.510000228881836,-93.910919,2020-02-21,0.9686740040779114,11,67514756.152495
9.464170455932617,76.349861,12.619999885559082,-93.135803,2020-02-13,0.9692839980125427,3,66834789.634426
9.464091300964355,76.316147,2.240000009536743,-94.120789,2020-02-13,0.983057975769043,11,66834789.898874
9.463891983032227,76.379235,11.869999885559082,-95.323189,2020-02-21,0.9819149971008301,11,67514756.160759
9.46367359161377,76.316452,2.2799999713897705,-94.44313049316406,2020-02-13,0.9821059703826904,11,66834789.907138
9.463618278503418,76.323124,2.0899999141693115,-94.259247,2020-02-13,0.9793660044670105,8,66834790.026966
9.463475227355957,76.379541,12.729999542236328,-95.0380859375,2020-02-21,0.9822120070457458,11,67514756.169023
9.463255882263184,76.316757,2.130000114440918,-94.420547,2020-02-13,0.9833959937095642,11,66834789.915402
9.463199615478516,76.323429,2.240000009536743,-94.33436584472656,2020-02-13,0.980338990688324,8,66834790.03523
9.463058471679688,76.379847,11.649999618530273,-95.06385040283203,2020-02-21,0.9766589999198914,11,67514756.177287
9.462839126586914,76.317061,2.2100000381469727,-94.211372,2020-02-13,0.9835879802703857,11,66834789.923666
9.462782859802246,76.323735,2.130000114440918,-94.244698,2020-02-13,0.976589024066925,8,66834790.043494
9.462422370910645,76.317366,2.0199999809265137,-94.17033386230469,2020-02-13,0.961821973323822,11,66834789.93193
9.46236515045166,76.32404327392578,2.390000104904175,-93.325531,2020-02-13,0.9905340075492859,8,66834790.051758
9.462042808532715,76.358167,2.240000009536743,-95.349854,2020-02-13,0.9568120241165161,2,66834789.795574
9.461947441101074,76.324345,2.319999933242798,-92.03805541992188,2020-02-13,0.9914190173149109,8,66834790.060022
9.461713790893555,76.362871,2.690000057220459,-94.435081,2020-02-13,0.9732959866523743,1,66834790.122002
9.460968017578125,76.341897,5.949999809265137,-90.34197998046875,2020-02-13,0.9540200233459473,5,66834789.948458
9.460705757141113,76.33535766601562,10.899999618530273,-92.16437530517578,2020-02-13,0.9550120234489441,6,66834789.836894
9.460551261901855,76.34220123291016,15.430000305175781,-90.560127,2020-02-13,0.9559630155563354,5,66834789.956722
9.460556030273438,76.381685,2.359999895095825,-95.606613,2020-02-21,0.9848729968070984,11,67514756.226871
9.460408210754395,76.35261535644531,15.84000015258789,-94.916397,2020-02-13,0.9646109938621521,3,66834789.708802
9.460140228271484,76.381991,2.359999895095825,-95.655472,2020-02-21,0.9867089986801147,11,67514756.235135
9.460288047790527,76.335667,2.390000104904175,-92.6525650024414,2020-02-13,0.9526569843292236,6,66834789.845158
9.459871292114258,76.33596801757812,9.25,-92.61870574951172,2020-02-13,0.9556310176849365,6,66834789.853422
9.459723472595215,76.382298,2.359999895095825,-95.70471954345703,2020-02-21,0.9911479949951172,11,67514756.243399
9.459715843200684,76.34281158447266,14.270000457763672,-90.064034,2020-02-13,0.9643499851226807,5,66834789.97325
9.459501266479492,76.31950378417969,2.0199999809265137,-94.261269,2020-02-13,0.9557290077209473,11,66834789.989778
9.459305763244629,76.382604,2.359999895095825,-95.748848,2020-02-21,0.9845460057258606,11,67514756.251663
9.459439277648926,76.326178,15.020000457763672,-91.744019,2020-02-13,0.9776729941368103,8,66834790.109606
9.45908260345459,76.319805,2.0199999809265137,-94.101013,2020-02-13,0.9701340198516846,11,66834789.998042
9.459020614624023,76.326484,12.850000381469727,-91.48501586914062,2020-02-13,0.989359974861145,8,66834790.11787
9.459036827087402,76.336579,18.579999923706055,-95.74048614501953,2020-02-13,0.9676219820976257,6,66834789.86995
9.458602905273438,76.326789,13.300000190734863,-91.44401550292969,2020-02-13,0.9927719831466675,8,66834790.126134
9.458185195922852,76.32709503173828,11.720000267028809,-91.847519,2020-02-13,0.9944559931755066,8,66834790.134398
9.45776653289795,76.327401,14.720000267028809,-93.0809555053711,2020-02-13,0.9952279925346375,8,66834790.142662
9.456931114196777,76.328013,15.430000305175781,-92.860291,2020-02-13,0.9952449798583984,8,66834790.15919
9.456792831420898,76.344945,19.030001,-90.637444,2020-02-13,0.9546880125999451,5,66834790.031098
9.456513404846191,76.328319,13.029999732971191,-91.977402,2020-02-13,0.9910029768943787,8,66834790.167454
9.456375122070312,76.345251,15.65999984741211,-91.610023,2020-02-13,0.9692440032958984,5,66834790.039362
9.45620059967041,76.362435,2.6500000953674316,-94.446632,2020-02-13,0.9728990197181702,2,66834789.91127
9.456094741821289,76.328625,12.850000381469727,-92.10792541503906,2020-02-13,0.9928860068321228,8,66834790.175718
9.45578384399414,76.362739,2.6500000953674316,-94.455498,2020-02-13,0.9544810056686401,2,66834789.919534
9.455740928649902,76.322248,1.909999966621399,-94.285683,2020-02-13,0.9518210291862488,11,66834790.064154
9.455677032470703,76.328931,6.360000133514404,-91.360443,2020-02-13,0.9886800050735474,8,66834790.183982
9.455538749694824,76.345861,17.940001,-91.14110565185547,2020-02-13,0.9532840251922607,5,66834790.05589
9.455367088317871,76.363044,2.6500000953674316,-94.29156494140625,2020-02-13,0.9570249915122986,2,66834789.927798
9.455323219299316,76.322554,2.1700000762939453,-94.30352020263672,2020-02-13,0.9747970104217529,11,66834790.072418
9.455259323120117,76.329236,13.600000381469727,-91.63595581054688,2020-02-13,0.9894949793815613,8,66834790.192246
9.455121994018555,76.346166,21.43000030517578,-91.401161,2020-02-13,0.9514070153236389,5,66834790.064154
9.454865455627441,76.339627,11.90999984741211,-89.657112,2020-02-13,0.9700800180435181,6,66834789.95259
9.454285621643066,76.346778,17.309999,-92.49380493164062,2020-02-13,0.9780679941177368,5,66834790.080682
9.45403003692627,76.340236,14.569999694824219,-89.628593,2020-02-13,0.954783022403717,6,66834789.969118
9.453866958618164,76.347085,8.010000228881836,-92.540588,2020-02-13,0.9799259901046753,5,66834790.088946
9.45369815826416,76.364262,8.539999961853027,-94.700592,2020-02-13,0.9596419930458069,2,66834789.960854
9.45361328125,76.340541,12.729999542236328,-89.51195526123047,2020-02-13,0.9810460209846497,6,66834789.977382
9.453450202941895,76.3473892211914,13.479999542236328,-91.753799,2020-02-13,0.9712460041046143,5,66834790.09721
9.453317642211914,76.37577056884766,7.409999847412109,-94.544769,2020-02-13,0.9545159935951233,0,66834790.407154
9.453169822692871,76.330766,19.219999,-93.177490234375,2020-02-13,0.9909579753875732,8,66834790.233568
9.453194618225098,76.340846,13.069999694824219,-89.346573,2020-02-13,0.9766809940338135,6,66834789.985646
9.453031539916992,76.347695,17.34000015258789,-92.343277,2020-02-13,0.9886879920959473,5,66834790.105474
9.524176597595215,76.308003,2.5399999618530273,-95.397598,2020-05-14,0.9522299766540527,0,74654747.121413
9.522187232971191,76.30961608886719,2.2799999713897705,-94.44540405273438,2020-05-14,0.9711859822273254,0,74654747.162743
9.521788597106934,76.309938,2.5,-94.507851,2020-05-14,0.9532489776611328,0,74654747.171009
9.519002914428711,76.312193,5.650000095367432,-91.828331,2020-05-14,0.9734039902687073,0,74654747.228871
9.51860523223877,76.312513,8.449999809265137,-91.354919,2020-05-14,0.9587519764900208,0,74654747.237135
9.518206596374512,76.312838,3.890000104904175,-92.537376,2020-05-14,0.9557039737701416,0,74654747.245399
9.51780891418457,76.313157,11.59000015258789,-92.629982,2020-05-14,0.9771929979324341,0,74654747.253663
9.517411231994629,76.313479,11.300000190734863,-91.938087,2020-05-14,0.974295973777771,0,74654747.261927
9.517012596130371,76.313799,15.40999984741211,-91.243538,2020-05-14,0.9760119915008545,0,74654747.270191
9.51661491394043,76.314126,6.769999980926514,-92.040169,2020-05-14,0.9594749808311462,0,74654747.278455
9.516217231750488,76.31444549560547,12.979999542236328,-92.4307861328125,2020-05-14,0.9814910292625427,0,74654747.286719
9.515024185180664,76.315411,15.220000267028809,-93.05598449707031,2020-05-14,0.984404981136322,0,74654747.311511
9.514227867126465,76.31605529785156,14.779999732971191,-92.603081,2020-05-14,0.9862949848175049,0,74654747.328039
9.513830184936523,76.316377,14.550000190734863,-92.052109,2020-05-14,0.9620069861412048,0,74654747.336303
9.513433456420898,76.316701,9.6899995803833,-91.571404,2020-05-14,0.9714639782905579,0,74654747.344567
9.51303482055664,76.31702423095703,9.420000076293945,-92.329987,2020-05-14,0.9550480246543884,0,74654747.352831
9.5126371383667,76.317343,14.65999984741211,-92.493523,2020-05-14,0.9830309748649597,0,74654747.361095
9.512240409851074,76.317668,7.889999866485596,-89.553337,2020-05-14,0.9609860181808472,0,74654747.369359
9.511841773986816,76.317989,11.930000305175781,-92.709396,2020-05-14,0.9898260235786438,0,74654747.377623
9.511655807495117,76.308964,2.6500000953674316,-94.879082,2020-05-14,0.957597017288208,2,74654746.939575
9.511444091796875,76.318309,20.200001,-95.710472,2020-05-14,0.9892569780349731,0,74654747.385887
9.511258125305176,76.309287,2.430000066757202,-94.66595458984375,2020-05-14,0.957938015460968,2,74654746.947839
9.510647773742676,76.31895446777344,16.200001,-93.2001953125,2020-05-14,0.9840999841690063,0,74654747.402415
9.51025104522705,76.319279,10.579999923706055,-93.30529022216797,2020-05-14,0.9780719876289368,0,74654747.410679
9.509669303894043,76.310576,2.7300000190734863,-94.390244,2020-05-14,0.954164981842041,2,74654746.980895
9.509454727172852,76.3199234008789,17.239999771118164,-93.508217,2020-05-14,0.9672420024871826,0,74654747.427207
9.508942604064941,76.313766,10.170000076293945,-92.293373,2020-05-14,0.9651269912719727,1,74654747.307379
9.508545875549316,76.314089,9.239999771118164,-91.213959,2020-05-14,0.9649320244789124,1,74654747.315643
9.508261680603027,76.320887,14.510000228881836,-92.265892,2020-05-14,0.9582409858703613,0,74654747.451999
9.507863998413086,76.32121276855469,13.5,-92.176743,2020-05-14,0.9742640256881714,0,74654747.460263
9.507466316223145,76.321531,16.56999969482422,-92.232491,2020-05-14,0.9673089981079102,0,74654747.468527
9.507068634033203,76.321855,11.180000305175781,-91.452972,2020-05-14,0.9678220152854919,0,74654747.476791
9.506954193115234,76.315374,15.859999656677246,-92.57294464111328,2020-05-14,0.9787009954452515,1,74654747.348699
9.506555557250977,76.315698,12.9399995803833,-91.822342,2020-05-14,0.9911519885063171,1,74654747.356963
9.50609016418457,76.313478,2.759999990463257,-93.808594,2020-05-14,0.9546589851379395,2,74654747.055285
9.505477905273438,76.323144,10.210000038146973,-90.978821,2020-05-14,0.9781140089035034,0,74654747.509847
9.505294799804688,76.314123,3.180000066757202,-94.54788970947266,2020-05-14,0.9871670007705688,2,74654747.071817
9.505363464355469,76.31666564941406,10.729999542236328,-92.880814,2020-05-14,0.955590009689331,1,74654747.381755
9.504964828491211,76.31698608398438,13.880000114440918,-92.315041,2020-05-14,0.9621750116348267,1,74654747.390019
9.505080223083496,76.323464,12.869999885559082,-88.87261962890625,2020-05-14,0.960722029209137,0,74654747.518111
9.504681587219238,76.323788,12.460000038146973,-91.837608,2020-05-14,0.9706379771232605,0,74654747.526375
9.504284858703613,76.324111,10.140000343322754,-91.16707611083984,2020-05-14,0.9834929704666138,0,74654747.534639
9.504100799560547,76.315087,7.929999828338623,-91.156563,2020-05-14,0.9620180130004883,2,74654747.096615
9.503886222839355,76.324429,17.280001,-90.563889,2020-05-14,0.9893040060997009,0,74654747.542903
9.503771781921387,76.317953,13.319999694824219,-92.11581420898438,2020-05-14,0.9605669975280762,1,74654747.414811
9.503375053405762,76.318277,7.099999904632568,-90.452217,2020-05-14,0.979843020439148,1,74654747.423075
9.503488540649414,76.324753,10.359999656677246,-87.20930480957031,2020-05-14,0.9763609766960144,0,74654747.551167
9.503305435180664,76.315733,6.320000171661377,-91.798569,2020-05-14,0.9756489992141724,2,74654747.113147
9.503091812133789,76.325085,0.10999999940395355,-95.174553,2020-05-14,0.9811999797821045,0,74654747.559431
9.502906799316406,76.316053,12.300000190734863,-92.086388,2020-05-14,0.9797130227088928,2,74654747.121413
9.50297737121582,76.318597,14.359999656677246,-92.204453,2020-05-14,0.9917269945144653,1,74654747.431339
9.502693176269531,76.325396,16.309999,-90.524338,2020-05-14,0.9648709893226624,0,74654747.567695
9.502578735351562,76.318918,16.530001,-91.880966,2020-05-14,0.9777470231056213,1,74654747.439603
9.502296447753906,76.325722,8.680000305175781,-90.420998,2020-05-14,0.9581429958343506,0,74654747.575959
9.502111434936523,76.31670379638672,7.139999866485596,-91.693489,2020-05-14,0.9857550263404846,2,74654747.137945
9.502181053161621,76.319242,12.119999885559082,-91.58415985107422,2020-05-14,0.9721419811248779,1,74654747.447867
9.501897811889648,76.326042,13.430000305175781,-90.74789428710938,2020-05-14,0.9820489883422852,0,74654747.584223
9.501315116882324,76.31733703613281,18.440001,-92.169113,2020-05-14,0.9844949841499329,2,74654747.154477
9.501385688781738,76.31988525390625,14.550000190734863,-91.611427,2020-05-14,0.9788079857826233,1,74654747.464395
9.501102447509766,76.326687,10.619999885559082,-90.608559,2020-05-14,0.9720140099525452,0,74654747.600751
9.500917434692383,76.317664,14.550000190734863,-91.78804016113281,2020-05-14,0.9748650193214417,2,74654747.162743
9.500703811645508,76.327006,17.31999969482422,-91.12211608886719,2020-05-14,0.9622529745101929,0,74654747.609015
9.500192642211914,76.320855,7.630000114440918,-92.44279479980469,2020-05-14,0.98540198802948,1,74654747.489187
9.500306129455566,76.32733154296875,13.649999618530273,-90.618896,2020-05-14,0.9615970253944397,0,74654747.617279
9.499794960021973,76.32117462158203,11.5600004196167,-91.68133544921875,2020-05-14,0.9549639821052551,1,74654747.497451
9.499323844909668,76.318955,13.170000076293945,-92.10171508789062,2020-05-14,0.9762189984321594,2,74654747.195807
9.499397277832031,76.32149505615234,17.280001,-92.279633,2020-05-14,0.9681699872016907,1,74654747.505715
9.498926162719727,76.319279,10.130000114440918,-91.8458251953125,2020-05-14,0.9857059717178345,2,74654747.204073
9.49899959564209,76.321828,0.18000000715255737,-96.258682,2020-05-14,0.9784780144691467,1,74654747.513979
9.498601913452148,76.322141,12.079999923706055,-91.31344604492188,2020-05-14,0.9612159729003906,1,74654747.522243
9.498527526855469,76.319602,7.440000057220459,-91.36071014404297,2020-05-14,0.9630380272865295,2,74654747.212339
9.498311996459961,76.299967,2.4700000286102295,-94.201141,2020-05-14,0.9531580209732056,5,74654747.290851
9.498129844665527,76.319922,13.09000015258789,-91.64554595947266,2020-05-14,0.9750180244445801,2,74654747.220605
9.498204231262207,76.322465,9.569999694824219,-91.50696563720703,2020-05-14,0.9753530025482178,1,74654747.530507
9.49780559539795,76.322786,10.770000457763672,-91.930832,2020-05-14,0.9833970069885254,1,74654747.538771
9.497333526611328,76.320566,14.850000381469727,-92.153061,2020-05-14,0.9729490280151367,2,74654747.237135
9.497011184692383,76.323432,11.819999694824219,-95.747513,2020-05-14,0.9895660281181335,1,74654747.555299
9.496936798095703,76.320888,16.760000228881836,-92.625244140625,2020-05-14,0.9887160062789917,2,74654747.245399
9.496721267700195,76.301256,2.5,-94.340286,2020-05-14,0.9550679922103882,5,74654747.323907
9.495924949645996,76.3019027709961,2.4700000286102295,-94.075218,2020-05-14,0.9549440145492554,5,74654747.340435
9.49522876739502,76.315709,2.880000114440918,-94.672234,2020-05-14,0.9755079746246338,3,74654747.150344
9.494433403015137,76.316354,2.6500000953674316,-94.68616485595703,2020-05-14,0.9535229802131653,3,74654747.166876
9.491546630859375,76.29887390136719,2.4700000286102295,-94.137962,2020-05-14,0.9504619836807251,6,74654747.303247
9.488065719604492,76.321509,3.059999942779541,-91.956543,2020-05-14,0.964693009853363,3,74654747.299115
9.48766803741455,76.321827,11.520000457763672,-92.680199,2020-05-14,0.9640380144119263,3,74654747.307379
9.487271308898926,76.322151,7.480000019073486,-91.83658599853516,2020-05-14,0.9765310287475586,3,74654747.315643
9.486775398254395,76.338288,11.930000305175781,-89.95785522460938,2020-05-14,0.9510989785194397,0,74654747.898255
9.486474990844727,76.322793,8.149999618530273,-87.324669,2020-05-14,0.9704909920692444,3,74654747.332171
9.485979080200195,76.338934,10.729999542236328,-90.673248,2020-05-14,0.9880639910697937,0,74654747.914783
9.485678672790527,76.323439,8.489999771118164,-91.93362426757812,2020-05-14,0.9766119718551636,3,74654747.348699
9.48558235168457,76.339259,7.099999904632568,-90.75828552246094,2020-05-14,0.9663069844245911,0,74654747.923047
9.485281944274902,76.323761,7.590000152587891,-91.169151,2020-05-14,0.98955899477005,3,74654747.356963
9.485183715820312,76.3395767211914,8.449999809265137,-89.97640991210938,2020-05-14,0.9526709914207458,0,74654747.931311
9.484884262084961,76.32408142089844,18.370001,-95.07078552246094,2020-05-14,0.9675549864768982,3,74654747.365227
9.484786033630371,76.339902,10.020000457763672,-90.778313,2020-05-14,0.9791380167007446,0,74654747.939575
9.484485626220703,76.324406,8.600000381469727,-92.133347,2020-05-14,0.9823880195617676,3,74654747.373491
9.48438835144043,76.340223,14.779999732971191,-91.047058,2020-05-14,0.95489102602005,0,74654747.947839
9.484087944030762,76.324728,6.989999771118164,-92.02090454101562,2020-05-14,0.9726589918136597,3,74654747.381755
9.483989715576172,76.340544,16.870001,-90.452248,2020-05-14,0.9750409722328186,0,74654747.956103
9.483691215515137,76.325048,9.199999809265137,-89.475632,2020-05-14,0.9651950001716614,3,74654747.390019
9.48359203338623,76.340868,12.899999618530273,-89.46236419677734,2020-05-14,0.9624959826469421,0,74654747.964367
9.483194351196289,76.341189,16.270000457763672,-90.155952,2020-05-14,0.9691969752311707,0,74654747.972631
9.482894897460938,76.325693,9.760000228881836,-91.43803405761719,2020-05-14,0.9737110137939453,3,74654747.406547
9.482796669006348,76.341514,12.420000076293945,-91.658951,2020-05-14,0.9778169989585876,0,74654747.980895
9.482497215270996,76.326014,12.869999885559082,-92.65018463134766,2020-05-14,0.9872689843177795,3,74654747.414811
9.482099533081055,76.326338,9.569999694824219,-91.918037,2020-05-14,0.9769750237464905,3,74654747.423075
9.481701850891113,76.326658,12.640000343322754,-91.925217,2020-05-14,0.9676539897918701,3,74654747.431339
9.481304168701172,76.326981,10.399999618530273,-91.289307,2020-05-14,0.9744910001754761,3,74654747.439603
9.48080825805664,76.343127,6.659999847412109,-90.664253,2020-05-14,0.974236011505127,0,74654748.022221
9.480230331420898,76.334419,11.819999694824219,-90.227547,2020-05-14,0.9720420241355896,2,74654747.592487
9.480111122131348,76.327945,14.180000305175781,-90.324471,2020-05-14,0.981378972530365,3,74654747.464395
9.479615211486816,76.344093,7.699999809265137,-90.604134,2020-05-14,0.9509509801864624,0,74654748.047019
9.4794340133667,76.335064,8.75,-90.246918,2020-05-14,0.9860320091247559,2,74654747.609015
9.479500770568848,76.337608,13.050000190734863,-89.934326171875,2020-05-14,0.9826380014419556,1,74654747.918915
9.479216575622559,76.344412,14.180000305175781,-90.72301483154297,2020-05-14,0.9742709994316101,0,74654748.055285
9.479036331176758,76.335388,6.840000152587891,-91.05644989013672,2020-05-14,0.9596660137176514,2,74654747.617279
9.478819847106934,76.344735,12.229999542236328,-90.897858,2020-05-14,0.9559670090675354,0,74654748.063551
9.478705406188965,76.338253,12.9399995803833,-89.218597,2020-05-14,0.9571930170059204,1,74654747.935443
9.478520393371582,76.329236,9.5,-90.101212,2020-05-14,0.9757580161094666,3,74654747.497451
9.478422164916992,76.34505462646484,15.40999984741211,-91.1458740234375,2020-05-14,0.9658889770507812,0,74654748.071817
9.478306770324707,76.338577,11.479999542236328,-89.839333,2020-05-14,0.9678199887275696,1,74654747.943707
9.478121757507324,76.329559,8.449999809265137,-90.72908020019531,2020-05-14,0.9518799781799316,3,74654747.505715
9.478025436401367,76.345381,8.0,-90.812019,2020-05-14,0.9647349715232849,0,74654748.080083
9.477842330932617,76.336352,8.640000343322754,-90.386688,2020-05-14,0.9541130065917969,2,74654747.642071
9.477909088134766,76.33889770507812,10.510000228881836,-90.01414489746094,2020-05-14,0.9596819877624512,1,74654747.951971
9.477724075317383,76.329881,9.010000228881836,-90.776237,2020-05-14,0.9752349853515625,3,74654747.513979
9.477327346801758,76.330201,12.829999923706055,-90.578667,2020-05-14,0.9808719754219055,3,74654747.522243
9.47744369506836,76.336669921875,16.15999984741211,-90.155701,2020-05-14,0.9713240265846252,2,74654747.650335
9.477113723754883,76.339542,17.020000457763672,-90.658501,2020-05-14,0.9802970290184021,1,74654747.968499
9.477229118347168,76.346023,11.369999885559082,-91.762016,2020-05-14,0.964739978313446,0,74654748.096615
9.4769287109375,76.330524,11.970000267028809,-90.68037414550781,2020-05-14,0.9796239733695984,3,74654747.530507
9.476831436157227,76.346341,17.690001,-91.617844,2020-05-14,0.9667389988899231,0,74654748.104881
9.476648330688477,76.337315,14.699999809265137,-89.244209,2020-05-14,0.9634699821472168,2,74654747.666863
9.476716041564941,76.339864,15.859999656677246,-90.21747589111328,2020-05-14,0.978380024433136,1,74654747.976763
9.476531028747559,76.330845,12.489999771118164,-90.608978,2020-05-14,0.989745020866394,3,74654747.538771
9.476433753967285,76.346665,10.470000267028809,-88.88959503173828,2020-05-14,0.9637179970741272,0,74654748.113147
9.476133346557617,76.331168,11.859999656677246,-89.992477,2020-05-14,0.98471999168396,3,74654747.547035
9.475920677185059,76.34050750732422,14.140000343322754,-90.96300506591797,2020-05-14,0.9612939953804016,1,74654747.993291
9.47573471069336,76.331489,13.880000114440918,-89.842346,2020-05-14,0.9746559858322144,3,74654747.555299
9.475852966308594,76.337961,10.960000038146973,-90.21200561523438,2020-05-14,0.9516909718513489,2,74654747.683391
9.475454330444336,76.338279,16.829999923706055,-89.271881,2020-05-14,0.9903330206871033,2,74654747.691655
9.475522994995117,76.34082794189453,18.06999969482422,-90.93519592285156,2020-05-14,0.9721750020980835,1,74654748.001556
9.475337982177734,76.3318099975586,12.979999542236328,-88.208549,2020-05-14,0.9897270202636719,3,74654747.563563
9.475056648254395,76.338604,13.050000190734863,-89.845039,2020-05-14,0.9889209866523743,2,74654747.699919
9.47484302520752,76.347951,14.289999961853027,-91.56233978271484,2020-05-14,0.9691810011863708,0,74654748.146211
9.474658966064453,76.338926,12.119999885559082,-90.00518035888672,2020-05-14,0.9774529933929443,2,74654747.708183
9.474329948425293,76.341796875,9.869999885559082,-89.499428,2020-05-14,0.959663987159729,1,74654748.026354
9.474445343017578,76.348273,13.880000114440918,-91.394798,2020-05-14,0.9690750241279602,0,74654748.154477
9.474047660827637,76.348597,9.199999809265137,-92.261742,2020-05-14,0.9534689784049988,0,74654748.162743
9.473746299743652,76.33309936523438,13.020000457763672,-91.40147399902344,2020-05-14,0.9752069711685181,3,74654747.596619
9.473862648010254,76.339571,14.8100004196167,-93.91584014892578,2020-05-14,0.9877679944038391,2,74654747.724711
9.473649978637695,76.348918,10.8100004196167,-91.630547,2020-05-14,0.9676780104637146,0,74654748.171009
9.473464965820312,76.33988952636719,17.469999,-89.840363,2020-05-14,0.9731339812278748,2,74654747.732975
9.473247528076172,76.320262,2.390000104904175,-94.423859,2020-05-14,0.9577540159225464,5,74654747.811483
9.473067283630371,76.340213,15.710000038146973,-90.11421966552734,2020-05-14,0.9864779710769653,2,74654747.741239
9.473136901855469,76.34276580810547,10.699999809265137,-89.578209,2020-05-14,0.9716460108757019,1,74654748.051152
9.472739219665527,76.343088,8.899999618530273,-88.82445526123047,2020-05-14,0.9863539934158325,1,74654748.059418
9.472553253173828,76.334068,9.609999656677246,-92.109779,2020-05-14,0.9731519818305969,3,74654747.621411
9.472668647766113,76.340536,10.65999984741211,-87.927788,2020-05-14,0.9862920045852661,2,74654747.749503
9.472452163696289,76.320907,2.5,-94.235992,2020-05-14,0.965499997138977,5,74654747.828011
9.472455978393555,76.3498764038086,16.799999,-93.391228,2020-05-14,0.9801599979400635,0,74654748.195807
9.472270965576172,76.34085845947266,10.020000457763672,-89.551842,2020-05-14,0.9522370100021362,2,74654747.757767
9.472053527832031,76.321229,2.430000066757202,-94.02505493164062,2020-05-14,0.95940101146698,5,74654747.836275
9.471872329711914,76.341179,15.220000267028809,-89.21548461914062,2020-05-14,0.9691479802131653,2,74654747.766031
9.471756935119629,76.334714,4.96999979019165,-91.816887,2020-05-14,0.9579179883003235,3,74654747.637939
9.47165584564209,76.321551,2.4700000286102295,-93.829833984375,2020-05-14,0.9696710109710693,5,74654747.844539
9.471546173095703,76.344051,17.25,-90.637833,2020-05-14,0.9676349759101868,1,74654748.084216
9.471258163452148,76.321874,2.4700000286102295,-93.355133,2020-05-14,0.9934849739074707,5,74654747.852803
9.471261978149414,76.350849,9.760000228881836,-95.004288,2020-05-14,0.9658600091934204,0,74654748.220605
9.47096061706543,76.335355,10.170000076293945,-90.00497436523438,2020-05-14,0.9731670022010803,3,74654747.654467
9.471076011657715,76.341824,15.260000228881836,-90.3443603515625,2020-05-14,0.9691900014877319,2,74654747.782559
9.470863342285156,76.351168,14.399999618530273,-94.706467,2020-05-14,0.9540590047836304,0,74654748.228871
9.470562934875488,76.335676,6.920000076293945,-85.130615234375,2020-05-14,0.9759489893913269,3,74654747.662731
9.470678329467773,76.342146,15.109999656677246,-89.450813,2020-05-14,0.9654359817504883,2,74654747.790823
9.47046184539795,76.322518,2.609999895095825,-91.53157043457031,2020-05-14,0.9545350074768066,5,74654747.869331
9.470279693603516,76.342472,6.059999942779541,-87.808578,2020-05-14,0.961143970489502,2,74654747.799087
9.470353126525879,76.345019,11.479999542236328,-90.422417,2020-05-14,0.9722819924354553,1,74654748.109014
9.469882011413574,76.342792,14.170000076293945,-90.727028,2020-05-14,0.9614239931106567,2,74654747.807351
9.469956398010254,76.3453369140625,11.180000305175781,-90.418449,2020-05-14,0.9544600248336792,1,74654748.11728
9.469766616821289,76.336322,7.400000095367432,-89.888573,2020-05-14,0.979623019695282,3,74654747.679259
9.469557762145996,76.345661,13.989999771118164,-90.538406,2020-05-14,0.9722520112991333,1,74654748.125546
9.469368934631348,76.33663940429688,14.699999809265137,-89.633102,2020-05-14,0.9899669885635376,3,74654747.687523
9.469484329223633,76.343112,18.25,-90.096008,2020-05-14,0.9645839929580688,2,74654747.815615
9.469270706176758,76.352454,10.880000114440918,-91.209091,2020-05-14,0.9765689969062805,0,74654748.261927
9.468971252441406,76.336964,12.079999923706055,-89.693863,2020-05-14,0.9899910092353821,3,74654747.695787
9.469085693359375,76.343436,14.960000038146973,-90.565247,2020-05-14,0.9764419794082642,2,74654747.823879
9.468762397766113,76.346304,18.18000030517578,-95.26300048828125,2020-05-14,0.9911500215530396,1,74654748.142078
9.468572616577148,76.337286,11.479999542236328,-90.617058,2020-05-14,0.9833769798278809,3,74654747.704051
9.468473434448242,76.324127,8.34000015258789,-87.571716,2020-05-14,0.9884520173072815,5,74654747.910651
9.468364715576172,76.346627,14.850000381469727,-94.076271,2020-05-14,0.9749450087547302,1,74654748.150344
9.468074798583984,76.324449,12.420000076293945,-91.745461,2020-05-14,0.98955899477005,5,74654747.918915
9.468174934387207,76.33760833740234,7.809999942779541,-90.17570495605469,2020-05-14,0.9658939838409424,3,74654747.712315
9.46796703338623,76.346947,13.800000190734863,-91.035149,2020-05-14,0.981311023235321,1,74654748.15861
9.467777252197266,76.337929,14.0600004196167,-90.257217,2020-05-14,0.9895179867744446,3,74654747.720579
9.467891693115234,76.344404,15.779999732971191,-91.062981,2020-05-14,0.9609490036964417,2,74654747.848671
9.467494010925293,76.344727,13.239999771118164,-90.51887512207031,2020-05-14,0.9799469709396362,2,74654747.856935
9.467279434204102,76.3250961303711,8.9399995803833,-90.948433,2020-05-14,0.9768009781837463,5,74654747.935443
9.467170715332031,76.347591,12.420000076293945,-92.442902,2020-05-14,0.9864460229873657,1,74654748.175142
9.466880798339844,76.325416,14.180000305175781,-91.769493,2020-05-14,0.9871299862861633,5,74654747.943707
9.466697692871094,76.345373,14.739999771118164,-92.82551574707031,2020-05-14,0.9883689880371094,2,74654747.873463
9.46677303314209,76.347912,14.630000114440918,-93.032791,2020-05-14,0.9757919907569885,1,74654748.183408
9.466375350952148,76.348233,18.110001,-94.894043,2020-05-14,0.96943598985672,1,74654748.191674
9.466300010681152,76.345699,7.960000038146973,-92.102409,2020-05-14,0.9698730111122131,2,74654747.881727
9.466086387634277,76.326062,10.470000267028809,-91.683968,2020-05-14,0.9733530282974243,5,74654747.960235
9.465786933898926,76.339538,15.670000076293945,-89.50177001953125,2020-05-14,0.9588140249252319,3,74654747.761899
9.465902328491211,76.346017,15.670000076293945,-92.031418,2020-05-14,0.9716280102729797,2,74654747.889991
9.46568775177002,76.326387,6.769999980926514,-91.25178527832031,2020-05-14,0.9878929853439331,5,74654747.968499
9.465287208557129,76.355669,13.949999809265137,-94.73292541503906,2020-05-14,0.9537510275840759,0,74654748.344567
9.465289115905762,76.320136,2.430000066757202,-93.70692443847656,2020-05-14,0.9510830044746399,6,74654747.848671
9.465290069580078,76.32670593261719,12.869999885559082,-91.230301,2020-05-14,0.9913280010223389,5,74654747.976763
9.465106010437012,76.346665,13.199999809265137,-93.125542,2020-05-14,0.9635210037231445,2,74654747.906519
9.464893341064453,76.327041,0.07000000029802322,-104.949997,2020-05-14,0.9961450099945068,5,74654747.985027
9.464592933654785,76.340508,10.920000076293945,-90.191483,2020-05-14,0.9635289907455444,3,74654747.786691
9.46470832824707,76.346987,14.289999961853027,-93.82617950439453,2020-05-14,0.954475998878479,2,74654747.914783
9.464385032653809,76.349843,13.130000114440918,-94.201576,2020-05-14,0.9749810099601746,1,74654748.233003
9.464195251464844,76.34082794189453,11.930000305175781,-91.00143432617188,2020-05-14,0.9654989838600159,3,74654747.794955
9.464097023010254,76.327673,11.970000267028809,-91.166939,2020-05-14,0.9642869830131531,5,74654748.001556
9.463987350463867,76.350163,15.970000267028809,-93.875061,2020-05-14,0.9692130088806152,1,74654748.241267
9.463796615600586,76.341153,11.890000343322754,-90.963829,2020-05-14,0.9747769832611084,3,74654747.803219
9.463515281677246,76.34796142578125,2.990000009536743,-93.71940612792969,2020-05-14,0.9501140117645264,2,74654747.939575
9.463301658630371,76.328317,13.579999923706055,-92.42012023925781,2020-05-14,0.958968997001648,5,74654748.018088
9.463398933410645,76.341472,14.920000076293945,-88.84481048583984,2020-05-14,0.991454005241394,3,74654747.811483
9.463298797607422,76.321749,2.430000066757202,-93.772537,2020-05-14,0.9567260146141052,6,74654747.889991
9.46290111541748,76.322072,2.4700000286102295,-94.03487396240234,2020-05-14,0.9506070017814636,6,74654747.898255
9.463001251220703,76.341796,14.470000267028809,-90.909447,2020-05-14,0.9812679886817932,3,74654747.819747
9.462602615356445,76.342121,8.0,-88.50587463378906,2020-05-14,0.9690830111503601,3,74654747.828011
9.462503433227539,76.322394,2.5,-94.24246978759766,2020-05-14,0.9552760124206543,6,74654747.906519
9.462104797363281,76.322717,2.5399999618530273,-94.295807,2020-05-14,0.9721410274505615,6,74654747.914783
9.462108612060547,76.329283,13.729999542236328,-92.526802,2020-05-14,0.9668700098991394,5,74654748.042886
9.461922645568848,76.349246,9.90999984741211,-92.964828,2020-05-14,0.983135998249054,2,74654747.972631
9.461807250976562,76.342763,16.270000457763672,-90.765991,2020-05-14,0.9665489792823792,3,74654747.844539
9.46170711517334,76.323039,2.4700000286102295,-94.031799,2020-05-14,0.9774529933929443,6,74654747.923047
9.461525917053223,76.349568,11.970000267028809,-93.905518,2020-05-14,0.978896975517273,2,74654747.980895
9.461309432983398,76.323362,2.5,-93.968224,2020-05-14,0.9660030007362366,6,74654747.931311
9.461313247680664,76.32992553710938,14.670000076293945,-91.777161,2020-05-14,0.9729380011558533,5,74654748.059418
9.461408615112305,76.343085,15.779999732971191,-90.149132,2020-05-14,0.972760021686554,3,74654747.852803
9.461010932922363,76.343407,13.3100004196167,-87.102722,2020-05-14,0.9646220207214355,3,74654747.861067
9.460911750793457,76.323684,2.5,-93.951653,2020-05-14,0.9768319725990295,6,74654747.939575
9.460915565490723,76.33025360107422,8.0,-88.526718,2020-05-14,0.9699419736862183,5,74654748.067684
9.460613250732422,76.3437271118164,15.479999542236328,-89.424057,2020-05-14,0.9828450083732605,3,74654747.869331
9.460514068603516,76.324007,2.5399999618530273,-93.75117492675781,2020-05-14,0.9703559875488281,6,74654747.947839
9.460121154785156,76.330892,12.569999694824219,-91.194412,2020-05-14,0.9737319946289062,5,74654748.084216
9.460214614868164,76.34405517578125,9.609999656677246,-88.025634765625,2020-05-14,0.967835009098053,3,74654747.877595
9.460116386413574,76.324329,2.430000066757202,-93.724411,2020-05-14,0.9690899848937988,6,74654747.956103
9.459717750549316,76.324651,2.4700000286102295,-93.271004,2020-05-14,0.9596390128135681,6,74654747.964367
9.459723472595215,76.33121490478516,11.670000076293945,-91.200287,2020-05-14,0.9805170297622681,5,74654748.092482
9.459816932678223,76.344379,13.729999542236328,-94.66259002685547,2020-05-14,0.9899839758872986,3,74654747.885859
9.459419250488281,76.3447036743164,14.210000038146973,-92.12705993652344,2020-05-14,0.9896439909934998,3,74654747.894123
9.459325790405273,76.331537,11.1899995803833,-90.898407,2020-05-14,0.9581680297851562,5,74654748.100748
9.459020614624023,76.345021,16.459999,-92.060059,2020-05-14,0.9787729978561401,3,74654747.902387
9.45892333984375,76.325295,2.4700000286102295,-91.654488,2020-05-14,0.9546480178833008,6,74654747.980895
9.45853042602539,76.3321762084961,9.880000114440918,-90.259407,2020-05-14,0.9840800166130066,5,74654748.11728
9.458622932434082,76.345343,18.59000015258789,-92.197777,2020-05-14,0.9799569845199585,3,74654747.910651
9.458524703979492,76.325617,2.609999895095825,-91.557648,2020-05-14,0.9525030255317688,6,74654747.989159
9.458344459533691,76.352145,10.989999771118164,-94.15475463867188,2020-05-14,0.9536799788475037,2,74654748.047019
9.45812702178955,76.325934,12.569999694824219,-91.533653,2020-05-14,0.9650970101356506,6,74654747.997423
9.45813274383545,76.332503,6.769999980926514,-90.090981,2020-05-14,0.9834240078926086,5,74654748.125546
9.45822525024414,76.34566497802734,16.639999,-89.941338,2020-05-14,0.9876459836959839,3,74654747.918915
9.457826614379883,76.345991,13.6899995803833,-92.84576416015625,2020-05-14,0.9553049802780151,3,74654747.927179
9.457735061645508,76.332821,14.329999923706055,-89.83423614501953,2020-05-14,0.9870349764823914,5,74654748.133812
9.457549095153809,76.352794,2.5,-95.651688,2020-05-14,0.9642040133476257,2,74654748.063551
9.457337379455566,76.33314514160156,9.90999984741211,-89.524353,2020-05-14,0.958853006362915,5,74654748.142078
9.45703125,76.346636,13.199999809265137,-93.085709,2020-05-14,0.9856929779052734,3,74654747.943707
9.456933975219727,76.326902,9.579999923706055,-92.312782,2020-05-14,0.9841060042381287,6,74654748.022221
9.456537246704102,76.327227,4.369999885559082,-90.878273,2020-05-14,0.9658309817314148,6,74654748.030487
9.456542015075684,76.333789,7.96999979019165,-89.822739,2020-05-14,0.954800009727478,5,74654748.15861
9.456235885620117,76.347285,4.369999885559082,-93.347702,2020-05-14,0.9544519782066345,3,74654747.960235
9.456355094909668,76.353759,2.200000047683716,-95.39049530029297,2020-05-14,0.9542120099067688,2,74654748.088349
9.456138610839844,76.32754516601562,12.3100004196167,-91.553772,2020-05-14,0.9687970280647278,6,74654748.038753
9.456144332885742,76.334111,2.880000114440918,-86.148239,2020-05-14,0.9744269847869873,5,74654748.166876
9.45572280883789,76.36338806152344,6.619999885559082,-93.339981,2020-05-14,0.9576849937438965,0,74654748.542903
9.455741882324219,76.327878,0.14000000059604645,-102.228256,2020-05-14,0.9947410225868225,6,74654748.047019
9.455745697021484,76.334433,6.320000171661377,-90.031349,2020-05-14,0.9732369780540466,5,74654748.175142
9.455348014831543,76.334756,2.609999895095825,-90.52814483642578,2020-05-14,0.9640259742736816,5,74654748.183408
9.45532512664795,76.363711,7.519999980926514,-92.91802978515625,2020-05-14,0.9720209836959839,0,74654748.551167
9.455083847045898,76.3154296875,2.3499999046325684,-94.29244995117188,2020-05-14,0.9510890245437622,8,74654748.261926
9.45494556427002,76.328511,17.399999618530273,-97.736832,2020-05-14,0.996408998966217,6,74654748.063551
9.454950332641602,76.33507537841797,7.670000076293945,-90.2227554321289,2020-05-14,0.984732985496521,5,74654748.191674
9.455041885375977,76.348252,4.75,-92.273407,2020-05-14,0.9851070046424866,3,74654747.985027
9.454548835754395,76.328838,2.4700000286102295,-92.106247,2020-05-14,0.9648190140724182,6,74654748.071817
9.454551696777344,76.335394,12.15999984741211,-89.62739562988281,2020-05-14,0.9958609938621521,5,74654748.19994
9.454527854919434,76.364352,12.079999923706055,-93.2170639038086,2020-05-14,0.9902200102806091,0,74654748.567695
9.454151153564453,76.329153,15.710000038146973,-91.648148,2020-05-14,0.9952800273895264,6,74654748.080083
9.453848838806152,76.349213,17.31999969482422,-94.16131591796875,2020-05-14,0.9835609793663025,3,74654748.009822
9.453753471374512,76.32947540283203,15.449999809265137,-91.663818,2020-05-14,0.9742739796638489,6,74654748.088349
9.45335578918457,76.329798,10.699999809265137,-91.028572,2020-05-14,0.9901229739189148,6,74654748.096615
9.453357696533203,76.336358,13.920000076293945,-90.702202,2020-05-14,0.9795650243759155,5,74654748.224738
9.453054428100586,76.349859,12.420000076293945,-93.917442,2020-05-14,0.9704819917678833,3,74654748.026354
9.45283031463623,76.359166,12.3100004196167,-91.80208587646484,2020-05-14,0.9833459854125977,1,74654748.472659
9.528132438659668,76.352826,23.40999984741211,-100.34373474121094,2021-03-08,0.9767770171165466,0,100409392.416368
9.525209426879883,76.354968,19.06999969482422,-95.783279,2021-03-08,0.9835720062255859,0,100409392.474217
9.524374008178711,76.35558319091797,14.680000305175781,-93.180031,2021-03-08,0.9614599943161011,0,100409392.490745
9.523957252502441,76.355886,17.420000076293945,-96.540123,2021-03-08,0.9630820155143738,0,100409392.499009
9.522286415100098,76.35710906982422,2.6600000858306885,-94.606697,2021-03-08,0.9767990112304688,0,100409392.532064
9.5219087600708,76.35063934326172,9.140000343322754,-92.831032,2021-03-08,0.9721149802207947,1,100409392.420501
9.521074295043945,76.351252,14.229999542236328,-92.486588,2021-03-08,0.9515810012817383,1,100409392.437028
9.519822120666504,76.3521728515625,13.479999542236328,-93.52458953857422,2021-03-08,0.9591739773750305,1,100409392.46182
9.518986701965332,76.352782,14.90999984741211,-95.726959,2021-03-08,0.9596400260925293,1,100409392.478348
9.518569946289062,76.353088,18.540001,-96.200508,2021-03-08,0.9511910080909729,1,100409392.486612
9.518152236938477,76.353393,16.370001,-93.43326568603516,2021-03-08,0.9664360284805298,1,100409392.494877
9.517316818237305,76.354005,13.630000114440918,-93.403053,2021-03-08,0.9627779722213745,1,100409392.511404
9.516900062561035,76.354311,16.370001,-94.2999038696289,2021-03-08,0.9564800262451172,1,100409392.519669
9.515229225158691,76.355535,3.069999933242798,-94.66073608398438,2021-03-08,0.9778069853782654,1,100409392.552724
9.514810562133789,76.355841,2.5399999618530273,-94.67023468017578,2021-03-08,0.9830960035324097,1,100409392.560989
9.51439380645752,76.356147,2.690000057220459,-94.67510986328125,2021-03-08,0.9834089875221252,1,100409392.569253
9.514348983764648,76.362927,7.190000057220459,-95.52894592285156,2021-03-08,0.9523190259933472,0,100409392.689081
9.513559341430664,76.356759,2.6600000858306885,-94.62852478027344,2021-03-08,0.9915559887886047,1,100409392.585781
9.513140678405762,76.357065,5.320000171661377,-94.661949,2021-03-08,0.9784610271453857,1,100409392.594045
9.513200759887695,76.335468,15.09000015258789,-91.07794952392578,2021-03-08,0.9804180264472961,5,100409392.403972
9.51278305053711,76.335774,9.65999984741211,-89.890808,2021-03-08,0.9852380156517029,5,100409392.412236
9.51236629486084,76.3360824584961,11.270000457763672,-90.753197,2021-03-08,0.9820709824562073,5,100409392.4205
9.512306213378906,76.357677,4.039999961853027,-94.697517,2021-03-08,0.9743750095367432,1,100409392.610573
9.511887550354004,76.357984,2.6600000858306885,-94.723244,2021-03-08,0.9849590063095093,1,100409392.618837
9.511469841003418,76.35829162597656,2.619999885559082,-94.721443,2021-03-08,0.9844689965248108,1,100409392.6271
9.511113166809082,76.336998,5.579999923706055,-86.655731,2021-03-08,0.9516879916191101,5,100409392.445292
9.511052131652832,76.358596,2.5399999618530273,-94.64410400390625,2021-03-08,0.9890620112419128,1,100409392.635365
9.510634422302246,76.358902,2.690000057220459,-94.699501,2021-03-08,0.9884830117225647,1,100409392.643628
9.510278701782227,76.33760833740234,20.270000457763672,-91.256416,2021-03-08,0.9591259956359863,5,100409392.46182
9.510215759277344,76.359209,2.6600000858306885,-94.75790405273438,2021-03-08,0.9833899736404419,1,100409392.651892
9.509798049926758,76.359515,2.619999885559082,-94.70919036865234,2021-03-08,0.9678639769554138,1,100409392.660157
9.509381294250488,76.359821,9.359999656677246,-94.654427,2021-03-08,0.975068986415863,1,100409392.66842
9.509025573730469,76.338528,12.550000190734863,-91.79981994628906,2021-03-08,0.9820709824562073,5,100409392.486612
9.50896167755127,76.360127,2.6600000858306885,-94.709801,2021-03-08,0.9827669858932495,1,100409392.676684
9.508607864379883,76.338834,11.119999885559082,-92.18461608886719,2021-03-08,0.9555879831314087,5,100409392.494876
9.508543968200684,76.360434,2.5799999237060547,-94.667908,2021-03-08,0.9789310097694397,1,100409392.684949
9.508191108703613,76.33914184570312,9.319999694824219,-91.889763,2021-03-08,0.983135998249054,5,100409392.50314
9.508126258850098,76.3607406616211,7.900000095367432,-95.724678,2021-03-08,0.9618629813194275,1,100409392.693212
9.507356643676758,76.339752,14.90999984741211,-90.957932,2021-03-08,0.9858750104904175,5,100409392.519668
9.506939888000488,76.340057,16.260000228881836,-90.738541,2021-03-08,0.9525219798088074,5,100409392.527932
9.506521224975586,76.340363,8.350000381469727,-90.64888000488281,2021-03-08,0.9842699766159058,5,100409392.536196
9.505970001220703,76.357838,7.710000038146973,-95.209778,2021-03-08,0.968982994556427,2,100409392.416368
9.505552291870117,76.358145,2.7300000190734863,-94.597321,2021-03-08,0.9760509729385376,2,100409392.424633
9.5054292678833,76.334429,13.710000038146973,-91.61774444580078,2021-03-08,0.9595739841461182,6,100409392.44116
9.505270004272461,76.341281,13.710000038146973,-87.33079528808594,2021-03-08,0.9778890013694763,5,100409392.560988
9.505133628845215,76.358451,2.509999990463257,-94.605232,2021-03-08,0.958391010761261,2,100409392.432896
9.505158424377441,76.369662,2.5799999237060547,-94.706337,2021-03-08,0.986952006816864,0,100409392.870889
9.504852294921875,76.341587,15.279999732971191,-91.466667,2021-03-08,0.9806529879570007,5,100409392.569252
9.504781723022461,76.36318969726562,2.509999990463257,-96.052513,2021-03-08,0.9635699987411499,1,100409392.759325
9.504740715026855,76.369968,2.6600000858306885,-94.70475006103516,2021-03-08,0.9742329716682434,0,100409392.879153
9.504716873168945,76.358757,6.960000038146973,-95.563881,2021-03-08,0.969726026058197,2,100409392.441161
9.504434585571289,76.341893,17.610001,-91.69293975830078,2021-03-08,0.9850540161132812,5,100409392.577516
9.504364013671875,76.363497,2.509999990463257,-96.07452392578125,2021-03-08,0.9558659791946411,1,100409392.767588
9.50429916381836,76.359063,2.690000057220459,-95.900383,2021-03-08,0.959151029586792,2,100409392.449425
9.50388240814209,76.359369,2.5399999618530273,-95.776688,2021-03-08,0.9532309770584106,2,100409392.457688
9.503182411193848,76.342811,15.84000015258789,-89.693527,2021-03-08,0.9731640219688416,5,100409392.602308
9.502507209777832,76.336571,11.239999771118164,-89.50902557373047,2021-03-08,0.9571769833564758,6,100409392.499008
9.502345085144043,76.343423,6.360000133514404,-88.478897,2021-03-08,0.9529190063476562,5,100409392.618836
9.502090454101562,76.336877,16.260000228881836,-93.3055648803711,2021-03-08,0.9557340145111084,6,100409392.507272
9.501928329467773,76.343729,14.720000267028809,-91.216972,2021-03-08,0.9819989800453186,5,100409392.6271
9.50167179107666,76.337183,6.929999828338623,-89.665398,2021-03-08,0.9593030214309692,6,100409392.515536
9.501509666442871,76.344036,10.789999961853027,-91.389519,2021-03-08,0.9867259860038757,5,100409392.635364
9.501091957092285,76.344342,12.850000381469727,-94.371529,2021-03-08,0.9730830192565918,5,100409392.643628
9.500605583190918,76.366251,9.960000038146973,-95.35931396484375,2021-03-08,0.9635050296783447,1,100409392.841964
9.500255584716797,76.344954,10.369999885559082,-92.339012,2021-03-08,0.9540299773216248,5,100409392.660156
9.500158309936523,76.355352,2.509999990463257,-94.573997,2021-03-08,0.9610900282859802,3,100409392.412236
9.500187873840332,76.366557,2.5399999618530273,-94.822838,2021-03-08,0.9672620296478271,1,100409392.850229
9.500001907348633,76.338406,8.130000114440918,-93.38138580322266,2021-03-08,0.9640750288963318,6,100409392.548592
9.499771118164062,76.366863,2.5399999618530273,-94.742638,2021-03-08,0.979885995388031,1,100409392.858492
9.499734878540039,76.373637,2.5399999618530273,-94.722183,2021-03-08,0.9678980112075806,0,100409392.97832
9.499838829040527,76.345261,18.540001,-92.55672454833984,2021-03-08,0.9814730286598206,5,100409392.66842
9.499740600585938,76.355658,2.6600000858306885,-94.633659,2021-03-08,0.9803109765052795,3,100409392.420501
9.499709129333496,76.362427,9.920000076293945,-94.507561,2021-03-08,0.9669860005378723,2,100409392.540329
9.499584197998047,76.338712,5.46999979019165,-93.17012023925781,2021-03-08,0.9508529901504517,6,100409392.556856
9.499421119689941,76.345567,14.680000305175781,-92.37305450439453,2021-03-08,0.9808130264282227,5,100409392.676684
9.499322891235352,76.355964,2.6600000858306885,-94.52643585205078,2021-03-08,0.9798610210418701,3,100409392.428765
9.499003410339355,76.345873,11.09000015258789,-91.479797,2021-03-08,0.9770399928092957,5,100409392.684948
9.498905181884766,76.35626983642578,2.6600000858306885,-94.543167,2021-03-08,0.9671639800071716,3,100409392.437028
9.49893569946289,76.367475,2.5399999618530273,-94.701439,2021-03-08,0.9786170125007629,1,100409392.875021
9.498584747314453,76.346179,9.140000343322754,-90.879692,2021-03-08,0.9734830260276794,5,100409392.693212
9.498488426208496,76.356576,2.7300000190734863,-94.516243,2021-03-08,0.964024007320404,3,100409392.445293
9.498332977294922,76.33963012695312,18.020000457763672,-92.497276,2021-03-08,0.9864619970321655,6,100409392.581648
9.498167037963867,76.346486,9.289999961853027,-91.664162,2021-03-08,0.9810349941253662,5,100409392.701476
9.498069763183594,76.356882,2.690000057220459,-94.57046508789062,2021-03-08,0.9632700085639954,3,100409392.453556
9.498065948486328,76.374859,2.690000057220459,-94.83172607421875,2021-03-08,0.9503250122070312,0,100409393.011377
9.497915267944336,76.339936,11.720000267028809,-89.903557,2021-03-08,0.98745197057724,6,100409392.589912
9.497749328613281,76.346792,13.069999694824219,-92.000771,2021-03-08,0.9801179766654968,5,100409392.70974
9.497653007507324,76.357188,2.6600000858306885,-94.603188,2021-03-08,0.9753140211105347,3,100409392.46182
9.497649192810059,76.375165,3.25,-94.678032,2021-03-08,0.9712759852409363,0,100409393.019641
9.497495651245117,76.340242,9.140000343322754,-92.736938,2021-03-08,0.9810500144958496,6,100409392.598176
9.497330665588379,76.347098,16.329999923706055,-92.562286,2021-03-08,0.978456974029541,5,100409392.718004
9.497236251831055,76.357494,2.6600000858306885,-94.637718,2021-03-08,0.9780259728431702,3,100409392.470085
9.497078895568848,76.340548,12.210000038146973,-93.36198425292969,2021-03-08,0.9691380262374878,6,100409392.60644
9.496813774108887,76.375776,2.5799999237060547,-94.704742,2021-03-08,0.9885330200195312,0,100409393.036169
9.496820449829102,76.357799,8.279999732971191,-94.415359,2021-03-08,0.9772120118141174,3,100409392.478348
9.496662139892578,76.340854,15.359999656677246,-93.064819,2021-03-08,0.9581810235977173,6,100409392.614704
9.496495246887207,76.347711,13.369999885559082,-93.548149,2021-03-08,0.9742299914360046,5,100409392.734532
9.496244430541992,76.3411636352539,15.960000038146973,-92.66553497314453,2021-03-08,0.9833400249481201,6,100409392.622968
9.495983123779297,76.358411,2.619999885559082,-96.360077,2021-03-08,0.9755849838256836,3,100409392.494877
9.495824813842773,76.341466,7.75,-92.401718,2021-03-08,0.982653021812439,6,100409392.631232
9.495658874511719,76.348324,12.619999885559082,-93.77383422851562,2021-03-08,0.9831529855728149,5,100409392.75106
9.495566368103027,76.358717,2.7300000190734863,-96.495003,2021-03-08,0.9603210091590881,3,100409392.50314
9.495598793029785,76.369921,2.5399999618530273,-94.6965103149414,2021-03-08,0.9893230199813843,1,100409392.941133
9.495561599731445,76.376693,2.619999885559082,-94.67778015136719,2021-03-08,0.9896529912948608,0,100409393.060961
9.495241165161133,76.3486328125,11.350000381469727,-90.979149,2021-03-08,0.9502580165863037,5,100409392.759324
9.495147705078125,76.359023,2.690000057220459,-96.356369,2021-03-08,0.9585760235786438,3,100409392.511404
9.495113372802734,76.365793,2.619999885559082,-94.651619,2021-03-08,0.9786549806594849,2,100409392.631233
9.4951810836792,76.370227,2.5399999618530273,-94.635551,2021-03-08,0.9921560287475586,1,100409392.949397
9.495144844055176,76.376999,2.5799999237060547,-94.6214599609375,2021-03-08,0.981552004814148,0,100409393.069225
9.494824409484863,76.348936,16.260000228881836,-93.902786,2021-03-08,0.9792529940605164,5,100409392.767588
9.494694709777832,76.36609649658203,2.5799999237060547,-94.548523,2021-03-08,0.9843279719352722,2,100409392.639497
9.49472713470459,76.37730407714844,2.6600000858306885,-94.777832,2021-03-08,0.9919300079345703,0,100409393.077488
9.494572639465332,76.342385,14.010000228881836,-91.89786529541016,2021-03-08,0.9815750122070312,6,100409392.656024
9.494277954101562,76.366406,4.940000057220459,-94.49354553222656,2021-03-08,0.9692299962043762,2,100409392.64776
9.493892669677734,76.377916,2.509999990463257,-94.612518,2021-03-08,0.9893779754638672,0,100409393.094017
9.493736267089844,76.342997,10.34000015258789,-91.98595428466797,2021-03-08,0.9725040197372437,6,100409392.672552
9.493474960327148,76.378221,2.5399999618530273,-94.76874542236328,2021-03-08,0.9918550252914429,0,100409393.10228
9.493317604064941,76.343304,9.890000343322754,-91.435249,2021-03-08,0.9787899851799011,6,100409392.680816
9.493151664733887,76.350161,11.3100004196167,-94.5247802734375,2021-03-08,0.9767640233039856,5,100409392.800644
9.493058204650879,76.378527,2.619999885559082,-94.688568,2021-03-08,0.9880020022392273,0,100409393.110545
9.4927339553833,76.350467,6.590000152587891,-95.295387,2021-03-08,0.9613839983940125,5,100409392.808908
9.492639541625977,76.378833,2.619999885559082,-94.7009048461914,2021-03-08,0.9899089932441711,0,100409393.118808
9.49248218536377,76.343916,7.449999809265137,-92.121841,2021-03-08,0.9775699973106384,6,100409392.697344
9.492315292358398,76.350773,2.509999990463257,-95.677032,2021-03-08,0.9581189751625061,5,100409392.817172
9.492222785949707,76.379138,2.619999885559082,-94.6891098022461,2021-03-08,0.9887610077857971,0,100409393.127072
9.4920654296875,76.344223,12.920000076293945,-92.579887,2021-03-08,0.9533060193061829,6,100409392.705608
9.491805076599121,76.379444,2.5799999237060547,-94.7710952758789,2021-03-08,0.9914420247077942,0,100409393.135337
9.491897583007812,76.351079,2.509999990463257,-95.922531,2021-03-08,0.952817976474762,5,100409392.825436
9.491647720336914,76.344529,19.030001,-93.497658,2021-03-08,0.9837329983711243,6,100409392.713872
9.491479873657227,76.351385,2.430000066757202,-95.833611,2021-03-08,0.9586949944496155,5,100409392.8337
9.491229057312012,76.344835,15.0600004196167,-93.71385955810547,2021-03-08,0.9833340048789978,6,100409392.722136
9.491063117980957,76.351691,2.4700000286102295,-95.693497,2021-03-08,0.9638630151748657,5,100409392.841964
9.49096965789795,76.380055,2.5799999237060547,-94.657043,2021-03-08,0.9928269982337952,0,100409393.151867
9.490812301635742,76.345141,20.600000381469727,-94.117958,2021-03-08,0.9708030223846436,6,100409392.7304
9.490645408630371,76.351997,2.390000104904175,-95.667313,2021-03-08,0.9533569812774658,5,100409392.850228
9.490556716918945,76.362387,10.260000228881836,-95.579803,2021-03-08,0.9614729881286621,3,100409392.602308
9.490392684936523,76.345448,14.869999885559082,-93.780579,2021-03-08,0.9898470044136047,6,100409392.738664
9.490227699279785,76.352303,2.4700000286102295,-95.678963,2021-03-08,0.9573969841003418,5,100409392.858492
9.490138053894043,76.362694,5.989999771118164,-93.637367,2021-03-08,0.9865239858627319,3,100409392.610573
9.490135192871094,76.380666,10.600000381469727,-99.877403,2021-03-08,0.9711779952049255,0,100409393.168399
9.489974975585938,76.345754,13.859999656677246,-93.645912,2021-03-08,0.9786170125007629,6,100409392.746928
9.489810943603516,76.352609,2.359999895095825,-95.670654296875,2021-03-08,0.9593420028686523,5,100409392.866756
9.489339828491211,76.374506,2.7300000190734863,-94.752747,2021-03-08,0.9929580092430115,1,100409393.065093
9.48939323425293,76.352915,2.4700000286102295,-95.552979,2021-03-08,0.9640610218048096,5,100409392.87502
9.489303588867188,76.363305,12.8100004196167,-94.601059,2021-03-08,0.9709150195121765,3,100409392.6271
9.48913860321045,76.346366,11.949999809265137,-94.07258605957031,2021-03-08,0.9808499813079834,6,100409392.763456
9.488975524902344,76.353221,2.430000066757202,-95.530212,2021-03-08,0.9559429883956909,5,100409392.883284
9.488922119140625,76.374812,2.6600000858306885,-94.832771,2021-03-08,0.9551349878311157,1,100409393.073356
9.488882064819336,76.381583,3.369999885559082,-94.705353,2021-03-08,0.9668530225753784,0,100409393.193198
9.48872184753418,76.346673,21.239999771118164,-100.653137,2021-03-08,0.9963480234146118,6,100409392.77172
9.488558769226074,76.353527,2.430000066757202,-95.655899,2021-03-08,0.9587309956550598,5,100409392.891548
9.4884672164917,76.363918,8.6899995803833,-94.8404541015625,2021-03-08,0.9666650295257568,3,100409392.643628
9.488505363464355,76.375117,2.6600000858306885,-94.745308,2021-03-08,0.9920709729194641,1,100409393.08162
9.488304138183594,76.346979,15.279999732971191,-94.2342758178711,2021-03-08,0.9562730193138123,6,100409392.779984
9.488141059875488,76.353833,2.390000104904175,-95.560822,2021-03-08,0.9601449966430664,5,100409392.899812
9.48805046081543,76.364224,10.640000343322754,-93.98997497558594,2021-03-08,0.9536110162734985,3,100409392.651892
9.48808765411377,76.375423,2.8399999141693115,-94.59992980957031,2021-03-08,0.979852020740509,1,100409393.089885
9.487886428833008,76.347285,10.220000267028809,-94.065536,2021-03-08,0.9590209722518921,6,100409392.788248
9.487724304199219,76.354138,2.6600000858306885,-95.62289428710938,2021-03-08,0.9627630114555359,5,100409392.908076
9.48730754852295,76.354444,7.110000133514404,-94.536888,2021-03-08,0.9808689951896667,5,100409392.91634
9.487212181091309,76.364837,2.619999885559082,-94.613968,2021-03-08,0.9677280187606812,3,100409392.66842
9.487253189086914,76.376034,2.7300000190734863,-94.74456024169922,2021-03-08,0.9937040209770203,1,100409393.106413
9.48705005645752,76.347897,11.239999771118164,-94.36874389648438,2021-03-08,0.9682790040969849,6,100409392.804776
9.486766815185547,76.319607,10.789999961853027,-92.507317,2021-03-12,0.9666450023651123,0,100749403.637366
9.48663330078125,76.348203,12.359999656677246,-94.368889,2021-03-08,0.9611719846725464,6,100409392.81304
9.48647403717041,76.355056,12.020000457763672,-94.783989,2021-03-08,0.9619920253753662,5,100409392.932868
9.486417770385742,76.376645,2.619999885559082,-94.74345397949219,2021-03-08,0.9897519946098328,1,100409393.12294
9.486374855041504,76.383416,10.819999694824219,-97.713913,2021-03-08,0.9777489900588989,0,100409393.242794
9.486336708068848,76.372224,7.980000019073486,-99.518608,2021-03-08,0.9881659746170044,2,100409392.804777
9.486350059509277,76.319913,14.380000114440918,-92.78667449951172,2021-03-12,0.9551519751548767,0,100749403.645629
9.486213684082031,76.3485107421875,2.390000104904175,-94.546898,2021-03-08,0.9641889929771423,6,100409392.821304
9.486055374145508,76.355362,2.430000066757202,-95.656013,2021-03-08,0.9572370052337646,5,100409392.941132
9.486000061035156,76.376951,2.6600000858306885,-94.747772,2021-03-08,0.9910359978675842,1,100409393.131205
9.485960006713867,76.365755,11.350000381469727,-94.352547,2021-03-08,0.9701269865036011,3,100409392.693212
9.485795974731445,76.34881591796875,2.5399999618530273,-94.33810424804688,2021-03-08,0.962119996547699,6,100409392.829568
9.485637664794922,76.355667,2.390000104904175,-95.57275390625,2021-03-08,0.9613869786262512,5,100409392.949396
9.485379219055176,76.349122,2.619999885559082,-94.33110046386719,2021-03-08,0.9631739854812622,6,100409392.837832
9.485220909118652,76.355973,2.430000066757202,-95.66521453857422,2021-03-08,0.9557219743728638,5,100409392.95766
9.485164642333984,76.377562,2.5399999618530273,-94.693832,2021-03-08,0.9708769917488098,1,100409393.147734
9.484960556030273,76.349428,2.6600000858306885,-94.368462,2021-03-08,0.9605990052223206,6,100409392.846096
9.484803199768066,76.356279,2.390000104904175,-95.635017,2021-03-08,0.9590049982070923,5,100409392.965924
9.484679222106934,76.321136,15.279999732971191,-93.464348,2021-03-12,0.9592819809913635,0,100749403.678686
9.48454475402832,76.349734,6.699999809265137,-94.088448,2021-03-08,0.9599360227584839,6,100409392.85436
9.484386444091797,76.356585,2.430000066757202,-95.73171997070312,2021-03-08,0.9644629955291748,5,100409392.974188
9.484330177307129,76.378173,2.619999885559082,-94.820389,2021-03-08,0.9855080246925354,1,100409393.164266
9.484262466430664,76.321442,10.220000267028809,-89.41466522216797,2021-03-12,0.966480016708374,0,100749403.68695
9.484126091003418,76.35003662109375,3.0299999713897705,-94.19173431396484,2021-03-08,0.9672899842262268,6,100409392.862624
9.483968734741211,76.35688781738281,2.390000104904175,-95.66958618164062,2021-03-08,0.9627439975738525,5,100409392.982452
9.483844757080078,76.321747,17.68000030517578,-92.178429,2021-03-12,0.9627220034599304,0,100749403.695213
9.483711242675781,76.350346,15.210000038146973,-94.590714,2021-03-08,0.9610900282859802,6,100409392.870888
9.483551979064941,76.357196,2.390000104904175,-95.658707,2021-03-08,0.9585059881210327,5,100409392.990716
9.483292579650879,76.350651,14.380000114440918,-94.201523,2021-03-08,0.9847850203514099,6,100409392.879152
9.483135223388672,76.357502,2.430000066757202,-95.64929962158203,2021-03-08,0.9579669833183289,5,100409392.99898
9.48287582397461,76.350957,13.449999809265137,-94.250282,2021-03-08,0.958204984664917,6,100409392.887416
9.48271656036377,76.357807,2.430000066757202,-95.606339,2021-03-08,0.9616950154304504,5,100409393.007244
9.482458114624023,76.351263,12.850000381469727,-95.00481414794922,2021-03-08,0.9599469900131226,6,100409392.89568
9.4822998046875,76.358113,2.430000066757202,-95.640968,2021-03-08,0.9566439986228943,5,100409393.015508
9.482039451599121,76.351569,2.390000104904175,-95.3813247680664,2021-03-08,0.969048023223877,6,100409392.903944
9.481623649597168,76.35187530517578,15.619999885559082,-93.740959,2021-03-08,0.9849539995193481,6,100409392.912208
9.481466293334961,76.358724,5.170000076293945,-95.652099609375,2021-03-08,0.9542719721794128,5,100409393.032036
9.481205940246582,76.352181,10.1899995803833,-95.28260040283203,2021-03-08,0.9643779993057251,6,100409392.920472
9.481047630310059,76.3590316772461,2.430000066757202,-95.611259,2021-03-08,0.9652209877967834,5,100409393.0403
9.480788230895996,76.352487,2.509999990463257,-95.440941,2021-03-08,0.9650269746780396,6,100409392.928736
9.480630874633789,76.359336,2.390000104904175,-95.64432525634766,2021-03-08,0.9576749801635742,5,100409393.048564
9.480371475219727,76.352792,8.949999809265137,-95.413193,2021-03-08,0.9562069773674011,6,100409392.937
9.48021411895752,76.359641,2.390000104904175,-95.604301,2021-03-08,0.9648060202598572,5,100409393.056828
9.480086326599121,76.324498,9.59000015258789,-92.30009460449219,2021-03-12,0.9709190130233765,0,100749403.769589
9.479952812194824,76.353098,2.4700000286102295,-95.434326171875,2021-03-08,0.959210991859436,6,100409392.945264
9.479796409606934,76.359947,2.509999990463257,-95.601593,2021-03-08,0.9670860171318054,5,100409393.065092
9.479667663574219,76.324803,8.760000228881836,-92.758972,2021-03-12,0.9612820148468018,0,100749403.777854
9.479536056518555,76.353404,2.4700000286102295,-95.32950592041016,2021-03-08,0.95933997631073,6,100409392.953528
9.479378700256348,76.360252,2.509999990463257,-95.586967,2021-03-08,0.9605690240859985,5,100409393.073356
9.47925090789795,76.325108,9.770000457763672,-92.646317,2021-03-12,0.9783629775047302,0,100749403.786117
9.479119300842285,76.35370635986328,2.5399999618530273,-95.48389434814453,2021-03-08,0.9631819725036621,6,100409392.961792
9.478961944580078,76.360558,2.390000104904175,-95.545227,2021-03-08,0.9632290005683899,5,100409393.08162
9.478702545166016,76.354015,14.010000228881836,-94.978333,2021-03-08,0.9825350046157837,6,100409392.970056
9.478544235229492,76.360864,2.430000066757202,-95.558502,2021-03-08,0.9568920135498047,5,100409393.089884
9.478416442871094,76.325719,10.220000267028809,-93.413773,2021-03-12,0.9706479907035828,0,100749403.802646
9.47828483581543,76.354321,6.059999942779541,-95.397339,2021-03-08,0.9520339965820312,6,100409392.97832
9.478128433227539,76.361169,10.640000343322754,-95.656013,2021-03-08,0.9616219997406006,5,100409393.098148
9.477998733520508,76.326024,17.940001,-92.431709,2021-03-12,0.9785069823265076,0,100749403.810909
9.477869033813477,76.354627,13.520000457763672,-95.10338592529297,2021-03-08,0.9586570262908936,6,100409392.986584
9.477710723876953,76.361475,9.550000190734863,-95.553658,2021-03-08,0.9600189924240112,5,100409393.106412
9.477452278137207,76.354933,15.960000038146973,-95.243652,2021-03-08,0.9574940204620361,6,100409392.994848
9.47729206085205,76.36177825927734,2.690000057220459,-95.765503,2021-03-08,0.9602130055427551,5,100409393.114676
9.477163314819336,76.326635,6.440000057220459,-92.09280395507812,2021-03-12,0.9848520159721375,0,100749403.827438
9.47674560546875,76.32694244384766,14.229999542236328,-96.143257,2021-03-12,0.9614840149879456,0,100749403.835701
9.476614952087402,76.355544,2.4700000286102295,-95.639481,2021-03-08,0.9548450112342834,6,100409393.011376
9.476327896118164,76.327245,14.649999618530273,-92.866814,2021-03-12,0.9659780263900757,0,100749403.843966
9.47553825378418,76.321094,2.5399999618530273,-95.01366424560547,2021-03-12,0.9522190093994141,1,100749403.740665
9.475493431091309,76.327855,15.279999732971191,-92.816887,2021-03-12,0.9641579985618591,0,100749403.860493
9.474369049072266,76.363919,2.509999990463257,-96.18675994873047,2021-03-08,0.951324999332428,5,100409393.172532
9.474241256713867,76.32877349853516,17.040001,-91.724274,2021-03-12,0.9632490277290344,0,100749403.885285
9.474111557006836,76.357378,2.430000066757202,-95.83781433105469,2021-03-08,0.9590290188789368,6,100409393.06096
9.473953247070312,76.364225,10.899999618530273,-94.471474,2021-03-08,0.9562540054321289,5,100409393.180798
9.473872184753418,76.322314,25.059999,-91.786461,2021-03-12,0.9558010101318359,1,100749403.773722
9.47369384765625,76.357683,2.4700000286102295,-95.677147,2021-03-08,0.9580569863319397,6,100409393.069224
9.473533630371094,76.36453247070312,2.4700000286102295,-94.600937,2021-03-08,0.988867998123169,5,100409393.189064
9.473454475402832,76.32261657714844,25.31999969482422,-92.20367431640625,2021-03-12,0.9695209860801697,1,100749403.781986
9.473403930664062,76.32937622070312,9.770000457763672,-91.14928436279297,2021-03-12,0.9618139863014221,0,100749403.901814
9.473278045654297,76.357989,6.329999923706055,-95.459839,2021-03-08,0.9620159864425659,6,100409393.077488
9.472986221313477,76.382008,17.120001,-94.296463,2021-03-08,0.9670820236206055,2,100409393.069225
9.472987174987793,76.329686,12.850000381469727,-95.464157,2021-03-12,0.9798679947853088,0,100749403.910077
9.472861289978027,76.358295,7.300000190734863,-95.382751,2021-03-08,0.9632700085639954,6,100409393.085752
9.472566604614258,76.382314,6.099999904632568,-94.358841,2021-03-08,0.9602059721946716,2,100409393.077488
9.472282409667969,76.365447,5.5,-94.612228,2021-03-08,0.98785001039505,5,100409393.213862
9.472149848937988,76.382619,9.890000343322754,-93.90122985839844,2021-03-08,0.9704390168190002,2,100409393.085753
9.472151756286621,76.330296,12.279999732971191,-91.004692,2021-03-12,0.9572319984436035,0,100749403.926605
9.471864700317383,76.365752,10.039999961853027,-95.575378,2021-03-08,0.9610000252723694,5,100409393.222128
9.471781730651855,76.323841,11.84000015258789,-92.519508,2021-03-12,0.9647020101547241,1,100749403.815041
9.471734046936035,76.330601,10.449999809265137,-90.1965560913086,2021-03-12,0.9713259935379028,0,100749403.934869
9.47144603729248,76.366058,2.509999990463257,-95.654411,2021-03-08,0.9634649753570557,5,100409393.230394
9.471315383911133,76.38323211669922,11.390000343322754,-93.594223,2021-03-08,0.9616439938545227,2,100409393.10228
9.47131633758545,76.330906,9.890000343322754,-91.327911,2021-03-12,0.9725030064582825,0,100749403.943134
9.471028327941895,76.366364,2.4700000286102295,-95.725739,2021-03-08,0.9616150259971619,5,100409393.23866
9.470947265625,76.324452,8.539999961853027,-92.231483,2021-03-12,0.9641579985618591,1,100749403.831569
9.470897674560547,76.331212,6.929999828338623,-91.50860595703125,2021-03-12,0.9648489952087402,0,100749403.951397
9.470609664916992,76.366669,2.4700000286102295,-95.84972381591797,2021-03-08,0.9781389832496643,5,100409393.246926
9.470480918884277,76.331516,18.350000381469727,-94.65446472167969,2021-03-12,0.9735640287399292,0,100749403.959661
9.470356941223145,76.360128,10.710000038146973,-95.609451,2021-03-08,0.9590359926223755,6,100409393.135336
9.470191955566406,76.366975,2.4700000286102295,-95.856483,2021-03-08,0.96355801820755,5,100409393.255192
9.470064163208008,76.331821,15.390000343322754,-92.158272,2021-03-12,0.9719880223274231,0,100749403.967926
9.469939231872559,76.360433,9.100000381469727,-94.071274,2021-03-08,0.9815210103988647,6,100409393.143601
9.469775199890137,76.36727905273438,2.619999885559082,-96.049919,2021-03-08,0.9551600217819214,5,100409393.263458
9.469694137573242,76.325367,12.699999809265137,-92.184799,2021-03-12,0.9706289768218994,1,100749403.856361
9.469359397888184,76.367585,14.979999542236328,-94.487122,2021-03-08,0.9557080268859863,5,100409393.271724
9.469277381896973,76.325672,16.629999,-92.559486,2021-03-12,0.9624660015106201,1,100749403.864625
9.468938827514648,76.367891,2.5799999237060547,-95.701599,2021-03-08,0.951416015625,5,100409393.27999
9.468857765197754,76.325978,6.059999942779541,-92.006493,2021-03-12,0.9702709913253784,1,100749403.87289
9.468441009521484,76.326283,10.859999656677246,-93.12742614746094,2021-03-12,0.9535170197486877,1,100749403.881153
9.468393325805664,76.333043,12.100000381469727,-92.380127,2021-03-12,0.9644439816474915,0,100749404.000981
9.468269348144531,76.361656,9.140000343322754,-93.609268,2021-03-08,0.9818959832191467,6,100409393.176665
9.467974662780762,76.333349,10.069999694824219,-91.67449951171875,2021-03-12,0.9835019707679749,0,100749404.009245
9.467849731445312,76.361961,2.430000066757202,-94.69108581542969,2021-03-08,0.9730539917945862,6,100409393.184931
9.46759033203125,76.379216,7.260000228881836,-98.222687,2021-03-08,0.9704130291938782,3,100409393.056828
9.467556953430176,76.333654,9.550000190734863,-91.571503,2021-03-12,0.9625840187072754,0,100749404.01751
9.467432022094727,76.362267,2.4700000286102295,-94.54759979248047,2021-03-08,0.9812840223312378,6,100409393.193197
9.467141151428223,76.333959,17.229999542236328,-92.416649,2021-03-12,0.9840930104255676,0,100749404.025773
9.467015266418457,76.362572,5.019999980926514,-94.511383,2021-03-08,0.9706180095672607,6,100409393.201463
9.466852188110352,76.369419,14.979999542236328,-95.475754,2021-03-08,0.9842420220375061,5,100409393.32132
9.466771125793457,76.327503,16.110001,-93.140907,2021-03-12,0.9507550001144409,1,100749403.914209
9.466721534729004,76.334265,10.789999961853027,-93.038338,2021-03-12,0.9546459913253784,0,100749404.034038
9.466599464416504,76.362878,16.06999969482422,-94.94453430175781,2021-03-08,0.9529489874839783,6,100409393.209729
9.466431617736816,76.369725,2.5399999618530273,-95.624352,2021-03-08,0.9531760215759277,5,100409393.329586
9.466353416442871,76.327808,12.729999542236328,-93.03857421875,2021-03-12,0.9537550210952759,1,100749403.922474
9.466179847717285,76.363183,4.489999771118164,-95.991302,2021-03-08,0.9654780030250549,6,100409393.217995
9.465761184692383,76.363489,2.5399999618530273,-95.737556,2021-03-08,0.9560499787330627,6,100409393.226261
9.465597152709961,76.370336,2.5799999237060547,-95.755043,2021-03-08,0.9700499773025513,5,100409393.346118
9.4655179977417,76.328418,16.559999,-93.023361,2021-03-12,0.9630299806594849,1,100749403.939002
9.465179443359375,76.370642,2.430000066757202,-95.61483001708984,2021-03-08,0.9682409763336182,5,100409393.354384
9.464760780334473,76.370948,2.509999990463257,-95.706558,2021-03-08,0.966418981552124,5,100409393.36265
9.464682579040527,76.329028,17.010000228881836,-92.767242,2021-03-12,0.9652569890022278,1,100749403.955529
9.464508056640625,76.364405,2.509999990463257,-95.790527,2021-03-08,0.9500089883804321,6,100409393.251059
9.464631080627441,76.32462310791016,11.15999984741211,-93.23817443847656,2021-03-12,0.9649800062179565,2,100749403.637366
9.464343070983887,76.371253,2.430000066757202,-95.672638,2021-03-08,0.9660720229148865,5,100409393.370916
9.464216232299805,76.324925,25.700001,-96.995613,2021-03-12,0.9884229898452759,2,100749403.645629
9.464090347290039,76.364711,2.430000066757202,-96.038567,2021-03-08,0.9517729878425598,6,100409393.259325
9.463926315307617,76.371559,2.4700000286102295,-95.652107,2021-03-08,0.9616349935531616,5,100409393.37918
9.463846206665039,76.329639,8.15999984741211,-92.554497,2021-03-12,0.967540979385376,1,100749403.972058
9.463800430297852,76.336406,15.359999656677246,-90.306976,2021-03-12,0.952049970626831,0,100749404.091886
9.463507652282715,76.371865,2.5399999618530273,-95.748894,2021-03-08,0.962647020816803,5,100409393.387444
9.46337890625,76.325537,13.890000343322754,-91.984756,2021-03-12,0.9674410223960876,2,100749403.662158
9.463430404663086,76.329944,14.529999732971191,-92.66238403320312,2021-03-12,0.9751870036125183,1,100749403.980321
9.46338176727295,76.336712,9.960000038146973,-91.21343994140625,2021-03-12,0.9662500023841858,0,100749404.100149
9.463090896606445,76.372171,2.4700000286102295,-95.726646,2021-03-08,0.9578070044517517,5,100409393.395708
9.463011741638184,76.330249,14.350000381469727,-92.140823,2021-03-12,0.9758480191230774,1,100749403.988586
9.46296501159668,76.337018,12.399999618530273,-90.972069,2021-03-12,0.9683859944343567,0,100749404.108414
9.462542533874512,76.326149,8.390000343322754,-93.0067138671875,2021-03-12,0.9664430022239685,2,100749403.678686
9.46254825592041,76.337324,15.170000076293945,-91.26411437988281,2021-03-12,0.9666479825973511,0,100749404.116677
9.462420463562012,76.365933,11.649999618530273,-95.95195007324219,2021-03-08,0.9556509852409363,6,100409393.292389
9.462178230285645,76.33085632324219,18.579999923706055,-91.945908,2021-03-12,0.9686800241470337,1,100749404.005113
9.462129592895508,76.33763122558594,16.889999,-90.96342468261719,2021-03-12,0.9509829878807068,0,100749404.124941
9.462125778198242,76.32645416259766,13.369999885559082,-92.835907,2021-03-12,0.9721329808235168,2,100749403.68695
9.461711883544922,76.337936,9.850000381469727,-90.615097,2021-03-12,0.9824249744415283,0,100749404.133206
9.461709022521973,76.326759,16.139999,-92.534317,2021-03-12,0.9706659913063049,2,100749403.695213
9.461291313171387,76.32706451416016,13.260000228881836,-92.457497,2021-03-12,0.9629719853401184,2,100749403.703478
9.460872650146484,76.327371,11.199999809265137,-92.708649,2021-03-12,0.9577739834785461,2,100749403.711742
9.46092414855957,76.331777,11.350000381469727,-90.906548,2021-03-12,0.9690300226211548,1,100749404.029905
9.460454940795898,76.327677,6.889999866485596,-91.986542,2021-03-12,0.9610509872436523,2,100749403.720005
9.4605073928833,76.332082,16.440001,-91.563248,2021-03-12,0.9639279842376709,1,100749404.03817
9.46045970916748,76.338854,14.609999656677246,-91.412827,2021-03-12,0.9728900194168091,0,100749404.157998
9.46033000946045,76.367461,2.5799999237060547,-95.737083,2021-03-08,0.9518210291862488,6,100409393.333719
9.460042953491211,76.33915710449219,17.229999542236328,-91.104599,2021-03-12,0.9715020060539246,0,100749404.166261
9.459912300109863,76.367767,2.509999990463257,-95.83597564697266,2021-03-08,0.9528599977493286,6,100409393.341985
9.459670066833496,76.33269500732422,2.6600000858306885,-91.155449,2021-03-12,0.9779809713363647,1,100749404.054697
9.459622383117676,76.328287,16.139999,-92.43544006347656,2021-03-12,0.9726060032844543,2,100749403.736533
9.459202766418457,76.328593,11.720000267028809,-92.827271,2021-03-12,0.9645980000495911,2,100749403.744797
9.458786010742188,76.328898,14.869999885559082,-92.714531,2021-03-12,0.9722219705581665,2,100749403.753062
9.458788871765137,76.340079,10.1899995803833,-89.892448,2021-03-12,0.9660879969596863,0,100749404.191053
9.458417892456055,76.333612,8.539999961853027,-90.888573,2021-03-12,0.9585760235786438,1,100749404.079489
9.457948684692383,76.329509,6.059999942779541,-93.821999,2021-03-12,0.9807639718055725,2,100749403.769589
9.457823753356934,76.369296,2.430000066757202,-95.621674,2021-03-08,0.9501510262489319,6,100409393.383312
9.4575834274292,76.334224,5.690000057220459,-91.229851,2021-03-12,0.9681990146636963,1,100749404.096017
9.457406044006348,76.369601,2.4700000286102295,-95.725807,2021-03-08,0.9536250233650208,6,100409393.391576
9.45716667175293,76.334529,17.309999,-90.894279,2021-03-12,0.9762610197067261,1,100749404.104281
9.457115173339844,76.33011627197266,9.699999809265137,-93.306519,2021-03-12,0.9863290190696716,2,100749403.786117
9.45711898803711,76.341305,16.780001,-95.858711,2021-03-12,0.973721981048584,0,100749404.22411
9.456989288330078,76.369907,2.4700000286102295,-95.77108001708984,2021-03-08,0.9545350074768066,6,100409393.39984
9.456748962402344,76.334835,14.720000267028809,-91.041809,2021-03-12,0.9699440002441406,1,100749404.112546
9.45670223236084,76.341611,10.1899995803833,-89.85966491699219,2021-03-12,0.9762099981307983,0,100749404.232374
9.456278800964355,76.33072662353516,7.489999771118164,-93.0254898071289,2021-03-12,0.9665279984474182,2,100749403.802646
9.455862045288086,76.331035,10.600000381469727,-92.734558,2021-03-12,0.9693480134010315,2,100749403.810909
9.455913543701172,76.335447,12.020000457763672,-90.7467041015625,2021-03-12,0.9864649772644043,1,100749404.129074
9.455449104309082,76.342529296875,8.579999923706055,-90.544792,2021-03-12,0.9588199853897095,0,100749404.257166
9.45502758026123,76.331645,15.579999923706055,-92.863388,2021-03-12,0.9675740003585815,2,100749403.827438
9.455079078674316,76.3360595703125,12.319999694824219,-90.667007,2021-03-12,0.9648140072822571,1,100749404.145601
9.454242706298828,76.336672,12.25,-91.45634460449219,2021-03-12,0.9670000076293945,1,100749404.16213
9.454195976257324,76.343449,13.369999885559082,-90.428162,2021-03-12,0.970300018787384,0,100749404.28196
9.454230308532715,76.32550048828125,2.6500000953674316,-94.75426483154297,2021-03-12,0.9577950239181519,3,100749403.724137
9.454193115234375,76.332255,17.639999,-92.430733,2021-03-12,0.9761919975280762,2,100749403.843966
9.453776359558105,76.33255767822266,18.5,-92.655823,2021-03-12,0.990680992603302,2,100749403.85223
9.453356742858887,76.332866,12.960000038146973,-92.108261,2021-03-12,0.9670100212097168,2,100749403.860493
9.453408241271973,76.337285,8.84000015258789,-91.078819,2021-03-12,0.9647430181503296,1,100749404.178658
9.452938079833984,76.333171,7.489999771118164,-91.841438,2021-03-12,0.9513429999351501,2,100749403.868758
9.45299243927002,76.33759307861328,21.200001,-91.68313598632812,2021-03-12,0.9659090042114258,1,100749404.186922
9.452942848205566,76.344369,16.110001,-91.089684,2021-03-12,0.969173014163971,0,100749404.306757
9.537459373474121,76.383527,2.4700000286102295,-93.678101,2021-07-02,0.9785259962081909,5,110485410.543676
9.536706924438477,76.354431,2.619999885559082,-93.746002,2021-07-02,0.9736319780349731,0,110485410.266791
9.53662395477295,76.382917,3.7799999713897705,-93.181839,2021-07-02,0.9745780229568481,5,110485410.527144
9.53628921508789,76.354127,2.5399999618530273,-93.66716003417969,2021-07-02,0.9804139733314514,0,110485410.258527
9.53620719909668,76.382612,2.4700000286102295,-93.67770385742188,2021-07-02,0.9743790030479431,5,110485410.518878
9.535870552062988,76.353823,2.690000057220459,-93.826271,2021-07-02,0.9784489870071411,0,110485410.250263
9.535788536071777,76.382307,2.430000066757202,-93.64313507080078,2021-07-02,0.9572349786758423,5,110485410.510612
9.535452842712402,76.353518,2.6500000953674316,-93.754646,2021-07-02,0.9817619919776917,0,110485410.241999
9.535035133361816,76.353214,2.5799999237060547,-93.79141998291016,2021-07-02,0.9812840223312378,0,110485410.233735
9.534954071044922,76.381698,2.2799999713897705,-93.5328140258789,2021-07-02,0.9526739716529846,5,110485410.49408
9.534537315368652,76.381393,2.509999990463257,-93.575989,2021-07-02,0.9804869890213013,5,110485410.485814
9.53411865234375,76.381088,2.509999990463257,-93.646088,2021-07-02,0.9903119802474976,5,110485410.477548
9.53370189666748,76.380784,2.430000066757202,-93.555672,2021-07-02,0.9871320128440857,5,110485410.469282
9.533284187316895,76.380479,2.4700000286102295,-93.581451,2021-07-02,0.984125018119812,5,110485410.461016
9.532941818237305,76.351691,16.739999771118164,-93.220963,2021-07-02,0.9592099785804749,0,110485410.192415
9.532867431640625,76.380174,2.509999990463257,-93.64574432373047,2021-07-02,0.9509580135345459,5,110485410.45275
9.532105445861816,76.351082,22.549999,-93.09638977050781,2021-07-02,0.9533230066299438,0,110485410.175887
9.531614303588867,76.37925720214844,2.4700000286102295,-93.527077,2021-07-02,0.9551389813423157,5,110485410.427952
9.530852317810059,76.350168,19.059999,-92.95166015625,2021-07-02,0.9688050150871277,0,110485410.151095
9.530435562133789,76.349864,11.90999984741211,-93.143883,2021-07-02,0.9545559883117676,0,110485410.142831
9.53001594543457,76.349559,20.489999771118164,-92.493469,2021-07-02,0.9514390230178833,0,110485410.134567
9.529203414916992,76.356148,2.5799999237060547,-93.796837,2021-07-02,0.9664549827575684,1,110485410.138699
9.529182434082031,76.34895324707031,12.880000114440918,-92.444649,2021-07-02,0.9739739894866943,0,110485410.118039
9.528764724731445,76.348646,7.489999771118164,-91.854507,2021-07-02,0.960286021232605,0,110485410.109775
9.52878475189209,76.355843,2.619999885559082,-93.860558,2021-07-02,0.9790160059928894,1,110485410.130435
9.528608322143555,76.384221,2.4700000286102295,-93.700012,2021-07-02,0.9548329710960388,6,110485410.390755
9.528347969055176,76.348341,5.239999771118164,-91.062622,2021-07-02,0.9541289806365967,0,110485410.101511
9.528367042541504,76.355538,2.619999885559082,-93.85334014892578,2021-07-02,0.9744939804077148,1,110485410.122171
9.528189659118652,76.383916,2.390000104904175,-93.600578,2021-07-02,0.9611210227012634,6,110485410.382489
9.527771949768066,76.383612,2.509999990463257,-93.57085418701172,2021-07-02,0.9832069873809814,6,110485410.374223
9.52735424041748,76.383307,3.180000066757202,-93.509193,2021-07-02,0.987309992313385,6,110485410.365959
9.527092933654785,76.347426,13.739999771118164,-91.812309,2021-07-02,0.974236011505127,0,110485410.076719
9.52711009979248,76.354623,23.969999,-97.5195541381836,2021-07-02,0.9787650108337402,1,110485410.097379
9.526936531066895,76.383003,2.4700000286102295,-93.480637,2021-07-02,0.9872589707374573,6,110485410.357695
9.526582717895508,76.360969,2.6500000953674316,-93.68119049072266,2021-07-02,0.9673119783401489,2,110485409.878383
9.526518821716309,76.382698,2.4700000286102295,-93.51961517333984,2021-07-02,0.9798240065574646,6,110485410.349431
9.526275634765625,76.354014,13.140000343322754,-93.16921997070312,2021-07-02,0.9671090245246887,1,110485410.080851
9.526101112365723,76.382394,2.390000104904175,-93.52006530761719,2021-07-02,0.9733880162239075,6,110485410.341167
9.525840759277344,76.346512,6.889999866485596,-91.94145965576172,2021-07-02,0.962680995464325,0,110485410.051927
9.525857925415039,76.353709,13.670000076293945,-93.06266021728516,2021-07-02,0.9744750261306763,1,110485410.072587
9.525683403015137,76.38208770751953,2.430000066757202,-93.4701156616211,2021-07-02,0.9748899936676025,6,110485410.332903
9.525422096252441,76.346206,14.1899995803833,-93.24053955078125,2021-07-02,0.9544299840927124,0,110485410.043663
9.525264739990234,76.381785,2.430000066757202,-93.489647,2021-07-02,0.9714480042457581,6,110485410.324639
9.525004386901855,76.345901,15.09000015258789,-91.895866,2021-07-02,0.9675740003585815,0,110485410.035399
9.52502155303955,76.353099,16.59000015258789,-93.041161,2021-07-02,0.9747390151023865,1,110485410.056059
9.52491283416748,76.359745,2.6500000953674316,-93.741051,2021-07-02,0.9517009854316711,2,110485409.845327
9.524847030639648,76.381481,2.4700000286102295,-93.555099,2021-07-02,0.9792490005493164,6,110485410.316375
9.52458667755127,76.345596,13.59000015258789,-91.981529,2021-07-02,0.9617059826850891,0,110485410.027135
9.524603843688965,76.352793,18.729999542236328,-91.759689,2021-07-02,0.9689930081367493,1,110485410.047795
9.524511337280273,76.37408447265625,2.4700000286102295,-93.63187408447266,2021-07-02,0.9529060125350952,5,110485410.287451
9.524429321289062,76.381177,2.390000104904175,-93.52711486816406,2021-07-02,0.9702919721603394,6,110485410.308111
9.524169921875,76.345291,12.850000381469727,-92.257713,2021-07-02,0.9640039801597595,0,110485410.018871
9.524102210998535,76.366339,2.7300000190734863,-93.96903991699219,2021-07-02,0.9615880250930786,3,110485409.849459
9.52401065826416,76.380872,2.390000104904175,-93.47835540771484,2021-07-02,0.9606329798698425,6,110485410.299847
9.523751258850098,76.344985,18.309999,-92.69318389892578,2021-07-02,0.9774609804153442,0,110485410.010607
9.52376937866211,76.352183,21.760000228881836,-97.374237,2021-07-02,0.979640007019043,1,110485410.031267
9.523333549499512,76.34468078613281,13.710000038146973,-92.889938,2021-07-02,0.9633110165596008,0,110485410.002343
9.522915840148926,76.344375,15.729999542236328,-92.520622,2021-07-02,0.9683480262756348,0,110485409.994079
9.522756576538086,76.379959,2.430000066757202,-93.540833,2021-07-02,0.9579290151596069,6,110485410.275055
9.522407531738281,76.35791015625,3.4000000953674316,-95.40349578857422,2021-07-02,0.9711589813232422,2,110485409.795743
9.522420883178711,76.372562,2.509999990463257,-93.58108520507812,2021-07-02,0.9514790177345276,5,110485410.246131
9.5223388671875,76.379655,2.4700000286102295,-93.467979,2021-07-02,0.9839029908180237,6,110485410.266791
9.52208137512207,76.343764,14.90999984741211,-91.47822570800781,2021-07-02,0.9586160182952881,0,110485409.977551
9.522098541259766,76.350963,13.260000228881836,-91.951714,2021-07-02,0.9691269993782043,1,110485409.998211
9.521921157836914,76.37934875488281,2.430000066757202,-93.51078033447266,2021-07-02,0.9897800087928772,6,110485410.258527
9.521663665771484,76.343459,13.140000343322754,-90.686287,2021-07-02,0.9687529802322388,0,110485409.969287
9.521681785583496,76.350657,14.609999656677246,-92.31573486328125,2021-07-02,0.9762579798698425,1,110485409.989947
9.521583557128906,76.371953,2.430000066757202,-93.554207,2021-07-02,0.9819520115852356,5,110485410.229603
9.521503448486328,76.379046,2.4700000286102295,-93.630379,2021-07-02,0.9855520129203796,6,110485410.250263
9.521245956420898,76.343153,13.260000228881836,-90.322487,2021-07-02,0.9662820100784302,0,110485409.961023
9.52126407623291,76.350352,14.9399995803833,-92.62681579589844,2021-07-02,0.9717869758605957,1,110485409.981683
9.521153450012207,76.356991,8.239999771118164,-93.598747,2021-07-02,0.9622610211372375,2,110485409.770951
9.52116584777832,76.371649,2.4700000286102295,-93.296448,2021-07-02,0.9705740213394165,5,110485410.221339
9.521084785461426,76.378741,2.390000104904175,-93.47459411621094,2021-07-02,0.9582700133323669,6,110485410.241999
9.520845413208008,76.350046,20.34000015258789,-92.2289047241211,2021-07-02,0.951915979385376,1,110485409.973419
9.52066707611084,76.378437,2.359999895095825,-93.538208,2021-07-02,0.950747013092041,6,110485410.233735
9.520428657531738,76.349741,15.579999923706055,-92.667519,2021-07-02,0.9682779908180237,1,110485409.965155
9.520410537719727,76.342542,15.020000457763672,-91.078125,2021-07-02,0.9845449924468994,0,110485409.944495
9.520249366760254,76.378133,2.430000066757202,-93.486977,2021-07-02,0.9812440276145935,6,110485410.225471
9.519993782043457,76.342237,10.40999984741211,-89.999657,2021-07-02,0.9777820110321045,0,110485409.936231
9.520009994506836,76.349435,20.190001,-92.263519,2021-07-02,0.9685540199279785,1,110485409.956891
9.519830703735352,76.377828,2.5399999618530273,-93.560471,2021-07-02,0.9873329997062683,6,110485410.217207
9.519899368286133,76.356072,17.190001,-95.69536590576172,2021-07-02,0.9726539850234985,2,110485409.746159
9.51948070526123,76.355766,15.539999961853027,-93.223572,2021-07-02,0.9640849828720093,2,110485409.737895
9.519495010375977,76.370431,2.4700000286102295,-94.746262,2021-07-02,0.9852290153503418,5,110485410.188283
9.51941204071045,76.377523,7.710000038146973,-94.527206,2021-07-02,0.9554430246353149,6,110485410.208943
9.519159317016602,76.341625,13.859999656677246,-94.1299057006836,2021-07-02,0.9641439914703369,0,110485409.919703
9.51917552947998,76.348824,17.75,-93.14213562011719,2021-07-02,0.9730550050735474,1,110485409.940363
9.51907730102539,76.370127,2.4700000286102295,-94.737228,2021-07-02,0.9706659913063049,5,110485410.180019
9.5187406539917,76.34131622314453,10.670000076293945,-90.159088,2021-07-02,0.9540969729423523,0,110485409.911439
9.518647193908691,76.355155,11.789999961853027,-93.425461,2021-07-02,0.9732509851455688,2,110485409.721367
9.518658638000488,76.369822,2.390000104904175,-94.676048,2021-07-02,0.9665690064430237,5,110485410.171755
9.518576622009277,76.37691497802734,2.4700000286102295,-94.700897,2021-07-02,0.9882389903068542,6,110485410.192415
9.51856803894043,76.384129,2.6600000858306885,-93.766281,2021-07-02,0.9552519917488098,8,110485410.613934
9.518322944641113,76.341014,14.119999885559082,-90.199562,2021-07-02,0.9708499908447266,0,110485409.903175
9.518228530883789,76.354849,12.65999984741211,-92.467346,2021-07-02,0.9635509848594666,2,110485409.713103
9.518240928649902,76.369518,2.359999895095825,-94.632118,2021-07-02,0.9776059985160828,5,110485410.163491
9.518159866333008,76.376611,2.430000066757202,-94.8633041381836,2021-07-02,0.967814028263092,6,110485410.184151
9.517926216125488,76.347908,2.390000104904175,-93.838333,2021-07-02,0.971439003944397,1,110485409.915571
9.517810821533203,76.354543,12.359999656677246,-92.849121,2021-07-02,0.9619050025939941,2,110485409.704839
9.517824172973633,76.369213,2.430000066757202,-94.773651,2021-07-02,0.9653109908103943,5,110485410.155227
9.517742156982422,76.376306,2.5399999618530273,-94.80907440185547,2021-07-02,0.9563450217247009,6,110485410.175887
9.517487525939941,76.340402,13.069999694824219,-89.485229,2021-07-02,0.9686599969863892,0,110485409.886647
9.517406463623047,76.368909,2.430000066757202,-94.6668701171875,2021-07-02,0.9806069731712341,5,110485410.146963
9.517314910888672,76.383215,2.2799999713897705,-93.701897,2021-07-02,0.9851760268211365,8,110485410.589139
9.517070770263672,76.34009552001953,13.710000038146973,-91.02882385253906,2021-07-02,0.9658799767494202,0,110485409.878383
9.516987800598145,76.368604,2.4700000286102295,-94.71419525146484,2021-07-02,0.9924769997596741,5,110485410.138699
9.516898155212402,76.3829116821289,2.319999933242798,-93.73614501953125,2021-07-02,0.9853190183639526,8,110485410.580873
9.516975402832031,76.353931,12.539999961853027,-90.142227,2021-07-02,0.9545270204544067,2,110485409.688311
9.516570091247559,76.368299,2.509999990463257,-94.780609,2021-07-02,0.9831299781799316,5,110485410.130435
9.516480445861816,76.382605,2.319999933242798,-93.744141,2021-07-02,0.9909459948539734,8,110485410.572607
9.516237258911133,76.33948516845703,6.139999866485596,-89.60906982421875,2021-07-02,0.9520140290260315,0,110485409.861855
9.516152381896973,76.367995,2.4700000286102295,-94.697021,2021-07-02,0.9626139998435974,5,110485410.122171
9.516071319580078,76.375088,2.390000104904175,-94.782799,2021-07-02,0.9591590166091919,6,110485410.142831
9.516061782836914,76.3823013305664,2.319999933242798,-93.70940399169922,2021-07-02,0.9816579818725586,8,110485410.564341
9.515817642211914,76.339179,13.069999694824219,-89.852669,2021-07-02,0.956475019454956,0,110485409.853591
9.515734672546387,76.36769104003906,2.4700000286102295,-94.71712493896484,2021-07-02,0.9873219728469849,5,110485410.113907
9.515645027160645,76.381995,2.9600000381469727,-95.007317,2021-07-02,0.9601079821586609,8,110485410.556075
9.515399932861328,76.338873,13.329999923706055,-89.18944549560547,2021-07-02,0.9824450016021729,0,110485409.845327
9.51533317565918,76.359915,2.619999885559082,-94.791023,2021-07-02,0.9527069926261902,3,110485409.675915
9.5153169631958,76.367385,2.4700000286102295,-94.769371,2021-07-02,0.9741349816322327,5,110485410.105643
9.514886856079102,76.352403,15.579999923706055,-92.08787536621094,2021-07-02,0.9896640181541443,2,110485409.646991
9.514899253845215,76.367081,2.430000066757202,-94.666054,2021-07-02,0.9796040058135986,5,110485410.097379
9.5145845413208,76.345461,9.850000381469727,-93.421692,2021-07-02,0.9610080122947693,1,110485409.849459
9.514481544494629,76.36677551269531,2.4700000286102295,-94.838463,2021-07-02,0.9606980085372925,5,110485410.089115
9.514398574829102,76.373869,2.430000066757202,-94.6679458618164,2021-07-02,0.9799820184707642,6,110485410.109775
9.514392852783203,76.381081,2.319999933242798,-95.156326,2021-07-02,0.9802910089492798,8,110485410.531277
9.514167785644531,76.345155,5.429999828338623,-92.165558,2021-07-02,0.9509779810905457,1,110485409.841195
9.514052391052246,76.351792,16.290001,-93.13665008544922,2021-07-02,0.970329999923706,2,110485409.630463
9.514077186584473,76.358996,15.649999618530273,-94.20294952392578,2021-07-02,0.985722005367279,3,110485409.651123
9.513981819152832,76.373564,2.430000066757202,-94.65983581542969,2021-07-02,0.9760839939117432,6,110485410.101511
9.513975143432617,76.380776,2.359999895095825,-95.185257,2021-07-02,0.9788280129432678,8,110485410.523011
9.513749122619629,76.344849,12.880000114440918,-92.5277099609375,2021-07-02,0.9646300077438354,1,110485409.832931
9.513632774353027,76.351486,24.56999969482422,-99.390648,2021-07-02,0.9823079705238342,2,110485409.622199
9.513660430908203,76.358691,13.109999656677246,-93.359337,2021-07-02,0.9771869778633118,3,110485409.642859
9.513564109802246,76.37326049804688,2.4700000286102295,-94.743988,2021-07-02,0.9703940153121948,6,110485410.093247
9.513558387756348,76.380471,2.240000009536743,-95.0389404296875,2021-07-02,0.9680290222167969,8,110485410.514745
9.513311386108398,76.337343,18.43000030517578,-90.331413,2021-07-02,0.9588080048561096,0,110485409.804007
9.513331413269043,76.344543,13.520000457763672,-91.75117492675781,2021-07-02,0.9694830179214478,1,110485409.824667
9.513216972351074,76.351181,15.09000015258789,-93.02920532226562,2021-07-02,0.9688349962234497,2,110485409.613935
9.513242721557617,76.358386,8.90999984741211,-93.292198,2021-07-02,0.9726200103759766,3,110485409.634595
9.51314640045166,76.37295532226562,2.509999990463257,-94.695198,2021-07-02,0.9713770151138306,6,110485410.084983
9.513140678405762,76.380167,2.240000009536743,-95.127777,2021-07-02,0.9635570049285889,8,110485410.506479
9.512799263000488,76.350875,21.649999618530273,-99.301353,2021-07-02,0.9724329710006714,2,110485409.605671
9.512824058532715,76.35807800292969,13.180000305175781,-93.044838,2021-07-02,0.9658520221710205,3,110485409.626331
9.512810707092285,76.365556,2.4700000286102295,-94.97465515136719,2021-07-02,0.9511600136756897,5,110485410.056059
9.512728691101074,76.37265014648438,2.4700000286102295,-94.68605041503906,2021-07-02,0.9756219983100891,6,110485410.076719
9.512722969055176,76.379862,2.240000009536743,-95.128098,2021-07-02,0.963932991027832,8,110485410.498213
9.51247787475586,76.336732,8.460000038146973,-90.417686,2021-07-02,0.9623839855194092,0,110485409.787479
9.512495040893555,76.343931,17.600000381469727,-91.474281,2021-07-02,0.9678959846496582,1,110485409.808139
9.5123929977417,76.365251,2.430000066757202,-94.90327453613281,2021-07-02,0.9554049968719482,5,110485410.047795
9.512310981750488,76.37234497070312,2.4700000286102295,-94.65472412109375,2021-07-02,0.9844580292701721,6,110485410.068455
9.512306213378906,76.379557,2.430000066757202,-95.141281,2021-07-02,0.9680489897727966,8,110485410.489947
9.511963844299316,76.350265,15.470000267028809,-93.122719,2021-07-02,0.9615039825439453,2,110485409.58914
9.511988639831543,76.357469,12.65999984741211,-93.187073,2021-07-02,0.9648150205612183,3,110485409.609803
9.511893272399902,76.37203979492188,2.690000057220459,-94.677971,2021-07-02,0.9876769781112671,6,110485410.060191
9.511887550354004,76.379252,2.2799999713897705,-95.1163101196289,2021-07-02,0.9817550182342529,8,110485410.481681
9.511571884155273,76.357163,12.279999732971191,-93.53812408447266,2021-07-02,0.9565200209617615,3,110485409.601538
9.511470794677734,76.378948,2.240000009536743,-95.07917022705078,2021-07-02,0.9727759957313538,8,110485410.473415
9.51154613494873,76.349959,13.930000305175781,-92.20689392089844,2021-07-02,0.9876360297203064,2,110485409.580874
9.511475563049316,76.37173461914062,2.509999990463257,-94.690514,2021-07-02,0.9913179874420166,6,110485410.051927
9.51124382019043,76.343014,8.6899995803833,-91.351837,2021-07-02,0.9619179964065552,1,110485409.783347
9.511128425598145,76.349654,13.289999961853027,-91.96150970458984,2021-07-02,0.9625920057296753,2,110485409.572608
9.511139869689941,76.364336,2.430000066757202,-94.74142456054688,2021-07-02,0.9652280211448669,5,110485410.023003
9.51105785369873,76.37142944335938,2.4700000286102295,-94.67969512939453,2021-07-02,0.9828330278396606,6,110485410.043663
9.511053085327148,76.378643,2.2799999713897705,-95.085831,2021-07-02,0.9560679793357849,8,110485410.465149
9.510641098022461,76.371125,2.430000066757202,-94.61054992675781,2021-07-02,0.9843599796295166,6,110485410.035399
9.510636329650879,76.378338,2.2100000381469727,-95.094559,2021-07-02,0.9524639844894409,8,110485410.456883
9.510405540466309,76.342401,18.280001,-91.484047,2021-07-02,0.9704989790916443,1,110485409.766819
9.510293006896973,76.349044,13.779999732971191,-92.306717,2021-07-02,0.971176028251648,2,110485409.556075
9.510305404663086,76.363726,2.430000066757202,-94.834427,2021-07-02,0.9626860022544861,5,110485410.006475
9.510220527648926,76.370819,10.520000457763672,-94.680931,2021-07-02,0.9800689816474915,6,110485410.027135
9.510217666625977,76.378034,2.359999895095825,-95.10585021972656,2021-07-02,0.960174024105072,8,110485410.448617
9.509989738464355,76.342096,12.65999984741211,-89.842079,2021-07-02,0.9855009913444519,1,110485409.758555
9.50980281829834,76.370513,18.31999969482422,-93.78889465332031,2021-07-02,0.9637280106544495,6,110485410.018871
9.509800910949707,76.377729,2.240000009536743,-95.089432,2021-07-02,0.9603180289268494,8,110485410.440351
9.50957202911377,76.34178924560547,12.960000038146973,-89.751038,2021-07-02,0.9797919988632202,1,110485409.750291
9.50938606262207,76.370208,12.770000457763672,-92.989754,2021-07-02,0.9816100001335144,6,110485410.010607
9.509383201599121,76.377424,2.2799999713897705,-95.0785903930664,2021-07-02,0.9641720056533813,8,110485410.432085
9.50907039642334,76.384277,5.5,-95.03931427001953,2021-07-02,0.9692530035972595,11,110485410.444484
9.509039878845215,76.348128,12.770000457763672,-92.72628021240234,2021-07-02,0.9624080061912537,2,110485409.531277
9.509065628051758,76.355332,12.239999771118164,-94.23641967773438,2021-07-02,0.9726799726486206,3,110485409.551942
9.508964538574219,76.37712097167969,2.2100000381469727,-95.044609,2021-07-02,0.9635059833526611,8,110485410.423819
9.50854778289795,76.376815,2.2100000381469727,-95.02804565429688,2021-07-02,0.9541540145874023,8,110485410.415553
9.508650779724121,76.383971,15.390000343322754,-93.750053,2021-07-02,0.9852409958839417,11,110485410.436218
9.508622169494629,76.347823,14.270000457763672,-91.655052,2021-07-02,0.9543240070343018,2,110485409.523012
9.508550643920898,76.369598,9.850000381469727,-93.774109,2021-07-02,0.9806119799613953,6,110485409.994079
9.508319854736328,76.340873,7.789999961853027,-91.326912,2021-07-02,0.9526259899139404,1,110485409.725499
9.508204460144043,76.347518,17.559999,-91.988899,2021-07-02,0.9728760123252869,2,110485409.514746
9.508133888244629,76.369292,10.859999656677246,-93.2178955078125,2021-07-02,0.9722650051116943,6,110485409.985815
9.508130073547363,76.37651062011719,2.2799999713897705,-95.055893,2021-07-02,0.9697510004043579,8,110485410.407287
9.507902145385742,76.340566,10.109999656677246,-90.402298,2021-07-02,0.9542679786682129,1,110485409.717235
9.507718086242676,76.368988,2.5399999618530273,-94.409668,2021-07-02,0.962348997592926,6,110485409.977551
9.507712364196777,76.376206,2.2799999713897705,-95.096878,2021-07-02,0.9606770277023315,8,110485410.399021
9.507817268371582,76.383363,2.430000066757202,-93.752296,2021-07-02,0.971655011177063,11,110485410.419686
9.507399559020996,76.383058,2.2799999713897705,-93.73291015625,2021-07-02,0.9886869788169861,11,110485410.41142
9.507482528686523,76.34026336669922,15.390000343322754,-90.370171,2021-07-02,0.9694210290908813,1,110485409.708971
9.507369995117188,76.346909,8.420000076293945,-92.56756591796875,2021-07-02,0.9542490243911743,2,110485409.498213
9.5073823928833,76.361588,2.430000066757202,-94.871147,2021-07-02,0.9562900066375732,5,110485409.948627
9.507293701171875,76.375901,2.2799999713897705,-95.00371551513672,2021-07-02,0.9809719920158386,8,110485410.390755
9.50698184967041,76.382754,2.319999933242798,-93.718513,2021-07-02,0.9850490093231201,11,110485410.403154
9.506964683532715,76.361282,2.430000066757202,-94.88726043701172,2021-07-02,0.9599969983100891,5,110485409.940363
9.506876945495605,76.375597,2.2799999713897705,-95.052872,2021-07-02,0.9863100051879883,8,110485410.382489
9.506649017333984,76.339649,10.670000076293945,-90.251518,2021-07-02,0.9553819894790649,1,110485409.692443
9.506564140319824,76.382449,2.319999933242798,-93.70399475097656,2021-07-02,0.9794009923934937,11,110485410.394888
9.506546974182129,76.360976,2.319999933242798,-94.966454,2021-07-02,0.9502900242805481,5,110485409.932099
9.506464958190918,76.368072,2.4700000286102295,-94.449898,2021-07-02,0.9521639943122864,6,110485409.952759
9.50645923614502,76.375292,2.319999933242798,-95.086159,2021-07-02,0.9611639976501465,8,110485410.374223
9.506230354309082,76.339343,16.520000457763672,-91.74187469482422,2021-07-02,0.9505820274353027,1,110485409.684179
9.506144523620605,76.382144,10.0,-93.780212,2021-07-02,0.9772390127182007,11,110485410.386622
9.506040573120117,76.374988,2.2799999713897705,-95.0087661743164,2021-07-02,0.9666000008583069,8,110485410.365959
9.505722999572754,76.352891,11.489999771118164,-90.678658,2021-07-02,0.9588930010795593,3,110485409.485814
9.505622863769531,76.374683,2.240000009536743,-95.006081,2021-07-02,0.9661509990692139,8,110485410.357695
9.505697250366211,76.345687,18.09000015258789,-90.950508,2021-07-02,0.9566370248794556,2,110485409.46515
9.505629539489746,76.36746215820312,2.390000104904175,-94.450569,2021-07-02,0.961821973323822,6,110485409.936231
9.505393981933594,76.338731,19.030001,-91.35396575927734,2021-07-02,0.9530630111694336,1,110485409.667651
9.505205154418945,76.374379,2.2799999713897705,-95.041259765625,2021-07-02,0.963316023349762,8,110485410.349431
9.505311012268066,76.381536,2.359999895095825,-94.984749,2021-07-02,0.9669920206069946,11,110485410.370091
9.504976272583008,76.338426,21.459999,-91.51073455810547,2021-07-02,0.9639229774475098,1,110485409.659387
9.504890441894531,76.352282,3.890000104904175,-93.234573,2021-07-02,0.9769530296325684,3,110485409.469282
9.50478744506836,76.374075,2.319999933242798,-95.11404418945312,2021-07-02,0.964044988155365,8,110485410.341167
9.50489330291748,76.381231,2.359999895095825,-95.16753387451172,2021-07-02,0.9744560122489929,11,110485410.361827
9.504472732543945,76.380925,16.06999969482422,-95.110352,2021-07-02,0.9611049890518188,11,110485410.353563
9.50444507598877,76.344773,15.770000457763672,-96.021347,2021-07-02,0.9832990169525146,2,110485409.440352
9.504460334777832,76.359448,2.390000104904175,-94.99679565429688,2021-07-02,0.9677600264549255,5,110485409.890779
9.504368782043457,76.37377166748047,2.240000009536743,-95.041489,2021-07-02,0.9630709886550903,8,110485410.332903
9.504055976867676,76.380621,7.300000190734863,-94.961037,2021-07-02,0.9906420111656189,11,110485410.345299
9.504053115844727,76.351671,10.0,-93.278198,2021-07-02,0.9508470296859741,3,110485409.452751
9.503959655761719,76.366238,2.509999990463257,-94.44659423828125,2021-07-02,0.9591569900512695,6,110485409.903175
9.503951072692871,76.373466,2.430000066757202,-95.04615020751953,2021-07-02,0.9641270041465759,8,110485410.324639
9.503607749938965,76.344163,15.319999694824219,-90.12998962402344,2021-07-02,0.9503419995307922,2,110485409.423819
9.50363540649414,76.351366,12.579999923706055,-92.70872497558594,2021-07-02,0.9845110177993774,3,110485409.444485
9.503540992736816,76.36592864990234,11.949999809265137,-92.69694519042969,2021-07-02,0.9849209785461426,6,110485409.894911
9.503532409667969,76.37316131591797,10.260000228881836,-94.717216,2021-07-02,0.9846169948577881,8,110485410.316375
9.503216743469238,76.351061,12.430000305175781,-93.406609,2021-07-02,0.977524995803833,3,110485409.436219
9.503219604492188,76.380012,13.369999885559082,-94.859932,2021-07-02,0.9866210222244263,11,110485410.328771
9.503114700317383,76.37285614013672,9.140000343322754,-94.186523,2021-07-02,0.954928994178772,8,110485410.308111
9.502704620361328,76.365319,13.739999771118164,-94.386208,2021-07-02,0.984138011932373,6,110485409.878383
9.502774238586426,76.343554,6.400000095367432,-88.910294,2021-07-02,0.9561640024185181,2,110485409.407287
9.502355575561523,76.343249,10.0,-90.143387,2021-07-02,0.9722719788551331,2,110485409.399022
9.502382278442383,76.350451,9.8100004196167,-92.79867553710938,2021-07-02,0.9707580208778381,3,110485409.419686
9.502385139465332,76.379404,5.239999771118164,-94.132637,2021-07-02,0.9699419736862183,11,110485410.312243
9.50196361541748,76.350147,8.720000267028809,-93.16481018066406,2021-07-02,0.9832959771156311,3,110485409.41142
9.501952171325684,76.357611,13.109999656677246,-93.223801,2021-07-02,0.9572340250015259,5,110485409.841195
9.501521110534668,76.342639,5.159999847412109,-90.51227569580078,2021-07-02,0.9765369892120361,2,110485409.38249
9.50153636932373,76.357306,3.0999999046325684,-93.038391,2021-07-02,0.9785400032997131,5,110485409.832931
9.501442909240723,76.371639,2.319999933242798,-94.308983,2021-07-02,0.9889580011367798,8,110485410.275055
9.501116752624512,76.356999,13.329999923706055,-92.935768,2021-07-02,0.9591209888458252,5,110485409.824667
9.501025199890137,76.371335,2.319999933242798,-94.2660903930664,2021-07-02,0.9817889928817749,8,110485410.266791
9.500701904296875,76.356695,2.4700000286102295,-93.5151596069336,2021-07-02,0.9764639735221863,5,110485409.816403
9.500707626342773,76.34922790527344,21.610001,-94.037621,2021-07-02,0.9604939818382263,3,110485409.386623
9.500606536865234,76.371031,2.319999933242798,-94.23772430419922,2021-07-02,0.9898980259895325,8,110485410.258527
9.500284194946289,76.356389,2.430000066757202,-93.551079,2021-07-02,0.9715350270271301,5,110485409.808139
9.50029468536377,76.377883,4.869999885559082,-94.472069,2021-07-02,0.9706379771232605,11,110485410.270923
9.499865531921387,76.356083,2.430000066757202,-93.47332000732422,2021-07-02,0.9694579839706421,5,110485409.799875
9.49978256225586,76.363178,11.460000038146973,-94.79381561279297,2021-07-02,0.9512580037117004,6,110485409.820535
9.499771118164062,76.370422,2.319999933242798,-94.2698745727539,2021-07-02,0.9882379770278931,8,110485410.241999
9.499528884887695,76.327258,17.079999923706055,-90.52315521240234,2021-07-02,0.9589999914169312,0,110485409.531277
9.499427795410156,76.341113,18.610001,-90.183228,2021-07-02,0.9568520188331604,2,110485409.341167
9.499455451965332,76.348316,16.059999,-92.0163803100586,2021-07-02,0.965444028377533,3,110485409.361827
9.499448776245117,76.355777,2.430000066757202,-93.52264404296875,2021-07-02,0.9671930074691772,5,110485409.791611
9.499459266662598,76.377274,5.239999771118164,-93.906242,2021-07-02,0.9738709926605225,11,110485410.254395
9.499011039733887,76.340809,13.140000343322754,-90.597321,2021-07-02,0.9653570055961609,2,110485409.332904
9.49903678894043,76.348011,13.520000457763672,-91.995712,2021-07-02,0.9899029731750488,3,110485409.353564
9.499031066894531,76.355471,2.430000066757202,-93.480789,2021-07-02,0.9654819965362549,5,110485409.783347
9.49862289428711,76.376666,2.4700000286102295,-93.89179992675781,2021-07-02,0.9799900054931641,11,110485410.237867
9.498594284057617,76.340504,9.210000038146973,-90.651947,2021-07-02,0.9743520021438599,2,110485409.324639
9.498619079589844,76.347706,14.449999809265137,-92.551918,2021-07-02,0.9696750044822693,3,110485409.345299
9.498614311218262,76.355165,2.430000066757202,-93.449654,2021-07-02,0.9846109747886658,5,110485409.775083
9.498517036437988,76.369509,2.2799999713897705,-94.204147,2021-07-02,0.9918839931488037,8,110485410.217207
9.498174667358398,76.340199,14.270000457763672,-92.156219,2021-07-02,0.9564149975776672,2,110485409.316375
9.49819564819336,76.354859,2.4700000286102295,-93.6285400390625,2021-07-02,0.9724599719047546,5,110485409.766819
9.498099327087402,76.369205,2.240000009536743,-94.181938,2021-07-02,0.9869400262832642,8,110485410.208943
9.497787475585938,76.376057,2.319999933242798,-93.677719,2021-07-02,0.9819499850273132,11,110485410.221339
9.497782707214355,76.347096,15.770000457763672,-92.129959,2021-07-02,0.9727050065994263,3,110485409.328772
9.497694969177246,76.361648,9.890000343322754,-93.160454,2021-07-02,0.9578409790992737,6,110485409.779215
9.4976806640625,76.368896484375,2.319999933242798,-94.261131,2021-07-02,0.9567790031433105,8,110485410.200679
9.497364044189453,76.34678649902344,19.510000228881836,-91.960953,2021-07-02,0.9740949869155884,3,110485409.320507
9.49726390838623,76.368596,2.240000009536743,-94.24979400634766,2021-07-02,0.9724360108375549,8,110485410.192415
9.497368812561035,76.375752,2.319999933242798,-93.736031,2021-07-02,0.9804329872131348,11,110485410.213075
9.49734115600586,76.339589,8.050000190734863,-91.593361,2021-07-02,0.9628919959068298,2,110485409.299847
9.4969482421875,76.346486,9.699999809265137,-91.196411,2021-07-02,0.9794269800186157,3,110485409.312244
9.496943473815918,76.353942,2.430000066757202,-95.028008,2021-07-02,0.9643599987030029,5,110485409.742027
9.496846199035645,76.368291,2.240000009536743,-94.230224609375,2021-07-02,0.9745190143585205,8,110485410.184151
9.49695110321045,76.375448,2.359999895095825,-93.710938,2021-07-02,0.9750819802284241,11,110485410.204811
9.496604919433594,76.325123,16.25,-89.624992,2021-07-02,0.9643179774284363,0,110485409.473415
9.496528625488281,76.34618377685547,17.149999618530273,-91.984749,2021-07-02,0.9773179888725281,3,110485409.30398
9.496443748474121,76.360731,2.4700000286102295,-93.486877,2021-07-02,0.9801200032234192,6,110485409.754423
9.496427536010742,76.367987,2.240000009536743,-94.35734558105469,2021-07-02,0.965034008026123,8,110485410.175887
9.496533393859863,76.375144,2.2799999713897705,-93.792519,2021-07-02,0.9712070226669312,11,110485410.196547
9.496114730834961,76.374839,2.2799999713897705,-93.706619,2021-07-02,0.9647219777107239,11,110485410.188283
9.496085166931152,76.338673,15.800000190734863,-92.4211654663086,2021-07-02,0.9684540033340454,2,110485409.275055
9.496025085449219,76.360425,9.920000076293945,-93.7619857788086,2021-07-02,0.95066899061203,6,110485409.746159
9.495697975158691,76.3745346069336,2.2799999713897705,-93.71961975097656,2021-07-02,0.9588850140571594,11,110485410.180019
9.495280265808105,76.37422943115234,2.390000104904175,-93.721764,2021-07-02,0.9671400189399719,11,110485410.171755
9.49527359008789,76.345264,23.559999,-92.919289,2021-07-02,0.9848859906196594,3,110485409.279188
9.494860649108887,76.3739242553711,11.420000076293945,-93.655258,2021-07-02,0.9749670028686523,11,110485410.163491
9.494858741760254,76.344961,7.489999771118164,-90.50049591064453,2021-07-02,0.9684380292892456,3,110485409.270923
9.494440078735352,76.344655,14.270000457763672,-91.300369,2021-07-02,0.9524229764938354,3,110485409.26266
9.494438171386719,76.352107,2.4700000286102295,-95.192596,2021-07-02,0.9683470129966736,5,110485409.692443
9.494338035583496,76.366464,6.360000133514404,-93.882683,2021-07-02,0.9580540060997009,8,110485410.134567
9.494023323059082,76.34435272216797,8.90999984741211,-90.544022,2021-07-02,0.9714229702949524,3,110485409.254395
9.4940185546875,76.35179901123047,7.829999923706055,-95.0473403930664,2021-07-02,0.9672530293464661,5,110485409.684179
9.49392032623291,76.366159,7.900000095367432,-93.445763,2021-07-02,0.9555429816246033,8,110485410.126303
9.493605613708496,76.344045,6.099999904632568,-90.755997,2021-07-02,0.9703320264816284,3,110485409.246131
9.49319076538086,76.372708,2.2799999713897705,-94.250732,2021-07-02,0.9884300231933594,11,110485410.130435
9.493183135986328,76.351189,12.399999618530273,-93.802719,2021-07-02,0.9592440128326416,5,110485409.667651
9.49310302734375,76.358285,2.509999990463257,-95.091721,2021-07-02,0.9721959829330444,6,110485409.688311
9.492773056030273,76.372403,2.359999895095825,-94.367279,2021-07-02,0.9803990125656128,11,110485410.122171
9.492768287658691,76.343432,18.84000015258789,-91.26227569580078,2021-07-02,0.966168999671936,3,110485409.229603
9.492767333984375,76.350884,2.5799999237060547,-94.620003,2021-07-02,0.9602050185203552,5,110485409.659387
9.492685317993164,76.357979,2.619999885559082,-94.999321,2021-07-02,0.9576650261878967,6,110485409.680047
9.492666244506836,76.365245,11.270000457763672,-93.04745483398438,2021-07-02,0.9686449766159058,8,110485410.101511
9.492355346679688,76.372098,2.319999933242798,-94.281433,2021-07-02,0.9762830138206482,11,110485410.113907
9.492353439331055,76.343128,6.510000228881836,-88.879219,2021-07-02,0.966884970664978,3,110485409.221339
9.492348670959473,76.350579,2.5799999237060547,-95.022057,2021-07-02,0.9667530059814453,5,110485409.651123
9.492265701293945,76.357672,10.899999618530273,-93.519753,2021-07-02,0.9640290141105652,6,110485409.671783
9.492247581481934,76.364939,15.729999542236328,-93.26296997070312,2021-07-02,0.9869059920310974,8,110485410.093247
9.491931915283203,76.350273,2.5799999237060547,-95.04375457763672,2021-07-02,0.9588969945907593,5,110485409.642859
9.491937637329102,76.371794,2.319999933242798,-94.24515533447266,2021-07-02,0.9729139804840088,11,110485410.105643
9.491933822631836,76.342822,10.149999618530273,-89.09402465820312,2021-07-02,0.9630020260810852,3,110485409.213076
9.49184799194336,76.357366,15.210000038146973,-93.356071,2021-07-02,0.97011798620224,6,110485409.663519
9.491829872131348,76.364635,16.559999,-93.745621,2021-07-02,0.9836900234222412,8,110485410.084983
9.491514205932617,76.349967,2.430000066757202,-94.7407455444336,2021-07-02,0.9637730121612549,5,110485409.634595
9.491430282592773,76.357061,14.34000015258789,-93.275742,2021-07-02,0.9738649725914001,6,110485409.655255
9.491414070129395,76.364331,9.359999656677246,-94.55530548095703,2021-07-02,0.9731979966163635,8,110485410.076719
9.490995407104492,76.364025,13.220000267028809,-94.669029,2021-07-02,0.9705910086631775,8,110485410.068455
9.490682601928711,76.341905,10.819999694824219,-93.04957580566406,2021-07-02,0.9694340229034424,3,110485409.188284
9.490677833557129,76.349356,6.25,-93.249619,2021-07-02,0.9628229737281799,5,110485409.618067
9.49057674407959,76.36372375488281,15.960000038146973,-94.599861,2021-07-02,0.9699779748916626,8,110485410.060191
9.490262985229492,76.341598,19.31999969482422,-91.99530029296875,2021-07-02,0.9601529836654663,3,110485409.180019
9.490259170532227,76.34905242919922,10.149999618530273,-93.31863403320312,2021-07-02,0.9880880117416382,5,110485409.609803
9.49015998840332,76.363416,14.5,-93.374748,2021-07-02,0.9810889959335327,8,110485410.051927
9.489849090576172,76.37026977539062,2.359999895095825,-94.263321,2021-07-02,0.9795709848403931,11,110485410.064323
9.489842414855957,76.348745,9.739999771118164,-93.047211,2021-07-02,0.962153971195221,5,110485409.601538
9.48974323272705,76.363111,11.979999542236328,-93.4825439453125,2021-07-02,0.951541006565094,8,110485410.043663
9.489429473876953,76.340986,18.350000381469727,-91.246933,2021-07-02,0.9666330218315125,3,110485409.163492
9.489423751831055,76.348439,13.630000114440918,-93.219612,2021-07-02,0.9570670127868652,5,110485409.593272
9.489325523376465,76.362807,2.319999933242798,-94.81678009033203,2021-07-02,0.9736279845237732,8,110485410.035399
9.489006042480469,76.348134,11.350000381469727,-93.104607,2021-07-02,0.9613890051841736,5,110485409.585006
9.489013671875,76.36965942382812,2.390000104904175,-94.328743,2021-07-02,0.9874899983406067,11,110485410.047795
9.488908767700195,76.362502,2.2799999713897705,-94.797234,2021-07-02,0.9583439826965332,8,110485410.027135
9.4885892868042,76.347829,7.489999771118164,-93.05089569091797,2021-07-02,0.9851300120353699,5,110485409.57674
9.488595962524414,76.369355,2.319999933242798,-94.19915008544922,2021-07-02,0.9902089834213257,11,110485410.039531
9.488170623779297,76.347523,9.470000267028809,-93.14328002929688,2021-07-02,0.9876350164413452,5,110485409.568474
9.488073348999023,76.361891,4.269999980926514,-94.67444610595703,2021-07-02,0.959168016910553,8,110485410.010607
9.487760543823242,76.339762,14.680000305175781,-89.645653,2021-07-02,0.9587439894676208,3,110485409.130435
9.487752914428711,76.347218,10.109999656677246,-93.32225036621094,2021-07-02,0.9742529988288879,5,110485409.560208
9.487672805786133,76.354313,4.789999961853027,-94.58594512939453,2021-07-02,0.9582020044326782,6,110485409.580873
9.487335205078125,76.346912,15.210000038146973,-93.355293,2021-07-02,0.9811620116233826,5,110485409.551942
9.487236976623535,76.36128234863281,14.079999923706055,-94.66067504882812,2021-07-02,0.9720280170440674,8,110485409.994079
9.486927032470703,76.339149,11.380000114440918,-89.721008,2021-07-02,0.9538260102272034,3,110485409.113908
9.486916542053223,76.346607,12.880000114440918,-93.413857,2021-07-02,0.9627130031585693,5,110485409.543676
9.48681926727295,76.360975,14.5,-94.625328,2021-07-02,0.9721320271492004,8,110485409.985815
9.486498832702637,76.346302,24.270000457763672,-101.02420043945312,2021-07-02,0.9901750087738037,5,110485409.53541
9.48609447479248,76.338537,9.470000267028809,-89.944557,2021-07-02,0.9604139924049377,3,110485409.09738
9.486083030700684,76.345997,9.890000343322754,-92.726601,2021-07-02,0.9841129779815674,5,110485409.527144
9.486089706420898,76.367523,11.239999771118164,-94.089249,2021-07-02,0.9662780165672302,11,110485409.989947
9.485664367675781,76.345692,12.65999984741211,-92.183647,2021-07-02,0.9823480248451233,5,110485409.518878
9.485246658325195,76.345387,10.109999656677246,-91.287216,2021-07-02,0.9564319849014282,5,110485409.510612
9.484827995300293,76.345081,15.210000038146973,-90.287971,2021-07-02,0.9854270219802856,5,110485409.502346
9.484332084655762,76.351872,2.430000066757202,-94.44478607177734,2021-07-02,0.9558960199356079,6,110485409.514745
9.483912467956543,76.351565,14.609999656677246,-94.025581,2021-07-02,0.9807959794998169,6,110485409.506479
9.483898162841797,76.358837,2.2799999713897705,-94.760757,2021-07-02,0.9580259919166565,8,110485409.927967
9.483575820922852,76.344167,5.130000114440918,-87.56468963623047,2021-07-02,0.9566270112991333,5,110485409.477548
9.483495712280273,76.351261,2.990000009536743,-93.959717,2021-07-02,0.9692819714546204,6,110485409.498213
9.483158111572266,76.343862,13.069999694824219,-90.298843,2021-07-02,0.9742699861526489,5,110485409.469282
9.483061790466309,76.358225,8.84000015258789,-94.78223419189453,2021-07-02,0.9852570295333862,8,110485409.911439
9.483077049255371,76.350956,9.59000015258789,-93.126228,2021-07-02,0.9581760168075562,6,110485409.489947
9.48274040222168,76.343557,10.600000381469727,-90.41942596435547,2021-07-02,0.9726970195770264,5,110485409.461016
9.482659339904785,76.35064697265625,13.520000457763672,-93.645988,2021-07-02,0.9569249749183655,6,110485409.481681
9.482645034790039,76.35791778564453,2.2799999713897705,-94.824501,2021-07-02,0.9654279947280884,8,110485409.903175
9.482240676879883,76.350345,17.790001,-93.045212,2021-07-02,0.959837019443512,6,110485409.473415
9.481903076171875,76.342946,17.639999,-90.5378646850586,2021-07-02,0.9528610110282898,5,110485409.444484
9.481809616088867,76.357309,2.2799999713897705,-94.783913,2021-07-02,0.9784650206565857,8,110485409.886647
9.481486320495605,76.342642,15.130000114440918,-90.450859,2021-07-02,0.9555919766426086,5,110485409.436218
9.481406211853027,76.349736,9.960000038146973,-92.893188,2021-07-02,0.9801220297813416,6,110485409.456883
9.481392860412598,76.357003,2.319999933242798,-94.790443,2021-07-02,0.97564697265625,8,110485409.878383
9.481067657470703,76.342337,16.59000015258789,-89.84696960449219,2021-07-02,0.984574019908905,5,110485409.427952
9.480986595153809,76.34942626953125,17.079999923706055,-92.602829,2021-07-02,0.9767860174179077,6,110485409.448617
9.480975151062012,76.356697,2.319999933242798,-94.867569,2021-07-02,0.9531239867210388,8,110485409.870119
9.480649948120117,76.342032,15.510000228881836,-89.736847,2021-07-02,0.9820119738578796,5,110485409.419686
9.480569839477539,76.349125,11.380000114440918,-93.00736999511719,2021-07-02,0.9529860019683838,6,110485409.440351
9.480558395385742,76.356391,2.2799999713897705,-94.846451,2021-07-02,0.9625309705734253,8,110485409.861855
9.480232238769531,76.341727,13.970000267028809,-89.67547607421875,2021-07-02,0.9844120144844055,5,110485409.41142
9.480243682861328,76.363244,16.06999969482422,-94.493156,2021-07-02,0.9755129814147949,11,110485409.874251
9.480152130126953,76.34882354736328,14.039999961853027,-92.14545440673828,2021-07-02,0.9760749936103821,6,110485409.432085
9.479841232299805,76.333936,12.920000076293945,-89.950302,2021-07-02,0.9536749720573425,3,110485408.97342
9.47972297668457,76.355779,2.2799999713897705,-94.790749,2021-07-02,0.967274010181427,8,110485409.845327
9.479826927185059,76.362939,9.289999961853027,-94.69688415527344,2021-07-02,0.9707739949226379,11,110485409.865987
9.479424476623535,76.333629,13.260000228881836,-89.809052,2021-07-02,0.9785559773445129,3,110485408.965155
9.479395866394043,76.341117,16.889999,-90.15929412841797,2021-07-02,0.9777989983558655,5,110485409.394888
9.479305267333984,76.355474,2.319999933242798,-94.714798,2021-07-02,0.9843819737434387,8,110485409.837063
9.479410171508789,76.362634,2.359999895095825,-94.780197,2021-07-02,0.9670550227165222,11,110485409.857723
9.47899341583252,76.362328,2.359999895095825,-94.793678,2021-07-02,0.9775260090827942,11,110485409.849459
9.478978157043457,76.340812,17.379999,-90.519829,2021-07-02,0.957198977470398,5,110485409.386622
9.478898048400879,76.347905,16.700001,-91.46622467041016,2021-07-02,0.9784119725227356,6,110485409.407287
9.478887557983398,76.355168,2.319999933242798,-94.699532,2021-07-02,0.9692549705505371,8,110485409.828799
9.478574752807617,76.362022,2.359999895095825,-94.90935516357422,2021-07-02,0.9643170237541199,11,110485409.841195
9.478663444519043,76.319196,2.5399999618530273,-94.582848,2021-07-02,0.9506610035896301,1,110485409.1387
9.478591918945312,76.333017,5.429999828338623,-91.913391,2021-07-02,0.9602670073509216,3,110485408.948628
9.478561401367188,76.340508,11.010000228881836,-90.41691589355469,2021-07-02,0.9568349719047546,5,110485409.378356
9.478468894958496,76.354861,11.15999984741211,-94.409286,2021-07-02,0.9712100028991699,8,110485409.820535
9.478157997131348,76.361716,2.2799999713897705,-94.841072,2021-07-02,0.9640070199966431,11,110485409.832931
9.478174209594727,76.332709,9.880000114440918,-91.609192,2021-07-02,0.9827939867973328,3,110485408.940363
9.478141784667969,76.340202,15.09000015258789,-90.380211,2021-07-02,0.9749420285224915,5,110485409.370091
9.478062629699707,76.347296,8.3100004196167,-88.370537,2021-07-02,0.9500439763069153,6,110485409.390755
9.47805118560791,76.354555,12.960000038146973,-94.41967010498047,2021-07-02,0.9669470191001892,8,110485409.812271
9.477757453918457,76.332403,9.319999694824219,-90.391434,2021-07-02,0.9510260224342346,3,110485408.9321
9.477739334106445,76.361409,9.399999618530273,-94.69520568847656,2021-07-02,0.9682419896125793,11,110485409.824667
9.477644920349121,76.346991,12.729999542236328,-91.600098,2021-07-02,0.9572709798812866,6,110485409.382489
9.477635383605957,76.354248046875,2.2799999713897705,-94.680222,2021-07-02,0.953033983707428,8,110485409.804007
9.477338790893555,76.332095,14.149999618530273,-90.134819,2021-07-02,0.9708080291748047,3,110485408.923836
9.477228164672852,76.346687,3.0299999713897705,-91.627968,2021-07-02,0.956030011177063,6,110485409.374223
9.477216720581055,76.353944,2.319999933242798,-94.81238555908203,2021-07-02,0.9874979853630066,8,110485409.795743
9.47732162475586,76.361104,6.809999942779541,-94.33683013916016,2021-07-02,0.9718850255012512,11,110485409.816403
9.476887702941895,76.339288,17.489999771118164,-90.8768539428711,2021-07-02,0.9532610177993774,5,110485409.345299
9.476806640625,76.34638214111328,21.239999771118164,-90.86166381835938,2021-07-02,0.987205982208252,6,110485409.365959
9.476799964904785,76.353638,2.2799999713897705,-94.794891,2021-07-02,0.9710720181465149,8,110485409.787479
9.47638988494873,76.346076,13.59000015258789,-90.098648,2021-07-02,0.9786120057106018,6,110485409.357695
9.4763822555542,76.353332,2.2799999713897705,-94.706139,2021-07-02,0.9706270098686218,8,110485409.779215
9.476065635681152,76.323969,8.6899995803833,-91.449867,2021-07-02,0.9552119970321655,2,110485408.878384
9.476053237915039,76.338679,9.100000381469727,-89.41119384765625,2021-07-02,0.9722509980201721,5,110485409.328771
9.475973129272461,76.345771,9.100000381469727,-89.55607604980469,2021-07-02,0.9798629879951477,6,110485409.349431
9.475963592529297,76.353027,2.2799999713897705,-94.747559,2021-07-02,0.9734960198402405,8,110485409.770951
9.475671768188477,76.330868,14.079999923706055,-90.447952,2021-07-02,0.9573109745979309,3,110485408.890779
9.475554466247559,76.345466,11.979999542236328,-89.199593,2021-07-02,0.9867810010910034,6,110485409.341167
9.475546836853027,76.352721,2.5799999237060547,-94.63064575195312,2021-07-02,0.9608950018882751,8,110485409.762687
9.475255012512207,76.330561,15.020000457763672,-90.498528,2021-07-02,0.9700490236282349,3,110485408.882516
9.47521686553955,76.338068,11.90999984741211,-89.814629,2021-07-02,0.9661710262298584,5,110485409.312243
9.47513484954834,76.345161,18.5,-89.500687,2021-07-02,0.980068027973175,6,110485409.332903
9.475128173828125,76.352414,9.770000457763672,-93.315498,2021-07-02,0.9675700068473816,8,110485409.754423
9.474815368652344,76.359267,16.219999,-93.998207,2021-07-02,0.9840840101242065,11,110485409.766819
9.47471809387207,76.344856,16.329999923706055,-90.201073,2021-07-02,0.98157799243927,6,110485409.324639
9.474708557128906,76.352107,23.81999969482422,-98.628677,2021-07-02,0.9888129830360413,8,110485409.746159
9.474300384521484,76.344551,10.970000267028809,-87.237862,2021-07-02,0.9777179956436157,6,110485409.316375
9.47396183013916,76.337152,20.899999618530273,-89.373169,2021-07-02,0.9635859727859497,5,110485409.287451
9.473587989807129,76.329335,11.15999984741211,-89.949791,2021-07-02,0.9500839710235596,3,110485408.849459
9.473464965820312,76.343941,12.699999809265137,-89.618279,2021-07-02,0.984503984451294,6,110485409.299847
9.47314453125,76.358044,12.470000267028809,-93.817421,2021-07-02,0.9857779741287231,11,110485409.733763
9.47317123413086,76.329029,14.420000076293945,-90.486809,2021-07-02,0.9559100270271301,3,110485408.841195
9.473127365112305,76.336543,14.420000076293945,-89.485741,2021-07-02,0.9799619913101196,5,110485409.270923
9.473047256469727,76.34363555908203,16.780001,-94.348969,2021-07-02,0.9801650047302246,6,110485409.291583
9.473039627075195,76.350885,11.119999885559082,-93.1788101196289,2021-07-02,0.9600549936294556,8,110485409.713103
9.472808837890625,76.307704,2.619999885559082,-94.5015640258789,2021-07-02,0.9599480032920837,0,110485409.002344
9.472708702087402,76.336237,12.960000038146973,-89.59260559082031,2021-07-02,0.9656509757041931,5,110485409.262659
9.472620964050293,76.350578,18.200001,-93.343086,2021-07-02,0.9819329977035522,8,110485409.704839
9.472203254699707,76.350273,20.149999618530273,-92.79623413085938,2021-07-02,0.9641500115394592,8,110485409.696575
9.471975326538086,76.307091,2.6500000953674316,-94.871803,2021-07-02,0.9651989936828613,0,110485408.985815
9.471874237060547,76.335627,9.470000267028809,-89.357681,2021-07-02,0.9725769758224487,5,110485409.246131
9.471785545349121,76.349967,17.379999,-92.29331970214844,2021-07-02,0.9698460102081299,8,110485409.688311
9.471892356872559,76.357127,12.960000038146973,-94.80467987060547,2021-07-02,0.9535160064697266,11,110485409.708971
9.471793174743652,76.342721,13.40999984741211,-89.16743469238281,2021-07-02,0.9862859845161438,6,110485409.266791
9.471504211425781,76.327804,10.520000457763672,-91.715912,2021-07-02,0.956928014755249,3,110485408.80814
9.471367835998535,76.349661,12.770000457763672,-93.091888,2021-07-02,0.9712370038032532,8,110485409.680047
9.471474647521973,76.356821,13.859999656677246,-94.734375,2021-07-02,0.9603139758110046,11,110485409.700707
9.471037864685059,76.335016,13.670000076293945,-90.734818,2021-07-02,0.966742992401123,5,110485409.229603
9.470951080322266,76.349356,13.220000267028809,-92.599449,2021-07-02,0.9828749895095825,8,110485409.671783
9.471056938171387,76.356516,11.350000381469727,-94.82400512695312,2021-07-02,0.9628909826278687,11,110485409.692443
9.470640182495117,76.356211,6.25,-93.503532,2021-07-02,0.9761800169944763,11,110485409.684179
9.470724105834961,76.30616760253906,2.799999952316284,-94.477501,2021-07-02,0.9519299864768982,0,110485408.961023
9.470620155334473,76.33470916748047,17.899999618530273,-90.79600524902344,2021-07-02,0.9808139801025391,5,110485409.221339
9.47053337097168,76.34905242919922,17.010000228881836,-92.2373046875,2021-07-02,0.968442976474762,8,110485409.663519
9.470222473144531,76.355904,10.670000076293945,-94.229439,2021-07-02,0.9708089828491211,11,110485409.675915
9.470254898071289,76.326886,7.670000076293945,-92.258713,2021-07-02,0.9682530164718628,3,110485408.783348
9.470205307006836,76.334406,5.5,-91.577209,2021-07-02,0.9672999978065491,5,110485409.213075
9.469805717468262,76.35559844970703,2.359999895095825,-94.2801742553711,2021-07-02,0.9644489884376526,11,110485409.667651
9.469785690307617,76.334099,14.15999984741211,-91.87218475341797,2021-07-02,0.9811570048332214,5,110485409.204811
9.469697952270508,76.348439,12.470000267028809,-92.13946533203125,2021-07-02,0.9566940069198608,8,110485409.646991
9.46942138671875,76.326274,11.010000228881836,-92.7723159790039,2021-07-02,0.9600800275802612,3,110485408.76682
9.469367980957031,76.333793,17.530001,-91.883209,2021-07-02,0.9731569886207581,5,110485409.196547
9.469388008117676,76.355294,2.359999895095825,-94.330521,2021-07-02,0.9501489996910095,11,110485409.659387
9.469280242919922,76.348134,16.329999923706055,-91.978729,2021-07-02,0.9828670024871826,8,110485409.638727
9.468951225280762,76.333488,11.680000305175781,-90.52357482910156,2021-07-02,0.9752119779586792,5,110485409.188283
9.468862533569336,76.347828,14.789999961853027,-91.92243957519531,2021-07-02,0.9807959794998169,8,110485409.630463
9.46844482421875,76.347523,15.390000343322754,-91.64167022705078,2021-07-02,0.9600729942321777,8,110485409.622199
9.468033790588379,76.339971,14.270000457763672,-88.765182,2021-07-02,0.9717299938201904,6,110485409.192415
9.468027114868164,76.347217,14.3100004196167,-91.676208,2021-07-02,0.9883970022201538,8,110485409.613935
9.468133926391602,76.354377,11.390000343322754,-93.512138,2021-07-02,0.9668290019035339,11,110485409.634595
9.467717170715332,76.354072,2.319999933242798,-93.7173843383789,2021-07-02,0.962414026260376,11,110485409.626331
9.46769905090332,76.33257293701172,12.0600004196167,-91.341988,2021-07-02,0.9502400159835815,5,110485409.163491
9.467610359191895,76.346912,14.460000038146973,-91.827187,2021-07-02,0.9831820130348206,8,110485409.605671
9.467300415039062,76.353767,2.359999895095825,-93.690361,2021-07-02,0.9570819735527039,11,110485409.618067
9.467337608337402,76.324747,17.639999,-107.369057,2021-07-02,0.9563860297203064,3,110485408.725499
9.467281341552734,76.332264,15.430000305175781,-91.040497,2021-07-02,0.9580029845237732,5,110485409.155227
9.467199325561523,76.339359,13.59000015258789,-88.939629,2021-07-02,0.970088005065918,6,110485409.175887
9.467192649841309,76.346607,10.149999618530273,-92.070412,2021-07-02,0.9768379926681519,8,110485409.597405
9.46699047088623,76.310611,2.6500000953674316,-94.575569,2021-07-02,0.9583050012588501,1,110485408.907308
9.46688175201416,76.353461,2.319999933242798,-93.67808532714844,2021-07-02,0.9670630097389221,11,110485409.609803
9.466898918151855,76.317238,2.5399999618530273,-94.32860565185547,2021-07-02,0.964883029460907,2,110485408.696575
9.466864585876465,76.331958,13.300000190734863,-90.94427490234375,2021-07-02,0.9511719942092896,5,110485409.146963
9.466773986816406,76.346301,22.100000381469727,-98.089989,2021-07-02,0.9829059839248657,8,110485409.589139
9.466464042663574,76.353156,2.430000066757202,-93.784752,2021-07-02,0.9632930159568787,11,110485409.601538
9.466482162475586,76.316933,2.7300000190734863,-94.793808,2021-07-02,0.9537659883499146,2,110485408.688312
9.466357231140137,76.345996,13.930000305175781,-92.04063415527344,2021-07-02,0.9887750148773193,8,110485409.580873
9.466065406799316,76.316627,2.690000057220459,-94.28388977050781,2021-07-02,0.9566349983215332,2,110485408.680047
9.465940475463867,76.345691,9.0600004196167,-92.093277,2021-07-02,0.9796860218048096,8,110485409.572607
9.466045379638672,76.352849,32.59000015258789,-111.409782,2021-07-02,0.9923269748687744,11,110485409.593272
9.46564769744873,76.316322,2.7300000190734863,-94.482201,2021-07-02,0.9522119760513306,2,110485408.671784
9.46561336517334,76.331039,17.450001,-90.014954,2021-07-02,0.9542949795722961,5,110485409.122171
9.465521812438965,76.345385,13.779999732971191,-92.225342,2021-07-02,0.9502769708633423,8,110485409.564341
9.465627670288086,76.352544,15.170000076293945,-93.391319,2021-07-02,0.960578978061676,11,110485409.585006
9.46519660949707,76.330733,10.300000190734863,-90.54792022705078,2021-07-02,0.9548349976539612,5,110485409.113907
9.465112686157227,76.337829,15.0600004196167,-89.290642,2021-07-02,0.9579539895057678,6,110485409.134567
9.465103149414062,76.34507751464844,16.440001,-91.885529,2021-07-02,0.9896829724311829,8,110485409.556075
9.465209007263184,76.352238,19.670000076293945,-93.096367,2021-07-02,0.9860129952430725,11,110485409.57674
9.464792251586914,76.351933,17.610001,-93.4388198852539,2021-07-02,0.9605000019073486,11,110485409.568474
9.464696884155273,76.337523,13.779999732971191,-89.23006439208984,2021-07-02,0.9697650074958801,6,110485409.126303
9.464686393737793,76.344775,16.969999,-91.83642578125,2021-07-02,0.9617570042610168,8,110485409.547809
9.464374542236328,76.351628,14.119999885559082,-94.226669,2021-07-02,0.9686329960823059,11,110485409.560208
9.464280128479004,76.337217,12.920000076293945,-89.61056518554688,2021-07-02,0.9602609872817993,6,110485409.118039
9.46426773071289,76.344469,17.229999542236328,-91.992264,2021-07-02,0.9827790260314941,8,110485409.539543
9.463956832885742,76.351323,15.960000038146973,-94.196457,2021-07-02,0.9599400162696838,11,110485409.551942
9.463850021362305,76.344164,21.010000228881836,-91.751328,2021-07-02,0.9834820032119751,8,110485409.531277
9.46352767944336,76.329507,16.139999,-91.54182434082031,2021-07-02,0.962805986404419,5,110485409.080851
9.463539123535156,76.351017,15.770000457763672,-94.695839,2021-07-02,0.9558119773864746,11,110485409.543676
9.463433265686035,76.343859,14.229999542236328,-91.020157,2021-07-02,0.9897909760475159,8,110485409.523011
9.463146209716797,76.31449127197266,2.5399999618530273,-94.148979,2021-07-02,0.9577659964561462,2,110485408.6222
9.46311092376709,76.3292007446289,18.09000015258789,-91.527977,2021-07-02,0.9618260264396667,5,110485409.072587
9.463028907775879,76.336297,14.760000228881836,-91.028442,2021-07-02,0.9588019847869873,6,110485409.093247
9.463014602661133,76.343554,13.710000038146973,-90.669983,2021-07-02,0.974452018737793,8,110485409.514745
9.462611198425293,76.335991,18.5,-91.41036987304688,2021-07-02,0.9646390080451965,6,110485409.084983
9.462311744689941,76.313879,2.7699999809265137,-94.314651,2021-07-02,0.9574819803237915,2,110485408.605671
9.462335586547852,76.321082,2.5799999237060547,-94.423813,2021-07-02,0.9541770219802856,3,110485408.626331
9.462179183959961,76.342944,18.350000381469727,-90.0446548461914,2021-07-02,0.9855980277061462,8,110485409.498213
9.462286949157715,76.350103,10.449999809265137,-94.694504,2021-07-02,0.960237979888916,11,110485409.518878
9.461869239807129,76.349797,9.8100004196167,-93.116341,2021-07-02,0.9822199940681458,11,110485409.510612
9.461761474609375,76.342639,17.899999618530273,-90.132698,2021-07-02,0.9794530272483826,8,110485409.489947
9.46144962310791,76.349492,15.880000114440918,-93.342728,2021-07-02,0.9924370050430298,11,110485409.502346
9.461343765258789,76.342334,12.770000457763672,-89.952766,2021-07-02,0.9763910174369812,8,110485409.481681
9.46103286743164,76.349187,15.960000038146973,-93.19507598876953,2021-07-02,0.9876620173454285,11,110485409.49408
9.4610595703125,76.312963,2.7300000190734863,-94.327652,2021-07-02,0.9562469720840454,2,110485408.580874
9.46064281463623,76.312657,2.7300000190734863,-94.559532,2021-07-02,0.951104998588562,2,110485408.572608
9.460611343383789,76.327361,13.710000038146973,-91.188217,2021-07-02,0.9781799912452698,5,110485409.023003
9.460614204406738,76.348881,22.209999,-93.723801,2021-07-02,0.9716619849205017,11,110485409.485814
9.460509300231934,76.341725,7.789999961853027,-89.674179,2021-07-02,0.9737709760665894,8,110485409.465149
9.460226058959961,76.312351,2.5399999618530273,-94.5645751953125,2021-07-02,0.9656839966773987,2,110485408.564342
9.460197448730469,76.348576,19.850000381469727,-93.635979,2021-07-02,0.9668859839439392,11,110485409.477548
9.459694862365723,76.333845,7.789999961853027,-90.0134048461914,2021-07-02,0.9550769925117493,6,110485409.027135
9.459778785705566,76.348272,22.030001,-98.415443,2021-07-02,0.9926789999008179,11,110485409.469282
9.459362030029297,76.347967,15.8100004196167,-91.99921417236328,2021-07-02,0.9863759875297546,11,110485409.461016
9.458944320678711,76.347662,12.170000076293945,-92.126457,2021-07-02,0.9864590167999268,11,110485409.45275
9.458653450012207,76.304486,2.5799999237060547,-94.496361,2021-07-02,0.9634580016136169,1,110485408.742028
9.45858097076416,76.318332,2.690000057220459,-94.618759,2021-07-02,0.9564769864082336,3,110485408.551943
9.458525657653809,76.347357,17.600000381469727,-92.435059,2021-07-02,0.9752309918403625,11,110485409.444484
9.458444595336914,76.332925,9.100000381469727,-90.487083,2021-07-02,0.9572579860687256,6,110485409.002343
9.458235740661621,76.3041763305664,2.5399999618530273,-94.304352,2021-07-02,0.9624189734458923,1,110485408.733764
9.458163261413574,76.318027,2.5399999618530273,-93.96918487548828,2021-07-02,0.9529020190238953,3,110485408.543677
9.458108901977539,76.347052,10.109999656677246,-92.437988,2021-07-02,0.9851440191268921,11,110485409.436218
9.458026885986328,76.332618,13.220000267028809,-89.632668,2021-07-02,0.9697840213775635,6,110485408.994079
9.457691192626953,76.346748,6.289999961853027,-93.082581,2021-07-02,0.9617779850959778,11,110485409.427952
9.457584381103516,76.33959197998047,13.109999656677246,-89.592293,2021-07-02,0.9628909826278687,8,110485409.407287
9.457279205322266,76.324908,2.430000066757202,-94.286186,2021-07-02,0.9667440056800842,5,110485408.956891
9.457194328308105,76.332004,11.380000114440918,-91.268112,2021-07-02,0.9635519981384277,6,110485408.977551
9.457165718078613,76.339285,11.649999618530273,-89.89915466308594,2021-07-02,0.9571980237960815,8,110485409.399021
9.45727252960205,76.346442,13.520000457763672,-93.08638000488281,2021-07-02,0.9866200089454651,11,110485409.419686
9.456969261169434,76.296066,2.5399999618530273,-94.510117,2021-07-02,0.960893988609314,0,110485408.688312
9.456911087036133,76.31710815429688,2.6500000953674316,-94.509529,2021-07-02,0.9630460143089294,3,110485408.518879
9.456862449645996,76.324602,2.390000104904175,-94.063377,2021-07-02,0.9600639939308167,5,110485408.948627
9.456775665283203,76.331697,14.229999542236328,-91.586372,2021-07-02,0.9516649842262268,6,110485408.969287
9.456748008728027,76.33898162841797,12.0600004196167,-89.765694,2021-07-02,0.9607120156288147,8,110485409.390755
9.456854820251465,76.346137,14.050000190734863,-92.19791412353516,2021-07-02,0.9823430180549622,11,110485409.41142
9.456437110900879,76.345832,15.319999694824219,-92.04600524902344,2021-07-02,0.9505839943885803,11,110485409.403154
9.456551551818848,76.295761,2.5399999618530273,-94.465111,2021-07-02,0.9552249908447266,0,110485408.680047
9.45646858215332,76.30960083007812,2.7699999809265137,-94.671021,2021-07-02,0.9648200273513794,2,110485408.489948
9.456493377685547,76.316804,2.799999952316284,-94.619667,2021-07-02,0.9566469788551331,3,110485408.510613
9.45644474029541,76.32429504394531,2.4700000286102295,-94.102303,2021-07-02,0.9512060284614563,5,110485408.940363
9.456358909606934,76.33139038085938,16.100000381469727,-91.227943,2021-07-02,0.9628390073776245,6,110485408.961023
9.456330299377441,76.338676,10.109999656677246,-89.384239,2021-07-02,0.9711419939994812,8,110485409.382489
9.456018447875977,76.345527,15.510000228881836,-90.786469,2021-07-02,0.9777250289916992,11,110485409.394888
9.456134796142578,76.295455,2.5799999237060547,-94.727203,2021-07-02,0.9581400156021118,0,110485408.671784
9.456075668334961,76.316498,2.950000047683716,-94.480911,2021-07-02,0.970408022403717,3,110485408.502347
9.455599784851074,76.345222,16.81999969482422,-89.847801,2021-07-02,0.98506098985672,11,110485409.386622
9.455718040466309,76.29515075683594,2.430000066757202,-94.340927,2021-07-02,0.9551180005073547,0,110485408.66352
9.455493927001953,76.33806610107422,13.0,-89.9426498413086,2021-07-02,0.96738600730896,8,110485409.365959
9.455241203308105,76.315886,2.7699999809265137,-94.637672,2021-07-02,0.9542220234870911,3,110485408.485815
9.455182075500488,76.344918,15.0600004196167,-90.736298,2021-07-02,0.9814180135726929,11,110485409.378356
9.455076217651367,76.337761,14.460000038146973,-90.382278,2021-07-02,0.9704509973526001,8,110485409.357695
9.454656600952148,76.33745574951172,30.530001,-101.618858,2021-07-02,0.9916750192642212,8,110485409.349431
9.454765319824219,76.344613,14.760000228881836,-90.854858,2021-07-02,0.9618759751319885,11,110485409.370091
9.4544677734375,76.294234,2.6500000953674316,-94.847763,2021-07-02,0.9778860211372375,0,110485408.638728
9.454360008239746,76.322761,2.430000066757202,-94.312798,2021-07-02,0.9595019817352295,5,110485408.899043
9.454276084899902,76.329857,10.34000015258789,-91.3406753540039,2021-07-02,0.9671239852905273,6,110485408.919703
9.454345703125,76.344308,24.5,-95.726097,2021-07-02,0.9871299862861633,11,110485409.361827
9.45405101776123,76.293928,2.509999990463257,-94.537598,2021-07-02,0.9576089978218079,0,110485408.630463
9.453989028930664,76.314969,2.7699999809265137,-94.48125457763672,2021-07-02,0.9645689725875854,3,110485408.461017
9.453858375549316,76.32955169677734,15.989999771118164,-91.685867,2021-07-02,0.9618920087814331,6,110485408.911439
9.453822135925293,76.336847,11.84000015258789,-90.869614,2021-07-02,0.9674170017242432,8,110485409.332903
9.45392894744873,76.344003,12.210000038146973,-89.608551,2021-07-02,0.9533870220184326,11,110485409.353563
9.453511238098145,76.343699,9.890000343322754,-89.878754,2021-07-02,0.9819899797439575,11,110485409.345299
9.453572273254395,76.314663,2.7300000190734863,-94.191589,2021-07-02,0.9559469819068909,3,110485408.452751
9.453527450561523,76.322148,2.5399999618530273,-94.393402,2021-07-02,0.9630119800567627,5,110485408.882515
9.45340347290039,76.336541,16.709999,-89.927094,2021-07-02,0.9708830118179321,8,110485409.324639
9.453092575073242,76.343394,13.520000457763672,-89.15111541748047,2021-07-02,0.9858139753341675,11,110485409.337035
9.453216552734375,76.293318,2.619999885559082,-94.47356414794922,2021-07-02,0.9623759984970093,0,110485408.613936
9.453109741210938,76.321841,2.359999895095825,-94.229622,2021-07-02,0.9631909728050232,5,110485408.874251
9.486522674560547,76.31936645507812,10.989999771118164,-92.322998,2021-12-11,0.9668139815330505,0,124464379.869238
9.486111640930176,76.319683,9.039999961853027,-90.180138,2021-12-11,0.9861289858818054,0,124464379.877502
9.484472274780273,76.320934,8.289999961853027,-94.003616,2021-12-11,0.9597460031509399,0,124464379.910558
9.484058380126953,76.321246,10.649999618530273,-91.585716,2021-12-11,0.9881139993667603,0,124464379.918822
9.48364543914795,76.321558,13.640000343322754,-92.152641,2021-12-11,0.960906982421875,0,124464379.927086
9.482007026672363,76.322811,5.340000152587891,-91.13957977294922,2021-12-11,0.9533470273017883,0,124464379.960142
9.481180191040039,76.323436,15.130000114440918,-93.100433,2021-12-11,0.9776840209960938,0,124464379.97667
9.480770111083984,76.323749,15.170000076293945,-92.69766998291016,2021-12-11,0.9638180136680603,0,124464379.984934
9.479131698608398,76.32500457763672,7.170000076293945,-92.065872,2021-12-11,0.9838330149650574,0,124464380.01799
9.47830867767334,76.325632,10.239999771118164,-92.419632,2021-12-11,0.9611309766769409,0,124464380.034518
9.477896690368652,76.325945,12.779999732971191,-92.38843536376953,2021-12-11,0.9677720069885254,0,124464380.042782
9.477482795715332,76.326258,18.350000381469727,-91.512321,2021-12-11,0.9871919751167297,0,124464380.051046
9.477080345153809,76.326575,7.730000019073486,-93.098991,2021-12-11,0.959892988204956,0,124464380.05931
9.47625732421875,76.327202,12.220000267028809,-93.688957,2021-12-11,0.9763709902763367,0,124464380.075838
9.473794937133789,76.329087,13.380000114440918,-92.046188,2021-12-11,0.9599519968032837,0,124464380.125422
9.472861289978027,76.322778,9.300000190734863,-91.741417,2021-12-11,0.9644820094108582,1,124464380.022122
9.472973823547363,76.329715,13.979999542236328,-91.933281,2021-12-11,0.9731159806251526,0,124464380.14195
9.472450256347656,76.323091,10.949999809265137,-92.468651,2021-12-11,0.9652640223503113,1,124464380.030386
9.472040176391602,76.323405,8.670000076293945,-91.468033,2021-12-11,0.9723320007324219,1,124464380.03865
9.4717435836792,76.330658,11.989999771118164,-90.771927,2021-12-11,0.9620839953422546,0,124464380.166742
9.47121810913086,76.324033,12.300000190734863,-92.44527435302734,2021-12-11,0.9741690158843994,1,124464380.055178
9.471336364746094,76.330972,9.75,-91.208427,2021-12-11,0.9711470007896423,0,124464380.175006
9.470810890197754,76.324348,7.699999809265137,-92.73292541503906,2021-12-11,0.9731280207633972,1,124464380.063442
9.470513343811035,76.33159637451172,12.779999732971191,-90.755737,2021-12-11,0.9567409753799438,0,124464380.191534
9.47010326385498,76.331913,12.369999885559082,-89.738747,2021-12-11,0.9669770002365112,0,124464380.199798
9.469989776611328,76.324976,7.659999847412109,-92.599052,2021-12-11,0.9721410274505615,1,124464380.07997
9.469697952270508,76.332229,7.099999904632568,-92.932114,2021-12-11,0.952127993106842,0,124464380.208062
9.469576835632324,76.32528686523438,12.029999732971191,-92.477631,2021-12-11,0.9737560153007507,1,124464380.088234
9.469167709350586,76.325604,10.869999885559082,-92.406281,2021-12-11,0.9717950224876404,1,124464380.096498
9.469283103942871,76.332541,14.460000038146973,-92.825699,2021-12-11,0.9587470293045044,0,124464380.216326
9.468756675720215,76.325918,13.829999923706055,-93.919144,2021-12-11,0.960220992565155,1,124464380.104762
9.468871116638184,76.332854,17.420000076293945,-92.96158599853516,2021-12-11,0.9729899764060974,0,124464380.22459
9.468464851379395,76.333168,9.9399995803833,-92.60020446777344,2021-12-11,0.9714829921722412,0,124464380.232854
9.46805191040039,76.333481,14.270000457763672,-91.939407,2021-12-11,0.9868429899215698,0,124464380.241118
9.467937469482422,76.326547,12.819999694824219,-94.020561,2021-12-11,0.9660400152206421,1,124464380.12129
9.467644691467285,76.333795,8.630000114440918,-91.140442,2021-12-11,0.9554150104522705,0,124464380.249382
9.467530250549316,76.326862,8.180000305175781,-94.55730438232422,2021-12-11,0.9844149947166443,1,124464380.129554
9.466706275939941,76.327489,14.3100004196167,-94.039139,2021-12-11,0.9660189747810364,1,124464380.146082
9.466827392578125,76.334422,6.349999904632568,-93.079887,2021-12-11,0.9629909992218018,0,124464380.26591
9.46629810333252,76.327804,10.130000114440918,-93.641281,2021-12-11,0.9568589925765991,1,124464380.154346
9.46600341796875,76.335047,10.3100004196167,-92.678719,2021-12-11,0.9686049818992615,0,124464380.282438
9.465886116027832,76.328118,13.569999694824219,-93.731071,2021-12-11,0.988785982131958,1,124464380.16261
9.465594291687012,76.33535766601562,7.360000133514404,-92.462723,2021-12-11,0.9562720060348511,0,124464380.290702
9.465476989746094,76.328432,9.680000305175781,-92.432449,2021-12-11,0.9570680260658264,1,124464380.170874
9.465179443359375,76.335672,14.760000228881836,-92.128563,2021-12-11,0.9890099763870239,0,124464380.298966
9.46506404876709,76.328745,20.889999,-98.18717956542969,2021-12-11,0.983922004699707,1,124464380.179138
9.464770317077637,76.335985,11.880000114440918,-92.0416259765625,2021-12-11,0.9582920074462891,0,124464380.30723
9.463836669921875,76.329688,9.229999542236328,-92.702728,2021-12-11,0.9612159729003906,1,124464380.20393
9.463423728942871,76.330001,15.020000457763672,-93.125488,2021-12-11,0.9650589823722839,1,124464380.212194
9.462907791137695,76.325256,13.680000305175781,-91.97566986083984,2021-12-11,0.9795380234718323,2,124464379.89403
9.462605476379395,76.330628,12.069999694824219,-92.43783569335938,2021-12-11,0.9745640158653259,1,124464380.228722
9.462717056274414,76.337548,7.960000038146973,-90.06097412109375,2021-12-11,0.9556999802589417,0,124464380.34855
9.462496757507324,76.325569,13.829999923706055,-92.83433532714844,2021-12-11,0.9889310002326965,2,124464379.902294
9.462300300598145,76.337859,18.09000015258789,-91.021591,2021-12-11,0.98711097240448,0,124464380.356814
9.462089538574219,76.325882,7.059999942779541,-92.523743,2021-12-11,0.9728249907493591,2,124464379.910558
9.461674690246582,76.326194,14.729999542236328,-92.880859,2021-12-11,0.9704319834709167,2,124464379.918822
9.461263656616211,76.326507,15.930000305175781,-93.693001,2021-12-11,0.9700639843940735,2,124464379.927086
9.461067199707031,76.338796,14.989999771118164,-90.082588,2021-12-11,0.9728659987449646,0,124464380.381606
9.460551261901855,76.332193,15.020000457763672,-91.371841,2021-12-11,0.9566580057144165,1,124464380.270042
9.460444450378418,76.327133,12.109999656677246,-92.619881,2021-12-11,0.9821119904518127,2,124464379.943614
9.460142135620117,76.332507,12.369999885559082,-91.438728,2021-12-11,0.9862369894981384,1,124464380.278306
9.460256576538086,76.339425,0.25999999046325684,-96.596878,2021-12-11,0.9775670170783997,0,124464380.398134
9.460034370422363,76.32744598388672,11.739999771118164,-92.83272552490234,2021-12-11,0.9733589887619019,2,124464379.951878
9.459733963012695,76.33281707763672,8.180000305175781,-90.250572,2021-12-11,0.9698169827461243,1,124464380.28657
9.459622383117676,76.327759,13.460000038146973,-92.445747,2021-12-11,0.9794970154762268,2,124464379.960142
9.459211349487305,76.328072,13.5,-92.498947,2021-12-11,0.9838910102844238,2,124464379.968406
9.45838737487793,76.328698,18.540001,-93.18721008300781,2021-12-11,0.9724569916725159,2,124464379.984934
9.457680702209473,76.334384,6.690000057220459,-89.433594,2021-12-11,0.9849780201911926,1,124464380.32789
9.45777702331543,76.341295,5.860000133514404,-90.204345703125,2021-12-11,0.9835240244865417,0,124464380.447718
9.45736312866211,76.341607,7.659999847412109,-90.092484,2021-12-11,0.9613069891929626,0,124464380.455982
9.457269668579102,76.334696,7.170000076293945,-90.915398,2021-12-11,0.9677029848098755,1,124464380.336154
9.456948280334473,76.341918,11.25,-89.66921997070312,2021-12-11,0.9885309934616089,0,124464380.464246
9.456750869750977,76.329954,6.349999904632568,-92.375511,2021-12-11,0.956080973148346,2,124464380.01799
9.456855773925781,76.335008,15.4399995803833,-94.39414978027344,2021-12-11,0.9861140251159668,1,124464380.344418
9.45644760131836,76.335321,6.650000095367432,-90.13706970214844,2021-12-11,0.9853280186653137,1,124464380.352682
9.456124305725098,76.342543,14.84000015258789,-94.314774,2021-12-11,0.9859470129013062,0,124464380.480774
9.455623626708984,76.335946,10.539999961853027,-91.767403,2021-12-11,0.9817280173301697,1,124464380.36921
9.455519676208496,76.330895,6.429999828338623,-92.851021,2021-12-11,0.9683369994163513,2,124464380.042782
9.45521068572998,76.336258,12.5600004196167,-91.919762,2021-12-11,0.9812740087509155,1,124464380.377474
9.455107688903809,76.331209,8.630000114440918,-92.042038,2021-12-11,0.968887984752655,2,124464380.051046
9.454696655273438,76.331523,10.649999618530273,-91.97932434082031,2021-12-11,0.9707390069961548,2,124464380.05931
9.454797744750977,76.3365707397461,15.729999542236328,-92.686958,2021-12-11,0.9671289920806885,1,124464380.385738
9.45447063446045,76.34378814697266,15.770000457763672,-91.912842,2021-12-11,0.9803969860076904,0,124464380.51383
9.453975677490234,76.337194,17.229999542236328,-95.72599029541016,2021-12-11,0.9892129898071289,1,124464380.402266
9.453563690185547,76.337506,12.520000457763672,-90.76893615722656,2021-12-11,0.989533007144928,1,124464380.41053
9.453653335571289,76.344415,5.269999980926514,-92.923576,2021-12-11,0.9686710238456726,0,124464380.530358
9.453231811523438,76.344725,20.219999,-94.27334594726562,2021-12-11,0.9545519948005676,0,124464380.538622
9.453056335449219,76.332779,13.010000228881836,-94.044098,2021-12-11,0.9718390107154846,2,124464380.092366
9.543172836303711,76.309514,5.320000171661377,-92.745239,2023-01-11,0.954770028591156,2,158679561.657023
9.543218612670898,76.316674,19.440001,-91.347794,2023-01-11,0.9532889723777771,3,158679561.677683
9.543153762817383,76.345478,11.680000305175781,-93.643944,2023-01-11,0.9700620174407959,11,158679562.561964
9.543031692504883,76.338361,13.329999923706055,-89.676178,2023-01-11,0.9745110273361206,8,158679562.541299
9.542892456054688,76.309714,3.5899999141693115,-93.481178,2023-01-06,0.9587759971618652,0,158208488.544542
9.542800903320312,76.316368,18.350000381469727,-93.035118,2023-01-11,0.9587050080299377,3,158679561.669419
9.542746543884277,76.323787,23.110001,-95.864082,2023-01-11,0.9867870211601257,5,158679562.095014
9.542614936828613,76.338056,15.15999984741211,-90.07538604736328,2023-01-11,0.955968976020813,8,158679562.533033
9.542736053466797,76.345173,9.0600004196167,-92.377167,2023-01-11,0.9769279956817627,11,158679562.553698
9.542328834533691,76.323482,26.889999,-97.943527,2023-01-11,0.984906017780304,5,158679562.08675
9.542319297790527,76.344867,12.390000343322754,-91.880898,2023-01-11,0.9790859818458557,11,158679562.545432
9.541902542114258,76.344562,17.860001,-91.349953,2023-01-11,0.9832980036735535,11,158679562.537166
9.541911125183105,76.323175,17.34000015258789,-91.66630554199219,2023-01-11,0.9564560055732727,5,158679562.078486
9.541848182678223,76.330228,16.139999,-90.129143,2023-01-11,0.977370023727417,6,158679562.099146
9.541484832763672,76.344256,17.110001,-91.29644012451172,2023-01-11,0.9858570098876953,11,158679562.5289
9.54149341583252,76.32286834716797,16.06999969482422,-91.1973648071289,2023-01-11,0.9557650089263916,5,158679562.070222
9.541431427001953,76.329922,19.139999,-90.529678,2023-01-11,0.9802250266075134,6,158679562.090882
9.541359901428223,76.337139,14.600000381469727,-93.462914,2023-01-11,0.9859150052070618,8,158679562.508235
9.541215896606445,76.31094360351562,12.130000114440918,-93.131493,2023-01-06,0.9622939825057983,0,158208488.577598
9.541075706481934,76.322564,18.459999,-91.29586029052734,2023-01-11,0.974236011505127,5,158679562.061958
9.541068077087402,76.343951,20.59000015258789,-91.509765625,2023-01-11,0.9846029877662659,11,158679562.520634
9.541009902954102,76.329615,4.340000152587891,-91.425179,2023-01-11,0.9521880149841309,6,158679562.082618
9.54094409942627,76.336834,18.420000076293945,-90.16324615478516,2023-01-11,0.9813100099563599,8,158679562.499969
9.540797233581543,76.311246,17.290001,-97.23056030273438,2023-01-06,0.9694610238075256,0,158208488.585862
9.540648460388184,76.343645,10.630000114440918,-90.317558,2023-01-11,0.9836509823799133,11,158679562.512368
9.540526390075684,76.336528,19.879999,-90.2392349243164,2023-01-11,0.9565140008926392,8,158679562.491703
9.540231704711914,76.34333801269531,20.260000228881836,-90.551109,2023-01-11,0.9573109745979309,11,158679562.504102
9.53982162475586,76.321646,15.470000267028809,-92.349312,2023-01-11,0.9526090025901794,5,158679562.037166
9.539758682250977,76.328698,15.050000190734863,-89.5862045288086,2023-01-11,0.9794610142707825,6,158679562.057826
9.539690017700195,76.335917,18.15999984741211,-90.734901,2023-01-11,0.9798849821090698,8,158679562.475171
9.539813041687012,76.343034,13.029999732971191,-89.794563,2023-01-11,0.9800209999084473,11,158679562.495836
9.539403915405273,76.32134246826172,20.790001,-97.231323,2023-01-11,0.9862729907035828,5,158679562.028902
9.539341926574707,76.328392,13.479999542236328,-89.13792419433594,2023-01-11,0.9815099835395813,6,158679562.049562
9.539396286010742,76.342728,16.920000076293945,-90.183952,2023-01-11,0.9855849742889404,11,158679562.48757
9.538976669311523,76.342423,14.899999618530273,-89.98612976074219,2023-01-11,0.9776960015296936,11,158679562.479304
9.53903865814209,76.313613,6.889999866485596,-91.37189483642578,2023-01-11,0.9645540118217468,3,158679561.595029
9.538924217224121,76.328087,10.149999618530273,-85.19359588623047,2023-01-11,0.9772430062294006,6,158679562.041298
9.538851737976074,76.335305,12.649999618530273,-90.428429,2023-01-11,0.9520230293273926,8,158679562.458639
9.538705825805664,76.312777,17.40999984741211,-96.36141967773438,2023-01-06,0.9757789969444275,0,158208488.627182
9.538569450378418,76.320729,16.629999,-91.493317,2023-01-11,0.9769570231437683,5,158679562.012374
9.538435935974121,76.33499908447266,16.920000076293945,-89.831627,2023-01-11,0.9555829763412476,8,158679562.450373
9.538204193115234,76.313001,8.90999984741211,-91.892517,2023-01-11,0.9507070183753967,3,158679561.578497
9.538148880004883,76.320422,7.409999847412109,-92.036888,2023-01-11,0.9759510159492493,5,158679562.00411
9.538140296936035,76.341811,11.119999885559082,-89.720749,2023-01-11,0.9592459797859192,11,158679562.462772
9.537734031677246,76.320117,19.059999,-92.218597,2023-01-11,0.9501979947090149,5,158679561.995846
9.537723541259766,76.341506,14.899999618530273,-87.439888,2023-01-11,0.9628159999847412,11,158679562.454506
9.537599563598633,76.334389,18.120001,-89.775078,2023-01-11,0.9546269774436951,8,158679562.433841
9.537251472473145,76.326862,3.8499999046325684,-89.14606475830078,2023-01-11,0.9507539868354797,6,158679562.008242
9.537303924560547,76.34120178222656,11.010000228881836,-90.363518,2023-01-11,0.9846720099449158,11,158679562.44624
9.536762237548828,76.333777,19.020000457763672,-96.151619,2023-01-11,0.9890270233154297,8,158679562.41731
9.536887168884277,76.340894,15.460000038146973,-89.928772,2023-01-11,0.9690319895744324,11,158679562.437974
9.536478996276855,76.319199,7.789999961853027,-90.616829,2023-01-11,0.9865339994430542,5,158679561.971054
9.536340713500977,76.3334732055664,2.799999952316284,-90.87870025634766,2023-01-11,0.9504640102386475,8,158679562.409046
9.536469459533691,76.340589,14.640000343322754,-89.606522,2023-01-11,0.9834439754486084,11,158679562.429708
9.536050796508789,76.340283,16.329999923706055,-89.955582,2023-01-11,0.9792609810829163,11,158679562.421442
9.535999298095703,76.325945,8.84000015258789,-88.927811,2023-01-11,0.9739969968795776,6,158679561.98345
9.535927772521973,76.333166,21.15999984741211,-90.170341,2023-01-11,0.9516339898109436,8,158679562.400782
9.535632133483887,76.339977,11.760000228881836,-89.707512,2023-01-11,0.976826012134552,11,158679562.413178
9.535508155822754,76.3328628540039,10.970000267028809,-89.968819,2023-01-11,0.9795640110969543,8,158679562.392518
9.535280227661133,76.31085968017578,16.40999984741211,-91.930992,2023-01-11,0.9633960127830505,3,158679561.520635
9.535226821899414,76.318282,14.3100004196167,-91.28895568847656,2023-01-11,0.969980001449585,5,158679561.946262
9.5352144241333,76.339671,12.020000457763672,-90.21665954589844,2023-01-11,0.9754369854927063,11,158679562.404914
9.535091400146484,76.332554,16.850000381469727,-90.283638,2023-01-11,0.9809780120849609,8,158679562.384254
9.53494644165039,76.315533,10.739999771118164,-92.514778,2023-01-06,0.9569159746170044,0,158208488.701558
9.534809112548828,76.317976,14.1899995803833,-91.490791,2023-01-11,0.9859970211982727,5,158679561.937998
9.534747123718262,76.325028,12.84000015258789,-89.245491,2023-01-11,0.9749839901924133,6,158679561.958658
9.534797668457031,76.339366,19.469999,-90.67877960205078,2023-01-11,0.9564340114593506,11,158679562.39665
9.534672737121582,76.332248,13.699999809265137,-89.747467,2023-01-11,0.9791970252990723,8,158679562.37599
9.534379959106445,76.33905792236328,15.84000015258789,-89.781242,2023-01-11,0.9589509963989258,11,158679562.388386
9.534255981445312,76.331943,19.770000457763672,-90.708038,2023-01-11,0.9583399891853333,8,158679562.367726
9.534024238586426,76.309941,5.389999866485596,-91.93130493164062,2023-01-11,0.9533590078353882,3,158679561.495837
9.533974647521973,76.317364,17.149999618530273,-91.718505859375,2023-01-11,0.9769690036773682,5,158679561.92147
9.533838272094727,76.331637,14.899999618530273,-86.622704,2023-01-11,0.9523860216140747,8,158679562.359462
9.533961296081543,76.338754,14.489999771118164,-89.846184,2023-01-11,0.953108012676239,11,158679562.380122
9.533557891845703,76.317059,20.219999,-91.214149,2023-01-11,0.9810590147972107,5,158679561.913206
9.533418655395508,76.331331,15.239999771118164,-89.675728,2023-01-11,0.978210985660553,8,158679562.351198
9.53354263305664,76.338448,13.930000305175781,-89.665947,2023-01-11,0.9650430083274841,11,158679562.371858
9.533270835876465,76.316759,19.5,-92.589928,2023-01-06,0.960470974445343,0,158208488.734614
9.533123970031738,76.338142,18.799999,-97.68989562988281,2023-01-11,0.9844179749488831,11,158679562.363594
9.533076286315918,76.323805,13.520000457763672,-89.72063446044922,2023-01-11,0.9737129807472229,6,158679561.925602
9.532999992370605,76.331025,11.680000305175781,-89.5521240234375,2023-01-11,0.9828479886054993,8,158679562.342934
9.532707214355469,76.337837,12.84000015258789,-90.183189,2023-01-11,0.9609959721565247,11,158679562.35533
9.532720565795898,76.316446,12.65999984741211,-92.110497,2023-01-11,0.950410008430481,5,158679561.896678
9.532658576965332,76.323499,13.739999771118164,-90.401672,2023-01-11,0.9913880228996277,6,158679561.917338
9.53243637084961,76.317371,20.850000381469727,-96.272003,2023-01-06,0.9645900130271912,0,158208488.751142
9.5322904586792,76.337531,17.600000381469727,-90.127533,2023-01-11,0.9834830164909363,11,158679562.347066
9.532240867614746,76.323193,14.640000343322754,-90.925591,2023-01-11,0.9718030095100403,6,158679561.909074
9.532167434692383,76.33041381835938,25.309999,-95.03499603271484,2023-01-11,0.9861930012702942,8,158679562.326406
9.531886100769043,76.315835,16.520000457763672,-91.65510559082031,2023-01-11,0.9576839804649353,5,158679561.88015
9.532020568847656,76.317676,5.5,-91.509666,2023-01-06,0.9590590000152588,0,158208488.759406
9.531824111938477,76.322887,19.31999969482422,-91.48672485351562,2023-01-11,0.9783070087432861,6,158679561.90081
9.531871795654297,76.337225,18.010000228881836,-89.7818603515625,2023-01-11,0.987151026725769,11,158679562.338802
9.531747817993164,76.330108,18.049999,-90.26280975341797,2023-01-11,0.9795780181884766,8,158679562.318142
9.531469345092773,76.315529,19.360001,-92.20697021484375,2023-01-11,0.9787110090255737,5,158679561.871886
9.531407356262207,76.322581,19.889999,-91.443382,2023-01-11,0.9767249822616577,6,158679561.892546
9.531330108642578,76.329802,17.670000076293945,-91.963112,2023-01-11,0.9913259744644165,8,158679562.309878
9.531453132629395,76.336919,12.579999923706055,-90.17090606689453,2023-01-11,0.9644579887390137,11,158679562.330538
9.530988693237305,76.322276,18.129999,-90.898117,2023-01-11,0.9785860180854797,6,158679561.884282
9.531036376953125,76.336614,17.370001,-89.910667,2023-01-11,0.9784740209579468,11,158679562.322274
9.530862808227539,76.311832,16.549999,-92.733032,2023-01-06,0.963437020778656,1,158208488.66437
9.530570030212402,76.321969,13.109999656677246,-90.296143,2023-01-11,0.9696199893951416,6,158679561.876018
9.53049087524414,76.329189,9.0600004196167,-93.3770751953125,2023-01-11,0.9574130177497864,8,158679562.29335
9.530617713928223,76.336308,15.760000228881836,-90.266434,2023-01-11,0.9806299805641174,11,158679562.31401
9.53019905090332,76.336002,13.890000343322754,-89.50827026367188,2023-01-11,0.9586989879608154,11,158679562.305746
9.530216217041016,76.314612,15.470000267028809,-92.140587,2023-01-11,0.9816579818725586,5,158679561.847094
9.53015422821045,76.321664,18.09000015258789,-90.055054,2023-01-11,0.9781150221824646,6,158679561.867754
9.530075073242188,76.328884,15.09000015258789,-91.712593,2023-01-11,0.9509130120277405,8,158679562.285086
9.529780387878418,76.335696,10.710000038146973,-89.950478,2023-01-11,0.9851049780845642,11,158679562.297482
9.529610633850098,76.31275177001953,14.9399995803833,-94.757607,2023-01-06,0.9637759923934937,1,158208488.689162
9.529797554016113,76.314306,14.270000457763672,-92.447083,2023-01-11,0.950281023979187,5,158679561.83883
9.529656410217285,76.328578,8.720000267028809,-90.31058502197266,2023-01-11,0.9823510050773621,8,158679562.276822
9.529361724853516,76.335389,8.609999656677246,-89.71129608154297,2023-01-11,0.9826470017433167,11,158679562.289218
9.529316902160645,76.321052,11.949999809265137,-90.06161499023438,2023-01-11,0.978659987449646,6,158679561.851226
9.528944969177246,76.335084,11.9399995803833,-88.142754,2023-01-11,0.9508609771728516,11,158679562.280954
9.528820037841797,76.327966,8.800000190734863,-89.456749,2023-01-11,0.9757170081138611,8,158679562.260294
9.528528213500977,76.334778,17.110001,-90.355309,2023-01-11,0.9664999842643738,11,158679562.27269
9.528255462646484,76.320433,13.100000381469727,-91.916222,2023-01-06,0.9580420255661011,0,158208488.833782
9.528127670288086,76.313082,16.06999969482422,-92.715302,2023-01-11,0.9793999791145325,5,158679561.805774
9.528109550476074,76.334472,14.229999542236328,-90.58768463134766,2023-01-11,0.9839760065078735,11,158679562.264426
9.527938842773438,76.313975,18.600000381469727,-97.880112,2023-01-06,0.9735689759254456,1,158208488.722218
9.527647018432617,76.319828,11.90999984741211,-91.11026000976562,2023-01-11,0.9520260095596313,6,158679561.81817
9.527566909790039,76.327048,18.649999618530273,-97.021408,2023-01-11,0.988614022731781,8,158679562.235502
9.527690887451172,76.334166,12.470000267028809,-89.705811,2023-01-11,0.9775559902191162,11,158679562.256162
9.527273178100586,76.3338623046875,12.6899995803833,-89.948868,2023-01-11,0.9821979999542236,11,158679562.247898
9.52729320526123,76.312471,16.700001,-92.08098602294922,2023-01-11,0.9755380153656006,5,158679561.789246
9.527104377746582,76.314587,12.729999542236328,-93.307693,2023-01-06,0.9510669708251953,1,158208488.738746
9.527231216430664,76.319523,17.600000381469727,-91.345947,2023-01-11,0.9636819958686829,6,158679561.809906
9.52715015411377,76.326743,13.4399995803833,-89.303169,2023-01-11,0.9882500171661377,8,158679562.227238
9.526873588562012,76.312165,12.0600004196167,-91.71401977539062,2023-01-11,0.9787070155143738,5,158679561.780982
9.526857376098633,76.333555,17.040001,-89.36190032958984,2023-01-11,0.9763789772987366,11,158679562.239634
9.52668571472168,76.314893,11.680000305175781,-93.64339447021484,2023-01-06,0.9615569710731506,1,158208488.74701
9.526394844055176,76.318911,14.489999771118164,-91.681007,2023-01-11,0.9746649861335754,6,158679561.793378
9.526580810546875,76.321658,13.100000381469727,-90.004501,2023-01-06,0.9532759785652161,0,158208488.866838
9.526437759399414,76.333248,13.479999542236328,-90.091827,2023-01-11,0.9816160202026367,11,158679562.23137
9.526162147521973,76.321965,14.369999885559082,-90.91122436523438,2023-01-06,0.9547610282897949,0,158208488.875102
9.526312828063965,76.32613372802734,9.699999809265137,-89.41920471191406,2023-01-11,0.9790629744529724,8,158679562.21071
9.526039123535156,76.311553,9.399999618530273,-91.4515151977539,2023-01-11,0.971107006072998,5,158679561.764454
9.525976181030273,76.318605,10.220000267028809,-91.876846,2023-01-11,0.9693639874458313,6,158679561.785114
9.526019096374512,76.332942,10.859999656677246,-90.081871,2023-01-11,0.992510974407196,11,158679562.223106
9.525745391845703,76.32227325439453,10.399999618530273,-91.57637023925781,2023-01-06,0.9506189823150635,0,158208488.883366
9.525896072387695,76.325825,12.729999542236328,-89.624527,2023-01-11,0.9583179950714111,8,158679562.202446
9.52562141418457,76.311247,10.369999885559082,-91.374786,2023-01-11,0.9710479974746704,5,158679561.75619
9.525559425354004,76.318299,11.649999618530273,-92.034653,2023-01-11,0.9805120229721069,6,158679561.77685
9.525479316711426,76.325519,15.760000228881836,-89.59844970703125,2023-01-11,0.9868410229682922,8,158679562.194182
9.525602340698242,76.332636,14.149999618530273,-90.48025512695312,2023-01-11,0.9573280215263367,11,158679562.214842
9.525510787963867,76.3113021850586,12.649999618530273,-91.869621,2023-01-06,0.9594169855117798,2,158208488.453638
9.525202751159668,76.310941,8.800000190734863,-91.498154,2023-01-11,0.9796980023384094,5,158679561.747926
9.525140762329102,76.317993,10.930000305175781,-91.576698,2023-01-11,0.9780510067939758,6,158679561.768586
9.525059700012207,76.325213,13.029999732971191,-89.465508,2023-01-11,0.9769769906997681,8,158679562.185918
9.52518367767334,76.33232879638672,11.270000457763672,-90.076118,2023-01-11,0.9637759923934937,11,158679562.206578
9.52476692199707,76.332025,14.979999542236328,-89.54484558105469,2023-01-11,0.9801589846611023,11,158679562.198314
9.524673461914062,76.311912,17.899999618530273,-92.329086,2023-01-06,0.9697570204734802,2,158208488.470166
9.524724006652832,76.317687,12.319999694824219,-92.296318,2023-01-11,0.9758399724960327,6,158679561.760322
9.524349212646484,76.331719,16.139999,-89.954674,2023-01-11,0.9804819822311401,11,158679562.19005
9.524256706237793,76.312217,14.34000015258789,-95.720711,2023-01-06,0.9742479920387268,2,158208488.47843
9.524225234985352,76.324601,16.18000030517578,-90.64447021484375,2023-01-11,0.9813609719276428,8,158679562.16939
9.523930549621582,76.331413,15.09000015258789,-89.707512,2023-01-11,0.9829239845275879,11,158679562.181786
9.523837089538574,76.312524,17.219999,-93.709396,2023-01-06,0.9647380113601685,2,158208488.486694
9.523760795593262,76.317036,6.510000228881836,-93.00664520263672,2023-01-06,0.9581699967384338,1,158208488.804858
9.523807525634766,76.324296,16.959999,-89.922272,2023-01-11,0.9842740297317505,8,158679562.161126
9.52347183227539,76.3167724609375,15.390000343322754,-92.119522,2023-01-11,0.9625179767608643,6,158679561.73553
9.52351188659668,76.331107,7.96999979019165,-86.48246002197266,2023-01-11,0.9896090030670166,11,158679562.173522
9.523390769958496,76.32398986816406,19.399999618530273,-90.5220947265625,2023-01-11,0.9617300033569336,8,158679562.152862
9.523234367370605,76.324106,8.9399995803833,-91.5487060546875,2023-01-06,0.9572169780731201,0,158208488.93295
9.523055076599121,76.316464,16.93000030517578,-91.987717,2023-01-11,0.9863759875297546,6,158679561.727266
9.523094177246094,76.330801,10.779999732971191,-90.06468963623047,2023-01-11,0.9843689799308777,11,158679562.165258
9.523002624511719,76.313135,6.960000038146973,-92.15343475341797,2023-01-06,0.9567620158195496,2,158208488.503222
9.522970199584961,76.323683,10.779999732971191,-90.66910552978516,2023-01-11,0.9756730198860168,8,158679562.144598
9.522636413574219,76.316158,11.380000114440918,-92.787811,2023-01-11,0.98403000831604,6,158679561.719002
9.522676467895508,76.330495,9.279999732971191,-90.274521,2023-01-11,0.9634310007095337,11,158679562.156994
9.522394180297852,76.32472229003906,21.110001,-92.168579,2023-01-06,0.9672979712486267,0,158208488.949478
9.522164344787598,76.313749,16.469999,-93.25835418701172,2023-01-06,0.9665200114250183,2,158208488.51975
9.522217750549316,76.315852,11.15999984741211,-92.211578,2023-01-11,0.9784640073776245,6,158679561.710738
9.522134780883789,76.323072,12.800000190734863,-90.56953430175781,2023-01-11,0.9851840138435364,8,158679562.12807
9.522257804870605,76.330189,9.8100004196167,-91.253868,2023-01-11,0.9792770147323608,11,158679562.14873
9.521842956542969,76.329884,19.129999,-92.301819,2023-01-11,0.9838770031929016,11,158679562.140466
9.521745681762695,76.314055,15.130000114440918,-92.645752,2023-01-06,0.962680995464325,2,158208488.528014
9.521801948547363,76.315546,15.350000381469727,-91.910400390625,2023-01-11,0.974593997001648,6,158679561.702474
9.521666526794434,76.318568,17.59000015258789,-97.486343,2023-01-06,0.9699640274047852,1,158208488.846178
9.521717071533203,76.322766,11.720000267028809,-91.061928,2023-01-11,0.9836859703063965,8,158679562.119806
9.521425247192383,76.329578,21.829999923706055,-92.61050415039062,2023-01-11,0.9571409821510315,11,158679562.132202
9.521328926086426,76.31436157226562,10.069999694824219,-93.115593,2023-01-06,0.9547759890556335,2,158208488.536278
9.521382331848145,76.31523895263672,8.270000457763672,-92.382919,2023-01-11,0.953233003616333,6,158679561.69421
9.52130126953125,76.32245635986328,17.190001,-89.67218017578125,2023-01-11,0.965038001537323,8,158679562.111542
9.521003723144531,76.329271,10.40999984741211,-93.263969,2023-01-11,0.966592013835907,11,158679562.123938
9.520909309387207,76.314667,18.649999618530273,-93.67107391357422,2023-01-06,0.9598180055618286,2,158208488.544542
9.520965576171875,76.314934,14.789999961853027,-92.432549,2023-01-11,0.9827550053596497,6,158679561.685946
9.520881652832031,76.322154,13.550000190734863,-90.294067,2023-01-11,0.9712470173835754,8,158679562.103278
9.520722389221191,76.325942,10.550000190734863,-89.484169,2023-01-06,0.9629020094871521,0,158208488.982534
9.520549774169922,76.314629,17.709999,-91.967499,2023-01-11,0.980925977230072,6,158679561.677682
9.520589828491211,76.328966,18.5,-91.24512481689453,2023-01-11,0.979112982749939,11,158679562.115674
9.520464897155762,76.321849,14.5600004196167,-90.602211,2023-01-11,0.9804660081863403,8,158679562.095014
9.52012825012207,76.314322,2.430000066757202,-92.51828002929688,2023-01-11,0.9518060088157654,6,158679561.669418
9.520170211791992,76.32865905761719,13.369999885559082,-90.4588851928711,2023-01-11,0.9569519758224487,11,158679562.10741
9.52004623413086,76.321543,12.430000305175781,-90.410553,2023-01-11,0.9541469812393188,8,158679562.08675
9.519713401794434,76.314017,13.260000228881836,-91.816948,2023-01-11,0.9783589839935303,6,158679561.661154
9.519627571105957,76.32123565673828,10.260000228881836,-90.746208,2023-01-11,0.9560850262641907,8,158679562.078486
9.51975154876709,76.32835388183594,10.710000038146973,-90.373001,2023-01-11,0.9566230177879333,11,158679562.099146
9.519295692443848,76.313711,21.270000457763672,-96.869751,2023-01-11,0.9888079762458801,6,158679561.65289
9.51915454864502,76.320406,16.809999,-91.90581512451172,2023-01-06,0.9580510258674622,1,158208488.895762
9.519209861755371,76.320931,11.380000114440918,-90.95116424560547,2023-01-11,0.9564020037651062,8,158679562.070222
9.51933479309082,76.328048,13.180000305175781,-89.954437,2023-01-11,0.9797670245170593,11,158679562.090882
9.518877029418945,76.313405,9.020000457763672,-91.755173,2023-01-11,0.9526249766349792,6,158679561.644625
9.518819808959961,76.316197,9.510000228881836,-92.436287,2023-01-06,0.964057981967926,2,158208488.585862
9.518500328063965,76.327437,13.890000343322754,-89.50889587402344,2023-01-11,0.9837689995765686,11,158679562.074354
9.518375396728516,76.320319,10.859999656677246,-91.196098,2023-01-11,0.9849290251731873,8,158679562.053694
9.518319129943848,76.321018,13.510000228881836,-92.033081,2023-01-06,0.9566180109977722,1,158208488.91229
9.518083572387695,76.327131,20.709999,-89.910431,2023-01-11,0.9643629789352417,11,158679562.06609
9.518040657043457,76.312792,7.260000228881836,-92.208778,2023-01-11,0.9620959758758545,6,158679561.628093
9.51795768737793,76.320013,14.260000228881836,-91.803947,2023-01-11,0.95448899269104,8,158679562.04543
9.517622947692871,76.312486,7.21999979019165,-91.979889,2023-01-11,0.9500370025634766,6,158679561.619827
9.517664909362793,76.326825,15.199999809265137,-89.777527,2023-01-11,0.9818810224533081,11,158679562.057826
9.51754093170166,76.319708,24.940001,-99.96522521972656,2023-01-11,0.9895709753036499,8,158679562.037166
9.517204284667969,76.31217956542969,4.119999885559082,-93.743759,2023-01-11,0.9645940065383911,6,158679561.611561
9.51724624633789,76.326519,10.630000114440918,-89.71509552001953,2023-01-11,0.9770640134811401,11,158679562.049562
9.517123222351074,76.319402,16.440001,-92.20228576660156,2023-01-11,0.9546570181846619,8,158679562.028902
9.516707420349121,76.319097,21.760000228881836,-91.980698,2023-01-11,0.9639419913291931,8,158679562.020638
9.516827583312988,76.326213,10.369999885559082,-90.122711,2023-01-11,0.9703069925308228,11,158679562.041298
9.516227722167969,76.322546,6.320000171661377,-91.407173,2023-01-06,0.9549710154533386,1,158208488.95361
9.516408920288086,76.325907,8.050000190734863,-89.928238,2023-01-11,0.9922040104866028,11,158679562.033034
9.515993118286133,76.325602,14.300000190734863,-91.116341,2023-01-11,0.9878280162811279,11,158679562.02477
9.515871047973633,76.318485,19.510000228881836,-91.706032,2023-01-11,0.9807069897651672,8,158679562.00411
9.515575408935547,76.325296,11.119999885559082,-90.672127,2023-01-11,0.9851449728012085,11,158679562.016506
9.515453338623047,76.318179,18.56999969482422,-92.05189514160156,2023-01-11,0.9603599905967712,8,158679561.995846
9.515475273132324,76.318647,9.319999694824219,-92.072983,2023-01-06,0.9599729776382446,2,158208488.651974
9.515156745910645,76.32498931884766,11.15999984741211,-90.92449951171875,2023-01-11,0.9814209938049316,11,158679562.008242
9.515034675598145,76.317873,18.270000457763672,-92.208687,2023-01-11,0.9802820086479187,8,158679561.987582
9.514739990234375,76.3246841430664,13.550000190734863,-90.796059,2023-01-11,0.9822400212287903,11,158679561.999978
9.514616966247559,76.317567,15.539999961853027,-92.07403564453125,2023-01-11,0.9590970277786255,8,158679561.979318
9.514199256896973,76.317262,17.219999,-91.976021,2023-01-11,0.9804660081863403,8,158679561.971054
9.51422119140625,76.31956481933594,10.260000228881836,-92.876167,2023-01-06,0.9665970206260681,2,158208488.676766
9.514323234558105,76.324379,17.75,-90.82313537597656,2023-01-11,0.979433000087738,11,158679561.991714
9.513779640197754,76.316955,11.720000267028809,-92.04767608642578,2023-01-11,0.9755610227584839,8,158679561.96279
9.513903617858887,76.324073,11.829999923706055,-90.879272,2023-01-11,0.9814249873161316,11,158679561.98345
9.513483047485352,76.31342315673828,8.680000305175781,-92.19083404541016,2023-01-06,0.9711120128631592,3,158208488.573466
9.513362884521484,76.316650390625,13.59000015258789,-92.025238,2023-01-11,0.9770410060882568,8,158679561.954526
9.513486862182617,76.323767,13.670000076293945,-90.707298,2023-01-11,0.9848170280456543,11,158679561.975186
9.513069152832031,76.323461,13.850000381469727,-91.46986389160156,2023-01-11,0.9830830097198486,11,158679561.966922
9.51306438446045,76.313727,12.279999732971191,-92.503891,2023-01-06,0.988772988319397,3,158208488.58173
9.512946128845215,76.316344,15.649999618530273,-91.515083,2023-01-11,0.9865769743919373,8,158679561.946262
9.512781143188477,76.33174133300781,12.460000038146973,-96.705673,2023-01-06,0.9568679928779602,0,158208489.13955
9.512651443481445,76.323155,13.289999961853027,-91.372429,2023-01-11,0.9844170212745667,11,158679561.958658
9.512528419494629,76.316038,15.3100004196167,-92.11336517333984,2023-01-11,0.9512709975242615,8,158679561.937998
9.512462615966797,76.325296,9.0600004196167,-92.236053,2023-01-06,0.957755982875824,1,158208489.027986
9.512227058410645,76.31433868408203,12.130000114440918,-91.494339,2023-01-06,0.9703490138053894,3,158208488.598258
9.512234687805176,76.3228530883789,16.059999,-90.678146,2023-01-11,0.9834719896316528,11,158679561.950394
9.512109756469727,76.315732,15.279999732971191,-91.803955078125,2023-01-11,0.9577490091323853,8,158679561.929734
9.51181697845459,76.322544,16.700001,-90.252068,2023-01-11,0.9861189723014832,11,158679561.94213
9.511693000793457,76.315427,18.309999,-95.934669,2023-01-11,0.9904590249061584,8,158679561.92147
9.511296272277832,76.321708,7.639999866485596,-91.07310485839844,2023-01-06,0.9629520177841187,2,158208488.734614
9.511399269104004,76.322238,15.84000015258789,-90.989548,2023-01-11,0.9778310060501099,11,158679561.933866
9.510856628417969,76.314815,13.180000305175781,-90.9297103881836,2023-01-11,0.9851490259170532,8,158679561.904942
9.510876655578613,76.32201385498047,17.629999,-97.926208,2023-01-06,0.97919100522995,2,158208488.742878
9.510562896728516,76.321626,12.170000076293945,-91.4998550415039,2023-01-11,0.9881410002708435,11,158679561.917338
9.510438919067383,76.314509,12.770000457763672,-91.385048,2023-01-11,0.9843800067901611,8,158679561.896678
9.510372161865234,76.326823,9.430000305175781,-90.65237426757812,2023-01-06,0.9521660208702087,1,158208489.069306
9.510146141052246,76.321321,13.479999542236328,-91.87971496582031,2023-01-11,0.9753919839859009,11,158679561.909074
9.510021209716797,76.314203,8.5,-91.10639953613281,2023-01-11,0.970058023929596,8,158679561.888414
9.510042190551758,76.322626,7.21999979019165,-91.968674,2023-01-06,0.9526119828224182,2,158208488.759406
9.509719848632812,76.316176,8.760000228881836,-91.794884,2023-01-06,0.96840500831604,3,158208488.647842
9.509729385375977,76.321015,16.700001,-91.983719,2023-01-11,0.9875079989433289,11,158679561.90081
9.509303092956543,76.316482,7.300000190734863,-92.57735443115234,2023-01-06,0.9758380055427551,3,158208488.656106
9.50931167602539,76.320709,18.719999,-92.05884552001953,2023-01-11,0.9611679911613464,11,158679561.892546
9.509182929992676,76.313591,2.7300000190734863,-91.85821533203125,2023-01-11,0.9585670232772827,8,158679561.871886
9.50888442993164,76.316788,9.130000114440918,-92.656883,2023-01-06,0.9543750286102295,3,158208488.66437
9.508893013000488,76.320403,13.890000343322754,-92.414131,2023-01-11,0.9889649748802185,11,158679561.884282
9.508788108825684,76.323544,8.869999885559082,-92.3893051147461,2023-01-06,0.9627749919891357,2,158208488.784198
9.508476257324219,76.320098,15.800000190734863,-91.767281,2023-01-11,0.97639000415802,11,158679561.876018
9.508369445800781,76.323851,12.649999618530273,-92.484543,2023-01-06,0.950078010559082,2,158208488.792462
9.508049011230469,76.31739807128906,6.510000228881836,-90.864212,2023-01-06,0.9559630155563354,3,158208488.680898
9.508058547973633,76.319792,16.549999,-91.569817,2023-01-11,0.9797859787940979,11,158679561.867754
9.50794792175293,76.324158,20.440001,-91.336906,2023-01-06,0.9604989886283875,2,158208488.800726
9.507631301879883,76.317706,7.070000171661377,-92.876541,2023-01-06,0.9576429724693298,3,158208488.689162
9.507640838623047,76.319486,15.460000038146973,-92.036362,2023-01-11,0.957768976688385,11,158679561.85949
9.507223129272461,76.31918334960938,16.209999,-91.943169,2023-01-11,0.9911530017852783,11,158679561.851226
9.506807327270508,76.318875,19.959999,-92.41112518310547,2023-01-11,0.9586910009384155,11,158679561.842962
9.506387710571289,76.318569,16.889999,-92.1354751586914,2023-01-11,0.9801779985427856,11,158679561.834698
9.50627613067627,76.325382,14.75,-92.04690551757812,2023-01-06,0.9592869877815247,2,158208488.833782
9.505969047546387,76.318262,11.34000015258789,-90.63512420654297,2023-01-11,0.9623029828071594,11,158679561.826434
9.505958557128906,76.318931,9.579999923706055,-92.670837,2023-01-06,0.9584670066833496,3,158208488.722218
9.505859375,76.325687,8.119999885559082,-91.109993,2023-01-06,0.9883649945259094,2,158208488.842046
9.505552291870117,76.317957,14.149999618530273,-91.754547,2023-01-11,0.9846619963645935,11,158679561.81817
9.505537033081055,76.319239,23.18000030517578,-93.869102,2023-01-06,0.9632229804992676,3,158208488.730482
9.505134582519531,76.317651,13.329999923706055,-91.543793,2023-01-11,0.9806399941444397,11,158679561.809906
9.50512409210205,76.319543,7.260000228881836,-92.940842,2023-01-06,0.9629120230674744,3,158208488.738746
9.504717826843262,76.31734466552734,15.649999618530273,-91.430679,2023-01-11,0.9836050271987915,11,158679561.801642
9.504602432250977,76.326607,13.65999984741211,-89.130592,2023-01-06,0.9638329744338989,2,158208488.866838
9.50429916381836,76.317039,13.180000305175781,-91.345108,2023-01-11,0.9838619828224182,11,158679561.793378
9.504286766052246,76.320155,9.579999923706055,-92.487518,2023-01-06,0.9547430276870728,3,158208488.755274
9.50418472290039,76.326912,8.979999542236328,-91.319252,2023-01-06,0.9524120092391968,2,158208488.875102
9.50387954711914,76.316733,7.489999771118164,-91.729767,2023-01-11,0.9602000117301941,11,158679561.785114
9.50386905670166,76.320461,11.3100004196167,-93.35346984863281,2023-01-06,0.9529740214347839,3,158208488.763538
9.503462791442871,76.316427,7.340000152587891,-91.55482482910156,2023-01-11,0.9856200218200684,11,158679561.77685
9.503451347351074,76.320767,7.070000171661377,-92.813873,2023-01-06,0.9528120160102844,3,158208488.771802
9.50316333770752,76.338778,9.770000457763672,-92.276314,2023-01-06,0.9619460105895996,0,158208489.329652
9.503046989440918,76.316122,9.65999984741211,-88.244629,2023-01-11,0.9582890272140503,11,158679561.768586
9.502742767333984,76.339085,13.319999694824219,-90.606697,2023-01-06,0.968500018119812,0,158208489.337918
9.502628326416016,76.315816,9.210000038146973,-90.826599,2023-01-11,0.979066014289856,11,158679561.760322
9.502324104309082,76.339392,15.829999923706055,-93.54999542236328,2023-01-06,0.969245970249176,0,158208489.346184
9.502209663391113,76.31551361083984,6.769999980926514,-91.263893,2023-01-11,0.9844729900360107,11,158679561.752058
9.501358985900879,76.322298,10.59000015258789,-91.209969,2023-01-06,0.9563850164413452,3,158208488.813122
9.50093936920166,76.322605,16.620001,-92.478409,2023-01-06,0.9552159905433655,3,158208488.821386
9.499811172485352,76.341231,13.739999771118164,-91.145828,2023-01-06,0.9583969712257385,0,158208489.39578
9.499686241149902,76.323522,8.529999732971191,-92.817352,2023-01-06,0.9516029953956604,3,158208488.846178
9.498847007751465,76.32413482666016,16.620001,-91.80014038085938,2023-01-06,0.9630749821662903,3,158208488.862706
9.498431205749512,76.3244400024414,7.860000133514404,-91.62215423583984,2023-01-06,0.9708470106124878,3,158208488.87097
9.49800968170166,76.324747,16.170000076293945,-92.205383,2023-01-06,0.97080397605896,3,158208488.879234
9.497173309326172,76.325359,15.09000015258789,-90.39888000488281,2023-01-06,0.9575260281562805,3,158208488.895762
9.496874809265137,76.343377,25.90999984741211,-96.753448,2023-01-06,0.9659810066223145,0,158208489.453638
9.496336936950684,76.32597351074219,12.319999694824219,-93.39505004882812,2023-01-06,0.9829480051994324,3,158208488.91229
9.496041297912598,76.343988,8.3100004196167,-92.029373,2023-01-06,0.9584019780158997,0,158208489.470166
9.494784355163574,76.344907,7.179999828338623,-91.612762,2023-01-06,0.9617570042610168,0,158208489.494958
9.49227237701416,76.346746,10.670000076293945,-94.044968,2023-01-06,0.953262984752655,0,158208489.544542
9.49196720123291,76.340285,8.010000228881836,-91.672737,2023-01-06,0.9858629703521729,1,158208489.432977
9.491756439208984,76.319121,8.90999984741211,-83.4323501586914,2023-01-06,0.9515789747238159,5,158208489.251125
9.491545677185059,76.340592,20.030001,-99.16083526611328,2023-01-06,0.9699810147285461,1,158208489.441242
9.490921974182129,76.319732,9.470000267028809,-92.000908,2023-01-06,0.9538649916648865,5,158208489.267657
9.490503311157227,76.320039,5.909999847412109,-85.38677978515625,2023-01-06,0.9574810266494751,5,158208489.275923
9.4888334274292,76.321262,2.9200000762939453,-92.8646240234375,2023-01-06,0.9555320143699646,5,158208489.308987
9.488712310791016,76.338216,6.619999885559082,-89.91584014892578,2023-01-06,0.9511510133743286,2,158208489.18087
9.487874984741211,76.338829,13.140000343322754,-90.47925567626953,2023-01-06,0.9649490118026733,2,158208489.197398
9.48757553100586,76.322183,5.539999961853027,-89.7244644165039,2023-01-06,0.9631680250167847,5,158208489.333785
9.487357139587402,76.343656,11.380000114440918,-92.620232,2023-01-06,0.9529150128364563,1,158208489.523882
9.487264633178711,76.350428,5.159999847412109,-94.818283,2023-01-06,0.9544770121574402,0,158208489.64371
9.487157821655273,76.3224868774414,7.630000114440918,-92.466629,2023-01-06,0.9820770025253296,5,158208489.342051
9.486939430236816,76.343962,9.579999923706055,-92.850433,2023-01-06,0.9569230079650879,1,158208489.532146
9.486739158630371,76.322796,8.829999923706055,-92.555893,2023-01-06,0.9817969799041748,5,158208489.350317
9.486202239990234,76.340052,14.680000305175781,-90.8659439086914,2023-01-06,0.9659339785575867,2,158208489.23046
9.48590087890625,76.32341003417969,11.569999694824219,-92.53071594238281,2023-01-06,0.9767910242080688,5,158208489.366849
9.485264778137207,76.345188,11.229999542236328,-92.907242,2023-01-06,0.9545140266418457,1,158208489.565202
9.484643936157227,76.32433319091797,13.0600004196167,-92.465973,2023-01-06,0.9857050180435181,5,158208489.391647
9.484530448913574,76.341277,13.890000343322754,-90.794312,2023-01-06,0.9580159783363342,2,158208489.263524
9.484227180480957,76.324635,6.059999942779541,-92.349678,2023-01-06,0.9750400185585022,5,158208489.399913
9.483807563781738,76.324941,6.739999771118164,-92.3660659790039,2023-01-06,0.9670940041542053,5,158208489.408179
9.48369312286377,76.341889,15.239999771118164,-92.19795989990234,2023-01-06,0.9850450158119202,2,158208489.280056
9.48338794708252,76.325248,9.510000228881836,-91.872368,2023-01-06,0.9740970134735107,5,158208489.416445
9.483177185058594,76.346723,10.25,-92.9281997680664,2023-01-06,0.9876829981803894,1,158208489.606522
9.482969284057617,76.325555,10.520000457763672,-92.18922424316406,2023-01-06,0.9684730172157288,5,158208489.424711
9.482856750488281,76.342502,12.199999809265137,-91.630638,2023-01-06,0.9748079776763916,2,158208489.296588
9.482439994812012,76.342807,7.929999828338623,-91.120842,2023-01-06,0.9529150128364563,2,158208489.304854
9.482366561889648,76.319323,2.430000066757202,-94.91114044189453,2023-01-06,0.9718970060348511,6,158208489.321386
9.482131004333496,76.326168,9.770000457763672,-92.064117,2023-01-06,0.9774709939956665,5,158208489.441241
9.48202133178711,76.343114,8.800000190734863,-92.200142,2023-01-06,0.953931987285614,2,158208489.31312
9.481947898864746,76.31963348388672,2.4700000286102295,-94.66057586669922,2023-01-06,0.9638429880142212,6,158208489.329652
9.48171329498291,76.326473,5.869999885559082,-92.2012939453125,2023-01-06,0.9666969776153564,5,158208489.449505
9.481510162353516,76.347951,9.65999984741211,-92.504478,2023-01-06,0.9772859811782837,1,158208489.639578
9.481292724609375,76.3267822265625,8.869999885559082,-92.229362,2023-01-06,0.9885749816894531,5,158208489.457769
9.48087215423584,76.327088,13.8100004196167,-91.881248,2023-01-06,0.9859099984169006,5,158208489.466033
9.480676651000977,76.348566,15.460000038146973,-95.15816497802734,2023-01-06,0.9617339968681335,1,158208489.656106
9.480688095092773,76.320552,13.399999618530273,-91.597427,2023-01-06,0.950531005859375,6,158208489.35445
9.48027229309082,76.320857,6.46999979019165,-91.603508,2023-01-06,0.9826509952545166,6,158208489.362716
9.480452537536621,76.327394,14.640000343322754,-91.76485443115234,2023-01-06,0.987529993057251,5,158208489.474297
9.480034828186035,76.32769775390625,11.380000114440918,-91.600731,2023-01-06,0.9524359703063965,5,158208489.482561
9.479850769042969,76.321166,15.720000267028809,-92.29571533203125,2023-01-06,0.9804250001907349,6,158208489.370982
9.479615211486816,76.328007,14.449999809265137,-91.054764,2023-01-06,0.9670950174331665,5,158208489.490825
9.479434967041016,76.32147216796875,4.679999828338623,-90.256554,2023-01-06,0.9624720215797424,6,158208489.379248
9.479427337646484,76.349488,17.559999,-95.09881591796875,2023-01-06,0.9518889784812927,1,158208489.680898
9.479193687438965,76.338499,9.210000038146973,-89.767326,2023-01-06,0.9658589959144592,3,158208489.251125
9.478669166564941,76.345567,18.530001,-91.171013,2023-01-06,0.964464008808136,2,158208489.379248
9.478595733642578,76.322084,8.350000381469727,-91.635612,2023-01-06,0.9765530228614807,6,158208489.39578
9.478513717651367,76.356875,4.449999809265137,-95.072769,2023-01-06,0.9595710039138794,0,158208489.817254
9.47835922241211,76.328925,6.019999980926514,-87.252739,2023-01-06,0.979423999786377,5,158208489.515617
9.47817611694336,76.322391,15.15999984741211,-92.67391967773438,2023-01-06,0.9556390047073364,6,158208489.404046
9.477940559387207,76.329232,9.319999694824219,-90.832268,2023-01-06,0.9672480225563049,5,158208489.523881
9.477521896362305,76.329538,8.529999732971191,-90.35371398925781,2023-01-06,0.9818459749221802,5,158208489.532145
9.477520942687988,76.339724,9.470000267028809,-91.339073,2023-01-06,0.9703320264816284,3,158208489.284189
9.477338790893555,76.323003,10.220000267028809,-92.334007,2023-01-06,0.9889640212059021,6,158208489.420578
9.477104187011719,76.329845,9.210000038146973,-90.885384,2023-01-06,0.9708150029182434,5,158208489.540409
9.47691822052002,76.323311,14.970000267028809,-92.452164,2023-01-06,0.9835969805717468,6,158208489.428844
9.4766845703125,76.330151,10.25,-90.67119598388672,2023-01-06,0.9872869849205017,5,158208489.548673
9.47657585144043,76.347098,11.899999618530273,-92.675797,2023-01-06,0.9659759998321533,2,158208489.420578
9.476659774780273,76.306958,2.4700000286102295,-94.966248,2023-01-06,0.9524329900741577,11,158208489.561069
9.47650146484375,76.32361602783203,10.260000228881836,-92.659241,2023-01-06,0.9822570085525513,6,158208489.437109
9.476266860961914,76.330457,8.3100004196167,-91.417931,2023-01-06,0.9524800181388855,5,158208489.556937
9.476080894470215,76.323923,11.380000114440918,-92.350594,2023-01-06,0.9876689910888672,6,158208489.445373
9.475849151611328,76.33076477050781,10.109999656677246,-91.42119598388672,2023-01-06,0.9862920045852661,5,158208489.565201
9.475846290588379,76.34095001220703,14.859999656677246,-90.910347,2023-01-06,0.9667440056800842,3,158208489.317253
9.475737571716309,76.34770965576172,11.420000076293945,-92.060791,2023-01-06,0.9800400137901306,2,158208489.43711
9.475662231445312,76.324229,10.220000267028809,-92.07555389404297,2023-01-06,0.9754549860954285,6,158208489.453637
9.47542953491211,76.331072,11.789999961853027,-90.77962493896484,2023-01-06,0.9744200110435486,5,158208489.573465
9.475427627563477,76.341256,12.619999885559082,-89.718071,2023-01-06,0.9731730222702026,3,158208489.325519
9.475318908691406,76.348017,11.1899995803833,-92.746498,2023-01-06,0.9502559900283813,2,158208489.445374
9.47524356842041,76.324534,6.139999866485596,-92.170441,2023-01-06,0.9862599968910217,6,158208489.461901
9.475010871887207,76.341562,6.590000152587891,-89.301628,2023-01-06,0.9506980180740356,3,158208489.333785
9.474822998046875,76.324842,13.890000343322754,-92.981689,2023-01-06,0.9798129796981812,6,158208489.470165
9.474595069885254,76.331685,10.4399995803833,-90.708542,2023-01-06,0.9721140265464783,5,158208489.589993
9.474591255187988,76.341869,11.34000015258789,-90.12884521484375,2023-01-06,0.9791749715805054,3,158208489.342051
9.474404335021973,76.325148,14.109999656677246,-93.55706024169922,2023-01-06,0.9557769894599915,6,158208489.478429
9.474177360534668,76.331992,11.489999771118164,-90.8033447265625,2023-01-06,0.9796929955482483,5,158208489.598257
9.47417163848877,76.342176,13.850000381469727,-90.58320617675781,2023-01-06,0.961982011795044,3,158208489.350317
9.47406005859375,76.348936,14.380000114440918,-92.582809,2023-01-06,0.9746130108833313,2,158208489.470166
9.473983764648438,76.32545471191406,16.549999,-93.013771,2023-01-06,0.9798719882965088,6,158208489.486693
9.473759651184082,76.3322982788086,19.649999618530273,-97.854858,2023-01-06,0.9901750087738037,5,158208489.606521
9.473753929138184,76.342482,9.729999542236328,-89.8477554321289,2023-01-06,0.9570840001106262,3,158208489.358583
9.473567008972168,76.32575988769531,10.630000114440918,-92.42794036865234,2023-01-06,0.9584140181541443,6,158208489.494957
9.473335266113281,76.342788,10.479999542236328,-90.420273,2023-01-06,0.9664829969406128,3,158208489.366849
9.473221778869629,76.349549,14.899999618530273,-92.677498,2023-01-06,0.9554049968719482,2,158208489.486694
9.473150253295898,76.326066,5.989999771118164,-93.5908203125,2023-01-06,0.9562829732894897,6,158208489.503221
9.472926139831543,76.332914,15.119999885559082,-91.68584442138672,2023-01-06,0.9753190279006958,5,158208489.623049
9.47280502319336,76.349854,8.3100004196167,-93.34379577636719,2023-01-06,0.9553729891777039,2,158208489.494958
9.47272777557373,76.326374,10.260000228881836,-89.81261444091797,2023-01-06,0.9797499775886536,6,158208489.511485
9.472497940063477,76.343401,8.5,-90.343163,2023-01-06,0.9517229795455933,3,158208489.383381
9.472382545471191,76.350162,19.989999771118164,-93.891983,2023-01-06,0.9522960186004639,2,158208489.503222
9.472311019897461,76.326679,7.670000076293945,-93.32518005371094,2023-01-06,0.9828959703445435,6,158208489.519749
9.472092628479004,76.333528,14.220000267028809,-93.127022,2023-01-06,0.9535459876060486,5,158208489.639577
9.472078323364258,76.343708,13.739999771118164,-90.266617,2023-01-06,0.9769409894943237,3,158208489.391647
9.471892356872559,76.326986,12.050000190734863,-93.754639,2023-01-06,0.9810320138931274,6,158208489.528013
9.471471786499023,76.327294,17.149999618530273,-93.229767,2023-01-06,0.9604030251502991,6,158208489.536277
9.471263885498047,76.33413696289062,2.799999952316284,-93.528648,2023-01-06,0.9642789959907532,5,158208489.656105
9.471055030822754,76.327599,10.630000114440918,-92.916061,2023-01-06,0.9586759805679321,6,158208489.544541
9.470843315124512,76.3344497680664,16.059999,-92.420433,2023-01-06,0.9861249923706055,5,158208489.664369
9.470821380615234,76.344627,13.779999732971191,-91.22137451171875,2023-01-06,0.9577630162239075,3,158208489.416445
9.470635414123535,76.327907,15.979999542236328,-92.68053436279297,2023-01-06,0.9794809818267822,6,158208489.552805
9.470426559448242,76.334758,12.989999771118164,-89.016747,2023-01-06,0.97878497838974,5,158208489.672633
9.47021484375,76.328215,20.59000015258789,-92.293068,2023-01-06,0.959168016910553,6,158208489.561069
9.470011711120605,76.335065,13.770000457763672,-92.094437,2023-01-06,0.9807339906692505,5,158208489.680897
9.469983100891113,76.345239,13.369999885559082,-91.34259033203125,2023-01-06,0.9609289765357971,3,158208489.432977
9.46979808807373,76.328521,17.260000228881836,-92.741852,2023-01-06,0.9793429970741272,6,158208489.569333
9.469565391540527,76.345545,8.649999618530273,-91.55035400390625,2023-01-06,0.958420991897583,3,158208489.441242
9.469380378723145,76.328828,18.639999,-92.57929992675781,2023-01-06,0.9587950110435486,6,158208489.577597
9.469453811645508,76.352307,17.34000015258789,-94.311996,2023-01-06,0.9553139805793762,2,158208489.56107
9.469179153442383,76.335679,12.6899995803833,-91.063263,2023-01-06,0.9803379774093628,5,158208489.697425
9.468962669372559,76.329134,16.209999,-92.875267,2023-01-06,0.9577109813690186,6,158208489.585861
9.46876335144043,76.335986,12.279999732971191,-90.824051,2023-01-06,0.9794350266456604,5,158208489.705689
9.46872615814209,76.346158,12.84000015258789,-92.413681,2023-01-06,0.9698969721794128,3,158208489.45777
9.468308448791504,76.346464,7.340000152587891,-92.35099029541016,2023-01-06,0.958283007144928,3,158208489.466034
9.467930793762207,76.336601,10.369999885559082,-90.89326477050781,2023-01-06,0.9519360065460205,5,158208489.722217
9.467886924743652,76.346771,13.670000076293945,-91.68043518066406,2023-01-06,0.9666939973831177,3,158208489.474298
9.467713356018066,76.330054,10.4399995803833,-92.55418395996094,2023-01-06,0.9791060090065002,6,158208489.610653
9.467514991760254,76.336908,10.970000267028809,-90.362801,2023-01-06,0.9766979813575745,5,158208489.730481
9.46729564666748,76.330361,10.029999732971191,-91.903091,2023-01-06,0.9704059958457947,6,158208489.618917
9.467097282409668,76.337216,16.65999984741211,-90.535889,2023-01-06,0.9537060260772705,5,158208489.738745
9.466682434082031,76.337522,9.359999656677246,-91.201172,2023-01-06,0.95203697681427,5,158208489.747009
9.466463088989258,76.330975,7.96999979019165,-91.122513,2023-01-06,0.976514995098114,6,158208489.635445
9.466262817382812,76.33782958984375,17.889999,-90.40079498291016,2023-01-06,0.9541360139846802,5,158208489.755273
9.466046333312988,76.331283,9.960000038146973,-91.07413482666016,2023-01-06,0.9792299866676331,6,158208489.643709
9.465847969055176,76.338137,12.579999923706055,-89.952011,2023-01-06,0.9827100038528442,5,158208489.763537
9.465628623962402,76.33158874511719,10.850000381469727,-90.77960968017578,2023-01-06,0.9768519997596741,6,158208489.651973
9.465431213378906,76.338443,13.0600004196167,-90.780998,2023-01-06,0.9521840214729309,5,158208489.771801
9.465373039245605,76.3486099243164,19.770000457763672,-94.478798,2023-01-06,0.9639009833335876,3,158208489.523882
9.465213775634766,76.331897,7.96999979019165,-90.60966491699219,2023-01-06,0.982105016708374,6,158208489.660237
9.464954376220703,76.348916,19.360001,-93.8489761352539,2023-01-06,0.9577789902687073,3,158208489.532146
9.46459674835205,76.339056,11.34000015258789,-90.368462,2023-01-06,0.9602969884872437,5,158208489.788329
9.464381217956543,76.332512,10.220000267028809,-91.338531,2023-01-06,0.9753320217132568,6,158208489.676765
9.463964462280273,76.33281707763672,11.680000305175781,-91.162003,2023-01-06,0.9766640067100525,6,158208489.685029
9.463602066040039,76.323139,2.390000104904175,-95.146858,2023-01-06,0.9505900144577026,8,158208489.937081
9.463547706604004,76.333127,11.1899995803833,-91.48556518554688,2023-01-06,0.9513689875602722,6,158208489.693293
9.46334457397461,76.339975,7.179999828338623,-90.196747,2023-01-06,0.9747740030288696,5,158208489.813121
9.463282585144043,76.350141,10.029999732971191,-92.96500396728516,2023-01-06,0.9592429995536804,3,158208489.565202
9.46313190460205,76.333434,11.039999961853027,-90.789711,2023-01-06,0.9876629710197449,6,158208489.701557
9.46292495727539,76.340282,12.90999984741211,-90.377029,2023-01-06,0.9807739853858948,5,158208489.821385
9.462715148925781,76.333742,10.890000343322754,-87.98408508300781,2023-01-06,0.9586939811706543,6,158208489.709821
9.462506294250488,76.340589,14.149999618530273,-89.975243,2023-01-06,0.9905030131340027,5,158208489.829649
9.462343215942383,76.324056,2.5399999618530273,-95.0992660522461,2023-01-06,0.959991991519928,8,158208489.961873
9.462299346923828,76.334049,15.350000381469727,-91.33488464355469,2023-01-06,0.9635559916496277,6,158208489.718085
9.461883544921875,76.334356,11.119999885559082,-91.465919,2023-01-06,0.9895889759063721,6,158208489.726349
9.461668014526367,76.34120178222656,12.579999923706055,-90.07542419433594,2023-01-06,0.9837300181388855,5,158208489.846177
9.461504936218262,76.324667,3.509999990463257,-95.151253,2023-01-06,0.9608960151672363,8,158208489.978401
9.461464881896973,76.334664,19.620001,-92.35675048828125,2023-01-06,0.9627590179443359,6,158208489.734613
9.46104907989502,76.334971,18.309999,-92.105301,2023-01-06,0.9823160171508789,6,158208489.742877
9.461124420166016,76.358447,2.430000066757202,-95.269119,2023-01-06,0.9585440158843994,2,158208489.72635
9.460829734802246,76.341812,11.489999771118164,-90.627869,2023-01-06,0.9679949879646301,5,158208489.862705
9.46066665649414,76.325279,2.5,-92.760651,2023-01-06,0.9502639770507812,8,158208489.994929
9.460634231567383,76.335277,11.449999809265137,-92.5765151977539,2023-01-06,0.965362012386322,6,158208489.751141
9.460412979125977,76.342117,7.110000133514404,-90.955482,2023-01-06,0.9797509908676147,5,158208489.870969
9.460241317749023,76.325591,24.18000030517578,-92.435318,2023-01-06,0.9549760222434998,8,158208490.003193
9.460221290588379,76.335582,2.5,-93.337334,2023-01-06,0.9581360220909119,6,158208489.759405
9.459992408752441,76.342423,11.9399995803833,-90.414871,2023-01-06,0.9765070080757141,5,158208489.879233
9.459821701049805,76.325897,26.389999,-92.422928,2023-01-06,0.9553920030593872,8,158208490.011457
9.459800720214844,76.335891,12.6899995803833,-93.022949,2023-01-06,0.9552220106124878,6,158208489.767669
9.459572792053223,76.342728,8.569999694824219,-90.451912,2023-01-06,0.9682350158691406,5,158208489.887497
9.459403991699219,76.326203,25.0,-92.421356,2023-01-06,0.96247798204422,8,158208490.019721
9.459385871887207,76.336195,2.880000114440918,-92.98995971679688,2023-01-06,0.9539700150489807,6,158208489.775933
9.458966255187988,76.336505,13.8100004196167,-92.45083618164062,2023-01-06,0.9634320139884949,6,158208489.784197
9.459040641784668,76.359982,2.4700000286102295,-95.39847564697266,2023-01-06,0.9714699983596802,2,158208489.76767
9.458989143371582,76.326506,14.5600004196167,-92.154442,2023-01-06,0.9595590233802795,8,158208490.027985
9.458733558654785,76.34333801269531,9.0600004196167,-90.63650512695312,2023-01-06,0.9817219972610474,5,158208489.904025
9.458572387695312,76.326811,13.0600004196167,-92.904877,2023-01-06,0.9536510109901428,8,158208490.036249
9.458547592163086,76.336811,13.630000114440918,-92.156174,2023-01-06,0.9575600028038025,6,158208489.792461
9.458155632019043,76.327116,8.529999732971191,-92.87823486328125,2023-01-06,0.9828429818153381,8,158208490.044513
9.458130836486816,76.337117,9.319999694824219,-91.701469,2023-01-06,0.9578850269317627,6,158208489.800725
9.457894325256348,76.343951,13.210000038146973,-91.415031,2023-01-06,0.9836009740829468,5,158208489.920553
9.45773696899414,76.327424,14.40999984741211,-93.54664611816406,2023-01-06,0.9822409749031067,8,158208490.052777
9.45771312713623,76.337424,11.079999923706055,-91.44635009765625,2023-01-06,0.9846619963645935,6,158208489.808989
9.457473754882812,76.344257,11.529999732971191,-87.971191,2023-01-06,0.9793930053710938,5,158208489.928817
9.457292556762695,76.337731,16.579999923706055,-91.502632,2023-01-06,0.9833319783210754,6,158208489.817253
9.45705795288086,76.34455871582031,2.6500000953674316,-91.533043,2023-01-06,0.959326982498169,5,158208489.937081
9.456901550292969,76.328036,15.119999885559082,-93.070084,2023-01-06,0.9830679893493652,8,158208490.069305
9.45687484741211,76.338038,17.629999,-91.040932,2023-01-06,0.9569879770278931,6,158208489.825517
9.456635475158691,76.344868,14.859999656677246,-91.382881,2023-01-06,0.953702986240387,5,158208489.945345
9.4564847946167,76.328342,12.609999656677246,-93.25706481933594,2023-01-06,0.9779229760169983,8,158208490.077569
9.45645809173584,76.338342,10.520000457763672,-91.023201,2023-01-06,0.9656779766082764,6,158208489.833781
9.456218719482422,76.345172,5.119999885559082,-91.901756,2023-01-06,0.9883009791374207,5,158208489.953609
9.456068992614746,76.328647,9.5,-93.06866455078125,2023-01-06,0.9829970002174377,8,158208490.085833
9.456039428710938,76.338649,10.479999542236328,-90.070847,2023-01-06,0.9779769778251648,6,158208489.842045
9.45578384399414,76.355668,2.6500000953674316,-95.258919,2023-01-06,0.9508969783782959,3,158208489.713954
9.45565128326416,76.328954,9.539999961853027,-92.235901,2023-01-06,0.9875919818878174,8,158208490.094097
9.455620765686035,76.338954,7.519999980926514,-90.277481,2023-01-06,0.9812089800834656,6,158208489.850309
9.455378532409668,76.345784,10.59000015258789,-91.685112,2023-01-06,0.9788839817047119,5,158208489.970137
9.455368041992188,76.355975,2.7300000190734863,-95.304008,2023-01-06,0.9538509845733643,3,158208489.722218
9.455231666564941,76.329262,17.479999542236328,-92.70051574707031,2023-01-06,0.9842939972877502,8,158208490.102361
9.4552001953125,76.339261,15.050000190734863,-90.386803,2023-01-06,0.988614022731781,6,158208489.858573
9.4549560546875,76.346092,22.389999,-91.85670471191406,2023-01-06,0.961342990398407,5,158208489.978401
9.454816818237305,76.329567,10.029999732971191,-92.66395568847656,2023-01-06,0.9813129901885986,8,158208490.110625
9.454780578613281,76.339567,12.880000114440918,-90.24824523925781,2023-01-06,0.9872940182685852,6,158208489.866837
9.45453929901123,76.346397,18.75,-92.9622802734375,2023-01-06,0.9824709892272949,5,158208489.986665
9.454401016235352,76.329873,8.829999923706055,-92.9953842163086,2023-01-06,0.9793760180473328,8,158208490.118889
9.454362869262695,76.339871,6.960000038146973,-90.357841,2023-01-06,0.9775500297546387,6,158208489.875101
9.454119682312012,76.346702,17.889999,-93.689941,2023-01-06,0.9768149852752686,5,158208489.994929
9.453980445861816,76.330182,22.34000015258789,-93.85850524902344,2023-01-06,0.9832720160484314,8,158208490.127153
9.453943252563477,76.340178,10.4399995803833,-90.359398,2023-01-06,0.9825929999351501,6,158208489.883365
9.453563690185547,76.330488,18.34000015258789,-93.640213,2023-01-06,0.9567930102348328,8,158208490.135417
9.453522682189941,76.340483,10.779999732971191,-90.253311,2023-01-06,0.9864490032196045,6,158208489.891629
9.453701972961426,76.347008,16.700001,-93.34038543701172,2023-01-06,0.9619969725608826,5,158208490.003193
9.45328426361084,76.347314,16.360001,-93.109978,2023-01-06,0.9764649868011475,5,158208490.011457
9.453147888183594,76.330794,17.549999,-93.7380599975586,2023-01-06,0.9662330150604248,8,158208490.143681
9.453103065490723,76.34078979492188,14.220000267028809,-90.27334594726562,2023-01-06,0.954509973526001,6,158208489.899893
9.452868461608887,76.347618,8.380000114440918,-93.099442,2023-01-06,0.9596980214118958,5,158208490.019721
